time,main,fridge,freezer,washing_machine,dishwasher,television_site,microwave,kettle,hi-fi,electric_heater
2014-06-04 00:00:00,0.3367242152466368,0.0081367713004484,0.0283946188340807,0.0009865470852017,0.0,0.0,0.0162825112107623,0.00502466367713,0.0019775784753363,0.0
2014-06-04 01:00:00,0.7890986842105263,0.0091622807017543,0.019173245614035,0.0009517543859649,0.0,0.0,0.0161776315789473,0.0050153508771929,0.0019407894736842,0.0
2014-06-04 02:00:00,0.4892172949002217,0.0082350332594235,0.019880266075388,0.0009689578713968,0.0,0.0,0.0161796008869179,0.0080199556541019,0.0019534368070953,0.0
2014-06-04 03:00:00,0.9271511111111111,0.0029866666666666,0.0246177777777777,0.001,0.0,0.0,0.0161022222222222,0.0091133333333333,0.0019466666666666,0.0
2014-06-04 04:00:00,2.625062645011601,0.0047192575406032,0.0333294663573085,0.000983758700696,0.0,0.0,0.0162877030162412,0.0050348027842227,0.0019187935034802,0.0
2014-06-04 05:00:00,2.287894396551724,0.007551724137931,0.0209870689655172,0.0009375,0.0,0.0,0.0161681034482758,0.0050107758620689,0.0019073275862068,0.2106465517241379
2014-06-04 06:00:00,0.6555840517241379,0.0078405172413793,0.0254676724137931,0.0009137931034482,0.0,0.028364224137931,0.0160969827586206,0.0050193965517241,0.1383189655172413,0.0306120689655172
2014-06-04 07:00:00,0.1923612903225806,0.0075655913978494,0.019905376344086,0.0008236559139784,0.0,0.0,0.0160193548387096,0.005010752688172,0.001821505376344,0.0
2014-06-04 08:00:00,0.1939959016393442,0.0083770491803278,0.0197295081967213,0.0008709016393442,0.0,0.0,0.0160409836065573,0.0050040983606557,0.0017889344262295,0.0
2014-06-04 09:00:00,0.1940780590717299,0.0082784810126582,0.0323691983122362,0.0008459915611814,0.0,0.0,0.0161561181434599,0.0050316455696202,0.0018270042194092,0.0
2014-06-04 10:00:00,0.1949585687382297,0.0081129943502824,0.0278305084745762,0.0008323917137476,0.0,0.0,0.0161412429378531,0.0050188323917137,0.0018079096045197,0.0
2014-06-04 11:00:00,0.194268876611418,0.0085138121546961,0.0217108655616942,0.0008581952117863,0.0,0.0,0.0160165745856353,0.005012891344383,0.0018489871086556,0.0
2014-06-04 12:00:00,0.1883961165048543,0.0002990291262135,0.0232893203883495,0.000883495145631,0.0,0.0,0.016083495145631,0.0050116504854368,0.001852427184466,0.0
2014-06-04 13:00:00,0.1911650853889943,0.0071555977229601,0.0176717267552182,0.0008994307400379,0.0,0.0,0.0162277039848197,0.0050113851992409,0.0018842504743833,0.0
2014-06-04 14:00:00,0.1924623655913978,0.0071164874551971,0.0179390681003584,0.0009193548387096,0.0,0.0,0.0161523297491039,0.005021505376344,0.0018297491039426,0.0
2014-06-04 15:00:00,0.2504851657940663,0.0078464223385689,0.0224153577661431,0.0009371727748691,0.0,0.0,0.016153577661431,0.0106806282722513,0.0018150087260034,0.0690785340314136
2014-06-04 16:00:00,0.3198743455497382,0.0086457242582897,0.026848167539267,0.0009389179755671,0.0,0.0,0.0162076788830715,0.1369389179755672,0.0018883071553228,0.0
2014-06-04 17:00:00,0.3405487288135593,0.0074597457627118,0.0294851694915254,0.0008919491525423,0.0,0.0,0.0160550847457627,0.1329936440677966,0.0018262711864406,0.0
2014-06-04 18:00:00,0.4192203023758099,0.0081879049676025,0.0230561555075593,0.0009244060475161,0.0,0.0,0.0161879049676025,0.1361684665226782,0.0019028077753779,0.0
2014-06-04 19:00:00,0.6379671052631579,0.0101864035087719,0.0191754385964912,0.0009407894736842,0.0,0.0,0.0162368421052631,0.1326600877192982,0.0019078947368421,0.0
2014-06-04 20:00:00,0.82398755186722,0.0083879668049792,0.0184315352697095,0.0009398340248962,0.0,0.0,0.0161929460580912,0.1324958506224066,0.001863070539419,0.0
2014-06-04 21:00:00,0.5816535269709543,0.0019771784232365,0.0180207468879668,0.0009336099585062,0.001363070539419,0.0,0.0161867219917012,0.0320186721991701,0.0018941908713692,0.0
2014-06-04 22:00:00,0.3888366890380313,0.0062595078299776,0.020228187919463,0.0009709172259507,0.0018568232662192,0.0,0.0162841163310961,0.0050223713646532,0.0019530201342281,0.0
2014-06-04 23:00:00,0.3694922279792746,0.0132400690846286,0.0187858376511226,0.0009775474956822,0.0040120898100172,0.0,0.0162383419689119,0.0050103626943005,0.0019412780656303,0.0
2014-06-05 00:00:00,1.7395508771929824,0.009278947368421,0.0196087719298245,0.0009929824561403,1.2658807017543858,0.0,0.0162631578947368,0.0050263157894736,0.0019350877192982,0.0
2014-06-05 01:00:00,0.4221718213058419,0.0078522336769759,0.0245859106529209,0.001,0.0419037800687285,0.0,0.016360824742268,0.0050189003436426,0.0019381443298969,0.0
2014-06-05 02:00:00,0.3041210526315789,0.0078175438596491,0.0249526315789473,0.0009736842105263,0.0012666666666666,0.0,0.0163210526315789,0.0083421052631578,0.0019140350877192,0.0
2014-06-05 03:00:00,0.9989429065743944,0.006439446366782,0.0228840830449826,0.0009636678200692,0.6156159169550173,0.0,0.0161660899653979,0.0089411764705882,0.0019031141868512,0.0
2014-06-05 04:00:00,2.6917130281690143,0.0013697183098591,0.018213028169014,0.0009436619718309,0.0889383802816901,0.0,0.0162429577464788,0.0050246478873239,0.0018714788732394,0.0
2014-06-05 05:00:00,2.2675043177892915,0.0077720207253886,0.018167530224525,0.0007530224525043,0.6800759930915372,0.0,0.0158998272884283,0.0050120898100172,0.1062884283246977,0.0938169257340241
2014-06-05 06:00:00,1.386580701754386,0.0088105263157894,0.0226473684210526,0.0008912280701754,1.026521052631579,0.0309543859649122,0.0159333333333333,0.0050122807017543,0.0018473684210526,0.0
2014-06-05 07:00:00,0.2992121739130435,0.0087826086956521,0.0189252173913043,0.0008904347826086,0.045031304347826,0.0,0.0160365217391304,0.005015652173913,0.0018747826086956,0.0
2014-06-05 08:00:00,0.5229169741697417,0.0100682656826568,0.0185018450184501,0.0009446494464944,0.0,0.0,0.0158025830258302,0.0050276752767527,0.0018616236162361,0.1150258302583025
2014-06-05 09:00:00,0.2478767361111111,0.0087795138888888,0.0191597222222222,0.0009600694444444,0.0,0.0,0.015203125,0.0050260416666666,0.0018854166666666,0.0492586805555555
2014-06-05 10:00:00,0.1927717770034843,0.0102195121951219,0.0208658536585365,0.0009703832752613,0.0,0.0,0.0151829268292682,0.0050278745644599,0.0018728222996515,0.0
2014-06-05 11:00:00,0.1960343642611683,0.0080790378006872,0.029286941580756,0.000946735395189,0.0,0.0,0.0151958762886597,0.005020618556701,0.0018642611683848,0.0
2014-06-05 12:00:00,0.1886753472222222,0.0,0.0242274305555555,0.0009270833333333,0.0,0.0,0.0152690972222222,0.0050243055555555,0.0018541666666666,0.0
2014-06-05 13:00:00,0.192526405451448,0.0077393526405451,0.0242367972742759,0.0009199318568994,0.0,0.0,0.0152163543441226,0.0050136286201022,0.0018705281090289,0.0
2014-06-05 14:00:00,0.1931131756756756,0.0083564189189189,0.0204087837837837,0.000956081081081,0.0,0.0,0.0153141891891891,0.0050354729729729,0.0019054054054054,0.0
2014-06-05 15:00:00,0.4182061855670103,0.010828178694158,0.0239759450171821,0.0009364261168384,0.0,0.0,0.0151941580756013,0.0050154639175257,0.0078436426116838,0.0
2014-06-05 16:00:00,0.4964800724637681,0.0152282608695652,0.0209311594202898,0.0008840579710144,0.0,0.0,0.0151576086956521,0.0380144927536231,0.2151938405797101,0.0
2014-06-05 17:00:00,0.3809496855345912,0.0117463312368972,0.0288238993710691,0.0008846960167714,0.0,0.0,0.0152201257861635,0.1339119496855345,0.0019098532494758,0.0534968553459119
2014-06-05 18:00:00,0.6188143459915612,0.0109789029535864,0.0326983122362869,0.0008881856540084,0.0,0.0,0.0151983122362869,0.085879746835443,0.0961729957805907,0.0
2014-06-05 19:00:00,0.8603289760348585,0.0049673202614379,0.022,0.0009346405228758,0.0,0.0,0.015235294117647,0.0269716775599128,0.0019738562091503,0.1228126361655773
2014-06-05 20:00:00,0.3248904109589041,0.0031898238747553,0.0213365949119373,0.0009295499021526,0.0,0.0,0.0152230919765166,0.1350469667318982,0.0019647749510763,0.0
2014-06-05 21:00:00,0.6098166023166024,0.0091216216216216,0.0270250965250965,0.0009073359073359,0.001061776061776,0.0,0.0153822393822393,0.0124710424710424,0.0019671814671814,0.0
2014-06-05 22:00:00,0.3740268595041322,0.0085764462809917,0.0205537190082644,0.0008698347107438,0.0018037190082644,0.0,0.0151280991735537,0.0050144628099173,0.0019256198347107,0.0
2014-06-05 23:00:00,0.582439672801636,0.0085276073619631,0.0327402862985685,0.0007852760736196,0.1959550102249488,0.0,0.0151472392638036,0.0050143149284253,0.001920245398773,0.0
2014-06-06 00:00:00,1.0715591397849462,0.0097096774193548,0.0318774193548387,0.0008860215053763,0.6310537634408602,0.0,0.0151763440860215,0.0050064516129032,0.0019354838709677,0.0
2014-06-06 01:00:00,1.030219758064516,0.0022479838709677,0.0196532258064516,0.0009233870967741,0.0213427419354838,0.0,0.015133064516129,0.0050100806451612,0.0019475806451612,0.0
2014-06-06 02:00:00,0.6334970530451866,0.0057210216110019,0.0183084479371316,0.0009567779960707,0.001278978388998,0.0,0.0151768172888015,0.008459724950884,0.0019410609037328,0.0
2014-06-06 03:00:00,1.219588693957115,0.0083606237816764,0.0179980506822612,0.0009551656920077,0.4349376218323587,0.0,0.0151988304093567,0.0062475633528265,0.0019571150097465,0.0
2014-06-06 04:00:00,2.5667786259541985,0.0080648854961832,0.0191164122137404,0.0009064885496183,0.062780534351145,0.0,0.0152958015267175,0.0050324427480916,0.0019370229007633,0.0
2014-06-06 05:00:00,2.2221545623836128,0.0043705772811918,0.0178081936685288,0.0007895716945996,0.0010018621973929,0.0,0.0150893854748603,0.0050093109869646,0.0020111731843575,0.0
2014-06-06 06:00:00,2.3157710843373494,0.005433734939759,0.0172771084337349,0.0007650602409638,0.5938995983935742,0.0375763052208835,0.0148433734939759,0.0050100401606425,0.1042389558232931,0.0883172690763052
2014-06-06 07:00:00,0.6781098901098901,0.0098754578754578,0.0187527472527472,0.0008406593406593,0.0189413919413919,0.0,0.0151318681318681,0.113007326007326,0.0017875457875457,0.0
2014-06-06 08:00:00,0.7569793233082707,0.0129511278195488,0.0165714285714285,0.0009022556390977,0.2698966165413534,0.0,0.0151823308270676,0.0050338345864661,0.0019041353383458,0.0787537593984962
2014-06-06 09:00:00,0.6963899821109123,0.0124704830053667,0.0205831842576028,0.0009248658318425,0.3165062611806797,0.0,0.0152558139534883,0.0050250447227191,0.0018694096601073,0.0707155635062611
2014-06-06 10:00:00,0.5581152482269504,0.0096914893617021,0.0244609929078014,0.0009290780141843,0.0001170212765957,0.0,0.0152074468085106,0.0050106382978723,0.0018421985815602,0.0
2014-06-06 11:00:00,0.3248791593695271,0.0158336252189141,0.035446584938704,0.0009667250437828,0.0,0.0,0.0152136602451838,0.0050245183887915,0.0018826619964973,0.1299684763572679
2014-06-06 12:00:00,0.2608169014084507,0.0017535211267605,0.0134524647887323,0.000906690140845,0.0,0.0,0.0152658450704225,0.0050123239436619,0.0018345070422535,0.0
2014-06-06 13:00:00,0.2480964467005076,0.0097952622673434,0.0201522842639593,0.0009170896785109,0.0,0.0,0.0152504230118443,0.0175296108291032,0.0018561759729272,0.0
2014-06-06 14:00:00,0.1971267361111111,0.0121024305555555,0.025640625,0.0008975694444444,0.0,0.0,0.01521875,0.005015625,0.0018506944444444,0.0
2014-06-06 15:00:00,1.010354671280277,0.0093477508650519,0.0451712802768166,0.0009290657439446,0.0,0.0,0.0152508650519031,0.0050173010380622,0.0018858131487889,0.0879584775086505
2014-06-06 16:00:00,0.400784965034965,0.0124790209790209,0.0213846153846153,0.0009038461538461,0.0,0.0,0.0151748251748251,0.0420104895104895,0.0304877622377622,0.0
2014-06-06 17:00:00,0.4075452991452992,0.0137692307692307,0.0231452991452991,0.0009487179487179,0.0,0.0,0.0152786324786324,0.1335179487179487,0.001894017094017,0.087251282051282
2014-06-06 18:00:00,0.2679376083188908,0.0133396880415944,0.0419722703639514,0.0009705372616984,0.0,0.0,0.0152703639514731,0.0636967071057192,0.001896013864818,0.0
2014-06-06 19:00:00,0.3229357021996616,0.0109424703891708,0.0300659898477157,0.0008798646362098,0.0,0.0,0.0151912013536379,0.1332267343485617,0.0018257191201353,0.0
2014-06-06 20:00:00,0.5187824620573356,0.0032546374367622,0.0195868465430016,0.0007908937605396,0.0,0.0,0.0151669477234401,0.1320016863406408,0.0018128161888701,0.0
2014-06-06 21:00:00,0.6288747884940779,0.0059306260575296,0.0293451776649746,0.0008747884940778,0.0,0.0,0.0151624365482233,0.068409475465313,0.0018071065989847,0.0
2014-06-06 22:00:00,0.1977703180212014,0.0100388692579505,0.0326978798586572,0.0009558303886925,0.0,0.0,0.0151095406360424,0.005012367491166,0.0018639575971731,0.0
2014-06-06 23:00:00,0.3286586270871985,0.0093395176252319,0.0207179962894248,0.0009183673469387,0.0,0.0,0.015165120593692,0.005012987012987,0.001886827458256,0.0
2014-06-07 00:00:00,0.6540284629981025,0.008685009487666,0.0199696394686907,0.0009278937381404,0.0,0.0,0.0152675521821631,0.0050227703984819,0.0018671726755218,0.0
2014-06-07 01:00:00,1.2931033834586467,0.008266917293233,0.0311710526315789,0.6111954887218045,0.0,0.0,0.0151240601503759,0.0050112781954887,0.0018665413533834,0.0
2014-06-07 02:00:00,0.849814393939394,0.008842803030303,0.0330359848484848,0.0127613636363636,0.0,0.0,0.0151799242424242,0.0081666666666666,0.0018560606060606,0.0
2014-06-07 03:00:00,0.2326799276672694,0.0014285714285714,0.0213634719710669,0.0008282097649186,0.0,0.0,0.0152188065099457,0.0089566003616636,0.0019113924050632,0.0
2014-06-07 04:00:00,2.6451644859813084,0.0073233644859813,0.0187831775700934,0.0008205607476635,0.0,0.0,0.0152485981308411,0.005029906542056,0.0018635514018691,0.0
2014-06-07 05:00:00,1.8536937269372693,0.0085036900369003,0.018690036900369,0.3640258302583025,0.0,0.0,0.0152785977859778,0.0050221402214022,0.0018357933579335,0.0
2014-06-07 06:00:00,1.3849049360146253,0.0102815356489945,0.018890310786106,0.2388592321755027,0.0,0.0382212065813528,0.0151042047531992,0.0050036563071297,0.0017714808043875,0.1224661791590493
2014-06-07 07:00:00,0.3224325323475046,0.0092772643253234,0.0255822550831793,0.0,0.0,0.0,0.0150646950092421,0.0050203327171903,0.0018096118299445,0.0
2014-06-07 08:00:00,0.1937453531598513,0.0090669144981412,0.0305594795539033,0.0,0.0,0.0,0.0151208178438661,0.0050130111524163,0.0017862453531598,0.0
2014-06-07 09:00:00,0.2010092936802973,0.0132267657992565,0.0210055762081784,0.0,0.0,0.0,0.015131970260223,0.0050223048327137,0.0027509293680297,0.0
2014-06-07 10:00:00,0.2075574074074073,0.0199277777777777,0.0206074074074074,0.0,0.0,0.0,0.0150481481481481,0.005,0.0017925925925925,0.0
2014-06-07 11:00:00,0.1981084990958408,0.0153345388788426,0.0319529837251356,0.0,0.0,0.0,0.0151591320072332,0.0053598553345388,0.0018589511754068,0.0
2014-06-07 12:00:00,0.1980178890876565,0.0153345259391771,0.0360268336314847,0.0,0.0,0.0,0.0151395348837209,0.005,0.0017960644007155,0.0
2014-06-07 13:00:00,0.2541851179673321,0.0133049001814882,0.0196642468239564,0.0,0.0,0.0,0.0150090744101633,0.0623520871143375,0.0018239564428312,0.0
2014-06-07 14:00:00,0.2412410546139359,0.0068229755178907,0.0211638418079096,0.0,0.0,0.0,0.0150527306967984,0.0534463276836158,0.0018060263653483,0.0
2014-06-07 15:00:00,0.3644022988505747,0.006051724137931,0.0398735632183908,0.0,0.0,0.0,0.0151743295019157,0.0502854406130268,0.0018390804597701,0.1125708812260536
2014-06-07 16:00:00,0.9930769230769232,0.0162710622710622,0.0300989010989011,0.0,0.0,0.0,0.0151813186813186,0.0907380952380952,0.2325238095238095,0.0
2014-06-07 17:00:00,0.3742443181818182,0.0092708333333333,0.0228863636363636,0.0,0.0,0.0,0.0152121212121212,0.0996818181818181,0.0019318181818181,0.0960075757575757
2014-06-07 18:00:00,0.3436513409961685,0.0093141762452107,0.0394904214559386,0.0,0.0,0.0,0.0151973180076628,0.1524674329501915,0.0019348659003831,0.0
2014-06-07 19:00:00,0.4541511839708561,0.0135810564663023,0.020023679417122,0.0,0.0,0.0,0.0153442622950819,0.1516520947176685,0.0019489981785063,0.0
2014-06-07 20:00:00,0.8935278810408922,0.0092360594795539,0.0222230483271375,0.0,0.0,0.0,0.0152509293680297,0.1502323420074349,0.0019479553903345,0.0984907063197026
2014-06-07 21:00:00,0.5944169811320754,0.0065320754716981,0.0342471698113207,0.0,0.0007716981132075,0.0,0.0152528301886792,0.0753320754716981,0.0019415094339622,0.0
2014-06-07 22:00:00,0.3661263940520446,0.00685687732342,0.0271040892193308,0.0,0.0017806691449814,0.0,0.0152918215613382,0.0050353159851301,0.0019479553903345,0.0
2014-06-07 23:00:00,0.3335180265654648,0.0071954459203036,0.0211688804554079,0.0,0.0018235294117647,0.0,0.0152960151802656,0.0050170777988614,0.0019373814041745,0.0
2014-06-08 00:00:00,2.3200116054158606,0.0091895551257253,0.0191624758220502,0.0,1.348926499032882,0.0,0.0153133462282398,0.0050096711798839,0.0019574468085106,0.0
2014-06-08 01:00:00,1.3613488372093023,0.0069437984496124,0.0329166666666666,0.0,0.8783759689922481,0.0,0.0153837209302325,0.0050174418604651,0.0019825581395348,0.0
2014-06-08 02:00:00,0.5266178707224335,0.006574144486692,0.027754752851711,0.0,0.1362167300380228,0.0,0.0153593155893536,0.0084942965779467,0.0019866920152091,0.0
2014-06-08 03:00:00,1.3169092702169625,0.0072603550295857,0.0175364891518737,0.0,1.0017041420118342,0.0,0.0152564102564102,0.006861932938856,0.0019723865877712,0.0
2014-06-08 04:00:00,2.5188764044943817,0.0070805243445692,0.0195468164794007,0.0,0.0068820224719101,0.0,0.0152340823970037,0.0050074906367041,0.0019213483146067,0.0
2014-06-08 05:00:00,0.8318549905838041,0.0061355932203389,0.0200941619585687,0.0,0.0011996233521657,0.0,0.0152448210922787,0.0050112994350282,0.0019190207156308,0.0
2014-06-08 06:00:00,1.2611752767527675,0.0063284132841328,0.0285073800738007,0.0,0.0012380073800738,0.0,0.0150258302583025,0.0050073800738007,0.0019317343173431,0.0
2014-06-08 07:00:00,1.1542029520295205,0.0142933579335793,0.0308099630996309,0.0,9.22509225092251e-06,0.0381162361623616,0.0150867158671586,0.0050147601476014,0.0018929889298892,0.0617361623616236
2014-06-08 08:00:00,0.1977958015267175,0.0077652671755725,0.0188492366412213,0.0,0.0,0.0,0.0150591603053435,0.005,0.0019198473282442,0.0
2014-06-08 09:00:00,0.2865777777777777,0.00865,0.020574074074074,0.0,0.0,0.0,0.0150074074074074,0.0050111111111111,0.0018574074074074,0.0873814814814814
2014-06-08 10:00:00,0.1990990291262136,0.0078446601941747,0.0188601941747572,0.0,0.0,0.0,0.0245805825242718,0.005009708737864,0.0018660194174757,0.0
2014-06-08 11:00:00,0.1938872458410351,0.0082014787430683,0.0286728280961182,0.0,0.0,0.0,0.0149205175600739,0.0050055452865064,0.0019223659889094,0.0
2014-06-08 12:00:00,0.2863129770992366,0.0106870229007633,0.0293759541984732,0.0,0.0,0.0,0.014973282442748,0.0050038167938931,0.0018664122137404,0.0780763358778625
2014-06-08 13:00:00,0.191030131826742,0.0090979284369114,0.0179435028248587,0.0,0.0,0.0,0.0149679849340866,0.0050131826741996,0.0019020715630885,0.0
2014-06-08 14:00:00,0.4905584415584416,0.0076159554730983,0.0221280148423005,0.0,0.0,0.0,0.0150983302411873,0.0343673469387755,0.0018849721706864,0.0
2014-06-08 15:00:00,2.2855687022900764,0.0097576335877862,0.0399770992366412,0.0,0.0,0.0,0.0149217557251908,0.1338320610687023,0.0018740458015267,0.0
2014-06-08 16:00:00,0.3659130434782608,0.0183610586011342,0.0223402646502835,0.0,0.0,0.0,0.014703213610586,0.1316068052930056,0.0018279773156899,0.0
2014-06-08 17:00:00,0.384679389312977,0.0083263358778625,0.0200687022900763,0.0,0.0,0.0,0.0147748091603053,0.0934064885496183,0.0018148854961832,0.1085038167938931
2014-06-08 18:00:00,0.2427495291902071,0.0164030131826742,0.045683615819209,0.0,0.0,0.0,0.0383747645951035,0.0050112994350282,0.0025649717514124,0.0
2014-06-08 19:00:00,0.4391491395793498,0.0089885277246653,0.0342351816443594,0.0,0.0,0.0,0.0904130019120458,0.0122600382409177,0.0018967495219885,0.0899713193116634
2014-06-08 20:00:00,0.5210646387832699,0.0085988593155893,0.0194714828897338,0.0,0.0,0.0,0.0923403041825095,0.1368764258555133,0.0018650190114068,0.0
2014-06-08 21:00:00,0.6376603053435115,0.0139675572519083,0.0193129770992366,0.0,0.0006030534351145,0.0,0.0202347328244274,0.0937690839694656,0.001912213740458,0.0
2014-06-08 22:00:00,0.2133795066413662,0.0071328273244781,0.0229278937381404,0.0,0.0018121442125237,0.0,0.0184459203036053,0.0249127134724857,0.0019582542694497,0.0
2014-06-08 23:00:00,0.3245419847328244,0.00756106870229,0.0330248091603053,0.0,0.0017709923664122,0.0,0.0184961832061068,0.0121030534351145,0.0019484732824427,0.0
2014-06-09 00:00:00,0.2587,0.0071018867924528,0.0247094339622641,0.0,0.0018528301886792,0.0,0.0184339622641509,0.0050037735849056,0.0019320754716981,0.0
2014-06-09 01:00:00,2.311819343065693,0.0064817518248175,0.0183686131386861,0.0,1.169529197080292,0.0,0.0184616788321167,0.0050200729927007,0.0019178832116788,0.0
2014-06-09 02:00:00,0.9736698292220114,0.0069696394686907,0.0189297912713472,0.0,0.089673624288425,0.0,0.0184876660341556,0.0080626185958254,0.0019696394686907,0.0
2014-06-09 03:00:00,0.338035447761194,0.0066212686567164,0.0198059701492537,0.0,0.0012145522388059,0.0,0.0185914179104477,0.0081921641791044,0.0019421641791044,0.0
2014-06-09 04:00:00,2.339422053231939,0.0071292775665399,0.0286920152091254,0.0,0.0012015209125475,0.0,0.0184562737642585,0.0050209125475285,0.0019334600760456,0.0
2014-06-09 05:00:00,1.434,0.0066877394636015,0.0277720306513409,0.0,0.0011551724137931,0.0,0.0184540229885057,0.0050095785440613,0.001911877394636,0.0
2014-06-09 06:00:00,1.310336483931947,0.0145879017013232,0.0188525519848771,0.0,0.0,0.0399395085066162,0.0182400756143667,0.005,0.1161039697542533,0.1039073724007561
2014-06-09 07:00:00,0.4648414414414414,0.0079837837837837,0.0198756756756756,0.0,0.0,0.0,0.0183495495495495,0.0050018018018018,0.001827027027027,0.0
2014-06-09 08:00:00,0.3320178571428571,0.0101875,0.0188196428571428,0.0,0.0,0.0,0.0184035714285714,0.005,0.0017964285714285,0.1098517857142857
2014-06-09 09:00:00,0.1938191304347826,0.0076417391304347,0.0220034782608695,0.0,0.0,0.0,0.0184382608695652,0.0050052173913043,0.0017669565217391,0.0
2014-06-09 10:00:00,0.3407069892473118,0.0113252688172043,0.0479623655913978,0.0,0.0,0.0,0.0184220430107526,0.0427231182795698,0.0017822580645161,0.0823413978494623
2014-06-09 11:00:00,0.2067751371115173,0.0097385740402193,0.0233857404021937,0.0,0.0,0.0,0.0182468007312614,0.0172394881170018,0.0018117001828153,0.0
2014-06-09 12:00:00,0.297177700348432,0.0112473867595818,0.0206567944250871,0.0,0.0,0.0,0.0184947735191637,0.0050104529616724,0.0017996515679442,0.0930905923344947
2014-06-09 13:00:00,0.2518777219430486,0.008787269681742,0.0213065326633165,0.0,0.0,0.0,0.0183115577889447,0.0549681742043551,0.0018425460636515,0.0
2014-06-09 14:00:00,0.3176929530201342,0.0081476510067114,0.033244966442953,0.0,0.0,0.0,0.0183959731543624,0.03273322147651,0.0018003355704697,0.0744412751677852
2014-06-09 15:00:00,0.5192748735244519,0.0194097807757166,0.0279831365935919,0.0,0.0,0.0,0.0184097807757166,0.0918802698145025,0.0018060708263069,0.0
2014-06-09 16:00:00,0.4317257240204429,0.0149914821124361,0.0262844974446337,0.0,0.0,0.0,0.018381601362862,0.042701873935264,0.0964701873935264,0.0
2014-06-09 17:00:00,0.3807320819112628,0.0180972696245733,0.021358361774744,0.0,0.0,0.0,0.0184470989761092,0.1315204778156996,0.001957337883959,0.0480238907849829
2014-06-09 18:00:00,0.2085963149078727,0.0124740368509212,0.0403902847571189,0.0,0.0,0.0,0.0185226130653266,0.008110552763819,0.0019681742043551,0.0
2014-06-09 19:00:00,0.5001118644067797,0.0124677966101694,0.0284084745762711,0.0,0.0,0.0,0.0184186440677966,0.1556084745762712,0.0019745762711864,0.0
2014-06-09 20:00:00,0.6965469798657719,0.0117248322147651,0.022241610738255,0.0,0.0,0.0,0.0183506711409395,0.0497248322147651,0.0019614093959731,0.0
2014-06-09 21:00:00,0.2346194539249146,0.0140238907849829,0.0207406143344709,0.0,0.0,0.0,0.0184129692832764,0.0050068259385665,0.0019658703071672,0.0
2014-06-09 22:00:00,0.334985,0.009105,0.0400733333333333,0.0,0.0,0.0,0.01849,0.00501,0.00197,0.0
2014-06-09 23:00:00,0.208211350293542,0.008252446183953,0.0213542074363992,0.0,0.0,0.0,0.0186105675146771,0.0050078277886497,0.0019706457925636,0.0
2014-06-10 00:00:00,0.9357139479905436,0.0091087470449172,0.0204751773049645,0.0,0.0,0.0,0.0184964539007092,0.0050047281323877,0.001983451536643,0.0
2014-06-10 01:00:00,0.839080971659919,0.0117591093117408,0.0221417004048582,0.0,0.0,0.0,0.0187388663967611,0.0050040485829959,0.0019757085020242,0.0
2014-06-10 02:00:00,0.1996460554371002,0.008731343283582,0.041091684434968,0.0,0.0,0.0,0.0187377398720682,0.0075628997867803,0.0019680170575692,0.0
2014-06-10 03:00:00,0.3357365145228215,0.0110746887966804,0.0217904564315352,0.0,0.0,0.0,0.018655601659751,0.006103734439834,0.0019875518672199,0.0
2014-06-10 04:00:00,2.4192854251012146,0.0078825910931174,0.0187570850202429,0.0,0.0,0.0,0.0184777327935222,0.0050080971659919,0.0019635627530364,0.0
2014-06-10 05:00:00,1.3534563492063492,0.0076765873015873,0.0164265873015873,0.0240654761904761,0.0,0.0,0.0184880952380952,0.0050099206349206,0.0019424603174603,0.0
2014-06-10 06:00:00,1.7515166340508803,0.0096771037181996,0.0243131115459882,0.5375636007827789,0.0,0.0282915851272015,0.0183228962818003,0.0050058708414872,0.1176066536203522,0.1078199608610567
2014-06-10 07:00:00,0.3222068273092369,0.009512048192771,0.0320401606425702,0.0005923694779116,0.0,0.0,0.0183493975903614,0.0050060240963855,0.0018092369477911,0.0889397590361445
2014-06-10 08:00:00,0.2025899419729206,0.0104912959381044,0.0227292069632495,0.0,0.0,0.0,0.0342765957446808,0.0050096711798839,0.0017117988394584,0.0
2014-06-10 09:00:00,0.1979744058500914,0.0180457038391224,0.0206087751371115,0.0,0.0,0.0,0.019762340036563,0.0050018281535648,0.0017787934186471,0.0
2014-06-10 10:00:00,0.1950039525691699,0.0087826086956521,0.0205158102766798,0.0,0.0,0.0,0.018391304347826,0.0050118577075098,0.0018379446640316,0.0
2014-06-10 11:00:00,0.1953136882129277,0.0089752851711026,0.0271787072243346,0.0,0.0,0.0,0.0184980988593155,0.005009505703422,0.0018231939163498,0.0
2014-06-10 12:00:00,0.1958777969018932,0.0088485370051635,0.0328244406196213,0.0,0.0,0.0,0.0184096385542168,0.0050137693631669,0.0018141135972461,0.0
2014-06-10 13:00:00,0.1957847222222222,0.0084791666666666,0.0225486111111111,0.0,0.0,0.0,0.0183888888888888,0.0050173611111111,0.0017934027777777,0.0
2014-06-10 14:00:00,0.2977865748709122,0.0084165232358003,0.0231376936316695,0.0,0.0,0.0,0.0183993115318416,0.0050154905335628,0.0018261617900172,0.0966557659208261
2014-06-10 15:00:00,0.6007590822179733,0.0150898661567877,0.0374569789674952,0.0,0.0,0.0,0.0184435946462715,0.0050038240917782,0.1386959847036329,0.0
2014-06-10 16:00:00,0.3786007067137809,0.0124505300353356,0.0333710247349823,0.0,0.0,0.0,0.0183427561837455,0.0787950530035335,0.0018551236749116,0.098660777385159
2014-06-10 17:00:00,0.2749654510556621,0.00947216890595,0.0226737044145873,0.0,0.0,0.0,0.0185374280230326,0.0894107485604606,0.0018905950095969,0.0
2014-06-10 18:00:00,0.1909848229342327,0.0088549747048903,0.0211787521079258,0.0,0.0,0.0,0.0185682967959527,0.0050151770657672,0.0019089376053962,0.0
2014-06-10 19:00:00,0.1983460898502496,0.0101314475873544,0.0350682196339434,0.0,0.0,0.0,0.0185074875207986,0.0050099833610648,0.001900166389351,0.0
2014-06-10 20:00:00,0.3722520325203252,0.0106321138211382,0.0262256097560975,0.0,0.0,0.0,0.0185020325203252,0.005030487804878,0.0019146341463414,0.0
2014-06-10 21:00:00,0.2547172675521821,0.0085787476280834,0.0231537001897533,0.0,0.0,0.0,0.018493358633776,0.0050113851992409,0.0019108159392789,0.0
2014-06-10 22:00:00,0.2031995661605206,0.0086767895878524,0.0190195227765726,0.0,0.0,0.0,0.0183470715835141,0.0050021691973969,0.0018741865509761,0.0
2014-06-10 23:00:00,0.1971543942992874,0.0094869358669833,0.0300261282660332,0.0,0.0,0.0,0.018562945368171,0.0050166270783847,0.0019334916864608,0.0
2014-06-11 00:00:00,0.87480044345898,0.0085343680709534,0.0274434589800443,0.0,0.0,0.0,0.018660753880266,0.0050066518847006,0.0019312638580931,0.0
2014-06-11 01:00:00,0.7574828326180257,0.0076866952789699,0.0194227467811158,0.0,0.0,0.0,0.0186158798283261,0.0050300429184549,0.0019635193133047,0.0
2014-06-11 02:00:00,0.1932287581699346,0.0127167755991285,0.0191633986928104,0.0,0.0,0.0,0.0186884531590413,0.0080413943355119,0.001954248366013,0.0
2014-06-11 03:00:00,0.1984892703862661,0.0081652360515021,0.0169270386266094,0.0,0.0,0.0,0.0185944206008583,0.0092660944206008,0.0019656652360515,0.0
2014-06-11 04:00:00,2.273831111111111,0.0081999999999999,0.0370555555555555,0.0,0.0,0.0,0.0183422222222222,0.0050133333333333,0.00186,0.0
2014-06-11 05:00:00,2.113368909512761,0.0081322505800464,0.0284941995359628,0.0,0.0,0.0,0.0183155452436194,0.005,0.0405962877030162,0.0
2014-06-11 06:00:00,0.4802620967741935,0.0083508064516129,0.0199254032258064,0.0,0.0,0.029391129032258,0.0182943548387096,0.0050060483870967,0.0571512096774193,0.0768165322580645
2014-06-11 07:00:00,0.3094638783269962,0.0125456273764258,0.0195969581749049,0.0,0.0,0.0,0.0183745247148288,0.0050228136882129,0.00193536121673,0.0899087452471482
2014-06-11 08:00:00,0.2067067395264116,0.0093187613843351,0.0184808743169398,0.0,0.0,0.0,0.018408014571949,0.0050182149362477,0.0019180327868852,0.0
2014-06-11 09:00:00,0.1961397058823529,0.0088419117647058,0.0207334558823529,0.0,0.0,0.0,0.0184080882352941,0.0050147058823529,0.0019319852941176,0.0
2014-06-11 10:00:00,0.2830304182509505,0.0087053231939163,0.0321939163498098,0.0,0.0,0.0,0.0183555133079847,0.0050076045627376,0.0019220532319391,0.0893992395437262
2014-06-11 11:00:00,0.3086672661870503,0.0130179856115107,0.0236061151079136,0.0,0.0,0.0,0.0184172661870503,0.0050071942446043,0.0019298561151079,0.0911762589928057
2014-06-11 12:00:00,0.208128295254833,0.0102794376098418,0.0200228471001757,0.0,0.0,0.0,0.0183497363796133,0.0243919156414762,0.001933216168717,0.0
2014-06-11 13:00:00,0.3463369369369369,0.0096990990990991,0.0227873873873873,0.0,0.0,0.0,0.0183549549549549,0.0094378378378378,0.0019207207207207,0.1273045045045045
2014-06-11 14:00:00,0.1922264875239923,0.0097024952015355,0.0249404990403071,0.0,0.0,0.0,0.0184222648752399,0.005024952015355,0.0019404990403071,0.0
2014-06-11 15:00:00,1.417627737226277,0.0113631386861313,0.0337864963503649,0.0,0.0,0.0,0.0184361313868613,0.0524945255474452,0.0019379562043795,0.0
2014-06-11 16:00:00,0.3639285714285714,0.0128699633699633,0.0196117216117216,0.0,0.0,0.0,0.018525641025641,0.0546538461538461,0.0323498168498168,0.0876611721611721
2014-06-11 17:00:00,0.3190297397769516,0.0099851301115241,0.0346171003717472,0.0,0.0,0.0,0.0183810408921933,0.1313866171003717,0.0018661710037174,0.0
2014-06-11 18:00:00,0.2866936090225564,0.0112255639097744,0.0290883458646616,0.0,0.0,0.0,0.059687969924812,0.0564586466165413,0.0019154135338345,0.0
2014-06-11 19:00:00,0.2811099099099099,0.0089315315315315,0.0197477477477477,0.0,0.0,0.0,0.0914828828828828,0.0144342342342342,0.0019351351351351,0.0
2014-06-11 20:00:00,0.3854307116104868,0.0088539325842696,0.0343895131086142,0.0,0.0,0.0,0.0362041198501872,0.0808258426966292,0.0019026217228464,0.0
2014-06-11 21:00:00,0.3072431906614786,0.0094435797665369,0.0370466926070038,0.0,0.0,0.0,0.0152918287937743,0.0050272373540856,0.0018793774319066,0.0
2014-06-11 22:00:00,0.1898671875,0.008533203125,0.021533203125,0.0,0.0,0.0,0.015251953125,0.00502734375,0.001814453125,0.0
2014-06-11 23:00:00,0.1911397637795275,0.0080905511811023,0.0163681102362204,0.0,0.0,0.0,0.015251968503937,0.005009842519685,0.0018858267716535,0.0
2014-06-12 00:00:00,0.8802456479690522,0.0086092843326885,0.0244235976789168,0.0,0.0,0.0,0.015237911025145,0.0050096711798839,0.0018916827852998,0.0
2014-06-12 01:00:00,0.3125911708253359,0.0078272552783109,0.0303512476007677,0.0,0.0,0.0,0.0153474088291746,0.0050153550863723,0.0019193857965451,0.0
2014-06-12 02:00:00,0.6695020161290323,0.0082399193548387,0.0192943548387096,0.0,0.0,0.0,0.0151834677419354,0.0081733870967741,0.0019092741935483,0.0001290322580645
2014-06-12 03:00:00,0.1918596837944664,0.0086403162055335,0.0202747035573122,0.0,0.0,0.0,0.0151877470355731,0.0085415019762845,0.0019268774703557,0.0
2014-06-12 04:00:00,2.3568565891472866,0.0103352713178294,0.0181356589147286,0.0,0.0,0.0,0.0151453488372093,0.0050096899224806,0.0018817829457364,0.0
2014-06-12 05:00:00,2.37232332155477,0.0095494699646643,0.0285088339222614,0.0,0.6644240282685512,0.0,0.0150070671378091,0.0050141342756183,0.1150759717314487,0.1051148409893993
2014-06-12 06:00:00,0.9115819112627986,0.0142064846416382,0.0282286689419795,0.0,0.4516928327645051,0.0331928327645051,0.014957337883959,0.0050136518771331,0.0017508532423208,0.0
2014-06-12 07:00:00,0.319254295532646,0.007668384879725,0.0212250859106529,0.0,0.0,0.0,0.0151305841924398,0.005008591065292,0.0017680412371134,0.0954690721649484
2014-06-12 08:00:00,0.2235428051001821,0.007375227686703,0.0179071038251366,0.0,0.0,0.0,0.0165227686703096,0.0050163934426229,0.0018214936247723,0.0
2014-06-12 09:00:00,0.2431964601769911,0.0098194690265486,0.0189663716814159,0.0,0.0,0.0,0.0151663716814159,0.0050194690265486,0.0017734513274336,0.0448230088495575
2014-06-12 10:00:00,0.2588385416666667,0.0098524305555555,0.0242899305555555,0.0,0.0,0.0,0.01525,0.005015625,0.0018350694444444,0.0
2014-06-12 11:00:00,0.2511573604060914,0.0103401015228426,0.0341725888324873,0.0,0.0,0.0,0.0151421319796954,0.0050050761421319,0.0018629441624365,0.0626379018612521
2014-06-12 12:00:00,0.2991569282136894,0.0146227045075125,0.0196026711185308,0.0,0.0,0.0,0.0152804674457429,0.1192737896494156,0.0018614357262103,0.0
2014-06-12 13:00:00,0.2694033333333333,0.0096416666666666,0.019355,0.0,0.0,0.0,0.015245,0.0876233333333333,0.00183,0.0
2014-06-12 14:00:00,0.3666728499156829,0.0093338954468802,0.0365514333895446,0.0,0.0,0.0,0.015220910623946,0.085858347386172,0.0018566610455311,0.0746526138279932
2014-06-12 15:00:00,0.2342266666666666,0.010395,0.03519,0.0,0.0,0.0,0.0152283333333333,0.0438183333333333,0.0018133333333333,0.0
2014-06-12 16:00:00,0.1900433333333333,0.0098816666666666,0.0208416666666666,0.0,0.0,0.0,0.01524,0.0050133333333333,0.0018716666666666,0.0
2014-06-12 17:00:00,0.1935383333333333,0.0112933333333333,0.0229866666666666,0.0,0.0,0.0,0.0152433333333333,0.0083416666666666,0.00186,0.0
2014-06-12 18:00:00,0.218525,0.0092866666666666,0.0455933333333333,0.0,0.0,0.0,0.0152833333333333,0.0241533333333333,0.0018583333333333,0.0
2014-06-12 19:00:00,0.189685,0.0090633333333333,0.0207383333333333,0.0,0.0,0.0,0.0153066666666666,0.0058516666666666,0.001885,0.0
2014-06-12 20:00:00,0.1893866666666666,0.0090866666666666,0.02348,0.0,0.0,0.0,0.015325,0.0060016666666666,0.0018866666666666,0.0
2014-06-12 21:00:00,0.6094724540901503,0.0090150250417362,0.0329282136894824,0.0,0.0,0.0,0.0153155258764607,0.0741252086811352,0.0018797996661101,0.0
2014-06-12 22:00:00,0.2400533333333333,0.0094566666666666,0.029845,0.0,0.0,0.0,0.0152316666666666,0.01886,0.0018633333333333,0.0
2014-06-12 23:00:00,0.1867952622673434,0.0084467005076142,0.0194230118443316,0.0,0.0,0.0,0.0153519458544839,0.0059983079526226,0.0019204737732656,0.0
2014-06-13 00:00:00,0.3290533333333333,0.00891,0.0206149999999999,0.0,0.0,0.0,0.01532,0.0055666666666666,0.0019166666666666,0.0
2014-06-13 01:00:00,0.19877,0.0086916666666666,0.0300366666666666,0.0,0.0,0.0,0.0159083333333333,0.0050149999999999,0.0019683333333333,0.0
2014-06-13 02:00:00,0.26188,0.0087883333333333,0.0274899999999999,0.0,0.0,0.0,0.0153616666666666,0.0082283333333333,0.001915,0.0
2014-06-13 03:00:00,0.2626289517470881,0.0088652246256239,0.0183943427620632,0.0,0.0,0.0,0.0153710482529118,0.0090149750415973,0.0019550748752079,0.0
2014-06-13 04:00:00,2.4374084033613443,0.0118285714285714,0.0178453781512605,0.0,0.0,0.0,0.0153663865546218,0.0050117647058823,0.0019327731092436,0.0
2014-06-13 05:00:00,2.214051752921536,0.0085425709515859,0.0225409015025041,0.0,0.0,0.0,0.0152337228714524,0.0050100166944908,0.001889816360601,0.0
2014-06-13 06:00:00,1.5476040268456377,0.0109177852348993,0.0321308724832214,0.0,0.6937818791946309,0.0306795302013422,0.0150906040268456,0.0050067114093959,0.1020369127516778,0.0840771812080536
2014-06-13 07:00:00,0.3175755033557047,0.009498322147651,0.0215469798657718,0.0,0.0,0.0,0.0152164429530201,0.0050067114093959,0.0020687919463087,0.0
2014-06-13 08:00:00,0.4104016666666666,0.0104916666666666,0.0178533333333333,0.0,0.0,0.0,0.0152483333333333,0.005025,0.0019183333333333,0.083885
2014-06-13 09:00:00,0.1938653198653198,0.0096060606060606,0.0231666666666666,0.000557239057239,0.0,0.0,0.0153417508417508,0.005003367003367,0.0019612794612794,0.0
2014-06-13 10:00:00,0.3191915966386555,0.0130806722689075,0.0316789915966386,0.0009277310924369,0.0,0.0,0.0152201680672268,0.0050134453781512,0.0019546218487394,0.0851462184873949
2014-06-13 11:00:00,0.5201744966442954,0.0117046979865771,0.0298775167785234,0.0009429530201342,0.0,0.0,0.0152097315436241,0.0050117449664429,0.01548322147651,0.1035033557046979
2014-06-13 12:00:00,0.5133807106598984,0.0114906937394247,0.0220101522842639,0.0008155668358714,0.0,0.0,0.0151235194585448,0.0050118443316412,0.0017986463620981,0.0
2014-06-13 13:00:00,0.271179831932773,0.0095882352941176,0.0370588235294117,0.0009226890756302,0.0,0.0,0.0153042016806722,0.0802285714285714,0.0018521008403361,0.0
2014-06-13 14:00:00,0.2630135363790186,0.0092893401015228,0.0377021996615905,0.0009221658206429,0.0,0.0,0.0152115059221658,0.0233451776649746,0.0018866328257191,0.0578307952622673
2014-06-13 15:00:00,0.6766243739565944,0.0141051752921535,0.0330534223706176,0.0009265442404006,0.0,0.0,0.0152203672787979,0.0676577629382303,0.0130968280467445,0.0
2014-06-13 16:00:00,0.392365,0.0171766666666666,0.0493416666666666,0.0009233333333333,0.0,0.0,0.015345,0.0050066666666666,0.0598,0.0
2014-06-13 17:00:00,0.4282685025817556,0.0150103270223752,0.0270275387263339,0.0008691910499139,0.0,0.0,0.0151686746987951,0.1209793459552495,0.0020533562822719,0.1110051635111876
2014-06-13 18:00:00,0.2210017271157167,0.0155181347150259,0.0457737478411053,0.0009550949913644,0.0,0.0,0.0152487046632124,0.0217927461139896,0.0019896373056994,0.0048393782383419
2014-06-13 19:00:00,0.3429465776293823,0.013457429048414,0.0240968280467445,0.0009582637729549,0.0,0.0,0.0153105175292153,0.1339015025041736,0.0019732888146911,0.0
2014-06-13 20:00:00,0.6124258943781943,0.0150800681431005,0.0472299829642248,0.000954003407155,0.0,0.0,0.0152862010221465,0.131,0.0019744463373083,0.0
2014-06-13 21:00:00,0.3877478849407784,0.0126971235194585,0.0262605752961082,0.0009492385786802,0.0010693739424703,0.0,0.0152774957698815,0.0437766497461928,0.0019458544839255,0.0
2014-06-13 22:00:00,0.2082570951585976,0.0109916527545909,0.0430350584307178,0.0009849749582637,0.0018814691151919,0.0,0.0153255425709515,0.0050183639398998,0.0019716193656093,0.0
2014-06-13 23:00:00,0.2022611683848797,0.010274914089347,0.0261408934707903,0.0009725085910652,0.0018144329896907,0.0,0.0153556701030927,0.0050154639175257,0.0019656357388316,0.0
2014-06-14 00:00:00,0.6680983333333333,0.00951,0.0400933333333333,0.0009133333333333,0.001785,0.0,0.0151466666666666,0.0050149999999999,0.0019166666666666,0.0
2014-06-14 01:00:00,0.5325158597662771,0.0085292153589315,0.0259098497495826,0.0008697829716193,0.0018230383973288,0.0002804674457429,0.0151652754590984,0.0050066777963272,0.0019181969949916,0.0
2014-06-14 02:00:00,1.305920133111481,0.008026622296173,0.0391514143094842,0.0009201331114808,0.4901597337770383,0.0,0.0151963394342762,0.0082362728785357,0.0019334442595673,0.0
2014-06-14 03:00:00,0.2776043405676127,0.0090517529215358,0.0279365609348914,0.000931552587646,0.0524607679465776,0.0,0.0152721202003338,0.0090016694490818,0.0019465776293823,0.0
2014-06-14 04:00:00,2.314114808652246,0.0071131447587354,0.0338785357737104,0.0009084858569051,0.0012196339434276,0.0,0.0151863560732113,0.005008319467554,0.0019517470881863,0.0
2014-06-14 05:00:00,1.7132754590984975,0.0071636060100166,0.0272053422370617,0.0008914858096828,0.0011736227045075,0.0,0.0151719532554257,0.0050016694490818,0.0019365609348914,0.0
2014-06-14 06:00:00,0.7644131534569983,0.0168617200674536,0.0366661045531197,0.0008128161888701,0.0004856661045531,0.0,0.0151989881956155,0.0050067453625632,0.0018954468802698,0.0754502529510961
2014-06-14 07:00:00,0.33788127090301,0.0065217391304347,0.0237859531772575,0.0007608695652173,0.0,0.0,0.0150133779264214,0.0050083612040133,0.0019147157190635,0.0
2014-06-14 08:00:00,0.2021517857142857,0.0067982142857142,0.032875,0.0007464285714285,0.0,0.0,0.0150142857142857,0.0050107142857142,0.0018785714285714,0.0
2014-06-14 09:00:00,0.1937435424354243,0.0073210332103321,0.0243985239852398,0.000780442804428,0.0,0.0,0.015110701107011,0.0050092250922509,0.0019188191881918,0.0
2014-06-14 10:00:00,0.2037267759562841,0.0067249544626593,0.0270091074681238,0.0009016393442622,0.0,0.0,0.015167577413479,0.015007285974499,0.00191985428051,0.0
2014-06-14 11:00:00,0.5739452296819788,0.0314116607773851,0.0276784452296819,0.000934628975265,0.0,0.0,0.0151978798586572,0.0248498233215547,0.0019151943462897,0.134030035335689
2014-06-14 12:00:00,0.3364216216216216,0.0221549549549549,0.0219549549549549,0.0009369369369369,0.0,0.0,0.0152432432432432,0.045227027027027,0.0019441441441441,0.0
2014-06-14 13:00:00,0.3390658783783783,0.0258412162162162,0.0344763513513513,0.0009341216216216,0.0,0.0,0.0153209459459459,0.0338851351351351,0.0019679054054054,0.0
2014-06-14 14:00:00,0.2888838028169014,0.0203309859154929,0.0193045774647887,0.0009330985915492,0.0,0.0,0.0152605633802816,0.0050017605633802,0.001963028169014,0.0
2014-06-14 15:00:00,0.8648374125874125,0.0200017482517482,0.036256993006993,0.0008933566433566,0.0,0.0,0.0152062937062937,0.0558741258741258,0.0019125874125874,0.0934755244755244
2014-06-14 16:00:00,0.6353298969072165,0.0170257731958762,0.0234828178694158,0.0007577319587628,0.0,0.0,0.0150790378006872,0.0898986254295532,0.0019209621993127,0.0
2014-06-14 17:00:00,0.6099039145907473,0.0166512455516014,0.0235925266903914,0.0007277580071174,0.0,0.0,0.0151637010676156,0.1312135231316726,0.0401476868327402,0.112747330960854
2014-06-14 18:00:00,0.3539983277591973,0.0178494983277591,0.0383394648829431,0.0007742474916387,0.0,0.0,0.0151856187290969,0.0655518394648829,0.001814381270903,0.0
2014-06-14 19:00:00,0.2720767946577629,0.0172086811352253,0.0189749582637729,0.0008480801335559,0.0,0.0,0.0150984974958263,0.0050100166944908,0.0018113522537562,0.0
2014-06-14 20:00:00,0.6077533333333334,0.0168383333333333,0.0327116666666666,0.0008416666666666,0.0,0.0,0.0163716666666666,0.0050083333333333,0.0018,0.1076833333333333
2014-06-14 21:00:00,0.631265,0.0149266666666666,0.0282233333333333,0.0008116666666666,0.0,0.0,0.02312,0.0315016666666666,0.0017783333333333,0.0
2014-06-14 22:00:00,0.6033410981697171,0.0169517470881863,0.0238169717138103,0.0009351081530782,0.0,0.0,0.0152445923460898,0.133440931780366,0.0018452579034941,0.0
2014-06-14 23:00:00,0.3666124161073825,0.0109026845637583,0.0281208053691275,0.0009496644295302,0.0,0.0,0.0152718120805369,0.056726510067114,0.0018657718120805,0.0
2014-06-15 00:00:00,0.4729528130671506,0.0112849364791288,0.0282722323049001,0.0009655172413793,0.0,0.0,0.0153430127041742,0.0158330308529945,0.0019019963702359,0.0
2014-06-15 01:00:00,0.6841849999999999,0.009625,0.0185266666666666,0.0009783333333333,0.0,0.0,0.0152866666666666,0.0050083333333333,0.001925,0.0
2014-06-15 02:00:00,0.7545292153589316,0.0090717863105175,0.0195258764607679,0.0009833055091819,0.0,0.0,0.0153856427378964,0.0082921535893155,0.0018731218697829,0.0
2014-06-15 03:00:00,0.2079018302828619,0.0089484193011647,0.0342329450915141,0.0009800332778702,0.0,0.0,0.0153078202995008,0.0088069883527454,0.0019484193011647,0.0
2014-06-15 04:00:00,2.448161666666667,0.00863,0.02286,0.0009866666666666,0.0,0.0,0.0153366666666666,0.005025,0.001935,0.0
2014-06-15 05:00:00,1.214782374100719,0.0176654676258992,0.0179208633093525,0.4067679856115108,0.0,0.0,0.0152661870503597,0.0050107913669064,0.001910071942446,0.0
2014-06-15 06:00:00,2.265040609137056,0.0135025380710659,0.0237614213197969,0.0859001692047377,0.0,0.036150592216582,0.0152419627749576,0.0050169204737732,0.0018781725888324,0.1195769881556683
2014-06-15 07:00:00,0.361505,0.0098316666666666,0.029125,0.0008383333333333,0.0,0.0,0.01531,0.00501,0.0018633333333333,0.0
2014-06-15 08:00:00,0.3560384615384615,0.0105122377622377,0.0179510489510489,0.000791958041958,0.0,0.0,0.0152115384615384,0.0050017482517482,0.0018391608391608,0.1435576923076923
2014-06-15 09:00:00,0.2036116666666667,0.009945,0.018595,0.0007,0.0,0.0,0.0217016666666666,0.005005,0.0018516666666666,0.0
2014-06-15 10:00:00,0.2853976311336717,0.0109204737732656,0.0251353637901861,0.0006395939086294,0.0,0.0,0.0265956006768189,0.005,0.0018375634517766,0.0570118443316412
2014-06-15 11:00:00,0.2899057971014492,0.017963768115942,0.0311231884057971,0.0007047101449275,0.0,0.0,0.016231884057971,0.0050090579710144,0.0018641304347826,0.071570652173913
2014-06-15 12:00:00,0.1933344947735191,0.0167073170731707,0.021588850174216,0.0005139372822299,0.0,0.0,0.0152682926829268,0.0050261324041811,0.0018484320557491,0.0
2014-06-15 13:00:00,0.1933560311284047,0.0109844357976653,0.0192782101167315,0.0,0.0,0.0,0.0152023346303501,0.0050214007782101,0.0018560311284046,0.0
2014-06-15 14:00:00,0.1940761904761904,0.0091123809523809,0.0280761904761904,0.0,0.0,0.0,0.015247619047619,0.0050209523809523,0.0018647619047619,0.0
2014-06-15 15:00:00,0.1909519408502772,0.0082476894639556,0.0256783733826247,0.0,0.0,0.0,0.0153142329020332,0.0050184842883548,0.0019426987060998,0.0
2014-06-15 16:00:00,0.1901298932384341,0.0083042704626334,0.0177989323843416,0.0,0.0,0.0,0.0152491103202846,0.0050035587188612,0.0018434163701067,0.0
2014-06-15 17:00:00,0.1923481989708405,0.0087650085763293,0.0190480274442538,0.0,0.0,0.0,0.0152041166380789,0.0050120068610634,0.0018301886792452,0.0
2014-06-15 18:00:00,0.1955659432387312,0.008457429048414,0.0356210350584307,0.0,0.0,0.0,0.0151535893155258,0.0050116861435726,0.0018530884808013,0.0
2014-06-15 19:00:00,0.2080133333333333,0.0099516666666666,0.0181033333333333,0.0,0.0,0.0,0.0152066666666666,0.007155,0.00184,0.0
2014-06-15 20:00:00,0.5489716666666667,0.0116383333333333,0.019045,0.0,0.0,0.0,0.0151433333333333,0.11162,0.0018533333333333,0.0
2014-06-15 21:00:00,0.4425733333333333,0.0085983333333333,0.0260016666666666,0.0,0.0,0.0,0.015175,0.0050133333333333,0.0018133333333333,0.0
2014-06-15 22:00:00,0.3190633333333333,0.0097633333333333,0.0300266666666666,0.0,0.0,0.0,0.0151233333333333,0.0050083333333333,0.00182,0.0
2014-06-15 23:00:00,0.2178466666666666,0.0079366666666666,0.0172833333333333,0.0,0.0,0.0,0.01525,0.0050083333333333,0.0018633333333333,0.0
2014-06-16 00:00:00,0.326925,0.0081616666666666,0.0175683333333333,0.0,0.0,0.0,0.0152616666666666,0.0050166666666666,0.0018583333333333,0.0
2014-06-16 01:00:00,0.1903594306049822,0.0077918149466192,0.0246405693950177,0.0,0.0,0.0,0.0152277580071174,0.005008896797153,0.0018950177935943,0.0
2014-06-16 02:00:00,0.3314970986460348,0.0122727272727272,0.0281218568665377,0.0,0.0,0.0,0.0152959381044487,0.0083075435203094,0.001852998065764,0.0
2014-06-16 03:00:00,0.1962278719397363,0.0112881355932203,0.0182636534839924,0.0,0.0,0.0,0.0151563088512241,0.0088813559322033,0.0019133709981167,0.0
2014-06-16 04:00:00,2.43747582205029,0.00742166344294,0.0187253384912959,0.0,0.0,0.0,0.015127659574468,0.0050174081237911,0.0018994197292069,0.0
2014-06-16 05:00:00,1.7911756756756756,0.0076254826254826,0.0198050193050193,0.0,0.0,0.0,0.0151640926640926,0.0050135135135135,0.0931737451737451,0.1063725868725868
2014-06-16 06:00:00,0.4036543689320388,0.0143825242718446,0.0317902912621359,0.0,0.0,0.0303941747572815,0.015126213592233,0.0050019417475728,0.0139300970873786,0.1352233009708738
2014-06-16 07:00:00,0.2045294117647058,0.0083125,0.017391544117647,0.0,0.0,0.0,0.0150257352941176,0.005,0.0018088235294117,0.0
2014-06-16 08:00:00,0.23334375,0.0085833333333333,0.0165243055555555,0.0,0.0,0.0,0.0150225694444444,0.0050225694444444,0.0017899305555555,0.0633263888888888
2014-06-16 09:00:00,0.1916569965870307,0.0083788395904436,0.0166911262798634,0.0,0.0,0.0,0.0149744027303754,0.0050119453924914,0.0017730375426621,0.0
2014-06-16 10:00:00,0.1966930501930502,0.0098532818532818,0.0292741312741312,0.0,0.0,0.0,0.0147625482625482,0.005007722007722,0.0017084942084942,0.0
2014-06-16 11:00:00,0.1932020033388981,0.0073105175292153,0.0247863105175292,0.0,0.0,0.0,0.0147712854757929,0.0050050083472454,0.0016828046744574,0.0
2014-06-16 12:00:00,0.1910118845500849,0.0055076400679117,0.0188421052631578,0.0,0.0,0.0,0.0148896434634974,0.005006791171477,0.0017538200339558,0.0
2014-06-16 13:00:00,0.315762741652021,0.0075289982425307,0.0169015817223198,0.0,0.0,0.0,0.014933216168717,0.0050087873462214,0.001817223198594,0.117103690685413
2014-06-16 14:00:00,0.2442934027777777,0.0068576388888888,0.0288559027777777,0.0,0.0,0.0,0.0148732638888888,0.005015625,0.001796875,0.0409496527777777
2014-06-16 15:00:00,1.1984147217235188,0.0187845601436265,0.0272603231597845,0.0,0.0,0.0,0.0150215439856373,0.0243536804308797,0.0017809694793536,0.0
2014-06-16 16:00:00,0.4084579606440071,0.011813953488372,0.0219838998211091,0.0,0.0,0.0,0.0149141323792486,0.1346404293381037,0.0017853309481216,0.0793094812164579
2014-06-16 17:00:00,0.3081829710144927,0.0071829710144927,0.0173876811594202,0.0,0.0,0.0,0.0150090579710144,0.131393115942029,0.0018097826086956,0.0
2014-06-16 18:00:00,0.2283790322580645,0.011711693548387,0.0422076612903225,0.0,0.0,0.0,0.0151088709677419,0.0306532258064516,0.0018185483870967,0.0
2014-06-16 19:00:00,0.3954577319587629,0.0104907216494845,0.0219690721649484,0.0,0.0,0.0,0.0151752577319587,0.0949298969072164,0.0018391752577319,0.0
2014-06-16 20:00:00,0.5891336032388664,0.0109858299595141,0.0187692307692307,0.0,0.0,0.0,0.0149534412955465,0.1323421052631579,0.0018178137651821,0.0506801619433198
2014-06-16 21:00:00,0.6328552631578946,0.0089254385964912,0.0171030701754385,0.0,0.0,0.0,0.0149802631578947,0.094563596491228,0.0018114035087719,0.0
2014-06-16 22:00:00,0.3478435517970402,0.0086701902748414,0.0295539112050739,0.0,0.0,0.0,0.0151458773784355,0.0050063424947145,0.0018816067653276,0.0
2014-06-16 23:00:00,0.1888511904761904,0.0086587301587301,0.0225654761904761,0.0,0.0,0.0,0.0151746031746031,0.005,0.0018412698412698,0.0
2014-06-17 00:00:00,1.0883493013972056,0.0082714570858283,0.0160838323353293,0.0,0.0,0.0,0.015067864271457,0.005005988023952,0.0019041916167664,0.0
2014-06-17 01:00:00,0.6611769547325103,0.0089135802469135,0.0179814814814814,0.0,0.0,0.0,0.0151769547325102,0.0050102880658436,0.0019156378600823,0.0
2014-06-17 02:00:00,0.4906147540983606,0.0084549180327868,0.0302520491803278,0.0,0.0,0.0,0.0151270491803278,0.0085368852459016,0.0018729508196721,0.0
2014-06-17 03:00:00,0.3356868250539956,0.0085572354211663,0.0240129589632829,0.0,0.0,0.0,0.0152008639308855,0.0086241900647948,0.0019049676025917,0.0
2014-06-17 04:00:00,2.496504545454546,0.0081818181818181,0.0178181818181818,0.0,0.0,0.0,0.0152,0.0050113636363636,0.0019068181818181,0.0
2014-06-17 05:00:00,0.8463831168831168,0.0086341991341991,0.0172402597402597,0.0,0.0,0.0,0.015021645021645,0.0050021645021645,0.0018030303030303,0.0
2014-06-17 06:00:00,1.6098946280991735,0.0104545454545454,0.0194070247933884,0.0,0.0,0.0352892561983471,0.0149090909090909,0.0050206611570247,0.1186797520661157,0.1190227272727272
2014-06-17 07:00:00,0.2035483193277311,0.0167857142857142,0.0293697478991596,0.0,0.0,0.0,0.0156428571428571,0.0050063025210084,0.001844537815126,0.0
2014-06-17 08:00:00,0.1912901353965183,0.0096363636363636,0.0226943907156673,0.0,0.0,0.0,0.0160870406189555,0.0050212765957446,0.0018762088974854,0.0
2014-06-17 09:00:00,0.1891830443159923,0.0087206165703275,0.0183082851637764,0.0,0.0,0.0,0.0159865125240847,0.0050019267822736,0.0018246628131021,0.0
2014-06-17 10:00:00,0.187875,0.00685546875,0.01734375,0.0,0.0,0.0,0.016078125,0.005,0.00189453125,0.0
2014-06-17 11:00:00,0.1894640151515151,0.0060492424242424,0.026125,0.0,0.0,0.0,0.0160871212121212,0.005028409090909,0.0019090909090909,0.0
2014-06-17 12:00:00,0.1906964618249534,0.0052644320297951,0.0283500931098696,0.0,0.0,0.0,0.0161340782122905,0.0050093109869646,0.0018752327746741,0.0
2014-06-17 13:00:00,0.3149662288930581,0.0166228893058161,0.0175103189493433,0.0,0.0,0.0,0.0159606003752345,0.0252570356472795,0.0018142589118198,0.0889080675422138
2014-06-17 14:00:00,0.3114749536178107,0.0081706864564007,0.0245844155844155,0.0,0.0,0.0,0.0160278293135435,0.1349758812615955,0.0018756957328385,0.0
2014-06-17 15:00:00,1.4254114391143913,0.015330258302583,0.0344760147601476,0.0,0.0,0.0,0.0159833948339483,0.050190036900369,0.0018487084870848,0.0
2014-06-17 16:00:00,0.4266561403508772,0.0117719298245614,0.0195228070175438,0.0,0.0,0.0,0.0160719298245614,0.0584947368421052,0.0018456140350877,0.1086140350877193
2014-06-17 17:00:00,0.3131733333333333,0.0098183333333333,0.02673,0.0,0.0,0.0,0.0160666666666666,0.1330666666666666,0.00183,0.0
2014-06-17 18:00:00,0.2775833333333333,0.0078231292517006,0.0324489795918367,0.0,0.0,0.0,0.0160425170068027,0.0759302721088435,0.001875850340136,0.0
2014-06-17 19:00:00,0.4145723905723906,0.0073063973063973,0.0182878787878787,0.0,0.0,0.0,0.0161397306397306,0.135074074074074,0.0019124579124579,0.0621212121212121
2014-06-17 20:00:00,0.5315233333333333,0.0116383333333333,0.0292316666666666,0.0,0.0,0.0,0.0161483333333333,0.1288166666666666,0.001915,0.0
2014-06-17 21:00:00,0.2809283333333333,0.00769,0.0267233333333333,0.0,0.0016116666666666,0.0,0.0154783333333333,0.0050149999999999,0.0018549999999999,0.0
2014-06-17 22:00:00,0.2705933333333333,0.0076433333333333,0.0184666666666666,0.0,0.001735,0.0,0.0154733333333333,0.0050316666666666,0.001915,0.0
2014-06-17 23:00:00,0.3061443298969072,0.0092731958762886,0.0246752577319587,0.0,0.0017903780068728,0.0,0.0155034364261168,0.0050120274914089,0.0019089347079037,0.0
2014-06-18 00:00:00,0.2285966666666666,0.0073383333333333,0.0317533333333333,0.0,0.0018283333333333,0.0,0.0157383333333333,0.0050216666666666,0.001945,0.0
2014-06-18 01:00:00,1.7248414023372285,0.0074974958263772,0.0190467445742904,0.0,0.5682454090150251,0.0,0.0154540901502504,0.0050233722871452,0.0018948247078464,0.0
2014-06-18 02:00:00,0.5592978369384359,0.0073727121464226,0.0194542429284525,0.0,0.0212096505823627,0.0,0.0153727121464226,0.0082628951747088,0.0018236272878535,0.0
2014-06-18 03:00:00,0.57102,0.0074733333333333,0.0260133333333333,0.0,0.0012116666666666,0.0,0.0155333333333333,0.0088466666666666,0.001875,0.0
2014-06-18 04:00:00,2.3312316666666666,0.007065,0.0289183333333333,0.0,0.0012066666666666,0.0,0.0153266666666666,0.0050116666666666,0.0018233333333333,0.0
2014-06-18 05:00:00,3.1611915966386555,0.0087193277310924,0.0179663865546218,0.0,0.000416806722689,0.0128773109243697,0.01530756302521,0.0050050420168067,0.1235915966386554,0.1289176470588235
2014-06-18 06:00:00,0.5504474123539232,0.0092270450751252,0.0195726210350584,0.0,0.0,0.0199816360601001,0.015338898163606,0.0050016694490818,0.0018831385642737,0.0
2014-06-18 07:00:00,0.193775,0.0076233333333333,0.0314733333333333,0.0,0.0,0.0,0.0153466666666666,0.005005,0.001895,0.0
2014-06-18 08:00:00,0.3108133333333333,0.0074133333333333,0.036015,0.0,0.0,0.0,0.0153233333333333,0.0050033333333333,0.001895,0.1066416666666666
2014-06-18 09:00:00,0.193321608040201,0.0084924623115577,0.0207973199329983,0.0,0.0,0.0,0.0153333333333333,0.0050050251256281,0.0019396984924623,0.0
2014-06-18 10:00:00,0.249479865771812,0.0094630872483221,0.0356174496644295,0.0,0.0,0.0,0.0153489932885906,0.0050050335570469,0.0019110738255033,0.0
2014-06-18 11:00:00,0.1929447236180904,0.014003350083752,0.0277051926298157,0.0,0.0,0.0,0.0153969849246231,0.0050251256281407,0.0019246231155778,0.0
2014-06-18 12:00:00,0.1919465776293823,0.0076026711185308,0.0241686143572621,0.0,0.0,0.0,0.0153839732888146,0.0050150250417362,0.0019215358931552,0.0
2014-06-18 13:00:00,0.2887315436241611,0.0094412751677852,0.0394580536912751,0.0,0.0,0.0,0.0208154362416107,0.0674312080536912,0.0019630872483221,0.0
2014-06-18 14:00:00,0.243894472361809,0.0101139028475711,0.0237051926298157,0.0,0.0,0.0,0.027892797319933,0.0530167504187604,0.0019413735343383,0.0
2014-06-18 15:00:00,1.121744966442953,0.0136342281879194,0.0423204697986577,0.0,0.0,0.0,0.0221543624161073,0.0413221476510067,0.0734194630872483,0.0
2014-06-18 16:00:00,0.2612988313856427,0.0100734557595993,0.0329532554257095,0.0,0.0,0.0,0.0188914858096828,0.0708247078464106,0.0018597662771285,0.0
2014-06-18 17:00:00,0.4027733333333333,0.01648,0.0240483333333333,0.0,0.0,0.0,0.040435,0.128025,0.00185,0.065495
2014-06-18 18:00:00,0.3299966666666666,0.00997,0.0446666666666666,0.0,0.0,0.0,0.08306,0.0056866666666666,0.0018833333333333,0.0
2014-06-18 19:00:00,0.2281241610738255,0.0075234899328859,0.0254463087248322,0.0,0.0,0.0,0.0376610738255033,0.0050117449664429,0.0018473154362416,0.0
2014-06-18 20:00:00,0.456571189279732,0.0070837520938023,0.0280787269681742,0.0,0.0,0.0,0.0294505862646566,0.1264589614740368,0.001857621440536,0.0952378559463986
2014-06-18 21:00:00,0.3550255536626917,0.0092316865417376,0.0387444633730834,0.0,0.0,0.0,0.0184241908006814,0.092381601362862,0.0018228279386712,0.0
2014-06-18 22:00:00,0.1909783333333333,0.0082416666666666,0.02055,0.0,0.0,0.0,0.018645,0.0050216666666666,0.00187,0.0
2014-06-18 23:00:00,0.1941329879101899,0.0074939550949913,0.0279740932642487,0.0,0.0,0.0,0.0186131260794473,0.0050155440414507,0.0018998272884283,0.0
2014-06-19 00:00:00,0.19212,0.0069816666666666,0.0329933333333333,0.0,0.0,0.0,0.0187216666666666,0.0050066666666666,0.0019383333333333,0.0
2014-06-19 01:00:00,0.8788783333333333,0.0102449999999999,0.0204183333333333,0.0,0.0,0.0,0.01962,0.0050183333333333,0.001925,0.0
2014-06-19 02:00:00,0.3980167785234899,0.007988255033557,0.0238607382550335,0.0,0.0,0.0,0.0458355704697986,0.0082768456375838,0.0019194630872483,0.0
2014-06-19 03:00:00,0.5976983333333333,0.0099083333333333,0.03437,0.0,0.0,0.0,0.0187233333333333,0.0088333333333333,0.0019166666666666,0.0
2014-06-19 04:00:00,2.3450300000000004,0.0094316666666666,0.0191299999999999,0.0,0.0,0.0,0.0186783333333333,0.0050083333333333,0.001905,0.0
2014-06-19 05:00:00,3.02902,0.0093683333333333,0.0188366666666666,0.0,1.2435,0.03312,0.01841,0.00501,0.117085,0.1199666666666666
2014-06-19 06:00:00,0.5272271186440678,0.0075338983050847,0.0301372881355932,0.0,0.1880186440677966,0.0,0.0280135593220339,0.0050033898305084,0.0018033898305084,0.0
2014-06-19 07:00:00,0.3743016666666667,0.00708,0.0296316666666666,0.0,0.0,0.0,0.0285816666666666,0.0050066666666666,0.00177,0.1024433333333333
2014-06-19 08:00:00,0.190655,0.0068899999999999,0.0265,0.0,0.0,0.0,0.0187166666666666,0.00501,0.0018166666666666,0.0
2014-06-19 09:00:00,0.191685,0.0065483333333333,0.019125,0.0,0.0,0.0,0.018985,0.0050083333333333,0.0018583333333333,0.0
2014-06-19 10:00:00,0.1944821731748726,0.0072156196943972,0.0248726655348047,0.0,0.0,0.0,0.018792869269949,0.005,0.0017860780984719,0.0
2014-06-19 11:00:00,0.1939282136894825,0.0068848080133555,0.03059265442404,0.0,0.0,0.0,0.0188146911519198,0.0050066777963272,0.001821368948247,0.0
2014-06-19 12:00:00,0.1916197654941373,0.0084941373534338,0.0193383584589614,0.0,0.0,0.0,0.0188257956448911,0.0050301507537688,0.0018860971524288,0.0
2014-06-19 13:00:00,0.1930933786078098,0.0104346349745331,0.0198488964346349,0.0,0.0,0.0,0.0187758913412563,0.005025466893039,0.0018438030560271,0.0
2014-06-19 14:00:00,0.563320945945946,0.0085523648648648,0.0304881756756756,0.0,0.0,0.0,0.018768581081081,0.0613074324324324,0.0018260135135135,0.1183783783783783
2014-06-19 15:00:00,0.9862053422370618,0.0086994991652754,0.0294006677796327,0.0,0.0,0.0,0.0188146911519198,0.0115509181969949,0.0018380634390651,0.0
2014-06-19 16:00:00,0.5519226890756302,0.0285025210084033,0.023198319327731,0.0,0.0,0.0,0.0187731092436974,0.0301529411764705,0.1066840336134453,0.0951647058823529
2014-06-19 17:00:00,0.3170534223706177,0.0150567612687813,0.0210350584307178,0.0,0.0,0.0,0.0188013355592654,0.1339131886477462,0.0018747913188647,0.0
2014-06-19 18:00:00,0.2556661101836394,0.0117145242070116,0.0378714524207011,0.0,0.0,0.0,0.0243121869782971,0.0574090150250417,0.0019081803005008,0.0
2014-06-19 19:00:00,0.3374107744107744,0.0096195286195286,0.0176717171717171,0.0,0.0,0.0,0.019584175084175,0.1339511784511784,0.0018350168350168,0.0
2014-06-19 20:00:00,0.4289359190556492,0.0096070826306914,0.0199763912310286,0.0,0.0,0.0,0.0186441821247892,0.1318971332209106,0.0018296795952782,0.0968752107925801
2014-06-19 21:00:00,0.5637541806020068,0.0090451505016722,0.0324364548494983,0.0,0.0010267558528428,0.0,0.0186856187290969,0.0395735785953177,0.0017759197324414,0.0
2014-06-19 22:00:00,0.2563003472222222,0.0085798611111111,0.0241840277777777,0.0,0.00171875,0.0,0.0190208333333333,0.005,0.0018645833333333,0.0
2014-06-19 23:00:00,0.2826888888888889,0.008676923076923,0.0189025641025641,0.0,0.0017521367521367,0.0,0.0188136752136752,0.0050119658119658,0.0017982905982905,0.0
2014-06-20 00:00:00,0.3451692047377326,0.0061252115059221,0.0186903553299492,0.0,0.0018037225042301,0.0,0.0187681895093062,0.0050135363790186,0.0018460236886632,0.0
2014-06-20 01:00:00,1.6523299145299144,0.004608547008547,0.0320495726495726,0.0,0.5419777777777778,0.0,0.0190700854700854,0.0050119658119658,0.0018700854700854,0.0
2014-06-20 02:00:00,0.4580730050933785,0.0063921901528013,0.0269507640067911,0.0,0.062899830220713,0.0,0.0178726655348047,0.0079643463497453,0.0018573853989813,0.0
2014-06-20 03:00:00,0.8059450171821305,0.0082577319587628,0.0191082474226804,0.0,0.0012147766323024,0.0,0.0179896907216494,0.0087113402061855,0.001860824742268,0.0
2014-06-20 04:00:00,2.377343053173242,0.0138747855917667,0.018409948542024,0.0,0.001238421955403,0.0,0.0181252144082332,0.0050068610634648,0.001869639794168,0.0
2014-06-20 05:00:00,2.6490405405405406,0.0085557432432432,0.0212094594594594,0.0,0.0011621621621621,0.0,0.0178057432432432,0.005,0.0019138513513513,0.0328141891891891
2014-06-20 06:00:00,1.6762024432809774,0.0098394415357766,0.0319930191972076,3.4904013961605584e-05,0.6557993019197207,0.0626806282722513,0.0177207678883071,0.0050157068062827,0.094089005235602,0.152870855148342
2014-06-20 07:00:00,0.8850416666666666,0.0239416666666666,0.0222616666666666,0.0,0.0008133333333333,0.0,0.018315,0.00501,0.001935,0.0886233333333333
2014-06-20 08:00:00,0.3683687943262411,0.0099166666666666,0.0158634751773049,0.0,0.0,0.0,0.0183156028368794,0.0050070921985815,0.0019485815602836,0.0
2014-06-20 09:00:00,0.3031672413793103,0.0097172413793103,0.0137689655172413,0.0,0.0,0.0,0.0183362068965517,0.0050137931034482,0.001951724137931,0.0389672413793103
2014-06-20 10:00:00,0.796079258010118,0.0143591905564924,0.027008431703204,0.0,0.0,0.0,0.0215885328836424,0.0050050590219224,0.0019392917369308,0.0
2014-06-20 11:00:00,0.3007207357859532,0.0133227424749163,0.0283361204013377,0.0,0.0,0.0,0.0183511705685618,0.0050117056856187,0.0019397993311036,0.0
2014-06-20 12:00:00,0.6435237288135592,0.0150627118644067,0.0203118644067796,0.0,0.0,0.0,0.0184779661016949,0.0359762711864406,0.0019508474576271,0.1099033898305084
2014-06-20 13:00:00,0.2832274305555555,0.01253125,0.0196822916666666,0.0,0.0,0.0,0.0184444444444444,0.0924079861111111,0.0019583333333333,0.0
2014-06-20 14:00:00,0.3304568527918782,0.010736040609137,0.0406954314720812,0.0,0.0,0.0,0.0183790186125211,0.0057512690355329,0.0019475465313028,0.1180930626057529
2014-06-20 15:00:00,0.5891588946459413,0.0137063903281519,0.0302383419689119,0.0,0.0,0.0,0.0183436960276338,0.0091709844559585,0.045894645941278,0.0
2014-06-20 16:00:00,0.2966180904522613,0.0149782244556113,0.0352043551088777,0.0,0.0,0.0,0.0184154103852596,0.0900083752093802,0.0110971524288107,0.0279983249581239
2014-06-20 17:00:00,0.3338664440734557,0.0107128547579298,0.0336126878130217,0.0,0.0,0.0,0.0184307178631051,0.1309348914858097,0.0018948247078464,0.0
2014-06-20 18:00:00,0.4851316666666667,0.0140399999999999,0.0215466666666666,0.0,0.0,0.0,0.0184666666666666,0.1309416666666666,0.00188,0.07143
2014-06-20 19:00:00,0.25101,0.0106383333333333,0.04365,0.0,0.0,0.0,0.0185183333333333,0.042345,0.0019116666666666,0.0
2014-06-20 20:00:00,0.5103846153846153,0.0101590909090909,0.0229510489510489,0.0,0.0,0.0,0.0185227272727272,0.1328671328671329,0.001840909090909,0.0
2014-06-20 21:00:00,0.263295847750865,0.0114619377162629,0.0226764705882352,0.0,0.0,0.0,0.0177093425605536,0.0049913494809688,0.0018494809688581,0.0
2014-06-20 22:00:00,0.1967877758913412,0.0110543293718166,0.0384346349745331,0.0,0.0,0.0,0.0175246179966044,0.005006791171477,0.0018183361629881,0.0
2014-06-20 23:00:00,0.1880520134228188,0.0110721476510067,0.0242869127516778,0.0,0.0,0.0,0.017486577181208,0.0050201342281879,0.0018305369127516,0.0
2014-06-21 00:00:00,0.3183768844221105,0.0061507537688442,0.0203316582914572,0.0,0.0,0.0,0.0174874371859296,0.0050050251256281,0.0019162479061976,0.0
2014-06-21 01:00:00,0.9657841105354058,0.005880829015544,0.0322089810017271,0.0,0.0,0.0,0.0175509499136442,0.0050155440414507,0.001908462867012,0.0
2014-06-21 02:00:00,0.667050997782705,0.0086851441241685,0.0228359201773835,0.0,0.0,0.0,0.0174323725055432,0.008110864745011,0.0018580931263858,0.0
2014-06-21 03:00:00,0.4844869565217391,0.0109434782608695,0.0154152173913043,0.0,0.0,0.0,0.0175608695652173,0.0095239130434782,0.0019239130434782,0.0
2014-06-21 04:00:00,1.48252466367713,0.0076793721973094,0.0172309417040358,0.0,0.0,0.0,0.0175,0.00502466367713,0.0019215246636771,0.0
2014-06-21 05:00:00,1.5884549356223177,0.0098755364806866,0.0297103004291845,0.5570557939914162,0.0,0.0597467811158798,0.0173862660944206,0.0050042918454935,0.0018605150214592,0.0957038626609442
2014-06-21 06:00:00,0.2056425531914893,0.013227659574468,0.024027659574468,0.0034702127659574,0.0,0.0,0.0175744680851063,0.0050063829787234,0.0018787234042553,0.0
2014-06-21 07:00:00,0.1962305936073059,0.0102762557077625,0.0198561643835616,0.0,0.0,0.0,0.0175821917808219,0.0050022831050228,0.0018424657534246,0.0
2014-06-21 08:00:00,0.1938337078651685,0.0101303370786516,0.015705617977528,0.0,0.0,0.0,0.0174786516853932,0.0050157303370786,0.0018786516853932,0.0
2014-06-21 09:00:00,0.1974792122538293,0.0090131291028446,0.0315142231947483,0.0,0.0091028446389496,0.0,0.0174354485776805,0.0050131291028446,0.0018315098468271,0.0
2014-06-21 10:00:00,0.193058064516129,0.0120086021505376,0.0225591397849462,0.0,0.0,0.0,0.0175677419354838,0.0050086021505376,0.0018516129032258,0.0
2014-06-21 11:00:00,0.1946334841628959,0.0048959276018099,0.018052036199095,0.0,0.0,0.0,0.0176199095022624,0.0050339366515837,0.0018574660633484,0.0
2014-06-21 12:00:00,0.1928143459915611,0.0067489451476793,0.0248333333333333,0.0,0.0,0.0,0.0175991561181434,0.0050168776371308,0.0018649789029535,0.0
2014-06-21 13:00:00,0.1995701754385964,0.0099561403508771,0.0395065789473684,0.0,0.0,0.0,0.0174802631578947,0.0050175438596491,0.0019057017543859,0.0
2014-06-21 14:00:00,0.1945083333333333,0.0097624999999999,0.0220354166666666,0.0,0.0,0.0,0.01759375,0.0050125,0.0018958333333333,0.0
2014-06-21 15:00:00,0.1972575107296137,0.0118497854077253,0.022695278969957,0.0,0.0,0.0,0.0176716738197424,0.0050021459227467,0.0018798283261802,0.0
2014-06-21 16:00:00,0.197325,0.0094749999999999,0.0409288461538461,0.0,0.0,0.0,0.0175096153846153,0.0050326923076923,0.001901923076923,0.0
2014-06-21 17:00:00,0.1961705756929637,0.0089445628997867,0.0226759061833688,0.0,0.0,0.0,0.0177249466950959,0.005,0.0018827292110874,0.0
2014-06-21 18:00:00,0.1936891891891892,0.0093806306306306,0.0232072072072072,0.0,0.0,0.0,0.017563063063063,0.0050045045045045,0.0018468468468468,0.0
2014-06-21 19:00:00,0.2028714596949891,0.0090108932461873,0.0390217864923747,0.0,0.0,0.0,0.0177864923747276,0.0050130718954248,0.0018910675381263,0.0
2014-06-21 20:00:00,0.189183932346723,0.004306553911205,0.0199112050739957,0.0,0.0,0.0,0.0176659619450317,0.0050084566596194,0.0018794926004228,0.0
2014-06-21 21:00:00,0.1904424379232505,0.0045869074492099,0.0247426636568848,0.0,0.0,0.0,0.0175553047404063,0.0050158013544018,0.0019006772009029,0.0
2014-06-21 22:00:00,0.2009581497797357,0.010522026431718,0.0390088105726872,0.0,0.0,0.0,0.0176938325991189,0.005011013215859,0.0019273127753303,0.0
2014-06-21 23:00:00,0.1913403361344537,0.0097058823529411,0.0193886554621848,0.0,0.0,0.0,0.0178109243697478,0.0050231092436974,0.0019243697478991,0.0
2014-06-22 00:00:00,0.1927494356659142,0.0081760722347629,0.0178465011286681,0.0,0.0,0.0,0.0180361173814898,0.0050180586907449,0.0019751693002257,0.0
2014-06-22 01:00:00,0.1957830802603036,0.0098720173535791,0.0373882863340563,0.0,0.0,0.0,0.0177375271149674,0.0050086767895878,0.0019501084598698,0.0
2014-06-22 02:00:00,0.1980364025695931,0.0141734475374732,0.0186766595289079,0.0,0.0,0.0,0.0178244111349036,0.0084047109207708,0.0019357601713062,0.0
2014-06-22 03:00:00,0.1964989154013015,0.0090889370932754,0.0182364425162689,0.0,0.0,0.0,0.0178091106290672,0.0087852494577006,0.0019522776572668,0.0
2014-06-22 04:00:00,0.1936395348837209,0.0044883720930232,0.0277232558139534,0.0,0.0,0.0,0.0178325581395348,0.0050116279069767,0.0019465116279069,0.0
2014-06-22 05:00:00,0.1927482517482517,0.0046247086247086,0.0281212121212121,0.0,0.0,0.0,0.0175128205128205,0.005009324009324,0.0019160839160839,0.0
2014-06-22 06:00:00,0.1920364464692482,0.008881548974943,0.0181480637813211,0.0,0.0,0.0,0.0175330296127562,0.00501138952164,0.0018564920273348,0.0
2014-06-22 07:00:00,0.1947929515418502,0.0089911894273127,0.017874449339207,0.0,0.0,0.0,0.0176035242290748,0.0050044052863436,0.0017885462555066,0.0
2014-06-22 08:00:00,0.1970292792792792,0.008786036036036,0.0330608108108108,0.0,0.0,0.0,0.01759009009009,0.0050045045045045,0.0018085585585585,0.0
2014-06-22 09:00:00,0.1954924406047516,0.0092591792656587,0.0199373650107991,0.0,0.0,0.0,0.017572354211663,0.0050021598272138,0.0017710583153347,0.0
2014-06-22 10:00:00,0.1941924778761062,0.0085553097345132,0.0213650442477876,0.0,0.0,0.0,0.0175221238938053,0.005004424778761,0.0017831858407079,0.0
2014-06-22 11:00:00,0.1960282608695652,0.0097239130434782,0.0357434782608695,0.0,0.0,0.0,0.0174369565217391,0.0050086956521739,0.0018695652173913,0.0
2014-06-22 12:00:00,0.1933769751693002,0.0054627539503386,0.0306523702031602,0.0,0.0,0.0,0.0175530474040632,0.0050135440180586,0.001882618510158,0.0
2014-06-22 13:00:00,0.1900134831460674,0.0034022471910112,0.0205685393258426,0.0,0.0,0.0,0.0176067415730337,0.0050224719101123,0.0019033707865168,0.0
2014-06-22 14:00:00,0.1963662280701754,0.0093114035087719,0.0270197368421052,0.0,0.0,0.0,0.017548245614035,0.0050043859649122,0.0018552631578947,0.0
2014-06-22 15:00:00,0.1960525164113785,0.0101159737417943,0.0333347921225382,0.0,0.0,0.0,0.0176280087527352,0.0050175054704595,0.0018730853391684,0.0
2014-06-22 16:00:00,0.1942997903563941,0.0090754716981132,0.0256100628930817,0.0,0.0,0.0,0.0175220125786163,0.0050041928721174,0.0018050314465408,0.0
2014-06-22 17:00:00,0.3711594827586207,0.0168771551724137,0.0495387931034482,0.0,0.0,0.0,0.0174439655172413,0.0424870689655172,0.0018836206896551,0.1210107758620689
2014-06-22 18:00:00,0.3427733050847457,0.019978813559322,0.034103813559322,0.0,0.0,0.0,0.0173983050847457,0.1436525423728813,0.0018177966101694,0.0
2014-06-22 19:00:00,0.4720410367170626,0.0112440604751619,0.0369460043196544,0.0,0.0,0.0,0.0175377969762419,0.1501166306695464,0.0019092872570194,0.0976177105831533
2014-06-22 20:00:00,0.5733075221238938,0.0125022123893805,0.0467699115044247,0.0,0.0,0.0,0.0174955752212389,0.1294048672566371,0.0019026548672566,0.0
2014-06-22 21:00:00,0.3497722342733189,0.010407809110629,0.0472646420824295,0.0,0.0007136659436008,0.0,0.0175010845986984,0.0755770065075921,0.0019110629067245,0.0
2014-06-22 22:00:00,0.1968017817371938,0.0089955456570155,0.0316815144766147,0.0,0.0017416481069042,0.0,0.0175612472160356,0.005011135857461,0.0018685968819599,0.0
2014-06-22 23:00:00,0.2017113636363636,0.0089795454545454,0.040465909090909,0.0,0.0017477272727272,0.0,0.0175272727272727,0.0050113636363636,0.0018636363636363,0.0
2014-06-23 00:00:00,0.2034094827586207,0.0088922413793103,0.038989224137931,0.0,0.0018362068965517,0.0,0.0174956896551724,0.0050107758620689,0.0018900862068965,0.0
2014-06-23 01:00:00,0.7687264573991031,0.0084910313901345,0.0335852017937219,0.0,0.5429192825112108,0.0,0.0175515695067264,0.0050112107623318,0.0018901345291479,0.0
2014-06-23 02:00:00,0.323693359375,0.006951171875,0.022736328125,0.0,0.079,0.0,0.017671875,0.00947265625,0.0019140625,0.0
2014-06-23 03:00:00,0.2000703624733475,0.003818763326226,0.0353752665245202,0.0,0.0012025586353944,0.0,0.0177782515991471,0.0085778251599147,0.0019339019189765,0.0
2014-06-23 04:00:00,2.475552036199095,0.0068461538461538,0.0322737556561086,0.0,0.001210407239819,0.0,0.0176606334841628,0.0050090497737556,0.0018846153846153,0.0
2014-06-23 05:00:00,1.6046689497716895,0.0080388127853881,0.0173173515981735,0.0,0.0011712328767123,0.0,0.0174680365296803,0.0050205479452054,0.0529817351598173,0.1257990867579908
2014-06-23 06:00:00,0.9132347140039448,0.0145976331360946,0.0318500986193293,0.0,4.733727810650888e-05,0.0257968441814595,0.0174240631163708,0.0050118343195266,0.0346627218934911,0.0
2014-06-23 07:00:00,0.2701428571428572,0.0092505175983436,0.0239648033126293,0.0,0.0,0.0,0.0174513457556935,0.0050144927536231,0.0017267080745341,0.0755631469979296
2014-06-23 08:00:00,0.2055112474437627,0.0124580777096114,0.027402862985685,0.0,0.0,0.0,0.0174233128834355,0.0050102249488752,0.0017750511247443,0.0
2014-06-23 09:00:00,0.216142578125,0.011015625,0.028171875,0.012,0.0,0.0,0.017392578125,0.0050078125,0.001783203125,0.0
2014-06-23 10:00:00,0.1998641975308642,0.0123055555555555,0.03325,0.0,0.0,0.0,0.0174753086419753,0.0050092592592592,0.0017685185185185,0.0
2014-06-23 11:00:00,0.3956132879045996,0.0169659284497444,0.019175468483816,0.0,0.0,0.0,0.0175008517887563,0.0081362862010221,0.0018398637137989,0.090526405451448
2014-06-23 12:00:00,0.4191294117647058,0.0208453781512605,0.0392117647058823,0.0,0.0,0.0,0.0174403361344537,0.0270605042016806,0.0017294117647058,0.0001613445378151
2014-06-23 13:00:00,0.2817597955706984,0.0252623509369676,0.0199063032367972,0.0,0.0,0.0,0.0175161839863713,0.0915621805792163,0.0018109028960817,0.0
2014-06-23 14:00:00,0.7325520134228188,0.0252852348993288,0.0270033557046979,0.0,0.0,0.0,0.0175989932885906,0.1306392617449664,0.0018154362416107,0.0802701342281879
2014-06-23 15:00:00,0.8131899827288428,0.0239861830742659,0.0331450777202072,0.0,0.0,0.0,0.0174317789291882,0.0427426597582038,0.0017996545768566,0.0
2014-06-23 16:00:00,0.5944536862003781,0.0180359168241966,0.0218525519848771,0.0,0.0,0.0,0.0174499054820415,0.0241587901701323,0.0018525519848771,0.0850831758034026
2014-06-23 17:00:00,0.3206653771760154,0.0143384912959381,0.0365067698259187,0.0,0.0,0.0,0.0175802707930367,0.1317311411992263,0.0018394584139264,0.0
2014-06-23 18:00:00,0.2032337662337662,0.0188961038961038,0.024925788497217,0.0,0.0,0.0,0.0199294990723562,0.0168961038961038,0.0018330241187384,0.0
2014-06-23 19:00:00,0.3847709497206704,0.0200782122905027,0.0194655493482309,0.0,0.0,0.0,0.0635828677839851,0.01,0.001877094972067,0.0636443202979515
2014-06-23 20:00:00,0.5731192307692308,0.0204730769230769,0.0417461538461538,0.0,0.0,0.0,0.085225,0.1347730769230769,0.001901923076923,0.0
2014-06-23 21:00:00,0.2926381322957198,0.012476653696498,0.0211770428015564,0.0,0.0,0.0,0.021056420233463,0.0280603112840466,0.0018268482490272,0.0
2014-06-23 22:00:00,0.1963320537428023,0.0106794625719769,0.0181593090211132,0.0,0.0,0.0,0.0173781190019193,0.0050019193857965,0.0018886756238003,0.0
2014-06-23 23:00:00,0.1978891089108911,0.011029702970297,0.0326752475247524,0.0,0.0,0.0,0.0174534653465346,0.0050118811881188,0.0018732673267326,0.0
2014-06-24 00:00:00,0.1950676229508196,0.0128299180327868,0.0272971311475409,0.0,0.0,0.0,0.0174774590163934,0.0050081967213114,0.0019098360655737,0.0
2014-06-24 01:00:00,0.829544,0.00889,0.019284,0.0,0.0,0.0,0.017428,0.005006,0.0019219999999999,0.0
2014-06-24 02:00:00,0.2625020161290322,0.0082701612903225,0.0219213709677419,0.0,0.0,0.0020645161290322,0.0174899193548387,0.0081350806451612,0.0019395161290322,0.0
2014-06-24 03:00:00,0.686,0.0090896414342629,0.0336972111553784,0.0,0.0,0.0,0.0174541832669322,0.0085677290836653,0.0019362549800796,0.0
2014-06-24 04:00:00,2.283096907216495,0.0255628865979381,0.0186989690721649,0.0,0.0,0.0,0.0173463917525773,0.0050041237113402,0.0018639175257731,0.0
2014-06-24 05:00:00,1.3980957642725598,0.0106298342541436,0.0159134438305709,0.0,0.0,0.0254659300184162,0.0172099447513812,0.0050165745856353,0.0864235727440147,0.1102062615101289
2014-06-24 06:00:00,0.3608114901256732,0.0111903052064631,0.0252280071813285,0.0,0.0,0.0,0.0171705565529623,0.0309910233393177,0.0018563734290843,0.0
2014-06-24 07:00:00,0.2325575868372943,0.0101645338208409,0.0272614259597806,0.0,0.0,0.0,0.0172669104204753,0.006489945155393,0.0018793418647166,0.0
2014-06-24 08:00:00,0.3210578661844485,0.0276401446654611,0.0235641952983725,0.0,0.0,0.0,0.0173417721518987,0.005005424954792,0.0019041591320072,0.0964954792043399
2014-06-24 09:00:00,0.2458869731800766,0.0175842911877394,0.0317030651340996,0.0,0.0,0.0,0.017367816091954,0.0050057471264367,0.008691570881226,0.0371072796934865
2014-06-24 10:00:00,0.2022975352112676,0.015044014084507,0.0248591549295774,0.0,0.0,0.0,0.017431338028169,0.0050017605633802,0.0018116197183098,0.0
2014-06-24 11:00:00,0.2988455008488964,0.016025466893039,0.023220713073005,0.0,0.0,0.0,0.0173633276740237,0.1085246179966044,0.001855687606112,0.0
2014-06-24 12:00:00,0.2718358974358974,0.0223179487179487,0.0365111111111111,0.0,0.0,0.0,0.0175452991452991,0.0654957264957265,0.0018735042735042,0.0
2014-06-24 13:00:00,0.3033293718166383,0.016383701188455,0.024704584040747,0.0,0.0,0.0,0.017446519524618,0.1114193548387096,0.0018387096774193,0.0
2014-06-24 14:00:00,0.2907210084033613,0.0175579831932773,0.0218756302521008,0.0,0.0,0.0,0.0175529411764705,0.0123176470588235,0.0018319327731092,0.0788756302521008
2014-06-24 15:00:00,0.269728813559322,0.0175813559322033,0.0417305084745762,0.0,0.0,0.0,0.0172796610169491,0.0703610169491525,0.0017779661016949,0.0
2014-06-24 16:00:00,1.1469816666666666,0.0150133333333333,0.02503,0.0,0.0,0.0,0.01726,0.13184,0.0018316666666666,0.0
2014-06-24 17:00:00,1.1437828282828282,0.0139309764309764,0.0191329966329966,0.0,0.0,0.0,0.0173181818181818,0.1311329966329966,0.0018417508417508,0.0559646464646464
2014-06-24 18:00:00,0.3634816053511706,0.0117424749163879,0.0374949832775919,0.0,0.0,0.0,0.0172792642140468,0.1414899665551839,0.0018076923076923,0.0230635451505016
2014-06-24 19:00:00,0.354744537815126,0.0101176470588235,0.0188487394957983,0.0,0.0,0.0,0.0174033613445378,0.1520470588235294,0.0018554621848739,0.0
2014-06-24 20:00:00,0.4386090604026846,0.0153389261744966,0.0201476510067114,0.0,0.0,0.0,0.0173708053691275,0.1518439597315436,0.0018573825503355,0.0
2014-06-24 21:00:00,0.2507705192629815,0.0122747068676716,0.0382110552763819,0.0,0.0,0.0,0.0173500837520938,0.0189028475711892,0.0018542713567839,0.0
2014-06-24 22:00:00,0.1886137123745819,0.0095033444816053,0.0190953177257525,0.0,0.0,0.0,0.0173327759197324,0.005005016722408,0.0019080267558528,0.0
2014-06-24 23:00:00,0.1914792013311148,0.0090316139767054,0.0187054908485856,0.0,0.0,0.0,0.0173560732113144,0.0050033277870216,0.0019201331114808,0.0
2014-06-25 00:00:00,0.1913706176961603,0.0085175292153589,0.0269332220367278,0.0,0.0,0.0,0.0173589315525876,0.005008347245409,0.0019181969949916,0.0
2014-06-25 01:00:00,0.8701749999999999,0.0082066666666666,0.0302216666666666,0.0,0.0,0.0,0.0172766666666666,0.0050266666666666,0.0019266666666666,0.0
2014-06-25 02:00:00,0.3815838926174497,0.0081140939597315,0.0191191275167785,0.0,0.0,0.0,0.0174010067114093,0.0081812080536912,0.0019463087248322,0.0
2014-06-25 03:00:00,0.5332922794117647,0.0076029411764705,0.0175680147058823,0.0,0.0,0.0,0.017375,0.0077922794117647,0.0019099264705882,0.0
2014-06-25 04:00:00,2.3820377358490563,0.0078010291595197,0.018197255574614,0.0,0.0,0.0,0.0173464837049742,0.0050068610634648,0.0018370497427101,0.0
2014-06-25 05:00:00,1.612111111111111,0.0078787878787878,0.0311717171717171,0.0,0.0,0.0,0.0172306397306397,0.005006734006734,0.0018282828282828,0.0
2014-06-25 06:00:00,0.8977546531302877,0.0081641285956006,0.024321489001692,0.0,0.0,0.0305076142131979,0.017248730964467,0.0050067681895093,0.0998595600676819,0.1031082910321489
2014-06-25 07:00:00,0.2859248747913189,0.0093889816360601,0.018372287145242,0.0,0.0,0.0,0.0172687813021702,0.0050116861435726,0.001923205342237,0.0883989983305509
2014-06-25 08:00:00,0.1910118043844856,0.0110101180438448,0.020610455311973,0.0,0.0,0.0,0.0172124789207419,0.0050185497470489,0.0019190556492411,0.0
2014-06-25 09:00:00,0.1933641025641025,0.0087401709401709,0.0191743589743589,0.0,0.0,0.0,0.0171282051282051,0.0050205128205128,0.0019333333333333,0.0
2014-06-25 10:00:00,0.2779463667820069,0.0085138408304498,0.0345311418685121,0.0,0.0,0.0,0.0172525951557093,0.0050034602076124,0.0019186851211072,0.0866297577854671
2014-06-25 11:00:00,0.2855297113752122,0.0177809847198641,0.0249728353140916,0.0,0.0,0.0,0.0173056027164685,0.0050152801358234,0.0019235993208828,0.081641765704584
2014-06-25 12:00:00,0.254989898989899,0.0139747474747474,0.0204612794612794,0.0,0.0,0.0,0.0237070707070707,0.0619141414141414,0.0018922558922558,0.0
2014-06-25 13:00:00,0.3251807228915663,0.0102151462994836,0.0230636833046471,0.0,0.0,0.0,0.0307263339070568,0.1327555938037865,0.001907056798623,0.0
2014-06-25 14:00:00,0.4000238500851789,0.0130017035775127,0.0395400340715502,0.0,0.0,0.0,0.0183850085178875,0.131839863713799,0.0019131175468483,0.0696064735945485
2014-06-25 15:00:00,0.455730050933786,0.0156485568760611,0.023327674023769,2.7164685908319183e-05,0.0,0.0,0.0428285229202037,0.0271086587436332,0.0019083191850594,0.0
2014-06-25 16:00:00,0.4580204429301533,0.0141431005110732,0.019747870528109,0.0,0.0,0.0069778534923339,0.0201311754684838,0.0316183986371379,0.0019369676320272,0.0
2014-06-25 17:00:00,0.423569514237856,0.0159983249581239,0.0337839195979899,0.0,0.0,0.0,0.020179229480737,0.133964824120603,0.0019145728643216,0.0895644891122278
2014-06-25 18:00:00,0.3372931034482759,0.0131741379310344,0.0342603448275862,0.0,0.0,0.0,0.0242568965517241,0.1316413793103448,0.0018913793103448,0.0
2014-06-25 19:00:00,0.3567600671140939,0.0174563758389261,0.0220973154362416,0.0,0.0,0.0,0.0218120805369127,0.131738255033557,0.0019345637583892,0.0
2014-06-25 20:00:00,0.3715296108291032,0.0107225042301184,0.0200575296108291,0.0,0.0001996615905245,0.0,0.0200372250423011,0.0817715736040609,0.0019373942470389,0.0
2014-06-25 21:00:00,0.2134682274247491,0.0097591973244147,0.0326806020066889,0.0,0.0017859531772575,0.0,0.018628762541806,0.0050083612040133,0.0019581939799331,0.0
2014-06-25 22:00:00,0.1921803005008347,0.0083372287145242,0.0238180300500834,0.0,0.0017328881469115,0.0,0.0184590984974958,0.0050100166944908,0.0019782971619365,0.0
2014-06-25 23:00:00,0.1907117750439367,0.0070913884007029,0.0209683655536028,0.0,0.0018137082601054,0.0,0.0185659050966608,0.0050035149384885,0.0019472759226713,0.0
2014-06-26 00:00:00,0.1971466666666666,0.0072683333333333,0.01943,0.0,0.0017766666666666,0.0,0.01849,0.00501,0.0019666666666666,0.0
2014-06-26 01:00:00,1.4847233333333334,0.0076316666666666,0.0350233333333333,0.0,0.5116683333333334,0.0,0.0184783333333333,0.00501,0.0019716666666666,6.666666666666668e-06
2014-06-26 02:00:00,0.7719043624161074,0.0086359060402684,0.0282567114093959,0.0,0.001229865771812,0.0,0.0184328859060402,0.0082063758389261,0.0019546979865771,0.0
2014-06-26 03:00:00,0.1979449999999999,0.0086683333333333,0.0186033333333333,0.0,0.00122,0.01984,0.0183583333333333,0.0090366666666666,0.0019516666666666,0.0
2014-06-26 04:00:00,2.376958263772955,0.0088347245409015,0.0183906510851419,0.0,0.0012404006677796,0.0,0.0184390651085141,0.005008347245409,0.0019616026711185,0.0
2014-06-26 05:00:00,2.0602698412698413,0.0071156462585034,0.0177210884353741,0.0,0.7879410430839002,0.0394648526077097,0.0181746031746031,0.0050045351473922,0.0672086167800453,0.1010566893424036
2014-06-26 06:00:00,0.4431062801932367,0.0118768115942028,0.0293743961352657,0.0,0.0500990338164251,0.0,0.0182294685990338,0.0050024154589371,0.0017222222222222,0.1123454106280193
2014-06-26 07:00:00,0.2291133004926108,0.0095443349753694,0.0243004926108374,0.0,0.0,0.0,0.0189950738916256,0.0050270935960591,0.0016896551724137,0.0
2014-06-26 08:00:00,0.4420020964360587,0.0091320754716981,0.0201781970649895,0.0,0.0,0.0,0.0184360587002096,0.0050272536687631,0.0017945492662473,0.134503144654088
2014-06-26 09:00:00,0.2229661016949152,0.0086737288135593,0.0168792372881355,0.0,0.0,0.0,0.0184639830508474,0.0050148305084745,0.0017796610169491,7.415254237288135e-05
2014-06-26 10:00:00,0.1912343434343434,0.0077333333333333,0.0197616161616161,0.0,0.0,0.0,0.018450505050505,0.0050040404040404,0.0018020202020202,0.0
2014-06-26 11:00:00,0.1986017505470459,0.010398249452954,0.0412560175054704,0.0001925601750547,0.0,0.0,0.0183807439824945,0.0050196936542669,0.0017636761487964,0.0
2014-06-26 12:00:00,0.1941027667984189,0.0151166007905138,0.0219249011857707,0.0,0.0,0.0,0.0185652173913043,0.0050138339920948,0.0018280632411067,0.0
2014-06-26 13:00:00,0.3769175438596491,0.0094228070175438,0.0169175438596491,0.0,0.0,0.0,0.0183807017543859,0.0050052631578947,0.0018403508771929,0.1667368421052631
2014-06-26 14:00:00,0.6864355716878403,0.0083284936479128,0.0334373865698729,0.0,0.0,0.0,0.018562613430127,0.0050290381125226,0.0018620689655172,0.0
2014-06-26 15:00:00,1.2249401869158878,0.0135551401869158,0.0241121495327102,3.7383177570093454e-05,0.0,0.0,0.0184598130841121,0.005018691588785,0.0018766355140186,0.0
2014-06-26 16:00:00,0.3002563636363636,0.0142454545454545,0.0311890909090909,0.0,0.0,0.0,0.0259654545454545,0.0050036363636363,0.0018127272727272,0.0931709090909091
2014-06-26 17:00:00,0.3399836956521739,0.0151884057971014,0.0353605072463768,0.0,0.0,0.0,0.0185181159420289,0.132856884057971,0.0018786231884057,0.0154474637681159
2014-06-26 18:00:00,0.4047977272727273,0.0105454545454545,0.0204545454545454,0.0,0.0,0.0,0.01875,0.1317113636363636,0.0018522727272727,0.0909136363636363
2014-06-26 19:00:00,0.3333849557522124,0.0111061946902654,0.0332323008849557,0.0,0.0,0.0,0.0187632743362831,0.131716814159292,0.001933628318584,0.0
2014-06-26 20:00:00,0.3790106837606837,0.0060042735042735,0.0247735042735042,0.0,0.0,0.0,0.0185470085470085,0.1317692307692307,0.0018504273504273,0.0
2014-06-26 21:00:00,0.4641875,0.008625,0.018,0.0,0.0012129629629629,0.0,0.018511574074074,0.0487337962962962,0.0018564814814814,0.0
2014-06-26 22:00:00,0.1940022624434389,0.0054434389140271,0.0314773755656108,0.0,0.0017941176470588,0.0,0.0184638009049773,0.005,0.0017601809954751,0.0
2014-06-26 23:00:00,0.1948547619047619,0.0076928571428571,0.027147619047619,0.0,0.0016404761904761,0.0,0.0185238095238095,0.005,0.0018547619047619,0.0
2014-06-27 00:00:00,0.3316881496881497,0.0106444906444906,0.0174407484407484,0.0,0.0017484407484407,0.0,0.0184615384615384,0.005004158004158,0.0018149688149688,0.0
2014-06-27 01:00:00,1.3524545454545456,0.0082292490118577,0.0199802371541501,0.0,1.0686719367588933,0.0,0.0184505928853754,0.0050039525691699,0.001794466403162,0.0
2014-06-27 02:00:00,0.311175965665236,0.0089656652360515,0.0319141630901287,0.0,0.0492081545064377,0.0,0.0184935622317596,0.0083648068669527,0.0018218884120171,0.0
2014-06-27 03:00:00,0.7153352490421456,0.0097816091954022,0.0200383141762452,0.0,0.0,0.0,0.0211609195402298,0.0082030651340996,0.0018180076628352,0.0
2014-06-27 04:00:00,2.7221616766467065,0.009942115768463,0.0215788423153692,0.0,0.0,0.0,0.0184630738522954,0.0050099800399201,0.0018323353293413,0.0
2014-06-27 05:00:00,1.3892814814814816,0.0135259259259259,0.0190074074074074,0.0,0.0,0.0,0.0185135802469135,0.0050123456790123,0.0018172839506172,0.0
2014-06-27 06:00:00,2.669208154506438,0.0125987124463519,0.0295450643776824,0.0,0.684324034334764,0.038469957081545,0.0183476394849785,0.005019313304721,0.0769549356223175,0.1473240343347639
2014-06-27 07:00:00,0.623615894039735,0.0100242825607064,0.0295783664459161,0.0,0.0641346578366446,0.0,0.0183178807947019,0.0854282560706401,0.0018940397350993,0.0852825607064017
2014-06-27 08:00:00,0.3541538461538461,0.0034337606837606,0.0178397435897435,0.0,0.0,0.0,0.0183525641025641,0.0474294871794871,0.0018995726495726,0.0
2014-06-27 09:00:00,0.3231592233009709,0.007557281553398,0.0171281553398058,0.0,0.0,0.0,0.0184582524271844,0.0050135922330097,0.0018990291262135,0.0692640776699029
2014-06-27 10:00:00,0.2192594501718213,0.0064948453608247,0.0199845360824742,0.0,0.0,0.0,0.0222353951890034,0.0050240549828178,0.00193470790378,0.0
2014-06-27 11:00:00,0.4483888888888889,0.0106222222222222,0.0298277777777777,0.0,0.0,0.0501907407407407,0.0184222222222222,0.0124537037037037,0.0515129629629629,0.1203518518518518
2014-06-27 12:00:00,0.2018391472868217,0.0115,0.0262151162790697,0.0,0.0,0.0,0.0209651162790697,0.0053856589147286,0.0018895348837209,0.0
2014-06-27 13:00:00,0.2099285714285714,0.00775,0.0211845238095238,0.0,0.0,0.0,0.0190376984126984,0.0050218253968253,0.0018273809523809,0.0
2014-06-27 14:00:00,0.3279847619047619,0.0112190476190476,0.0205371428571428,0.0,0.0,0.0,0.0185695238095238,0.0273447619047619,0.0018838095238095,0.0918533333333333
2014-06-27 15:00:00,0.6722571428571429,0.0144521008403361,0.0178201680672268,0.0,0.0,0.0,0.018635294117647,0.0426420168067226,0.052781512605042,0.0
2014-06-27 16:00:00,0.3833490566037736,0.0143811320754716,0.0322377358490566,0.0,0.0,0.0,0.0189622641509433,0.0866509433962264,0.001843396226415,0.1072698113207547
2014-06-27 17:00:00,0.321675294117647,0.0123129411764705,0.0304941176470588,0.0,0.0,0.0,0.0187270588235294,0.1315129411764705,0.00188,0.0
2014-06-27 18:00:00,0.417572706935123,0.0087158836689038,0.018979865771812,0.0,0.0,0.0,0.0845995525727069,0.131579418344519,0.0019127516778523,0.000572706935123
2014-06-27 19:00:00,0.5409547872340426,0.0100132978723404,0.0180664893617021,0.0,0.0,0.0,0.0726356382978723,0.1318829787234042,0.0018989361702127,0.0379441489361702
2014-06-27 20:00:00,0.5075224215246636,0.0142062780269058,0.0271838565022421,0.0,0.0,0.0,0.0152578475336322,0.0874215246636771,0.0018228699551569,0.0
2014-06-27 21:00:00,0.3925787321063395,0.0038241308793456,0.0281963190184049,0.0,0.0,0.0,0.0152331288343558,0.0050204498977505,0.0019079754601226,0.0
2014-06-27 22:00:00,0.3528985507246376,0.0037995169082125,0.0206570048309178,0.0,0.0,0.0,0.0151618357487922,0.0050169082125603,0.0018454106280193,0.0
2014-06-27 23:00:00,0.3377699999999999,0.0078575,0.0196625,0.0,0.0,0.0,0.0152699999999999,0.0050149999999999,0.00186,0.0
2014-06-28 00:00:00,0.2105734597156398,0.0107156398104265,0.0183933649289099,0.0,0.0,0.0,0.0152985781990521,0.0050142180094786,0.0018862559241706,0.0
2014-06-28 01:00:00,1.120707207207207,0.0090247747747747,0.0291959459459459,0.0,0.0,0.0,0.0152297297297297,0.0050225225225225,0.0018333333333333,0.0
2014-06-28 02:00:00,1.0823262910798122,0.0079671361502347,0.025225352112676,0.0,0.0,0.0,0.0150821596244131,0.008150234741784,0.0018075117370892,0.0
2014-06-28 03:00:00,0.1957408312958435,0.009320293398533,0.0190440097799511,0.0,0.0,0.0,0.0153007334963325,0.0088533007334963,0.0018581907090464,0.0
2014-06-28 04:00:00,2.535076372315036,0.0120238663484486,0.0278186157517899,0.0,0.0,0.0,0.0153651551312649,0.0050262529832935,0.0018830548926014,0.0
2014-06-28 05:00:00,1.6230881670533643,0.0030116009280742,0.0181600928074245,0.0,0.0,0.0,0.0152389791183294,0.0050116009280742,0.0018283062645011,0.0
2014-06-28 06:00:00,1.701914691943128,0.0150331753554502,0.0256990521327014,0.4368009478672986,0.0,0.0387535545023696,0.0152227488151658,0.0050094786729857,0.0018056872037914,0.1198578199052132
2014-06-28 07:00:00,0.1961654676258993,0.0047721822541966,0.02389448441247,0.007410071942446,0.0,0.0,0.015220623501199,0.0050071942446043,0.0017697841726618,0.0
2014-06-28 08:00:00,0.3401232876712329,0.0163013698630137,0.0168127853881278,0.0006826484018264,0.0,0.0333835616438356,0.015093607305936,0.0050136986301369,0.001769406392694,0.1197762557077625
2014-06-28 09:00:00,0.5237369565217391,0.0072760869565217,0.0189239130434782,0.000641304347826,0.0,0.0,0.0150608695652173,0.0050065217391304,0.0017782608695652,0.0
2014-06-28 10:00:00,0.698245145631068,0.013126213592233,0.0255145631067961,5.339805825242718e-05,0.0,0.0462184466019417,0.0152160194174757,0.005009708737864,0.0224951456310679,0.1405703883495145
2014-06-28 11:00:00,0.1997937649880096,0.0172398081534772,0.0396858513189448,0.0,0.0,0.0,0.0152350119904076,0.0050215827338129,0.0018105515587529,0.0
2014-06-28 12:00:00,0.1915256723716381,0.0093887530562347,0.0223594132029339,0.0,0.0,0.0,0.0152469437652811,0.0050122249388753,0.0018166259168704,0.0
2014-06-28 13:00:00,0.2748674418604651,0.0089511627906976,0.0217906976744186,0.0,0.0,0.0,0.0151976744186046,0.0050232558139534,0.0018441860465116,0.0
2014-06-28 14:00:00,0.4712665198237885,0.0167885462555066,0.0224493392070484,0.0,0.0,0.0,0.015295154185022,0.1127665198237885,0.0018127753303964,0.1041674008810572
2014-06-28 15:00:00,0.3307465753424657,0.0264018264840182,0.0372808219178082,0.0,0.0,0.0,0.0152511415525114,0.132579908675799,0.0018447488584474,0.0
2014-06-28 16:00:00,0.3050486618004866,0.0017883211678832,0.0375231143552311,0.0,0.0,0.0,0.0151094890510948,0.1324087591240876,0.0018418491484184,0.0
2014-06-28 17:00:00,1.378230593607306,0.0228447488584474,0.0224269406392694,0.0,0.0,0.0,0.0152442922374429,0.1032077625570776,0.0752009132420091,0.0964109589041096
2014-06-28 18:00:00,0.3120134831460674,0.0161483146067415,0.0187887640449438,0.0,0.0,0.0,0.0152134831460674,0.1327887640449438,0.001952808988764,0.0
2014-06-28 19:00:00,0.6090269662921348,0.0026853932584269,0.0339280898876404,0.0,0.0,0.0,0.0152359550561797,0.1324696629213483,0.0019460674157303,0.0951370786516854
2014-06-28 20:00:00,0.7013846153846154,0.0194131868131868,0.0268593406593406,0.0,0.0,0.0,0.0152483516483516,0.1323494505494505,0.0019472527472527,0.0
2014-06-28 21:00:00,0.8522230215827339,0.0129952038369304,0.0203956834532374,0.0,0.0,0.0,0.0152829736211031,0.1321486810551558,0.0019520383693045,0.0
2014-06-28 22:00:00,0.340443396226415,0.0022853773584905,0.0224669811320754,0.0,0.0,0.0,0.0153254716981132,0.0080117924528301,0.0019787735849056,0.0
2014-06-28 23:00:00,0.3922412177985948,0.0144824355971896,0.0481334894613583,0.0,0.0,0.0,0.0153583138173302,0.0050163934426229,0.0019601873536299,0.0
2014-06-29 00:00:00,0.3398140589569161,0.0008843537414965,0.0323333333333333,0.0,0.0,0.0,0.0153628117913832,0.0050498866213151,0.0019614512471655,0.0
2014-06-29 01:00:00,0.3656542056074766,0.0134088785046728,0.0182710280373831,0.0,0.0,0.0,0.0152009345794392,0.0050070093457943,0.0019439252336448,0.0
2014-06-29 02:00:00,0.2938396946564885,0.0134503816793893,0.0178956743002544,0.0,0.0,0.0,0.0152519083969465,0.0081882951653944,0.0019592875318066,0.0
2014-06-29 03:00:00,1.001978102189781,0.0003795620437956,0.0226569343065693,0.0,0.0,0.0,0.0152749391727493,0.0088807785888077,0.0019586374695863,0.0
2014-06-29 04:00:00,3.1195485327313768,0.0143634311512415,0.0337990970654627,0.0,0.0,0.0,0.0151647855530474,0.0050112866817155,0.0019503386004514,0.0
2014-06-29 05:00:00,1.1871775,0.0,0.0243275,0.0,0.0,0.0,0.0152225,0.0050225,0.0019575,0.0
2014-06-29 06:00:00,2.3464345794392525,0.0136191588785046,0.020626168224299,0.0005981308411214,0.0,0.0,0.0151518691588785,0.0050046728971962,0.0018855140186915,0.1437873831775701
2014-06-29 07:00:00,0.4666386768447837,0.0157099236641221,0.017325699745547,0.0,0.0,0.0,0.0150737913486005,0.0050076335877862,0.0018854961832061,0.0
2014-06-29 08:00:00,0.2983866995073891,1.7241379310344828e-05,0.0208842364532019,0.0,0.0,0.0,0.0150763546798029,0.0050098522167487,0.0018694581280788,0.089667487684729
2014-06-29 09:00:00,0.3250538461538462,0.0147666666666666,0.0330948717948717,0.0,0.0,0.0,0.0249051282051282,0.0050102564102564,0.0018820512820512,0.1060974358974359
2014-06-29 10:00:00,0.1958014354066985,0.0132703349282296,0.0242918660287081,0.0,0.0,0.0,0.0169066985645933,0.0050095693779904,0.00188995215311,0.0
2014-06-29 11:00:00,0.5063301435406699,0.0014641148325358,0.0256842105263157,0.0,0.0,0.0,0.0197177033492822,0.0108086124401913,0.0019043062200956,0.1456937799043062
2014-06-29 12:00:00,0.3233690205011389,0.0136469248291571,0.0201480637813211,0.0,0.0,0.0,0.0210933940774487,0.0549271070615034,0.0019407744874715,0.0
2014-06-29 13:00:00,0.2229780487804878,0.0115780487804878,0.0254219512195121,0.0,0.0,0.0,0.016790243902439,0.0050097560975609,0.0019268292682926,0.0
2014-06-29 14:00:00,0.1877892156862745,0.0,0.0331299019607843,0.0,0.0,0.0,0.0152843137254901,0.0050245098039215,0.0019117647058823,0.0
2014-06-29 15:00:00,0.1887966903073286,0.0116548463356974,0.0185579196217494,0.0,0.0,0.0,0.015080378250591,0.0050118203309692,0.0019338061465721,0.0
2014-06-29 16:00:00,0.1906747787610619,0.0074070796460176,0.0203849557522123,0.0,0.0,0.0,0.0152234513274336,0.0050022123893805,0.0019225663716814,0.0
2014-06-29 17:00:00,0.1898188073394495,0.0072454128440366,0.0213669724770642,0.0,0.0,0.0,0.0152293577981651,0.0050183486238532,0.0019220183486238,0.0
2014-06-29 18:00:00,0.1902969121140142,0.0066769596199524,0.0257600950118764,0.0,0.0,0.0,0.0152541567695962,0.0050095011876484,0.0019453681710213,0.0
2014-06-29 19:00:00,0.1885659090909091,0.003525,0.0257613636363636,0.0,0.0,0.0,0.0152772727272727,0.0050136363636363,0.0019227272727272,0.0
2014-06-29 20:00:00,0.1899864253393665,0.0038574660633484,0.0178348416289592,0.0,0.0,0.0,0.0151515837104072,0.0050113122171945,0.0019411764705882,0.0
2014-06-29 21:00:00,0.7537414965986394,0.0100362811791383,0.0177641723356009,0.0,0.0003378684807256,0.0,0.0152403628117913,0.1156122448979591,0.0018866213151927,0.1007687074829931
2014-06-29 22:00:00,0.2188676122931442,0.0081749408983451,0.0230898345153664,0.0,0.0017683215130023,0.0,0.0152695035460992,0.0050165484633569,0.0019148936170212,0.0
2014-06-29 23:00:00,0.3602064965197215,0.0075359628770301,0.0299257540603248,0.0,0.0017331786542923,0.0,0.0152389791183294,0.0050185614849187,0.0019744779582366,0.0
2014-06-30 00:00:00,0.3398840909090909,0.0074818181818181,0.0221204545454545,0.0,0.001790909090909,0.0,0.0152886363636363,0.0050136363636363,0.0019454545454545,0.0
2014-06-30 01:00:00,0.4738175182481752,0.0075693430656934,0.0208613138686131,0.0,0.1133892944038929,0.0,0.0153454987834549,0.0050218978102189,0.0019464720194647,0.0
2014-06-30 02:00:00,0.7027587064676617,0.0,0.0234527363184079,0.0,0.4279850746268657,0.0,0.0152985074626865,0.0084378109452736,0.0019427860696517,0.0
2014-06-30 03:00:00,0.3695831381733021,0.00803981264637,0.0209086651053864,0.0,0.0012599531615925,0.0,0.0152295081967213,0.0092131147540983,0.0019484777517564,0.0
2014-06-30 04:00:00,2.6105068493150685,0.0123036529680365,0.0211849315068493,0.0,0.0013196347031963,0.0,0.0152876712328767,0.0050251141552511,0.0019406392694063,0.0
2014-06-30 05:00:00,1.7544110576923075,0.0069254807692307,0.0283365384615384,0.0,0.0010649038461538,0.0,0.0152067307692307,0.0050432692307692,0.1067283653846153,0.1659230769230769
2014-06-30 06:00:00,0.40321875,0.0111919642857142,0.0207700892857142,0.0,0.0,0.0171651785714285,0.0150647321428571,0.0050178571428571,0.0017589285714285,0.0
2014-06-30 07:00:00,0.2659849462365591,0.0089311827956989,0.0162150537634408,0.0,0.0,0.0,0.0862752688172043,0.0050129032258064,0.0017505376344086,0.0
2014-06-30 08:00:00,0.3134807256235827,0.0090045351473922,0.0184058956916099,0.0,0.0,0.0,0.0338843537414966,0.005,0.0018049886621315,0.0883650793650793
2014-06-30 09:00:00,0.2152754880694143,0.0105531453362255,0.0143275488069414,0.0,0.0,0.0,0.0379088937093275,0.0050390455531453,0.0018503253796095,0.0
2014-06-30 10:00:00,0.1981976047904191,0.0115598802395209,0.0216017964071856,0.0,0.0,0.0,0.0172395209580838,0.0050269461077844,0.0018952095808383,0.0
2014-06-30 11:00:00,0.2399570661896243,0.0081091234347048,0.0301610017889087,0.0,0.0,0.0,0.0172701252236135,0.0050178890876565,0.0018300536672629,0.0525724508050089
2014-06-30 12:00:00,0.3473140350877193,0.0151701754385964,0.0186807017543859,0.0,0.0,0.032378947368421,0.0171947368421052,0.0050175438596491,0.001838596491228,0.1086298245614035
2014-06-30 13:00:00,0.1906084745762712,0.0042406779661016,0.0217067796610169,0.0,0.0,0.0,0.0172915254237288,0.0050389830508474,0.0018508474576271,0.0
2014-06-30 14:00:00,0.3076518010291595,0.0093807890222984,0.0201698113207547,0.0,0.0,0.0,0.0172984562607204,0.0050188679245283,0.0018627787307032,0.1061646655231561
2014-06-30 15:00:00,1.335710616438356,0.0137465753424657,0.024320205479452,0.0,0.0,0.0,0.0172859589041095,0.0740958904109589,0.0190188356164383,0.0
2014-06-30 16:00:00,0.3792378472222222,0.0117725694444444,0.0348402777777777,0.0,0.0,0.0,0.0390694444444444,0.13246875,0.02978125,0.0
2014-06-30 17:00:00,0.4738774774774775,0.0098792792792792,0.0197477477477477,0.0,0.0,0.0,0.0914936936936937,0.1311351351351351,0.0019171171171171,0.0909855855855855
2014-06-30 18:00:00,0.3120779727095517,0.0099317738791423,0.0204424951267056,0.0,0.0,0.0,0.0209649122807017,0.1314873294346978,0.001906432748538,0.0
2014-06-30 19:00:00,0.3854457831325301,0.0100863453815261,0.0245,0.0,0.0,0.0,0.0174899598393574,0.055214859437751,0.0019036144578313,0.1258172690763052
2014-06-30 20:00:00,0.4338286937901499,0.0089122055674518,0.0314025695931477,0.0,0.0,0.0,0.0173618843683083,0.1533918629550321,0.0018865096359743,0.0
2014-06-30 21:00:00,0.351161214953271,0.0114626168224299,0.0242383177570093,0.0,0.0,0.0,0.017322429906542,0.0529672897196261,0.0018411214953271,0.0
2014-06-30 22:00:00,0.1872327586206896,0.0081551724137931,0.0183081896551724,0.0,0.0,0.0,0.0173405172413793,0.0050323275862068,0.0018900862068965,0.0
2014-06-30 23:00:00,0.1924784580498866,0.0126757369614512,0.0178480725623582,0.0,0.0,0.0,0.0173809523809523,0.0050272108843537,0.0019047619047619,0.0
2014-07-01 00:00:00,0.1998205128205128,0.0084149184149184,0.029034965034965,0.0,0.0,0.0,0.0174708624708624,0.005037296037296,0.0018927738927738,0.0
2014-07-01 01:00:00,0.8196733780760626,0.0078724832214765,0.0264854586129753,0.0,0.0,0.0,0.0172774049217002,0.0050044742729306,0.0018255033557046,0.0
2014-07-01 02:00:00,0.3566981132075472,0.0073962264150943,0.0174444444444444,0.0005366876310272,0.0,0.0,0.017314465408805,0.007943396226415,0.0018280922431865,0.0
2014-07-01 03:00:00,0.7946911764705883,0.0,0.0171838235294117,0.0,0.0,0.0,0.0173799019607843,0.0065147058823529,0.0019019607843137,0.0
2014-07-01 04:00:00,2.5204679911699777,0.0071501103752759,0.0218785871964679,0.0,0.0,0.0,0.0172582781456953,0.0050198675496688,0.0018852097130242,0.0
2014-07-01 05:00:00,1.4017403846153846,0.006625,0.0234711538461538,0.0,0.0,0.0,0.0172576923076923,0.0050076923076923,0.0336326923076923,0.0
2014-07-01 06:00:00,0.7011409395973154,0.0105822147651006,0.0301543624161073,0.0,0.0,0.0340050335570469,0.0173020134228187,0.0050117449664429,0.1149630872483221,0.0736090604026845
2014-07-01 07:00:00,0.4715625,0.0072355769230769,0.0158149038461538,0.0,0.0,0.0,0.0172692307692307,0.0050192307692307,0.0018461538461538,0.0671442307692307
2014-07-01 08:00:00,0.1910634146341463,0.0132512195121951,0.016870731707317,0.0,0.0,0.0,0.017190243902439,0.0050170731707317,0.0017463414634146,0.0
2014-07-01 09:00:00,0.2336916099773242,0.0098934240362811,0.0158049886621315,0.0,0.0,0.0,0.0172154195011337,0.0050181405895691,0.0017641723356009,0.041922902494331
2014-07-01 10:00:00,0.1983957219251337,0.0116096256684491,0.0245989304812834,0.0,0.0,0.0,0.0172727272727272,0.0050133689839572,0.0031443850267379,0.0
2014-07-01 11:00:00,0.2609354838709677,0.0118238213399503,0.035925558312655,0.0,0.0,0.0,0.0796153846153846,0.0050074441687344,0.0018411910669975,0.0
2014-07-01 12:00:00,0.216389423076923,0.0185673076923076,0.0,0.0,0.0,0.0,0.0488125,0.0050192307692307,0.0017788461538461,0.0
2014-07-01 13:00:00,0.2200670391061452,0.0059385474860335,0.0293491620111731,0.0,0.0,0.0,0.0279553072625698,0.0283379888268156,0.0017877094972067,0.0
2014-07-01 14:00:00,0.3900749279538905,0.0049567723342939,0.0274178674351585,0.0,0.0,0.0,0.0249250720461095,0.1342420749279539,0.0018155619596541,0.0723400576368876
2014-07-01 15:00:00,0.7426366197183099,0.0218422535211267,0.0165408450704225,0.0,0.0,0.0,0.0182732394366197,0.0768084507042253,0.181081690140845,0.0
2014-07-01 16:00:00,0.3236488095238095,0.0042321428571428,0.0322291666666666,0.0,0.0,0.0,0.0177559523809523,0.133125,0.0064375,0.0
2014-07-01 17:00:00,0.3172449392712551,0.0100344129554655,0.0193076923076923,0.0,0.0,0.0,0.0171234817813765,0.1321821862348178,0.0018340080971659,0.0
2014-07-01 18:00:00,0.3042366737739872,0.0089872068230277,0.0160703624733475,0.0,0.0,0.0,0.0172537313432835,0.1320575692963752,0.0018123667377398,0.0
2014-07-01 19:00:00,0.2725242914979757,0.015242914979757,0.0354574898785425,0.0,0.0,0.0,0.0173704453441295,0.086748987854251,0.0018724696356275,0.0
2014-07-01 20:00:00,0.3001845493562232,0.0091051502145922,0.0198798283261802,0.0,0.0002618025751072,0.0,0.0171909871244635,0.0960429184549356,0.0017832618025751,0.0
2014-07-01 21:00:00,0.4764213836477987,0.0087987421383647,0.0178029350104821,0.0,0.0019685534591194,0.0,0.0171635220125786,0.0450524109014675,0.0017505241090146,0.0
2014-07-01 22:00:00,0.1929495798319327,0.0093088235294117,0.0371449579831932,0.0,0.001626050420168,0.0,0.0182142857142857,0.0050084033613445,0.001813025210084,0.0
2014-07-01 23:00:00,0.3245392354124748,0.0087203219315895,0.0308309859154929,0.0,0.001907444668008,0.0,0.0172756539235412,0.0050060362173038,0.0018571428571428,0.0
2014-07-02 00:00:00,0.7902177589852009,0.0089556025369978,0.017522198731501,0.0,0.0018668076109936,0.0,0.0172896405919661,0.0050169133192389,0.0018202959830866,0.0
2014-07-02 01:00:00,0.5211117764471057,0.0093213572854291,0.0207764471057884,0.0,0.0017445109780439,0.0,0.017187624750499,0.0050119760479041,0.0018722554890219,0.0
2014-07-02 02:00:00,0.6547875536480686,0.0114678111587982,0.0268648068669527,0.0,0.0017982832618025,0.0,0.0172145922746781,0.0084291845493562,0.0018240343347639,0.0
2014-07-02 03:00:00,0.3510388768898488,0.0077710583153347,0.0271900647948164,0.0,0.0018552915766738,0.0,0.0172894168466522,0.0094881209503239,0.0018596112311015,0.0
2014-07-02 04:00:00,2.7665175644028106,0.0084660421545667,0.0176697892271662,0.0,0.1671709601873536,0.0,0.0173395784543325,0.0050140515222482,0.0018243559718969,0.0
2014-07-02 05:00:00,2.603771812080537,0.0141991051454138,0.0159351230425055,0.0,0.1529395973154362,0.0426129753914988,0.0171476510067114,0.0050201342281879,0.1002058165548098,0.1244474272930648
2014-07-02 06:00:00,0.1915652173913043,0.004858123569794,0.0154324942791762,0.0,0.0,0.0,0.0170823798627002,0.0050068649885583,0.0017826086956521,0.0
2014-07-02 07:00:00,0.3206361111111111,0.0120722222222222,0.0419333333333333,0.0,0.0001777777777777,0.0,0.0171027777777777,0.0050083333333333,0.0017749999999999,0.1076833333333333
2014-07-02 08:00:00,0.2455829383886256,0.0149810426540284,0.01871327014218,0.0,0.0,0.0,0.0205260663507109,0.0146943127962085,0.0018767772511848,0.0
2014-07-02 09:00:00,0.2994784810126582,0.0116810126582278,0.0366911392405063,0.0,0.0,0.0354708860759493,0.0211493670886075,0.0060126582278481,0.0086962025316455,0.0432430379746835
2014-07-02 10:00:00,0.1999880668257756,0.0108520286396181,0.0198066825775656,0.0,0.0,0.0,0.0292052505966587,0.006,0.0019045346062052,0.0
2014-07-02 11:00:00,0.4089927360774818,0.021685230024213,0.0308910411622276,0.0,0.0,0.0,0.0182832929782082,0.06509200968523,0.0019031476997578,0.122002421307506
2014-07-02 12:00:00,0.2784465558194774,0.0146294536817102,0.0354228028503562,0.0,0.0,0.0,0.0215605700712589,0.0891591448931116,0.0019073634204275,0.0
2014-07-02 13:00:00,0.2346963855421686,0.0075807228915662,0.0332698795180722,0.0,0.0,0.0,0.0172746987951807,0.0500722891566265,0.0019301204819277,0.0
2014-07-02 14:00:00,0.7539669811320755,0.0079268867924528,0.0252688679245283,0.0,0.0,0.0,0.0172924528301886,0.1337547169811321,0.0019481132075471,0.0733490566037736
2014-07-02 15:00:00,1.4848853333333334,0.0139733333333333,0.0344453333333333,0.0,0.0,0.0,0.0172746666666666,0.0100346666666666,0.0019626666666666,0.0
2014-07-02 16:00:00,0.2946426735218509,0.0126709511568123,0.0221362467866323,0.0,0.0,0.0,0.0172467866323907,0.0578997429305912,0.0428766066838046,0.0287609254498714
2014-07-02 17:00:00,0.3571554959785523,0.0136032171581769,0.0419571045576407,0.0,0.0,5.361930294906166e-06,0.0172278820375335,0.1329731903485254,0.0017747989276139,0.022798927613941
2014-07-02 18:00:00,0.3246972010178117,0.0107048346055979,0.0191017811704834,0.0,0.0,0.0,0.0172595419847328,0.1349160305343511,0.0018625954198473,0.0
2014-07-02 19:00:00,0.3914611650485437,0.0073592233009708,0.039626213592233,0.0,0.0,0.0,0.0174417475728155,0.1516165048543689,0.001881067961165,0.0
2014-07-02 20:00:00,0.3033697674418604,0.0092255813953488,0.0157279069767441,0.0,0.0,0.0,0.0173976744186046,0.0826232558139535,0.0019209302325581,0.0
2014-07-02 21:00:00,0.2076864864864864,0.0102324324324324,0.0320684684684684,0.0,0.0,0.0,0.0173297297297297,0.005027027027027,0.0018918918918918,0.0
2014-07-02 22:00:00,0.1885519630484988,0.0104919168591224,0.0250646651270207,0.0,0.0,0.0,0.0174803695150115,0.0050046189376443,0.0018937644341801,0.0
2014-07-02 23:00:00,0.2008650442477876,0.0084115044247787,0.0168849557522123,0.0,0.0,0.0,0.0173893805309734,0.0210995575221238,0.0019048672566371,0.0
2014-07-03 00:00:00,0.6244478935698449,0.0078625277161862,0.0401884700665188,0.0,0.0,0.0,0.0173968957871396,0.0121662971175166,0.0019135254988913,0.0
2014-07-03 01:00:00,0.5252982885085574,0.0095965770171149,0.0203422982885085,0.0,0.0,0.0,0.0173985330073349,0.0050073349633251,0.0018777506112469,0.0
2014-07-03 02:00:00,0.746992443324937,0.0087229219143576,0.0187732997481108,0.0,0.0,0.0,0.0172896725440806,0.0081158690176322,0.0019319899244332,0.0
2014-07-03 03:00:00,0.1928181818181818,0.008011961722488,0.0324330143540669,0.0,0.0,0.0,0.0173014354066985,0.0082990430622009,0.0019138755980861,0.0
2014-07-03 04:00:00,2.399100737100737,0.005078624078624,0.0265675675675675,0.0,0.0,0.0,0.0172678132678132,0.005007371007371,0.0019041769041769,0.0
2014-07-03 05:00:00,5.053995495495496,0.0094121621621621,0.0160315315315315,0.0,1.2637049549549548,0.0477297297297297,0.0171351351351351,0.0050067567567567,0.1034031531531531,0.1317409909909909
2014-07-03 06:00:00,0.7833070175438596,0.0094100877192982,0.0170197368421052,0.0,0.4035657894736842,0.0,0.0172083333333333,0.0050065789473684,0.0066754385964912,0.0
2014-07-03 07:00:00,1.417920634920635,0.0084074074074074,0.0301798941798941,0.0,0.9598253968253968,0.0,0.0172513227513227,0.005021164021164,0.0018994708994708,0.0870952380952381
2014-07-03 08:00:00,0.2638888888888889,0.0091203703703703,0.0245578703703703,0.0,0.030875,0.0,0.017011574074074,0.0050046296296296,0.0019004629629629,0.0
2014-07-03 09:00:00,0.5626605504587157,0.0084449541284403,0.0204885321100917,0.0,0.0001169724770642,0.0,0.0169082568807339,0.0050183486238532,0.0018348623853211,0.0760481651376146
2014-07-03 10:00:00,0.6905787037037037,0.0094305555555555,0.0209560185185185,0.0,0.0,0.0,0.0171736111111111,0.0050023148148148,0.0018842592592592,0.0
2014-07-03 11:00:00,0.2046264775413711,0.0106382978723404,0.0401891252955082,0.0,0.0,0.0,0.025789598108747,0.00503073286052,0.0019219858156028,0.0
2014-07-03 12:00:00,0.3107882352941176,0.0134070588235294,0.0178729411764705,0.0,0.0,0.0,0.0500047058823529,0.0050023529411764,0.0019435294117647,0.079035294117647
2014-07-03 13:00:00,0.2997639902676399,0.0114622871046228,0.0217323600973236,0.0,0.0,0.0,0.051661800486618,0.0218053527980535,0.0019318734793187,0.0408199513381995
2014-07-03 14:00:00,0.2778107416879795,0.0107468030690537,0.0360639386189258,0.0,0.0,0.0,0.0358184143222506,0.0050281329923273,0.0019130434782608,0.0569386189258312
2014-07-03 15:00:00,1.019905128205128,0.0123589743589743,0.0186641025641025,0.0,0.0,0.0,0.0172641025641025,0.0050102564102564,0.0019487179487179,0.0
2014-07-03 16:00:00,0.4761742081447963,0.015735294117647,0.0201628959276018,0.0,0.0,0.0,0.01720814479638,0.0847239819004524,0.0665565610859728,0.1084705882352941
2014-07-03 17:00:00,0.3188305084745763,0.0144842615012106,0.0370726392251816,0.0,0.0,0.0,0.0172106537530266,0.1308716707021792,0.0018353510895883,0.0
2014-07-03 18:00:00,0.2873198090692124,0.0100238663484486,0.0241050119331742,0.0,0.0,0.0,0.0172911694510739,0.1067422434367541,0.0019045346062052,0.0
2014-07-03 19:00:00,0.3923693467336683,0.0084045226130653,0.020824120603015,0.0,0.0,0.0,0.0172638190954773,0.0940201005025125,0.0018618090452261,0.0784547738693467
2014-07-03 20:00:00,0.3648468271334792,0.0091094091903719,0.0266323851203501,0.0,0.0,0.0,0.0173150984682713,0.1508949671772428,0.0018490153172866,0.0
2014-07-03 21:00:00,0.3356128266033254,0.0128123515439429,0.0391520190023753,0.0,0.0,0.0,0.0172707838479809,0.054313539192399,0.001897862232779,0.0
2014-07-03 22:00:00,0.1867836538461538,0.0121610576923076,0.0196129807692307,0.0,0.0,0.0,0.0173918269230769,0.0050072115384615,0.0019182692307692,0.0
2014-07-03 23:00:00,0.1837630922693267,0.0060623441396508,0.020932668329177,0.0,0.0,0.0,0.0173740648379052,0.0050174563591022,0.0019401496259351,0.0
2014-07-04 00:00:00,0.1901145038167939,0.0060458015267175,0.0345216284987277,0.0,0.0,0.0,0.0173307888040712,0.0050229007633587,0.0019287531806615,0.0
2014-07-04 01:00:00,0.8644436090225565,0.0122781954887218,0.026593984962406,0.0,0.0,0.0,0.0173082706766917,0.005,0.0019348370927318,0.0
2014-07-04 02:00:00,0.4650877192982456,0.0094160401002506,0.0194260651629072,0.0,0.0,0.0,0.01731328320802,0.0083834586466165,0.0019172932330827,0.0
2014-07-04 03:00:00,0.5198033573141487,0.0106258992805755,0.020705035971223,0.0,0.0,0.0,0.0173525179856115,0.0088345323741007,0.001925659472422,0.0
2014-07-04 04:00:00,4.460316901408451,0.0103967136150234,0.0330798122065727,0.0,0.0858990610328638,0.0,0.0173943661971831,0.005018779342723,0.0934788732394366,0.1124859154929577
2014-07-04 05:00:00,1.1952731707317072,0.0189390243902439,0.0296097560975609,0.0,0.5516146341463415,0.0339756097560975,0.0172658536585365,0.0050146341463414,0.0022365853658536,0.0
2014-07-04 06:00:00,0.3106379310344827,0.0104630541871921,0.0265591133004926,0.0,0.0,0.0,0.0171773399014778,0.005,0.0019137931034482,0.1114187192118226
2014-07-04 07:00:00,0.3117002518891688,0.0147657430730478,0.0173652392947103,0.0,0.0,0.0,0.0171662468513853,0.0050151133501259,0.0018916876574307,0.0
2014-07-04 08:00:00,0.4436923076923076,0.0095687645687645,0.0267179487179487,0.0,0.0,0.0,0.017034965034965,0.005004662004662,0.0018648018648018,0.0908135198135198
2014-07-04 09:00:00,0.5070808314087759,0.0096882217090069,0.0323002309468822,0.0,0.0,0.0,0.0173048498845265,0.0196258660508083,0.0018983833718244,0.0191916859122401
2014-07-04 10:00:00,0.3556370558375635,0.0137715736040609,0.0196624365482233,0.0,0.0,0.0,0.049248730964467,0.0261598984771573,0.0019035532994923,0.0
2014-07-04 11:00:00,0.2817843601895735,0.0138838862559241,0.0204170616113744,0.0,0.0,0.0,0.0183601895734597,0.0262417061611374,0.0018649289099526,0.0592985781990521
2014-07-04 12:00:00,0.2604666666666666,0.0108444444444444,0.0269555555555555,0.0,0.0,0.0,0.0184,0.0738666666666666,0.0018962962962962,0.0
2014-07-04 13:00:00,0.1945812917594654,0.0081247216035634,0.0349510022271714,0.0,0.0,0.0,0.0185189309576837,0.0057461024498886,0.0019042316258351,0.0
2014-07-04 14:00:00,0.1862892376681614,0.0082040358744394,0.0183363228699551,0.0,0.0,0.0,0.018396860986547,0.005,0.0019125560538116,0.0
2014-07-04 15:00:00,0.5180799031476997,0.0081719128329297,0.0251138014527845,0.0,0.0,0.0,0.0185859564164648,0.0835520581113801,0.0107384987893462,0.0825544794188862
2014-07-04 16:00:00,0.7777937219730942,0.0155358744394618,0.0331278026905829,0.0,0.0,0.0,0.0185313901345291,0.105134529147982,0.1837152466367713,0.0
2014-07-04 17:00:00,0.4391483979763912,0.0150775716694772,0.0302799325463743,0.0,0.0,0.0,0.0184536256323777,0.1308414839797639,0.0018465430016863,0.1031787521079258
2014-07-04 18:00:00,0.3282759259259259,0.0070129629629629,0.0239481481481481,0.0,0.0,0.0,0.0327462962962962,0.130924074074074,0.0018592592592592,0.0
2014-07-04 19:00:00,0.3068104575163398,0.0070348583877995,0.0215424836601307,0.0,0.0,0.0,0.0185795206971677,0.0622026143790849,0.001912854030501,0.0
2014-07-04 20:00:00,0.6972464788732394,0.0132042253521126,0.0428474178403755,0.0,0.0,0.0,0.0185023474178403,0.1440281690140845,0.001894366197183,0.0
2014-07-04 21:00:00,0.8001882352941178,0.0140894117647058,0.0315011764705882,0.0,0.0,0.0,0.0186423529411764,0.0977505882352941,0.0017858823529411,0.0
2014-07-04 22:00:00,0.1978687350835322,0.009599045346062,0.0183126491646778,0.0,0.0,0.0,0.0185011933174224,0.0050095465393794,0.0018758949880668,0.0
2014-07-04 23:00:00,0.3341939252336448,0.0096098130841121,0.0197126168224299,0.0,0.0,0.0,0.0187079439252336,0.005018691588785,0.0019042056074766,0.0
2014-07-05 00:00:00,0.1927315914489311,0.0094085510688836,0.0311757719714964,0.0,0.0,0.0,0.018750593824228,0.0050071258907363,0.0018907363420427,0.0
2014-07-05 01:00:00,0.853633971291866,0.0075741626794258,0.029755980861244,0.0,0.0,0.0,0.0185837320574162,0.0050143540669856,0.0018851674641148,0.0
2014-07-05 02:00:00,0.856,0.0101775,0.02027,0.0,0.0,0.0,0.0186,0.0084324999999999,0.00184,0.0
2014-07-05 03:00:00,0.1927403846153846,0.0091177884615384,0.0195432692307692,0.0,0.0,0.0,0.0186033653846153,0.0086730769230769,0.0019014423076923,0.0
2014-07-05 04:00:00,2.579712589073634,0.0106698337292161,0.0207078384798099,0.0,0.0,0.0,0.0188361045130641,0.0050118764845605,0.0019216152019002,0.0
2014-07-05 05:00:00,2.437768878718536,0.0104691075514874,0.0363890160183066,0.0,0.0,0.0364324942791762,0.0184553775743707,0.0050091533180778,0.0018649885583524,0.0901510297482837
2014-07-05 06:00:00,0.2080643564356435,0.011269801980198,0.0208613861386138,0.0,0.0,0.0,0.0186336633663366,0.0050148514851485,0.0018787128712871,0.0
2014-07-05 07:00:00,0.1866060606060606,0.010020979020979,0.0193589743589743,0.0,0.0,0.0,0.0184592074592074,0.005011655011655,0.0018368298368298,0.0
2014-07-05 08:00:00,0.1910954653937947,0.0092696897374701,0.0177541766109785,0.0,0.0,0.0,0.0184868735083532,0.0050119331742243,0.0018233890214797,0.0
2014-07-05 09:00:00,0.1863463414634146,0.0069878048780487,0.0227585365853658,0.0,0.0,0.0,0.0187292682926829,0.0050195121951219,0.0019146341463414,0.0
2014-07-05 10:00:00,0.1898921568627451,0.0056053921568627,0.0339509803921568,0.0,0.0,0.0,0.0185833333333333,0.0050220588235294,0.001892156862745,0.0
2014-07-05 11:00:00,0.1939641148325359,0.0188636363636363,0.0251722488038277,0.0,0.0,0.0,0.018688995215311,0.005011961722488,0.0018947368421052,0.0
2014-07-05 12:00:00,0.3086231155778894,0.0276407035175879,0.0203266331658291,0.0,0.0,0.053894472361809,0.0186909547738693,0.0050100502512562,0.0353919597989949,0.0071557788944723
2014-07-05 13:00:00,0.1907105263157894,0.0157368421052631,0.0238995215311004,0.0,0.0,0.0,0.0188157894736842,0.0050430622009569,0.0019354066985645,0.0
2014-07-05 14:00:00,0.1962469135802469,0.0197259259259259,0.0356024691358024,0.0,0.0,0.0,0.018753086419753,0.0050123456790123,0.0019259259259259,0.0
2014-07-05 15:00:00,0.187110294117647,0.0057769607843137,0.0312107843137254,0.0,0.0,0.0,0.0184926470588235,0.0050098039215686,0.0018970588235294,0.0
2014-07-05 16:00:00,0.1957302325581395,0.0145651162790697,0.023013953488372,0.0,0.0,0.0,0.0185395348837209,0.0050046511627906,0.0018348837209302,0.0
2014-07-05 17:00:00,0.6515128865979382,0.0170463917525773,0.0243092783505154,0.0,0.0,0.0,0.0185979381443298,0.1059046391752577,0.0018530927835051,0.0
2014-07-05 18:00:00,0.5174676616915422,0.0155696517412935,0.0394378109452736,0.0,0.0,0.0,0.0220721393034825,0.1292512437810945,0.0611616915422885,0.1201243781094527
2014-07-05 19:00:00,0.3798922716627634,0.0171311475409836,0.0224847775175644,0.0,0.0,0.0,0.0186065573770491,0.1306463700234192,0.0435081967213114,0.0
2014-07-05 20:00:00,0.4201348600508906,0.0144147582697201,0.0226590330788804,0.0,0.0,0.0,0.0185928753180661,0.1359109414758269,0.0019262086513994,0.0
2014-07-05 21:00:00,0.5630536585365853,0.0129243902439024,0.0249414634146341,0.0,0.0,0.0,0.0185829268292682,0.1503951219512195,0.0019195121951219,0.0
2014-07-05 22:00:00,0.2799692307692307,0.013221978021978,0.0320571428571428,0.0,0.0,0.0,0.0187912087912087,0.0412087912087912,0.0019560439560439,0.0
2014-07-05 23:00:00,0.1895393700787401,0.0053444881889763,0.02051968503937,0.0,0.0,0.0,0.0188464566929133,0.005021653543307,0.0019271653543307,0.0
2014-07-06 00:00:00,0.3177449799196787,0.0069397590361445,0.0196365461847389,0.0,0.0,0.0,0.0189658634538152,0.005008032128514,0.0019658634538152,0.0
2014-07-06 01:00:00,0.1987040358744394,0.0108587443946188,0.02954932735426,0.0,0.0,0.0,0.0189663677130044,0.005,0.0019596412556053,0.0
2014-07-06 02:00:00,0.6312185430463576,0.008841059602649,0.0290529801324503,0.0,0.0,0.0,0.0187969094922737,0.0083863134657836,0.0019690949227373,0.0
2014-07-06 03:00:00,0.6778352144469526,0.0088577878103837,0.0205959367945823,0.0,0.0,0.0,0.0187968397291196,0.0092979683972911,0.0019525959367945,0.0
2014-07-06 04:00:00,2.953490566037736,0.0142641509433962,0.0208700209643605,0.0,0.0,0.0,0.0185974842767295,0.0050146750524109,0.0019475890985324,0.0
2014-07-06 05:00:00,1.11227352297593,0.0094420131291028,0.0179365426695842,0.3087527352297593,0.0,0.0,0.0185579868708971,0.0050065645514223,0.0019015317286652,0.068089715536105
2014-07-06 06:00:00,2.1290989247311827,0.0098344086021505,0.0302494623655914,0.2535612903225806,0.0,0.0,0.0184623655913978,0.0050021505376344,0.0018043010752688,0.0
2014-07-06 07:00:00,0.8908912213740459,0.0147595419847328,0.0229332061068702,0.0007614503816793,0.0,0.0,0.0184103053435114,0.0050076335877862,0.0018091603053435,0.0949198473282442
2014-07-06 08:00:00,0.1947961904761904,0.0112419047619047,0.0271828571428571,0.0003657142857142,0.0,0.0,0.0184228571428571,0.0050057142857142,0.0018095238095238,0.0
2014-07-06 09:00:00,0.1902052730696798,0.0115423728813559,0.0190866290018832,0.0,0.0,0.0,0.0183427495291902,0.0050037664783427,0.0017777777777777,0.0
2014-07-06 10:00:00,0.189646694214876,0.0101962809917355,0.0189256198347107,0.0,0.0,0.0,0.0183760330578512,0.0050061983471074,0.0017892561983471,0.0
2014-07-06 11:00:00,0.2841103896103896,0.0088852813852813,0.0307272727272727,0.0,0.0,0.0333528138528138,0.0184610389610389,0.0050108225108225,0.0057683982683982,0.0604588744588744
2014-07-06 12:00:00,0.3704442060085837,0.0113283261802575,0.0245901287553648,0.0,0.0,0.0431866952789699,0.0521394849785407,0.0050085836909871,0.0393969957081545,0.0420236051502145
2014-07-06 13:00:00,0.3048418708240534,0.0116792873051224,0.0204409799554565,0.0,0.0,0.0,0.0173830734966592,0.1267015590200445,0.0019576837416481,0.0
2014-07-06 14:00:00,0.3086510067114094,0.010145413870246,0.0212259507829977,0.0,0.0,0.0,0.0179910514541387,0.1311901565995525,0.0019328859060402,0.0
2014-07-06 15:00:00,1.410025291828794,0.0188871595330739,0.0366867704280155,0.0,0.0,0.0,0.018420233463035,0.1312976653696498,0.0019046692607003,0.0
2014-07-06 16:00:00,1.029,0.0080086767895878,0.0258763557483731,0.0,0.0,0.0,0.0184728850325379,0.1312516268980477,0.0018958785249457,0.0
2014-07-06 17:00:00,0.4641920529801325,0.0167130242825607,0.0220044150110375,0.0,0.0,0.0,0.0183841059602649,0.1304415011037527,0.0624415011037527,0.0671986754966887
2014-07-06 18:00:00,0.4253432539682539,0.0100813492063492,0.0264345238095238,0.0,0.0,0.0,0.0184186507936507,0.1309007936507936,0.0017797619047619,0.0
2014-07-06 19:00:00,0.6270217391304348,0.0097782608695652,0.0413260869565217,0.0,0.0,0.0,0.0186043478260869,0.1246934782608695,0.0018347826086956,0.0
2014-07-06 20:00:00,0.617719222462203,0.0093628509719222,0.0176393088552915,0.0,0.0,0.0,0.0183390928725701,0.1306997840172786,0.0018034557235421,0.0
2014-07-06 21:00:00,0.4262836734693877,0.0089775510204081,0.0204530612244897,0.0,0.0,0.0,0.0184142857142857,0.0784102040816326,0.0017489795918367,0.0
2014-07-06 22:00:00,0.2072718052738336,0.0086916835699797,0.0320730223123732,0.0,0.0,0.0,0.0183813387423935,0.0187809330628803,0.0018255578093306,0.0
2014-07-06 23:00:00,0.1915946547884187,0.009044543429844,0.028305122494432,0.0,0.0,0.0,0.0184320712694877,0.0050133630289532,0.0018708240534521,0.0
2014-07-07 00:00:00,0.1859260969976905,0.0053602771362586,0.0197182448036951,0.0,0.0,0.0,0.0184988452655889,0.005,0.001824480369515,0.0
2014-07-07 01:00:00,0.5244320175438596,0.0043859649122807,0.0217258771929824,0.0,0.0,0.0,0.0185197368421052,0.0050219298245614,0.0018793859649122,0.0
2014-07-07 02:00:00,0.6429439775910364,0.0080924369747899,0.023798319327731,0.0,0.0,0.0,0.0185042016806722,0.005,0.0018627450980392,0.0
2014-07-07 03:00:00,,,,,,,,,,
2014-07-07 04:00:00,,,,,,,,,,
2014-07-07 05:00:00,,,,,,,,,,
2014-07-07 06:00:00,,,,,,,,,,
2014-07-07 07:00:00,,,,,,,,,,
2014-07-07 08:00:00,0.373453531598513,1.486988847583643e-05,0.0382825278810408,0.0,0.0,0.0,0.018453531598513,0.005,0.0018698884758364,0.1871412639405204
2014-07-07 09:00:00,0.1937070707070707,0.01303367003367,0.0191161616161616,0.0,0.0,0.0,0.018526936026936,0.0050151515151515,0.0017828282828282,0.0
2014-07-07 10:00:00,0.1910731132075472,0.0064339622641509,0.0209009433962264,0.0,0.0,0.0,0.0183820754716981,0.0050094339622641,0.00175,0.0
2014-07-07 11:00:00,0.2196937119675456,0.0104766734279918,0.0229148073022312,0.0,0.0,0.0,0.0184320486815415,0.0304908722109533,0.0018316430020283,0.0
2014-07-07 12:00:00,0.338900462962963,0.0172106481481481,0.0374930555555555,0.0,0.0,0.0,0.0239768518518518,0.0050833333333333,0.0018101851851851,0.1301597222222222
2014-07-07 13:00:00,0.3663949416342412,0.0227762645914396,0.0260019455252918,0.0,0.0,0.0,0.0204513618677042,0.0050077821011673,0.0018229571984435,0.0
2014-07-07 14:00:00,0.3684006734006734,0.011530303030303,0.0189326599326599,0.0,0.0,0.0,0.0153181818181818,0.0984276094276094,0.0018417508417508,0.0861245791245791
2014-07-07 15:00:00,0.9506701030927835,0.0180309278350515,0.0350886597938144,0.0,0.0,0.0,0.0152103092783505,0.0342144329896907,0.0018082474226804,0.0
2014-07-07 16:00:00,0.3281592920353982,0.0161570796460177,0.0316570796460177,0.0,0.0,0.0,0.0153163716814159,0.0063274336283185,0.0018407079646017,0.1184800884955752
2014-07-07 17:00:00,0.3070706150341685,0.0064988610478359,0.0254282460136674,0.0,0.0,0.0,0.0154624145785877,0.1347927107061503,0.001879271070615,0.0
2014-07-07 18:00:00,0.2234192037470726,0.0104519906323185,0.0180257611241217,0.0,0.0,0.0,0.0152576112412177,0.0393419203747072,0.0018337236533957,0.0
2014-07-07 19:00:00,0.3791914498141264,0.0062286245353159,0.0276003717472118,0.0,0.0,0.0,0.0152806691449814,0.1550501858736059,0.0019275092936802,0.0
2014-07-07 20:00:00,0.3926164154103853,0.0082395309882747,0.0339614740368509,0.0,0.0,0.0,0.0153182579564489,0.1519447236180904,0.0018425460636515,0.0
2014-07-07 21:00:00,0.2682521008403361,0.0094873949579831,0.0213042016806722,0.0,0.0014151260504201,0.0,0.0158991596638655,0.0172873949579831,0.0018521008403361,0.0
2014-07-07 22:00:00,0.1988116438356164,0.0084280821917808,0.018486301369863,0.0,0.0017020547945205,0.0,0.0162619863013698,0.0050034246575342,0.0018955479452054,0.0
2014-07-07 23:00:00,0.2042328308207705,0.0093350083752093,0.0296633165829145,0.0,0.0018207705192629,0.0,0.0162395309882747,0.0050184254606365,0.0019195979899497,0.0
2014-07-08 00:00:00,0.2009631490787269,0.0092395309882747,0.0279564489112227,0.0,0.001822445561139,0.0,0.0162194304857621,0.0050083752093802,0.0019212730318257,0.0
2014-07-08 01:00:00,1.483798333333333,0.0088133333333333,0.0178433333333333,0.0,0.4935199999999999,0.0,0.0162316666666666,0.0050233333333333,0.0019016666666666,0.0
2014-07-08 02:00:00,0.4990969899665551,0.0090317725752508,0.0229314381270903,0.0,0.012376254180602,0.0,0.0162040133779264,0.0082190635451505,0.0019197324414715,0.0
2014-07-08 03:00:00,0.7948117647058823,0.0088252100840336,0.018944537815126,0.0,0.0373378151260504,0.0,0.0162033613445378,0.0061478991596638,0.0019159663865546,0.0
2014-07-08 04:00:00,3.103416949152542,0.0094983050847457,0.0253508474576271,0.0,0.0,0.0,0.0162372881355932,0.0050203389830508,0.0019508474576271,0.0
2014-07-08 05:00:00,1.9371495798319327,0.0123428571428571,0.0280117647058823,0.0,0.0,0.0,0.0161747899159663,0.0050134453781512,0.0856621848739495,0.1106605042016806
2014-07-08 06:00:00,0.3212881646655231,0.0130274442538593,0.018459691252144,0.0,0.0,0.0,0.0153087478559176,0.0050428816466552,0.0019416809605488,0.0
2014-07-08 07:00:00,0.2111733333333333,0.0123683333333333,0.0199133333333333,0.0,0.0,0.0,0.0152466666666666,0.0094466666666666,0.0019533333333333,0.0
2014-07-08 08:00:00,0.312787979966611,0.0152420701168614,0.0190133555926544,0.0,0.0,0.0,0.0151719532554257,0.005008347245409,0.0019265442404006,0.0748547579298831
2014-07-08 09:00:00,0.319283305227656,0.0092698145025295,0.0322816188870151,0.0,0.0,0.0,0.0151686340640809,0.0050050590219224,0.0019409780775716,0.0
2014-07-08 10:00:00,0.4601574539363484,0.0122562814070351,0.0328408710217755,0.0,0.0,0.0,0.0152646566164154,0.005,0.0019396984924623,0.080038525963149
2014-07-08 11:00:00,0.6242766666666666,0.0180666666666666,0.0184483333333333,0.0,0.0,0.0,0.0151366666666666,0.005,0.00234,0.1108066666666666
2014-07-08 12:00:00,0.7000166666666666,0.0136233333333333,0.04003,0.0,0.0,0.0,0.01522,0.005,0.001915,0.0
2014-07-08 13:00:00,0.2450983333333333,0.0087516666666666,0.0191299999999999,0.0,0.0,0.0,0.0150866666666666,0.0675316666666666,0.0019033333333333,0.0
2014-07-08 14:00:00,0.4377675585284281,0.0046003344481605,0.0395217391304347,0.0,0.0,0.0,0.0151772575250836,0.1538093645484949,0.0019046822742474,0.0933327759197324
2014-07-08 15:00:00,0.4049393939393939,0.0142852049910873,0.0199910873440285,0.0,0.0,0.0,0.0153083778966131,0.1006684491978609,0.001903743315508,0.0
2014-07-08 16:00:00,0.5726514423076923,0.0221225961538461,0.02521875,0.0,0.0,0.0,0.0151466346153846,0.0418990384615384,0.0668076923076923,0.0741682692307692
2014-07-08 17:00:00,0.3307202970297029,0.0192747524752475,0.0385247524752475,0.0,0.0,0.0,0.0246633663366336,0.1352648514851485,0.0018465346534653,0.0
2014-07-08 18:00:00,0.2648143176733781,0.0125570469798657,0.0247583892617449,0.0,0.0,0.0,0.0915123042505592,0.0089888143176733,0.0018501118568232,0.0
2014-07-08 19:00:00,0.3029827586206896,0.0115049261083743,0.021603448275862,0.0,0.0,0.0,0.0343866995073891,0.112051724137931,0.0018940886699507,0.0
2014-07-08 20:00:00,0.4630098039215686,0.011875,0.0350049019607843,0.0,0.0,0.0,0.0201691176470588,0.1511911764705882,0.0018651960784313,0.0844975490196078
2014-07-08 21:00:00,0.3436742424242424,0.0049217171717171,0.0194015151515151,0.0,0.0,0.0,0.0201565656565656,0.1409419191919192,0.0018484848484848,0.0
2014-07-08 22:00:00,0.3661716417910447,0.0037039800995024,0.0170870646766169,0.0,0.0,0.0,0.0201641791044776,0.0050049751243781,0.0018532338308457,0.0
2014-07-08 23:00:00,0.1912142857142857,0.0106571428571428,0.0268857142857142,0.0,0.0,0.0,0.0202023809523809,0.0050261904761904,0.0019261904761904,0.0
2014-07-09 00:00:00,0.3267083333333333,0.0095390625,0.0308828125,0.0,0.0,0.0,0.0200755208333333,0.005,0.001890625,0.0
2014-07-09 01:00:00,0.935797619047619,0.0084714285714285,0.015095238095238,0.0,0.0,0.0,0.0198071428571428,0.005,0.0018690476190476,0.0
2014-07-09 02:00:00,0.9343071253071252,0.0094422604422604,0.0169484029484029,0.0,0.0,0.0,0.0198108108108108,0.005,0.0018918918918918,0.0
2014-07-09 03:00:00,0.1818888888888888,0.0023728395061728,0.0171703703703703,0.0,0.0,0.0,0.020032098765432,0.0067358024691358,0.001879012345679,0.0
2014-07-09 04:00:00,2.496580976863753,0.0077917737789203,0.0274087403598971,0.0,0.0,0.0,0.0199460154241645,0.0050077120822622,0.0018843187660668,0.0
2014-07-09 05:00:00,1.3329460916442049,0.0101778975741239,0.0224905660377358,0.0,0.0,0.0,0.0195363881401617,0.0050053908355795,0.0017169811320754,0.0
2014-07-09 06:00:00,1.1251348039215687,0.0129877450980392,0.0161151960784313,0.0,0.0,0.021438725490196,0.0195024509803921,0.0050808823529411,0.0734877450980392,0.1327254901960784
2014-07-09 07:00:00,0.2491548223350254,0.0133172588832487,0.0192208121827411,0.0,0.0,0.0,0.0181243654822335,0.0050126903553299,0.001738578680203,0.042741116751269
2014-07-09 08:00:00,0.3037979539641944,0.011542199488491,0.0166035805626598,0.0,0.0,0.0,0.0163529411764705,0.005,0.0017902813299232,0.1002583120204603
2014-07-09 09:00:00,0.1852183908045977,0.0091264367816091,0.0187494252873563,0.0,0.0,0.0,0.0163999999999999,0.005,0.0018252873563218,0.0
2014-07-09 10:00:00,0.1917112171837708,0.0112649164677804,0.0325513126491646,0.0,0.0,0.0,0.0164128878281622,0.005,0.0018162291169451,0.0
2014-07-09 11:00:00,0.1928380462724936,0.0117120822622107,0.0275295629820051,0.0,0.0,0.0,0.0162596401028277,0.005,0.0017789203084832,0.0
2014-07-09 12:00:00,0.1996220472440945,0.0247952755905511,0.0319488188976377,0.0,0.0,0.0,0.0163503937007874,0.005,0.001751968503937,0.0
2014-07-09 13:00:00,0.1863040201005025,0.0098090452261306,0.01971608040201,0.0,0.0,0.0,0.0163718592964824,0.005,0.0018190954773869,0.0
2014-07-09 14:00:00,0.188031746031746,0.0068480725623582,0.0266870748299319,0.0,0.0,0.0,0.016360544217687,0.005,0.0018458049886621,0.0
2014-07-09 15:00:00,0.1880874704491725,0.004612293144208,0.0350543735224586,0.0,0.0,0.0,0.0163664302600472,0.005,0.001869976359338,0.0
2014-07-09 16:00:00,1.1091,0.0179,0.0218833333333333,0.0,0.0,0.0,0.0164333333333333,0.005,0.0018119047619047,0.0
2014-07-09 17:00:00,0.4010243902439024,0.0212951219512195,0.0228170731707317,0.0,0.0,0.0,0.0164024390243902,0.1193073170731707,0.0018292682926829,0.0895243902439024
2014-07-09 18:00:00,0.2077688984881209,0.0141123110151187,0.0314643628509719,0.0,0.0,0.0,0.0175831533477321,0.0324341252699784,0.00185313174946,0.0
2014-07-09 19:00:00,0.3938468271334792,0.0111684901531728,0.0361115973741794,0.0,0.0,0.0,0.0165929978118161,0.0705492341356674,0.0019978118161925,0.1241291028446389
2014-07-09 20:00:00,0.4045235042735042,0.0046111111111111,0.020594017094017,0.0,0.0,0.0,0.0164764957264957,0.1528055555555555,0.0018461538461538,0.0
2014-07-09 21:00:00,0.3969981549815498,0.0062767527675276,0.0203118081180811,0.0,0.0,0.0,0.0165276752767527,0.1169889298892988,0.0018948339483394,0.0
2014-07-09 22:00:00,0.1946290909090909,0.01332,0.0357581818181818,0.0,0.0,0.0,0.0166436363636363,0.0050127272727272,0.001870909090909,0.0
2014-07-09 23:00:00,0.1901748878923767,0.0107600896860986,0.0272600896860986,0.0,0.0,0.0,0.0164730941704035,0.0050112107623318,0.001872197309417,0.0
2014-07-10 00:00:00,0.1902432432432432,0.0099324324324324,0.0190698198198198,0.0,0.0,0.0,0.0164797297297297,0.005027027027027,0.0018716216216216,0.0
2014-07-10 01:00:00,0.8876144578313253,0.0097638554216867,0.017467469879518,0.0,0.0,0.0,0.0165469879518072,0.0050168674698795,0.0019036144578313,0.0
2014-07-10 02:00:00,0.7648659340659341,0.0061494505494505,0.0325010989010988,0.0,0.0,0.0,0.0165098901098901,0.008476923076923,0.0018967032967032,0.0
2014-07-10 03:00:00,0.1869323308270676,0.0052731829573934,0.0278045112781954,0.0,0.0,0.0,0.0167944862155388,0.0064110275689223,0.0019323308270676,0.0
2014-07-10 04:00:00,2.313248275862069,0.0114505747126436,0.0169103448275862,0.0,0.0038574712643678,0.0,0.0167333333333333,0.0050160919540229,0.0019172413793103,0.0
2014-07-10 05:00:00,2.459110588235294,0.0132635294117647,0.0188588235294117,0.0,1.0447858823529412,0.06652,0.01644,0.005,0.1020494117647058,0.0659976470588235
2014-07-10 06:00:00,0.3681186440677966,0.0139418886198547,0.0179903147699757,0.0,0.0269878934624697,0.0,0.016409200968523,0.0050048426150121,0.0019273607748184,0.0480290556900726
2014-07-10 07:00:00,0.3664950495049505,0.0123811881188118,0.0279628712871287,0.0,0.0,0.0,0.0164405940594059,0.0050074257425742,0.0019034653465346,0.0
2014-07-10 08:00:00,0.3472525050100201,0.0030721442885771,0.029877755511022,0.0,0.0,0.0,0.0533406813627254,0.0050100200400801,0.0019018036072144,0.0726452905811623
2014-07-10 09:00:00,0.3979715370018976,0.0120986717267552,0.0194326375711574,0.0,0.0,0.0,0.0813092979127134,0.0050075901328273,0.0019259962049335,0.0741878557874762
2014-07-10 10:00:00,0.3887116935483871,0.0105463709677419,0.0201572580645161,0.0,0.0,0.0,0.0849516129032258,0.0050342741935483,0.0019233870967741,0.0624254032258064
2014-07-10 11:00:00,0.3309428571428571,0.0154342857142857,0.0215809523809523,0.0,0.0,0.0,0.0863142857142857,0.0050133333333333,0.0019428571428571,0.0055161904761904
2014-07-10 12:00:00,0.4024015296367113,0.0146099426386233,0.0327112810707456,0.0,0.0,0.0,0.0267036328871892,0.0050114722753346,0.0019388145315487,0.1292198852772466
2014-07-10 13:00:00,0.3166161825726141,0.0061348547717842,0.0337427385892116,0.0,0.0,0.0,0.0715020746887966,0.0050103734439834,0.001863070539419,0.0
2014-07-10 14:00:00,0.2926545801526717,0.0100553435114503,0.0214599236641221,0.0,0.0,0.0,0.0392709923664122,0.0050114503816793,0.0019198473282442,0.0
2014-07-10 15:00:00,0.7642940038684719,0.0172959381044487,0.0232050290135396,0.0,0.0,0.0,0.0843404255319148,0.0130986460348162,0.0019245647969052,0.0
2014-07-10 16:00:00,1.5785322283609575,0.0257476979742173,0.0513406998158379,0.0,0.0,0.0,0.015403314917127,0.0203756906077348,0.3526850828729281,0.0
2014-07-10 17:00:00,0.5087581818181818,0.0143872727272727,0.0247618181818181,0.0,0.0,0.0,0.0153654545454545,0.1396872727272727,0.00178,0.0
2014-07-10 18:00:00,0.2942291666666667,0.0170815972222222,0.0248177083333333,0.0,0.0,0.0,0.0153767361111111,0.0054739583333333,0.0018715277777777,0.1051371527777777
2014-07-10 19:00:00,0.2548095238095238,0.0061987577639751,0.042824016563147,0.0,0.0,0.0,0.0154140786749482,0.0231614906832298,0.0019026915113871,0.0
2014-07-10 20:00:00,0.3860432801822324,0.0099157175398633,0.0207312072892938,0.0,0.0,0.0,0.015380410022779,0.133132118451025,0.0018906605922551,0.0
2014-07-10 21:00:00,0.3287839643652561,0.0121358574610244,0.0230890868596881,0.0,0.0,0.0,0.0154120267260579,0.0874966592427616,0.0018997772828507,0.0
2014-07-10 22:00:00,0.1943151364764268,0.0132332506203473,0.0406774193548387,0.0,0.0,0.0,0.0154640198511166,0.0050124069478908,0.0019379652605459,0.0
2014-07-10 23:00:00,0.193927400468384,0.0113466042154566,0.0196065573770491,0.0,0.0,0.0,0.0154028103044496,0.0050046838407494,0.001927400468384,0.0
2014-07-11 00:00:00,0.1833494623655913,0.0,0.0297043010752688,0.0,0.0,0.0,0.0154354838709677,0.005010752688172,0.0018870967741935,0.0
2014-07-11 01:00:00,0.1942922636103151,0.0136991404011461,0.0206103151862464,0.0014670487106017,0.0,0.0,0.0155157593123209,0.0050085959885386,0.0019197707736389,0.0
2014-07-11 02:00:00,0.1941215596330275,0.0026032110091743,0.0344816513761467,0.0,0.0,0.0,0.0155481651376146,0.0082385321100917,0.0019541284403669,0.0
2014-07-11 03:00:00,0.1882683486238532,0.0082270642201834,0.0184908256880733,0.0,0.0,0.0,0.0155298165137614,0.0087981651376146,0.0019495412844036,0.0
2014-07-11 04:00:00,2.7528730512249444,0.0113853006681514,0.0210623608017817,0.0,0.0,0.0,0.0155122494432071,0.0050089086859688,0.0019287305122494,0.0
2014-07-11 05:00:00,4.17660407239819,0.0121651583710407,0.0311063348416289,0.0,0.5971221719457013,0.0423642533936651,0.0153687782805429,0.0050067873303167,0.1339954751131221,0.1062036199095022
2014-07-11 06:00:00,1.2791247311827956,0.0149806451612903,0.0317720430107526,0.0,0.0580516129032258,0.0,0.0153397849462365,0.0050172043010752,0.0017677419354838,0.0
2014-07-11 07:00:00,0.5894653243847874,0.0135145413870246,0.0190313199105145,0.0,0.0,0.0,0.0151923937360178,0.0050425055928411,0.0017539149888143,0.1315257270693512
2014-07-11 08:00:00,0.4161152173913043,0.0083434782608695,0.0174282608695652,0.0,0.0,0.0,0.0152847826086956,0.005,0.0017760869565217,0.0
2014-07-11 09:00:00,0.2909906542056075,0.0069509345794392,0.0195887850467289,0.0,0.0,0.0,0.0152710280373831,0.0050093457943925,0.001822429906542,0.0911775700934579
2014-07-11 10:00:00,0.2440400890868597,0.0122405345211581,0.0328418708240534,0.0,0.0,0.0,0.015218262806236,0.0050178173719376,0.0017817371937639,0.0
2014-07-11 11:00:00,0.2851179138321995,0.0143197278911564,0.0211201814058956,0.0,0.0,0.0,0.0153265306122448,0.0050090702947845,0.0018299319727891,0.0814943310657596
2014-07-11 12:00:00,0.4277598039215686,0.015328431372549,0.015813725490196,0.0,0.0,0.0,0.0153333333333333,0.0050049019607843,0.0017769607843137,0.0
2014-07-11 13:00:00,0.1915439429928741,0.0127434679334916,0.0219263657957244,0.0,0.0,0.0,0.0153254156769596,0.0050332541567695,0.0017957244655581,0.0
2014-07-11 14:00:00,0.1983013698630137,0.0081940639269406,0.0388675799086758,0.0,0.0,0.0,0.0153607305936073,0.0050114155251141,0.0018515981735159,0.0
2014-07-11 15:00:00,0.3373730337078651,0.0055191011235955,0.037191011235955,0.0,0.0,0.0,0.0154719101123595,0.0197460674157303,0.0018808988764044,0.0
2014-07-11 16:00:00,1.4391799065420563,0.0141495327102803,0.0519789719626168,0.0,0.0,0.0,0.0155887850467289,0.0116028037383177,0.063322429906542,0.0
2014-07-11 17:00:00,0.4362292191435768,0.0147556675062972,0.0341712846347607,0.0,0.0,0.0,0.0153828715365239,0.1454105793450881,0.0017732997481108,0.0856372795969773
2014-07-11 18:00:00,0.3173251670378619,0.01828285077951,0.019837416481069,0.0,0.0,0.0,0.0155523385300668,0.1326726057906458,0.001826280623608,0.0
2014-07-11 19:00:00,0.3367864077669903,0.0122378640776699,0.0419271844660194,0.0,0.0,0.0,0.0155679611650485,0.1511723300970874,0.0019004854368932,0.0
2014-07-11 20:00:00,0.3449506172839506,0.0114506172839506,0.0218004115226337,0.0,0.0,0.0,0.0154711934156378,0.0830679012345678,0.0018662551440329,0.0
2014-07-11 21:00:00,0.4480164271047228,0.0076201232032854,0.0522258726899384,0.0,0.0,0.0,0.0154168377823408,0.0248685831622176,0.0018418891170431,0.0
2014-07-11 22:00:00,0.2116743589743589,0.0030564102564102,0.0224333333333333,0.0,0.0,0.0,0.0153948717948717,0.0182153846153846,0.0017974358974358,0.0
2014-07-11 23:00:00,0.1977843137254901,0.007485294117647,0.0722647058823529,0.0,0.0,0.0,0.0153676470588235,0.0050098039215686,0.0018259803921568,0.0
2014-07-12 00:00:00,0.4745661252900232,0.0101299303944315,0.0,0.0,0.0,0.0,0.0153341067285382,0.0050092807424593,0.0018700696055684,0.0
2014-07-12 01:00:00,0.82206993006993,0.0098717948717948,0.0,0.0,0.0,0.0,0.0153543123543123,0.005009324009324,0.0018461538461538,0.0
2014-07-12 02:00:00,0.7803713592233009,0.0108470873786407,0.0,0.0,0.0,0.0,0.015378640776699,0.0082354368932038,0.0018373786407766,0.0
2014-07-12 03:00:00,0.3786197530864197,0.0103555555555555,0.0168049382716049,0.0,0.0,0.0,0.0154469135802469,0.0061925925925925,0.0018617283950617,0.0
2014-07-12 04:00:00,3.615539719626169,0.0104556074766355,0.0,0.3313528037383177,0.0,0.0,0.0154065420560747,0.0050140186915887,0.0018271028037383,0.0
2014-07-12 05:00:00,1.6292072072072072,0.0082635135135135,0.0218153153153153,0.2613716216216216,0.0,0.0,0.0153918918918918,0.005018018018018,0.0018558558558558,0.1078423423423423
2014-07-12 06:00:00,0.2388340909090909,0.0074022727272727,0.0331068181818181,0.0001613636363636,0.0,0.0,0.0153863636363636,0.0050068181818181,0.0018,0.0
2014-07-12 07:00:00,0.1988471337579617,0.0083545647558386,0.0301507430997876,0.0,0.0,0.0,0.0154394904458598,0.0050127388535031,0.0017324840764331,0.0
2014-07-12 08:00:00,0.1982614259597806,0.012,0.0195027422303473,0.0,0.0,0.0,0.0154369287020109,0.0050036563071297,0.0016380255941499,0.0
2014-07-12 09:00:00,0.1970254083484573,0.0114936479128856,0.020125226860254,0.0,0.0,0.0,0.0154718693284936,0.0050235934664246,0.0018312159709618,0.0
2014-07-12 10:00:00,0.3286933085501858,0.0314163568773234,0.0377899628252788,0.0,0.0,0.0,0.0155223048327137,0.0050130111524163,0.0018736059479553,0.0998754646840148
2014-07-12 11:00:00,0.4132772511848341,0.016345971563981,0.0261777251184834,0.0,0.0,0.0,0.0153791469194312,0.0050047393364928,0.001867298578199,0.0337393364928909
2014-07-12 12:00:00,0.2049768518518518,0.0273333333333333,0.0209212962962963,0.0,0.0,0.0,0.0156064814814814,0.005037037037037,0.0018935185185185,0.0
2014-07-12 13:00:00,0.1996493506493506,0.0221601731601731,0.0302705627705627,0.0,0.0,0.0,0.0156601731601731,0.005008658008658,0.0018939393939393,0.0
2014-07-12 14:00:00,0.2035148741418764,0.0201098398169336,0.0378421052631579,0.0,0.0,0.0,0.0157276887871853,0.0050160183066361,0.0018901601830663,0.0
2014-07-12 15:00:00,0.2893309859154929,0.0158075117370892,0.0264084507042253,0.0,0.0,0.0,0.015781690140845,0.0050140845070422,0.0019366197183098,0.088612676056338
2014-07-12 16:00:00,0.6808279069767442,0.0303906976744186,0.0265116279069767,0.0,0.0,0.0,0.015753488372093,0.0322837209302325,0.0019418604651162,0.0
2014-07-12 17:00:00,0.3593013698630137,0.0172990867579908,0.0406438356164383,0.0,0.0,0.0,0.0156940639269406,0.0270114155251141,0.0019155251141552,0.1115136986301369
2014-07-12 18:00:00,0.3536207674943566,0.022726862302483,0.0319729119638826,0.0,0.0,0.0,0.015785553047404,0.1525485327313769,0.0019074492099322,0.0
2014-07-12 19:00:00,0.3971160714285714,0.0272098214285714,0.0251450892857142,0.0,0.0,0.0,0.0155,0.150421875,0.0018727678571428,0.0
2014-07-12 20:00:00,0.4315292792792792,0.0264234234234234,0.0397364864864864,0.0,0.0,0.0,0.0156126126126126,0.1364842342342342,0.001849099099099,0.0700202702702702
2014-07-12 21:00:00,0.4137865168539326,0.0151887640449438,0.0458044943820224,0.0,0.0,0.0,0.0156853932584269,0.130429213483146,0.0019191011235955,0.0
2014-07-12 22:00:00,0.2317523148148148,0.0135902777777777,0.0234305555555555,0.0,0.0,0.0,0.0156412037037037,0.0073287037037037,0.0019143518518518,0.0
2014-07-12 23:00:00,0.209423887587822,0.0129906323185011,0.0496978922716627,0.0,0.0,0.0,0.0157423887587822,0.0050093676814988,0.0019086651053864,0.0
2014-07-13 00:00:00,0.4893218390804598,0.0104367816091954,0.0310781609195402,0.0,0.0,0.0,0.0157310344827586,0.0050252873563218,0.001919540229885,0.0
2014-07-13 01:00:00,0.5534849137931035,0.0127931034482758,0.0296012931034482,0.0,0.0,0.0,0.0157047413793103,0.0050172413793103,0.0019202586206896,0.0
2014-07-13 02:00:00,0.7576880733944954,0.0080183486238532,0.0412247706422018,0.0,0.0,0.0,0.0155802752293578,0.0079449541284403,0.0019426605504587,0.0
2014-07-13 03:00:00,0.1954965831435079,0.0106195899772209,0.0256036446469248,0.0,0.0,0.0,0.0157676537585421,0.0067676537585421,0.0019453302961275,0.0
2014-07-13 04:00:00,2.3946365688487585,0.0093182844243792,0.0412257336343115,0.0,0.0,0.0,0.0158374717832957,0.0050135440180586,0.0019593679458239,0.0
2014-07-13 05:00:00,0.7112142857142857,0.0075668202764976,0.0286797235023041,0.0,0.0,0.0,0.0159447004608294,0.0050069124423963,0.0019470046082949,0.0
2014-07-13 06:00:00,2.902555319148936,0.0163999999999999,0.0226765957446808,0.0,0.4416765957446809,0.037495744680851,0.0154510638297872,0.0050148936170212,0.0018340425531914,0.1030872340425532
2014-07-13 07:00:00,0.2441855895196506,0.011825327510917,0.0455087336244541,0.0,0.0,0.0,0.0154039301310043,0.0050021834061135,0.0018209606986899,0.0
2014-07-13 08:00:00,0.287080378250591,0.0080141843971631,0.0199787234042553,0.0,0.0,0.0,0.015451536643026,0.0050023640661938,0.001806146572104,0.0982600472813238
2014-07-13 09:00:00,0.2181650717703349,0.0077272727272727,0.0307751196172248,0.0,0.0,0.0,0.0367200956937799,0.0050143540669856,0.0017822966507177,0.0
2014-07-13 10:00:00,0.2744868105515587,0.0088489208633093,0.0346714628297362,0.0,0.0,0.0,0.0888537170263789,0.0050023980815347,0.0017769784172661,0.0
2014-07-13 11:00:00,0.387056338028169,0.014018779342723,0.0202370892018779,0.0,0.0,0.0360798122065727,0.0235610328638497,0.017725352112676,0.0669037558685446,0.0719577464788732
2014-07-13 12:00:00,0.220695238095238,0.0090119047619047,0.0371761904761904,0.0,0.0,0.0,0.0154166666666666,0.0299023809523809,0.001845238095238,0.0
2014-07-13 13:00:00,0.2854800884955752,0.0154513274336283,0.0357477876106194,0.0,0.0,0.0,0.0154977876106194,0.0051703539823008,0.0018650442477876,0.0737831858407079
2014-07-13 14:00:00,0.2051042944785276,0.0107034764826175,0.024361963190184,0.0,0.0,0.0,0.0154396728016359,0.0207341513292433,0.0018445807770961,0.0
2014-07-13 15:00:00,0.2001019522776572,0.0112039045553145,0.0489913232104121,0.0,0.0,0.0,0.015409978308026,0.0050021691973969,0.0018351409978308,0.0
2014-07-13 16:00:00,0.2007671840354767,0.0104855875831485,0.0231662971175166,0.0,0.0,0.0,0.0154079822616407,0.0131485587583148,0.0017760532150776,0.0
2014-07-13 17:00:00,0.1948157303370786,0.0118,0.0309370786516853,0.0,0.0,0.0,0.0153393258426966,0.0050134831460674,0.0017820224719101,0.0
2014-07-13 18:00:00,0.1935167037861915,0.0085122494432071,0.033554565701559,0.0,0.0,0.0,0.0153630289532293,0.0050044543429844,0.0017973273942093,0.0
2014-07-13 19:00:00,0.1938927789934354,0.0083676148796498,0.026124726477024,0.0,0.0,0.0,0.0154288840262582,0.0085361050328227,0.001870897155361,0.0
2014-07-13 20:00:00,0.2155978021978022,0.0079076923076923,0.0354615384615384,0.0,0.0,0.0,0.0154065934065934,0.0248087912087912,0.001843956043956,0.0
2014-07-13 21:00:00,0.2030896551724137,0.0084505747126436,0.0281241379310344,0.0,0.0,0.0,0.0153977011494252,0.0160367816091954,0.0018252873563218,0.0
2014-07-13 22:00:00,0.3822898550724637,0.01293961352657,0.0222391304347826,0.0,0.0013743961352657,0.0,0.0153309178743961,0.0050048309178743,0.0018961352657004,0.0
2014-07-13 23:00:00,0.1946132404181184,0.0113867595818815,0.0274773519163763,0.0,0.0016864111498257,0.0,0.0154250871080139,0.0050069686411149,0.0019268292682926,0.0
2014-07-14 00:00:00,0.1986285714285714,0.0,0.0789428571428571,0.0,0.0019142857142857,0.0,0.0154857142857142,0.005,0.0017428571428571,0.0
2014-07-14 01:00:00,1.8689866962305988,0.0104789356984478,0.0177915742793791,0.0,1.0851973392461198,0.0,0.0153658536585365,0.0050354767184035,0.0018713968957871,0.0
2014-07-14 02:00:00,0.8450668202764976,0.0093617511520737,0.0176682027649769,0.0,0.0405299539170506,0.0,0.0155230414746543,0.0080806451612903,0.0018986175115207,0.0
2014-07-14 03:00:00,0.1995235849056603,0.0086674528301886,0.026625,0.0,0.0012028301886792,0.0,0.0154858490566037,0.0083349056603773,0.0019245283018867,0.0
2014-07-14 04:00:00,2.4437799564270155,0.008917211328976,0.0295315904139433,0.0,0.0011873638344226,0.0,0.0153398692810457,0.0050217864923747,0.0019063180827886,0.0
2014-07-14 05:00:00,2.349283105022831,0.0085776255707762,0.022593607305936,0.0,0.0001552511415525,0.0,0.0153607305936073,0.0050068493150684,0.0251712328767123,0.0064977168949771
2014-07-14 06:00:00,0.888118503118503,0.0158690228690228,0.0182411642411642,0.0,0.0,0.023037422037422,0.0269313929313929,0.005010395010395,0.0822993762993763,0.185074844074844
2014-07-14 07:00:00,0.2183645083932854,0.0094796163069544,0.01889448441247,0.0,0.0,0.0,0.0376091127098321,0.005009592326139,0.0017817745803357,0.0
2014-07-14 08:00:00,0.1982479166666666,0.0117833333333333,0.0307083333333333,0.0,0.0,0.0,0.0176458333333333,0.0050104166666666,0.0018666666666666,0.0
2014-07-14 09:00:00,0.1963983903420523,0.0069678068410462,0.0242676056338028,0.0,0.0,0.0,0.0176438631790744,0.005020120724346,0.0018571428571428,0.0
2014-07-14 10:00:00,0.1959906323185012,0.0090070257611241,0.0133489461358313,0.0,0.0,0.0,0.017655737704918,0.0050093676814988,0.001807962529274,0.0
2014-07-14 11:00:00,0.1980605381165919,0.0109349775784753,0.0220852017937219,0.0,0.0,0.0,0.0177107623318385,0.0050067264573991,0.0018363228699551,0.0
2014-07-14 12:00:00,0.6366729957805907,0.0120569620253164,0.0479135021097046,0.0,0.0,0.0,0.0176962025316455,0.0050042194092827,0.0018164556962025,0.0
2014-07-14 13:00:00,0.2683427495291902,0.0227363465160075,0.0238964218455743,0.0,0.0,0.0,0.0176139359698681,0.0050169491525423,0.001864406779661,0.0789077212806026
2014-07-14 14:00:00,0.1955249042145594,0.0124693486590038,0.0218045977011494,0.0,0.0,0.0,0.0175651340996168,0.0050172413793103,0.0018505747126436,0.0
2014-07-14 15:00:00,0.7879239130434782,0.0140239130434782,0.0274021739130434,0.0,0.0,0.0,0.0176652173913043,0.0050021739130434,0.0018695652173913,0.0915108695652174
2014-07-14 16:00:00,0.6585152838427948,0.0130458515283842,0.0331288209606986,0.0,0.0,0.0,0.017561135371179,0.012122270742358,0.0018820960698689,0.0558296943231441
2014-07-14 17:00:00,0.3372570194384449,0.0102030237580993,0.0427235421166306,0.0,0.0,0.0,0.0175442764578833,0.1417408207343412,0.0018358531317494,0.0
2014-07-14 18:00:00,0.2102494714587738,0.0079323467230443,0.0406659619450317,0.0,0.0,0.0,0.0176236786469344,0.0144439746300211,0.0018646934460887,0.0
2014-07-14 19:00:00,0.3345315315315315,0.0091531531531531,0.0504572072072072,0.0,0.0,0.0,0.017786036036036,0.1336936936936937,0.0018648648648648,0.0
2014-07-14 20:00:00,0.5031383219954649,0.0098412698412698,0.0403265306122448,0.0,0.0,0.0,0.0656371882086167,0.1510566893424036,0.0018707482993197,0.0
2014-07-14 21:00:00,0.3666112359550562,0.0073865168539325,0.0310314606741573,0.0,0.0,0.0,0.0604943820224719,0.0094247191011235,0.0018898876404494,0.0
2014-07-14 22:00:00,0.2051725768321513,0.0088416075650118,0.0434208037825059,0.0,0.0,0.0,0.0153900709219858,0.0050094562647754,0.001886524822695,0.0
2014-07-14 23:00:00,0.2071116071428571,0.0088392857142857,0.0465647321428571,0.0,0.0,0.0,0.0156049107142857,0.0050245535714285,0.0018950892857142,0.0
2014-07-15 00:00:00,0.8811428571428571,0.0085948477751756,0.0265550351288056,0.0,0.0,0.0,0.0153091334894613,0.0050093676814988,0.001807962529274,0.0
2014-07-15 01:00:00,0.7205614457831325,0.0082265060240963,0.0333590361445783,0.0,0.0,0.0,0.0154168674698795,0.0050096385542168,0.0018650602409638,0.0
2014-07-15 02:00:00,0.2818849557522123,0.0085265486725663,0.0466349557522123,0.0,0.0,0.0,0.0153849557522123,0.008358407079646,0.0019181415929203,0.0
2014-07-15 03:00:00,0.2020163934426229,0.0082201405152224,0.0251779859484777,0.0,0.0,0.0,0.0153934426229508,0.0070655737704918,0.0019110070257611,0.0
2014-07-15 04:00:00,2.4078367816091952,0.0096689655172413,0.0319540229885057,0.0,0.0,0.0,0.0152781609195402,0.0050045977011494,0.0018505747126436,0.0
2014-07-15 05:00:00,1.5553425925925926,0.0087222222222222,0.0454791666666666,0.0,0.0,0.0,0.0152407407407407,0.005,0.0018356481481481,0.0
2014-07-15 06:00:00,1.0855157657657657,0.0107477477477477,0.0272207207207207,0.0,0.0,0.0307252252252252,0.0151621621621621,0.005009009009009,0.1061554054054054,0.1314369369369369
2014-07-15 07:00:00,0.4129134615384615,0.0102091346153846,0.0260961538461538,0.0,0.0,0.0,0.0152259615384615,0.005014423076923,0.0017860576923076,0.0605264423076923
2014-07-15 08:00:00,0.2085140186915887,0.0091915887850467,0.0416542056074766,0.0,0.0,0.0,0.0153317757009345,0.0050116822429906,0.0017803738317757,0.0
2014-07-15 09:00:00,0.2007946859903381,0.008147342995169,0.0243550724637681,0.0,0.0,0.0,0.0152850241545893,0.0050024154589371,0.0018309178743961,0.0
2014-07-15 10:00:00,0.1969078341013825,0.013200460829493,0.0340069124423963,2.304147465437788e-05,0.0,0.0,0.0152695852534562,0.0050115207373271,0.001794930875576,0.0
2014-07-15 11:00:00,0.2050734597156398,0.0095,0.0470094786729857,0.0,0.0,0.0,0.0153791469194312,0.005,0.0018744075829383,0.0
2014-07-15 12:00:00,0.4168981900452489,0.008576923076923,0.0307986425339366,0.0,0.0,0.0,0.0154683257918552,0.0871221719457013,0.0018506787330316,0.1339638009049773
2014-07-15 13:00:00,0.2130307017543859,0.0106315789473684,0.024578947368421,0.0,0.0,0.0,0.0153245614035087,0.0050197368421052,0.0018706140350877,0.0
2014-07-15 14:00:00,0.1983480278422273,0.0089141531322505,0.0397865429234338,0.0,0.0,0.0,0.0153433874709976,0.0050069605568445,0.0018120649651972,0.0
2014-07-15 15:00:00,1.3669295154185022,0.0109955947136563,0.0469823788546255,0.0,0.0,0.0,0.015306167400881,0.0050066079295154,0.0018017621145374,0.0
2014-07-15 16:00:00,1.0328662420382166,0.0177133757961783,0.0252399150743099,0.0,0.0,0.0,0.0153397027600849,0.0861104033970276,0.0018513800424628,0.0840127388535031
2014-07-15 17:00:00,0.2969416846652267,0.0141987041036717,0.0399395248380129,0.0,0.0,0.0,0.0155205183585313,0.0985161987041036,0.0018444924406047,0.0
2014-07-15 18:00:00,0.2087288888888888,0.0110577777777777,0.0360266666666666,0.0,0.0,0.0,0.0153822222222222,0.006,0.00188,0.0
2014-07-15 19:00:00,0.4155895833333333,0.0118125,0.0240583333333333,0.0,0.0,0.0,0.0193604166666666,0.0448291666666666,0.0019125,0.1003916666666666
2014-07-15 20:00:00,0.6661300639658849,0.0102899786780383,0.0382260127931769,0.0,0.0,0.0,0.0155565031982942,0.1533134328358208,0.0018507462686567,0.0
2014-07-15 21:00:00,0.4972745535714286,0.0123526785714285,0.0379732142857142,0.0,0.000671875,0.0,0.0153973214285714,0.0812366071428571,0.0018571428571428,0.0
2014-07-15 22:00:00,0.1939401869158878,0.0111140186915887,0.0186579439252336,0.0,0.0017962616822429,0.0,0.0155289719626168,0.005029906542056,0.0018710280373831,0.0
2014-07-15 23:00:00,0.1956134259259259,0.006761574074074,0.0301388888888888,0.0,0.0018078703703703,0.0,0.0155138888888888,0.0050185185185185,0.0018773148148148,0.0
2014-07-16 00:00:00,0.2486610169491525,0.0066537530266343,0.0318692493946731,0.0,0.0018305084745762,0.0,0.0154334140435835,0.0050096852300242,0.0018934624697336,0.0
2014-07-16 01:00:00,1.3472661870503595,0.0095899280575539,0.0297505995203836,0.0,0.4473980815347722,0.0,0.0154868105515587,0.0050071942446043,0.0018824940047961,0.0
2014-07-16 02:00:00,0.8394023529411765,0.0089858823529411,0.0239764705882352,0.0,0.0794235294117647,0.0,0.0156329411764705,0.0082823529411764,0.0019576470588235,0.0
2014-07-16 03:00:00,0.2024490291262136,0.0090679611650485,0.0372111650485436,0.0,0.0012427184466019,0.0,0.0156165048543689,0.0068179611650485,0.0019296116504854,0.0
2014-07-16 04:00:00,2.4513144963144966,0.0091179361179361,0.0193488943488943,0.0,0.0012211302211302,0.0,0.0155331695331695,0.005009828009828,0.0019140049140049,0.0
2014-07-16 05:00:00,2.62747721822542,0.0082613908872901,0.0199328537170263,0.0,0.0002901678657074,0.0,0.0155971223021582,0.0050143884892086,0.0019040767386091,0.0
2014-07-16 06:00:00,0.5216183035714286,0.0111897321428571,0.0263236607142857,0.0,0.0,0.0684352678571428,0.0153504464285714,0.0050200892857142,0.0794776785714285,0.0879508928571428
2014-07-16 07:00:00,0.2961163895486935,0.0150783847980997,0.0295914489311163,0.0,0.0,0.0,0.0153562945368171,0.0050142517814726,0.0017695961995249,0.0988456057007125
2014-07-16 08:00:00,0.1941188811188811,0.0108951048951048,0.0206969696969696,0.0,0.0,0.0,0.0152680652680652,0.005004662004662,0.0017342657342657,0.0
2014-07-16 09:00:00,0.1928461538461538,0.0116995192307692,0.0190024038461538,0.0,0.0,0.0,0.0152259615384615,0.005,0.0017908653846153,0.0
2014-07-16 10:00:00,0.1951415525114155,0.0112876712328767,0.0268561643835616,0.0,0.0,0.0,0.0153401826484018,0.0050068493150684,0.0017808219178082,0.0
2014-07-16 11:00:00,0.2917958762886598,0.0152515463917525,0.0382515463917525,0.0,0.0,0.0,0.0152494845360824,0.0050103092783505,0.0017525773195876,0.0857711340206185
2014-07-16 12:00:00,0.2121149897330595,0.0176201232032854,0.0256960985626283,0.0,0.0,0.0,0.0153921971252566,0.0050102669404517,0.0018213552361396,0.0
2014-07-16 13:00:00,0.8135236966824645,0.0145521327014218,0.0212464454976303,0.0,0.0,0.0,0.0153080568720379,0.0050165876777251,0.0018341232227488,0.067063981042654
2014-07-16 14:00:00,0.2047639751552795,0.012879917184265,0.0261656314699792,0.0,0.0,0.0,0.0154741200828157,0.0050248447204968,0.0018778467908902,0.0
2014-07-16 15:00:00,0.8081402061855669,0.0126989690721649,0.0399793814432989,0.0,0.0,0.0,0.0533195876288659,0.0050020618556701,0.2938309278350515,0.0
2014-07-16 16:00:00,0.4280660792951541,0.0126255506607929,0.023226872246696,0.0,0.0,0.0,0.0155572687224669,0.0404008810572687,0.0377466960352422,0.0378237885462555
2014-07-16 17:00:00,0.3254904051172708,0.0119253731343283,0.019272921108742,0.0,0.0,0.0,0.0154648187633262,0.1423027718550106,0.001867803837953,0.0
2014-07-16 18:00:00,0.2529571734475375,0.0098008565310492,0.0376167023554603,0.0,0.0,0.0,0.0153511777301927,0.0544732334047109,0.0018565310492505,0.0
2014-07-16 19:00:00,0.3380397489539749,0.0099728033472803,0.0299539748953974,0.0,0.0,0.0,0.0153786610878661,0.0415627615062761,0.0018723849372384,0.1069958158995815
2014-07-16 20:00:00,0.5692839248434238,0.0074885177453027,0.022795407098121,0.0,0.0,0.0,0.0154801670146137,0.1331753653444676,0.0018747390396659,0.0
2014-07-16 21:00:00,0.3255539568345323,0.0105,0.02693345323741,0.0,0.0012751798561151,0.0,0.0154712230215827,0.0267913669064748,0.0018794964028776,0.0
2014-07-16 22:00:00,0.1990438596491228,0.0091293859649122,0.0393048245614035,0.0,0.0016776315789473,0.0,0.0153245614035087,0.0050021929824561,0.0018399122807017,0.0
2014-07-16 23:00:00,0.1941415094339622,0.0112075471698113,0.0219882075471698,0.0,0.0017712264150943,0.0,0.0156580188679245,0.0050117924528301,0.0019198113207547,0.0
2014-07-17 00:00:00,0.1942062350119904,0.0076498800959232,0.0168153477218225,0.0,0.0018321342925659,0.0,0.0156091127098321,0.0050047961630695,0.0019040767386091,0.0
2014-07-17 01:00:00,1.1523804878048782,0.0074853658536585,0.0283317073170731,0.0,0.4214439024390244,0.0,0.0154073170731707,0.0050170731707317,0.0018585365853658,0.0
2014-07-17 02:00:00,0.5408966346153846,0.0068966346153846,0.0318052884615384,0.0,0.0422548076923076,0.0,0.0154543269230769,0.0080817307692307,0.0018822115384615,0.0
2014-07-17 03:00:00,0.6204488517745302,0.0060772442588726,0.0198517745302714,0.0,0.0012254697286012,0.0,0.0155052192066805,0.0083632567849686,0.0019081419624217,0.0
2014-07-17 04:00:00,2.5772402745995424,0.0075972540045766,0.0222311212814645,0.0,0.001162471395881,0.0,0.0155034324942791,0.0050114416475972,0.0018947368421052,0.0
2014-07-17 05:00:00,1.7037133027522935,0.0117408256880733,0.0275733944954128,0.0,0.0012041284403669,0.0,0.015348623853211,0.0050114678899082,0.0018853211009174,0.0
2014-07-17 06:00:00,1.393916114790287,0.0127593818984547,0.0284724061810154,0.0,1.1037527593818986e-05,0.0346490066225165,0.0152560706401766,0.0050022075055187,0.1103333333333333,0.0683068432671081
2014-07-17 07:00:00,0.2581729857819905,0.0077867298578199,0.0176303317535545,0.0,0.0,0.0,0.0163696682464454,0.0050023696682464,0.0018199052132701,0.0
2014-07-17 08:00:00,0.1918325123152709,0.007679802955665,0.0186871921182266,0.0,0.0,0.0,0.0152857142857142,0.0050024630541871,0.0017635467980295,0.0
2014-07-17 09:00:00,0.1942198275862069,0.0080905172413793,0.024614224137931,0.0,0.0,0.0,0.0152456896551724,0.0050064655172413,0.001739224137931,0.0
2014-07-17 10:00:00,0.3676074380165289,0.0081363636363636,0.033694214876033,0.0,0.0,0.0600537190082644,0.0152066115702479,0.0050082644628099,0.0156239669421487,0.0865103305785124
2014-07-17 11:00:00,0.1991673728813559,0.010728813559322,0.0209046610169491,0.0,0.0,0.0,0.0152860169491525,0.0050042372881355,0.0073898305084745,0.0
2014-07-17 12:00:00,0.215,0.0107913188647746,0.0217512520868113,0.0,0.0,0.0,0.0321903171953255,0.0050050083472454,0.0018330550918196,0.0
2014-07-17 13:00:00,0.2888855218855218,0.0111835016835016,0.0325319865319865,0.0,0.0,0.0,0.0935892255892256,0.0050050505050505,0.0018148148148148,0.0
2014-07-17 14:00:00,0.4080816666666667,0.015975,0.0343833333333333,0.0,0.0,0.0,0.0603283333333333,0.0050066666666666,0.0018216666666666,0.148925
2014-07-17 15:00:00,0.1974749999999999,0.0128516666666666,0.0208833333333333,0.0,0.0,0.0,0.0175083333333333,0.0050083333333333,0.0018716666666666,0.0
2014-07-17 16:00:00,0.4717495559502664,0.0227708703374777,0.0307264653641207,0.0,0.0,0.0,0.0176607460035523,0.0164085257548845,0.025918294849023,0.0
2014-07-17 17:00:00,0.2505041493775933,0.010701244813278,0.04350622406639,0.0,0.0,0.0,0.0176680497925311,0.0448257261410788,0.0018609958506224,0.0
2014-07-17 18:00:00,0.2234523809523809,0.0146944444444444,0.0236349206349206,0.0,0.0,0.0,0.0175496031746031,0.0259087301587301,0.0018432539682539,0.0
2014-07-17 19:00:00,0.2247965116279069,0.014141472868217,0.0242596899224806,0.0,0.0,0.0,0.017625968992248,0.0259031007751938,0.0018391472868217,0.0
2014-07-17 20:00:00,0.3473003875968992,0.0133100775193798,0.0391395348837209,0.0,0.0,0.0,0.0175813953488372,0.0257984496124031,0.0018740310077519,0.0979011627906976
2014-07-17 21:00:00,0.338420523138833,0.0135814889336016,0.0287907444668008,0.0,0.0,0.0,0.017496981891348,0.0945372233400402,0.001861167002012,0.0
2014-07-17 22:00:00,0.1962114164904862,0.0112177589852008,0.0213023255813953,0.0,0.0,0.0,0.0176046511627907,0.0050169133192389,0.0018794926004228,0.0
2014-07-17 23:00:00,0.2090726872246696,0.011806167400881,0.0340286343612334,0.0,0.0,0.0,0.0176519823788546,0.0050022026431718,0.0018920704845814,0.0
2014-07-18 00:00:00,0.6118343815513626,0.0099329140461215,0.0318469601677148,0.0,0.0,0.0,0.0176436058700209,0.0050020964360587,0.0019098532494758,0.0
2014-07-18 01:00:00,0.5788072805139186,0.0093725910064239,0.0204325481798715,0.0,0.0,0.0,0.0178950749464668,0.0050149892933618,0.001916488222698,0.0
2014-07-18 02:00:00,0.7506812652068127,0.0082335766423357,0.0213990267639902,0.0,0.0,0.0,0.0175717761557177,0.0083819951338199,0.001941605839416,0.0
2014-07-18 03:00:00,0.2039725685785536,0.0092369077306733,0.0419750623441396,0.0,0.0,0.0,0.0177007481296758,0.0092244389027431,0.0018653366583541,0.0
2014-07-18 04:00:00,3.256363228699552,0.0111255605381165,0.0193385650224215,0.0,0.0009641255605381,0.0,0.0174955156950672,0.0050179372197309,0.0019125560538116,0.0
2014-07-18 05:00:00,2.7673636363636365,0.0100931818181818,0.0182204545454545,0.0,1.325434090909091,0.0300568181818181,0.0175340909090909,0.0050090909090909,0.0977954545454545,0.0764318181818181
2014-07-18 06:00:00,1.4320287610619469,0.0256991150442477,0.0340221238938053,0.0,0.053,0.0,0.017471238938053,0.0050110619469026,0.0019269911504424,0.0809977876106194
2014-07-18 07:00:00,0.3566206896551724,0.0124298850574712,0.0294413793103448,0.0,0.0,0.0,0.0173609195402298,0.0122551724137931,0.0019149425287356,0.0
2014-07-18 08:00:00,0.3284192634560907,0.0178356940509915,0.0268045325779036,0.0,0.0,0.0,0.0330453257790368,0.0050028328611898,0.0018781869688385,0.0
2014-07-18 09:00:00,0.2004363636363636,0.0184090909090909,0.0232090909090909,0.0,0.0,0.0,0.0153181818181818,0.0050181818181818,0.0018363636363636,0.0
2014-07-18 10:00:00,0.2018232558139535,0.0103209302325581,0.0340511627906976,0.0,0.0,0.0,0.0154348837209302,0.005013953488372,0.0018930232558139,0.0
2014-07-18 11:00:00,0.3487575757575757,0.0159137529137529,0.0207342657342657,0.0,0.0,0.0401118881118881,0.0152517482517482,0.005006993006993,0.0305291375291375,0.0804685314685314
2014-07-18 12:00:00,0.2648560885608856,0.0302878228782287,0.0324169741697417,0.0,0.0,0.0604870848708487,0.0155867158671586,0.0050073800738007,0.0018265682656826,0.0
2014-07-18 13:00:00,0.2023039647577092,0.0099625550660792,0.0359449339207048,0.0,0.0,0.0,0.0167555066079295,0.0050088105726872,0.0018414096916299,0.0
2014-07-18 14:00:00,0.7212516853932585,0.0103168539325842,0.0235033707865168,0.0,0.0,0.0,0.0152808988764044,0.0050112359550561,0.0018269662921348,0.0
2014-07-18 15:00:00,0.5106113636363636,0.0200886363636363,0.0549227272727272,0.0,0.0,0.0,0.0154613636363636,0.005,0.0017818181818181,0.0
2014-07-18 16:00:00,0.4606203090507726,0.0210397350993377,0.0377858719646799,0.0,0.0,0.0,0.0153289183222958,0.0310706401766004,0.0647108167770419,0.0622207505518763
2014-07-18 17:00:00,0.3450434782608695,0.0296681922196796,0.0294004576659038,0.0,0.0,0.0,0.0153661327231121,0.1385286041189931,0.0018146453089244,0.0
2014-07-18 18:00:00,0.4294181818181818,0.0201272727272727,0.0477999999999999,0.0,0.0,0.0,0.0154886363636363,0.0059795454545454,0.001865909090909,0.0
2014-07-18 19:00:00,0.3839861751152073,0.0347603686635944,0.0365967741935483,0.0,0.0,0.0,0.0154539170506912,0.1480645161290322,0.0019078341013824,0.0
2014-07-18 20:00:00,0.5676588486140725,0.0369978678038379,0.0281769722814498,0.0,0.0,0.0,0.0155223880597014,0.1437100213219616,0.0018742004264392,0.0917718550106609
2014-07-18 21:00:00,0.4225496535796766,0.0167990762124711,0.0475796766743649,0.0,0.0,0.0,0.0154133949191685,0.0578545034642032,0.0019099307159353,0.0
2014-07-18 22:00:00,0.2052258823529411,0.0133623529411764,0.0247341176470588,0.0,0.0,0.0,0.015595294117647,0.0050094117647058,0.0018847058823529,0.0
2014-07-18 23:00:00,0.2051101123595505,0.0113393258426966,0.035229213483146,0.0,0.0,0.0,0.0155865168539325,0.0050112359550561,0.0019235955056179,0.0
2014-07-19 00:00:00,0.3214939467312349,0.014046004842615,0.0373995157384987,0.0,0.0,0.0,0.0155811138014527,0.0050145278450363,0.0019249394673123,0.0
2014-07-19 01:00:00,0.7789510489510489,0.0099976689976689,0.0213379953379953,0.0,0.0,0.0,0.0155034965034965,0.005018648018648,0.0019254079254079,0.0
2014-07-19 02:00:00,0.7152618453865337,0.0092418952618453,0.0409825436408977,0.0,0.0,0.0,0.0155561097256857,0.0079002493765586,0.0019401496259351,0.0
2014-07-19 03:00:00,0.213671497584541,0.0098599033816425,0.0307512077294686,0.0,0.0,0.0,0.0156014492753623,0.006171497584541,0.0019251207729468,0.0
2014-07-19 04:00:00,2.319085152838428,0.0075982532751091,0.0226877729257641,0.0,0.0,0.0,0.0156637554585152,0.0050087336244541,0.0019061135371179,0.0
2014-07-19 05:00:00,2.7201186440677967,0.0088474576271186,0.0439491525423728,0.0,0.0,0.0,0.0155157384987893,0.0050072639225181,0.1068111380145278,0.1036053268765133
2014-07-19 06:00:00,1.209930648769575,0.0152393736017897,0.0205257270693512,0.0,0.643675615212528,0.0,0.0153154362416107,0.0050111856823266,0.1098657718120805,0.0129574944071588
2014-07-19 07:00:00,0.6593872549019608,0.0166372549019607,0.0236200980392156,0.0,0.0,0.0,0.0154191176470588,0.1070539215686274,0.0021544117647058,0.1181176470588235
2014-07-19 08:00:00,0.3207339449541284,0.0116169724770642,0.0463715596330275,0.0,0.0,0.0,0.015348623853211,0.0517339449541284,0.0018922018348623,0.0
2014-07-19 09:00:00,0.2056078886310904,0.0119048723897911,0.0529466357308584,0.0,0.0,0.0,0.0154083526682134,0.005,0.0018422273781902,0.0
2014-07-19 10:00:00,0.1982058212058212,0.0086216216216216,0.033039501039501,0.0,0.0,0.0,0.0153056133056133,0.005018711018711,0.0018918918918918,0.0
2014-07-19 11:00:00,0.5445616666666666,0.014765,0.0274533333333333,0.0,0.0,0.0,0.0154716666666666,0.0050066666666666,0.001925,0.090195
2014-07-19 12:00:00,0.2524266441821248,0.0099274873524451,0.0433861720067453,0.0,0.0,0.0,0.0156037099494097,0.0530674536256323,0.0019578414839797,0.0
2014-07-19 13:00:00,0.2131884057971014,0.0135590062111801,0.0286086956521739,0.0,0.0,0.0,0.0159068322981366,0.0140331262939958,0.0019130434782608,0.0
2014-07-19 14:00:00,0.2016594724220623,0.010820143884892,0.0266618705035971,0.0,0.0,0.0,0.0163836930455635,0.0050071942446043,0.0019448441247002,0.0
2014-07-19 15:00:00,0.5814554455445544,0.0092079207920792,0.0372326732673267,0.0,0.0,0.0,0.0164381188118811,0.0103019801980198,0.0019084158415841,0.0
2014-07-19 16:00:00,0.8509714285714285,0.013621978021978,0.0413252747252747,0.0,0.0,0.0,0.0164043956043956,0.0050065934065934,0.2188593406593406,0.0
2014-07-19 17:00:00,0.4200125,0.0208725,0.0238374999999999,0.0,0.0,0.0,0.01638,0.0700725,0.056405,0.093215
2014-07-19 18:00:00,0.2227605633802817,0.0117323943661971,0.0312089201877934,0.0,0.0,0.0,0.0163497652582159,0.019838028169014,0.0019319248826291,0.0
2014-07-19 19:00:00,0.3424665127020785,0.0131547344110854,0.0453348729792147,0.0,0.0,0.0,0.0283833718244803,0.1215519630484988,0.0019076212471131,0.0
2014-07-19 20:00:00,0.4595975903614457,0.012344578313253,0.0268915662650602,0.0,0.0,0.0,0.0916771084337349,0.1130530120481927,0.0018457831325301,0.0
2014-07-19 21:00:00,0.3017552447552447,0.0106853146853146,0.0286083916083916,0.0,0.00104662004662,0.0,0.0402773892773892,0.005011655011655,0.0018601398601398,0.0
2014-07-19 22:00:00,0.214806976744186,0.0105581395348837,0.0420790697674418,0.0,0.0017511627906976,0.0,0.0185046511627906,0.0050186046511627,0.0018813953488372,0.0
2014-07-19 23:00:00,0.2097821100917431,0.0105550458715596,0.0293027522935779,0.0,0.0018073394495412,0.0,0.0186399082568807,0.0050160550458715,0.0019380733944954,0.0
2014-07-20 00:00:00,0.2045652173913043,0.0099588100686498,0.0232128146453089,0.0,0.0018306636155606,0.0,0.01862471395881,0.005020594965675,0.0019244851258581,0.0
2014-07-20 01:00:00,1.7080328638497653,0.0085492957746478,0.0350305164319248,0.0,0.7681948356807512,0.0,0.0186924882629108,0.0050070422535211,0.0019178403755868,0.0
2014-07-20 02:00:00,0.7568995215311005,0.0085526315789473,0.0327727272727272,0.0,0.0311196172248803,0.0,0.0187368421052631,0.008188995215311,0.0019497607655502,0.0
2014-07-20 03:00:00,0.2029520383693045,0.0090695443645083,0.0201462829736211,0.0,0.0007170263788968,0.0,0.0188465227817745,0.006251798561151,0.0019520383693045,0.0
2014-07-20 04:00:00,3.219155502392345,0.015212918660287,0.0248540669856459,0.0,0.0,0.0,0.0187918660287081,0.0050191387559808,0.0728301435406698,0.0
2014-07-20 05:00:00,0.797820197044335,0.0188374384236453,0.0369630541871921,0.0,0.0,0.0313497536945812,0.018615763546798,0.005,0.0306527093596059,0.1074064039408867
2014-07-20 06:00:00,0.2072901678657074,0.01168345323741,0.0234220623501199,0.0,0.0,0.0,0.0174916067146282,0.005,0.0019400479616306,0.0
2014-07-20 07:00:00,0.201295165394402,0.0108651399491094,0.0207811704834605,0.0,0.0,0.0,0.0175928753180661,0.0050152671755725,0.0019491094147582,0.0
2014-07-20 08:00:00,0.1992314814814814,0.0110254629629629,0.0225671296296296,0.0,0.0,0.0,0.0174097222222222,0.005011574074074,0.0019282407407407,0.0
2014-07-20 09:00:00,0.2044197247706422,0.0105366972477064,0.0392775229357798,0.0,0.0,0.0,0.0173853211009174,0.0049977064220183,0.0019174311926605,0.0
2014-07-20 10:00:00,0.1997897310513447,0.0105721271393643,0.0221589242053789,0.0,0.0,0.0,0.0174303178484107,0.0050048899755501,0.0018777506112469,0.0
2014-07-20 11:00:00,0.1968608490566037,0.0073915094339622,0.0240566037735849,0.0,0.0,0.0,0.0174551886792452,0.005002358490566,0.0019599056603773,0.0
2014-07-20 12:00:00,0.1959520383693045,0.0057745803357314,0.0251942446043165,0.0,0.0,0.0,0.0175347721822542,0.0050047961630695,0.0019448441247002,0.0
2014-07-20 13:00:00,0.2010025906735751,0.0063031088082901,0.0422979274611398,0.0,0.0,0.0,0.0175103626943005,0.0050129533678756,0.0019222797927461,0.0
2014-07-20 14:00:00,0.201178117048346,0.0102111959287531,0.0058117048346055,0.0,0.0,0.0,0.017442748091603,0.0050101781170483,0.001941475826972,0.0
2014-07-20 15:00:00,0.1995687203791469,0.0103578199052132,0.0299360189573459,0.0,0.0,0.0,0.0174194312796208,0.0050023696682464,0.0019123222748815,0.0
2014-07-20 16:00:00,0.2021453201970443,0.0092142857142857,0.0,0.0,0.0,0.0,0.0173817733990147,0.005,0.0019261083743842,0.0
2014-07-20 17:00:00,0.2028935185185185,0.0101851851851851,0.0655277777777777,0.0,0.0,0.0,0.0175601851851851,0.0050023148148148,0.0019282407407407,0.0
2014-07-20 18:00:00,0.2029951219512195,0.0105975609756097,0.0153048780487804,0.0,0.0,0.0,0.0176048780487804,0.0084,0.0019414634146341,0.0
2014-07-20 19:00:00,0.2263379888268156,0.0103072625698324,0.0185502793296089,0.0,0.0,0.0,0.0175251396648044,0.0247821229050279,0.0019720670391061,0.0
2014-07-20 20:00:00,0.2130209302325581,0.0102046511627906,0.0429837209302325,0.0,0.0,0.0,0.0174813953488372,0.0056581395348837,0.0018790697674418,0.0
2014-07-20 21:00:00,0.205713768115942,0.0095289855072463,0.0347391304347826,0.0,0.0,0.0,0.0173858695652173,0.005016304347826,0.0018423913043478,0.0
2014-07-20 22:00:00,0.1979452736318407,0.0121218905472636,0.0590323383084577,0.0,0.0,0.0,0.0175,0.0050074626865671,0.0019427860696517,0.0
2014-07-20 23:00:00,0.1954627192982456,0.0140153508771929,0.0101140350877192,0.0,0.0,0.0,0.0173793859649122,0.0050021929824561,0.0019166666666666,0.0
2014-07-21 00:00:00,0.20234,0.0091799999999999,0.0504866666666666,0.0,0.0,0.0,0.0175977777777777,0.0050022222222222,0.0019466666666666,0.0
2014-07-21 01:00:00,0.195334928229665,0.0045406698564593,0.0275382775119617,0.0,0.0,0.0,0.0175047846889952,0.005,0.0019736842105263,0.0
2014-07-21 02:00:00,0.1978173302107728,0.0071873536299765,0.021807962529274,0.0,0.0,0.0,0.0174800936768149,0.0077072599531615,0.0019812646370023,0.0
2014-07-21 03:00:00,0.199889423076923,0.0112139423076923,0.0351947115384615,0.0,0.0,0.0,0.0175817307692307,0.0082163461538461,0.0019591346153846,0.0
2014-07-21 04:00:00,0.2076952595936794,0.0105778781038374,0.0371738148984198,0.0,0.0,0.0,0.0176162528216704,0.0050180586907449,0.0019683972911963,0.0
2014-07-21 05:00:00,0.1973927710843373,0.010467469879518,0.3023397590361446,0.0,0.0,0.0,0.0173927710843373,0.0050096385542168,0.001944578313253,0.0
2014-07-21 06:00:00,0.2010021834061135,0.0098886462882096,0.0655764192139738,0.0,0.0,0.0,0.0172379912663755,0.005004366812227,0.0018842794759825,0.0
2014-07-21 07:00:00,0.1971603375527426,0.0122911392405063,0.0191983122362869,0.0,0.0,0.0,0.0173818565400843,0.005006329113924,0.0018966244725738,0.0
2014-07-21 08:00:00,0.2016363636363636,0.0138018648018648,0.0315431235431235,0.0,0.0,0.0,0.0173216783216783,0.005011655011655,0.0019230769230769,0.0
2014-07-21 09:00:00,0.1995552995391705,0.0084654377880184,0.0518133640552995,0.0,0.0,0.0,0.0174147465437788,0.0050046082949308,0.001942396313364,0.0
2014-07-21 10:00:00,0.1975629820051413,0.00919794344473,0.0388714652956298,0.0,0.0,0.0,0.0173830334190231,0.0050077120822622,0.0019331619537275,0.0
2014-07-21 11:00:00,0.1952987288135593,0.00475,0.0361355932203389,0.0,0.0,0.0,0.0173877118644067,0.0050063559322033,0.0019300847457627,0.0
2014-07-21 12:00:00,0.2052311557788944,0.0098274706867671,0.0353383584589614,0.0,0.0,0.0,0.0173886097152428,0.0050117252931323,0.0019463986599664,0.0
2014-07-21 13:00:00,0.2010804020100502,0.0109279731993299,0.0381541038525963,0.0,0.0,0.0,0.017428810720268,0.0050083752093802,0.0018860971524288,0.0
2014-07-21 14:00:00,0.2000753768844221,0.0102814070351758,0.0181155778894472,0.0,0.0,0.0,0.0173283082077051,0.0050083752093802,0.0019061976549413,0.0
2014-07-21 15:00:00,0.2031656314699793,0.0092981366459627,0.0406625258799171,0.0,0.0,0.0,0.0174202898550724,0.0050062111801242,0.0019420289855072,0.0
2014-07-21 16:00:00,0.2051073985680191,0.0102768496420047,0.0350262529832935,0.0,0.0,0.0,0.017472553699284,0.0050071599045346,0.0019474940334128,0.0
2014-07-21 17:00:00,0.2007107623318385,0.0117757847533632,0.0225874439461883,0.0,0.0,0.0,0.0174327354260089,0.0050022421524663,0.0019058295964125,0.0
2014-07-21 18:00:00,0.1988421052631579,0.0105143540669856,0.0244497607655502,0.0,0.0,0.0,0.0174928229665071,0.005,0.00188995215311,0.0
2014-07-21 19:00:00,0.2086938325991189,0.0075022026431718,0.0431167400881057,0.0,0.0,0.0,0.0176211453744493,0.0050066079295154,0.0019405286343612,0.0
2014-07-21 20:00:00,0.2034883177570093,0.0048177570093457,0.0207546728971962,0.0,0.0,0.0,0.0174042056074766,0.005,0.001929906542056,0.0
2014-07-21 21:00:00,0.2042995169082125,0.0099975845410628,0.0251980676328502,0.0,0.0,0.0,0.017695652173913,0.005,0.0019299516908212,0.0
2014-07-21 22:00:00,0.202692671394799,0.010304964539007,0.0366312056737588,0.0,0.0,0.0,0.0176052009456264,0.0050070921985815,0.0019527186761229,0.0
2014-07-21 23:00:00,0.198093896713615,0.0119366197183098,0.0246619718309859,0.0,0.0,0.0,0.0176596244131455,0.0050093896713615,0.0019389671361502,0.0
2014-07-22 00:00:00,0.1983606557377049,0.0134707259953161,0.0188056206088992,0.0,0.0,0.0,0.0176229508196721,0.0050187353629976,0.0019578454332552,0.0
2014-07-22 01:00:00,0.1980544217687074,0.0107256235827664,0.0243990929705215,0.0,0.0,0.0,0.017609977324263,0.005015873015873,0.0019523809523809,0.0
2014-07-22 02:00:00,0.2050183066361556,0.0104393592677345,0.0305354691075514,0.0,0.0,0.0,0.0178100686498855,0.0083226544622425,0.0019885583524027,0.0
2014-07-22 03:00:00,0.1978960396039603,0.007289603960396,0.0193341584158415,0.0,0.0,0.0,0.0177574257425742,0.0085470297029702,0.0019777227722772,0.0
2014-07-22 04:00:00,0.1911943793911007,0.0035339578454332,0.0163653395784543,0.0,0.0,0.0,0.0177330210772833,0.0050163934426229,0.001983606557377,0.0
2014-07-22 05:00:00,0.201997668997669,0.0132377622377622,0.0302424242424242,0.0,0.0,0.0,0.0175244755244755,0.005009324009324,0.0019673659673659,0.0
2014-07-22 06:00:00,0.199453781512605,0.0090756302521008,0.0280546218487394,0.0,0.0,0.0,0.0173655462184873,0.0050084033613445,0.0019201680672268,0.0
2014-07-22 07:00:00,0.1983830227743271,0.0173768115942028,0.0158612836438923,0.0,0.0,0.0,0.017335403726708,0.0050144927536231,0.0019109730848861,0.0
2014-07-22 08:00:00,0.1976702127659574,0.0086340425531914,0.0174851063829787,4.255319148936171e-06,0.0,0.0,0.0173851063829787,0.0050148936170212,0.0019,0.0
2014-07-22 09:00:00,0.199971615720524,0.0119978165938864,0.0248951965065502,0.0,0.0,0.0,0.0174061135371179,0.0050174672489082,0.0019323144104803,0.0
2014-07-22 10:00:00,0.202549889135255,0.0093059866962306,0.03360088691796,0.0,0.0,0.0,0.0174678492239467,0.0050133037694013,0.0019445676274944,0.0
2014-07-22 11:00:00,0.196012285012285,0.0048894348894348,0.0214373464373464,0.0,0.0,0.0,0.0175552825552825,0.005004914004914,0.0019582309582309,0.0
2014-07-22 12:00:00,0.1954261904761904,0.0053,0.0180642857142857,0.0,0.0,0.0,0.0174309523809523,0.005,0.0019357142857142,0.0
2014-07-22 13:00:00,0.2043371298405467,0.010125284738041,0.035134396355353,0.0,0.0,0.0,0.0173917995444191,0.0050159453302961,0.0019498861047835,0.0
2014-07-22 14:00:00,0.2009321608040201,0.0107487437185929,0.0286984924623115,0.0,0.0,0.0,0.0174974874371859,0.005002512562814,0.0019522613065326,0.0
2014-07-22 15:00:00,0.2003268398268398,0.0100151515151515,0.0213333333333333,0.0,0.0,0.0,0.017508658008658,0.0050108225108225,0.0019134199134199,0.0
2014-07-22 16:00:00,0.2012071129707113,0.0100899581589958,0.0304874476987447,0.0,0.0,0.0,0.0173054393305439,0.0050083682008368,0.0018702928870292,0.0
2014-07-22 17:00:00,0.2032296137339055,0.0098218884120171,0.0395450643776824,0.0,0.0,0.0,0.0174484978540772,0.0050064377682403,0.0019077253218884,0.0
2014-07-22 18:00:00,0.1986321138211382,0.0100630081300813,0.02280081300813,0.0,0.0,0.0,0.0175060975609756,0.0050081300813008,0.0019654471544715,0.0
2014-07-22 19:00:00,0.2003406113537117,0.0084039301310043,0.0223275109170305,0.0,0.0,0.0,0.0175786026200873,0.0050109170305676,0.0019737991266375,0.0
2014-07-22 20:00:00,0.2078458049886621,0.0050929705215419,0.0399727891156462,0.0,0.0,0.0,0.0174081632653061,0.0050045351473922,0.0019410430839002,0.0
2014-07-22 21:00:00,0.2035871559633027,0.0084541284403669,0.0193532110091743,0.0,0.0,0.0,0.0173669724770642,0.005,0.0019334862385321,0.0
2014-07-22 22:00:00,0.1848,0.0,0.0,0.0,0.0,0.0,0.0174,0.005,0.0019199999999999,0.0
2014-07-22 23:00:00,,,,,,,,,,
2014-07-23 00:00:00,,,,,,,,,,
2014-09-01 00:00:00,0.208,0.042,0.0,0.0,0.0,0.0,0.018,0.005,0.002,0.0
2014-09-01 01:00:00,0.208,0.042,0.0,0.0,0.0,0.0,0.018,0.005,0.002,0.0
2014-09-01 02:00:00,0.208,0.042,0.0,0.0,0.0,0.0,0.018,0.005,0.002,0.0
2014-09-01 03:00:00,0.208,0.042,0.0,0.0,0.0,0.0,0.018,0.005,0.002,0.0
2014-09-01 04:00:00,0.208,0.042,0.0,0.0,0.0,0.0,0.018,0.005,0.002,0.0
2014-09-01 05:00:00,0.208,0.042,0.0,0.0,0.0,0.0,0.018,0.005,0.002,0.0
2014-09-01 06:00:00,0.208,0.042,0.0,0.0,0.0,0.0,0.018,0.005,0.002,0.0
2014-09-01 07:00:00,0.208,0.042,0.0,0.0,0.0,0.0,0.018,0.005,0.002,0.0
2014-09-01 08:00:00,0.3241733870967742,0.0254717741935483,0.0218306451612903,0.0,0.0,0.0,0.0176733870967741,0.0050120967741935,0.0018266129032258,0.1229717741935483
2014-09-01 09:00:00,0.2541142857142857,0.005476923076923,0.0169428571428571,0.0,0.0,0.0,0.0762197802197802,0.0050021978021978,0.0017736263736263,0.0
2014-09-01 10:00:00,0.2224589800443459,0.0132616407982261,0.0477161862527716,0.0,0.0,0.0,0.0332039911308204,0.0050110864745011,0.0018226164079822,0.0
2014-09-01 11:00:00,0.1975766871165644,0.0086993865030674,0.0286042944785276,0.0,0.0,0.0,0.0177944785276073,0.0050061349693251,0.0017883435582822,0.0
2014-09-01 12:00:00,0.198740576496674,0.013130820399113,0.0284656319290465,0.0,0.0,0.0,0.0177516629711751,0.0050066518847006,0.0017583148558758,0.0
2014-09-01 13:00:00,0.470248322147651,0.0092460850111856,0.0585615212527964,0.0,0.0,0.0323601789709172,0.0176733780760626,0.0050201342281879,0.0056375838926174,0.1126152125279642
2014-09-01 14:00:00,0.1996457765667575,0.0042070844686648,0.0337820163487738,0.0,0.0,0.0,0.0177602179836512,0.0050054495912806,0.0018937329700272,0.0
2014-09-01 15:00:00,0.2999074492099323,0.013079006772009,0.0311557562076749,0.0,0.0,0.0,0.0178284424379232,0.0050225733634311,0.0019277652370203,0.095354401805869
2014-09-01 16:00:00,0.7018,0.0121073684210526,0.0444526315789473,0.0,0.0,0.0,0.0178715789473684,0.0050084210526315,0.2511157894736842,0.0
2014-09-01 17:00:00,0.3189606126914661,0.0132778993435448,0.0347396061269146,0.0,0.0,0.0,0.0177877461706783,0.0069212253829321,0.0187133479212253,0.073582056892779
2014-09-01 18:00:00,0.3296850220264317,0.0132356828193832,0.0440044052863436,0.0,0.0,0.0,0.0178348017621145,0.1354405286343612,0.0018414096916299,0.0
2014-09-01 19:00:00,0.3408377777777778,0.0109644444444444,0.0436066666666666,0.0,0.0,0.0,0.0177866666666666,0.1114644444444444,0.0018622222222222,0.0
2014-09-01 20:00:00,0.4182075892857143,0.0102053571428571,0.0335267857142857,0.0,0.0,0.0,0.0177611607142857,0.1318504464285714,0.0018459821428571,0.0
2014-09-01 21:00:00,0.4726986607142857,0.0069508928571428,0.0337075892857142,0.0,0.0,0.0,0.0179196428571428,0.1316540178571428,0.0018705357142857,0.0
2014-09-01 22:00:00,0.2391818181818182,0.0033813747228381,0.0395166297117516,0.0,0.0,0.0,0.0180399113082039,0.0084035476718403,0.0018980044345898,0.0
2014-09-01 23:00:00,0.1946057906458797,0.0117839643652561,0.0387060133630289,0.0,0.0,0.0,0.0181469933184855,0.0050155902004454,0.0019042316258351,0.0
2014-09-02 00:00:00,0.1929821029082774,0.0110111856823266,0.0261230425055928,0.0,0.0,0.0,0.018165548098434,0.0050313199105145,0.0019306487695749,0.0
2014-09-02 01:00:00,0.1922288888888889,0.0117533333333333,0.0311111111111111,0.0,0.0,0.0,0.0182133333333333,0.0050422222222222,0.0019533333333333,0.0
2014-09-02 02:00:00,0.877054892601432,0.0092816229116945,0.0394486873508353,0.0,0.0,0.0,0.018090692124105,0.0050405727923627,0.001926014319809,0.0
2014-09-02 03:00:00,0.5724375,0.0112106481481481,0.0222777777777777,0.0,0.0,0.0,0.0181527777777777,0.0083194444444444,0.0019583333333333,0.0
2014-09-02 04:00:00,0.3808841870824053,0.0038418708240534,0.0284699331848552,0.0,0.0,0.0,0.018218262806236,0.0089532293986636,0.0019398663697104,0.0
2014-09-02 05:00:00,2.41956,0.0045644444444444,0.0339422222222222,0.0,0.0,0.0,0.0223711111111111,0.0050288888888888,0.0019422222222222,0.0
2014-09-02 06:00:00,0.6816868008948547,0.0088456375838926,0.0162953020134228,0.0,0.0,0.0,0.018,0.0050201342281879,0.0019239373601789,0.0816666666666666
2014-09-02 07:00:00,1.2674513274336283,0.0113075221238938,0.0319115044247787,0.0,0.0,0.0308053097345132,0.0177566371681415,0.0050088495575221,0.118929203539823,0.0399557522123893
2014-09-02 08:00:00,0.9575533333333331,0.0139688888888888,0.0261155555555555,4.444444444444444e-06,0.0,0.0,0.0176711111111111,0.0050066666666666,0.0017266666666666,0.0793177777777777
2014-09-02 09:00:00,0.8364553571428571,0.0216651785714285,0.0252321428571428,0.0,0.0,0.0,0.0178616071428571,0.0050200892857142,0.0018348214285714,0.0
2014-09-02 10:00:00,0.8704654788418708,0.0125456570155902,0.026478841870824,0.0,0.0,0.0,0.0178730512249443,0.005033407572383,0.0018663697104677,0.1201559020044543
2014-09-02 11:00:00,0.1952259507829977,0.0122975391498881,0.0256062639821029,0.0,0.0,0.0,0.0178702460850111,0.0050067114093959,0.0018389261744966,0.0
2014-09-02 12:00:00,0.6045444444444444,0.0127066666666666,0.0236311111111111,0.0,0.0,0.0,0.0178066666666666,0.0050199999999999,0.0835088888888889,0.0929622222222222
2014-09-02 13:00:00,0.2840977777777778,0.0122377777777777,0.0271444444444444,0.0,0.0,0.0,0.0178088888888888,0.0050199999999999,0.0904844444444444,0.0
2014-09-02 14:00:00,0.2052733485193622,0.0081617312072892,0.0501913439635535,0.0,0.0,0.0,0.0179020501138952,0.0050182232346241,0.0018382687927107,0.0
2014-09-02 15:00:00,0.3348102678571428,0.0119441964285714,0.0315825892857142,0.0,0.0,0.0,0.01796875,0.0050223214285714,0.0018638392857142,0.1331830357142857
2014-09-02 16:00:00,0.2677639198218263,0.0124120267260579,0.032913140311804,0.0,0.0,0.0,0.0853518930957683,0.0050089086859688,0.0018685968819599,0.0
2014-09-02 17:00:00,1.173179600886918,0.0138647450110864,0.0336319290465631,0.0,0.0,0.0,0.0189844789356984,0.0050110864745011,0.0019135254988913,0.0
2014-09-02 18:00:00,0.4174732142857142,0.0140848214285714,0.0356540178571428,0.0,0.0,0.0,0.0191584821428571,0.1338571428571428,0.0018683035714285,0.0946897321428571
2014-09-02 19:00:00,0.3499443207126949,0.0138663697104677,0.0283541202672605,0.0,0.0,0.0,0.0192026726057906,0.1313407572383073,0.0018797327394209,0.0
2014-09-02 20:00:00,0.5250671140939598,0.010821029082774,0.0284161073825503,0.0,0.0,0.0,0.0748881431767337,0.1405257270693512,0.0017673378076062,0.0
2014-09-02 21:00:00,0.4973601789709172,0.0035883668903803,0.0354563758389261,0.0,0.0,0.0,0.092317673378076,0.0688031319910514,0.0018478747203579,0.0
2014-09-02 22:00:00,0.2734419642857142,0.0094040178571428,0.0172299107142857,0.0,0.0015,0.0,0.0457232142857142,0.0050200892857142,0.0018973214285714,0.0
2014-09-02 23:00:00,0.2007333333333333,0.0096577777777777,0.0350177777777777,0.0,0.0017111111111111,0.0,0.0192333333333333,0.0050066666666666,0.0019111111111111,0.0
2014-09-03 00:00:00,0.1990022421524663,0.0120112107623318,0.0160313901345291,0.0,0.0018430493273542,0.0,0.0191726457399103,0.0050336322869955,0.0019461883408071,0.0
2014-09-03 01:00:00,0.6416547884187083,0.0096302895322939,0.0324008908685968,0.0,0.001826280623608,0.0,0.0191648106904231,0.0050178173719376,0.0019599109131403,0.0
2014-09-03 02:00:00,1.178260579064588,0.0086659242761692,0.0164187082405345,0.0,0.5601469933184856,0.0,0.019109131403118,0.0050089086859688,0.0019376391982182,0.0
2014-09-03 03:00:00,0.7695501113585745,0.0005478841870824,0.0330913140311804,0.0,0.0223296213808463,0.0,0.0192138084632516,0.0082048997772828,0.0019510022271714,0.0
2014-09-03 04:00:00,0.1964035874439461,0.0089663677130044,0.015762331838565,0.0,0.0012735426008968,0.0,0.0192354260089686,0.0061973094170403,0.0019461883408071,0.0
2014-09-03 05:00:00,2.42094,0.0091111111111111,0.0323355555555555,0.0,0.0012288888888888,0.0,0.0248488888888888,0.0050155555555555,0.0033466666666666,0.0
2014-09-03 06:00:00,0.8440044642857143,0.0095758928571428,0.0159040178571428,0.0,0.0012165178571428,0.0,0.0191495535714285,0.0050267857142857,0.0019129464285714,0.0
2014-09-03 07:00:00,1.5111409395973154,0.0092885906040268,0.0253557046979865,0.0,0.0092013422818791,0.0,0.0188568232662192,0.0050067114093959,0.0784787472035794,0.1057583892617449
2014-09-03 08:00:00,0.5414057649667405,0.0149379157427937,0.0241552106430155,0.0,0.0,0.0304678492239467,0.0186851441241685,0.0050110864745011,0.0017871396895787,0.2221751662971175
2014-09-03 09:00:00,0.2015567928730512,0.0111492204899777,0.0155389755011135,0.0,0.0,0.0,0.0188886414253897,0.0050089086859688,0.0018396436525612,0.0
2014-09-03 10:00:00,0.2002115812917594,0.0057438752783964,0.0321915367483296,0.0,0.0,0.0,0.0189309576837416,0.0050133630289532,0.001837416481069,0.0
2014-09-03 11:00:00,0.1925755555555555,0.0044177777777777,0.0183711111111111,0.0,0.0,0.0,0.0189155555555555,0.0050155555555555,0.0018155555555555,0.0
2014-09-03 12:00:00,0.1968392857142857,0.0091741071428571,0.0209285714285714,0.0,0.0,0.0,0.0189821428571428,0.005015625,0.0018504464285714,0.0
2014-09-03 13:00:00,0.2084476614699331,0.0091336302895322,0.0396458797327394,0.0,0.0,0.0,0.0190512249443207,0.0050044543429844,0.001837416481069,0.0
2014-09-03 14:00:00,0.1954844444444444,0.0112422222222222,0.01828,0.0,0.0,0.0,0.0189644444444444,0.0050066666666666,0.0018333333333333,0.0
2014-09-03 15:00:00,0.1981133333333333,0.0088355555555555,0.0188511111111111,0.0,0.0,0.0,0.0187666666666666,0.005,0.0017733333333333,0.0
2014-09-03 16:00:00,0.2006666666666666,0.0088222222222222,0.0368755555555555,0.0,0.0,0.0,0.0191,0.0050066666666666,0.0018044444444444,0.0
2014-09-03 17:00:00,0.1942410714285714,0.0090357142857142,0.0208727678571428,0.0,0.0,0.0,0.0180044642857142,0.0050089285714285,0.00184375,0.0
2014-09-03 18:00:00,0.9427366071428572,0.0086026785714285,0.0276852678571428,0.0,0.0,0.0,0.0179821428571428,0.0050133928571428,0.0186540178571428,0.0
2014-09-03 19:00:00,0.823829596412556,0.0176300448430493,0.0293878923766816,0.0,0.0,0.0,0.0178565022421524,0.0400605381165919,0.0433273542600896,0.0926188340807174
2014-09-03 20:00:00,1.1041073825503356,0.0126912751677852,0.0194675615212527,0.0,0.0,0.0,0.0408187919463087,0.1554697986577181,0.006393736017897,0.0
2014-09-03 21:00:00,0.6813946784922394,0.0119268292682926,0.0404545454545454,0.0,0.0,0.0,0.0796784922394678,0.1299179600886917,0.0018736141906873,0.0
2014-09-03 22:00:00,0.2202528216704289,0.014451467268623,0.0179525959367945,0.0,0.0,0.0,0.0177494356659142,0.0050112866817155,0.0018871331828442,0.0
2014-09-03 23:00:00,0.1973644646924829,0.0108154897494305,0.0375284738041002,0.0,0.0,0.0,0.0178701594533029,0.005006833712984,0.0018997722095671,0.0
2014-09-04 00:00:00,0.1883744292237443,0.0081917808219178,0.0179908675799086,0.0,0.0,0.0,0.0181141552511415,0.0050182648401826,0.0019269406392694,0.0
2014-09-04 01:00:00,0.3252840909090909,0.0044568181818181,0.038115909090909,0.0,0.0,0.0,0.0180363636363636,0.0050181818181818,0.00195,0.0
2014-09-04 02:00:00,0.803371298405467,0.0094669703872437,0.0179908883826879,0.0,0.0,0.0,0.0177699316628701,0.005009111617312,0.0019111617312072,0.0
2014-09-04 03:00:00,0.7421196388261851,0.0102844243792325,0.039706546275395,0.0,0.0,0.0,0.0176772009029345,0.0080022573363431,0.0018510158013544,0.0
2014-09-04 04:00:00,0.1901322869955157,0.0089618834080717,0.0172713004484304,0.0,0.0,0.0,0.0176860986547085,0.0062645739910313,0.001854260089686,0.0
2014-09-04 05:00:00,3.0987959641255607,0.0088923766816143,0.036457399103139,0.0,0.0,0.0,0.0175582959641255,0.0050044843049327,0.001804932735426,0.0
2014-09-04 06:00:00,2.664824719101124,0.0120786516853932,0.0198449438202247,0.0,1.1415011235955057,0.0288494382022471,0.0175483146067415,0.0050089887640449,0.1014539325842696,0.0921662921348314
2014-09-04 07:00:00,0.6144432071269488,0.0090890868596881,0.0320534521158129,0.0,0.2805256124721603,0.0,0.0174988864142538,0.0050022271714922,0.0018708240534521,0.0
2014-09-04 08:00:00,0.1894352678571428,0.0042946428571428,0.0238236607142857,0.0,1.7857142857142855e-05,0.0,0.017546875,0.0050089285714285,0.0019129464285714,0.0
2014-09-04 09:00:00,0.1896107382550335,0.006413870246085,0.0235704697986577,0.0,0.0,0.0,0.0177919463087248,0.0050134228187919,0.0019373601789709,0.0
2014-09-04 10:00:00,0.1898226495726495,0.0106089743589743,0.0174615384615384,0.0,0.0,0.0,0.0176987179487179,0.0050106837606837,0.0019337606837606,0.0
2014-09-04 11:00:00,0.1912231686541737,0.0084224872231686,0.02884667802385,0.0,5.45144804088586e-05,0.0,0.0177597955706984,0.0050187393526405,0.0019454855195911,0.0
2014-09-04 12:00:00,0.1977946577629382,0.008567612687813,0.0241018363939899,0.0,0.0003238731218697,0.0,0.0177729549248747,0.005016694490818,0.0019449081803005,0.0
2014-09-04 13:00:00,0.189089519650655,0.0080174672489082,0.0171484716157205,0.0,0.1344672489082969,0.0,0.0178034934497816,0.0050371179039301,0.0019694323144104,0.0
2014-09-04 14:00:00,0.1889385749385749,0.0023464373464373,0.0235872235872235,0.0,0.0068796068796068,0.0,0.0177321867321867,0.005019656019656,0.0019312039312039,0.0
2014-09-04 15:00:00,0.2043318584070796,0.0185353982300884,0.0349070796460177,0.0,0.0002831858407079,0.0,0.017646017699115,0.0050243362831858,0.001929203539823,0.0
2014-09-04 16:00:00,0.648435064935065,0.0049740259740259,0.0315281385281385,0.0,0.0,0.0,0.0399372294372294,0.005,0.0018787878787878,0.0
2014-09-04 17:00:00,0.6373454157782515,0.0138336886993603,0.0397441364605543,0.0,0.0,0.0,0.0172793176972281,0.0831108742004264,0.0019019189765458,0.1251492537313432
2014-09-04 18:00:00,0.3817347368421052,0.015698947368421,0.0404736842105263,0.0,0.0,0.0,0.0173410526315789,0.1328484210526316,0.0019221052631578,0.0
2014-09-04 19:00:00,0.4623015873015872,0.0127414965986394,0.0262131519274376,0.0,0.0,0.0,0.0173401360544217,0.1346893424036281,0.0019115646258503,0.0
2014-09-04 20:00:00,0.5926850961538462,0.0120096153846153,0.0393341346153846,0.0,0.0002307692307692,0.0,0.0174471153846153,0.1512740384615384,0.0019735576923076,0.0
2014-09-04 21:00:00,0.3575842696629214,0.0113303370786516,0.0399033707865168,0.0,0.0,0.0,0.0187640449438202,0.0864943820224719,0.0019415730337078,0.0
2014-09-04 22:00:00,0.214301703163017,0.0098102189781021,0.0232189781021897,0.0,0.0,0.0,0.0186763990267639,0.0248880778588807,0.0019537712895377,0.0
2014-09-04 23:00:00,0.202653488372093,0.0101837209302325,0.0508976744186046,0.0,0.0,0.0,0.0186999999999999,0.0077651162790697,0.0019674418604651,0.0
2014-09-05 00:00:00,0.1913888888888889,0.009070707070707,0.0303383838383838,0.0,0.0,0.0,0.0180858585858585,0.005010101010101,0.0019570707070707,0.0
2014-09-05 01:00:00,0.5602590233545648,0.0033014861995753,0.0300764331210191,0.0,0.0,0.0,0.0178259023354564,0.0050148619957537,0.0019532908704883,0.0
2014-09-05 02:00:00,0.5681619047619048,0.0095404761904761,0.0365380952380952,0.0,0.0,0.0,0.0178738095238095,0.0083071428571428,0.0019380952380952,0.0
2014-09-05 03:00:00,0.7253157894736841,0.0090877192982456,0.0306691729323308,0.0,0.0,0.0,0.0178471177944862,0.0075413533834586,0.0019724310776942,0.0
2014-09-05 04:00:00,2.404216957605985,0.0080473815461346,0.0283940149625935,0.0,0.0,0.0,0.0178503740648379,0.005004987531172,0.0019675810473815,0.0
2014-09-05 05:00:00,0.4907981651376146,0.0097926605504587,0.0348036697247706,0.0,0.0,0.0,0.0177064220183486,0.0050201834862385,0.0019596330275229,0.0
2014-09-05 06:00:00,2.57697804054054,0.0091266891891891,0.0331131756756756,0.0,0.632214527027027,0.022866554054054,0.0175591216216216,0.0050016891891891,0.0760202702702702,0.1033327702702702
2014-09-05 07:00:00,0.4725680751173708,0.012650234741784,0.0226361502347417,0.0,0.0565539906103286,0.0,0.017593896713615,0.0050070422535211,0.0018098591549295,0.0
2014-09-05 08:00:00,0.4410262529832935,0.0103174224343675,0.0364844868735083,0.0,0.0,0.0,0.0176252983293556,0.0419832935560859,0.0018424821002386,0.1057756563245823
2014-09-05 09:00:00,0.2368104738154613,0.007501246882793,0.0306084788029925,0.0,0.0,0.0,0.0175511221945137,0.0050099750623441,0.0018254364089775,0.0
2014-09-05 10:00:00,0.3193263403263403,0.0045687645687645,0.0269324009324009,0.0,0.0,0.0,0.0175990675990676,0.005,0.0018228438228438,0.0647459207459207
2014-09-05 11:00:00,0.2783834745762711,0.0152860169491525,0.0412860169491525,0.0,0.0,0.0,0.0175953389830508,0.0050021186440677,0.0018283898305084,0.0718940677966101
2014-09-05 12:00:00,0.2224020833333333,0.009375,0.01766875,0.0,0.0,0.0,0.0176854166666666,0.0050041666666666,0.0018479166666666,0.0
2014-09-05 13:00:00,0.1965829383886256,0.0082535545023696,0.0373530805687203,0.0,0.0,0.0,0.017670616113744,0.0050142180094786,0.0018270142180094,0.0
2014-09-05 14:00:00,0.1969395833333333,0.0115875,0.0312770833333333,0.0,0.0,0.0,0.0176666666666666,0.0050083333333333,0.0018333333333333,0.0
2014-09-05 15:00:00,0.327518018018018,0.0081261261261261,0.0379864864864864,0.0,0.0,0.0,0.0176869369369369,0.0050157657657657,0.001849099099099,0.0
2014-09-05 16:00:00,0.4853071748878924,0.0157107623318385,0.0349035874439461,0.0,0.0,0.0,0.0177533632286995,0.0050156950672645,0.0974125560538116,0.1310067264573991
2014-09-05 17:00:00,0.3493642533936651,0.0161674208144796,0.0314819004524886,0.0,0.0,0.0,0.0175633484162895,0.1305656108597285,0.001841628959276,0.0126425339366515
2014-09-05 18:00:00,0.7937171945701358,0.0157330316742081,0.034420814479638,0.0,0.0,0.0,0.0519072398190045,0.1524638009049773,0.0018303167420814,0.0
2014-09-05 19:00:00,0.4697924107142857,0.0110066964285714,0.0285491071428571,0.0,0.0,0.0,0.0294776785714285,0.1104888392857142,0.0017991071428571,0.0
2014-09-05 20:00:00,0.4558256302521008,0.0101638655462184,0.0269390756302521,0.0,0.0,0.0,0.0177899159663865,0.1324180672268907,0.001890756302521,0.0
2014-09-05 21:00:00,0.2402697247706422,0.0018036697247706,0.0250825688073394,0.0,0.0,0.0,0.0176623853211009,0.009440366972477,0.0018330275229357,0.0
2014-09-05 22:00:00,0.1950781563126252,0.0079438877755511,0.0446633266533066,0.0,0.0,0.0,0.0178677354709418,0.0050080160320641,0.0019078156312625,0.0
2014-09-05 23:00:00,0.1940040733197556,0.0100875763747454,0.0228248472505091,0.0,0.0,0.0,0.0179042769857433,0.0050142566191446,0.0019266802443991,0.0
2014-09-06 00:00:00,0.2071168032786885,0.0094774590163934,0.0269036885245901,0.0,0.0,0.0,0.0180184426229508,0.0050204918032786,0.0019426229508196,0.0
2014-09-06 01:00:00,0.9417258382642998,0.009585798816568,0.0269684418145956,0.0,0.0,0.0,0.018025641025641,0.0050335305719921,0.0019487179487179,0.0
2014-09-06 02:00:00,0.7564626556016598,0.0097095435684647,0.0185746887966805,0.0,0.0,0.0,0.0179522821576763,0.0084190871369294,0.0019377593360995,0.0
2014-09-06 03:00:00,0.1982494669509595,0.0069424307036247,0.0343539445628997,0.0,0.0,0.0,0.0180554371002132,0.006547974413646,0.0019275053304904,0.0
2014-09-06 04:00:00,2.398183431952663,0.0020729783037475,0.0182445759368836,0.0,0.0,0.0,0.0179329388560157,0.0050473372781065,0.0019605522682445,0.0
2014-09-06 05:00:00,1.8175684210526315,0.0093719298245614,0.0284280701754385,0.0,0.0,0.0,0.0178087719298245,0.0050105263157894,0.0019140350877192,0.0956824561403508
2014-09-06 06:00:00,0.9038373983739838,0.0132784552845528,0.024,0.6144166666666666,0.0,0.0270365853658536,0.0178353658536585,0.0050121951219512,0.001890243902439,0.035140243902439
2014-09-06 07:00:00,0.2043319672131147,0.008592213114754,0.0160553278688524,0.0071065573770491,0.0,8.19672131147541e-06,0.0178053278688524,0.0050081967213114,0.0018688524590163,0.0
2014-09-06 08:00:00,0.1986288032454361,0.0098559837728194,0.0343833671399594,0.000734279918864,0.0,0.0,0.0176653144016227,0.0050121703853955,0.0018803245436105,0.0
2014-09-06 09:00:00,0.1955114822546972,0.0091043841336116,0.0190292275574112,0.0007912317327766,0.0,0.0,0.0177077244258872,0.0050167014613778,0.0018601252609603,0.0
2014-09-06 10:00:00,0.3349523809523809,0.0179900793650793,0.0256904761904761,0.0009107142857142,0.0,0.0,0.0179047619047619,0.0050238095238095,0.0019206349206349,0.1203492063492063
2014-09-06 11:00:00,0.2402278225806451,0.0231471774193548,0.039875,0.0008891129032258,0.0,0.0,0.0179133064516129,0.0050262096774193,0.0019354838709677,0.0
2014-09-06 12:00:00,0.8455020080321285,0.0200923694779116,0.0208012048192771,0.0008734939759036,0.0,0.0,0.0179156626506024,0.0050220883534136,0.0462871485943775,0.1090562248995983
2014-09-06 13:00:00,0.2026909788867562,0.0030633397312859,0.0341170825335892,0.0009328214971209,0.0,0.0,0.0179136276391554,0.0050307101727447,0.0019462571976967,0.0
2014-09-06 14:00:00,0.2014152046783625,0.0178674463937621,0.0288947368421052,0.000943469785575,0.0,0.0,0.0180779727095516,0.0050214424951267,0.0019668615984405,0.0
2014-09-06 15:00:00,0.2294174950298211,0.0132306163021868,0.0242027833001988,0.0009005964214711,0.0,0.0,0.017962226640159,0.0371650099403578,0.0019662027833001,0.0
2014-09-06 16:00:00,1.0138983739837395,0.0180447154471544,0.0380040650406504,0.0009491869918699,0.0,0.0,0.0179552845528455,0.0071056910569105,0.0019247967479674,0.0
2014-09-06 17:00:00,1.0540198412698412,0.0080119047619047,0.0183472222222222,0.0008630952380952,0.0,0.0,0.0178353174603174,0.005015873015873,0.1488968253968254,0.1189702380952381
2014-09-06 18:00:00,0.3622168674698795,0.0107108433734939,0.0419598393574297,0.0008072289156626,0.0,0.0,0.0177811244979919,0.0441385542168674,0.0018875502008032,0.0
2014-09-06 19:00:00,0.5174700665188471,0.0163791574279379,0.0186718403547671,0.0007583148558758,0.0,0.0,0.017680709534368,0.0590731707317073,0.0018691796008869,0.0
2014-09-06 20:00:00,0.6834769230769231,0.0135107692307692,0.0246030769230769,0.0008246153846153,0.0,0.0,0.0178,0.10276,0.0018984615384615,0.0
2014-09-06 21:00:00,0.7241246105919004,0.0090093457943925,0.0396853582554517,0.0008598130841121,0.0,0.0,0.0177975077881619,0.0248598130841121,0.0019283489096573,0.0
2014-09-06 22:00:00,0.6943056603773584,0.0125283018867924,0.0331811320754717,0.0008981132075471,0.0,0.0,0.0178264150943396,0.0248377358490566,0.0019245283018867,0.0
2014-09-06 23:00:00,0.218,0.0,0.0,0.001,0.0,0.0,0.018,0.025,0.002,0.0
2014-09-07 00:00:00,0.218,0.0,0.0,0.001,0.0,0.0,0.018,0.025,0.002,0.0
2014-09-07 01:00:00,0.218,0.0,0.0,0.001,0.0,0.0,0.018,0.025,0.002,0.0
2014-09-07 02:00:00,0.218,0.0,0.0,0.001,0.0,0.0,0.018,0.025,0.002,0.0
2014-09-07 03:00:00,0.218,0.0,0.0,0.001,0.0,0.0,0.018,0.025,0.002,0.0
2014-09-07 04:00:00,0.218,0.0,0.0,0.001,0.0,0.0,0.018,0.025,0.002,0.0
2014-09-07 05:00:00,0.218,0.0,0.0,0.001,0.0,0.0,0.018,0.025,0.002,0.0
2014-09-07 06:00:00,0.218,0.0,0.0,0.001,0.0,0.0,0.018,0.025,0.002,0.0
2014-09-07 07:00:00,0.218,0.0,0.0,0.001,0.0,0.0,0.018,0.025,0.002,0.0
2014-09-07 08:00:00,0.218,0.0,0.0,0.001,0.0,0.0,0.018,0.025,0.002,0.0
2014-09-07 09:00:00,0.218,0.0,0.0,0.001,0.0,0.0,0.018,0.025,0.002,0.0
2014-09-07 10:00:00,0.218,0.0,0.0,0.001,0.0,0.0,0.018,0.025,0.002,0.0
2014-09-07 11:00:00,0.218,0.0,0.0,0.001,0.0,0.0,0.018,0.025,0.002,0.0
2014-09-07 12:00:00,0.2557948717948718,1.0256410256410256e-05,0.0059435897435897,0.0008102564102564,0.0,0.0,0.0841794871794871,0.0072717948717948,0.0019333333333333,0.0
2014-09-07 13:00:00,0.1994594594594594,0.0,0.0357567567567567,0.0005135135135135,0.0,0.0,0.0186756756756756,0.005,0.0018378378378378,0.0
2014-09-07 14:00:00,,,,,,,,,,
2014-09-07 15:00:00,,,,,,,,,,
2014-09-07 16:00:00,,,,,,,,,,
2014-09-07 17:00:00,0.6758926174496643,0.0,0.0,0.0006040268456375,0.0,0.0,0.0184161073825503,0.0844026845637583,0.0016711409395973,0.3900067114093959
2014-09-07 18:00:00,0.550219954648526,0.011750566893424,0.0386643990929705,0.0004739229024943,0.0,0.0,0.0184331065759637,0.1344557823129251,0.001798185941043,0.1335056689342403
2014-09-07 19:00:00,0.4228159509202454,0.011282208588957,0.0157995910020449,0.0004621676891615,0.0,0.0,0.0194867075664621,0.1407382413087934,0.0017484662576687,0.0
2014-09-07 20:00:00,0.4646517311608961,0.009448065173116,0.0185906313645621,0.0005926680244399,0.0,0.0,0.0196435845213849,0.1497657841140529,0.0018167006109979,0.0
2014-09-07 21:00:00,0.410894523326572,0.0082819472616632,0.0323651115618661,0.0005963488843813,0.0008762677484787,0.0,0.0197221095334685,0.0799330628803245,0.0018356997971602,0.0
2014-09-07 22:00:00,0.2101686991869918,0.0,0.0220365853658536,0.0007235772357723,0.0017398373983739,0.0,0.0198191056910569,0.0086951219512195,0.0018150406504065,0.0
2014-09-07 23:00:00,0.2100791366906474,0.0101055155875299,0.0224316546762589,0.0006762589928057,0.0017793764988009,0.0,0.0197601918465227,0.0050047961630695,0.0018465227817745,0.0
2014-09-08 00:00:00,0.2103070866141732,0.0141338582677165,0.018771653543307,0.0007401574803149,0.0017440944881889,0.0,0.019763779527559,0.005,0.0018622047244094,0.0
2014-09-08 01:00:00,1.2089357429718874,0.0093975903614457,0.0220160642570281,0.0007951807228915,0.580004016064257,0.0,0.019722891566265,0.0050281124497991,0.0018554216867469,0.0
2014-09-08 02:00:00,0.650453074433657,0.0043074433656957,0.0216148867313915,0.0008349514563106,0.0697605177993527,0.0,0.0198317152103559,0.0088996763754045,0.0018899676375404,0.0
2014-09-08 03:00:00,0.5754427860696518,0.0031592039800995,0.0132686567164179,0.0008631840796019,0.0012064676616915,0.0,0.019818407960199,0.0063781094527363,0.0019278606965174,0.0
2014-09-08 04:00:00,2.434073170731707,0.0090139372822299,0.0303989547038327,0.0007648083623693,0.0012177700348432,0.0,0.0197891986062717,0.0050069686411149,0.0018222996515679,0.0
2014-09-08 05:00:00,0.6208764940239043,0.0089501992031872,0.030011952191235,0.0006474103585657,0.0012549800796812,0.0,0.019711155378486,0.0050099601593625,0.0018326693227091,0.0
2014-09-08 06:00:00,1.7973067729083667,0.0104940239043824,0.0196115537848605,0.0005179282868525,0.0004581673306772,0.0,0.0196792828685258,0.0050179282868525,0.1066653386454183,0.1322430278884462
2014-09-08 07:00:00,1.161032581453634,0.0117894736842105,0.0181578947368421,0.0006591478696741,0.0,0.0,0.0193558897243107,0.0050100250626566,0.001907268170426,0.1404761904761904
2014-09-08 08:00:00,0.302239175257732,0.0094494845360824,0.0135979381443298,0.000820618556701,0.0,0.0,0.0305298969072164,0.0050288659793814,0.0019587628865979,0.0
2014-09-08 09:00:00,0.1977040169133192,0.0108583509513742,0.0243213530655391,0.0,0.0,0.0,0.0194164904862579,0.0050211416490486,0.0019112050739957,0.0
2014-09-08 10:00:00,0.202120987654321,0.0139901234567901,0.0241506172839506,0.0,0.0,0.0,0.019432098765432,0.0050123456790123,0.0019604938271604,0.0
2014-09-08 11:00:00,0.453453686200378,0.0088771266540642,0.0169054820415879,0.0,0.0,0.0,0.0193950850661625,0.0050245746691871,0.001937618147448,0.0
2014-09-08 12:00:00,0.8574085820895523,0.0045578358208955,0.0183861940298507,0.0,0.0007164179104477,0.0,0.0193059701492537,0.0161287313432835,0.0019440298507462,0.1556324626865671
2014-09-08 13:00:00,0.2739512670565302,0.0144561403508771,0.0296647173489278,0.0,0.0,0.0,0.0193742690058479,0.0050136452241715,0.0019044834307992,0.0709239766081871
2014-09-08 14:00:00,0.9132823741007192,0.0129622302158273,0.0224262589928057,0.0,0.0,0.0,0.0183902877697841,0.0050107913669064,0.0019424460431654,0.1012751798561151
2014-09-08 15:00:00,1.624041067761807,0.0114168377823408,0.0211745379876796,0.0,0.0,0.0,0.0177556468172484,0.0050082135523613,0.0019158110882956,0.0
2014-09-08 16:00:00,0.3996766467065868,0.0091217564870259,0.0304471057884231,0.0,0.0,0.0,0.0180738522954091,0.0050179640718562,0.0019221556886227,0.0724031936127744
2014-09-08 17:00:00,0.3332047713717693,0.010196819085487,0.0293638170974155,0.0,0.0,0.0,0.0193916500994035,0.1325844930417495,0.001924453280318,0.0
2014-09-08 18:00:00,0.4122563106796116,0.0154155339805825,0.0235611650485436,0.0,0.0,0.0,0.017609708737864,0.1359708737864077,0.0019009708737864,0.0
2014-09-08 19:00:00,0.6132674418604652,0.018218992248062,0.0281976744186046,0.0,0.0,0.0,0.0164612403100775,0.1322093023255814,0.0019108527131782,0.0
2014-09-08 20:00:00,0.6767080745341615,0.0095548654244306,0.0245465838509316,0.0,0.0,0.0,0.0811780538302277,0.0924389233954451,0.001935817805383,0.0
2014-09-08 21:00:00,0.2951691973969631,0.0019414316702819,0.0185336225596529,0.0,0.0,0.0,0.0431908893709327,0.0166355748373101,0.0019652928416485,0.0
2014-09-08 22:00:00,0.206669387755102,0.0114142857142857,0.0248979591836734,0.0,0.0,0.0,0.0168102040816326,0.0084510204081632,0.0019734693877551,0.0
2014-09-08 23:00:00,0.1983214285714286,0.010640756302521,0.0300882352941176,0.0,0.0,0.0,0.0168781512605042,0.0050189075630252,0.0019726890756302,0.0
2014-09-09 00:00:00,0.2074663951120163,0.010071283095723,0.0168167006109979,0.0,0.0,0.0,0.0170427698574338,0.0050427698574338,0.0019918533604887,0.0
2014-09-09 01:00:00,0.9802909836065572,0.0051454918032786,0.015280737704918,0.0,0.0,0.0,0.0167581967213114,0.0050471311475409,0.0019733606557377,0.0
2014-09-09 02:00:00,0.7891059322033898,0.0085169491525423,0.026832627118644,0.0,0.0,0.0,0.0167944915254237,0.0084004237288135,0.0019703389830508,0.0
2014-09-09 03:00:00,0.2009954337899543,0.0077762557077625,0.0224817351598173,0.0,0.0,0.0,0.0168196347031963,0.0092945205479452,0.0019794520547945,0.0
2014-09-09 04:00:00,2.378920704845815,0.0092995594713656,0.0166189427312775,0.0,0.0,0.0,0.0167577092511013,0.0050154185022026,0.0019801762114537,0.0
2014-09-09 05:00:00,0.4079080459770115,0.0049310344827586,0.016671264367816,0.0,0.0,0.0,0.0168091954022988,0.0050298850574712,0.0019494252873563,0.0
2014-09-09 06:00:00,1.011788908765653,0.0090161001788908,0.0183220035778175,0.0,0.0,0.0346833631484794,0.0166153846153846,0.0050089445438282,0.0898372093023255,0.0870536672629695
2014-09-09 07:00:00,0.3183253424657534,0.0090787671232876,0.0302431506849315,0.0,0.0,0.0,0.0165941780821917,0.0050085616438356,0.001861301369863,0.0766027397260274
2014-09-09 08:00:00,0.1971418918918919,0.0108462837837837,0.0188969594594594,0.0,0.0,0.0,0.0165337837837837,0.005018581081081,0.0017989864864864,0.0
2014-09-09 09:00:00,0.2456761744966443,0.0130570469798657,0.0184043624161073,0.0,0.0,0.0,0.0165771812080536,0.0050100671140939,0.0018523489932885,0.0512214765100671
2014-09-09 10:00:00,0.2751438127090301,0.0048996655518394,0.0233227424749163,0.0,0.0,0.0,0.0164347826086956,0.0050083612040133,0.0017792642140468,0.0835434782608695
2014-09-09 11:00:00,0.205726050420168,0.0132084033613445,0.0296420168067226,0.0,0.0001058823529411,0.0,0.0163999999999999,0.0050067226890756,0.0017831932773109,0.0
2014-09-09 12:00:00,0.2941847014925373,0.0114888059701492,0.0217145522388059,0.0,0.0,0.0,0.0164962686567164,0.0050317164179104,0.0035597014925373,0.0880951492537313
2014-09-09 13:00:00,0.2168736383442265,0.0098649237472766,0.0182657952069716,0.0,0.0,0.0,0.0164836601307189,0.0050087145969498,0.0017864923747276,0.0244139433551198
2014-09-09 14:00:00,0.1937662037037037,0.0037268518518518,0.0178287037037037,0.0,0.0,0.0,0.0165185185185185,0.0050324074074074,0.0017708333333333,0.0
2014-09-09 15:00:00,1.2678491735537192,0.0093946280991735,0.0351239669421487,0.0,0.0,0.0,0.0165371900826446,0.0050165289256198,0.0018140495867768,0.0
2014-09-09 16:00:00,0.1960325865580448,0.0182708757637474,0.0167270875763747,0.0,0.0,0.0,0.0165295315682281,0.0050081466395112,0.0018085539714867,0.0
2014-09-09 17:00:00,0.3505812917594655,0.0130512249443207,0.0171937639198218,0.0,0.0,0.0,0.0165590200445434,0.1326458797327394,0.0018574610244988,0.0248507795100222
2014-09-09 18:00:00,0.3823112582781457,0.0146048565121412,0.0380971302428256,0.0,0.0,0.0,0.0165540838852097,0.1433311258278145,0.0018322295805739,0.0
2014-09-09 19:00:00,0.5021293103448276,0.0027133620689655,0.0192564655172413,0.0,0.0,0.0,0.0165107758620689,0.1528383620689655,0.0018146551724137,0.0
2014-09-09 20:00:00,0.6811279069767442,0.0074837209302325,0.0159674418604651,0.0,0.0,0.0,0.0166418604651162,0.1530441860465116,0.0019046511627906,0.0
2014-09-09 21:00:00,0.3155058548009368,0.0123138173302107,0.0331850117096018,0.0,0.0013536299765807,0.0,0.0222388758782201,0.0258899297423887,0.0018665105386416,0.0
2014-09-09 22:00:00,0.2223617511520737,0.0098525345622119,0.0216566820276497,0.0,0.0017396313364055,0.0,0.0175645161290322,0.0248824884792626,0.0019147465437788,0.0
2014-09-09 23:00:00,0.2152897196261682,0.0051775700934579,0.01853738317757,0.0,0.0018341121495327,0.0,0.0177967289719626,0.0248014018691588,0.0019275700934579,0.0
2014-09-10 00:00:00,0.204542654028436,0.003952606635071,0.0205308056872037,0.0,0.0018436018957345,0.0,0.0175710900473933,0.014431279620853,0.0019146919431279,0.0
2014-09-10 01:00:00,1.3625222222222222,0.0102044444444444,0.0320355555555555,0.0,0.4064733333333333,0.0,0.0175577777777777,0.0050333333333333,0.0018911111111111,0.0
2014-09-10 02:00:00,0.8255852534562211,0.009110599078341,0.0156129032258064,0.0,0.031794930875576,0.0,0.0177281105990783,0.0084516129032258,0.0019539170506912,0.0
2014-09-10 03:00:00,0.194866515837104,0.0075407239819004,0.0146923076923076,0.0,0.0014864253393665,0.0,0.0177737556561085,0.0061538461538461,0.001920814479638,0.0
2014-09-10 04:00:00,2.3270252873563217,0.0020160919540229,0.0226022988505747,0.0,0.0012367816091954,0.0,0.0175540229885057,0.0050091954022988,0.0018919540229885,0.0
2014-09-10 05:00:00,1.1748836689038031,0.0107427293064876,0.0291230425055928,0.0,0.0011722595078299,0.0,0.0176733780760626,0.0050223713646532,0.0019060402684563,0.0
2014-09-10 06:00:00,0.9600234741784036,0.0110070422535211,0.0216079812206572,0.0,0.0007957746478873,0.0263920187793427,0.0174460093896713,0.0050117370892018,0.0903708920187793,0.105262910798122
2014-09-10 07:00:00,0.2109314159292035,0.011037610619469,0.0140840707964601,0.0,0.0,0.0,0.0172566371681415,0.0050154867256637,0.0017610619469026,0.0
2014-09-10 08:00:00,0.1904118942731277,0.0,0.0177312775330396,0.0,0.0,0.0,0.017363436123348,0.0050154185022026,0.0017687224669603,0.0
2014-09-10 09:00:00,0.204461215932914,0.0105010482180293,0.0186834381551362,0.0,0.0,0.0,0.0173584905660377,0.0050041928721174,0.0017777777777777,0.0121740041928721
2014-09-10 10:00:00,0.3105531531531532,0.0125567567567567,0.0295315315315315,0.0,0.0,0.0,0.0173045045045045,0.0050162162162162,0.0017585585585585,0.1032936936936936
2014-09-10 11:00:00,0.3274175824175824,0.0148153846153846,0.0225714285714285,0.0,0.0,0.0,0.0173208791208791,0.0050285714285714,0.009087912087912,0.1135846153846154
2014-09-10 12:00:00,0.2062752688172043,0.0107956989247311,0.0200516129032258,0.0,0.0,0.0,0.0173483870967741,0.0050236559139784,0.0017956989247311,0.0
2014-09-10 13:00:00,0.500125,0.0007368421052631,0.0212807017543859,0.0,0.0,0.0,0.017359649122807,0.0050065789473684,0.0018157894736842,0.0
2014-09-10 14:00:00,0.3329149377593361,0.0107489626556016,0.0316721991701244,0.0,0.0,0.0,0.0174896265560165,0.00501244813278,0.0034854771784232,0.0918278008298755
2014-09-10 15:00:00,0.649995983935743,0.0103373493975903,0.0184859437751004,0.0,0.0,0.0,0.0178413654618473,0.0050140562248995,0.0018453815261044,0.0
2014-09-10 16:00:00,0.7372658486707566,0.0171124744376278,0.0314498977505112,0.0,0.0,0.0,0.0178629856850715,0.0216728016359918,0.0017995910020449,0.1282617586912065
2014-09-10 17:00:00,0.3221683778234086,0.0118850102669404,0.0219383983572895,0.0,0.0,0.0,0.0178008213552361,0.1310965092402464,0.0018439425051334,0.0
2014-09-10 18:00:00,0.3286487603305785,0.0038574380165289,0.0161363636363636,0.0,0.0,0.0,0.0815144628099173,0.0281714876033057,0.0018388429752066,0.0
2014-09-10 19:00:00,0.4194346895074946,0.0085674518201284,0.0345481798715203,0.0,0.0,0.0,0.0358779443254817,0.1278329764453961,0.0017837259100642,0.0
2014-09-10 20:00:00,0.546721021611002,0.0108408644400785,0.0173713163064833,0.0,0.0,0.0,0.016852652259332,0.132475442043222,0.0018388998035363,0.0882102161100196
2014-09-10 21:00:00,0.3253111111111111,0.0107757575757575,0.0162444444444444,0.0,0.0013353535353535,0.0,0.0170848484848484,0.029450505050505,0.0018747474747474,0.0
2014-09-10 22:00:00,0.2224395161290322,0.0080625,0.0351471774193548,0.0,0.0018487903225806,0.0,0.0180745967741935,0.0248467741935483,0.0019012096774193,0.0
2014-09-10 23:00:00,0.2113447537473233,0.0010385438972162,0.0211905781584582,0.0,0.0017451820128479,0.0,0.0171563169164882,0.024847965738758,0.0019464668094218,0.0
2014-09-11 00:00:00,0.2110392561983471,0.0102603305785123,0.0143471074380165,0.0,0.0018533057851239,0.0,0.0172045454545454,0.0199152892561983,0.0019318181818181,0.0
2014-09-11 01:00:00,2.082526,0.010946,0.029064,0.0,1.094166,0.0,0.017082,0.005012,0.001928,0.002048
2014-09-11 02:00:00,0.8102252066115703,0.0097727272727272,0.0215351239669421,0.0,0.0414896694214876,0.0,0.0171880165289256,0.0081301652892561,0.0019545454545454,0.0
2014-09-11 03:00:00,0.196040899795501,0.0,0.0179529652351738,0.0,0.0012474437627811,0.0,0.0171104294478527,0.0081963190184049,0.0019366053169734,0.0
2014-09-11 04:00:00,2.3388249534450654,0.0097206703910614,0.0192141527001862,0.0,0.001266294227188,0.0,0.0170689013035381,0.0050167597765363,0.0019273743016759,0.0
2014-09-11 05:00:00,1.7237017892644135,0.0093439363817097,0.0264135188866799,0.0,0.4647673956262425,0.0,0.0170417495029821,0.0050119284294234,0.0700874751491053,0.0865248508946322
2014-09-11 06:00:00,0.9377368421052632,0.0171710526315789,0.0245075187969924,0.0,0.5294718045112782,0.0280657894736842,0.0168214285714285,0.0050112781954887,0.0306428571428571,0.021046992481203
2014-09-11 07:00:00,0.3152432989690721,0.004740206185567,0.0192639175257731,0.0,0.0,0.0,0.0176371134020618,0.0050103092783505,0.0018041237113402,0.075
2014-09-11 08:00:00,0.2034,0.0062039215686274,0.0162588235294117,0.0,0.0,0.0,0.0180960784313725,0.0050176470588235,0.0018725490196078,0.0
2014-09-11 09:00:00,0.6357871900826446,0.0118429752066115,0.0231074380165289,0.0,0.219353305785124,0.0,0.0175454545454545,0.0050144628099173,0.0018574380165289,0.1222128099173553
2014-09-11 10:00:00,0.1944133858267716,0.0108976377952755,0.0292854330708661,0.0,0.0,0.0,0.0175964566929133,0.005007874015748,0.0018582677165354,0.0
2014-09-11 11:00:00,0.3944016736401673,0.0099476987447698,0.0170481171548117,0.0,0.0,0.0368619246861924,0.0176422594142259,0.0050146443514644,0.0756799163179916,0.0931610878661087
2014-09-11 12:00:00,0.1920339366515837,0.0065542986425339,0.0185656108597285,0.0,0.0,0.0,0.0166018099547511,0.0050022624434389,0.001841628959276,0.0
2014-09-11 13:00:00,0.5778973214285714,0.013625,0.0293125,0.0,0.0,0.0,0.0163169642857142,0.0050089285714285,0.0018459821428571,0.0
2014-09-11 14:00:00,0.6018613445378151,0.0108319327731092,0.0311869747899159,0.0,0.0,0.0,0.0163697478991596,0.0050063025210084,0.0868655462184874,0.0
2014-09-11 15:00:00,0.7622731707317073,0.0111439024390243,0.021360975609756,0.0,0.0,0.0,0.016370731707317,0.0050219512195121,0.2002756097560975,0.0
2014-09-11 16:00:00,0.3111498708010336,0.0028552971576227,0.0349405684754522,0.0,0.0,0.0,0.0163204134366925,0.0050103359173126,0.0426227390180878,0.0952739018087855
2014-09-11 17:00:00,0.195992385786802,0.0131116751269035,0.0190964467005076,0.0,0.0,0.0,0.0162969543147208,0.0071624365482233,0.0018604060913705,0.0
2014-09-11 18:00:00,0.2091886363636363,0.0101181818181818,0.028825,0.0,0.0,0.0,0.0163022727272727,0.0082045454545454,0.0018090909090909,0.0
2014-09-11 19:00:00,0.2378172839506172,0.011432098765432,0.0310345679012345,0.0,1.9753086419753087e-05,0.0,0.0163506172839506,0.0249259259259259,0.0018518518518518,0.0
2014-09-11 20:00:00,0.2235093457943925,0.0,0.0190747663551401,0.0,0.0,0.0,0.0163971962616822,0.0247990654205607,0.0018457943925233,0.0
2014-09-11 21:00:00,0.2831152173913043,0.0112978260869565,0.0202434782608695,0.0,0.0,0.0,0.0164608695652173,0.0051782608695652,0.0018934782608695,0.0
2014-09-11 22:00:00,0.1930545905707196,0.0095955334987593,0.0272406947890818,0.0,0.0,0.0,0.0164615384615384,0.0050173697270471,0.001940446650124,0.0
2014-09-11 23:00:00,0.1876180371352785,0.0059496021220159,0.0170901856763925,0.0,0.0,0.0,0.0165331564986737,0.0050291777188328,0.0019336870026525,0.0
2014-09-12 00:00:00,0.1865742574257425,0.0042004950495049,0.0163242574257425,0.0,0.0,0.0,0.0162970297029702,0.0050074257425742,0.00184900990099,0.0
2014-09-12 01:00:00,0.1939762470308788,0.0095819477434679,0.0335344418052256,0.0,0.0,0.0,0.0163301662707838,0.0050190023752969,0.001855106888361,0.0
2014-09-12 02:00:00,0.1949205955334987,0.0086277915632754,0.0189528535980148,0.0,0.0,0.0,0.0163225806451612,0.0081315136476426,0.0018535980148883,0.0
2014-09-12 03:00:00,0.1886649616368286,0.0,0.0153452685421994,0.0,0.0,0.0,0.0162710997442455,0.0091790281329923,0.0018388746803069,0.0
2014-09-12 04:00:00,2.234136674259681,0.0132414578587699,0.0206902050113895,0.0,0.0,0.0,0.0161776765375854,0.0050159453302961,0.001760820045558,0.0
2014-09-12 05:00:00,2.427091127098321,0.0102086330935251,0.0254772182254196,0.0,0.1894436450839328,0.0,0.0162134292565947,0.005009592326139,0.00178896882494,0.0
2014-09-12 06:00:00,1.652579676674365,0.0036558891454965,0.0242378752886836,0.0,0.3811408775981524,0.0481154734411085,0.0161709006928406,0.0050115473441108,0.0017944572748267,0.152108545034642
2014-09-12 07:00:00,0.9664930555555556,0.0121736111111111,0.0181435185185185,0.0,0.0,0.0,0.0162037037037037,0.0461296296296296,0.0059814814814814,0.0
2014-09-12 08:00:00,0.2215875576036866,0.00673732718894,0.0245115207373271,0.0,0.0,0.0,0.0162119815668202,0.0065829493087557,0.0018041474654377,0.0
2014-09-12 09:00:00,0.3649793577981651,0.01198623853211,0.0203371559633027,0.0,0.0,0.0,0.0162637614678899,0.0050137614678899,0.0017866972477064,0.0637683486238532
2014-09-12 10:00:00,0.5888293838862558,0.0148270142180094,0.0310450236966824,0.0,0.0,0.0,0.0162559241706161,0.0050236966824644,0.0018056872037914,0.0
2014-09-12 11:00:00,0.6127511961722488,0.0093588516746411,0.0174234449760765,0.0007942583732057,0.0,0.1079856459330143,0.0162966507177033,0.005011961722488,0.0827033492822966,0.0875861244019138
2014-09-12 12:00:00,0.3567087155963303,0.0020412844036697,0.0181811926605504,0.000894495412844,0.0,0.0,0.0163784403669724,0.0050068807339449,0.001947247706422,0.0
2014-09-12 13:00:00,0.2791849148418491,0.0115425790754257,0.039279805352798,0.0009513381995133,0.0,0.0,0.0163844282238442,0.0050145985401459,0.0019756690997566,0.0
2014-09-12 14:00:00,0.1996359447004608,0.0103986175115207,0.0183917050691244,0.0008986175115207,0.0,0.0,0.0163248847926267,0.0050276497695852,0.0019239631336405,0.0
2014-09-12 15:00:00,1.0320732860520094,0.015434988179669,0.0284657210401891,0.0008747044917257,0.0,0.0,0.0163144208037825,0.0050118203309692,0.0483758865248227,0.0
2014-09-12 16:00:00,0.2409363867684478,0.0139465648854961,0.028501272264631,0.0008905852417302,0.0,0.0,0.0163104325699745,0.0122977099236641,0.0020534351145038,0.0
2014-09-12 17:00:00,0.4374587378640776,0.008885922330097,0.0240946601941747,0.0008446601941747,0.0,0.0,0.016257281553398,0.1370703883495145,0.0019174757281553,0.1090388349514563
2014-09-12 18:00:00,0.371975,0.0057075,0.038655,0.0008399999999999,0.0,0.0,0.016255,0.14694,0.001895,0.0
2014-09-12 19:00:00,0.4333974683544304,0.0113898734177215,0.0195037974683544,0.0008202531645569,0.0,0.0,0.0162784810126582,0.1414430379746835,0.0019316455696202,0.0
2014-09-12 20:00:00,0.4526258992805755,0.0097625899280575,0.0346235011990407,0.000925659472422,7.673860911270982e-05,0.0,0.0163836930455635,0.1324436450839328,0.0019592326139088,0.0
2014-09-12 21:00:00,0.2701284403669725,0.008690366972477,0.0181697247706422,0.000848623853211,0.0,0.0,0.0162201834862385,0.0218692660550458,0.0019288990825688,0.0
2014-09-12 22:00:00,0.2120585585585585,0.0097117117117117,0.0167702702702702,0.0009684684684684,0.0,0.0,0.0163603603603603,0.0186779279279279,0.0019752252252252,0.0
2014-09-12 23:00:00,0.1990493273542601,0.0130560538116591,0.0374618834080717,0.0009910313901345,0.0,0.0,0.0165224215246636,0.0050179372197309,0.0019730941704035,0.0
2014-09-13 00:00:00,0.1997146017699115,0.0004004424778761,0.0171814159292035,0.0009977876106194,0.0,0.0,0.0165176991150442,0.0050199115044247,0.001933628318584,0.0
2014-09-13 01:00:00,0.8895266393442623,0.0089426229508196,0.0174631147540983,0.000983606557377,0.0,0.0,0.0164077868852459,0.0050204918032786,0.0019795081967213,0.0
2014-09-13 02:00:00,0.7446313253012048,0.0091975903614457,0.0333421686746987,0.0009879518072289,0.0,0.0,0.0165084337349397,0.007978313253012,0.0019807228915662,0.0
2014-09-13 03:00:00,0.2041640625,0.0083125,0.0181848958333333,0.0009791666666666,0.0,0.0,0.0165703125,0.0090234375,0.0019765625,0.0
2014-09-13 04:00:00,2.331034063260341,0.010647201946472,0.0159878345498783,0.000956204379562,0.0,0.0,0.0164160583941605,0.0050097323600973,0.0019586374695863,0.0
2014-09-13 05:00:00,0.9875919395465996,0.0084811083123425,0.0213249370277078,0.000977329974811,0.0,0.0,0.0164685138539042,0.0050226700251889,0.0019420654911838,0.0
2014-09-13 06:00:00,1.625053613053613,0.0062913752913752,0.0316386946386946,0.618062937062937,0.0,0.035018648018648,0.0163962703962703,0.005018648018648,0.0019673659673659,0.0798088578088578
2014-09-13 07:00:00,0.2081004901960784,0.0050759803921568,0.0177916666666666,0.0058161764705882,0.0,0.0,0.0162916666666666,0.0050294117647058,0.0019264705882352,0.0
2014-09-13 08:00:00,0.1984871134020618,0.0080541237113402,0.0187396907216494,0.0007731958762886,0.0,0.0,0.0163453608247422,0.0050154639175257,0.0019458762886597,0.0
2014-09-13 09:00:00,0.1992186732186732,0.0084447174447174,0.0195135135135135,0.0008402948402948,0.0,0.0,0.0163980343980343,0.005017199017199,0.0019361179361179,0.0
2014-09-13 10:00:00,0.5207341176470588,0.0279670588235294,0.0343458823529411,0.0008494117647058,0.0,0.0,0.0164423529411764,0.0050305882352941,0.0019788235294117,0.1277482352941176
2014-09-13 11:00:00,0.5324976525821596,0.005037558685446,0.018356807511737,0.0008497652582159,0.0,0.0,0.0164507042253521,0.0050211267605633,0.025300469483568,0.1067652582159624
2014-09-13 12:00:00,0.2466466165413534,0.0212481203007518,0.0298070175438596,0.0009448621553884,0.0,0.0,0.0165614035087719,0.0050275689223057,0.0019498746867167,0.0
2014-09-13 13:00:00,0.2077971014492753,0.0183236714975845,0.0301980676328502,0.0008309178743961,0.0,0.0,0.0164685990338164,0.0050434782608695,0.0018888888888888,0.0
2014-09-13 14:00:00,0.1925,0.0,0.0203227272727272,0.0007636363636363,0.0,0.0,0.0163386363636363,0.0050068181818181,0.0018977272727272,0.0
2014-09-13 15:00:00,0.2479880668257756,0.0155680190930787,0.0334439140811455,0.0007684964200477,0.0001217183770883,0.0,0.0163603818615751,0.0164200477326968,0.001871121718377,0.0
2014-09-13 16:00:00,1.6228682926829268,0.0291926829268292,0.0252317073170731,0.0008926829268292,0.0019439024390243,0.0,0.0161365853658536,0.0250170731707317,0.4778048780487804,0.0
2014-09-13 17:00:00,0.524432183908046,0.0178390804597701,0.0372597701149425,0.0009425287356321,0.0010689655172413,0.0,0.0164551724137931,0.0050183908045977,0.0550804597701149,0.0784114942528735
2014-09-13 18:00:00,0.4105584725536993,0.000708830548926,0.0264224343675417,0.0009355608591885,0.0,0.0,0.0160692124105011,0.1325107398568019,0.0019594272076372,0.0
2014-09-13 19:00:00,0.612627962085308,0.0118412322274881,0.0390142180094786,0.0009668246445497,0.0,0.0,0.0161232227488151,0.1319289099526066,0.0019573459715639,0.0
2014-09-13 20:00:00,0.5665226730310262,0.0112768496420047,0.0354295942720763,0.0009665871121718,0.0,0.0,0.0161241050119331,0.1314964200477327,0.001945107398568,0.0
2014-09-13 21:00:00,0.5181824817518249,0.0151703163017031,0.0208369829683698,0.0009659367396593,0.0,0.0,0.0162457420924574,0.1321289537712895,0.0019683698296836,0.0
2014-09-13 22:00:00,0.4784015151515151,0.0071515151515151,0.0368914141414141,0.0009772727272727,0.001760101010101,0.0,0.016300505050505,0.0691287878787878,0.0019747474747474,0.0
2014-09-13 23:00:00,0.2357544757033248,0.0021202046035805,0.018235294117647,0.0009923273657289,0.0018849104859335,0.0,0.0163734015345268,0.0050409207161125,0.0019897698209718,0.0
2014-09-14 00:00:00,1.0468206896551724,0.010119540229885,0.0352827586206896,0.0009931034482758,0.0017908045977011,0.0,0.0162206896551724,0.0050137931034482,0.0019816091954022,0.0
2014-09-14 01:00:00,1.4991201923076924,0.0089375,0.0159254807692307,0.0009855769230769,0.6862644230769231,0.0,0.0162884615384615,0.0050985576923076,0.0019711538461538,0.0
2014-09-14 02:00:00,0.4208451327433628,0.0096438053097345,0.0376504424778761,0.0009889380530973,0.0505907079646017,0.0,0.0163429203539823,0.0082477876106194,0.0019734513274336,0.0
2014-09-14 03:00:00,0.2218444976076555,0.0052535885167464,0.0154832535885167,0.0009784688995215,0.0012703349282296,0.0,0.0162272727272727,0.0091626794258373,0.0019593301435406,0.0
2014-09-14 04:00:00,2.3849875311720696,0.0026658354114713,0.0246184538653366,0.0009700748129675,0.0012842892768079,0.0,0.0161620947630922,0.0050174563591022,0.0019526184538653,0.0
2014-09-14 05:00:00,0.7851630695443644,0.0094868105515587,0.0269520383693045,0.0008992805755395,0.0012470023980815,0.0,0.0160167865707434,0.0050071942446043,0.0019688249400479,0.0
2014-09-14 06:00:00,3.0264506024096387,0.0086915662650602,0.0182746987951807,0.5250192771084337,0.5392072289156626,0.0,0.0158506024096385,0.0050048192771084,0.0019277108433734,0.0604915662650602
2014-09-14 07:00:00,0.5098521939953811,0.0100092378752886,0.0286281755196304,0.0046974595842956,0.0008729792147806,0.0178083140877598,0.0159353348729792,0.0136581986143187,0.0019284064665127,0.0445173210161662
2014-09-14 08:00:00,0.359599045346062,0.0098735083532219,0.026634844868735,0.0,0.0,0.0,0.0167923627684964,0.0050095465393794,0.0407326968973747,0.1195202863961814
2014-09-14 09:00:00,0.2177488262910798,0.0040680751173708,0.0183450704225352,0.0,0.0,0.0,0.0171760563380281,0.0050234741784037,0.0229600938967136,0.0
2014-09-14 10:00:00,0.1971498708010335,0.0052945736434108,0.0174832041343669,0.0,0.0,0.0,0.0170981912144702,0.0050103359173126,0.0017777777777777,0.0
2014-09-14 11:00:00,0.7994769585253456,0.0181866359447004,0.0338663594470046,0.0,0.0,0.0,0.017126728110599,0.0050138248847926,0.0017603686635944,0.1078110599078341
2014-09-14 12:00:00,0.1988614318706697,0.016757505773672,0.0171478060046189,0.0,0.0,0.0,0.0172586605080831,0.0050254041570438,0.0018498845265588,0.0
2014-09-14 13:00:00,0.1948914141414141,0.0124292929292929,0.0179444444444444,0.0,0.0,0.0,0.0171010101010101,0.0050075757575757,0.0018434343434343,0.0
2014-09-14 14:00:00,0.1956023529411764,0.0030635294117647,0.0262658823529411,0.0,0.0,0.0,0.016315294117647,0.0050117647058823,0.00188,0.0
2014-09-14 15:00:00,0.7878501228501228,0.0092358722358722,0.0286855036855036,0.0,0.0,0.0,0.0163022113022113,0.005012285012285,0.0018550368550368,0.0
2014-09-14 16:00:00,1.5187023255813954,0.0147744186046511,0.0209372093023255,0.0,0.0,0.0,0.0385023255813953,0.0261744186046511,0.0017767441860465,0.0
2014-09-14 17:00:00,0.645887201735358,0.0186702819956616,0.0420889370932754,0.0,0.0,0.0,0.0322950108459869,0.0218264642082429,0.0017917570498915,0.0
2014-09-14 18:00:00,0.4895970149253731,0.0191151385927505,0.0241748400852878,0.0,0.0,0.0,0.0161321961620469,0.1366098081023454,0.0017611940298507,0.0815565031982942
2014-09-14 19:00:00,0.4018910675381263,0.0122178649237472,0.0375010893246187,0.0,0.0,0.0,0.016156862745098,0.1359825708061002,0.0017952069716775,0.0
2014-09-14 20:00:00,0.4669955456570156,0.0029576837416481,0.0196347438752783,0.0,0.0,0.0,0.0162360801781737,0.1520178173719376,0.0017951002227171,0.0
2014-09-14 21:00:00,0.3958481927710843,0.0141084337349397,0.0389831325301204,0.0,0.0,0.0,0.0164096385542168,0.0874506024096385,0.0018289156626506,0.0
2014-09-14 22:00:00,0.2257272727272727,0.017016317016317,0.0176223776223776,0.0,0.0,0.0,0.0165710955710955,0.0248438228438228,0.0018717948717948,0.0
2014-09-14 23:00:00,0.2038317307692307,0.0100072115384615,0.0378365384615384,0.0,0.0,0.0,0.0166153846153846,0.0060625,0.0018485576923076,0.0
2014-09-15 00:00:00,0.8705665024630542,0.0036477832512315,0.0195935960591133,0.0,0.0,0.0,0.0165418719211822,0.0050049261083743,0.0018546798029556,0.0
2014-09-15 01:00:00,0.5639478908188585,0.0140397022332506,0.0363895781637717,0.0,0.0,0.0,0.016652605459057,0.005,0.0018833746898263,0.0
2014-09-15 02:00:00,0.3563267326732673,0.0105173267326732,0.0173985148514851,0.0,0.0,0.0,0.0167004950495049,0.0083960396039603,0.0018514851485148,0.0
2014-09-15 03:00:00,0.199514423076923,0.0014783653846153,0.0351730769230769,0.0,0.0,0.0,0.0167211538461538,0.0081538461538461,0.0019350961538461,0.0
2014-09-15 04:00:00,2.356113636363637,0.0108484848484848,0.0214191919191919,0.0,0.0,0.0,0.0166010101010101,0.005010101010101,0.0018560606060606,0.0
2014-09-15 05:00:00,1.0904057971014494,0.0159009661835748,0.0264178743961352,0.0,0.0,0.0,0.0165555555555555,0.0050048309178743,0.0018212560386473,0.0
2014-09-15 06:00:00,0.4543204301075269,0.0104516129032258,0.0209870967741935,0.0,0.0,0.0,0.0190795698924731,0.0050086021505376,0.1020322580645161,0.1324623655913978
2014-09-15 07:00:00,0.6144722891566265,0.0131132530120481,0.0230530120481927,0.0,0.0,0.0356867469879518,0.0165204819277108,0.0050024096385542,0.0020024096385542,8.91566265060241e-05
2014-09-15 08:00:00,0.5524214123006834,0.0085922551252847,0.0332984054669703,0.0,0.0,0.0,0.0165216400911161,0.0050250569476082,0.0019293849658314,0.0702870159453303
2014-09-15 09:00:00,0.2037522321428571,0.0055111607142857,0.0194821428571428,0.0,0.0,0.0,0.0164129464285714,0.0050200892857142,0.0019151785714285,0.0
2014-09-15 10:00:00,0.2048298368298368,0.0129627039627039,0.0611981351981351,0.0,0.0,0.0,0.0161328671328671,0.005011655011655,0.0018834498834498,0.0
2014-09-15 11:00:00,0.3707504950495049,0.0114673267326732,0.026639603960396,0.0,0.0,0.0,0.0162712871287128,0.0050178217821782,0.002649504950495,0.1230633663366336
2014-09-15 12:00:00,0.6789465020576132,0.012372427983539,0.0310102880658436,0.0,0.0,0.0667098765432098,0.0164732510288065,0.0050185185185185,0.0055514403292181,0.0407798353909465
2014-09-15 13:00:00,0.2569115789473684,0.0095094736842105,0.0396757894736842,0.0,0.0,0.0,0.0579810526315789,0.0050210526315789,0.0019621052631578,0.0
2014-09-15 14:00:00,0.2356242299794661,0.0005646817248459,0.0145667351129363,0.0,0.0,0.0,0.0508459958932238,0.0050287474332648,0.0019733059548254,0.0
2014-09-15 15:00:00,0.5811225680933852,0.0132684824902723,0.0271906614785992,0.0,0.0,0.0,0.016692607003891,0.0050155642023346,0.0019513618677042,0.0
2014-09-15 16:00:00,0.4179284164859002,0.0160368763557483,0.0180650759219088,0.0,0.0,0.0,0.016702819956616,0.0313535791757049,0.0414859002169197,0.0737223427331887
2014-09-15 17:00:00,0.3745581947743468,0.0132802850356294,0.0396532066508313,0.0,0.0,0.0,0.0167078384798099,0.1345938242280284,0.0018836104513064,0.0
2014-09-15 18:00:00,0.3376335540838852,0.0107836644591611,0.0167328918322295,0.0,0.0,0.0,0.0165099337748344,0.017774834437086,0.0017947019867549,0.0
2014-09-15 19:00:00,0.6167327766179541,0.0089812108559498,0.0319895615866388,0.0,0.0,0.0,0.0165135699373695,0.1507703549060542,0.0018496868475991,0.0
2014-09-15 20:00:00,0.6818712446351931,0.0083090128755364,0.0235729613733905,0.0,0.0,0.0,0.0166115879828326,0.1503798283261802,0.0018776824034334,0.0
2014-09-15 21:00:00,0.293824200913242,0.0024885844748858,0.0268127853881278,0.0,0.0,0.0,0.0166598173515981,0.0263310502283105,0.0019200913242009,0.0
2014-09-15 22:00:00,0.2281670644391408,0.0079785202863961,0.0285536992840095,0.0,0.0,0.0,0.0167303102625298,0.0248520286396181,0.0019164677804295,0.0
2014-09-15 23:00:00,0.2162253829321663,0.0117024070021881,0.0191072210065645,0.0,0.0,0.0,0.0167549234135667,0.0135207877461706,0.0019628008752735,0.0
2014-09-16 00:00:00,0.9465686746987952,0.0142433734939759,0.035812048192771,0.0,0.0,0.0,0.0168024096385542,0.0050024096385542,0.0019421686746987,0.0
2014-09-16 01:00:00,0.53225768321513,0.0091654846335697,0.0200141843971631,0.0,0.0,0.0,0.0167990543735224,0.0050165484633569,0.0019408983451536,0.0
2014-09-16 02:00:00,0.4911642857142857,0.0070833333333333,0.0219642857142857,0.0,0.0,0.0,0.0167857142857142,0.0084214285714285,0.0019619047619047,0.0
2014-09-16 03:00:00,0.2132932330827067,0.0022431077694235,0.0342105263157894,0.0,0.0,0.0,0.0167719298245614,0.0060025062656641,0.0019323308270676,0.0
2014-09-16 04:00:00,2.501293269230769,0.0090048076923076,0.01596875,0.0,0.0,0.0,0.0166586538461538,0.0050120192307692,0.001920673076923,0.0
2014-09-16 05:00:00,1.154852803738318,0.0085654205607476,0.0173060747663551,0.0,0.0,0.0,0.0166028037383177,0.0050257009345794,0.0018878504672897,0.0916915887850467
2014-09-16 06:00:00,0.365487356321839,0.0098275862068965,0.0350275862068965,0.0,0.0,0.0,0.016583908045977,0.0050045977011494,0.064535632183908,0.077519540229885
2014-09-16 07:00:00,0.2451200980392157,0.0136838235294117,0.0180539215686274,0.0,0.0,0.0,0.016531862745098,0.0050196078431372,0.0018161764705882,0.0
2014-09-16 08:00:00,0.3898322440087146,0.0060762527233115,0.0149237472766884,0.0,0.0,0.0,0.0164640522875816,0.0050087145969498,0.0017843137254901,0.1199433551198257
2014-09-16 09:00:00,0.1999620853080569,0.0051824644549763,0.0271587677725118,0.0,0.0,0.0,0.0165308056872037,0.005,0.001824644549763,0.0
2014-09-16 10:00:00,0.2656223277909739,0.0113301662707838,0.0290285035629453,0.0,0.0,0.0,0.0165059382422802,0.0050095011876484,0.0017814726840855,0.0659121140142517
2014-09-16 11:00:00,0.5257833333333333,0.011697619047619,0.0157,0.0,0.0,0.0,0.0164904761904761,0.0050166666666666,0.0018095238095238,0.1124309523809523
2014-09-16 12:00:00,0.2014152334152334,0.0127936117936117,0.0169213759213759,0.0,0.0,0.0,0.0165257985257985,0.005017199017199,0.0018181818181818,0.0
2014-09-16 13:00:00,0.2032364864864864,0.0115067567567567,0.0356396396396396,0.0,0.0,0.0,0.0166328828828828,0.005009009009009,0.0018626126126126,0.0
2014-09-16 14:00:00,0.1911346153846153,0.0018509615384615,0.0218990384615384,0.0,0.0,0.0,0.0165528846153846,0.0050096153846153,0.0018701923076923,0.0
2014-09-16 15:00:00,0.8490093023255814,0.0224511627906976,0.0205093023255813,0.0,0.0,0.0,0.0164953488372093,0.0050046511627906,0.0018488372093023,0.0
2014-09-16 16:00:00,0.3313424317617866,0.0116650124069478,0.0405806451612903,0.0,0.0,0.0,0.0165136476426798,0.0185905707196029,0.0018858560794044,0.0917642679900744
2014-09-16 17:00:00,0.3152992700729927,0.0081289537712895,0.0190583941605839,0.0,0.0,0.0,0.0185109489051094,0.1296301703163017,0.0018588807785888,0.0
2014-09-16 18:00:00,0.3599187358916478,0.0164243792325056,0.0192234762979683,0.0,0.0,0.0,0.0740428893905191,0.0519841986455981,0.0018103837471783,0.0
2014-09-16 19:00:00,0.7724944071588367,0.0146241610738255,0.0327091722595078,0.0,0.0,0.0,0.01648322147651,0.1331319910514541,0.0017986577181208,0.1133557046979865
2014-09-16 20:00:00,0.6725661252900232,0.0105034802784222,0.0187308584686774,0.0,0.0,0.0,0.0165545243619489,0.1319095127610209,0.0018886310904872,0.0
2014-09-16 21:00:00,0.2350654627539503,0.0093566591422121,0.0202392776523702,0.0,0.0017291196388261,0.0,0.0165575620767494,0.0095981941309255,0.0018713318284424,0.0
2014-09-16 22:00:00,0.1979190371991247,0.0,0.0328008752735229,0.0,0.0017986870897155,0.0,0.0166761487964989,0.0050175054704595,0.0019387308533916,0.0
2014-09-16 23:00:00,0.2024861995753715,0.0123333333333333,0.0242016985138004,0.0,0.0018365180467091,0.0,0.0167261146496815,0.0050084925690021,0.0019617834394904,0.0
2014-09-17 00:00:00,0.2130871559633027,0.0091513761467889,0.0202293577981651,0.0,0.0018211009174311,0.0,0.0166811926605504,0.0050206422018348,0.0019380733944954,0.0
2014-09-17 01:00:00,1.499062814070352,0.0078115577889447,0.0185125628140703,0.0,0.5541507537688442,0.0,0.0165276381909547,0.0050075376884422,0.0018869346733668,0.0
2014-09-17 02:00:00,0.8202236180904523,0.0087236180904522,0.0317788944723618,0.0,0.0011959798994974,0.0,0.0164623115577889,0.007964824120603,0.0018417085427135,0.0
2014-09-17 03:00:00,0.2003921052631579,0.0010052631578947,0.0249947368421052,0.0,0.0012,0.0,0.0165578947368421,0.0094394736842105,0.0018710526315789,0.0
2014-09-17 04:00:00,2.3114631043256995,0.0076081424936386,0.0183816793893129,0.0,0.0012213740458015,0.0,0.0165267175572519,0.005002544529262,0.0018371501272264,0.0
2014-09-17 05:00:00,2.098743654822335,0.0077944162436548,0.0171928934010152,0.0,0.0006624365482233,0.0,0.0164390862944162,0.005,0.0017538071065989,0.0411878172588832
2014-09-17 06:00:00,0.4318031319910514,0.0120872483221476,0.0299239373601789,0.0,0.0,0.0252662192393736,0.0164429530201342,0.0050067114093959,0.0679597315436241,0.0732170022371364
2014-09-17 07:00:00,0.2025533980582524,0.0095752427184466,0.0289927184466019,0.0,0.0,0.0,0.0164611650485436,0.0050145631067961,0.0019199029126213,0.0
2014-09-17 08:00:00,0.4445382716049382,0.0123135802469135,0.0252172839506172,0.0,0.0,0.038437037037037,0.0168691358024691,0.0050172839506172,0.0019283950617283,0.1448395061728395
2014-09-17 09:00:00,0.4976124401913875,0.0105287081339712,0.0320622009569378,0.0,0.0,0.0,0.0671818181818181,0.0050143540669856,0.0019497607655502,0.0875837320574162
2014-09-17 10:00:00,0.2551474358974359,0.0009252136752136,0.0277991452991453,0.0,0.0,0.0,0.0523611111111111,0.0050064102564102,0.0019017094017094,0.0
2014-09-17 11:00:00,0.3357605633802816,0.0176525821596244,0.0199507042253521,0.0,0.0,0.0,0.0199483568075117,0.0050352112676056,0.0777840375586854,0.046244131455399
2014-09-17 12:00:00,0.3171226415094339,0.0119858490566037,0.0346320754716981,0.0,0.0,0.0,0.0193207547169811,0.0050070754716981,0.0018490566037735,0.0
2014-09-17 13:00:00,0.2048870588235294,0.0103035294117647,0.0244070588235294,0.0,0.0,0.0,0.0189364705882352,0.0050870588235294,0.0018470588235294,0.0
2014-09-17 14:00:00,0.2817270408163265,0.0087474489795918,0.0279081632653061,0.0,0.0,0.0,0.0358010204081632,0.0050229591836734,0.0018571428571428,0.0645535714285714
2014-09-17 15:00:00,1.521544776119403,0.0180820895522388,0.035594527363184,0.0,0.0,0.0,0.0356218905472636,0.005,0.097365671641791,0.0
2014-09-17 16:00:00,0.5664884910485933,0.0078388746803069,0.0188388746803069,0.0,0.0,0.0,0.0179309462915601,0.0083964194373401,0.0019769820971867,0.0578976982097186
2014-09-17 17:00:00,0.4875358974358974,0.0094282051282051,0.0335282051282051,0.0,0.0,0.0,0.0178358974358974,0.1308923076923077,0.0018794871794871,0.0641923076923076
2014-09-17 18:00:00,0.3261943793911007,0.0068969555035128,0.0213021077283372,0.0,0.0,0.0,0.0616440281030445,0.0066674473067915,0.0018103044496487,0.0
2014-09-17 19:00:00,0.6232813852813852,0.0098463203463203,0.020525974025974,0.0,0.0,0.0,0.0177748917748917,0.1364177489177489,0.0018463203463203,0.0
2014-09-17 20:00:00,0.6498372641509433,0.0085165094339622,0.0390212264150943,0.0,0.0,0.0,0.0178113207547169,0.1318066037735848,0.0018466981132075,0.0
2014-09-17 21:00:00,0.3248107074569789,0.0104741873804971,0.0192409177820267,0.0,0.0,0.0,0.0179560229445506,0.0270458891013384,0.0019292543021032,0.0
2014-09-17 22:00:00,0.197879012345679,0.0091012345679012,0.0194592592592592,0.0,0.0,0.0,0.0178518518518518,0.0050123456790123,0.0018666666666666,0.0
2014-09-17 23:00:00,0.1965413533834586,0.0089598997493734,0.0324486215538847,0.0,0.0,0.0,0.0178521303258145,0.0050125313283208,0.0018847117794486,0.0
2014-09-18 00:00:00,0.1957378640776699,0.007507281553398,0.0274004854368932,0.0,0.0,0.0,0.0179029126213592,0.005004854368932,0.0019029126213592,0.0
2014-09-18 01:00:00,0.6306762589928058,0.0004364508393285,0.0192853717026378,0.0,0.0,0.0,0.0178920863309352,0.0050143884892086,0.0019424460431654,0.0
2014-09-18 02:00:00,0.5074927884615384,0.0074423076923076,0.019108173076923,0.0,0.0,0.0,0.017889423076923,0.0083293269230769,0.0018774038461538,0.0
2014-09-18 03:00:00,0.7484976525821596,0.008225352112676,0.0368661971830985,0.0,0.0,0.0,0.0178661971830985,0.0095422535211267,0.0019178403755868,0.0
2014-09-18 04:00:00,2.351091121495327,0.009018691588785,0.0254392523364485,0.0,0.0,0.0,0.0178271028037383,0.0050163551401869,0.0018457943925233,0.0
2014-09-18 05:00:00,1.175050925925926,0.009011574074074,0.0195949074074074,0.0,0.030625,0.0,0.0178402777777777,0.0050162037037037,0.001849537037037,0.0
2014-09-18 06:00:00,2.341226872246696,0.0136740088105726,0.0185242290748898,0.0,1.7722070484581498,0.0314757709251101,0.028931718061674,0.0050088105726872,0.0725616740088105,0.1120969162995594
2014-09-18 07:00:00,0.4159634703196347,0.011079908675799,0.0254269406392694,0.0,0.1075593607305936,0.0,0.0177762557077625,0.0050022831050228,0.0017876712328767,0.0
2014-09-18 08:00:00,0.3906523702031603,0.0021354401805869,0.0246636568848758,0.0,0.0004830699774266,0.0,0.0178735891647855,0.0050090293453724,0.0017471783295711,0.1049706546275395
2014-09-18 09:00:00,0.2717851851851852,0.006637037037037,0.0188419753086419,0.0,0.0,0.0,0.078153086419753,0.005,0.0018444444444444,0.0
2014-09-18 10:00:00,0.3612493946731235,0.0081138014527845,0.0196924939467312,0.0,0.0,0.0,0.0674527845036319,0.0050169491525423,0.0018450363196125,0.1090435835351089
2014-09-18 11:00:00,0.2449478672985781,0.0172274881516587,0.0216943127962085,0.0,0.0,0.0,0.0553957345971563,0.0050118483412322,0.001867298578199,0.0
2014-09-18 12:00:00,0.281587962962963,0.0106018518518518,0.0388958333333333,0.0,0.0,0.0,0.0553356481481481,0.0050138888888888,0.0018703703703703,0.0
2014-09-18 13:00:00,0.2244452554744525,0.008287104622871,0.0198807785888077,0.0,0.0,0.0,0.0548905109489051,0.0050048661800486,0.0018223844282238,0.0
2014-09-18 14:00:00,0.2205870646766169,0.001592039800995,0.0206741293532338,0.0,0.0,0.0,0.054818407960199,0.0050223880597014,0.0018432835820895,0.0
2014-09-18 15:00:00,1.004637717121588,0.0109007444168734,0.0331240694789081,0.0,0.0,0.0,0.0547543424317617,0.0050074441687344,0.0018511166253101,0.0
2014-09-18 16:00:00,1.0945578703703704,0.0152222222222222,0.0233726851851851,0.0,0.0,0.0,0.0548171296296296,0.005,0.0578032407407407,0.0
2014-09-18 17:00:00,0.523326530612245,0.0182474489795918,0.0200076530612244,0.0,0.0,0.0,0.0544464285714285,0.1229821428571428,0.0018724489795918,0.1654285714285714
2014-09-18 18:00:00,0.9279806295399516,0.0155786924939467,0.0244382566585956,0.0,0.0,0.0,0.0546343825665859,0.1317433414043583,0.0018401937046004,0.0
2014-09-18 19:00:00,0.6469744245524297,0.0125319693094629,0.0354322250639386,0.0,0.0,0.0,0.0547237851662404,0.1315677749360613,0.0018337595907928,0.0
2014-09-18 20:00:00,0.7026234718826406,0.0104229828850855,0.01740097799511,0.0,0.0,0.0,0.0548117359413202,0.1315501222493887,0.0018655256723716,0.0
2014-09-18 21:00:00,0.407578811369509,0.0027519379844961,0.0198682170542635,0.0,0.0013178294573643,0.0,0.0549018087855297,0.0399509043927648,0.0019018087855297,0.0
2014-09-18 22:00:00,0.230209026128266,0.0102779097387173,0.0269524940617577,0.0,0.0016983372921615,0.0,0.0549216152019002,0.0050047505938242,0.0019002375296912,0.0
2014-09-18 23:00:00,0.2312354368932039,0.0144101941747572,0.0361577669902912,0.0,0.0018009708737864,0.0,0.0551092233009708,0.0050169902912621,0.0019441747572815,0.0
2014-09-19 00:00:00,0.2240149625935162,0.011077306733167,0.01814463840399,0.0,0.001862842892768,0.0,0.05528927680798,0.0050224438902743,0.0019451371571072,0.0
2014-09-19 01:00:00,1.6762,0.0083736842105263,0.0196263157894736,0.0,0.5953105263157895,0.0,0.0550157894736842,0.0050184210526315,0.0019236842105263,0.0
2014-09-19 02:00:00,0.6344783653846153,0.0099495192307692,0.0307307692307692,0.0,0.0514495192307692,0.0,0.0552451923076923,0.0081754807692307,0.0019326923076923,0.0
2014-09-19 03:00:00,0.5416875,0.003205,0.0353725,0.0,0.0012175,0.0,0.0550649999999999,0.00959,0.0019399999999999,0.0
2014-09-19 04:00:00,2.4553743455497385,0.0060706806282722,0.02132722513089,0.0,0.0011701570680628,0.0,0.0558848167539267,0.0050157068062827,0.0019450261780104,0.0
2014-09-19 05:00:00,1.035624078624079,0.0089484029484029,0.0203734643734643,0.0,0.0011695331695331,0.0,0.0549189189189189,0.005019656019656,0.0019041769041769,0.0
2014-09-19 06:00:00,1.458855504587156,0.0102866972477064,0.019690366972477,0.0,0.1550711009174311,0.0,0.0557545871559633,0.0050321100917431,0.0872133027522935,0.0914793577981651
2014-09-19 07:00:00,1.0526318407960198,0.0118507462686567,0.0261691542288557,0.0,0.4935447761194029,0.0785248756218905,0.0549029850746268,0.0050273631840796,0.002639303482587,0.0
2014-09-19 08:00:00,0.488581986143187,0.0115265588914549,0.0304272517321016,0.0,0.0,0.0,0.0545912240184757,0.0050046189376443,0.0018406466512702,0.0900923787528868
2014-09-19 09:00:00,0.4580275689223058,0.0072832080200501,0.0169749373433583,0.0,0.0,0.0,0.0547568922305764,0.0050025062656641,0.0018421052631578,0.0771177944862155
2014-09-19 10:00:00,0.2228369829683698,0.00323600973236,0.0172700729927007,0.0,0.0,0.0,0.0548223844282238,0.0050048661800486,0.0017834549878345,0.0
2014-09-19 11:00:00,0.8803560975609757,0.014970731707317,0.0179073170731707,0.0,0.0,0.0,0.0550341463414634,0.0050121951219512,0.1063414634146341,0.1026731707317073
2014-09-19 12:00:00,0.2364558472553699,0.0121670644391408,0.026326968973747,0.0,0.0,0.0,0.0547684964200477,0.0050238663484486,0.0018424821002386,0.0
2014-09-19 13:00:00,0.3786893939393939,0.0101818181818181,0.0279292929292929,0.0,0.0,0.0,0.0606666666666666,0.0050277777777777,0.0018813131313131,0.1066843434343434
2014-09-19 14:00:00,0.1990875576036866,0.0110184331797235,0.020221198156682,0.0,0.0,0.0,0.0179308755760368,0.0050115207373271,0.0018364055299539,0.0
2014-09-19 15:00:00,1.0951035353535354,0.0213585858585858,0.0296540404040404,0.0,0.0,0.0,0.0178989898989899,0.0050176767676767,0.001820707070707,0.0
2014-09-19 16:00:00,0.3374766839378239,0.0129715025906735,0.0097823834196891,0.0,0.0,0.0,0.0178419689119171,0.0050181347150259,0.0601191709844559,0.0
2014-09-19 17:00:00,0.4100355450236966,0.0058957345971563,0.0179478672985782,0.0,0.0,0.0,0.0783530805687203,0.0240710900473933,0.0018151658767772,0.0792701421800947
2014-09-19 18:00:00,0.5425717821782179,0.0143589108910891,0.0171212871287128,0.0,0.0,0.0025346534653465,0.0261262376237623,0.1131881188118811,0.0018366336633663,0.0
2014-09-19 19:00:00,0.7728434065934066,0.0108763736263736,0.020804945054945,0.0,0.0,0.0,0.0201730769230769,0.1314093406593406,0.0018461538461538,0.09225
2014-09-19 20:00:00,0.7163855421686747,0.0089975903614457,0.0365277108433734,0.0,0.0,0.0,0.0202024096385542,0.1316409638554216,0.0018265060240963,0.0
2014-09-19 21:00:00,0.2994937655860349,0.0086134663341645,0.0220822942643391,0.0,0.0,0.0,0.0198528678304239,0.0327955112219451,0.0019077306733167,0.0
2014-09-19 22:00:00,0.1990960591133005,0.0,0.0202733990147783,0.0,0.0,0.0,0.0196428571428571,0.0050197044334975,0.0019064039408866,0.0
2014-09-19 23:00:00,0.2042829268292683,0.0083756097560975,0.0209219512195121,0.0,0.0,0.0,0.0196121951219512,0.0050121951219512,0.0019243902439024,0.0
2014-09-20 00:00:00,0.8232356020942407,0.0115261780104712,0.0340026178010471,0.0,0.0,0.0,0.0195471204188481,0.005023560209424,0.0019057591623036,0.0
2014-09-20 01:00:00,0.3917078947368421,0.0080605263157894,0.0170526315789473,0.0,0.0,0.0,0.0196605263157894,0.0050078947368421,0.0019342105263157,0.0
2014-09-20 02:00:00,0.7251963824289406,0.0087622739018087,0.0268320413436692,0.0,0.0,0.0,0.0196950904392764,0.0077312661498708,0.0019121447028423,0.0
2014-09-20 03:00:00,0.2144382566585956,0.0043486682808716,0.0200581113801452,0.0,0.0,0.0,0.019864406779661,0.0085883777239709,0.0019782082324455,0.0
2014-09-20 04:00:00,2.436990521327014,0.0049407582938388,0.0337701421800947,0.0,0.0,0.0,0.0197156398104265,0.0050379146919431,0.0019075829383886,0.0
2014-09-20 05:00:00,1.628056265984655,0.0085345268542199,0.0473452685421994,0.3303452685421995,0.0,0.0,0.0196547314578005,0.0050102301790281,0.0018925831202046,0.0
2014-09-20 06:00:00,1.3540564705882352,0.0116235294117647,0.0208211764705882,0.4599247058823529,0.0,0.0,0.0193741176470588,0.005,0.0018023529411764,0.0329129411764705
2014-09-20 07:00:00,0.2234570765661253,0.0088120649651972,0.0184037122969837,0.0007424593967517,0.0,0.0,0.0192204176334106,0.0050092807424593,0.0018167053364269,0.0
2014-09-20 08:00:00,0.200903381642512,0.0087753623188405,0.0131086956521739,0.0006256038647342,0.0,0.0,0.0190748792270531,0.0050048309178743,0.0017101449275362,0.0
2014-09-20 09:00:00,0.1981450777202072,0.0001243523316062,0.0,0.0006917098445595,0.0,0.0,0.0190829015544041,0.0050103626943005,0.0018264248704663,0.0
2014-09-20 10:00:00,0.8694409638554217,0.0404987951807228,0.0292650602409638,0.0008024096385542,0.0,0.0,0.0193301204819277,0.0050168674698795,0.001833734939759,0.1082650602409638
2014-09-20 11:00:00,0.4210571428571428,0.0076155844155844,0.0238441558441558,0.0008727272727272,0.0,0.0,0.0679610389610389,0.005025974025974,0.0617870129870129,0.0
2014-09-20 12:00:00,0.3457990762124711,0.0328129330254041,0.0257875288683602,0.0009422632794457,0.0,0.0,0.0194618937644341,0.0050161662817551,0.001919168591224,0.1190531177829099
2014-09-20 13:00:00,0.1974976415094339,0.0,0.0342358490566037,0.0009316037735849,0.0,0.0,0.0192924528301886,0.0050235849056603,0.0019198113207547,0.0
2014-09-20 14:00:00,0.2095677570093458,0.0226588785046728,0.0175280373831775,0.0008434579439252,0.0,0.0,0.0192056074766355,0.0050163551401869,0.0018621495327102,0.0
2014-09-20 15:00:00,0.7640659898477158,0.01148730964467,0.0492690355329949,0.0008451776649746,0.0,0.0,0.0193045685279187,0.0584492385786802,0.0018527918781725,0.0
2014-09-20 16:00:00,0.7502518703241896,0.0150448877805486,0.0259276807980049,0.0007581047381546,0.0,0.0,0.0193790523690773,0.0222668329177057,0.1606084788029925,0.0967605985037406
2014-09-20 17:00:00,0.534841432225064,0.0213427109974424,0.0172915601023017,0.0008184143222506,0.0,0.0,0.0193375959079283,0.0600537084398977,0.0019207161125319,0.0
2014-09-20 18:00:00,0.6722827102803739,0.0039018691588785,0.0397593457943925,0.0007266355140186,0.0,0.0,0.0193084112149532,0.1273387850467289,0.0019042056074766,0.0
2014-09-20 19:00:00,0.7150412844036697,0.01748623853211,0.0175481651376146,0.0008623853211009,0.0,0.0,0.0194747706422018,0.1346032110091743,0.0019380733944954,0.0
2014-09-20 20:00:00,0.7140405727923628,0.0162219570405727,0.0153794749403341,0.0009116945107398,0.0,0.0,0.0195369928400954,0.1303556085918854,0.0019522673031026,0.0
2014-09-20 21:00:00,0.3122238442822384,0.0,0.0340827250608272,0.000941605839416,0.001316301703163,0.0,0.0196374695863746,0.0050194647201946,0.0019829683698296,0.0
2014-09-20 22:00:00,0.2151708542713567,0.0213266331658291,0.017894472361809,0.0009321608040201,0.0017788944723618,0.0,0.0197035175879397,0.0050226130653266,0.001967336683417,0.0
2014-09-20 23:00:00,0.2016246973365617,0.0,0.0272857142857142,0.0009733656174334,0.0018619854721549,0.0,0.0198523002421307,0.0050193704600484,0.0019878934624697,0.0
2014-09-21 00:00:00,0.7130194647201946,0.0155669099756691,0.0272846715328467,0.0009951338199513,0.472727493917275,0.0,0.0198442822384428,0.0050267639902676,0.0019878345498783,0.0
2014-09-21 01:00:00,1.1321089588377724,0.0094697336561743,0.0190072639225181,0.0009878934624697,0.1111162227602905,0.0,0.0197167070217917,0.0050387409200968,0.0019878934624697,0.0
2014-09-21 02:00:00,0.8043617021276596,0.005127659574468,0.03277304964539,0.0009881796690307,0.0012789598108747,0.0,0.0198274231678487,0.0076193853427895,0.0019739952718676,0.0
2014-09-21 03:00:00,0.2158701657458563,0.0148011049723756,0.0252734806629834,0.0009972375690607,0.0013011049723756,0.0,0.0199502762430939,0.0062707182320441,0.0019917127071823,0.0
2014-09-21 04:00:00,2.456238095238096,0.0,0.0154682539682539,0.0009735449735449,0.0012910052910052,0.0,0.0198624338624338,0.0050238095238095,0.0019788359788359,0.0
2014-09-21 05:00:00,0.386501187648456,0.0129429928741092,0.025916864608076,0.0009691211401425,0.0012660332541567,0.0,0.0198408551068883,0.0050142517814726,0.0019786223277909,0.0
2014-09-21 06:00:00,1.6425366430260049,3.073286052009456e-05,0.028354609929078,0.0009550827423167,0.000144208037825,0.0,0.0197470449172576,0.0050118203309692,0.0019645390070921,0.0858392434988179
2014-09-21 07:00:00,0.3445498783454988,0.0151849148418491,0.0158905109489051,0.0008296836982968,0.0,0.0660486618004866,0.0197031630170316,0.0088442822384428,0.001941605839416,0.0616496350364963
2014-09-21 08:00:00,0.3750441176470588,0.0158627450980392,0.0156642156862745,0.000892156862745,0.0,0.0,0.0204607843137254,0.0050294117647058,0.0019436274509803,0.0760955882352941
2014-09-21 09:00:00,0.6845748218527316,3.5629453681710215e-05,0.0256793349168646,0.0008669833729216,0.0,0.0,0.0203515439429928,0.0050190023752969,0.0019453681710213,0.0
2014-09-21 10:00:00,1.4501432038834952,0.0183058252427184,0.0399368932038834,0.0009053398058252,0.0,0.0,0.0204635922330097,0.00501213592233,0.0019029126213592,0.0
2014-09-21 11:00:00,0.3718333333333333,0.0184059139784946,0.019024193548387,0.0008548387096774,0.0,0.0,0.0204354838709677,0.0050295698924731,0.0019112903225806,0.053008064516129
2014-09-21 12:00:00,0.2103274111675127,0.0035964467005076,0.01698730964467,0.0009060913705583,0.0,0.0,0.0204670050761421,0.0243375634517766,0.0019517766497461,0.0
2014-09-21 13:00:00,0.1985831265508685,0.0144789081885856,0.0084193548387096,0.0008933002481389,0.0,0.0,0.020501240694789,0.0050074441687344,0.0019330024813895,0.0
2014-09-21 14:00:00,0.1927912844036697,0.0,0.0,0.0009197247706422,0.0,0.0,0.0204105504587155,0.0050068807339449,0.0019610091743119,0.0
2014-09-21 15:00:00,0.416715710723192,0.0169027431421446,0.0305187032418952,0.0008927680798004,0.0,0.0364463840399002,0.0202743142144638,0.0050124688279301,0.0549152119700748,0.1120523690773067
2014-09-21 16:00:00,0.2106814988290398,0.009751756440281,0.0496885245901639,0.000807962529274,0.0,0.0,0.0194824355971896,0.0050163934426229,0.0018571428571428,0.0
2014-09-21 17:00:00,0.221641723356009,0.0060113378684807,0.033625850340136,0.0007551020408163,0.0,0.0,0.0196349206349206,0.0082517006802721,0.0018185941043083,0.0
2014-09-21 18:00:00,0.2534468503937008,0.0138208661417322,0.017753937007874,0.0006673228346456,0.0,0.0,0.0193326771653543,0.0246161417322834,0.0017480314960629,0.0
2014-09-21 19:00:00,0.2264570024570024,0.0,0.0691965601965602,0.0007936117936117,0.0,0.0,0.0195356265356265,0.0082997542997542,0.0018255528255528,0.0
2014-09-21 20:00:00,0.2661227621483376,0.0138260869565217,0.0286726342710997,0.0007237851662404,0.0,0.0,0.0193248081841432,0.024846547314578,0.0018005115089514,0.0
2014-09-21 21:00:00,0.3631487414187643,0.0013409610983981,0.0245423340961098,0.0008260869565217,0.0,0.0,0.0194897025171624,0.0162379862700228,0.0018260869565217,0.0902013729977116
2014-09-21 22:00:00,0.2337645631067961,0.0124174757281553,0.0176383495145631,0.0009126213592233,0.0,0.0,0.0196383495145631,0.005009708737864,0.001881067961165,0.0
2014-09-21 23:00:00,0.1968557213930348,0.0097014925373134,0.0161940298507462,0.0009427860696517,0.0,0.0,0.0195746268656716,0.0050174129353233,0.0019154228855721,0.0
2014-09-22 00:00:00,0.1924975845410628,0.0035314009661835,0.0187536231884058,0.0008937198067632,0.0,0.0,0.0195338164251207,0.0050193236714975,0.001891304347826,0.0
2014-09-22 01:00:00,0.9233733624454148,0.0133908296943231,0.028207423580786,0.0009410480349344,0.0,0.0,0.0195436681222707,0.0050021834061135,0.0019039301310043,0.0
2014-09-22 02:00:00,0.5667272727272727,0.0,0.0204330143540669,0.0009641148325358,0.0,0.0,0.0194641148325358,0.0081291866028708,0.0019497607655502,0.0
2014-09-22 03:00:00,0.3897705735660848,0.01314463840399,0.0168852867830423,0.0009600997506234,0.0,0.0,0.0196009975062344,0.0081970074812967,0.0019027431421446,0.0
2014-09-22 04:00:00,2.335153034300792,0.0,0.0173060686015831,0.000862796833773,0.0,0.0,0.0194643799472295,0.0050131926121372,0.0018839050131926,0.0
2014-09-22 05:00:00,0.3919142857142857,0.0122051948051948,0.0163999999999999,0.000851948051948,0.0,0.0,0.0193324675324675,0.0050155844155844,0.0018155844155844,0.0
2014-09-22 06:00:00,0.8304543378995434,2.054794520547945e-05,0.0184155251141552,0.0007671232876712,0.0,0.0,0.0191552511415525,0.0080479452054794,0.0538904109589041,0.0951986301369862
2014-09-22 07:00:00,0.3758635170603674,0.0162493438320209,0.0170288713910761,0.0003779527559055,0.0,0.0357821522309711,0.019272965879265,0.005007874015748,0.0371758530183727,0.0292755905511811
2014-09-22 08:00:00,0.7324919168591224,0.0,0.016122401847575,0.0,0.0,0.0,0.0365311778290993,0.0050254041570438,0.0017459584295612,0.0
2014-09-22 09:00:00,0.2482850356294537,0.0113254156769596,0.0160356294536817,0.0,0.0,0.0,0.0552612826603325,0.0050118764845605,0.0018527315914489,0.0
2014-09-22 10:00:00,0.1923531914893617,0.0,0.020427659574468,0.0,0.0,0.0,0.0182489361702127,0.0050170212765957,0.0018106382978723,0.0
2014-09-22 11:00:00,0.4039186602870813,0.0158468899521531,0.0210574162679425,0.0,0.0,0.0598373205741626,0.0181818181818181,0.005011961722488,0.0017846889952153,0.1590071770334928
2014-09-22 12:00:00,0.1944468085106383,0.0020094562647754,0.0159290780141843,0.0,0.0,0.0,0.0182624113475177,0.0050212765957446,0.0018463356973995,0.0
2014-09-22 13:00:00,0.1975523385300668,0.0101692650334075,0.0157728285077951,0.0,0.0,0.0,0.0183719376391982,0.005022271714922,0.0018307349665924,0.0
2014-09-22 14:00:00,0.1984532374100719,0.010820143884892,0.0171942446043165,0.0,0.0,0.0,0.0181510791366906,0.0050047961630695,0.0018249400479616,0.0
2014-09-22 15:00:00,0.9814642857142856,0.00153125,0.0320022321428571,0.0,0.0,0.0,0.0181383928571428,0.005,0.0017723214285714,0.0
2014-09-22 16:00:00,0.7086623655913978,0.020821505376344,0.0238279569892473,0.0,0.0,0.0,0.0180602150537634,0.0132709677419354,0.0019247311827956,0.1241935483870967
2014-09-22 17:00:00,0.3403414043583534,0.0012445520581113,0.0283002421307506,0.0,0.0,0.0,0.0180387409200968,0.1340581113801452,0.0017481840193704,0.0
2014-09-22 18:00:00,0.6365221238938054,0.0107455752212389,0.029429203539823,0.0,0.0,0.0,0.0180508849557522,0.0960796460176991,0.0017566371681415,0.0
2014-09-22 19:00:00,0.5474861111111111,0.0119699074074074,0.0164953703703703,0.0,0.0,0.0,0.0180185185185185,0.0767916666666666,0.0017824074074074,0.0381504629629629
2014-09-22 20:00:00,0.5706420047732698,0.0,0.0284486873508353,0.0,0.0,0.0,0.0182267303102625,0.1338400954653938,0.0017828162291169,0.0
2014-09-22 21:00:00,0.2359662162162162,0.0124166666666666,0.0245067567567567,0.0,0.0016756756756756,0.0,0.0181644144144144,0.0104752252252252,0.0018085585585585,0.0
2014-09-22 22:00:00,0.1944926829268292,0.0,0.0176121951219512,0.0,0.001780487804878,0.0,0.018180487804878,0.0050195121951219,0.0018268292682926,0.0
2014-09-22 23:00:00,0.2021431670281995,0.0133557483731019,0.0186052060737527,0.0,0.0017548806941431,0.0,0.0183362255965292,0.0050108459869848,0.0019023861171366,0.0
2014-09-23 00:00:00,0.8011206030150754,0.0,0.0332638190954773,0.0,0.142537688442211,0.0,0.0183819095477386,0.0050150753768844,0.0019145728643216,0.0
2014-09-23 01:00:00,2.012731527093596,0.011807881773399,0.0203325123152709,0.0,1.303049261083744,0.0,0.0182561576354679,0.0050123152709359,0.0018620689655172,0.0
2014-09-23 02:00:00,0.8727822966507177,0.0,0.0173205741626794,0.0,0.0624712918660287,0.0,0.018334928229665,0.0080071770334928,0.0018923444976076,0.0
2014-09-23 03:00:00,0.206255421686747,0.0112144578313253,0.0147951807228915,0.0,0.0012385542168674,0.0,0.0184048192771084,0.0092096385542168,0.0018843373493975,0.0
2014-09-23 04:00:00,2.2524754901960784,0.0,0.018406862745098,0.0,0.0012377450980392,0.0,0.0182475490196078,0.005017156862745,0.0018774509803921,0.0
2014-09-23 05:00:00,1.1579762470308788,0.0117885985748218,0.0294821852731591,0.0,0.0012185273159144,0.0,0.0181425178147268,0.0050071258907363,0.0018479809976247,0.0
2014-09-23 06:00:00,0.4447348484848485,9.46969696969697e-06,0.0197821969696969,0.0,0.0,0.0,0.0182651515151515,0.0050378787878787,0.1189299242424242,0.1021496212121212
2014-09-23 07:00:00,0.8803112745098038,0.0124411764705882,0.1010931372549019,0.0,0.0,0.0574656862745098,0.0182254901960784,0.0050220588235294,0.0110735294117647,0.0414681372549019
2014-09-23 08:00:00,1.252502475247525,0.0152400990099009,0.0163044554455445,0.0,0.0,0.0,0.0182277227722772,0.0050074257425742,0.0018539603960396,0.0694826732673267
2014-09-23 09:00:00,0.2240442655935613,0.0,0.0164285714285714,0.0,0.0656740442655935,0.0,0.0182877263581488,0.0050261569416499,0.0018933601609657,0.0
2014-09-23 10:00:00,0.2603415730337078,0.0154067415730337,0.015629213483146,0.0,0.0,0.0,0.0183168539325842,0.0050247191011235,0.0018696629213483,0.0508404494382022
2014-09-23 11:00:00,0.4718787878787879,0.0134823232323232,0.0193181818181818,0.0,0.0,0.031080808080808,0.0182424242424242,0.0050126262626262,0.0916035353535353,0.1132121212121212
2014-09-23 12:00:00,0.1967751756440281,0.0,0.0321733021077283,0.0,0.0,0.0,0.0183466042154566,0.00503981264637,0.001887587822014,0.0
2014-09-23 13:00:00,0.2042868217054263,0.0154108527131782,0.0232112403100775,0.0,0.0,0.0,0.0183100775193798,0.0050406976744186,0.001875968992248,0.0
2014-09-23 14:00:00,0.8314039855072464,2.8985507246376814e-05,0.0203478260869565,0.0,0.0,0.0,0.0182789855072463,0.0050326086956521,0.0018931159420289,0.2655489130434783
2014-09-23 15:00:00,0.4757155963302752,0.014040366972477,0.023337614678899,0.0,0.0,0.0,0.0182385321100917,0.0050146788990825,0.0019174311926605,0.0
2014-09-23 16:00:00,0.6557383863080685,0.0097530562347188,0.0304156479217603,0.0,0.0,0.0,0.0182078239608801,0.0078679706601467,0.165002444987775,0.0805916870415648
2014-09-23 17:00:00,0.3521865671641791,0.0163706467661691,0.0202139303482587,0.0,0.0,0.0,0.0623731343283582,0.0635621890547263,0.0018009950248756,0.0
2014-09-23 18:00:00,0.4746644144144144,0.0113108108108108,0.0190743243243243,0.0,0.0,0.0,0.0486328828828828,0.0976373873873873,0.0017927927927927,0.0
2014-09-23 19:00:00,0.4407004716981132,0.0033231132075471,0.0293938679245283,0.0,0.0,0.0,0.0182169811320754,0.1323231132075472,0.0018349056603773,0.0
2014-09-23 20:00:00,0.465008658008658,0.0086385281385281,0.0253961038961038,0.0,0.0,0.0,0.0183441558441558,0.1521753246753246,0.0018744588744588,0.0
2014-09-23 21:00:00,0.554150895140665,0.0094117647058823,0.0175933503836317,0.0,0.0,0.0,0.0183606138107416,0.0953222506393861,0.0019130434782608,0.137690537084399
2014-09-23 22:00:00,0.1926591478696741,0.0091629072681704,0.0197994987468671,0.0,0.0,0.0,0.0183533834586466,0.0050025062656641,0.0019348370927318,0.0
2014-09-23 23:00:00,0.2008232323232323,0.0076767676767676,0.026790404040404,0.0,0.0,0.0,0.0184040404040404,0.0050075757575757,0.0019570707070707,0.0
2014-09-24 00:00:00,0.1894738154613466,0.0008503740648379,0.0237556109725685,0.0,0.0,0.0,0.0185236907730673,0.0050274314214463,0.0019376558603491,0.0
2014-09-24 01:00:00,0.209335731414868,0.0092086330935251,0.0157146282973621,0.0,0.0,0.0,0.0184772182254196,0.0050167865707434,0.0019376498800959,0.0
2014-09-24 02:00:00,0.9867404063205416,0.0095778781038374,0.0194943566591422,0.0,0.0,0.0,0.0183995485327313,0.0085214446952595,0.001923250564334,0.0
2014-09-24 03:00:00,0.7527418546365915,0.0075839598997493,0.0189523809523809,0.0,0.0,0.0,0.018438596491228,0.0084035087719298,0.0019197994987468,0.0
2014-09-24 04:00:00,2.3533476070528967,0.0,0.0309471032745591,0.0,0.0,0.0,0.0183853904282115,0.0050226700251889,0.0018942065491183,0.0
2014-09-24 05:00:00,1.017460465116279,0.0119232558139534,0.0085186046511627,0.0,0.0,0.0,0.018406976744186,0.0050046511627906,0.0018627906976744,0.0
2014-09-24 06:00:00,1.3799333333333337,0.0084882882882882,0.0179909909909909,0.0,0.0,0.0236414414414414,0.0182288288288288,0.0050036036036036,0.1005657657657657,0.0967261261261261
2014-09-24 07:00:00,0.467054820415879,0.011336483931947,0.0134480151228733,0.0,0.0,0.0,0.0182400756143667,0.0050226843100189,0.0018241965973534,0.0
2014-09-24 08:00:00,0.5536700680272109,0.0085544217687074,0.0271717687074829,0.0,0.0,0.0,0.0185663265306122,0.0215119047619047,0.0018316326530612,0.1217857142857142
2014-09-24 09:00:00,0.3135506756756757,0.0019172297297297,0.0278885135135135,0.0,0.0,0.0,0.0390574324324324,0.006,0.0018361486486486,0.0
2014-09-24 10:00:00,0.5160433333333333,0.0091883333333333,0.018045,0.0,0.0,0.0,0.0299216666666666,0.0059966666666666,0.001795,0.2099133333333333
2014-09-24 11:00:00,0.9675109612141652,0.0153794266441821,0.0228617200674536,0.0,0.0,0.0,0.0273372681281618,0.006,0.0711399662731871,0.1096610455311973
2014-09-24 12:00:00,0.3074694589877836,0.0117853403141361,0.0362321116928446,0.0,0.0,0.0,0.0277574171029668,0.006,0.0041134380453752,0.0
2014-09-24 13:00:00,0.2998891352549889,0.0056940133037694,0.0170243902439024,0.0,0.0,0.0,0.0288181818181818,0.0059179600886917,0.0019756097560975,0.0
2014-09-24 14:00:00,0.3964411764705882,0.0035,0.0159705882352941,0.0,0.0,0.0,0.0278778280542986,0.0050090497737556,0.0019366515837104,0.1017850678733031
2014-09-24 15:00:00,0.4650314009661835,0.0093574879227053,0.0389782608695652,0.0,0.0,0.0,0.0268550724637681,0.0050072463768115,0.0019710144927536,0.0
2014-09-24 16:00:00,0.3432953995157385,0.0173244552058111,0.01927602905569,0.0,0.0,0.0,0.0208474576271186,0.0050096852300242,0.0416295399515738,0.0
2014-09-24 17:00:00,0.4735469483568075,0.0145892018779342,0.0353450704225352,0.0,0.0,0.0,0.0208098591549295,0.1339906103286385,0.0018427230046948,0.1055868544600939
2014-09-24 18:00:00,0.3875338164251208,0.0121062801932367,0.0353164251207729,0.0,0.0,0.0,0.0207657004830917,0.0241014492753623,0.0018381642512077,0.0538140096618357
2014-09-24 19:00:00,0.4259228971962616,0.0008668224299065,0.0392850467289719,0.0,0.0,0.0,0.0207546728971962,0.1556728971962616,0.0018738317757009,0.0
2014-09-24 20:00:00,0.4694050343249428,0.012949656750572,0.0325606407322654,0.0,0.0,0.0,0.0210938215102974,0.136837528604119,0.0019244851258581,0.0
2014-09-24 21:00:00,0.3159901380670611,0.0111972386587771,0.023189349112426,0.0,0.0,0.0,0.0211479289940828,0.0639072978303747,0.001887573964497,0.0
2014-09-24 22:00:00,0.2280679611650485,0.0079805825242718,0.0373349514563106,0.0,0.0,0.0,0.0211990291262135,0.0247330097087378,0.0019247572815533,0.0
2014-09-24 23:00:00,0.2177871287128713,0.000509900990099,0.0153762376237623,0.0,0.0,0.0,0.0208440594059405,0.0247376237623762,0.0018762376237623,0.0
2014-09-25 00:00:00,0.2149793510324483,0.0099085545722713,0.0320442477876106,0.0,0.0,0.0,0.020834808259587,0.0056873156342182,0.0018731563421828,0.0
2014-09-25 01:00:00,1.0140904392764858,0.0088785529715762,0.0212583979328165,0.0,0.0,0.0,0.0208062015503876,0.0050077519379844,0.0018552971576227,0.0
2014-09-25 02:00:00,0.8289333333333333,0.0087283950617283,0.0180493827160493,0.0,0.0,0.0,0.0208395061728395,0.0084123456790123,0.0018814814814814,0.0
2014-09-25 03:00:00,0.2151371158392435,0.0025579196217494,0.0343924349881796,0.0,0.0,0.0,0.0209219858156028,0.008224586288416,0.0022387706855791,0.0
2014-09-25 04:00:00,2.4937175925925925,0.0053356481481481,0.0186944444444444,0.0,0.0,0.0,0.0206643518518518,0.005,0.0018287037037037,0.0
2014-09-25 05:00:00,2.7979152542372883,0.008455205811138,0.0172421307506053,0.0,0.7471501210653753,0.0,0.0204261501210653,0.0050121065375302,0.002230024213075,0.0
2014-09-25 06:00:00,0.9581149193548386,0.0099879032258064,0.0320745967741935,0.0,0.2725907258064516,0.0,0.0206633064516129,0.0050100806451612,0.1094052419354838,0.1411733870967742
2014-09-25 07:00:00,0.6820062761506276,0.0128033472803347,0.0208347280334728,0.0,0.0,0.0,0.0207196652719665,0.0050083682008368,0.0019372384937238,0.1402928870292887
2014-09-25 08:00:00,0.4706357466063348,0.0008190045248868,0.0171108597285067,0.0,0.0,0.0,0.0207398190045248,0.0050226244343891,0.0019434389140271,0.0
2014-09-25 09:00:00,0.308760736196319,0.0081922290388548,0.0250081799591002,0.0,0.0,0.0,0.0208098159509202,0.0050265848670756,0.001963190184049,0.0231124744376278
2014-09-25 10:00:00,0.2000554272517321,0.0083879907621247,0.0269307159353348,0.0,0.0,0.0,0.0208960739030023,0.0050184757505773,0.0019445727482678,0.0
2014-09-25 11:00:00,0.4258833693304535,0.0111619870410367,0.016719222462203,0.0,0.0,0.0,0.0209589632829373,0.0050194384449244,0.0019524838012958,0.1045831533477321
2014-09-25 12:00:00,0.1926784922394678,0.0080687361419068,0.0160243902439024,0.0,0.0,0.0,0.0208869179600886,0.0050332594235033,0.0019556541019955,0.0
2014-09-25 13:00:00,0.2470660592255125,0.0021526195899772,0.0286765375854214,0.0,0.0,0.0,0.0208268792710706,0.005006833712984,0.0019271070615034,0.0385535307517084
2014-09-25 14:00:00,0.9377844660194176,0.0086135922330097,0.0231514563106796,0.0,0.0,0.0,0.0207844660194174,0.0050116504854368,0.0019456310679611,0.0
2014-09-25 15:00:00,0.6587645788336933,0.0202354211663066,0.024475161987041,0.0,0.0,0.0,0.0207041036717062,0.0050107991360691,0.0812375809935205,0.0
2014-09-25 16:00:00,0.4537815845824411,0.0212912205567451,0.033661670235546,0.0,0.0,0.0,0.0209978586723768,0.0147387580299785,0.0887601713062098,0.096747323340471
2014-09-25 17:00:00,0.3423451143451143,0.0167817047817047,0.018066528066528,0.0,0.0,0.0,0.0209230769230769,0.1342182952182952,0.0019313929313929,0.0
2014-09-25 18:00:00,0.4431929824561403,0.0147521929824561,0.025423245614035,0.0,0.0,0.0,0.0206293859649122,0.1542960526315789,0.0018421052631578,0.0
2014-09-25 19:00:00,0.4397692307692308,0.0151631701631701,0.0235291375291375,0.0,0.0,0.0,0.0208135198135198,0.1531142191142191,0.0018205128205128,0.0
2014-09-25 20:00:00,0.3448704453441296,0.002908906882591,0.0219453441295546,0.0,0.0,0.0,0.0209352226720647,0.0759352226720647,0.001912955465587,0.0
2014-09-25 21:00:00,0.2714326086956521,0.0088826086956521,0.0205478260869565,0.0,0.0,0.0,0.0209673913043478,0.0050217391304347,0.001891304347826,0.0
2014-09-25 22:00:00,0.2000154185022026,0.0137775330396475,0.0337863436123348,0.0,0.0,0.0,0.0211431718061674,0.0050154185022026,0.0019273127753303,0.0
2014-09-25 23:00:00,0.1913312368972746,0.0120524109014675,0.0187987421383647,0.0,0.0,0.0,0.0211530398322851,0.0050230607966457,0.0019203354297693,0.0
2014-09-26 00:00:00,0.1894909090909091,0.0093681818181818,0.0161454545454545,0.0,0.0,0.0,0.0209977272727272,0.0050045454545454,0.0019181818181818,0.0
2014-09-26 01:00:00,0.6542198275862069,0.0051939655172413,0.0190711206896551,0.0,0.0,0.0,0.0209439655172413,0.0050193965517241,0.0019137931034482,0.0
2014-09-26 02:00:00,0.5390314606741573,0.0025573033707865,0.036876404494382,0.0,0.0,0.0,0.0210134831460674,0.0086471910112359,0.0019191011235955,0.0
2014-09-26 03:00:00,0.7539352678571429,0.008828125,0.0191629464285714,0.0,0.0,0.0,0.0209553571428571,0.0061584821428571,0.0019017857142857,0.0
2014-09-26 04:00:00,2.333168490153173,0.0093894967177242,0.0177242888402625,0.0,0.0,0.0,0.0210043763676148,0.0050021881838074,0.0018687089715536,0.0
2014-09-26 05:00:00,2.11977030162413,0.0086218097447795,0.0171763341067285,0.0,0.0,0.0,0.0208491879350348,0.0050116009280742,0.0018538283062645,0.0
2014-09-26 06:00:00,2.143266524520256,0.0158464818763326,0.0293603411513859,0.0,1.2270682302771854,0.028228144989339,0.0207953091684434,0.005,0.0613006396588486,0.0757036247334754
2014-09-26 07:00:00,1.070269807280514,0.0105353319057815,0.0254325481798715,0.0,0.233423982869379,0.0,0.0216252676659528,0.0050085653104925,0.0018929336188436,0.0
2014-09-26 08:00:00,0.4227891156462585,0.0038435374149659,0.0180770975056689,0.0,0.0118276643990929,0.0,0.021641723356009,0.0050408163265306,0.0018707482993197,0.0959365079365079
2014-09-26 09:00:00,0.2437898383371824,0.006743648960739,0.0247274826789838,0.0,0.0,0.0,0.0216859122401847,0.0050230946882217,0.0018729792147806,0.0
2014-09-26 10:00:00,0.3762080536912751,0.0154384787472035,0.028559284116331,0.0,0.0,0.0,0.0217740492170022,0.0050156599552572,0.0018657718120805,0.1760044742729306
2014-09-26 11:00:00,0.3555533333333333,0.0135222222222222,0.0172533333333333,0.0,0.0,0.0,0.02182,0.0050222222222222,0.0018488888888888,0.1439555555555555
2014-09-26 12:00:00,0.2013742203742204,0.0124012474012474,0.0229022869022869,0.0,0.0,0.0,0.0216424116424116,0.00502079002079,0.0018731808731808,0.0
2014-09-26 13:00:00,0.2088942917547568,0.0146976744186046,0.0357272727272727,0.0006680761099365,0.0,0.0,0.0217145877378435,0.0050169133192389,0.0018372093023255,0.0
2014-09-26 14:00:00,0.194152125279642,0.0021923937360178,0.0222147651006711,0.0008769574944071,0.0,0.0,0.0216711409395973,0.0050335570469798,0.0018590604026845,0.0
2014-09-26 15:00:00,0.49770625,0.0144791666666666,0.0167833333333333,0.0008729166666666,0.0,0.0,0.02158125,0.0050083333333333,0.0018375,0.0
2014-09-26 16:00:00,0.5196924643584522,0.0146965376782077,0.0338207739307535,0.0009389002036659,0.0,0.0,0.0217413441955193,0.005020366598778,0.0634521384928716,0.0
2014-09-26 17:00:00,0.4433495762711864,0.0103877118644067,0.0183792372881355,0.0009385593220338,0.0,0.0,0.0217436440677966,0.1320995762711864,0.0019343220338983,0.096489406779661
2014-09-26 18:00:00,0.4607986425339366,0.0142511312217194,0.0159298642533936,0.0008031674208144,0.0,0.0,0.0214570135746606,0.1324004524886878,0.0019366515837104,0.0427036199095022
2014-09-26 19:00:00,0.4427905405405405,0.0108693693693693,0.0329436936936936,0.0008963963963963,0.0,0.0,0.0575585585585585,0.0866824324324324,0.0019144144144144,0.0
2014-09-26 20:00:00,0.6449353448275862,0.0086961206896551,0.0161056034482758,0.0009331896551724,0.0,0.0,0.0345021551724137,0.1109245689655172,0.0019568965517241,0.0665646551724137
2014-09-26 21:00:00,0.2794384787472035,0.0081297539149888,0.0166017897091722,0.0009619686800894,0.0,0.0,0.0215816554809843,0.0208165548098433,0.001979865771812,0.0
2014-09-26 22:00:00,0.1950923423423423,0.0029797297297297,0.0277905405405405,0.0008828828828828,0.0,0.0,0.0213063063063063,0.0050067567567567,0.0019436936936936,0.0
2014-09-26 23:00:00,0.2335990220048899,0.0042102689486552,0.0218581907090464,0.000963325183374,0.0,0.0,0.0593667481662591,0.0050146699266503,0.0019706601466992,0.0
2014-09-27 00:00:00,0.2054285714285714,0.0101428571428571,0.0137773109243697,0.0009432773109243,0.0,0.0,0.0213403361344537,0.0050126050420168,0.0019411764705882,0.0
2014-09-27 01:00:00,0.911244635193133,0.0076158798283261,0.0147768240343347,0.0009484978540772,0.0,0.0,0.0213433476394849,0.0050064377682403,0.0019484978540772,0.0
2014-09-27 02:00:00,0.7453162583518931,0.007913140311804,0.0244342984409799,0.000946547884187,0.0,0.0,0.0213853006681514,0.0078106904231625,0.001946547884187,0.0
2014-09-27 03:00:00,0.1986981566820276,0.0040829493087557,0.0237350230414746,0.0009838709677419,0.0,0.0,0.021479262672811,0.0087834101382488,0.0019631336405529,0.0
2014-09-27 04:00:00,2.3538139013452914,0.004152466367713,0.0172735426008968,0.0009327354260089,0.0,0.0,0.0213430493273542,0.0050112107623318,0.0019618834080717,0.0
2014-09-27 05:00:00,1.865447306791569,0.0087611241217798,0.0157587822014051,0.0008641686182669,0.0,0.0,0.0211850117096018,0.0050046838407494,0.001903981264637,0.0
2014-09-27 06:00:00,0.9859271523178808,0.0100750551876379,0.0166600441501103,0.6342384105960265,0.0,0.0288211920529801,0.0213002207505518,0.0050220750551876,0.0018940397350993,0.0861810154525386
2014-09-27 07:00:00,0.2110118203309692,0.0082009456264775,0.0165910165484633,0.0052056737588652,0.0,0.0,0.0212884160756501,0.0050070921985815,0.0019408983451536,0.0
2014-09-27 08:00:00,0.197637526652452,0.0035415778251599,0.0274776119402985,0.0007121535181236,0.0,0.0,0.0213091684434968,0.005004264392324,0.0019168443496801,0.0
2014-09-27 09:00:00,0.196373068432671,0.0052406181015452,0.0206225165562913,0.0006710816777041,0.0,0.0,0.0212980132450331,0.0050242825607064,0.0019514348785871,0.0
2014-09-27 10:00:00,0.1976009174311926,0.0093004587155963,0.0162706422018348,0.0007018348623853,0.0,0.0,0.0214105504587155,0.0050045871559633,0.0019426605504587,0.0
2014-09-27 11:00:00,0.1979774774774774,0.0086036036036036,0.0166396396396396,0.0007477477477477,0.0,0.0,0.0213445945945945,0.0050045045045045,0.0019481981981981,0.0
2014-09-27 12:00:00,0.1949935064935065,0.0061839826839826,0.0162142857142857,0.0008484848484848,0.0,0.0,0.0214826839826839,0.005012987012987,0.0019480519480519,0.0
2014-09-27 13:00:00,0.1959506172839506,0.0021008230452674,0.0262078189300411,0.0008086419753086,0.0,0.0,0.0214444444444444,0.0050041152263374,0.0019444444444444,0.0
2014-09-27 14:00:00,0.1985610169491525,0.008593220338983,0.0238457627118644,0.0008322033898305,0.0,0.0,0.0215084745762711,0.005022033898305,0.0019711864406779,0.0
2014-09-27 15:00:00,0.2014625,0.0080145833333333,0.0172604166666666,0.0008541666666666,0.0,0.0,0.0214270833333333,0.0050145833333333,0.00195625,0.0
2014-09-27 16:00:00,0.198352534562212,0.0099930875576036,0.0169930875576036,0.0007626728110599,0.0,0.0,0.0213133640552995,0.0050115207373271,0.0019516129032258,0.0
2014-09-27 17:00:00,0.1977819420783645,0.0,0.028572402044293,0.0007359454855195,0.0,0.0,0.0213304940374787,0.0050238500851788,0.0019437819420783,0.0
2014-09-27 18:00:00,0.4530019455252918,0.0422412451361867,0.0424688715953307,0.0007470817120622,0.0,0.0289221789883268,0.0217392996108949,0.0050077821011673,0.0460486381322957,0.0
2014-09-27 19:00:00,0.7019882903981264,0.0285854800936768,0.0385339578454332,0.0008009367681498,0.0,0.0,0.0217377049180327,0.1135620608899297,0.0018735362997658,0.0663044496487119
2014-09-27 20:00:00,0.778757174392936,0.0133686534216335,0.041121412803532,0.000841059602649,0.0,0.0,0.0218785871964679,0.151037527593819,0.0019050772626931,0.0
2014-09-27 21:00:00,0.710641592920354,0.0073230088495575,0.0242411504424778,0.0009203539823008,0.0,0.0,0.0220553097345132,0.1328761061946902,0.0019247787610619,0.0
2014-09-27 22:00:00,0.2636715481171548,0.0199518828451882,0.047092050209205,0.0009309623430962,0.0,0.0,0.0221673640167364,0.0223995815899581,0.0019476987447698,0.0
2014-09-27 23:00:00,0.2072,0.016347619047619,0.1443095238095238,0.0009761904761904,0.0,0.0,0.0222357142857142,0.0050166666666666,0.0019333333333333,0.0
2014-09-28 00:00:00,0.2049113082039911,0.009470066518847,0.0345166297117516,0.0009512195121951,0.0,0.0,0.0222128603104212,0.0050133037694013,0.0019445676274944,0.0
2014-09-28 01:00:00,0.7943939393939394,0.0037619047619047,0.0065324675324675,0.0009653679653679,0.0,0.0,0.0221060606060606,0.0050064935064935,0.0019307359307359,0.0
2014-09-28 02:00:00,0.208286036036036,0.011545045045045,0.0173243243243243,0.0009819819819819,0.0,0.0,0.0223468468468468,0.0083693693693693,0.0019729729729729,0.0
2014-09-28 03:00:00,0.2120736342042755,0.0136128266033254,0.0342684085510688,0.0009928741092636,0.0,0.0,0.0223539192399049,0.0061923990498812,0.0019477434679334,0.0
2014-09-28 04:00:00,2.391865470852018,0.0091053811659192,0.0231479820627802,0.0009618834080717,0.0,0.0,0.0221659192825112,0.0078408071748878,0.0019484304932735,0.0
2014-09-28 05:00:00,0.4455949074074073,0.0003796296296296,0.0100393518518518,0.0009212962962962,0.0,0.0,0.0220833333333333,0.0245277777777777,0.0019212962962962,0.0
2014-09-28 06:00:00,0.2025290322580645,0.0098752688172043,0.0187139784946236,0.0009268817204301,0.0,0.0,0.0221075268817204,0.0051505376344086,0.0019419354838709,0.0
2014-09-28 07:00:00,1.736265934065934,0.0099670329670329,0.0224153846153846,0.0006945054945054,0.0,0.0349406593406593,0.0217868131868131,0.0050043956043956,0.001876923076923,0.1235230769230769
2014-09-28 08:00:00,0.3899244444444444,0.0158688888888888,0.0180266666666666,0.0005933333333333,0.0,0.0,0.0337355555555555,0.0050133333333333,0.0216044444444444,0.0685355555555555
2014-09-28 09:00:00,0.9447845804988664,0.013297052154195,0.0294399092970521,0.0005714285714285,0.4780022675736961,0.0,0.0394285714285714,0.0127006802721088,0.0018344671201814,0.1130929705215419
2014-09-28 10:00:00,0.5171505376344085,0.0124043010752688,0.0269247311827957,0.000610752688172,0.1643247311827957,0.0,0.031068817204301,0.005010752688172,0.0018709677419354,0.0
2014-09-28 11:00:00,0.4756174496644295,0.0139015659955257,0.0220961968680089,0.0005906040268456,3.355704697986577e-05,0.0,0.0182214765100671,0.0050067114093959,0.1218322147651006,0.1180223713646532
2014-09-28 12:00:00,0.2811670480549199,0.0048970251716247,0.0411235697940503,0.0007345537757437,0.0,0.0,0.0721578947368421,0.0242448512585812,0.0018764302059496,0.0
2014-09-28 13:00:00,0.2099244444444444,0.0157266666666666,0.0201244444444444,0.0008977777777777,0.0,0.0,0.0197377777777777,0.0065844444444444,0.0019288888888888,0.0
2014-09-28 14:00:00,0.2091235059760956,0.0118824701195219,0.0426474103585657,0.0007808764940239,0.0,0.0,0.0194043824701195,0.005011952191235,0.0018665338645418,0.0
2014-09-28 15:00:00,0.2107645788336933,0.0103131749460043,0.0202699784017278,0.0006846652267818,0.0,0.0,0.0193866090712742,0.0050086393088552,0.0018336933045356,0.0
2014-09-28 16:00:00,0.2079754098360655,0.0082418032786885,0.0334200819672131,0.0006045081967213,0.0,0.0,0.0193545081967213,0.0050102459016393,0.0017950819672131,0.0
2014-09-28 17:00:00,0.202646,0.001788,0.03476,0.000552,0.0,0.0,0.019318,0.00501,0.001786,0.0
2014-09-28 18:00:00,0.2098510638297872,0.010100580270793,0.0215454545454545,0.0003249516441005,0.0,0.0,0.0191934235976789,0.005,0.0016827852998065,0.0
2014-09-28 19:00:00,0.227114224137931,0.0086185344827586,0.0355387931034482,0.0005603448275862,0.0,0.0,0.0193556034482758,0.0081077586206896,0.0017931034482758,0.0
2014-09-28 20:00:00,0.256595041322314,0.0093326446280991,0.0202272727272727,0.0005640495867768,0.0,0.0,0.0192107438016528,0.0278057851239669,0.0017582644628099,0.0
2014-09-28 21:00:00,0.6995983436853002,0.0314616977225672,0.0258053830227743,0.0005590062111801,0.0,0.0,0.0194699792960662,0.0844347826086956,0.0017971014492753,0.0
2014-09-28 22:00:00,0.2185198237885462,0.0092180616740088,0.0308458149779735,0.0008149779735682,0.0,0.0,0.0199140969162995,0.005011013215859,0.0019052863436123,0.0
2014-09-28 23:00:00,0.2276849894291754,0.0219556025369978,0.0175285412262156,0.0008372093023255,0.0,0.0,0.0198393234672304,0.005,0.0019302325581395,0.0
2014-09-29 00:00:00,0.2313105882352941,0.0,0.0269576470588235,0.0008847058823529,0.0,0.0,0.0199247058823529,0.0224517647058823,0.0018682352941176,0.0
2014-09-29 01:00:00,0.8725021739130435,0.0164565217391304,0.0265478260869565,0.000895652173913,0.0,0.0,0.0199391304347826,0.0089,0.0019217391304347,0.0
2014-09-29 02:00:00,0.8232180293501049,0.0,0.0207861635220125,0.0008972746331236,0.0,0.0,0.0199727463312369,0.0083857442348008,0.0019245283018867,0.0
2014-09-29 03:00:00,0.2312716049382716,0.0187037037037037,0.0208765432098765,0.0009259259259259,0.0,0.0,0.0200987654320987,0.0145432098765432,0.0019259259259259,0.0
2014-09-29 04:00:00,2.416546511627907,0.0104457364341085,0.0296337209302325,0.0007441860465116,0.0,0.0,0.0198236434108527,0.0050155038759689,0.0018779069767441,0.0
2014-09-29 05:00:00,0.6247344398340249,0.0,0.0172925311203319,0.0005933609958506,0.0,0.0,0.0196514522821576,0.00500622406639,0.0017987551867219,0.0
2014-09-29 06:00:00,0.9342860169491526,0.0153008474576271,0.0182012711864406,0.0005911016949152,0.0,0.0,0.0196165254237288,0.0050063559322033,0.0865296610169491,0.1071800847457627
2014-09-29 07:00:00,0.549265350877193,0.014109649122807,0.0273793859649122,0.0005394736842105,0.0,0.0,0.020344298245614,0.0050197368421052,0.0017850877192982,0.0
2014-09-29 08:00:00,0.2977420042643923,0.0,0.0281513859275053,0.0005501066098081,0.0,0.0,0.0422899786780383,0.0050149253731343,0.0018166311300639,0.0767803837953091
2014-09-29 09:00:00,0.2463663793103448,0.0125452586206896,0.0192693965517241,0.0006077586206896,0.0,0.0,0.0501853448275862,0.0050043103448275,0.0017715517241379,0.0
2014-09-29 10:00:00,0.2045120967741935,0.0118629032258064,0.0210201612903225,0.0004778225806451,0.0,0.0,0.0180060483870967,0.0050141129032258,0.001766129032258,0.0
2014-09-29 11:00:00,0.4474987146529563,0.0052313624678663,0.0298997429305912,0.0005347043701799,0.0,0.0,0.0179820051413881,0.005012853470437,0.0018174807197943,0.1573573264781491
2014-09-29 12:00:00,0.2088629856850715,0.0075030674846625,0.0257341513292433,0.000523517382413,0.0,0.0,0.0179406952965235,0.0050122699386503,0.0018118609406952,0.0
2014-09-29 13:00:00,0.2884102040816326,0.0101714285714285,0.0169510204081632,0.0004673469387755,0.0,0.0,0.0178408163265306,0.0050102040816326,0.0017367346938775,0.0757102040816326
2014-09-29 14:00:00,0.206274661508704,0.0118781431334622,0.0212611218568665,0.0005145067698259,0.0,0.0,0.0180077369439071,0.0050058027079303,0.0018510638297872,0.0
2014-09-29 15:00:00,0.8400562851782364,0.0164202626641651,0.0317504690431519,0.0005178236397748,0.0,0.0,0.0179587242026266,0.0050131332082551,0.0018311444652908,0.0
2014-09-29 16:00:00,0.3861629955947137,0.0069603524229074,0.0191740088105726,0.0006409691629955,0.0,0.0,0.0181101321585903,0.0647466960352422,0.0017731277533039,0.0807356828193832
2014-09-29 17:00:00,0.3830529411764706,0.0199588235294117,0.0228313725490196,0.0006901960784313,0.0,0.0,0.0180686274509803,0.1281313725490196,0.0018745098039215,0.0
2014-09-29 18:00:00,0.3691658986175115,0.0140944700460829,0.0373479262672811,0.0005783410138248,0.0,0.0,0.0179493087557603,0.0607857142857142,0.001794930875576,0.0
2014-09-29 19:00:00,0.5214618834080718,0.0060852017937219,0.0179035874439461,0.000652466367713,0.0,0.0,0.0180201793721973,0.0845560538116591,0.0018273542600896,0.0686188340807174
2014-09-29 20:00:00,0.4294372384937238,0.0073179916317991,0.014918410041841,0.0007615062761506,0.0,0.0,0.0180774058577405,0.1347907949790795,0.0018870292887029,0.0
2014-09-29 21:00:00,0.4257596566523605,0.0112167381974248,0.0348927038626609,0.0008605150214592,0.0,0.0,0.0181931330472103,0.0886609442060085,0.0019163090128755,0.0
2014-09-29 22:00:00,0.1960636942675159,0.011660297239915,0.018,0.0008789808917197,0.0,0.0,0.0182335456475583,0.0050148619957537,0.0018874734607218,0.0
2014-09-29 23:00:00,0.1976363636363636,0.0,0.0184350649350649,0.0007597402597402,0.000564935064935,0.0,0.0181103896103896,0.005017316017316,0.0018549783549783,0.0
2014-09-30 00:00:00,1.382951048951049,0.0115897435897435,0.0316736596736596,0.0007692307692307,0.9668088578088578,0.0,0.018027972027972,0.00502331002331,0.0018927738927738,0.0
2014-09-30 01:00:00,1.61247311827957,0.010305376344086,0.0249870967741935,0.0007096774193548,0.6877827956989248,0.0,0.017963440860215,0.0050150537634408,0.0018473118279569,0.0
2014-09-30 02:00:00,0.8144375,0.0046808035714285,0.0207723214285714,0.0007767857142857,0.0071808035714285,0.0,0.0181026785714285,0.0082611607142857,0.0018191964285714,0.0
2014-09-30 03:00:00,0.1984868735083532,0.0054510739856801,0.0194200477326968,0.0006515513126491,0.0011789976133651,0.0,0.0181503579952267,0.008071599045346,0.0019116945107398,0.0
2014-09-30 04:00:00,2.362701327433628,0.0096194690265486,0.0246482300884955,0.0006880530973451,0.0012013274336283,0.0,0.017971238938053,0.0050110619469026,0.0018761061946902,0.0
2014-09-30 05:00:00,0.4019520833333333,0.0142125,0.0289520833333333,0.0005083333333333,0.00115625,0.0,0.0179041666666666,0.0050145833333333,0.00176875,0.0
2014-09-30 06:00:00,0.9076867219917012,0.0,0.016201244813278,0.0007157676348547,0.0007427385892116,0.0362655601659751,0.0180207468879668,0.00501244813278,0.0787406639004149,0.0918609958506224
2014-09-30 07:00:00,0.5243234624145786,0.0111753986332574,0.0273189066059225,0.0004328018223234,0.0,0.0,0.020628701594533,0.0050182232346241,0.0017403189066059,0.1448359908883827
2014-09-30 08:00:00,0.3413270042194092,0.0092362869198312,0.0206582278481012,0.0006118143459915,0.0,0.0,0.0236729957805907,0.0050084388185654,0.0017742616033755,0.1061308016877637
2014-09-30 09:00:00,0.214254,0.0070199999999999,0.027518,0.000554,0.0,0.0,0.024654,0.005016,0.001804,0.0
2014-09-30 10:00:00,0.2024813278008299,0.0030705394190871,0.0177697095435684,0.0005746887966804,0.0,0.0,0.0295394190871369,0.0050041493775933,0.0018526970954356,0.0
2014-09-30 11:00:00,0.3399245647969052,0.0111566731141199,0.0182456479690522,0.0007562862669245,0.0,0.0,0.0224622823984526,0.0050386847195357,0.0871798839458413,0.0594564796905222
2014-09-30 12:00:00,0.2226829679595278,0.012043844856661,0.0244654300168634,0.0007284991568296,0.0,0.0,0.0215868465430016,0.0147841483979763,0.0146745362563237,0.0
2014-09-30 13:00:00,0.20491,0.0106966666666666,0.0312166666666666,0.000695,0.0,0.0,0.0211266666666666,0.00503,0.0018566666666666,0.0
2014-09-30 14:00:00,0.192685,0.0,0.0178916666666666,0.0006916666666666,0.0,0.0,0.01837,0.00503,0.001885,0.0
2014-09-30 15:00:00,1.4334077181208054,0.0213238255033557,0.0200151006711409,0.0004295302013422,0.0,0.0,0.0183909395973154,0.0050117449664429,0.0018087248322147,0.1083540268456375
2014-09-30 16:00:00,0.4645965665236051,0.0156115879828326,0.0356673819742489,0.0,0.0,0.0,0.021431330472103,0.0314184549356223,0.0018283261802575,0.0860364806866952
2014-09-30 17:00:00,0.3460453460620525,0.0049045346062052,0.0,0.0,0.0,0.0,0.0199594272076372,0.1343460620525059,0.0179713603818615,0.0
2014-09-30 18:00:00,0.4249339622641509,0.0074339622641509,0.021125,0.0,0.0,0.0,0.0182216981132075,0.1164080188679245,0.0018466981132075,0.0
2014-09-30 19:00:00,0.584399071925754,0.0104222737819025,0.0410116009280742,0.0,0.0,0.0,0.0183457076566125,0.136,0.001860788863109,0.0850394431554524
2014-09-30 20:00:00,0.4645252293577981,0.0110733944954128,0.0167018348623853,0.0,0.0,0.0,0.0182614678899082,0.130190366972477,0.0018302752293577,0.0
2014-09-30 21:00:00,0.2657351485148514,0.0097673267326732,0.0286460396039603,0.0,0.0043663366336633,0.0,0.0180965346534653,0.0247772277227722,0.0018935643564356,0.0
2014-09-30 22:00:00,0.2173743961352656,0.0,0.012487922705314,0.0,0.0,0.0,0.0180096618357487,0.0247608695652173,0.001927536231884,0.0
2014-09-30 23:00:00,0.2179279279279279,0.0074189189189189,0.0222837837837837,0.0,0.0,0.0,0.0180202702702702,0.024795045045045,0.0019279279279279,0.0
2014-10-01 00:00:00,0.2195787139689579,0.0101884700665188,0.0380221729490022,0.0,0.0,0.0,0.0180953436807095,0.0247937915742793,0.0019356984478935,0.0
2014-10-01 01:00:00,0.3126777041942605,0.0100375275938189,0.0217108167770419,0.0,0.0,0.0,0.0181125827814569,0.0247130242825607,0.0019514348785871,0.0
2014-10-01 02:00:00,0.8657721238938053,0.0101659292035398,0.0282477876106194,0.0,0.0,0.0,0.0181305309734513,0.0246924778761061,0.0019446902654867,0.0
2014-10-01 03:00:00,0.7849766899766899,0.0027272727272727,0.014090909090909,0.0,0.0,0.0,0.0217272727272727,0.0247505827505827,0.0019417249417249,0.0
2014-10-01 04:00:00,0.2203643410852713,0.0121447028423772,0.0227674418604651,0.0,0.0,0.0,0.0181653746770025,0.0247855297157622,0.001937984496124,0.0
2014-10-01 05:00:00,2.3955831485587584,0.0109911308203991,0.0210088691796008,0.0,0.0,0.0,0.02,0.0052771618625277,0.0019334811529933,0.0
2014-10-01 06:00:00,1.1771618625277165,0.0,0.0179756097560975,0.0,0.0,0.0,0.0179334811529933,0.0050155210643015,0.0019135254988913,0.0028381374722838
2014-10-01 07:00:00,1.0757155756207677,0.0135485327313769,0.0307923250564334,0.0,0.0,0.0315349887133182,0.017961625282167,0.0050158013544018,0.0506433408577878,0.1147562076749435
2014-10-01 08:00:00,0.2113534675615212,0.0126733780760626,0.0206532438478747,0.0,0.0,0.0,0.0177628635346756,0.0050067114093959,0.0019149888143176,0.0
2014-10-01 09:00:00,0.3106912751677853,0.0121565995525727,0.0180671140939597,0.0,0.0,0.0,0.0312662192393736,0.0050022371364653,0.001910514541387,0.0809977628635346
2014-10-01 10:00:00,0.3658071748878924,0.0036434977578475,0.0310717488789237,0.0,0.0,0.0,0.0847466367713004,0.0050179372197309,0.0019170403587443,0.0951053811659192
2014-10-01 11:00:00,0.3935247747747747,0.0084549549549549,0.020036036036036,0.0,0.0,0.0,0.0402049549549549,0.0050067567567567,0.0019166666666666,0.0
2014-10-01 12:00:00,0.4965303738317757,0.0130887850467289,0.0202429906542056,0.0,0.0,0.0315957943925233,0.0283341121495327,0.0050116822429906,0.0598901869158878,0.0843808411214953
2014-10-01 13:00:00,0.2002735426008968,0.0115784753363228,0.033414798206278,0.0,0.0,0.0,0.019244394618834,0.0050134529147982,0.0018228699551569,0.0
2014-10-01 14:00:00,0.1882795454545454,0.0025022727272727,0.029675,0.0,0.0,0.0,0.0192568181818181,0.0050181818181818,0.0018522727272727,0.0
2014-10-01 15:00:00,0.6471548974943052,0.007756264236902,0.0218747152619589,0.0,0.0,0.0,0.0192209567198177,0.005006833712984,0.0018246013667425,0.0
2014-10-01 16:00:00,0.837421875,0.0161339285714285,0.0380178571428571,0.0,0.0,0.0,0.0192276785714285,0.0050111607142857,0.0017589285714285,0.10034375
2014-10-01 17:00:00,0.2443667425968109,0.0110296127562642,0.0171822323462414,0.0,0.0,0.0,0.0192141230068337,0.005006833712984,0.00175854214123,0.0062961275626423
2014-10-01 18:00:00,0.5258580931263859,0.0158847006651884,0.0375188470066518,0.0,0.0,0.0,0.0190997782705099,0.1363348115299335,0.0017028824833702,0.0797494456762749
2014-10-01 19:00:00,0.6178187919463087,0.0116935123042505,0.018903803131991,0.0,0.0,0.0,0.0287785234899328,0.035,0.0019015659955257,0.0
2014-10-01 20:00:00,0.5165968819599109,0.0092271714922049,0.0176369710467706,0.0,0.0,0.0,0.0507371937639198,0.155837416481069,0.0018062360801781,0.0
2014-10-01 21:00:00,0.6058133333333334,0.0060577777777777,0.0728888888888888,0.0,0.0,0.0,0.02476,0.1349422222222222,0.00178,0.0
2014-10-01 22:00:00,0.2402209821428571,0.0106205357142857,0.0344642857142857,0.0,0.001515625,0.0,0.0179910714285714,0.0162566964285714,0.0018571428571428,0.0
2014-10-01 23:00:00,0.1962311111111111,0.0046555555555555,0.0587022222222222,0.0,0.0018488888888888,0.0,0.0181355555555555,0.0050222222222222,0.0018511111111111,0.0
2014-10-02 00:00:00,0.3485324384787472,0.0086756152125279,0.0248501118568232,0.0,0.0017516778523489,0.0,0.0181230425055928,0.0050246085011185,0.0019284116331096,0.0
2014-10-02 01:00:00,0.1958716814159292,0.0111615044247787,0.0152278761061946,0.0,0.0018561946902654,0.0,0.0180973451327433,0.0050199115044247,0.0019203539823008,0.0
2014-10-02 02:00:00,1.600611111111111,0.0087266666666666,0.0,0.0,0.5042088888888889,0.0,0.0180622222222222,0.0050199999999999,0.0019,0.0
2014-10-02 03:00:00,0.6269111111111112,0.0086577777777777,0.0193955555555555,0.0,0.0970466666666666,0.0,0.0181444444444444,0.0080266666666666,0.0019222222222222,0.0
2014-10-02 04:00:00,0.522109131403118,0.0034008908685968,0.0317951002227171,0.0,0.0012538975501113,0.0,0.0181559020044543,0.0090935412026726,0.0019220489977728,0.0
2014-10-02 05:00:00,2.61966028708134,0.0083684210526315,0.3405167464114833,0.0,0.0013038277511961,0.0,0.0180885167464114,0.0050215311004784,0.0018947368421052,0.0
2014-10-02 06:00:00,2.150515555555556,0.0108088888888888,0.0281977777777777,0.0,0.0543777777777777,0.0,0.0177711111111111,0.0050199999999999,0.0559022222222222,0.0530488888888888
2014-10-02 07:00:00,3.1031674107142857,0.01165625,0.0,0.0,1.4120245535714286,0.0,0.0177053571428571,0.0050290178571428,0.0310580357142857,0.0786696428571428
2014-10-02 08:00:00,0.8159354120267261,0.0116859688195991,0.0159977728285077,0.0,0.0484699331848552,0.0,0.0174721603563474,0.0050155902004454,0.0017305122494432,0.1482672605790645
2014-10-02 09:00:00,0.2001733333333333,0.0096999999999999,0.0168555555555555,0.0,0.0,0.0,0.0174022222222222,0.0050133333333333,0.0018155555555555,0.0
2014-10-02 10:00:00,0.293946547884187,0.0093942093541202,0.017652561247216,0.0,0.0,0.0,0.0177193763919821,0.0050244988864142,0.0018440979955456,0.0945790645879732
2014-10-02 11:00:00,0.246876404494382,0.0039393258426966,0.0321977528089887,0.0,0.0,0.0,0.0659595505617977,0.0050157303370786,0.0018966292134831,0.0
2014-10-02 12:00:00,0.5098161434977578,0.0085941704035874,0.0238139013452914,0.0,0.0,0.0,0.0187578475336322,0.0050089686098654,0.0018161434977578,0.2013161434977578
2014-10-02 13:00:00,0.1998881431767337,0.0122460850111856,0.018248322147651,0.0,0.0,0.0,0.0197673378076062,0.0050022371364653,0.0017136465324384,0.0
2014-10-02 14:00:00,0.2265678733031674,0.0096628959276018,0.0253257918552036,0.0,0.0,0.0,0.0431628959276018,0.0050158371040723,0.00170814479638,0.0
2014-10-02 15:00:00,0.3617004504504504,0.0098198198198198,0.0270675675675675,0.0,0.0,0.0,0.0499729729729729,0.005018018018018,0.0017972972972972,0.1239436936936937
2014-10-02 16:00:00,0.7425078651685393,0.010591011235955,0.0347752808988764,0.0,0.0,0.0,0.0183955056179775,0.0050224719101123,0.2199191011235955,0.0
2014-10-02 17:00:00,0.5172438478747203,0.013076062639821,0.0271677852348993,0.0,0.0,0.0,0.0184228187919463,0.0061923937360178,0.1359060402684563,0.0939910514541387
2014-10-02 18:00:00,0.3578478747203579,0.0158478747203579,0.0288747203579418,0.0,0.0,0.0,0.0183982102908277,0.137076062639821,0.0018993288590604,0.0
2014-10-02 19:00:00,1.3244116331096198,0.0111185682326621,0.0357941834451901,0.0,0.0,0.0,0.0182617449664429,0.0141767337807606,0.0018322147651006,0.0
2014-10-02 20:00:00,0.5073236607142857,0.0093995535714285,0.0200870535714285,0.0,0.0,0.0,0.0183638392857142,0.1111473214285714,0.0018794642857142,0.0676316964285714
2014-10-02 21:00:00,0.4816278586278586,0.0016070686070686,0.0341205821205821,0.0,0.0,0.0,0.0185114345114345,0.1497276507276507,0.0019313929313929,0.0
2014-10-02 22:00:00,0.547215644820296,0.0106363636363636,0.0179936575052854,0.0,0.0,0.0,0.0184883720930232,0.0570126849894291,0.0019429175475687,0.0
2014-10-02 23:00:00,0.1974192825112107,0.0119125560538116,0.0278834080717488,0.0,0.0,0.0,0.0187040358744394,0.0060538116591928,0.0019484304932735,0.0
2014-10-03 00:00:00,0.332780487804878,0.0105920177383592,0.0245144124168514,0.0,0.0,0.0,0.018620842572062,0.0050110864745011,0.0019534368070953,0.0
2014-10-03 01:00:00,0.1896607142857142,0.0084866071428571,0.0188147321428571,0.0,0.0,0.0,0.0185982142857142,0.0050133928571428,0.0019553571428571,0.0
2014-10-03 02:00:00,0.3403834080717489,0.0085067264573991,0.0305941704035874,0.0,0.0,0.0,0.0187825112107623,0.0050112107623318,0.0019708520179372,0.0
2014-10-03 03:00:00,0.1900309734513274,0.0023650442477876,0.0244690265486725,0.0,0.0,0.0,0.0188384955752212,0.0078075221238938,0.0019800884955752,0.0
2014-10-03 04:00:00,0.3324922048997772,0.008022271714922,0.0171336302895322,0.0,0.0,0.0,0.0188106904231625,0.0064120267260579,0.0019732739420935,0.0
2014-10-03 05:00:00,2.4700044543429844,0.0082984409799554,0.0193318485523385,0.0,0.0,0.0,0.0237683741648106,0.005011135857461,0.0019510022271714,0.0
2014-10-03 06:00:00,2.76771714922049,0.0084053452115812,0.0307572383073496,0.0,0.0,0.0,0.0184632516703786,0.0050066815144766,0.0411180400890868,0.104369710467706
2014-10-03 07:00:00,3.1229373601789705,0.0114809843400447,0.0164451901565995,0.0,0.7091498881431768,0.0326219239373601,0.0183355704697986,0.0050044742729306,0.0767941834451901,0.0187829977628635
2014-10-03 08:00:00,1.1106674107142858,0.0114174107142857,0.0173839285714285,0.0,0.0189910714285714,0.0,0.0230535714285714,0.0050133928571428,0.0023839285714285,0.111328125
2014-10-03 09:00:00,0.3835870535714286,0.0010825892857142,0.0228058035714285,0.0,0.0,0.0,0.0185,0.0050111607142857,0.0018482142857142,0.0249866071428571
2014-10-03 10:00:00,0.311231111111111,0.0073533333333333,0.0281955555555555,0.0,0.0,0.0,0.0184688888888888,0.0050133333333333,0.0018955555555555,0.0751777777777777
2014-10-03 11:00:00,0.200826280623608,0.0089198218262806,0.0171514476614699,0.0,0.0,0.0,0.0185211581291759,0.0050066815144766,0.0018841870824053,0.0
2014-10-03 12:00:00,0.4381431767337808,0.0090671140939597,0.0170894854586129,0.0,0.0,0.0817807606263982,0.0184854586129753,0.0050134228187919,0.0493445190156599,0.0954586129753915
2014-10-03 13:00:00,0.4517433035714285,0.0089464285714285,0.0313214285714285,0.0,0.0,0.0,0.0185267857142857,0.0050066964285714,0.001921875,0.0
2014-10-03 14:00:00,0.2229554565701559,0.0092538975501113,0.0369933184855233,0.0,0.0,0.0,0.0184253897550111,0.0050178173719376,0.0019220489977728,0.0
2014-10-03 15:00:00,0.4101636771300448,0.0052174887892376,0.0185201793721973,0.0,0.0,0.0,0.021134529147982,0.0050156950672645,0.001914798206278,0.2161322869955157
2014-10-03 16:00:00,0.4529888392857142,0.0077901785714285,0.0260848214285714,0.0,0.0,0.0,0.037234375,0.0050178571428571,0.0018459821428571,0.0
2014-10-03 17:00:00,0.5887193763919822,0.010837416481069,0.030489977728285,0.0,0.0,0.0,0.0185701559020044,0.0110512249443207,0.1901603563474387,0.0812204899777283
2014-10-03 18:00:00,0.3673154362416107,0.010979865771812,0.0382639821029082,0.0,0.0,0.0,0.0183579418344519,0.1370469798657718,0.0017293064876957,0.0
2014-10-03 19:00:00,0.4613577777777777,0.0106,0.0169844444444444,0.0,0.0,0.0,0.0184244444444444,0.15336,0.0017866666666666,0.0
2014-10-03 20:00:00,0.4424508928571428,0.0106964285714285,0.0360602678571428,0.0,0.0,0.0,0.0185111607142857,0.1352879464285714,0.0018571428571428,0.0
2014-10-03 21:00:00,0.4171316964285714,0.0082075892857142,0.0183571428571428,0.0,0.0,0.0,0.0186361607142857,0.1322723214285714,0.0018638392857142,0.0
2014-10-03 22:00:00,0.2679821428571428,0.0082991071428571,0.0265200892857142,0.0,0.0,0.0,0.0237924107142857,0.0138571428571428,0.0018816964285714,0.0
2014-10-03 23:00:00,0.2069064587973273,0.0078953229398663,0.0289888641425389,0.0,0.0,0.0,0.0187906458797327,0.0050178173719376,0.0019086859688195,0.0
2014-10-04 00:00:00,0.1906075388026607,0.0004412416851441,0.0211241685144124,0.0,0.0,0.0,0.0187095343680709,0.0050243902439024,0.001940133037694,0.0
2014-10-04 01:00:00,0.2121118568232662,0.0075548098434004,0.0255503355704697,0.0,0.0,0.0,0.0188053691275167,0.0050223713646532,0.0019485458612975,0.0
2014-10-04 02:00:00,0.9071450892857144,0.008171875,0.0285491071428571,0.0,0.0,0.0,0.0188191964285714,0.0050223214285714,0.0019419642857142,0.0
2014-10-04 03:00:00,0.7551651982378854,0.0082731277533039,0.0174955947136563,0.0,0.0,0.0,0.0187555066079295,0.0078480176211453,0.0019471365638766,0.0
2014-10-04 04:00:00,0.2135924276169265,0.0082472160356347,0.0168908685968819,0.0,0.0,0.0,0.018924276169265,0.0065189309576837,0.0019532293986636,0.0
2014-10-04 05:00:00,2.3641875,0.003609375,0.0343482142857142,0.0,0.0,0.0,0.0209285714285714,0.0050245535714285,0.0019196428571428,0.0
2014-10-04 06:00:00,3.1235033407572383,0.0044610244988864,0.0222427616926503,0.4793429844097995,0.0,0.0,0.0186302895322939,0.005011135857461,0.0018574610244988,0.0
2014-10-04 07:00:00,0.9789022222222222,0.0082466666666666,0.0210888888888888,0.0452888888888888,0.0,0.0,0.0186933333333333,0.0050199999999999,0.0018933333333333,0.1272066666666666
2014-10-04 08:00:00,0.3460782997762863,0.0087494407158836,0.0171834451901566,0.0008948545861297,0.0,0.0,0.0184608501118568,0.0050111856823266,0.0018657718120805,0.0
2014-10-04 09:00:00,0.2017865168539326,0.0080741573033707,0.0337685393258426,0.0009348314606741,0.0,0.0054651685393258,0.0186426966292134,0.0050134831460674,0.0019011235955056,0.0
2014-10-04 10:00:00,0.1964495412844036,0.0077522935779816,0.0201651376146788,0.0009724770642201,0.0,0.0,0.0188073394495412,0.0050229357798165,0.0019587155963302,0.0
2014-10-04 11:00:00,0.1963214285714286,0.0107209821428571,0.0174174107142857,0.0009620535714285,0.0,0.0,0.0187098214285714,0.005015625,0.0018973214285714,0.0
2014-10-04 12:00:00,0.6273534675615212,0.0237516778523489,0.0166129753914988,0.0009194630872483,0.0,0.0,0.0186644295302013,0.0050335570469798,0.0018926174496644,0.0837270693512304
2014-10-04 13:00:00,0.3095602678571428,0.006546875,0.0430736607142857,0.0008616071428571,0.0,0.0,0.01846875,0.0050111607142857,0.001859375,0.0705424107142857
2014-10-04 14:00:00,0.4967427293064877,0.0172684563758389,0.0179619686800894,0.0009060402684563,0.0,0.0,0.0185861297539149,0.0050223713646532,0.0018657718120805,0.0
2014-10-04 15:00:00,0.9773917050691244,0.0163548387096774,0.0353179723502304,0.0008479262672811,0.0,0.0,0.0184377880184331,0.0050092165898617,0.0018894009216589,0.1967972350230414
2014-10-04 16:00:00,2.373,0.049,0.078,0.001,0.0,0.0,0.018,0.005,0.002,0.0
2014-10-04 17:00:00,1.9951983240223463,0.0131983240223463,0.0226284916201117,0.0008351955307262,0.0,0.0,0.0184888268156424,0.0050083798882681,0.0908659217877095,0.0
2014-10-04 18:00:00,0.5386177884615384,0.0119759615384615,0.0217475961538461,0.000826923076923,0.0,0.0,0.01865625,0.0831923076923076,0.0725625,0.1018389423076923
2014-10-04 19:00:00,0.4300885167464114,0.0088181818181818,0.030090909090909,0.0008157894736842,0.0,0.0,0.0195167464114832,0.1334354066985646,0.0018851674641148,0.0
2014-10-04 20:00:00,0.4623165467625899,0.0116450839328537,0.0166139088729016,0.0009328537170263,0.0,0.0,0.0186690647482014,0.1095539568345323,0.0019064748201438,0.0
2014-10-04 21:00:00,0.4710142517814727,0.0100950118764845,0.0166033254156769,0.0009311163895486,0.0,0.0,0.0185368171021377,0.1516532066508313,0.0019524940617577,0.0
2014-10-04 22:00:00,0.4507428571428571,0.0101714285714285,0.0274285714285714,0.0009071428571428,0.0,0.0,0.0185761904761904,0.1333333333333333,0.001895238095238,0.0
2014-10-04 23:00:00,0.2193601789709172,0.0,0.0235413870246085,0.0009776286353467,0.0,0.0,0.018917225950783,0.009324384787472,0.0019440715883668,0.0
2014-10-05 00:00:00,0.1951143497757847,0.0089708520179372,0.0161659192825112,0.0008946188340807,0.0,0.0,0.0185627802690582,0.0050067264573991,0.0019013452914798,0.0
2014-10-05 01:00:00,0.1983652561247216,0.0088440979955456,0.0195590200445434,0.0009554565701559,0.0,0.0,0.0187193763919821,0.0050133630289532,0.0019287305122494,0.0
2014-10-05 02:00:00,0.78209375,0.0104508928571428,0.0171741071428571,0.0009330357142857,0.0,0.0,0.0186071428571428,0.0050111607142857,0.0019441964285714,0.0
2014-10-05 03:00:00,0.403086859688196,0.0006681514476614,0.016761692650334,0.0009510022271714,0.0,0.0,0.0187527839643652,0.0077126948775055,0.0019643652561247,0.0
2014-10-05 04:00:00,0.8592577777777778,0.0073844444444444,0.0177244444444444,0.0009555555555555,0.0,0.0,0.0187155555555555,0.0066066666666666,0.0019288888888888,0.0
2014-10-05 05:00:00,2.150912,0.0101306666666666,0.0202133333333333,0.000936,0.0,0.0,0.0270399999999999,0.0050213333333333,0.0018533333333333,0.0
2014-10-05 06:00:00,1.2124733333333333,0.0081444444444444,0.0178733333333333,0.0007622222222222,0.0,0.0,0.0184622222222222,0.0050199999999999,0.0018155555555555,0.0
2014-10-05 07:00:00,1.5474766146993315,0.0005144766146993,0.0166213808463251,0.0008507795100222,0.0,0.0,0.018391982182628,0.005011135857461,0.0019020044543429,0.1184587973273942
2014-10-05 08:00:00,0.5505968819599109,0.0076904231625835,0.0173830734966592,0.0007305122494432,0.0,0.0627728285077951,0.0567171492204899,0.0251403118040089,0.0018396436525612,0.0369532293986636
2014-10-05 09:00:00,0.5324155555555555,0.0090488888888888,0.0170244444444444,0.0006311111111111,0.0,0.0,0.0403488888888888,0.0087133333333333,0.0017577777777777,0.0
2014-10-05 10:00:00,0.3715733333333333,0.0106222222222222,0.0177177777777777,0.0007511111111111,0.0,0.0,0.0183111111111111,0.0050199999999999,0.0018911111111111,0.1226822222222222
2014-10-05 11:00:00,0.594130820399113,0.0106873614190687,0.0167361419068736,0.0008470066518847,0.0,0.0,0.0183614190687361,0.0050199556541019,0.0032993348115299,0.0869778270509977
2014-10-05 12:00:00,0.7012660753880265,0.0034279379157427,0.0216341463414634,0.0007760532150776,0.0,0.0,0.0308292682926829,0.0050199556541019,0.0996629711751662,0.0
2014-10-05 13:00:00,0.7042955555555556,0.00864,0.0269977777777777,0.0007844444444444,0.0,0.0,0.0184288888888888,0.0050088888888888,0.00196,0.0740577777777777
2014-10-05 14:00:00,0.6853006681514476,0.0067661469933184,0.0261870824053452,0.0008730512249443,0.0,0.0,0.0184966592427616,0.005033407572383,0.0019710467706013,0.0750066815144766
2014-10-05 15:00:00,1.2968758314855875,0.0084412416851441,0.022370288248337,0.0004478935698447,0.0,0.0,0.0184035476718403,0.0050199556541019,0.0019689578713968,0.0
2014-10-05 16:00:00,1.4661111111111111,0.0091466666666666,0.0365244444444444,0.0,0.0,0.0,0.0183666666666666,0.0050199999999999,0.0019444444444444,0.0
2014-10-05 17:00:00,0.8277234513274336,0.0112831858407079,0.0258606194690265,0.0,0.0,0.0,0.0182101769911504,0.0219026548672566,0.1143561946902654,0.0
2014-10-05 18:00:00,0.3556651884700665,0.0152461197339246,0.0206075388026607,0.0,0.0,0.0,0.0182860310421286,0.137059866962306,0.0017494456762749,0.0
2014-10-05 19:00:00,0.5931180400890869,0.0147839643652561,0.023293986636971,0.0,0.0,0.0,0.0183518930957683,0.1339175946547884,0.0550178173719376,0.1270289532293986
2014-10-05 20:00:00,0.5162991071428571,0.0117165178571428,0.0335223214285714,0.0,0.0,0.0,0.0183125,0.133875,0.0017544642857142,0.0
2014-10-05 21:00:00,0.5246629464285715,0.0048616071428571,0.0323616071428571,0.0,0.0,0.0,0.0183660714285714,0.1333214285714286,0.0018348214285714,0.0
2014-10-05 22:00:00,0.3390133928571428,0.0055736607142857,0.0203236607142857,0.0,0.0,0.0,0.0205870535714285,0.0685736607142857,0.0018191964285714,0.0
2014-10-05 23:00:00,0.2030492170022371,0.0093691275167785,0.0197762863534675,0.0,0.0,0.0,0.0184519015659955,0.0050313199105145,0.001897091722595,0.0
2014-10-06 00:00:00,0.1962745535714286,0.0111651785714285,0.0236629464285714,0.0,0.0,0.0,0.0185691964285714,0.0050178571428571,0.0019330357142857,0.0
2014-10-06 01:00:00,0.3138641425389755,0.0086280623608017,0.0333184855233852,0.0,0.0,0.0,0.0217973273942093,0.0050178173719376,0.0018619153674832,0.0
2014-10-06 02:00:00,0.9515580357142857,0.0041584821428571,0.0246183035714285,0.0,0.0,0.0,0.0186049107142857,0.0050223214285714,0.0019040178571428,0.0
2014-10-06 03:00:00,0.5404044444444445,0.0047044444444444,0.0189333333333333,0.0,0.0,0.0,0.0187711111111111,0.0076044444444444,0.0022244444444444,0.0
2014-10-06 04:00:00,0.59294,0.0087688888888888,0.0178577777777777,0.0,0.0,0.0,0.0188066666666666,0.0096555555555555,0.0019399999999999,0.0
2014-10-06 05:00:00,2.354684563758389,0.0088120805369127,0.0179418344519015,0.0,0.0,0.0,0.0185413870246085,0.0050246085011185,0.0020536912751677,0.0
2014-10-06 06:00:00,0.823478841870824,0.0037795100222717,0.0273340757238307,0.0,0.0,0.0,0.0212360801781737,0.0050155902004454,0.0018864142538975,0.0
2014-10-06 07:00:00,1.510916114790287,0.0045452538631346,0.027849889624724,0.0,0.0,0.0350529801324503,0.018373068432671,0.0050242825607064,0.1007064017660044,0.115924944812362
2014-10-06 08:00:00,0.445004424778761,0.0112743362831858,0.0187676991150442,0.0,0.0,0.0,0.0184977876106194,0.0050287610619469,0.0018561946902654,0.0
2014-10-06 09:00:00,0.4979044444444444,0.0086755555555555,0.0202977777777777,0.0,0.0,0.0,0.0184177777777777,0.00504,0.0018377777777777,0.0936844444444444
2014-10-06 10:00:00,0.2751688888888889,0.0108288888888888,0.0177311111111111,0.0,0.0,0.0,0.0343555555555555,0.0050222222222222,0.0018888888888888,0.0
2014-10-06 11:00:00,0.1896529126213592,0.0,0.0226383495145631,0.0,0.0,0.0,0.019504854368932,0.005009708737864,0.0017815533980582,0.0
2014-10-06 12:00:00,0.2905386313465783,0.0087130242825607,0.0176843267108167,0.0,0.0,0.0,0.0181766004415011,0.0050198675496688,0.0018476821192052,0.0749293598233995
2014-10-06 13:00:00,0.2994128035320088,0.010644591611479,0.02480353200883,0.0,0.0,0.0324437086092715,0.0183752759381898,0.0050353200883002,0.0018565121412803,0.0372163355408388
2014-10-06 14:00:00,0.2273422222222222,0.0084111111111111,0.0273155555555555,0.0,0.0,0.0,0.0185244444444444,0.0050288888888888,0.0018511111111111,0.0
2014-10-06 15:00:00,0.3337527839643652,0.0086391982182628,0.0203786191536748,0.0,0.0,0.0,0.0183942093541202,0.005022271714922,0.0018730512249443,0.0944810690423162
2014-10-06 16:00:00,0.7919183222958057,0.0127792494481236,0.0173664459161147,0.0,0.0,0.0,0.018401766004415,0.0050110375275938,0.0018962472406181,0.0
2014-10-06 17:00:00,0.2959333333333333,0.0102177777777777,0.0193222222222222,0.0,0.0,0.0,0.0183133333333333,0.0049977777777777,0.0478377777777777,0.0
2014-10-06 18:00:00,0.4640647321428571,0.0073794642857142,0.0181339285714285,0.0,0.0,0.0,0.0183683035714285,0.1239508928571428,0.00184375,0.0865870535714285
2014-10-06 19:00:00,0.4492455357142857,0.0027678571428571,0.0164196428571428,0.0,0.0,0.0,0.0183794642857142,0.1343303571428571,0.0018571428571428,0.0
2014-10-06 20:00:00,0.5763422818791946,0.0090648769574944,0.0173579418344518,0.0,0.0,0.0,0.0183914988814317,0.1204317673378076,0.0018702460850111,0.0803154362416107
2014-10-06 21:00:00,0.4961118568232662,0.0082841163310961,0.0247539149888143,0.0,0.0,0.0,0.0183736017897091,0.1369686800894854,0.0018769574944071,0.0
2014-10-06 22:00:00,0.4700450450450451,0.0087635135135135,0.0266644144144144,0.0,0.0011824324324324,0.0,0.018563063063063,0.0517432432432432,0.0019256756756756,0.0
2014-10-06 23:00:00,0.2812924107142857,0.0058013392857142,0.0186383928571428,0.0,0.0018839285714285,0.0,0.0184933035714285,0.0050245535714285,0.0019174107142857,0.0
2014-10-07 00:00:00,0.2492561247216035,0.003022271714922,0.0205746102449888,0.0,0.0018173719376391,0.0,0.0185167037861915,0.0050200445434298,0.001913140311804,0.0
2014-10-07 01:00:00,0.3364543429844098,0.0088129175946547,0.0171737193763919,0.0,0.0018173719376391,0.0,0.0184476614699331,0.0050155902004454,0.0019153674832962,0.0
2014-10-07 02:00:00,0.6576102449888641,0.0082383073496659,0.0188752783964365,0.0,0.0018240534521158,0.0,0.0185189309576837,0.005011135857461,0.0019175946547884,0.0
2014-10-07 03:00:00,1.3859333333333337,0.0038377777777777,0.0176955555555555,0.0,0.6240977777777778,0.0,0.0197644444444444,0.0075,0.0019244444444444,0.0
2014-10-07 04:00:00,0.8702583518930957,0.0049487750556792,0.0171648106904231,0.0,0.0631759465478841,0.0,0.0183363028953229,0.0077104677060133,0.0019020044543429,0.0
2014-10-07 05:00:00,2.3999265033407573,0.0085077951002227,0.0173229398663697,0.0,0.0011937639198218,0.0,0.0184008908685968,0.0060066815144766,0.0018285077951002,0.0
2014-10-07 06:00:00,0.9074866666666668,0.0082288888888888,0.0175422222222222,0.0,0.0012266666666666,0.0,0.0183288888888888,0.0056533333333333,0.0018155555555555,0.0
2014-10-07 07:00:00,1.4360178970917226,0.0044474272930648,0.020324384787472,0.0,0.0004049217002237,0.0509709172259507,0.0184250559284116,0.0050246085011185,0.0755391498881431,0.0929977628635346
2014-10-07 08:00:00,0.5274610244988864,0.0052004454342984,0.0179910913140311,0.0,0.0,0.0,0.0183407572383073,0.0050089086859688,0.0018418708240534,0.0629064587973274
2014-10-07 09:00:00,0.1963191964285714,0.0084977678571428,0.0206830357142857,0.0,0.0,0.0,0.0184397321428571,0.0050290178571428,0.0018660714285714,0.0
2014-10-07 10:00:00,0.3033725055432372,0.0087827050997782,0.0213968957871396,0.0,0.0,0.0,0.0184833702882483,0.0263458980044345,0.00190022172949,0.0808647450110864
2014-10-07 11:00:00,0.2748093126385809,0.002190687361419,0.0262394678492239,0.0,0.0,0.0,0.0185210643015521,0.0635055432372505,0.0147339246119733,0.0
2014-10-07 12:00:00,0.4608708240534521,0.0102873051224944,0.0210623608017817,0.0,0.0,0.0,0.0184498886414253,0.0050267260579064,0.0019220489977728,0.0877060133630289
2014-10-07 13:00:00,0.2637543859649123,0.0087390350877192,0.0170241228070175,0.0,0.0002807017543859,0.033798245614035,0.0406666666666666,0.0050263157894736,0.0019254385964912,0.0
2014-10-07 14:00:00,0.3601763392857143,0.0082790178571428,0.0170959821428571,0.0,0.0,0.0,0.045078125,0.00503125,0.0019196428571428,0.0
2014-10-07 15:00:00,0.2741767337807606,0.0088501118568232,0.017559284116331,0.0,0.0,0.0,0.018413870246085,0.0050313199105145,0.0019351230425055,0.0820894854586129
2014-10-07 16:00:00,0.5769575892857144,0.0110848214285714,0.0162723214285714,0.0,0.0,0.0,0.0208125,0.0050178571428571,0.0906651785714285,0.0
2014-10-07 17:00:00,0.7163066666666666,0.0108133333333333,0.0203244444444444,0.0,0.0,0.0,0.0184666666666666,0.0054422222222222,0.2196133333333333,0.1177911111111111
2014-10-07 18:00:00,0.3551368653421633,0.007887417218543,0.0169933774834437,0.0,0.0,0.0,0.0183664459161147,0.1386622516556291,0.0018300220750551,0.0
2014-10-07 19:00:00,0.6384111111111112,0.0042644444444444,0.0182155555555555,0.0,0.0,0.0,0.0183777777777777,0.1340888888888889,0.0017688888888888,0.0
2014-10-07 20:00:00,0.6191540178571429,0.0079419642857142,0.0167723214285714,0.0,0.0,0.0,0.0184464285714285,0.15153125,0.0018214285714285,0.07996875
2014-10-07 21:00:00,0.6071116071428571,0.0079040178571428,0.0170401785714285,0.0,0.0,0.0,0.0184620535714285,0.1354508928571428,0.001859375,0.0
2014-10-07 22:00:00,0.3764543429844098,0.0080423162583518,0.0170645879732739,0.0,0.0,0.0,0.0184988864142538,0.082501113585746,0.0018463251670378,0.0
2014-10-07 23:00:00,0.3291026785714285,0.0,0.0170357142857142,0.0,0.0,0.0,0.0186272321428571,0.0050290178571428,0.0018950892857142,0.0
2014-10-08 00:00:00,0.1995389755011135,0.0083496659242761,0.0257594654788418,0.0,0.0,0.0,0.0201135857461024,0.013576837416481,0.001913140311804,0.0
2014-10-08 01:00:00,0.3504730941704036,0.0079529147982062,0.0193273542600896,0.0,0.0,0.0,0.0185695067264573,0.0050201793721973,0.0018677130044843,0.0
2014-10-08 02:00:00,0.9938022222222224,0.0062155555555555,0.0190511111111111,0.0,0.0,0.0,0.0270088888888888,0.0050244444444444,0.0018822222222222,0.0
2014-10-08 03:00:00,0.9494966740576496,0.0019667405764966,0.0171042128603104,0.0,0.0,0.0,0.0185986696230598,0.0082217294900221,0.0019534368070953,0.0
2014-10-08 04:00:00,0.2849799554565702,0.0080178173719376,0.0177706013363028,0.0,0.0,0.0,0.018380846325167,0.007109131403118,0.0019487750556792,0.0
2014-10-08 05:00:00,2.737113839285714,0.0078683035714285,0.0174017857142857,0.0,0.0,0.0,0.0183258928571428,0.0060066964285714,0.001921875,0.0
2014-10-08 06:00:00,2.8162522321428574,0.0,0.0166316964285714,0.0,0.0,0.0,0.0182745535714285,0.0056183035714285,0.0018794642857142,0.0
2014-10-08 07:00:00,1.7675671981776766,0.0085626423690205,0.0160341685649202,0.0,0.0,0.0,0.0181138952164009,0.0050227790432801,0.0724760820045558,0.108512528473804
2014-10-08 08:00:00,1.6319282511210762,0.0133789237668161,0.0171008968609865,0.0,0.0,0.0,0.0180426008968609,0.0050201793721973,0.0019103139013452,0.0
2014-10-08 09:00:00,0.9318842592592592,0.0087592592592592,0.0183912037037037,0.0,0.0,0.0,0.0181388888888888,0.0050092592592592,0.0019166666666666,0.1219097222222222
2014-10-08 10:00:00,0.7682792362768496,0.0088997613365155,0.0141670644391408,0.0,0.0,0.0,0.0432195704057279,0.0050190930787589,0.0019093078758949,0.0
2014-10-08 11:00:00,0.6708716216216216,0.0006486486486486,0.0198941441441441,0.0,0.0,0.0,0.0943873873873873,0.0050045045045045,0.0201531531531531,0.0561666666666666
2014-10-08 12:00:00,0.8074382022471911,0.0098359550561797,0.0177348314606741,0.0,0.0,0.0620067415730337,0.0484022471910112,0.0050247191011235,0.0862651685393258,0.0812022471910112
2014-10-08 13:00:00,0.3181977528089887,0.0095662921348314,0.0221662921348314,0.0,0.0,0.0,0.0749168539325842,0.0050089887640449,0.0018651685393258,0.0
2014-10-08 14:00:00,0.2836914414414414,0.0087139639639639,0.0242995495495495,0.0,0.0,0.0,0.0946666666666666,0.0050202702702702,0.0018671171171171,0.0
2014-10-08 15:00:00,0.4141266968325792,0.0092466063348416,0.0262556561085972,0.0,0.0,0.0,0.0409162895927601,0.0050045248868778,0.0551063348416289,0.1190927601809954
2014-10-08 16:00:00,0.9216748878923766,0.0119192825112107,0.019219730941704,0.0,0.0,0.0,0.0173318385650224,0.0050156950672645,0.0019282511210762,0.0
2014-10-08 17:00:00,0.406984375,0.0111808035714285,0.0204620535714285,0.0,0.0,0.0,0.0173191964285714,0.0268125,0.065578125,0.0931473214285714
2014-10-08 18:00:00,0.3947101123595505,0.0082494382022471,0.027476404494382,0.0,0.0,0.0,0.0172404494382022,0.1060134831460674,0.0017617977528089,0.0
2014-10-08 19:00:00,0.4847611607142857,0.000125,0.0287991071428571,0.0,0.0,0.0,0.017296875,0.0050245535714285,0.0017455357142857,0.0860290178571428
2014-10-08 20:00:00,0.6364231625835189,0.0087550111358574,0.0171826280623608,0.0,0.0,0.0,0.0173541202672605,0.1364810690423162,0.0018151447661469,0.0
2014-10-08 21:00:00,0.7422700892857144,0.0108928571428571,0.0171450892857142,0.0,0.0,0.0,0.0174196428571428,0.1320915178571428,0.0018705357142857,0.0
2014-10-08 22:00:00,0.275695067264574,0.008414798206278,0.017,0.0,0.0,0.0,0.0175403587443946,0.0335134529147982,0.0018946188340807,0.0
2014-10-08 23:00:00,0.3460625,0.005359375,0.0174732142857142,0.0,0.0,0.0,0.0175647321428571,0.0050424107142857,0.0019174107142857,0.0
2014-10-09 00:00:00,0.3337928730512249,0.0029175946547884,0.023674832962138,0.0002850779510022,0.0,0.0,0.0176659242761692,0.0050244988864142,0.0019420935412026,0.0
2014-10-09 01:00:00,0.1914241071428571,0.0083415178571428,0.0230513392857142,0.0,0.0,0.0,0.0176272321428571,0.0050290178571428,0.0019553571428571,0.0
2014-10-09 02:00:00,0.3517544642857143,0.0081986607142857,0.0237254464285714,0.0,0.0,0.0,0.0177388392857142,0.0050290178571428,0.0019508928571428,0.0
2014-10-09 03:00:00,1.0348322147651006,0.0,0.0228612975391498,0.0,0.0,0.0,0.0175838926174496,0.0080872483221476,0.0019552572706935,0.0
2014-10-09 04:00:00,0.8250487804878048,0.0081175166297117,0.0187427937915742,0.0,0.0,0.0,0.0177294900221729,0.0089356984478935,0.0019689578713968,0.0
2014-10-09 05:00:00,2.594906458797328,0.0081425389755011,0.0168819599109131,0.0,0.0,0.0,0.0176124721603563,0.0050423162583518,0.0019398663697104,0.0
2014-10-09 06:00:00,1.7621208053691275,0.0,0.020496644295302,0.0,0.3320402684563758,0.0,0.01748322147651,0.0050313199105145,0.0018926174496644,0.0
2014-10-09 07:00:00,2.275624719101124,0.0097303370786516,0.0235752808988764,0.0,0.7671370786516855,0.032791011235955,0.0173078651685393,0.0050157303370786,0.0898179775280898,0.1111887640449438
2014-10-09 08:00:00,0.6640221729490022,0.0097538802660753,0.0174124168514412,0.0,0.0,0.0,0.0173924611973392,0.0050221729490022,0.0018580931263858,0.0750266075388026
2014-10-09 09:00:00,0.2268797327394209,0.008946547884187,0.0181046770601336,0.0,0.0,0.0,0.026576837416481,0.0050200445434298,0.0018574610244988,0.0251804008908685
2014-10-09 10:00:00,0.4113131991051454,0.008744966442953,0.017572706935123,0.0,0.0,0.0,0.0851319910514541,0.0050134228187919,0.0018098434004474,0.0
2014-10-09 11:00:00,0.587578125,0.0086473214285714,0.0171473214285714,0.0,0.0,0.0,0.0184129464285714,0.0050133928571428,0.0017433035714285,0.061140625
2014-10-09 12:00:00,0.3739688195991091,0.0130846325167037,0.0174498886414253,0.0,0.0001425389755011,0.0,0.017489977728285,0.0090044543429844,0.075489977728285,0.074652561247216
2014-10-09 13:00:00,0.1935525727069351,0.0073534675615212,0.0200514541387024,0.0,0.0,0.0,0.0174295302013422,0.0050268456375838,0.0019753914988814,0.0
2014-10-09 14:00:00,0.3250556792873051,0.0234922048997772,0.0175946547884187,0.0,0.0,0.0,0.0174253897550111,0.0050089086859688,0.0019398663697104,0.1435590200445434
2014-10-09 15:00:00,0.2005100671140939,0.0076174496644295,0.0261252796420581,0.0,0.0,0.0,0.0174317673378076,0.0050178970917225,0.0019731543624161,0.0
2014-10-09 16:00:00,0.6602237136465324,0.0173803131991051,0.0238299776286353,0.0,0.0,0.0,0.0173579418344518,0.0050111856823266,0.0019574944071588,0.0
2014-10-09 17:00:00,0.5564686098654709,0.0141883408071748,0.0216188340807174,0.0,0.0,0.0,0.0173878923766816,0.0248699551569506,0.0588071748878923,0.0939686098654708
2014-10-09 18:00:00,0.4608228699551569,0.0132914798206278,0.0172914798206278,0.0,0.0,0.0,0.0173161434977578,0.1352668161434977,0.0018789237668161,0.0
2014-10-09 19:00:00,0.614475845410628,0.0091304347826086,0.0171884057971014,0.0,0.0,0.0,0.0172415458937198,0.1320386473429951,0.0018357487922705,0.0
2014-10-09 20:00:00,0.5915119617224881,0.0034354066985645,0.0173253588516746,0.0,0.0,0.0,0.0173851674641148,0.1318995215311005,0.001877990430622,0.0660693779904306
2014-10-09 21:00:00,0.4686378896882494,0.0077697841726618,0.0189664268585131,0.0,0.0,0.0,0.0174484412470024,0.1318848920863309,0.0019232613908872,0.0
2014-10-09 22:00:00,0.458866028708134,0.0087822966507177,0.0170071770334928,0.0,0.0,0.0,0.0175622009569378,0.0740741626794258,0.0019617224880382,0.0
2014-10-09 23:00:00,0.1956143497757847,0.008304932735426,0.0175739910313901,0.0,0.0,0.0,0.0175605381165919,0.0050269058295964,0.0019775784753363,0.0
2014-10-10 00:00:00,0.2353303571428571,0.0104263392857142,0.0171205357142857,0.0,0.0,0.0,0.0176629464285714,0.0050290178571428,0.0019776785714285,0.0
2014-10-10 01:00:00,0.2986458797327394,0.008924276169265,0.0206213808463251,0.0,0.0,0.0,0.0176926503340757,0.0050289532293986,0.0019755011135857,0.0
2014-10-10 02:00:00,0.9744877505567928,0.0040690423162583,0.020946547884187,0.0,0.0,0.0,0.0174988864142538,0.0050178173719376,0.0019532293986636,0.0
2014-10-10 03:00:00,0.934145739910314,0.0039932735426008,0.0207331838565022,0.0,0.0,0.0,0.017396860986547,0.0079349775784753,0.0019461883408071,0.0
2014-10-10 04:00:00,0.2005044642857142,0.0080736607142857,0.021046875,0.0,0.0,0.0,0.0174955357142857,0.0090334821428571,0.0019575892857142,0.0
2014-10-10 05:00:00,2.502343049327354,0.0080201793721973,0.0223206278026905,0.0,0.0,0.0,0.0174506726457399,0.0050089686098654,0.0019753363228699,0.0
2014-10-10 06:00:00,0.8977091722595077,0.0120894854586129,0.017,0.0,0.0,0.0,0.0173400447427293,0.0050178970917225,0.0019194630872483,0.0
2014-10-10 07:00:00,2.56786859688196,0.0098463251670378,0.0180200445434298,0.0,0.7046636971046771,0.0525567928730512,0.0173897550111358,0.0050133630289532,0.1236948775055679,0.0943830734966592
2014-10-10 08:00:00,0.5012323008849557,0.0008694690265486,0.0176637168141592,0.0,0.0611946902654867,0.0,0.0174358407079646,0.0050088495575221,0.001862831858407,0.0
2014-10-10 09:00:00,0.4260604026845637,0.0143131991051454,0.0180335570469798,0.0,0.0001073825503355,0.0,0.0174451901565995,0.0050201342281879,0.001897091722595,0.1124228187919463
2014-10-10 10:00:00,0.5278048780487804,0.0133348115299334,0.0206164079822616,0.0,0.0,0.0,0.0174922394678492,0.0050332594235033,0.0018980044345898,0.0945077605321507
2014-10-10 11:00:00,0.2344342984409799,0.0136481069042316,0.0296391982182628,0.0,0.0,0.0,0.0174944320712694,0.005011135857461,0.0018886414253897,0.0
2014-10-10 12:00:00,0.4814187082405345,0.0135991091314031,0.0237839643652561,0.0,0.0,0.0658017817371937,0.0174409799554565,0.0050155902004454,0.1734654788418708,0.0
2014-10-10 13:00:00,0.4701227678571428,0.0143102678571428,0.0182008928571428,0.0007455357142857,0.008,0.0,0.01740625,0.00503125,0.0018325892857142,0.0
2014-10-10 14:00:00,0.1928896396396396,0.0126171171171171,0.0173693693693693,0.0009076576576576,0.0,0.0,0.0174436936936936,0.0050225225225225,0.0018716216216216,0.0
2014-10-10 15:00:00,0.2870555555555555,0.0027577777777777,0.0263977777777777,0.0009022222222222,0.0,0.0,0.0174288888888888,0.0050266666666666,0.00198,0.0864955555555555
2014-10-10 16:00:00,0.5520776053215078,0.0096563192904656,0.028,0.0009090909090909,0.0,0.0,0.0174567627494456,0.0050155210643015,0.1262815964523281,0.0
2014-10-10 17:00:00,0.4338574610244989,0.0133585746102449,0.0182093541202672,0.0009309576837416,0.0,0.0,0.0174743875278396,0.0474832962138084,0.0420712694877505,0.1144008908685969
2014-10-10 18:00:00,0.4594955357142857,0.0139263392857142,0.0180513392857142,0.0007723214285714,0.0,0.0,0.0173504464285714,0.134390625,0.0018102678571428,0.0
2014-10-10 19:00:00,0.5011046770601336,0.0121135857461024,0.0202338530066815,0.0007795100222717,0.0,0.0,0.017305122494432,0.1332694877505568,0.0018351893095768,0.0
2014-10-10 20:00:00,0.4903897550111358,0.0107572383073496,0.0313229398663697,0.0009042316258351,0.0,0.0,0.0174142538975501,0.1386971046770601,0.0018574610244988,0.0
2014-10-10 21:00:00,0.4583318385650224,0.0099304932735426,0.0183856502242152,0.000939461883408,0.0,0.0,0.0175381165919282,0.1525156950672645,0.0018901345291479,0.0
2014-10-10 22:00:00,0.2805857461024499,0.010913140311804,0.0168062360801781,0.000946547884187,0.0010757238307349,0.0,0.0174855233853006,0.0330445434298441,0.0019086859688195,0.0
2014-10-10 23:00:00,0.1981741071428571,0.0082678571428571,0.0173370535714285,0.0009888392857142,0.0020892857142857,0.0,0.0176763392857142,0.0064553571428571,0.0019598214285714,0.0
2014-10-11 00:00:00,0.1943861607142857,0.0046629464285714,0.0175625,0.0009910714285714,0.0018348214285714,0.0,0.0176138392857142,0.0050200892857142,0.0019508928571428,0.0
2014-10-11 01:00:00,0.3185637583892617,0.0076219239373601,0.0222863534675615,0.000986577181208,0.0018501118568232,0.0,0.0177002237136465,0.0050335570469798,0.0019574944071588,0.0
2014-10-11 02:00:00,1.5309375,0.0089375,0.0275758928571428,0.0009866071428571,0.5072745535714286,0.0,0.01759375,0.0050200892857142,0.0019553571428571,0.0
2014-10-11 03:00:00,0.4220044150110375,0.0082273730684326,0.0189315673289183,0.0009735099337748,0.0505165562913907,0.0,0.0175894039735099,0.0078918322295805,0.001933774834437,0.0
2014-10-11 04:00:00,0.7136044444444444,0.0082111111111111,0.0171622222222222,0.0009711111111111,0.00126,0.0,0.0175711111111111,0.0065177777777777,0.0019288888888888,0.0
2014-10-11 05:00:00,2.4956962305986696,0.0105587583148558,0.0198159645232815,0.0009667405764966,0.0012150776053215,0.0,0.017490022172949,0.0050465631929046,0.001940133037694,0.0
2014-10-11 06:00:00,2.675725446428572,0.008,0.0183214285714285,0.2528995535714285,0.001015625,0.0,0.0174598214285714,0.0050200892857142,0.0019151785714285,0.0372142857142857
2014-10-11 07:00:00,0.769532584269663,0.0166606741573033,0.0165550561797752,0.3408539325842696,1.7977528089887643e-05,0.0328988764044943,0.0173101123595505,0.0050134831460674,0.001829213483146,0.1474876404494382
2014-10-11 08:00:00,0.2178169642857143,0.0056674107142857,0.0174040178571428,0.0005290178571428,0.0,0.0,0.0171540178571428,0.0050133928571428,0.0017232142857142,0.0
2014-10-11 09:00:00,0.19609375,0.0083102678571428,0.0196049107142857,0.0005357142857142,0.0,0.0,0.016953125,0.0050200892857142,0.0017723214285714,0.0
2014-10-11 10:00:00,0.2001022222222222,0.0096177777777777,0.0168977777777777,0.0005244444444444,0.0,0.0,0.017,0.0050088888888888,0.0017311111111111,0.0
2014-10-11 11:00:00,0.196940133037694,0.0092372505543237,0.0174678492239467,0.0007583148558758,0.0,0.0,0.017130820399113,0.0050133037694013,0.0018248337028824,0.0
2014-10-11 12:00:00,0.1948653421633554,0.0068543046357615,0.0199646799116997,0.0007549668874172,0.0,0.0,0.0171876379690949,0.0050110375275938,0.0018167770419426,0.0
2014-10-11 13:00:00,0.1930757238307349,0.0024320712694877,0.0205256124721603,0.0008463251670378,0.0,0.0,0.0172717149220489,0.0050133630289532,0.0018708240534521,0.0
2014-10-11 14:00:00,0.1990961968680089,0.0087986577181208,0.0174116331096196,0.0008501118568232,0.0,0.0,0.0172729306487695,0.0050201342281879,0.0018993288590604,0.0
2014-10-11 15:00:00,0.1979709821428571,0.0085870535714285,0.0233058035714285,0.0008616071428571,0.0,0.0,0.0172857142857142,0.0050267857142857,0.0018973214285714,0.0
2014-10-11 16:00:00,0.1997024608501118,0.0085100671140939,0.0296263982102908,0.0008545861297539,0.0,0.0,0.0172997762863534,0.0050313199105145,0.0018926174496644,0.0
2014-10-11 17:00:00,0.1927376681614349,0.0,0.0198139013452914,0.0006860986547085,0.0,0.0,0.0171547085201793,0.0050291479820627,0.0018228699551569,0.0
2014-10-11 18:00:00,0.1986450892857142,0.008484375,0.0174352678571428,0.0007455357142857,0.0,0.0,0.0171428571428571,0.0050267857142857,0.0018660714285714,0.0
2014-10-11 19:00:00,0.1969022222222222,0.0083355555555555,0.0172466666666666,0.0007688888888888,0.0,0.0,0.0172355555555555,0.0050111111111111,0.0018488888888888,0.0
2014-10-11 20:00:00,0.1960177383592017,0.0084235033259423,0.0199711751662971,0.0008314855875831,0.0,0.0,0.0172039911308203,0.0050155210643015,0.0018758314855875,0.0
2014-10-11 21:00:00,0.1925178571428571,0.0024754464285714,0.017484375,0.0013995535714285,0.0022857142857142,0.0,0.0172321428571428,0.0050267857142857,0.00190625,0.0
2014-10-11 22:00:00,0.1966540178571428,0.0055669642857142,0.0201584821428571,0.0008861607142857,0.0,0.0,0.017328125,0.0050424107142857,0.0019107142857142,0.0
2014-10-11 23:00:00,0.1996040268456375,0.0082393736017897,0.0267919463087248,0.0009552572706935,0.0,0.0,0.0174228187919463,0.0050357941834451,0.0019306487695749,0.0
2014-10-12 00:00:00,0.1975322939866369,0.0082516703786191,0.0216971046770601,0.0009643652561247,0.0,0.0,0.0174365256124721,0.0061024498886414,0.0019576837416481,0.0
2014-10-12 01:00:00,0.1940959821428571,0.0,0.0220267857142857,0.0009196428571428,0.0001830357142857,0.0,0.01734375,0.0050379464285714,0.0019375,0.0
2014-10-12 02:00:00,0.1989556541019956,0.0079911308203991,0.0206274944567627,0.0009445676274944,0.0630066518847006,0.0,0.0173458980044345,0.0050620842572062,0.0019223946784922,0.0
2014-10-12 03:00:00,0.2016626506024096,0.0070987951807228,0.0194578313253012,0.0009253012048192,0.0,0.0,0.017344578313253,0.008012048192771,0.0019060240963855,0.0
2014-10-12 04:00:00,0.2061183035714285,0.0102053571428571,0.018625,0.0009486607142857,0.0,0.0,0.0173973214285714,0.0092611607142857,0.0019017857142857,0.0
2014-10-12 05:00:00,2.3277066666666664,0.0,0.0161866666666666,0.0009266666666666,0.0,0.0,0.0173133333333333,0.0050266666666666,0.0019199999999999,0.0
2014-10-12 06:00:00,0.4433385300668152,0.0100623608017817,0.014467706013363,0.0008040089086859,0.0,0.0,0.0172249443207126,0.0050178173719376,0.0018819599109131,4.4543429844098e-06
2014-10-12 07:00:00,0.1966258351893096,0.0077483296213808,0.0130913140311804,0.0006993318485523,0.0,0.0,0.017120267260579,0.0050244988864142,0.0018017817371937,0.0
2014-10-12 08:00:00,0.1910622222222222,0.0,0.0138533333333333,0.0008422222222222,0.0,0.0,0.0172377777777777,0.0050266666666666,0.0018666666666666,0.0
2014-10-12 09:00:00,0.1972399103139013,0.0079304932735426,0.0183901345291479,0.0007959641255605,0.0,0.0,0.0172309417040358,0.0050291479820627,0.0030201793721973,0.0
2014-10-12 10:00:00,0.1952266666666666,0.0099466666666666,0.0181377777777777,0.0008,2.222222222222222e-06,0.0,0.0172088888888888,0.0050222222222222,0.0018311111111111,0.0
2014-10-12 11:00:00,0.1912533632286995,0.0,0.0176390134529147,0.0008363228699551,0.0,0.0,0.0172354260089686,0.0050358744394618,0.0018520179372197,0.0
2014-10-12 12:00:00,0.1948853932584269,0.0080157303370786,0.0203932584269662,0.0007842696629213,0.0,0.0,0.0171955056179775,0.0050404494382022,0.0018516853932584,0.0
2014-10-12 13:00:00,0.195372197309417,0.0078228699551569,0.0172892376681614,0.0007713004484304,0.0,0.0,0.0171816143497757,0.0050269058295964,0.0018318385650224,0.0
2014-10-12 14:00:00,0.1918340707964601,0.0020199115044247,0.0203694690265486,0.0007964601769911,6.637168141592921e-05,0.0,0.0172234513274336,0.0050265486725663,0.0018893805309734,0.0001238938053097
2014-10-12 15:00:00,0.1944159292035398,0.0059800884955752,0.0172433628318584,0.0006283185840707,0.0008318584070796,0.0,0.0171216814159292,0.0050287610619469,0.0018384955752212,0.0
2014-10-12 16:00:00,0.19548,0.0101644444444444,0.0169355555555555,0.0006244444444444,1.7777777777777777e-05,0.0,0.0171022222222222,0.0050199999999999,0.0017955555555555,0.0
2014-10-12 17:00:00,0.1952844444444444,0.0068244444444444,0.01694,0.0006422222222222,0.0,0.0,0.0170622222222222,0.0050133333333333,0.0018088888888888,0.0
2014-10-12 18:00:00,0.1924194260485651,0.0010596026490066,0.0214282560706401,0.0005474613686534,0.0004370860927152,0.0,0.0170573951434878,0.0050242825607064,0.0017814569536423,0.0
2014-10-12 19:00:00,0.1970644444444444,0.0081222222222222,0.0244488888888888,0.0004199999999999,0.0,0.0,0.0169488888888888,0.0050199999999999,0.0017511111111111,0.0
2014-10-12 20:00:00,0.2004521158129175,0.0100734966592427,0.0233942093541202,0.0005100222717149,0.0,0.0,0.0169888641425389,0.005022271714922,0.0017260579064587,0.0
2014-10-12 21:00:00,0.1896263982102908,0.0,0.0172595078299776,0.0006689038031319,0.0,0.0,0.0171543624161073,0.0050246085011185,0.00182774049217,0.0
2014-10-12 22:00:00,0.6040715883668905,0.0082751677852349,0.0171275167785234,0.0007427293064876,0.0,0.0,0.017317673378076,0.0050223713646532,0.0018187919463087,0.0
2014-10-12 23:00:00,0.1974058295964125,0.0076928251121076,0.0174887892376681,0.0008654708520179,0.0,0.0,0.0175515695067264,0.0050381165919282,0.0018834080717488,0.0
2014-10-13 00:00:00,0.3476040268456375,0.0003064876957494,0.0168501118568232,0.0009239373601789,0.0,0.0,0.0175771812080536,0.0050178970917225,0.0019127516778523,0.0
2014-10-13 01:00:00,0.3615391498881432,0.0077248322147651,0.0202080536912751,0.0008568232662192,0.0,0.0,0.0175369127516778,0.0050447427293064,0.0019015659955257,0.0
2014-10-13 02:00:00,0.2247539149888143,0.0102796420581655,0.0223199105145413,0.0009194630872483,0.0,0.0,0.0176263982102908,0.0050469798657718,0.0018903803131991,0.0
2014-10-13 03:00:00,0.3191763392857142,0.002984375,0.0172165178571428,0.0009285714285714,0.0,0.0,0.0177165178571428,0.0077232142857142,0.0019330357142857,0.0
2014-10-13 04:00:00,0.3440758928571428,0.0049017857142857,0.0174799107142857,0.0009598214285714,0.0,0.0,0.0177254464285714,0.0093258928571428,0.001921875,0.0
2014-10-13 05:00:00,2.4866644295302014,0.0079597315436241,0.0176062639821029,0.0008881431767337,0.0,0.0,0.0175480984340044,0.0050156599552572,0.0019060402684563,0.0
2014-10-13 06:00:00,0.7679933035714286,0.0038169642857142,0.0222142857142857,0.0006428571428571,0.0,0.0,0.017375,0.0050290178571428,0.0017924107142857,0.0
2014-10-13 07:00:00,1.443370786516854,0.0042202247191011,0.0263393258426966,0.0006337078651685,0.0,0.0327191011235955,0.0173123595505617,0.0050247191011235,0.0737595505617977,0.1071752808988764
2014-10-13 08:00:00,0.4757839643652561,0.0102160356347438,0.0233563474387527,0.0006859688195991,0.0,0.0,0.0173028953229398,0.005022271714922,0.0018084632516703,0.0
2014-10-13 09:00:00,0.3671538461538461,0.0091081081081081,0.0318108108108108,0.0007255717255717,0.0,0.0,0.0172328482328482,0.005010395010395,0.0015363825363825,0.0972972972972972
2014-10-13 10:00:00,0.2540453720508167,0.0078929219600725,0.0677822141560798,0.0009800362976406,0.0,0.0,0.0171107078039927,0.0050127041742286,0.0013720508166969,0.0
2014-10-13 11:00:00,0.1938223062381852,0.0005746691871455,0.0173232514177693,0.0008884688090737,0.0,0.0,0.017102079395085,0.0050170132325141,0.0018563327032136,0.0
2014-10-13 12:00:00,0.3334250474383302,0.0132447817836812,0.0166925996204933,0.0008576850094876,0.0,0.0,0.0171043643263757,0.0050208728652751,0.0537798861480075,0.0635787476280834
2014-10-13 13:00:00,0.6901001890359169,0.012109640831758,0.0166710775047258,0.0009054820415879,0.0,0.0,0.0173308128544423,0.0050359168241965,0.0264499054820415,0.0841398865784499
2014-10-13 14:00:00,0.3348979206049149,0.0128998109640831,0.0172722117202268,0.0009281663516068,0.0,0.0,0.0173572778827977,0.0050207939508506,0.0018714555765595,0.1272306238185255
2014-10-13 15:00:00,0.2578975332068311,0.0120740037950664,0.0243092979127134,0.0008576850094876,0.0,0.0,0.0173434535104364,0.0050303605313092,0.0017552182163187,0.0
2014-10-13 16:00:00,1.4414423440453683,0.0115822306238185,0.0284631379962192,0.0007731568998109,0.0,0.0,0.0172570888468809,0.0050113421550094,0.0017485822306238,0.0
2014-10-13 17:00:00,0.801271186440678,0.0151525423728813,0.0182297551789077,0.0006967984934086,0.0,0.0,0.0172975517890772,0.0050282485875706,0.1422749529190207,0.0929058380414312
2014-10-13 18:00:00,0.5437874762808349,0.0123206831119544,0.0201309297912713,0.0006925996204933,0.0,0.0,0.0172618595825426,0.0779829222011385,0.0017628083491461,0.046370018975332
2014-10-13 19:00:00,0.5499563567362429,0.0020379506641366,0.0171802656546489,0.0007950664136622,0.0,0.0,0.0840398481973434,0.0216755218216318,0.0018349146110056,0.0
2014-10-13 20:00:00,0.4944087452471483,0.0096292775665399,0.0173840304182509,0.0008193916349809,0.0,0.0,0.0268307984790874,0.0347433460076045,0.0018212927756653,0.0
2014-10-13 21:00:00,0.4728509433962264,0.0102415094339622,0.0175283018867924,0.0009471698113207,0.0,0.0,0.0193188679245283,0.1328943396226415,0.0019113207547169,0.0
2014-10-13 22:00:00,0.6223055028462997,0.0115237191650853,0.0170721062618595,0.0009506641366223,0.0008045540796963,0.0,0.0193434535104364,0.0563776091081593,0.0018595825426944,0.0
2014-10-13 23:00:00,0.3551860902255639,0.0097951127819548,0.0222857142857142,0.0009924812030075,0.001813909774436,0.0,0.019390977443609,0.005031954887218,0.0019360902255639,0.0
2014-10-14 00:00:00,0.1996022514071294,0.008686679174484,0.0183020637898686,0.0009924953095684,0.0018761726078799,0.0,0.0195590994371482,0.0050337711069418,0.0019662288930581,0.0
2014-10-14 01:00:00,0.9381676082862525,0.0032900188323917,0.0010244821092278,0.0009924670433145,0.5456553672316383,0.0,0.0194595103578154,0.0050301318267419,0.0019529190207156,0.0
2014-10-14 02:00:00,0.4780696798493408,0.0055141242937853,0.0,0.0009924670433145,0.0788323917137476,0.0,0.0195009416195856,0.0050357815442561,0.0019604519774011,0.0
2014-10-14 03:00:00,0.201629213483146,0.0085374531835205,0.0,0.0009981273408239,0.0013314606741573,0.0,0.0195149812734082,0.0076704119850187,0.0019531835205992,0.0
2014-10-14 04:00:00,0.3532602996254682,0.0083539325842696,0.0156816479400749,0.0009943820224719,0.001312734082397,0.0,0.0195280898876404,0.0096348314606741,0.0019719101123595,0.0
2014-10-14 05:00:00,3.0716191369606003,0.008296435272045,0.0620487804878048,0.0009624765478424,0.0013039399624765,0.0,0.0193227016885553,0.0050243902439024,0.001889305816135,0.0
2014-10-14 06:00:00,2.0048474576271187,0.0,0.030608286252354,0.1667156308851224,0.0011638418079096,0.0,0.0192561205273069,0.0050301318267419,0.0018738229755178,0.0
2014-10-14 07:00:00,2.5562329545454543,0.0119848484848484,0.0201704545454545,0.6592291666666666,0.0,0.0325094696969696,0.0190037878787878,0.0050056818181818,0.1359431818181818,0.1166079545454545
2014-10-14 08:00:00,0.769164461247637,0.0119962192816635,0.0168468809073724,0.0007637051039697,0.0,0.0,0.01917202268431,0.0050170132325141,0.0017788279773156,0.0945349716446124
2014-10-14 09:00:00,0.3777018867924528,0.0127056603773584,0.0176113207547169,0.000754716981132,0.0,0.0,0.019177358490566,0.0050056603773584,0.001777358490566,0.0
2014-10-14 10:00:00,0.3205057034220532,0.0110171102661596,0.0197794676806083,0.000838403041825,0.0,0.0,0.0192281368821292,0.0050190114068441,0.0018212927756653,0.0
2014-10-14 11:00:00,0.4183005671077504,0.0110869565217391,0.0177410207939508,0.0008355387523629,0.0,0.0,0.0192003780718336,0.0050170132325141,0.0018185255198487,0.0844007561436673
2014-10-14 12:00:00,0.5797618147448016,0.0042117202268431,0.021984877126654,0.0008449905482041,0.0,0.0326011342155009,0.0191909262759924,0.0050075614366729,0.1122136105860113,0.0844706994328922
2014-10-14 13:00:00,0.4561290322580645,0.0066299810246679,0.027134724857685,0.0009108159392789,0.0,0.0,0.0191897533206831,0.0050341555977229,0.0019146110056925,0.0
2014-10-14 14:00:00,0.324054820415879,0.0171474480151228,0.0219092627599243,0.0005841209829867,0.0,0.0,0.0192967863894139,0.0050132325141776,0.0018884688090737,0.0
2014-10-14 15:00:00,0.4007104761904762,0.0133504761904761,0.0172704761904761,0.0,0.0,0.0,0.0415790476190476,0.0050266666666666,0.0019066666666666,0.0790380952380952
2014-10-14 16:00:00,0.7240132827324478,0.01734724857685,0.0166129032258064,0.0,0.0,0.0,0.0300056925996204,0.0050265654648956,0.0019487666034155,0.0
2014-10-14 17:00:00,0.5028183556405355,0.0154799235181644,0.01834034416826,0.0,0.0,0.0,0.0192428298279158,0.0247265774378585,0.0510994263862332,0.0906500956022944
2014-10-14 18:00:00,0.3846634799235181,0.0063804971319311,0.0196711281070745,0.0,0.0,0.0,0.0191835564053537,0.1302103250478011,0.0017801147227533,0.0
2014-10-14 19:00:00,0.3525706214689265,0.006653483992467,0.0173239171374764,0.0,0.0,0.0,0.01924670433145,0.0062843691148775,0.001758945386064,0.0
2014-10-14 20:00:00,0.248624765478424,0.009155722326454,0.0056529080675422,0.0,0.0,0.0,0.0193677298311444,0.0175440900562851,0.0018686679174484,0.0
2014-10-14 21:00:00,0.5152457142857143,0.0125238095238095,0.0253523809523809,0.0,0.0,0.0,0.0193980952380952,0.0965828571428571,0.0018761904761904,0.0972514285714285
2014-10-14 22:00:00,0.3398248587570621,0.0084030131826742,0.0279359698681732,0.0,0.0009077212806026,0.0,0.0192900188323917,0.0662372881355932,0.001789077212806,0.0
2014-10-14 23:00:00,0.2049792843691149,0.0085197740112994,0.0197099811676082,0.0,0.0017947269303201,0.0,0.019367231638418,0.0050207156308851,0.0018662900188323,0.0
2014-10-15 00:00:00,0.3382207547169811,0.0082905660377358,0.0189754716981132,0.0,0.0018528301886792,0.0,0.0193528301886792,0.0050132075471698,0.001854716981132,0.0
2014-10-15 01:00:00,1.7016466165413533,0.006578947368421,0.0175864661654135,0.0,1.403315789473684,0.0,0.0192537593984962,0.0050112781954887,0.0018007518796992,0.0
2014-10-15 02:00:00,1.2283352165725048,0.0016365348399246,0.0167005649717514,0.0,0.0927495291902071,0.0,0.0191826741996233,0.0050207156308851,0.0018173258003766,0.0
2014-10-15 03:00:00,0.7911672932330827,0.0101635338345864,0.0176484962406015,0.0,0.0012161654135338,0.0,0.019266917293233,0.0074530075187969,0.0018646616541353,0.0
2014-10-15 04:00:00,0.3651835205992509,0.0099775280898876,0.0176011235955056,0.0,0.0012940074906367,0.0,0.0193202247191011,0.0089138576779026,0.0018651685393258,0.0
2014-10-15 05:00:00,2.4758924528301884,0.0114867924528301,0.0172905660377358,0.0,0.0012226415094339,0.0,0.0191509433962264,0.0050245283018867,0.0017924528301886,0.0
2014-10-15 06:00:00,1.9722383612662944,0.0087970204841713,0.0173035381750465,0.0,0.0535065176908752,0.0,0.0190521415270018,0.0050074487895716,0.0017392923649906,0.0
2014-10-15 07:00:00,1.5996370510396976,0.0080869565217391,0.0254177693761814,0.0,0.176508506616257,0.0,0.0191342155009451,0.0050132325141776,0.1023894139886578,0.1091682419659735
2014-10-15 08:00:00,0.8473605313092979,0.0023908918406072,0.0219468690702087,0.0,0.0,0.0,0.0192656546489563,0.0050208728652751,0.0018349146110056,0.0
2014-10-15 09:00:00,0.7402409867172676,0.0089089184060721,0.0206812144212523,0.0,0.0,0.0,0.0190398481973434,0.0050151802656546,0.0017590132827324,0.0838880455407969
2014-10-15 10:00:00,0.6674733840304183,0.0115874524714828,0.016944866920152,0.0,0.0,0.0,0.0193003802281368,0.0050114068441064,0.0017528517110266,0.0
2014-10-15 11:00:00,0.7187950191570882,0.0091321839080459,0.0282049808429118,0.0,0.0,0.0,0.0190689655172413,0.005007662835249,0.0017739463601532,0.1161015325670498
2014-10-15 12:00:00,0.5953833992094861,0.0117114624505928,0.0185652173913043,0.0,0.0,0.0,0.0282430830039525,0.0050197628458498,0.0018043478260869,0.1143517786561264
2014-10-15 13:00:00,0.6923428571428571,0.0118647619047619,0.0184342857142857,0.0,0.0,0.0,0.0958495238095238,0.0050133333333333,0.0017561904761904,0.1795942857142857
2014-10-15 14:00:00,0.7932348484848485,0.0166742424242424,0.0192708333333333,0.0,0.0,0.0,0.0915814393939394,0.0050151515151515,0.0018162878787878,0.0
2014-10-15 15:00:00,0.4254326375711575,0.012561669829222,0.0236907020872865,0.0,0.0,0.0,0.0232675521821631,0.0050284629981024,0.0017760910815939,0.1265559772296015
2014-10-15 16:00:00,0.747156603773585,0.0124981132075471,0.0265094339622641,0.0,0.0,0.0,0.0203528301886792,0.0050075471698113,0.0018679245283018,0.0
2014-10-15 17:00:00,0.612626893939394,0.0179204545454545,0.0233901515151515,0.0,0.0,0.0,0.020342803030303,0.0270018939393939,0.1775227272727272,0.0784166666666666
2014-10-15 18:00:00,0.5198169811320755,0.009654716981132,0.0250283018867924,0.0,0.0,0.0,0.0202679245283018,0.1351132075471698,0.0017075471698113,0.0207471698113207
2014-10-15 19:00:00,0.7024045368620038,0.0021795841209829,0.0347334593572778,0.0,0.0,0.0,0.0202703213610586,0.0753950850661625,0.0017542533081285,0.0
2014-10-15 20:00:00,0.6344109848484849,0.0100416666666666,0.0367310606060606,0.0,0.0,0.0,0.0563352272727272,0.1304109848484848,0.0076268939393939,0.0
2014-10-15 21:00:00,0.6452523540489642,0.0093295668549905,0.0225838041431261,0.0,0.0,0.0,0.0197834274952919,0.1376629001883239,0.0018606403013182,0.0
2014-10-15 22:00:00,0.3146527514231498,0.0093282732447817,0.0272163187855787,0.0,0.0015768500948766,0.0,0.0194098671726755,0.0204781783681214,0.0019108159392789,0.0
2014-10-15 23:00:00,0.3866774193548387,0.0087514231499051,0.04034724857685,0.0,0.0017134724857685,0.0,0.0194592030360531,0.0050303605313092,0.0018956356736242,0.0
2014-10-16 00:00:00,0.2381870229007633,0.0085190839694656,0.0230076335877862,0.0,0.0018816793893129,0.0,0.019456106870229,0.0050248091603053,0.0019198473282442,0.0
2014-10-16 01:00:00,0.276466037735849,0.0002094339622641,0.0235735849056603,0.0,0.0018452830188679,0.0,0.0195245283018867,0.0050094339622641,0.0018905660377358,0.0
2014-10-16 02:00:00,1.870066037735849,0.0086943396226415,0.040988679245283,0.0,0.6238490566037735,0.0,0.0194792452830188,0.0050226415094339,0.0019301886792452,0.0
2014-10-16 03:00:00,0.8087428571428571,0.00824,0.0326666666666666,0.0,0.0185428571428571,0.0,0.0195085714285714,0.0073790476190476,0.001935238095238,0.0
2014-10-16 04:00:00,0.4503201506591337,0.0086177024482109,0.0212994350282485,0.0,0.0012561205273069,0.0,0.0195084745762711,0.0098964218455743,0.0019209039548022,0.0
2014-10-16 05:00:00,2.444452651515152,0.0091590909090909,0.0212973484848484,0.0,0.0013200757575757,0.0,0.0194280303030303,0.0050246212121212,0.0019090909090909,0.0
2014-10-16 06:00:00,1.5232184557438797,0.0043860640301318,0.0394613935969868,0.0,0.0030131826741996,0.0,0.0192881355932203,0.0050112994350282,0.0018531073446327,0.0
2014-10-16 07:00:00,2.1610189035916822,0.0065746691871455,0.0281304347826086,0.0,1.4226313799621928,0.0621285444234404,0.0192173913043478,0.0050170132325141,0.1155671077504725,0.1338620037807183
2014-10-16 08:00:00,0.5292405303030303,0.0099147727272727,0.0202746212121212,0.0,0.0577746212121212,0.0,0.0693143939393939,0.0050151515151515,0.0018863636363636,0.0
2014-10-16 09:00:00,0.3850075901328273,0.0087362428842504,0.0299070208728652,0.0,0.0,0.0,0.0356888045540796,0.0050246679316888,0.0019506641366223,0.1027703984819734
2014-10-16 10:00:00,0.3198159392789373,0.0086888045540796,0.0324098671726755,0.0,0.0,0.0,0.0192979127134724,0.0050132827324478,0.0019506641366223,0.0492865275142315
2014-10-16 11:00:00,0.209,0.0135833333333333,0.0230776515151515,0.0,0.0,0.0,0.0192840909090909,0.005028409090909,0.0019223484848484,0.0
2014-10-16 12:00:00,0.4351548757170172,0.0104493307839388,0.0221300191204588,0.0,0.0,0.0374263862332696,0.019208413001912,0.0050076481835564,0.0800688336520076,0.1123001912045889
2014-10-16 13:00:00,0.5908724202626642,0.0067073170731707,0.0378630393996247,0.0,0.0,0.0,0.0191200750469043,0.0050112570356472,0.0018048780487804,0.08412382739212
2014-10-16 14:00:00,0.2517727272727272,0.0074128787878787,0.0233996212121212,0.0,0.0,0.0,0.0191799242424242,0.0050113636363636,0.0018143939393939,0.0
2014-10-16 15:00:00,0.2940246679316888,0.0116148007590132,0.0202637571157495,0.0,0.0,0.0,0.0191461100569259,0.0050094876660341,0.0017760910815939,0.0
2014-10-16 16:00:00,0.7224283018867925,0.0090867924528301,0.0211396226415094,0.0,0.0,0.0,0.0191226415094339,0.0050075471698113,0.0709622641509434,0.0622415094339622
2014-10-16 17:00:00,0.6391328273244782,0.014977229601518,0.036696394686907,0.0,0.0,0.0,0.0190910815939278,0.052977229601518,0.0852068311195446,0.1307267552182163
2014-10-16 18:00:00,0.584155303030303,0.0094829545454545,0.0247310606060606,0.0,0.0,0.0,0.0190549242424242,0.1330587121212121,0.0017329545454545,0.0
2014-10-16 19:00:00,0.7189942965779468,0.0089505703422053,0.0199486692015209,0.0,0.0,0.0,0.0780589353612167,0.1518498098859315,0.0017946768060836,0.0
2014-10-16 20:00:00,0.7563837429111532,0.0090264650283553,0.0192041587901701,0.0,0.0,0.0,0.0299470699432892,0.1094990548204158,0.0017844990548204,0.0
2014-10-16 21:00:00,1.0794480151228734,0.009274102079395,0.0280888468809073,0.0,0.0,0.0,0.0341909262759924,0.0050245746691871,0.0018884688090737,0.0
2014-10-16 22:00:00,0.5168943396226415,0.0045754716981132,0.0305981132075471,0.0,0.0,0.0,0.0957018867924528,0.0050188679245283,0.0019,0.0
2014-10-16 23:00:00,0.2601869158878505,0.0046392523364485,0.0189813084112149,0.0,0.0,0.0,0.0213700934579439,0.0050205607476635,0.0019177570093457,0.0
2014-10-17 00:00:00,0.2167462406015037,0.0087011278195488,0.0194548872180451,0.0,0.0,0.0,0.0195056390977443,0.0050206766917293,0.0019473684210526,0.0
2014-10-17 01:00:00,0.1842397003745318,0.0107902621722846,0.0184344569288389,0.0,0.0,0.0,0.0194925093632958,0.0050337078651685,0.0019513108614232,0.0
2014-10-17 02:00:00,0.249975791433892,0.0090409683426443,0.0170111731843575,0.0,0.0,0.0,0.019364990689013,0.0050148975791433,0.001925512104283,0.0
2014-10-17 03:00:00,0.9438818011257036,0.0090056285178236,0.0246378986866791,0.0,0.0,0.0,0.0194277673545966,0.0072307692307692,0.0019493433395872,0.0
2014-10-17 04:00:00,0.4891315789473684,0.008672932330827,0.0303007518796992,0.0,0.0,0.0,0.0194661654135338,0.0071240601503759,0.0019454887218045,0.0
2014-10-17 05:00:00,1.0797794392523363,0.0001383177570093,0.0197158878504672,0.0,0.0,0.0,0.0193214953271028,0.005026168224299,0.0018934579439252,0.0
2014-10-17 06:00:00,1.3112569832402234,0.0087988826815642,0.0183985102420856,0.0,0.0,0.0,0.0192737430167597,0.0050204841713221,0.0018864059590316,0.0
2014-10-17 07:00:00,3.224016981132076,0.0087452830188679,0.0185566037735849,0.0,1.1749245283018868,0.0368528301886792,0.0190830188679245,0.0050132075471698,0.1046320754716981,0.0579264150943396
2014-10-17 08:00:00,1.129051330798479,0.0122414448669201,0.0163460076045627,0.0,0.3619448669201521,0.0,0.0191064638783269,0.0050171102661596,0.001722433460076,0.0
2014-10-17 09:00:00,0.3248606403013183,0.0118512241054613,0.0257118644067796,0.0,0.0003107344632768,0.0,0.0243333333333333,0.0050037664783427,0.0018022598870056,0.0883201506591337
2014-10-17 10:00:00,0.2999490566037736,0.0102245283018867,0.0196094339622641,0.0,0.0,0.0,0.094688679245283,0.0050339622641509,0.0018924528301886,0.0
2014-10-17 11:00:00,0.2871487758945386,0.0110715630885122,0.0178154425612052,0.0,0.0,0.0,0.0912881355932203,0.0050112994350282,0.0018512241054613,0.0
2014-10-17 12:00:00,0.8188064516129032,0.0165844402277039,0.0410056925996204,0.0,0.0,0.0,0.029415559772296,0.0050189753320683,0.1266034155597723,0.0801726755218216
2014-10-17 13:00:00,0.2016515151515151,0.0082215909090909,0.0332007575757575,0.0,0.0,0.0,0.0202954545454545,0.0050170454545454,0.001780303030303,0.0
2014-10-17 14:00:00,0.53019165085389,0.0123491461100569,0.0237001897533206,0.0005749525616698,0.0,0.0,0.026977229601518,0.0050151802656546,0.001819734345351,0.0800474383301707
2014-10-17 15:00:00,0.6145657894736841,0.0090996240601503,0.0230582706766917,0.0009304511278195,0.0,0.0,0.0268890977443609,0.0050131578947368,0.0018646616541353,0.1700488721804511
2014-10-17 16:00:00,0.2869868173258003,0.0121337099811676,0.0398229755178907,0.0009227871939736,0.0,0.0,0.0203634651600753,0.0050188323917137,0.00184934086629,0.0478512241054613
2014-10-17 17:00:00,0.2838766603415559,0.0134307400379506,0.0317514231499051,0.0008045540796963,0.0,0.0,0.0202447817836812,0.0050113851992409,0.001785578747628,0.0
2014-10-17 18:00:00,0.6703561904761904,0.0108190476190476,0.02144,0.0005771428571428,0.0,0.0,0.0201714285714285,0.1022647619047619,0.0017580952380952,0.0
2014-10-17 19:00:00,0.7601954459203036,0.0121840607210626,0.025707779886148,0.0007058823529411,0.0,0.0,0.0201859582542694,0.0100759013282732,0.2543889943074003,0.1357685009487666
2014-10-17 20:00:00,0.3906981132075471,0.0105698113207547,0.0386358490566037,0.000866037735849,0.0,0.0,0.0202905660377358,0.0050056603773584,0.0018245283018867,0.0
2014-10-17 21:00:00,1.077872865275142,0.0131669829222011,0.022223908918406,0.0009297912713472,0.0,0.0,0.0204136622390891,0.0795768500948766,0.0018614800759013,0.0796660341555977
2014-10-17 22:00:00,0.9762551984877126,0.0108544423440453,0.0191379962192816,0.0009659735349716,0.0,0.0,0.0203818525519848,0.0882041587901701,0.0018695652173913,0.0
2014-10-17 23:00:00,0.8248735849056603,0.0135339622641509,0.0324867924528301,0.0009867924528301,0.0,0.0,0.0205,0.0050169811320754,0.0018924528301886,0.0
2014-10-18 00:00:00,0.8181153119092628,0.0115482041587901,0.0306710775047258,0.0009829867674858,0.0,0.0,0.0205482041587901,0.0050132325141776,0.0019319470699432,0.0
2014-10-18 01:00:00,0.8107514124293785,0.00539736346516,0.0222128060263653,0.0009887005649717,0.0,0.0,0.0205706214689265,0.0050263653483992,0.0019435028248587,0.0
2014-10-18 02:00:00,1.631136622390892,0.0039013282732447,0.0228519924098671,0.0009943074003795,0.0,0.0,0.0204838709677419,0.0050379506641366,0.001920303605313,0.0
2014-10-18 03:00:00,1.485132325141777,0.0128449905482041,0.0290491493383742,0.000977315689981,0.0,0.0,0.0203818525519848,0.0070982986767485,0.0018506616257088,0.0
2014-10-18 04:00:00,0.8244037735849057,0.0089811320754717,0.0329377358490566,0.0009716981132075,0.0,0.0,0.0204358490566037,0.0100716981132075,0.0018641509433962,0.0
2014-10-18 05:00:00,3.031988679245284,0.0090207547169811,0.0208094339622641,0.0009471698113207,0.0,0.0,0.0203132075471698,0.0050188679245283,0.0018377358490566,0.0
2014-10-18 06:00:00,2.2633308128544423,0.0086578449905482,0.022289224952741,0.1733818525519848,0.2265916824196597,0.0,0.020281663516068,0.0050170132325141,0.0017637051039697,0.0
2014-10-18 07:00:00,1.7442722117202267,0.0121247637051039,0.0281493383742911,0.4289867674858223,0.3015066162570888,0.0,0.0202911153119092,0.0050132325141776,0.0017466918714555,0.1192306238185255
2014-10-18 08:00:00,0.2009606003752345,0.011733583489681,0.0333245778611632,0.0003977485928705,0.0,0.0,0.0194465290806754,0.0050018761726078,0.0016491557223264,0.0
2014-10-18 09:00:00,0.1977674858223062,0.0088960302457466,0.0309470699432892,0.0006616257088846,0.0,0.0,0.0197618147448015,0.0050151228733459,0.0018260869565217,0.0
2014-10-18 10:00:00,0.3226962264150943,0.0068207547169811,0.020188679245283,0.0007207547169811,0.0,0.0,0.0187830188679245,0.0050169811320754,0.0018320754716981,0.1025716981132075
2014-10-18 11:00:00,0.2044256120527307,0.0227664783427495,0.020743879472693,0.000834274952919,0.0,0.0,0.0189001883239171,0.0050188323917137,0.0018775894538606,0.0
2014-10-18 12:00:00,0.4817909604519774,0.0185555555555555,0.0305649717514124,0.0008775894538606,0.0,0.0,0.018969868173258,0.0050225988700564,0.0018907721280602,0.1624821092278719
2014-10-18 13:00:00,0.2014185606060606,0.0162045454545454,0.0370340909090909,0.0009583333333333,0.0,0.0,0.023465909090909,0.0050227272727272,0.0019109848484848,0.0
2014-10-18 14:00:00,0.1955765595463138,0.0086862003780718,0.0221436672967863,0.0009357277882797,0.0,0.0,0.0190793950850661,0.0050207939508506,0.0019395085066162,0.0
2014-10-18 15:00:00,0.1934446529080675,0.005108818011257,0.0213245778611632,0.0009455909943714,0.0,0.0,0.0192007504690431,0.0050225140712945,0.0019380863039399,9.75609756097561e-05
2014-10-18 16:00:00,0.3018367729831144,0.0122382739212007,0.0218236397748592,0.0009606003752345,0.0,0.0,0.0191726078799249,0.0488499061913696,0.001953095684803,0.070733583489681
2014-10-18 17:00:00,0.2084763705103969,0.015461247637051,0.0359886578449905,0.0007901701323251,0.0,0.0,0.0188714555765595,0.008039697542533,0.001867674858223,0.0
2014-10-18 18:00:00,0.2027509433962264,0.0118509433962264,0.0273622641509433,0.0006528301886792,0.0,0.0,0.0187509433962264,0.0050245283018867,0.0018377358490566,0.0
2014-10-18 19:00:00,0.2068962264150943,0.0104754716981132,0.0200528301886792,0.0008150943396226,0.0,0.0,0.0189132075471698,0.0050169811320754,0.0018792452830188,0.0
2014-10-18 20:00:00,0.1992255639097744,0.0083966165413533,0.0217067669172932,0.0007913533834586,0.0,0.0,0.0247236842105263,0.0050150375939849,0.0018721804511278,0.0
2014-10-18 21:00:00,0.2037811320754717,0.002366037735849,0.0257716981132075,0.0008679245283018,0.0,0.0,0.0188830188679245,0.0050283018867924,0.0018452830188679,0.0
2014-10-18 22:00:00,0.4586679245283019,0.0093641509433962,0.0328962264150943,0.0008811320754716,0.0,0.0,0.018954716981132,0.1332849056603773,0.001954716981132,0.0
2014-10-18 23:00:00,0.2698142589118198,0.0096566604127579,0.0223921200750469,0.0009249530956848,0.0,0.0,0.0191407129455909,0.0245478424015009,0.0019343339587242,0.0
2014-10-19 00:00:00,0.243,0.0092570356472795,0.0199380863039399,0.0009774859287054,0.0,0.0,0.0192232645403377,0.0050168855534709,0.0019474671669793,0.0
2014-12-01 00:00:00,0.1965920303605313,3.2258064516129034e-05,0.0199392789373814,0.0009943074003795,0.0018519924098671,0.0,0.0194497153700189,0.0050132827324478,0.0019639468690702,0.0
2014-12-01 01:00:00,0.2021193181818182,0.0088901515151515,0.0263125,0.0009772727272727,0.0017954545454545,0.0,0.0193768939393939,0.0050246212121212,0.0019545454545454,0.0
2014-12-01 02:00:00,0.2022304761904761,0.0085295238095238,0.0235638095238095,0.0009980952380952,0.0018266666666666,0.0,0.0194685714285714,0.0050171428571428,0.0019657142857142,0.0
2014-12-01 03:00:00,1.5170151802656546,0.0082409867172675,0.0201328273244781,0.0009981024667931,1.2794364326375711,0.0,0.0194212523719165,0.0076698292220113,0.001977229601518,0.0
2014-12-01 04:00:00,0.3616420454545454,0.008528409090909,0.0184943181818181,0.001,0.093092803030303,0.0,0.0194924242424242,0.0086988636363636,0.0019848484848484,0.0
2014-12-01 05:00:00,2.554583650190114,0.0,0.0087718631178707,0.0009885931558935,0.0012604562737642,0.0,0.0193269961977186,0.0050038022813688,0.0019600760456273,0.0
2014-12-01 06:00:00,0.5648336483931947,0.0081228733459357,0.0174253308128544,0.0009319470699432,0.0012306238185255,0.0,0.0191833648393194,0.0050075614366729,0.0019092627599243,0.0
2014-12-01 07:00:00,1.7948368121442124,0.0102523719165085,0.0222941176470588,0.0008975332068311,0.000404174573055,0.0439601518026565,0.0190872865275142,0.0050208728652751,0.0769715370018975,0.1173548387096774
2014-12-01 08:00:00,0.322124763705104,0.0122136105860113,0.0207107750472589,0.000937618147448,0.0,0.0,0.0192173913043478,0.0050226843100189,0.0017901701323251,0.0
2014-12-01 09:00:00,0.4023301707779886,0.0072865275142314,0.0213282732447817,0.0009165085388994,0.0,0.0,0.0191859582542694,0.0050284629981024,0.0017685009487666,0.076696394686907
2014-12-01 10:00:00,0.2164169811320754,0.0028528301886792,0.020166037735849,0.0009169811320754,0.0,0.0,0.0191792452830188,0.0050339622641509,0.0018132075471698,0.0
2014-12-01 11:00:00,0.2010380952380952,0.0082990476190476,0.02068,0.0008895238095238,0.0,0.0,0.0191238095238095,0.0050285714285714,0.0017523809523809,0.0
2014-12-01 12:00:00,0.2035771428571428,0.0100571428571428,0.020287619047619,0.0008647619047619,0.0,0.0,0.0192533333333333,0.0050171428571428,0.0017638095238095,0.0
2014-12-01 13:00:00,0.4391931166347992,0.0113709369024856,0.0198929254302103,0.0008948374760994,0.0,0.0343154875717017,0.0192734225621414,0.005019120458891,0.0908087954110898,0.128755258126195
2014-12-01 14:00:00,0.3341698473282443,0.0059847328244274,0.0241316793893129,0.0009274809160305,0.0,0.0,0.0192977099236641,0.0050286259541984,0.0018187022900763,0.0
2014-12-01 15:00:00,0.3467039848197343,0.0039620493358633,0.0214402277039848,0.0009449715370018,0.0,0.0,0.0192789373814041,0.0050246679316888,0.0017703984819734,0.1030455407969639
2014-12-01 16:00:00,1.3720492424242423,0.0108598484848484,0.0225511363636363,0.0007897727272727,0.0,0.0,0.0191590909090909,0.0050113636363636,0.0019753787878787,0.0
2014-12-01 17:00:00,0.4044829545454546,0.0112272727272727,0.0241950757575757,0.0007935606060606,0.0,0.0,0.0190890151515151,0.0317386363636363,0.0017386363636363,0.1050909090909091
2014-12-01 18:00:00,0.4894659090909091,0.0088693181818181,0.0215700757575757,0.0008143939393939,0.0,0.0,0.0191515151515151,0.1351704545454545,0.0017727272727272,0.0
2014-12-01 19:00:00,0.5249032258064515,0.0087362428842504,0.0183415559772296,0.0009411764705882,0.0,0.0,0.0193130929791271,0.1218842504743833,0.0018140417457305,0.0
2014-12-01 20:00:00,0.497758034026465,0.009351606805293,0.0261209829867674,0.0009621928166351,0.0,0.0,0.0192627599243856,0.119054820415879,0.0018657844990548,0.0
2014-12-01 21:00:00,0.97615065913371,0.0038060263653483,0.0202146892655367,0.0009529190207156,0.0,0.0,0.019367231638418,0.099969868173258,0.0018700564971751,0.0
2014-12-01 22:00:00,0.5129278937381404,0.0069297912713472,0.0215882352941176,0.000988614800759,0.0,0.0,0.0193776091081593,0.010662239089184,0.0019373814041745,0.0
2014-12-01 23:00:00,0.4291458333333333,0.0087310606060606,0.0226875,0.0009829545454545,0.0,0.0,0.0194147727272727,0.0050321969696969,0.0019261363636363,0.0
2014-12-02 00:00:00,0.5607897727272727,0.008623106060606,0.0210056818181818,0.0009943181818181,0.0,0.0,0.0194564393939393,0.0050340909090909,0.0019602272727272,0.0
2014-12-02 01:00:00,1.1914318181818182,0.0082878787878787,0.0231477272727272,0.0009924242424242,0.0,0.0,0.0193333333333333,0.0050208333333333,0.0019375,0.0
2014-12-02 02:00:00,1.153925855513308,0.0100722433460076,0.0210551330798479,0.0009904942965779,0.0,0.0,0.0221787072243346,0.0050171102661596,0.0018954372623574,0.0
2014-12-02 03:00:00,0.4378499061913696,0.0004690431519699,0.02465478424015,0.0009887429643527,0.0,0.0,0.0193977485928705,0.00759287054409,0.001921200750469,0.0
2014-12-02 04:00:00,0.6472414448669201,0.0085874524714828,0.0206083650190114,0.0009790874524714,0.0,0.0,0.0193346007604562,0.0094562737642585,0.0019429657794676,0.0
2014-12-02 05:00:00,3.1289223484848483,0.0082973484848484,0.0149431818181818,0.0009412878787878,0.0,0.0,0.0193636363636363,0.0050113636363636,0.0018541666666666,0.0
2014-12-02 06:00:00,1.1104716981132077,0.0081566037735849,0.0123641509433962,0.0008679245283018,0.0,0.0,0.0227377358490566,0.0050169811320754,0.001766037735849,0.0
2014-12-02 07:00:00,1.7897693761814744,0.0107977315689981,0.0135803402646502,0.0008809073724007,0.0,0.0455028355387523,0.0190415879017013,0.0050170132325141,0.0561739130434782,0.1149546313799621
2014-12-02 08:00:00,0.771931688804554,0.0081214421252371,0.0199089184060721,0.0008880455407969,0.0,0.0,0.0189108159392789,0.0050189753320683,0.0019259962049335,0.08107779886148
2014-12-02 09:00:00,0.5101119544592031,0.0025692599620493,0.01980834914611,0.0008975332068311,0.0,0.0,0.0191783681214421,0.0050075901328273,0.0019297912713472,0.0
2014-12-02 10:00:00,0.5933308128544423,0.0087448015122873,0.0201663516068052,0.0009281663516068,0.0,0.0,0.0694120982986767,0.0050189035916824,0.0019168241965973,0.091164461247637
2014-12-02 11:00:00,0.6203276515151515,0.0092140151515151,0.0201515151515151,0.0009393939393939,0.0,0.0,0.0981837121212121,0.0050378787878787,0.0019109848484848,0.1127386363636363
2014-12-02 12:00:00,0.424032196969697,0.0091950757575757,0.0231193181818181,0.0009545454545454,0.0,0.0,0.0309583333333333,0.0050189393939393,0.001965909090909,0.1187518939393939
2014-12-02 13:00:00,0.2202314990512333,0.0156375711574952,0.0206717267552182,0.0009013282732447,0.0,0.0,0.0192068311195445,0.0050189753320683,0.0019487666034155,0.0
2014-12-02 14:00:00,0.4253726235741444,0.0094068441064638,0.0158460076045627,0.0008992395437262,0.0,0.0,0.0191939163498098,0.0050323193916349,0.0019239543726235,0.0
2014-12-02 15:00:00,0.4721079545454545,0.0032272727272727,0.0099753787878787,0.0008787878787878,0.0,0.0,0.0191420454545454,0.0050189393939393,0.0019147727272727,0.0716458333333333
2014-12-02 16:00:00,1.3522846299810247,0.0179791271347248,0.0139392789373814,0.0007457305502846,0.0,0.0,0.0201707779886148,0.0050246679316888,0.050134724857685,0.0
2014-12-02 17:00:00,0.5037243346007605,0.0141121673003802,0.0195817490494296,0.0006825095057034,0.0,0.0,0.0202585551330798,0.0322680608365019,0.0250380228136882,0.0818840304182509
2014-12-02 18:00:00,0.3596273764258555,0.0087110266159695,0.0206730038022813,0.0008802281368821,0.0,0.0,0.0203193916349809,0.1351102661596958,0.0017794676806083,0.0
2014-12-02 19:00:00,0.3812935606060606,0.0079375,0.0290511363636363,0.0009337121212121,0.0,0.0,0.0199299242424242,0.0790416666666666,0.0018276515151515,0.0
2014-12-02 20:00:00,0.4892495274102079,0.0048317580340264,0.0200170132325141,0.0008714555765595,0.0,0.0,0.0195973534971644,0.1110434782608695,0.0017769376181474,0.0
2014-12-02 21:00:00,0.9437750472589792,0.0084234404536862,0.0209754253308128,0.0009432892249527,0.0,0.0,0.0196181474480151,0.1360793950850661,0.0018355387523629,0.0
2014-12-02 22:00:00,0.6348714555765596,0.0086767485822306,0.0162306238185255,0.0009659735349716,0.0011039697542533,0.0,0.044156899810964,0.0322287334593572,0.0018374291115311,0.0
2014-12-02 23:00:00,0.413943074003795,0.0083833017077798,0.006134724857685,0.0009905123339658,0.0019734345351043,0.0,0.0200018975332068,0.0050208728652751,0.0019165085388994,0.0
2014-12-03 00:00:00,0.4202537593984962,0.0083872180451127,0.0207105263157894,0.001,0.0019924812030075,0.0,0.0201466165413533,0.0050300751879699,0.0019304511278195,0.0
2014-12-03 01:00:00,0.4143728813559322,0.0,0.0209227871939736,0.0009962335216572,0.0019981167608286,0.0,0.0201393596986817,0.0050301318267419,0.001924670433145,0.0
2014-12-03 02:00:00,1.2373771106941838,0.0083527204502814,0.0206003752345215,0.0009906191369606,0.0019887429643527,0.0,0.0198855534709193,0.0050337711069418,0.0018986866791744,0.0
2014-12-03 03:00:00,1.519278409090909,0.008090909090909,0.0154962121212121,0.000967803030303,0.6523333333333333,0.0,0.0198655303030303,0.0076003787878787,0.0018162878787878,0.0
2014-12-03 04:00:00,0.9859261363636364,0.0062670454545454,0.0081174242424242,0.0009962121212121,0.0594621212121212,0.0,0.0198314393939393,0.0077840909090909,0.001873106060606,0.0
2014-12-03 05:00:00,2.986804924242424,0.0015416666666666,0.0231893939393939,0.0009507575757575,0.0012272727272727,0.0,0.0197575757575757,0.006,0.0076117424242424,0.0
2014-12-03 06:00:00,1.845094517958412,0.0087315689981096,0.0216729678638941,0.0009319470699432,0.0012041587901701,0.0,0.0195652173913043,0.0054404536862003,0.0017769376181474,0.0
2014-12-03 07:00:00,1.7829885931558935,0.010083650190114,0.0172034220532319,0.0009163498098859,6.653992395437263e-05,0.0341520912547528,0.0196349809885931,0.0050228136882129,0.0833269961977186,0.1455703422053232
2014-12-03 08:00:00,0.2030819047619047,0.0080761904761904,0.0043428571428571,0.0008590476190476,0.0,0.0,0.019567619047619,0.0050228571428571,0.0018704761904761,0.0
2014-12-03 09:00:00,0.1968121442125237,0.0003111954459203,0.0213339658444022,0.0008842504743833,0.0,0.0,0.0195920303605313,0.0050246679316888,0.0018823529411764,0.0
2014-12-03 10:00:00,0.2166496212121212,0.0086325757575757,0.0229393939393939,0.0009583333333333,0.0,0.0,0.019842803030303,0.0050170454545454,0.0019147727272727,0.0
2014-12-03 11:00:00,0.1959713740458015,0.0083263358778625,0.0075515267175572,0.000929389312977,0.0,0.0,0.0196946564885496,0.0050229007633587,0.0018912213740458,0.0
2014-12-03 12:00:00,0.2023130929791271,0.0044326375711574,0.0140626185958254,0.0009468690702087,0.0,0.0,0.0197609108159392,0.0050322580645161,0.0018994307400379,0.0
2014-12-03 13:00:00,0.1953130929791271,0.0035673624288425,0.0217419354838709,0.0009297912713472,0.0,0.0,0.0197096774193548,0.0050303605313092,0.0018918406072106,0.0
2014-12-03 14:00:00,0.2072835538752362,0.0082230623818525,0.0202476370510396,0.0009508506616257,0.0,0.0,0.0197051039697542,0.0050321361058601,0.0019243856332703,0.0
2014-12-03 15:00:00,0.1973797709923664,0.008118320610687,0.0105248091603053,0.0009255725190839,0.0,0.0,0.0197614503816793,0.0050190839694656,0.0018625954198473,0.0
2014-12-03 16:00:00,0.2852857142857142,0.0,0.0100266666666666,0.0008590476190476,1.1428571428571427e-05,0.0,0.0194780952380952,0.0050323809523809,0.0018514285714285,0.0501409523809523
2014-12-03 17:00:00,0.430087619047619,0.0086361904761904,0.0200971428571428,0.0008190476190476,0.0,0.0,0.0195523809523809,0.0050114285714285,0.0018057142857142,0.0897695238095238
2014-12-03 18:00:00,0.5004015296367113,0.01551051625239,0.0205965583173996,0.0008929254302103,0.0,0.0,0.0195372848948374,0.1350803059273422,0.0018699808795411,0.0
2014-12-03 19:00:00,0.8913564547206166,0.0107784200385356,0.0214470134874759,0.0009344894026974,0.0,0.0,0.0197129094412331,0.0603622350674373,0.001897880539499,0.0838670520231213
2014-12-03 20:00:00,0.4806358490566038,0.0072150943396226,0.0067735849056603,0.0008981132075471,0.0,0.0,0.0195754716981132,0.0063509433962264,0.001888679245283,0.0
2014-12-03 21:00:00,0.4074117647058823,0.0047058823529411,0.014493358633776,0.0009373814041745,0.0,0.0,0.0198159392789373,0.1377609108159392,0.001943074003795,0.0
2014-12-03 22:00:00,0.8259066666666667,0.0085809523809523,0.0217619047619047,0.0008971428571428,0.0,0.0,0.0195504761904761,0.0181047619047619,0.0019009523809523,0.0
2014-12-03 23:00:00,0.5011007604562737,0.0083022813688212,0.0229885931558935,0.0009657794676806,0.0,0.0,0.0195950570342205,0.0051501901140684,0.0018954372623574,0.0
2014-12-04 00:00:00,0.4396856060606061,0.008092803030303,0.0060075757575757,0.0009905303030303,0.0,0.0,0.0197140151515151,0.0051022727272727,0.0019223484848484,0.0
2014-12-04 01:00:00,0.4253738140417457,0.0,0.0161385199240986,0.0009829222011385,0.0,0.0,0.0197798861480075,0.0051423149905123,0.0019582542694497,0.0
2014-12-04 02:00:00,0.4665513307984791,0.0098479087452471,0.0214942965779467,0.0009714828897338,0.0,0.0,0.0196958174904942,0.005180608365019,0.0019391634980988,0.0
2014-12-04 03:00:00,0.4483333333333333,0.0078333333333333,0.0222537878787878,0.0009753787878787,0.0,0.0,0.0197443181818181,0.0074943181818181,0.0019412878787878,0.0
2014-12-04 04:00:00,0.6700773584905659,0.0006792452830188,0.0019924528301886,0.0009679245283018,0.0,0.0,0.0197264150943396,0.0097716981132075,0.0019396226415094,0.0
2014-12-04 05:00:00,2.9575057034220533,0.0073250950570342,0.020296577946768,0.0009258555133079,0.0,0.0,0.0195342205323193,0.0051121673003802,0.0019182509505703,0.0
2014-12-04 06:00:00,3.17651893939394,0.007905303030303,0.0217727272727272,0.0008560606060606,0.892998106060606,0.0,0.0194242424242424,0.0051060606060606,0.0821060606060606,0.0988465909090909
2014-12-04 07:00:00,2.05568880455408,0.0085825426944971,0.021258064516129,0.0008880455407969,0.6989677419354839,0.0588576850094876,0.0194990512333965,0.0051062618595825,0.0017020872865275,0.0
2014-12-04 08:00:00,0.4439643527204502,0.0,0.0008311444652908,0.000874296435272,0.0013133208255159,0.0,0.0194821763602251,0.0051444652908067,0.0022063789868667,0.0750562851782364
2014-12-04 09:00:00,0.3290018903591682,0.0080718336483931,0.0215293005671077,0.0008714555765595,0.0,0.0,0.0330945179584121,0.0051417769376181,0.0017466918714555,0.0
2014-12-04 10:00:00,0.6066622641509434,0.0088245283018867,0.0221245283018867,0.0009415094339622,0.0,0.0339320754716981,0.0210018867924528,0.0051490566037735,0.0991,0.1064113207547169
2014-12-04 11:00:00,0.2169563567362429,0.0114079696394686,0.0205768500948766,0.0009070208728652,0.0,0.0,0.0210246679316888,0.0051271347248576,0.001831119544592,0.0
2014-12-04 12:00:00,0.2005197740112994,0.0005047080979284,0.0,0.0009661016949152,0.0,0.0,0.0211393596986817,0.0051638418079096,0.0018116760828625,0.0
2014-12-04 13:00:00,0.2156672967863894,0.0078714555765595,0.0240340264650283,0.0009149338374291,0.0,0.0,0.0210094517958412,0.0051550094517958,0.003047258979206,0.0
2014-12-04 14:00:00,0.217853889943074,0.0079392789373814,0.0214345351043643,0.0009165085388994,0.0,0.0,0.0210569259962049,0.0051423149905123,0.001819734345351,0.0
2014-12-04 15:00:00,0.2052561205273069,0.0081318267419962,0.0223107344632768,0.0008531073446327,0.0,0.0,0.020984934086629,0.0051525423728813,0.1252674199623352,0.0
2014-12-04 16:00:00,0.3766212121212121,0.0118068181818181,0.0259090909090909,0.0006761363636363,0.0,0.0,0.0207708333333333,0.0051117424242424,0.0016003787878787,0.0
2014-12-04 17:00:00,0.8558747628083492,0.0325920303605313,0.0548690702087286,0.0008064516129032,0.0,0.0,0.0208937381404174,0.005100569259962,0.0017172675521821,0.1550948766603415
2014-12-04 18:00:00,0.990685606060606,0.0091287878787878,0.0437386363636363,0.0009128787878787,0.0,0.0,0.0210037878787878,0.1225681818181818,0.0018143939393939,0.0
2014-12-04 19:00:00,0.690453154875717,0.0177915869980879,0.0415697896749521,0.0009388145315487,0.0,0.0,0.0210650095602294,0.0674187380497132,0.0018030592734225,0.0
2014-12-04 20:00:00,0.7632751423149905,0.0185426944971537,0.0383548387096774,0.0008880455407969,0.0,0.0,0.0209791271347248,0.1328045540796964,0.0018140417457305,0.0825351043643263
2014-12-04 21:00:00,0.5069867674858223,0.0007618147448015,0.0376691871455576,0.0009621928166351,0.0019357277882797,0.0,0.0211039697542533,0.1321077504725898,0.0018620037807183,0.0
2014-12-04 22:00:00,0.8616337760910816,0.0162163187855787,0.0354554079696394,0.0009753320683111,0.0,0.0,0.0211461100569259,0.0353851992409867,0.0018349146110056,0.0
2014-12-04 23:00:00,0.5682140151515152,0.0079734848484848,0.0351193181818181,0.0009791666666666,0.0,0.0,0.0211628787878787,0.005030303030303,0.0018617424242424,0.0
2014-12-05 00:00:00,0.5610603773584906,0.0056018867924528,0.0342169811320754,0.0009735849056603,0.0,0.0,0.0211679245283018,0.0050283018867924,0.0018830188679245,0.0
2014-12-05 01:00:00,0.5430170777988614,0.0127001897533206,0.0283074003795066,0.0009867172675521,0.0,0.0,0.0211688804554079,0.0050132827324478,0.0116185958254269,0.0
2014-12-05 02:00:00,1.3456444866920152,0.0006235741444866,0.0200114068441064,0.0009904942965779,0.0,0.0,0.021051330798479,0.0050209125475285,0.0018498098859315,0.0
2014-12-05 03:00:00,0.8812301886792453,0.0113396226415094,0.020543396226415,0.000977358490566,0.0,0.0,0.0211056603773584,0.0073037735849056,0.0020735849056603,0.0
2014-12-05 04:00:00,0.8411098484848485,0.0108977272727272,0.0234943181818181,0.0009753787878787,0.0,0.0,0.0211325757575757,0.0097537878787878,0.0038560606060606,0.0
2014-12-05 05:00:00,3.173269303201507,0.0,0.0311242937853107,0.0009171374764595,0.0,0.0,0.0209830508474576,0.0050112994350282,0.0017853107344632,0.0
2014-12-05 06:00:00,2.526723484848485,0.0107064393939393,0.0284071969696969,0.0008674242424242,0.0,0.0,0.0210227272727272,0.0050246212121212,0.1263011363636363,0.1020284090909091
2014-12-05 07:00:00,1.9910433962264151,0.0136584905660377,0.0208679245283018,0.000866037735849,0.8907301886792454,0.0290490566037735,0.0210094339622641,0.0050132075471698,0.0017792452830188,0.0
2014-12-05 08:00:00,0.8779566854990584,0.0023163841807909,0.0197627118644067,0.0009811676082862,0.0053333333333333,0.0,0.021532956685499,0.0050451977401129,0.0018380414312617,0.0920131826741996
2014-12-05 09:00:00,0.6415188679245283,0.0110396226415094,0.0196490566037735,0.0009735849056603,0.0,0.0,0.0216207547169811,0.0050358490566037,0.0018339622641509,0.0
2014-12-05 10:00:00,0.3402542694497154,0.0051252371916508,0.0194667931688804,0.0009867172675521,0.0,0.0,0.0216888045540796,0.0050322580645161,0.0018671726755218,0.1040455407969639
2014-12-05 11:00:00,0.2009280303030303,0.0082727272727272,0.0185814393939393,0.0009886363636363,0.0,0.0,0.0217708333333333,0.0050700757575757,0.0019242424242424,0.0
2014-12-05 12:00:00,0.3938714555765595,0.0145992438563327,0.0246710775047258,0.0009905482041587,0.0,0.0201474480151228,0.0216805293005671,0.0050340264650283,0.0901909262759924,0.0792230623818525
2014-12-05 13:00:00,0.1966611418047882,0.0,0.0249705340699815,0.00097605893186,0.0,0.0,0.0216574585635359,0.005049723756906,0.0018581952117863,0.0
2014-12-05 14:00:00,0.2354671669793621,0.0109868667917448,0.0271669793621013,0.0009906191369606,0.0,0.0,0.0216510318949343,0.0050600375234521,0.0018911819887429,0.0
2014-12-05 15:00:00,0.3331115311909262,1.3232514177693762e-05,0.0265841209829867,0.000992438563327,0.0,0.0,0.0216994328922495,0.0050340264650283,0.0018998109640831,0.0988790170132325
2014-12-05 16:00:00,0.8220340909090909,0.0110890151515151,0.0192121212121212,0.0008882575757575,0.0,0.0,0.0214261363636363,0.0736761363636363,0.0018011363636363,0.0
2014-12-05 17:00:00,0.6092329545454545,0.0163882575757575,0.0189261363636363,0.000903409090909,0.0,0.0,0.0214090909090909,0.0051875,0.0389583333333333,0.1260549242424242
2014-12-05 18:00:00,0.4995708884688091,0.0081436672967863,0.0222759924385633,0.0009281663516068,0.0,0.0,0.0214045368620037,0.1318449905482041,0.0018487712665406,0.0
2014-12-05 19:00:00,0.5087811320754717,0.0070792452830188,0.0197849056603773,0.0009339622641509,0.0,0.0,0.0214849056603773,0.1332056603773585,0.001866037735849,0.0
2014-12-05 20:00:00,0.6385028462998102,0.012954459203036,0.0218899430740037,0.0009354838709677,0.0,0.0,0.0214895635673624,0.132920303605313,0.0018880455407969,0.0660872865275142
2014-12-05 21:00:00,0.6360795454545455,0.0,0.0219924242424242,0.0009602272727272,0.0,0.0,0.0784772727272727,0.1100378787878787,0.0018958333333333,0.0
2014-12-05 22:00:00,0.9464440227703984,0.0122941176470588,0.020527514231499,0.0009677419354838,0.000696394686907,0.0,0.0592485768500948,0.0051783681214421,0.0018956356736242,0.0
2014-12-05 23:00:00,0.4794366729678639,0.0112873345935727,0.0143875236294896,0.0009754253308128,0.0018941398865784,0.0,0.0192173913043478,0.0051474480151228,0.001867674858223,0.0
2014-12-06 00:00:00,0.6967062146892655,0.0023728813559322,0.0058399246704331,0.1253088512241054,0.0885009416195856,0.0,0.019322033898305,0.0051337099811676,0.0019265536723163,0.0
2014-12-06 01:00:00,2.044964150943396,0.0113490566037735,0.0193301886792452,0.725711320754717,0.6110264150943396,0.0,0.0192320754716981,0.0051358490566037,0.0018584905660377,0.0
2014-12-06 02:00:00,1.3065057034220533,0.0,0.0218346007604562,0.0018916349809885,0.0013155893536121,0.0,0.0192661596958174,0.0051863117870722,0.0018973384030418,0.0
2014-12-06 03:00:00,0.622843984962406,0.011078947368421,0.0223157894736842,0.0009548872180451,0.0012650375939849,0.0,0.019375939849624,0.008328947368421,0.0019454887218045,0.0
2014-12-06 04:00:00,1.347952741020794,0.0,0.0050812854442344,0.0009621928166351,0.0012362948960302,0.0,0.0193345935727788,0.009054820415879,0.0019243856332703,0.0
2014-12-06 05:00:00,3.5247202268431,0.0113005671077504,0.0215368620037807,0.0009319470699432,0.0012362948960302,0.0,0.0192703213610586,0.0051890359168241,0.0019508506616257,0.0
2014-12-06 06:00:00,2.526304347826087,5.671077504725898e-06,0.0251928166351606,0.0008223062381852,0.2129716446124764,0.0,0.0191984877126654,0.005164461247637,0.0018695652173913,0.1066030245746691
2014-12-06 07:00:00,1.000454033771107,0.0171388367729831,0.0034015009380863,0.0008874296435272,0.020076923076923,0.0,0.019264540337711,0.0051988742964352,0.0018949343339587,0.0049399624765478
2014-12-06 08:00:00,0.1955921052631579,0.0,0.0191860902255639,0.0006654135338345,0.0,0.0,0.0190883458646616,0.0051334586466165,0.0017142857142857,0.0
2014-12-06 09:00:00,0.2226761363636363,0.0101325757575757,0.0289166666666666,0.0006609848484848,0.0,0.0,0.0191060606060606,0.0051496212121212,0.0017443181818181,0.0
2014-12-06 10:00:00,0.2193742911153119,0.0,0.0,0.0007334593572778,0.0,0.0,0.0192703213610586,0.0051758034026465,0.0017844990548204,0.0
2014-12-06 11:00:00,0.2377312030075188,0.0110827067669172,0.0223195488721804,0.0007518796992481,0.0,0.0,0.0191823308270676,0.0051466165413533,0.0017875939849624,0.0
2014-12-06 12:00:00,0.6942003780718335,0.0160340264650283,0.0218468809073724,0.0008979206049149,0.0,0.0394896030245746,0.0192627599243856,0.0051587901701323,0.0833572778827977,0.1130982986767485
2014-12-06 13:00:00,0.2137685009487666,0.0024743833017077,0.0228159392789373,0.0002163187855787,0.0,0.0,0.0193434535104364,0.0051954459203036,0.0018785578747628,0.0
2014-12-06 14:00:00,0.2243111954459203,0.0110759013282732,0.0148216318785578,0.0,0.0,0.0,0.0193055028462998,0.0051650853889943,0.0018766603415559,0.0
2014-12-06 15:00:00,0.4322905660377358,0.0123528301886792,0.0113943396226415,0.0,0.0,0.0,0.0192528301886792,0.088466037735849,0.0018415094339622,0.0782301886792452
2014-12-06 16:00:00,0.4495323193916349,0.0,0.0211273764258555,0.0,0.0,0.0,0.0191711026615969,0.1340551330798479,0.0017851711026615,0.0
2014-12-06 17:00:00,0.595814393939394,0.0143693181818181,0.0203238636363636,0.0,0.0,0.0,0.0190871212121212,0.0250643939393939,0.0017367424242424,0.0
2014-12-06 18:00:00,0.5179068441064638,0.0151958174904942,0.0221825095057034,0.0,0.0,0.0,0.019190114068441,0.0315589353612167,0.0017585551330798,0.0
2014-12-06 19:00:00,0.8341976516634051,1.36986301369863e-05,0.0207612524461839,0.0,0.0,0.0,0.0192035225048923,0.1356027397260274,0.0550058708414872,0.1176399217221135
2014-12-06 20:00:00,0.542587890625,0.015509765625,0.0237109375,0.0,0.0,0.0,0.019287109375,0.04608203125,0.01536328125,0.0
2014-12-06 21:00:00,0.6921162324649299,0.0145751503006012,0.0293947895791583,0.0,0.0,0.0,0.0192985971943887,0.1353366733466934,0.0019719438877755,0.0
2014-12-06 22:00:00,0.6244630350194552,0.0022704280155642,0.0093813229571984,0.0,0.0,0.0,0.0193910505836575,0.1323696498054474,0.0019902723735408,0.0
2014-12-06 23:00:00,0.7719454887218045,0.0131315789473684,0.0115357142857142,0.0,0.0,0.0,0.0194060150375939,0.0104793233082706,0.0019680451127819,0.0
2014-12-07 00:00:00,0.5786101694915254,0.007563088512241,0.0213898305084745,0.0,0.0,0.0,0.0193578154425612,0.0051676082862523,0.0019378531073446,0.0
2014-12-07 01:00:00,0.5349506641366224,0.004201138519924,0.0220398481973434,0.0,0.0,0.0,0.0192960151802656,0.0051878557874762,0.0019449715370018,0.0
2014-12-07 02:00:00,1.3759641509433962,0.0114584905660377,0.0214849056603773,0.0,0.0,0.0,0.019266037735849,0.0051264150943396,0.0019264150943396,0.0
2014-12-07 03:00:00,0.9490075757575758,0.0,0.0263806818181818,0.0,0.0,0.0,0.0192859848484848,0.0082462121212121,0.0019412878787878,0.0
2014-12-07 04:00:00,0.9177946768060836,0.0115646387832699,0.0205380228136882,0.0,0.0,0.0,0.0193212927756653,0.0091653992395437,0.001967680608365,0.0
2014-12-07 05:00:00,3.0156105860113422,0.0077939508506616,0.0171077504725897,0.0,0.0,0.0,0.0193156899810964,0.0051398865784499,0.0019187145557655,0.0
2014-12-07 06:00:00,2.4515480225988697,0.0028926553672316,0.0118606403013182,0.0,0.0,0.0,0.0192636534839924,0.0051054613935969,0.0019340866290018,0.0
2014-12-07 07:00:00,1.863497164461248,0.0153327032136105,0.0129546313799621,0.0,0.0,0.0,0.0192570888468809,0.0051417769376181,0.0018903591682419,0.1173742911153119
2014-12-07 08:00:00,0.7412881355932203,0.0177306967984934,0.0219792843691148,0.0,0.0,0.0,0.0193408662900188,0.0051845574387947,0.0019227871939736,0.0
2014-12-07 09:00:00,0.4197627118644068,1.1299435028248587e-05,0.0207212806026365,0.0,0.0,0.0,0.0192561205273069,0.0051431261770244,0.0018964218455743,0.1027514124293785
2014-12-07 10:00:00,0.3114333958724202,0.0188874296435272,0.0310919324577861,0.0,0.0,0.0,0.019264540337711,0.0051594746716697,0.0019399624765478,0.0
2014-12-07 11:00:00,0.3020812854442344,0.0049432892249527,0.0209470699432892,0.0,0.0,0.0,0.0192230623818525,0.0051398865784499,0.0019187145557655,0.0
2014-12-07 12:00:00,0.8199412878787878,0.0084696969696969,0.0254280303030303,0.0,0.0,0.0,0.01925,0.0051155303030303,0.1858371212121212,0.1948579545454545
2014-12-07 13:00:00,0.3807973484848485,0.0178560606060606,0.0208844696969696,0.0,0.0,0.0,0.0193162878787878,0.0415454545454545,0.0018768939393939,0.0106515151515151
2014-12-07 14:00:00,0.4479810964083175,0.0,0.0187240075614366,0.0,0.0,0.0,0.0192457466918714,0.0591474480151228,0.0018374291115311,0.0
2014-12-07 15:00:00,0.219903041825095,0.0103307984790874,0.0211939163498098,0.0,0.0,0.0,0.0192452471482889,0.0060589353612167,0.0018022813688212,0.0
2014-12-07 16:00:00,0.2723624288425048,0.0086148007590132,0.0222409867172675,0.0,0.0,0.0,0.0190265654648956,0.0057191650853889,0.0016565464895635,0.0
2014-12-07 17:00:00,0.289743879472693,0.0,0.0205725047080979,0.0,0.0,0.0,0.0189830508474576,0.0050772128060263,0.001608286252354,0.0
2014-12-07 18:00:00,0.3168131212723657,0.0091510934393638,0.0231212723658051,0.0,0.0,0.0,0.0206500994035785,0.0215785288270377,0.0016361829025844,0.0
2014-12-07 19:00:00,0.3234752066115702,0.0093615702479338,0.0217954545454545,0.0,0.0,0.0,0.0191301652892561,0.025293388429752,0.0017355371900826,0.0
2014-12-07 20:00:00,0.5122868068833653,0.0032829827915869,0.0206978967495219,0.0,0.0,0.0,0.0190841300191204,0.0485411089866156,0.0017074569789674,0.1172753346080306
2014-12-07 21:00:00,0.4815189393939393,0.0062140151515151,0.0101003787878787,0.0,0.0,0.0,0.0192310606060606,0.1336685606060605,0.0018314393939393,0.0
2014-12-07 22:00:00,1.006639468690702,0.0094364326375711,0.0114383301707779,0.0,0.0,0.0,0.0191992409867172,0.1328159392789373,0.0018235294117647,0.0
2014-12-07 23:00:00,0.5228231939163499,0.0108136882129277,0.021296577946768,0.0,0.0,0.0,0.0193365019011406,0.041861216730038,0.0018783269961977,0.0
2014-12-08 00:00:00,0.4516954022988506,0.0023735632183908,0.0215421455938697,0.0,0.0,0.0,0.0193333333333333,0.0051762452107279,0.0018888888888888,0.0
2014-12-08 01:00:00,0.4487912713472486,0.0065749525616698,0.0234876660341556,0.0,0.0,0.0,0.0192998102466793,0.0051176470588235,0.0018671726755218,0.0
2014-12-08 02:00:00,0.4423691148775895,0.0083653483992467,0.0218926553672316,0.0,0.0,0.0,0.0192806026365348,0.0051393596986817,0.0019077212806026,0.0
2014-12-08 03:00:00,0.4279867424242424,0.0024867424242424,0.0027594696969696,0.0,0.0,0.0,0.0194071969696969,0.0083882575757575,0.0019223484848484,0.0
2014-12-08 04:00:00,0.7915494296577947,0.0058403041825095,0.0187129277566539,0.0,0.0,0.0,0.0193555133079847,0.008967680608365,0.0019049429657794,0.0
2014-12-08 05:00:00,2.961339015151515,0.0081268939393939,0.0234280303030303,0.0,0.0,0.0,0.0193181818181818,0.0051515151515151,0.0018503787878787,0.0
2014-12-08 06:00:00,1.0063239171374765,0.0,0.0222429378531073,0.0,0.0,0.0,0.0191468926553672,0.0051487758945386,0.0018229755178907,0.0
2014-12-08 07:00:00,2.114876893939394,0.0087329545454545,0.0046060606060606,0.0,0.0,0.0,0.0191439393939393,0.0051420454545454,0.0764867424242424,0.082467803030303
2014-12-08 08:00:00,1.408086956521739,0.0129073724007561,0.0168412098298676,0.0,0.0,0.0,0.0190302457466918,0.0051436672967863,0.0018941398865784,0.0
2014-12-08 09:00:00,0.8110340264650283,0.0021190926275992,0.0230359168241965,0.0,0.0,0.0,0.0249357277882797,0.005109640831758,0.0018884688090737,0.0967977315689981
2014-12-08 10:00:00,0.9173714821763602,0.0080168855534709,0.0223001876172607,0.0,0.0,0.0,0.0360938086303939,0.0051463414634146,0.0019418386491557,0.0
2014-12-08 11:00:00,0.4794463276836158,0.012306967984934,0.0212561205273069,0.0,3.766478342749529e-06,0.0,0.019291902071563,0.0051694915254237,0.0019510357815442,0.0
2014-12-08 12:00:00,0.7504369114877589,0.0075725047080979,0.0007005649717514,0.0,0.0,0.0552241054613936,0.019276836158192,0.0051996233521657,0.0974896421845574,0.122623352165725
2014-12-08 13:00:00,0.4621309297912713,0.0039297912713472,0.0198235294117647,0.0,0.0,0.0148709677419354,0.0192941176470588,0.0051555977229601,0.0018387096774193,0.0
2014-12-08 14:00:00,0.5335962264150943,0.0123018867924528,0.0186924528301886,0.0,0.0,0.0,0.0931792452830188,0.0051396226415094,0.001843396226415,0.0
2014-12-08 15:00:00,0.6832362948960302,0.0097637051039697,0.0226805293005671,0.0,0.0,0.0,0.0290132325141776,0.0051228733459357,0.0018241965973534,0.1171531190926276
2014-12-08 16:00:00,1.3152542372881355,0.0,0.0190263653483992,0.0,0.0,0.0,0.0222655367231638,0.0050979284369114,0.0016892655367231,0.0
2014-12-08 17:00:00,0.8034688090737241,0.0137202268431001,0.004274102079395,0.0,0.0,0.0253856332703213,0.0187977315689981,0.0653686200378071,0.0500359168241966,0.1007863894139886
2014-12-08 18:00:00,0.7080361904761904,0.0119028571428571,0.0205180952380952,0.0,0.0,0.0,0.0186933333333333,0.1333580952380952,0.0017847619047619,0.0
2014-12-08 19:00:00,0.5532264875239923,0.0,0.0217178502879078,0.0,0.0,0.0,0.0187696737044145,0.1444913627639155,0.0017965451055662,0.0
2014-12-08 20:00:00,0.70248,0.0097847619047619,0.0212590476190476,0.0,0.0,0.0,0.018695238095238,0.1107180952380952,0.0018057142857142,0.0652457142857142
2014-12-08 21:00:00,0.662187265917603,0.010131086142322,0.0,0.0,0.0,0.0,0.0189850187265917,0.0051123595505617,0.0017378277153558,0.0056554307116104
2014-12-08 22:00:00,0.4851792452830188,0.0019566037735849,0.0225679245283018,0.0,0.0011358490566037,0.0,0.0189603773584905,0.0051566037735849,0.0018528301886792,0.0
2014-12-08 23:00:00,0.4100282485875706,0.0078210922787193,0.0226139359698681,0.0,0.0018568738229755,0.0,0.0212523540489642,0.0051525423728813,0.0019209039548022,0.0
2014-12-09 00:00:00,0.4064592030360531,0.0098500948766603,0.0053624288425047,0.0,0.0018823529411764,0.0,0.0229582542694497,0.0051669829222011,0.0018975332068311,0.0
2014-12-09 01:00:00,0.411166037735849,0.0,0.0169396226415094,0.0,0.0018849056603773,0.0,0.0190679245283018,0.0051566037735849,0.001888679245283,0.0
2014-12-09 02:00:00,1.9061954887218049,0.0098890977443609,0.0223157894736842,0.0,0.6080657894736842,0.0,0.0189304511278195,0.0051597744360902,0.0018665413533834,0.0
2014-12-09 03:00:00,0.6408531073446329,0.0094011299435028,0.0062900188323917,0.0,0.0514519774011299,0.0,0.018924670433145,0.0083465160075329,0.0018719397363465,0.0
2014-12-09 04:00:00,1.465853889943074,0.0,0.0192144212523719,0.0,0.0012941176470588,0.0,0.0188975332068311,0.0072599620493358,0.0018766603415559,0.0
2014-12-09 05:00:00,2.936380228136882,0.0092680608365019,0.0227528517110266,0.0,0.001254752851711,0.0,0.0187300380228136,0.0060342205323193,0.0017813688212927,0.0
2014-12-09 06:00:00,1.0959714828897338,0.0032585551330798,0.0,0.0,0.0012509505703422,0.0,0.0186768060836501,0.0055931558935361,0.0017471482889733,0.0
2014-12-09 07:00:00,2.072869318181818,0.0088825757575757,0.0236117424242424,0.0,0.0008503787878787,0.0306628787878787,0.0186079545454545,0.0051060606060606,0.1008200757575757,0.1157727272727272
2014-12-09 08:00:00,0.4648406072106261,0.0148937381404174,0.0249753320683111,0.0,0.0,0.0,0.0187115749525616,0.0051271347248576,0.0017533206831119,0.1115028462998102
2014-12-09 09:00:00,0.342774011299435,0.0063935969868173,0.0,0.0,0.0,0.0,0.0234256120527306,0.0051318267419962,0.0017721280602636,0.0
2014-12-09 10:00:00,0.3627443181818182,0.0037613636363636,0.0229147727272727,0.0,0.0,0.0,0.0186780303030303,0.0051458333333333,0.0017575757575757,0.1063295454545454
2014-12-09 11:00:00,0.2559383429672447,0.0098805394990366,0.0204393063583815,0.0,0.0,0.0,0.0186030828516377,0.0051387283236994,0.0017225433526011,0.0
2014-12-09 12:00:00,0.4352079395085066,0.0109886578449905,0.0,0.0,0.0,0.0691493383742911,0.0185538752362948,0.0050812854442344,0.0016975425330812,0.1158979206049149
2014-12-09 13:00:00,0.2328481973434535,0.0007779886148007,0.022134724857685,0.0,0.0,0.0,0.0186356736242884,0.0051081593927893,0.0017514231499051,0.0
2014-12-09 14:00:00,0.8488757062146892,0.0102975517890772,0.0240188323917137,0.0,0.0,0.0,0.0186064030131826,0.0051318267419962,0.0017382297551789,0.1550414312617702
2014-12-09 15:00:00,0.3607619047619048,0.0143619047619047,0.0212361904761904,0.0,0.0,0.0,0.0265161904761904,0.0272171428571428,0.0017371428571428,0.0
2014-12-09 16:00:00,0.6528484848484849,1.5151515151515151e-05,0.0100568181818181,0.0,0.0,0.0,0.0184545454545454,0.0060435606060606,0.0016912878787878,0.0
2014-12-09 17:00:00,0.6575706106870228,0.0111984732824427,0.0179828244274809,0.0,0.0,0.0,0.0184828244274809,0.0473511450381679,0.0561068702290076,0.0948492366412213
2014-12-09 18:00:00,0.4535442307692307,0.0122653846153846,0.0210576923076923,0.0,0.0,0.0,0.0185134615384615,0.102176923076923,0.0017423076923076,0.0
2014-12-09 19:00:00,0.2877276264591439,0.0,0.0205408560311284,0.0,0.0,0.0,0.0186498054474708,0.0050914396887159,0.0018190661478599,0.0
2014-12-09 20:00:00,0.301048828125,0.010412109375,0.020978515625,0.0,0.0,0.0,0.01873828125,0.0083671875,0.001814453125,0.0
2014-12-09 21:00:00,0.6621450381679389,0.0111984732824427,0.020412213740458,0.0,0.0,0.0,0.0245076335877862,0.1275400763358778,0.0018511450381679,0.0969026717557252
2014-12-09 22:00:00,0.7938381742738589,0.0,0.020454356846473,0.0,0.0,0.0,0.0189688796680497,0.0716078838174273,0.0018858921161825,0.0
2014-12-09 23:00:00,0.4456603053435114,0.0106908396946564,0.0173511450381679,0.0,0.0,0.0,0.0190477099236641,0.0051412213740458,0.0019656488549618,0.0
2014-12-10 00:00:00,0.4404212523719165,0.0101518026565464,0.0145237191650853,0.0,0.0,0.0,0.0189924098671726,0.005134724857685,0.0018918406072106,0.0
2014-12-10 01:00:00,0.4307142857142857,0.0,0.0128457142857142,0.0,0.0,0.0,0.0189771428571428,0.005135238095238,0.0019123809523809,0.0
2014-12-10 02:00:00,1.3273174904942966,0.0096977186311787,0.0192110266159695,0.0,0.0,0.0,0.0188840304182509,0.0051615969581749,0.0019068441064638,0.0
2014-12-10 03:00:00,1.1171761363636363,0.0103541666666666,0.0218011363636363,0.0,0.0,0.0,0.0189109848484848,0.0082916666666666,0.0019147727272727,0.0
2014-12-10 04:00:00,0.960297709923664,0.0014026717557251,0.0210381679389312,0.0,0.0,0.0,0.0189236641221374,0.0248912213740458,0.0018912213740458,0.0
2014-12-10 05:00:00,2.964190566037736,0.0099641509433962,0.0208018867924528,0.0,0.0,0.0,0.0187320754716981,0.0249320754716981,0.0018584905660377,0.0
2014-12-10 06:00:00,2.2456290630975144,0.0012065009560229,0.0236883365200764,0.0,0.0,0.0,0.0185793499043977,0.0249502868068833,0.0018049713193116,0.0
2014-12-10 07:00:00,1.5874087452471484,0.0106615969581749,0.0093631178707224,0.0,0.0,0.0,0.0212528517110266,0.0249182509505703,0.0780760456273764,0.1232395437262357
2014-12-10 08:00:00,0.51124,0.0134685714285714,0.0114685714285714,0.0,0.0,0.0,0.0187619047619047,0.0250457142857142,0.0018095238095238,0.0518209523809523
2014-12-10 09:00:00,0.2540322580645161,0.0039411764705882,0.0207476280834914,0.0,0.0,0.0,0.0187210626185958,0.0249127134724857,0.0017893738140417,0.0128387096774193
2014-12-10 10:00:00,0.2328960302457466,0.0068241965973534,0.0240793950850661,0.0,0.0,0.0,0.0188638941398865,0.0249678638941398,0.0018090737240075,0.0
2014-12-10 11:00:00,0.2488223062381852,0.0107258979206049,0.0213875236294896,0.0,0.0,0.0,0.0187863894139886,0.024930056710775,0.0018449905482041,0.0
2014-12-10 12:00:00,0.2220094876660341,0.0,0.0075559772296015,0.0,0.0,0.0,0.0187305502846299,0.0249089184060721,0.0017912713472485,0.0
2014-12-10 13:00:00,0.2442283018867924,0.0119169811320754,0.0132452830188679,0.0,0.0,0.0,0.0186943396226415,0.0250320754716981,0.0017490566037735,0.0
2014-12-10 14:00:00,0.2317542533081285,0.0110869565217391,0.0212287334593572,0.0,0.0,0.0,0.0186710775047258,0.0248393194706994,0.0017202268431001,0.0
2014-12-10 15:00:00,0.5187324478178368,2.466793168880456e-05,0.0206375711574952,0.0,0.0,0.0354402277039848,0.0185711574952561,0.0556034155597722,0.0017134724857685,0.1067134724857685
2014-12-10 16:00:00,0.9873716981132076,0.0147132075471698,0.022677358490566,0.0,0.0,0.0,0.0234905660377358,0.0807603773584905,0.0018509433962264,0.0
2014-12-10 17:00:00,0.569376893939394,0.0139261363636363,0.0196742424242424,0.0,0.0,0.0,0.0186193181818181,0.059310606060606,0.0308390151515151,0.0813352272727272
2014-12-10 18:00:00,0.470625,0.0118,0.0063211538461538,0.0,0.0,0.0,0.0188076923076923,0.1546346153846154,0.0018423076923076,0.0
2014-12-10 19:00:00,0.6159346153846155,0.0043596153846153,0.0140749999999999,0.0,0.0,0.0,0.0187346153846153,0.026801923076923,0.0018134615384615,0.0
2014-12-10 20:00:00,0.7318761904761905,0.0135142857142857,0.020607619047619,0.0,0.0,0.0,0.0186247619047619,0.131287619047619,0.001775238095238,0.0
2014-12-10 21:00:00,1.029998106060606,0.0,0.021155303030303,0.0,0.0,0.0,0.0186969696969696,0.0700852272727272,0.0018390151515151,0.0
2014-12-10 22:00:00,0.8796799242424242,0.0124924242424242,0.0218200757575757,0.0,0.0,0.0,0.018935606060606,0.096715909090909,0.001905303030303,0.0
2014-12-10 23:00:00,0.4654431818181818,0.0120965909090909,0.0066685606060606,0.0,0.0,0.0,0.0188958333333333,0.0248996212121212,0.001905303030303,0.0
2014-12-11 00:00:00,0.4532068311195446,0.0,0.0150531309297912,0.0,0.0,0.0,0.0189089184060721,0.0249013282732447,0.0019089184060721,0.0
2014-12-11 01:00:00,0.4492827324478178,0.0109146110056925,0.0211992409867172,0.0,0.0,0.0,0.0188064516129032,0.024853889943074,0.0019089184060721,0.0
2014-12-11 02:00:00,1.0304242424242425,0.0044848484848484,0.0212556818181818,0.0,0.0,0.0,0.018903409090909,0.0249943181818181,0.0018882575757575,0.0
2014-12-11 03:00:00,0.7300095238095238,0.0061047619047619,0.0224380952380952,0.0,0.0,0.0,0.019,0.02484,0.0019314285714285,0.0
2014-12-11 04:00:00,1.286685606060606,0.0100681818181818,0.0032064393939393,0.0,0.0,0.0,0.0188712121212121,0.009125,0.0018579545454545,0.0
2014-12-11 05:00:00,2.9815578747628084,0.0,0.0174326375711574,0.0,0.0,0.0,0.0215787476280834,0.0051366223908918,0.0018368121442125,0.0
2014-12-11 06:00:00,0.9581176470588236,0.0116793168880455,0.0217438330170777,0.0,0.0,0.0,0.0186072106261859,0.0051176470588235,0.0018444022770398,0.0
2014-12-11 07:00:00,3.3314150943396226,0.0162679245283018,0.0217113207547169,0.0,1.0709150943396226,0.0422283018867924,0.0185849056603773,0.0050962264150943,0.0757603773584905,0.1140849056603773
2014-12-11 08:00:00,0.6190507518796992,0.0010131578947368,0.0166090225563909,0.0,0.0312612781954887,0.0,0.018766917293233,0.0051522556390977,0.0017951127819548,0.0762406015037593
2014-12-11 09:00:00,0.4673238636363636,0.0104147727272727,0.0049867424242424,0.0,0.0,0.0,0.0187518939393939,0.0051212121212121,0.0017821969696969,0.0
2014-12-11 10:00:00,0.474337099811676,0.0,0.0237928436911487,0.0,0.0,0.0,0.0186497175141242,0.0051694915254237,0.0018229755178907,0.050819209039548
2014-12-11 11:00:00,0.2495608365019011,0.0096749049429657,0.0215437262357414,0.0,0.0,0.0,0.0186768060836501,0.0051254752851711,0.0017851711026615,0.0
2014-12-11 12:00:00,0.4115841209829867,0.0111190926275992,0.0213232514177693,0.0,0.0,0.0345406427221172,0.0187164461247637,0.0051493383742911,0.0018412098298676,0.0
2014-12-11 13:00:00,0.534690114068441,1.140684410646388e-05,0.0087813688212927,0.0,0.0,0.0,0.0184923954372623,0.005115969581749,0.0017794676806083,0.0814125475285171
2014-12-11 14:00:00,0.3307121212121212,0.0109318181818181,0.0121609848484848,0.0,0.0,0.0,0.0185397727272727,0.0051193181818181,0.0017897727272727,0.1014034090909091
2014-12-11 15:00:00,0.3383478260869565,0.0089357277882797,0.0220737240075614,0.0,0.0,0.0,0.0184820415879017,0.0051625708884688,0.0017051039697542,0.0
2014-12-11 16:00:00,1.001672967863894,0.0094650283553875,0.0233818525519848,0.0,0.0,0.0,0.0184139886578449,0.0050850661625708,0.2613119092627599,0.0
2014-12-11 17:00:00,1.0788541266794625,0.0171285988483685,0.0218656429942418,0.0,0.0,0.0,0.0183761996161228,0.0330326295585412,0.030088291746641,0.0600518234165067
2014-12-11 18:00:00,0.6446609195402299,0.0061858237547892,0.022955938697318,0.0,0.0,0.0,0.0183563218390804,0.1408620689655172,0.0017777777777777,0.0
2014-12-11 19:00:00,0.6677984790874525,0.007838403041825,0.0066520912547528,0.0,0.0,0.0,0.0778117870722433,0.137254752851711,0.0018117870722433,0.0
2014-12-11 20:00:00,0.6853570057581574,0.0117600767754318,0.0213550863723608,0.0,0.0,0.0,0.0465393474088291,0.1241170825335892,0.0018829174664107,0.0882955854126679
2014-12-11 21:00:00,0.7996197718631178,0.0,0.0208498098859315,0.0,0.0,0.0,0.024180608365019,0.0359885931558935,0.001903041825095,0.0
2014-12-11 22:00:00,0.4492222222222222,0.011,0.0240112994350282,0.0,0.0,0.0,0.0226854990583804,0.0051581920903954,0.0019510357815442,0.0
2014-12-11 23:00:00,0.3953624288425048,0.0069013282732447,0.017066413662239,0.0,0.0,0.0,0.0228254269449715,0.0051916508538899,0.0019582542694497,0.0
2014-12-12 00:00:00,0.3864934086629002,0.003909604519774,0.005909604519774,0.0,0.0,0.0,0.0225386064030131,0.0051224105461393,0.001924670433145,0.0
2014-12-12 01:00:00,0.3995094339622641,0.0105905660377358,0.0215188679245283,0.0,0.0,0.0,0.0225792452830188,0.0051377358490566,0.0019377358490566,0.0
2014-12-12 02:00:00,0.9296162570888468,0.0,0.0220510396975425,0.0,0.0,0.0,0.0226219281663516,0.0051361058601134,0.0019546313799621,0.0
2014-12-12 03:00:00,0.7638990476190476,0.0100514285714285,0.022327619047619,0.0,0.0,0.0,0.0226438095238095,0.0083638095238095,0.0019409523809523,0.0
2014-12-12 04:00:00,1.3143806818181818,0.0,0.0234299242424242,0.0,0.0,0.0,0.022528409090909,0.0090208333333333,0.0019375,0.0
2014-12-12 05:00:00,3.842066287878788,0.0102518939393939,0.0116818181818181,0.0,0.0,0.0,0.0225075757575757,0.0051401515151515,0.0018996212121212,0.0
2014-12-12 06:00:00,2.8783036053130933,0.0073719165085388,0.0092030360531309,0.0,0.8831973434535105,0.0,0.0222770398481973,0.0051214421252371,0.0740607210626186,0.0864952561669829
2014-12-12 07:00:00,1.756069811320755,0.0063867924528301,0.0208566037735849,0.0,0.0573188679245283,0.0385150943396226,0.0223,0.0051490566037735,0.0017207547169811,0.1050283018867924
2014-12-12 08:00:00,0.7004584905660378,0.010688679245283,0.0232735849056603,0.0,0.0,0.0,0.0224018867924528,0.0051679245283018,0.0033150943396226,0.0
2014-12-12 09:00:00,0.2867843511450381,0.0,0.0218645038167938,0.0,0.0,0.0115687022900763,0.0224599236641221,0.0051240458015267,0.00181106870229,0.0
2014-12-12 10:00:00,0.2482338403041825,0.0095209125475285,0.0204505703422053,0.0,0.0,0.0246311787072243,0.0224581749049429,0.0051349809885931,0.0018231939163498,0.0
2014-12-12 11:00:00,0.3762919847328244,0.0039885496183206,0.0138740458015267,0.0,0.0,0.0,0.0225400763358778,0.0051469465648854,0.0018225190839694,0.1431125954198473
2014-12-12 12:00:00,0.5149461538461538,0.0080134615384615,0.0099173076923076,0.0,0.0,0.0856653846153846,0.0224846153846153,0.0051346153846153,0.0740499999999999,0.097175
2014-12-12 13:00:00,0.2469671814671814,0.0128494208494208,0.0219208494208494,0.0,0.0,0.0,0.022565637065637,0.0051389961389961,0.0018474903474903,0.0
2014-12-12 14:00:00,0.3261351351351351,0.0,0.0213706563706563,0.0,0.0,0.0,0.0532857142857142,0.0051583011583011,0.0018166023166023,0.0
2014-12-12 15:00:00,0.3801798839458413,0.011733075435203,0.0220367504835589,0.0,0.0,0.0,0.019127659574468,0.0051141199226305,0.0082591876208897,0.1137098646034816
2014-12-12 16:00:00,0.925698292220114,0.0149696394686907,0.0151574952561669,0.0,0.0,0.0,0.0189392789373814,0.005111954459203,0.026673624288425,0.0
2014-12-12 17:00:00,0.469,0.009340909090909,0.0056799242424242,0.0,0.0,0.0,0.0190397727272727,0.0377859848484848,0.0017973484848484,0.0852272727272727
2014-12-12 18:00:00,0.4708941398865784,0.00986011342155,0.0274877126654064,0.0,0.0,0.0,0.0190888468809073,0.14082797731569,0.0016918714555765,0.0
2014-12-12 19:00:00,0.6056564885496183,0.0006526717557251,0.0250038167938931,0.0,0.0,0.0,0.0191087786259541,0.1381984732824427,0.0017442748091603,0.0
2014-12-12 20:00:00,0.838961759082218,0.0102332695984703,0.0077437858508604,0.0,0.0,0.0,0.0191816443594646,0.1378546845124283,0.0018087954110898,0.1126462715105162
2014-12-12 21:00:00,0.8767667304015296,0.0142791586998087,0.0218929254302103,0.0,0.0,0.0,0.0191529636711281,0.1375449330783938,0.0017456978967495,0.0
2014-12-12 22:00:00,0.4841494252873563,0.0,0.0472183908045977,0.0,0.0015555555555555,0.0,0.0193524904214559,0.0133524904214559,0.0018582375478927,0.0
2014-12-12 23:00:00,0.4803485576923076,0.0147211538461538,0.0187668269230769,0.0,0.001795673076923,0.0,0.0194038461538461,0.010920673076923,0.0018605769230769,0.0
2014-12-13 00:00:00,0.4061063829787233,0.0,0.0028704061895551,0.0,0.0019593810444874,0.0,0.0193752417794971,0.005311411992263,0.0018742746615087,0.0
2014-12-13 01:00:00,0.4377332053742802,0.0101746641074856,0.0222725527831094,0.0,0.001915547024952,0.0,0.0193781190019193,0.0051458733205374,0.0018886756238003,0.0
2014-12-13 02:00:00,0.4292137404580152,0.0086011450381679,0.0230248091603053,0.0,0.0018721374045801,0.0,0.0193912213740458,0.0052080152671755,0.0156125954198473,0.0
2014-12-13 03:00:00,0.7316342857142858,0.0012819047619047,0.0,0.0,0.2845657142857143,0.0,0.0193523809523809,0.0082457142857142,0.0019009523809523,0.0
2014-12-13 04:00:00,2.9336262230919763,0.0118356164383561,0.0236438356164383,0.0,2.032567514677104,0.0,0.0191819960861056,0.0091956947162426,0.0018375733855185,0.0
2014-12-13 05:00:00,4.414702912621359,0.0,0.0,1.149516504854369,0.1360116504854369,0.0,0.0192951456310679,0.0051631067961165,0.001883495145631,0.0
2014-12-13 06:00:00,2.625206500956023,0.0095372848948374,0.0,0.3666711281070746,0.0202638623326959,0.0,0.0191739961759082,0.0051414913957934,0.0018355640535372,0.0713231357552581
2014-12-13 07:00:00,2.3962475247524755,0.0107267326732673,0.0171247524752475,0.0008376237623762,0.0,0.0355188118811881,0.0191544554455445,0.0051188118811881,0.0017861386138613,0.0
2014-12-13 08:00:00,0.8903104125736738,0.0024872298624754,0.0134695481335952,0.000664047151277,0.0,0.0,0.0190785854616895,0.0051100196463654,0.0017170923379174,0.0
2014-12-13 09:00:00,0.1995700197238658,0.0100394477317554,0.0090729783037475,0.0006666666666666,0.0,0.0,0.0190710059171597,0.0051242603550295,0.0017633136094674,0.0
2014-12-13 10:00:00,0.2039743083003952,0.0,0.02349604743083,0.0006383399209486,0.0,0.0,0.0190731225296442,0.0051304347826086,0.0058537549407114,0.0
2014-12-13 11:00:00,0.3234627766599597,0.0203239436619718,7.645875251509054e-05,0.0008028169014084,0.0,0.0,0.0192273641851106,0.0051267605633802,0.0018189134808853,0.0861951710261569
2014-12-13 12:00:00,0.2003806706114398,0.0066923076923076,0.023930966469428,0.000913214990138,0.0,0.0,0.01930966469428,0.0051617357001972,0.001844181459566,0.0
2014-12-13 13:00:00,0.2896944444444445,0.0056607142857142,0.0242619047619047,0.000906746031746,0.0,0.0,0.0192797619047619,0.0051964285714285,0.0018710317460317,0.0702539682539682
2014-12-13 14:00:00,0.286056420233463,0.0129474708171206,0.0251692607003891,0.0006867704280155,0.0,0.0,0.0192568093385213,0.0051575875486381,0.00184046692607,0.0639416342412451
2014-12-13 15:00:00,0.3115791505791506,0.0014729729729729,0.0216853281853281,0.0009613899613899,0.0,0.0,0.0193822393822393,0.0051563706563706,0.0018397683397683,0.0541756756756756
2014-12-13 16:00:00,0.4446791338582677,0.0108070866141732,0.0223149606299212,0.0008523622047244,0.0,0.0,0.0191515748031496,0.0707972440944881,0.001773622047244,0.0
2014-12-13 17:00:00,1.850098619329389,0.0127790927021696,0.0234694280078895,0.0008382642998027,0.0,0.0,0.0191183431952662,0.0416035502958579,0.0017475345167652,0.0
2014-12-13 18:00:00,0.6141305220883534,0.0062670682730923,0.0176726907630522,0.000863453815261,0.0,0.0,0.0191325301204819,0.1041947791164658,0.0017389558232931,0.101
2014-12-13 19:00:00,0.5673450980392157,0.0068666666666666,0.0115803921568627,0.0009235294117647,0.0,0.0,0.0191823529411764,0.1379803921568627,0.0018431372549019,0.0
2014-12-13 20:00:00,0.5985907258064516,0.010274193548387,0.0179556451612903,0.0009677419354838,0.0,0.0,0.0192520161290322,0.1373366935483871,0.0018447580645161,0.0
2014-12-13 21:00:00,0.6224607843137255,0.0057235294117647,0.0229,0.0009686274509803,0.0,0.0,0.0192764705882352,0.1557372549019608,0.0018549019607843,0.0
2014-12-13 22:00:00,0.654028,0.003432,0.0228939999999999,0.0009699999999999,0.0,0.0,0.019388,0.1540099999999999,0.00186,0.0
2014-12-13 23:00:00,0.5890177514792899,0.0093116370808678,0.0266568047337278,0.000956607495069,0.0,0.0,0.0192879684418145,0.0304832347140039,0.0018777120315581,0.0
2014-12-14 00:00:00,0.4120732177263969,0.007878612716763,0.0240789980732177,0.0009788053949903,0.0,0.0,0.0193352601156069,0.011131021194605,0.0018728323699421,0.0
2014-12-14 01:00:00,1.7962166344294004,0.0052804642166344,0.0202882011605415,1.2941702127659576,0.0,0.0,0.0192765957446808,0.0051315280464216,0.0018143133462282,0.0
2014-12-14 02:00:00,0.52616,0.0032933333333333,0.0089390476190476,0.1282590476190476,0.0,0.0,0.019375238095238,0.0051485714285714,0.0018971428571428,0.0
2014-12-14 03:00:00,0.4366290630975143,0.0085353728489483,0.0183556405353728,0.0009388145315487,0.0,0.0,0.0193422562141491,0.0080917782026768,0.0018852772466539,0.0
2014-12-14 04:00:00,0.8100192307692308,0.0088096153846153,0.023626923076923,0.0009096153846153,0.0,0.0,0.0193038461538461,0.0092538461538461,0.0018730769230769,0.0
2014-12-14 05:00:00,2.925146946564886,0.0,0.0227938931297709,0.0007996183206106,0.0,0.0,0.0192461832061068,0.0050935114503816,0.0018320610687022,0.0
2014-12-14 06:00:00,1.2142903846153847,0.0090961538461538,0.0222230769230769,0.0008576923076923,0.0,0.0,0.0191884615384615,0.0051134615384615,0.0018,0.0
2014-12-14 07:00:00,2.066931506849316,0.0095127201565557,0.0221311154598825,0.0008414872798434,0.0,0.0,0.0192152641878669,0.0051115459882583,0.0018336594911937,0.0
2014-12-14 08:00:00,0.4141602316602316,0.0064884169884169,0.0074594594594594,0.0006795366795366,0.0,0.0,0.0191737451737451,0.0051235521235521,0.0017606177606177,0.090588803088803
2014-12-14 09:00:00,0.5318079847908745,0.0064524714828897,0.0145608365019011,0.0,0.0,0.0,0.0191121673003802,0.0051178707224334,0.0016844106463878,0.0
2014-12-14 10:00:00,0.6352050290135396,0.0095106382978723,0.0212823984526112,0.0,0.0,0.0,0.019090909090909,0.0050812379110251,0.0016885880077369,0.1025860735009671
2014-12-14 11:00:00,1.342327485380117,0.0097056530214424,0.021859649122807,0.0,0.0,0.0,0.0190136452241715,0.0051247563352826,0.00170955165692,0.1189980506822612
2014-12-14 12:00:00,1.4300172413793102,0.021139846743295,0.0209176245210727,0.0,0.0,0.0,0.0190823754789272,0.0051245210727969,0.0016762452107279,0.0921800766283525
2014-12-14 13:00:00,0.9715791505791506,0.0115598455598455,0.0216988416988416,0.0,0.0,0.0,0.0191428571428571,0.0080521235521235,0.0017258687258687,0.0
2014-12-14 14:00:00,0.2276493256262042,0.0028863198458574,0.0111753371868978,0.0,0.0,0.0,0.0191464354527938,0.0112119460500963,0.00178612716763,0.0
2014-12-14 15:00:00,0.2081650294695481,0.0119135559921414,0.0104695481335952,0.0,0.0,0.0,0.0191060903732809,0.0060255402750491,0.0017504911591355,0.0
2014-12-14 16:00:00,0.2504212598425197,0.0092362204724409,0.02575,0.0,0.0,0.0,0.0189842519685039,0.006009842519685,0.0016614173228346,0.0
2014-12-14 17:00:00,0.2549842696629213,0.0084022471910112,0.021076404494382,0.0,0.0,0.0,0.0189820224719101,0.0060179775280898,0.0016224719101123,0.0
2014-12-14 18:00:00,0.279752380952381,0.0122333333333333,0.0314619047619047,0.0,0.0,0.0,0.0190190476190476,0.0203761904761904,0.0016666666666666,0.0
2014-12-14 19:00:00,0.2776828478964401,0.0084757281553398,0.0240679611650485,0.0,0.0,0.0,0.0191100323624595,0.0251747572815533,0.0017087378640776,0.0
2014-12-14 20:00:00,0.2452172949002217,0.0007738359201773,0.025290465631929,0.0,0.0,0.0,0.0191263858093126,0.0055631929046563,0.0017671840354767,0.0
2014-12-14 21:00:00,0.3356837944664032,0.0077628458498023,0.0075138339920948,0.0,0.0,0.0,0.0192075098814229,0.0051403162055335,0.0018122529644268,0.0
2014-12-14 22:00:00,0.9467547892720306,0.0092624521072796,0.0219061302681992,0.0,4.789272030651341e-05,0.0,0.0191800766283524,0.1322950191570881,0.0018160919540229,0.0
2014-12-14 23:00:00,0.4648368121442125,0.0085294117647058,0.0240417457305502,0.0,0.0018481973434535,0.0,0.0193662239089184,0.0051631878557874,0.0019335863377609,0.0
2014-12-15 00:00:00,0.4618181818181818,0.0076647727272727,0.0263181818181818,0.0,0.0017575757575757,0.0,0.0193257575757575,0.0051837121212121,0.001905303030303,0.0
2014-12-15 01:00:00,0.4377689393939393,0.0,0.0211382575757575,0.0,0.0018333333333333,0.0,0.0192518939393939,0.0051174242424242,0.001873106060606,0.0
2014-12-15 02:00:00,1.3225313092979127,0.0075256166982922,0.0215028462998102,0.0,0.0018159392789373,0.0,0.01926944971537,0.0051499051233396,0.0018804554079696,0.0
2014-12-15 03:00:00,2.0012428842504746,0.0076925996204933,0.0129411764705882,0.0,0.8680056925996205,0.0,0.0193055028462998,0.0080132827324478,0.0018785578747628,0.0
2014-12-15 04:00:00,1.0729565217391306,0.0075557655954631,0.0084517958412098,0.0,0.0204669187145557,0.0,0.019406427221172,0.0094366729678638,0.0019187145557655,0.0
2014-12-15 05:00:00,2.980410646387833,0.0,0.0213954372623574,0.0,0.0012623574144486,0.0,0.0192243346007604,0.0051235741444866,0.0018555133079847,0.0
2014-12-15 06:00:00,0.9909182509505704,0.0073403041825095,0.0212414448669201,0.0,0.0012015209125475,0.0,0.0191768060836501,0.0051311787072243,0.0017129277566539,0.0
2014-12-15 07:00:00,2.02368978805395,0.0101811175337186,0.0211714836223506,0.0,0.0005761078998073,0.0323217726396917,0.0190462427745664,0.0051387283236994,0.0954508670520231,0.1118747591522158
2014-12-15 08:00:00,0.4348268482490272,0.0073988326848249,0.0130700389105058,0.0,0.0,0.0,0.0190603112840466,0.0051186770428015,0.0030856031128404,0.0695603112840466
2014-12-15 09:00:00,0.4166532567049808,0.0078467432950191,0.0114961685823754,0.0,0.0,0.0,0.0193026819923371,0.0051877394636015,0.0017547892720306,0.0
2014-12-15 10:00:00,0.3757346153846154,0.0,0.0217442307692307,0.0,0.0,0.0,0.0193538461538461,0.0051211538461538,0.001776923076923,0.0
2014-12-15 11:00:00,0.7931151631477927,0.0081746641074856,0.0204088291746641,0.0,0.0,0.0,0.0192188099808061,0.0051151631477927,0.0018349328214971,0.1356890595009597
2014-12-15 12:00:00,0.6701475095785441,0.0099923371647509,0.0219367816091954,0.0,0.0,0.0,0.0192854406130268,0.0051494252873563,0.0018180076628352,0.072867816091954
2014-12-15 13:00:00,0.4792595419847328,0.008456106870229,0.006929389312977,0.0,0.0,0.0,0.0193320610687022,0.0051316793893129,0.0018835877862595,0.0419141221374045
2014-12-15 14:00:00,0.4798783269961977,0.0091007604562737,0.0137737642585551,0.0,0.0,0.0,0.01937072243346,0.0051634980988593,0.001861216730038,0.0886825095057034
2014-12-15 15:00:00,0.8127134724857685,0.0122751423149905,0.0208576850094876,0.0,0.0,0.0,0.0191973434535104,0.0051442125237191,0.0017893738140417,0.0
2014-12-15 16:00:00,1.3868590476190477,0.0118590476190476,0.0206704761904761,0.0,0.0,0.0,0.0189714285714285,0.0050933333333333,0.00164,0.0
2014-12-15 17:00:00,0.7813069498069498,0.0154594594594594,0.020092664092664,0.0,0.0,0.0,0.0190212355212355,0.0381544401544401,0.113515444015444,0.1229285714285714
2014-12-15 18:00:00,0.4568832891246684,0.0009310344827586,0.0254880636604774,0.0,0.0,0.0,0.0190822281167108,0.1400875331564986,0.0153793103448275,0.0
2014-12-15 19:00:00,0.4756019736842105,0.010391447368421,0.003,0.0,0.0,0.0,0.0189473684210526,0.1385756578947368,0.0018585526315789,0.0
2014-12-15 20:00:00,0.5648970917225951,0.0109753914988814,0.0195749440715883,0.0,0.0,0.0,0.0192505592841163,0.1431789709172259,0.0019172259507829,0.0483042505592841
2014-12-15 21:00:00,0.8373840155945419,0.0132007797270955,0.0225847953216374,0.0,0.0,0.0,0.0192417153996101,0.0261345029239766,0.001933723196881,0.0209122807017543
2014-12-15 22:00:00,0.6197129455909944,0.0031313320825515,0.0249343339587242,0.0,0.0,0.0,0.0193039399624765,0.1014352720450281,0.0019249530956848,0.0
2014-12-15 23:00:00,0.3974791666666666,0.007875,0.0042594696969696,0.0,0.0,0.0,0.0193768939393939,0.0051590909090909,0.0019545454545454,0.0
2014-12-16 00:00:00,0.4062618595825427,0.0102296015180265,0.0202789373814041,0.0,0.0,0.0,0.0194060721062618,0.0051612903225806,0.001965844402277,0.0
2014-12-16 01:00:00,0.391930056710775,0.0058544423440453,0.021281663516068,0.0,0.0,0.0,0.0193345935727788,0.0051663516068052,0.0019489603024574,0.0
2014-12-16 02:00:00,1.247079245283019,0.0043584905660377,0.0224150943396226,0.0,0.0,0.0,0.0193490566037735,0.0051641509433962,0.0019679245283018,0.0
2014-12-16 03:00:00,0.9131663516068051,0.010054820415879,0.000351606805293,0.0,0.0,0.0,0.0193194706994328,0.0079413988657844,0.0019451795841209,0.0
2014-12-16 04:00:00,0.7655551330798479,0.0012205323193916,0.0217737642585551,0.0,0.0,0.0,0.019296577946768,0.0076197718631178,0.001967680608365,0.0
2014-12-16 05:00:00,2.9583875236294896,0.0081928166351606,0.0226672967863894,0.0,0.0,0.0,0.0192060491493383,0.0060359168241965,0.0019281663516068,0.0
2014-12-16 06:00:00,0.9534106463878328,0.0098269961977186,0.0220589353612167,0.0,0.0,0.0,0.0191520912547528,0.0059296577946768,0.0018897338403041,0.0
2014-12-16 07:00:00,1.8097875939849624,0.0100582706766917,0.0,0.0,0.0,0.0366503759398496,0.0190432330827067,0.0051015037593984,0.099516917293233,0.1245244360902255
2014-12-16 08:00:00,0.2340793950850661,0.0039130434782608,0.0217466918714555,0.0,0.0,0.0,0.0191663516068052,0.0051134215500945,0.0019017013232514,0.0
2014-12-16 09:00:00,0.8418162878787879,0.0122310606060606,0.023030303030303,0.0,0.0,0.0,0.0192443181818181,0.0051458333333333,0.001903409090909,0.0
2014-12-16 10:00:00,0.6152670454545455,0.003405303030303,0.0201306818181818,0.0,0.0,0.0,0.0192575757575757,0.0051325757575757,0.0019526515151515,0.1147253787878787
2014-12-16 11:00:00,0.4085754716981132,0.0065207547169811,0.006777358490566,0.0,0.0,0.0,0.0193037735849056,0.0051283018867924,0.1168905660377358,0.0
2014-12-16 12:00:00,0.4485483870967742,0.016336693548387,0.0225524193548387,0.0,0.0,0.0,0.0192600806451612,0.0051592741935483,0.0259193548387096,0.0880907258064516
2014-12-16 13:00:00,0.3541499999999999,0.0201891304347826,0.0248760869565217,0.0,0.0,0.0,0.05955,0.0051586956521739,0.0018369565217391,0.0
2014-12-16 14:00:00,0.4972017937219731,2.690582959641256e-05,0.0248026905829596,0.0,0.0,0.0,0.0580044843049327,0.0051681614349775,0.0018273542600896,0.1095784753363228
2014-12-16 15:00:00,0.4284775280898876,0.0125805243445692,0.015318352059925,0.0,0.0,0.0,0.0416367041198501,0.0508202247191011,0.0177453183520599,0.0
2014-12-16 16:00:00,0.8477537593984962,0.0091146616541353,0.0271184210526315,0.0,0.0,0.0,0.0269736842105263,0.0898063909774436,0.0017330827067669,0.0
2014-12-16 17:00:00,0.5849248554913294,0.0111579961464354,0.0247360308285163,0.0,0.0,0.0,0.0189036608863198,0.0381078998073217,0.0365009633911368,0.1042658959537572
2014-12-16 18:00:00,0.4684808853118712,0.001020120724346,0.0196277665995975,0.0,0.0,0.0,0.0189376257545271,0.1405392354124748,0.0016841046277665,0.0
2014-12-16 19:00:00,0.5318669527896995,0.0094957081545064,0.0185987124463519,0.0,0.0,0.0,0.0192660944206008,0.1382103004291845,0.0018369098712446,0.0
2014-12-16 20:00:00,0.63928,0.0127052631578947,0.0233284210526315,0.0,0.0,0.0,0.0191347368421052,0.1576821052631579,0.0017494736842105,0.0788231578947368
2014-12-16 21:00:00,0.4935822050290135,0.0104255319148936,0.0213578336557059,0.0,0.0,0.0,0.0191218568665377,0.1569245647969052,0.0017969052224371,0.0
2014-12-16 22:00:00,0.7402651515151515,0.0,0.0246268939393939,0.0,0.0,0.0,0.0191818181818181,0.0346117424242424,0.0018503787878787,0.0
2014-12-16 23:00:00,0.4222955854126679,0.0118330134357005,0.0325278310940499,0.0,0.0,0.0,0.0191612284069097,0.0051074856046065,0.0018387715930902,0.0
2014-12-17 00:00:00,0.4304702495201535,0.008,0.0285700575815738,0.0,0.0,0.0,0.0192399232245681,0.0051036468330134,0.0018464491362763,0.0
2014-12-17 01:00:00,0.4230537428023032,0.0020134357005758,0.021936660268714,0.0,0.0,0.0,0.0191842610364683,0.0051343570057581,0.0018445297504798,0.0
2014-12-17 02:00:00,1.3032774566473988,0.0102023121387283,0.0203815028901734,0.0,0.0,0.0,0.0191522157996146,0.0051098265895953,0.0018439306358381,0.0
2014-12-17 03:00:00,1.6230586011342154,0.0,0.020164461247637,0.0,0.6724971644612476,0.0,0.0192362948960302,0.0078223062381852,0.0018544423440453,0.0
2014-12-17 04:00:00,0.8462045454545455,0.0099905303030303,0.0259375,0.0,0.0013181818181818,0.0,0.0192348484848484,0.0095378787878787,0.0018446969696969,0.0
2014-12-17 05:00:00,2.984719696969697,0.014530303030303,0.0305189393939393,0.0,0.0012594696969696,0.0,0.0192102272727272,0.0051117424242424,0.0018257575757575,0.0
2014-12-17 06:00:00,0.9693132075471698,0.0,0.0306830188679245,0.0,0.0012264150943396,0.0,0.0191207547169811,0.0051207547169811,0.0017735849056603,0.0
2014-12-17 07:00:00,2.964820075757576,0.0112973484848484,0.0310075757575757,0.0,0.0008484848484848,0.0,0.0189128787878787,0.0050776515151515,0.0761685606060606,0.118998106060606
2014-12-17 08:00:00,0.8026704331450094,0.0141920903954802,0.0216723163841807,0.0,0.0,0.0333483992467043,0.0190960451977401,0.0051318267419962,0.0256911487758945,0.1000602636534839
2014-12-17 09:00:00,0.5146565464895635,0.0169620493358633,0.0258121442125237,0.0,0.0,0.0,0.0191821631878557,0.0051385199240986,0.001853889943074,0.0918994307400379
2014-12-17 10:00:00,0.3450890151515151,0.0,0.0254507575757575,0.0,0.0,0.0,0.0191969696969696,0.0051117424242424,0.0018371212121212,0.0
2014-12-17 11:00:00,0.549550284629981,0.0112504743833017,0.0197703984819734,0.0,0.0,0.0,0.0195977229601518,0.0578216318785578,0.0054781783681214,0.0560227703984819
2014-12-17 12:00:00,0.6974914611005693,0.0134857685009487,0.0192333965844402,0.0,0.0,0.0990379506641366,0.0191707779886148,0.0051138519924098,0.0667950664136622,0.0909943074003795
2014-12-17 13:00:00,0.4061818181818182,0.0105719696969696,0.0237594696969696,0.0,0.0,0.0,0.0192196969696969,0.0051306818181818,0.0017878787878787,0.0
2014-12-17 14:00:00,0.4933269961977186,0.0060171102661596,0.0194220532319391,0.0,0.0,0.0,0.0191330798479087,0.0051121673003802,0.0017414448669201,0.0758041825095057
2014-12-17 15:00:00,0.7009416195856873,0.0074237288135593,0.0248983050847457,0.0,0.0,0.0,0.0192749529190207,0.0051374764595103,0.0218173258003766,0.1209114877589453
2014-12-17 16:00:00,2.2236330798479087,0.0154011406844106,0.0255551330798479,0.0,0.0,0.0,0.0189505703422053,0.0050874524714828,0.2277148288973384,0.0
2014-12-17 17:00:00,0.715785578747628,0.0230208728652751,0.0236261859582542,0.0,0.0,0.0,0.0189222011385199,0.0506717267552182,0.0841764705882352,0.0899962049335863
2014-12-17 18:00:00,0.4308273092369478,0.0188614457831325,0.0251044176706827,0.0,0.0,0.0,0.0190903614457831,0.135504016064257,0.0017429718875502,0.0
2014-12-17 19:00:00,0.3473816326530612,0.0040999999999999,0.0249877551020408,0.0,0.0,0.0,0.0190836734693877,0.0062224489795918,0.0017408163265306,0.0
2014-12-17 20:00:00,0.3626712598425197,0.0090767716535433,0.0236791338582677,0.0,0.0,0.0,0.0191909448818897,0.0202047244094488,0.0261633858267716,0.0
2014-12-17 21:00:00,0.5247216890595009,0.0114760076775431,0.0199040307101727,0.0,0.0,0.0,0.0192744721689059,0.141573896353167,0.0019059500959692,0.0732725527831094
2014-12-17 22:00:00,0.7732537878787878,0.0107935606060606,0.0226060606060606,0.0,0.0,0.0,0.0192632575757575,0.0955378787878787,0.0018939393939393,0.0
2014-12-17 23:00:00,0.3868901515151515,0.0087859848484848,0.0202537878787878,0.0,0.0,0.0,0.0192878787878787,0.0051723484848484,0.001935606060606,0.0
2014-12-18 00:00:00,0.384090909090909,0.0015795454545454,0.0237708333333333,0.0,0.0,0.0,0.0193541666666666,0.0052045454545454,0.0019602272727272,0.0
2014-12-18 01:00:00,0.3886824196597353,0.0102948960302457,0.0200264650283553,0.0,0.0,0.0,0.0193705103969754,0.0051852551984877,0.0019451795841209,0.0
2014-12-18 02:00:00,1.1750076045627378,0.0104543726235741,0.0219258555133079,0.0,0.0,0.0,0.0193460076045627,0.0051673003802281,0.0019391634980988,0.0
2014-12-18 03:00:00,0.788277358490566,0.0,0.0231622641509434,0.0,0.0,0.0,0.0192792452830188,0.0077226415094339,0.0019264150943396,0.0
2014-12-18 04:00:00,0.7759299242424242,0.0104280303030303,0.0219564393939393,0.0,0.0,0.0,0.0192291666666666,0.009590909090909,0.0018901515151515,0.0
2014-12-18 05:00:00,2.988041587901701,0.0108790170132325,0.0251398865784499,0.0,0.0,0.0,0.0192325141776937,0.0051058601134215,0.0018525519848771,0.0
2014-12-18 06:00:00,3.2528317580340262,0.0032098298676748,0.0199527410207939,0.0,1.4791984877126654,0.0338714555765595,0.0190170132325141,0.0050964083175803,0.1209489603024574,0.102296786389414
2014-12-18 07:00:00,0.8361096408317581,0.0115047258979206,0.0106351606805293,0.0,0.0904102079395085,0.0,0.0190737240075614,0.0050982986767485,0.0017712665406427,0.0
2014-12-18 08:00:00,0.2043295668549906,0.0097080979284369,0.01924670433145,0.0,0.0,0.0,0.0191450094161958,0.0051129943502824,0.001713747645951,0.0
2014-12-18 09:00:00,0.3168566037735849,0.0130415094339622,0.0248943396226415,0.0,0.0,0.0354811320754717,0.0191584905660377,0.0051415094339622,0.0017226415094339,0.0658150943396226
2014-12-18 10:00:00,0.305984375,0.0405859375,0.0393125,0.0,0.0,0.06685546875,0.01921875,0.00513671875,0.0018203125,0.0
2014-12-18 11:00:00,,,,,,,,,,
2014-12-18 12:00:00,,,,,,,,,,
2014-12-18 13:00:00,,,,,,,,,,
2014-12-18 14:00:00,,,,,,,,,,
2014-12-18 15:00:00,,,,,,,,,,
2014-12-18 16:00:00,,,,,,,,,,
2014-12-18 17:00:00,,,,,,,,,,
2014-12-18 18:00:00,,,,,,,,,,
2014-12-18 19:00:00,,,,,,,,,,
2014-12-18 20:00:00,,,,,,,,,,
2014-12-18 21:00:00,,,,,,,,,,
2014-12-18 22:00:00,,,,,,,,,,
2014-12-18 23:00:00,,,,,,,,,,
2014-12-19 00:00:00,,,,,,,,,,
2014-12-19 01:00:00,,,,,,,,,,
2014-12-19 02:00:00,,,,,,,,,,
2014-12-19 03:00:00,,,,,,,,,,
2014-12-19 04:00:00,,,,,,,,,,
2014-12-19 05:00:00,,,,,,,,,,
2014-12-19 06:00:00,,,,,,,,,,
2014-12-19 07:00:00,,,,,,,,,,
2014-12-19 08:00:00,,,,,,,,,,
2014-12-19 09:00:00,,,,,,,,,,
2014-12-19 10:00:00,0.6881224489795918,0.0,0.0,0.0,0.0,0.0,0.0190714285714285,0.0115816326530612,0.0060561224489795,0.0
2014-12-19 11:00:00,0.4083796992481203,0.0096672932330827,0.0201860902255639,0.0,0.0,0.0,0.0192312030075187,0.0116334586466165,0.0018515037593984,0.1013270676691729
2014-12-19 12:00:00,0.8037164461247637,4.3478260869565214e-05,0.0253383742911153,0.0,0.0,0.0,0.0191795841209829,0.0116389413988657,0.001812854442344,0.1170926275992438
2014-12-19 13:00:00,0.2404101123595505,0.0117153558052434,0.0195730337078651,0.0,0.0,0.0,0.0192734082397003,0.0107397003745318,0.0018014981273408,0.0
2014-12-19 14:00:00,0.5826446124763706,0.0113799621928166,0.014695652173913,0.0007693761814744,0.0,0.0,0.019054820415879,0.0051247637051039,0.0017655954631379,0.0861493383742911
2014-12-19 15:00:00,0.2749962335216572,5.649717514124294e-06,0.0074990583804143,0.0009227871939736,0.0,0.0,0.0193145009416195,0.0051261770244821,0.0017853107344632,0.0
2014-12-19 16:00:00,0.8646068052930057,0.0108903591682419,0.0312967863894139,0.0008034026465028,0.0,0.0,0.0191039697542533,0.0051228733459357,0.146742911153119,0.0
2014-12-19 17:00:00,1.0712954545454545,0.013155303030303,0.0152140151515151,0.0008125,0.0,0.0,0.0189583333333333,0.0051325757575757,0.0791117424242424,0.0
2014-12-19 18:00:00,0.6212436647173489,0.0188304093567251,0.0160175438596491,0.000812865497076,0.0,0.0,0.0189883040935672,0.1325048732943469,0.0017426900584795,0.1178732943469785
2014-12-19 19:00:00,0.413313492063492,0.0145734126984126,0.0202063492063492,0.0009087301587301,0.0,0.0,0.0191130952380952,0.0577757936507936,0.0018075396825396,0.0
2014-12-19 20:00:00,0.49726171875,0.012587890625,0.02183203125,0.0008984375,0.0,0.0,0.01915625,0.138060546875,0.001849609375,0.062833984375
2014-12-19 21:00:00,0.4511425855513308,0.0034885931558935,0.0208726235741444,0.0009657794676806,0.0,0.0,0.019264258555133,0.0224866920152091,0.0019201520912547,0.0
2014-12-19 22:00:00,0.641750472589792,0.0128582230623818,0.0204650283553875,0.000977315689981,0.0012495274102079,0.0,0.0192514177693761,0.0051379962192816,0.0019168241965973,0.0
2014-12-19 23:00:00,0.4301992409867172,0.0111100569259962,0.0108519924098671,0.0009867172675521,0.0018045540796963,0.0,0.0192201138519924,0.0051385199240986,0.0018956356736242,0.0
2014-12-20 00:00:00,0.403875236294896,0.0,0.0101077504725897,0.000992438563327,0.0018525519848771,0.0,0.0193062381852552,0.0051682419659735,0.0019432892249527,0.0
2014-12-20 01:00:00,1.2174621212121213,0.0110852272727272,0.0232954545454545,0.0009905303030303,0.7261079545454545,0.0,0.0193200757575757,0.0051969696969696,0.0019412878787878,0.0
2014-12-20 02:00:00,1.3871174242424242,0.0084166666666666,0.020467803030303,0.000998106060606,0.0761439393939393,0.0,0.0191799242424242,0.0051742424242424,0.0019109848484848,0.0
2014-12-20 03:00:00,1.0429184060721064,0.002415559772296,0.0210721062618595,0.0009924098671726,0.0012561669829222,0.0,0.0193567362428842,0.0083776091081593,0.0019297912713472,0.0
2014-12-20 04:00:00,0.8264163498098859,0.0110057034220532,0.0218688212927756,0.0009923954372623,0.0013174904942965,0.0,0.0192984790874524,0.0092072243346007,0.0019505703422053,0.0
2014-12-20 05:00:00,2.917608695652174,0.0,0.0072967863894139,0.0009810964083175,0.0012211720226843,0.0,0.0192684310018903,0.0052003780718336,0.001930056710775,0.0
2014-12-20 06:00:00,0.8702954545454545,0.0110681818181818,0.0133295454545454,0.0009545454545454,0.2648465909090909,0.0,0.0192083333333333,0.0051325757575757,0.0018579545454545,0.0
2014-12-20 07:00:00,1.781664150943396,0.0018471698113207,0.0205566037735849,0.0009245283018867,0.0174,0.0,0.019177358490566,0.0051471698113207,0.0018528301886792,0.1136320754716981
2014-12-20 08:00:00,0.2522962264150943,0.0089358490566037,0.0221245283018867,0.0009245283018867,0.0,0.0,0.0191188679245283,0.0051207547169811,0.0022641509433962,0.0
2014-12-20 09:00:00,0.2241802656546489,0.0106261859582542,0.0201764705882352,0.0008899430740037,0.0,0.0,0.0191821631878557,0.005123339658444,0.0017817836812144,0.0
2014-12-20 10:00:00,0.3554423440453686,1.3232514177693762e-05,0.021875236294896,0.0009603024574669,0.0,0.0,0.0191398865784499,0.0051606805293005,0.0018374291115311,0.1290453686200378
2014-12-20 11:00:00,0.2103295668549906,0.0122128060263653,0.0114689265536723,0.0009830508474576,0.0,0.0,0.01924670433145,0.0051751412429378,0.0019209039548022,0.0
2014-12-20 12:00:00,0.2157746212121212,0.0135189393939393,0.0098143939393939,0.0009583333333333,0.0,0.0,0.0192234848484848,0.0051912878787878,0.0018996212121212,0.0
2014-12-20 13:00:00,0.3398133333333333,0.0001790476190476,0.0212285714285714,0.0009790476190476,0.0,0.0,0.0192514285714285,0.0051809523809523,0.0114038095238095,0.0880533333333333
2014-12-20 14:00:00,0.2477207547169811,0.0174811320754716,0.0207113207547169,0.0009283018867924,0.0,0.0,0.0191320754716981,0.0051320754716981,0.0018320754716981,0.0
2014-12-20 15:00:00,0.4327167300380228,0.0150038022813688,0.0206216730038022,0.0009163498098859,0.0,0.0,0.0191692015209125,0.0386711026615969,0.0018346007604562,0.0562927756653992
2014-12-20 16:00:00,1.189125482625483,9.652509652509651e-06,0.0204420849420849,0.0008899613899613,0.0,0.0,0.0191467181467181,0.0718320463320463,0.0018030888030888,0.0
2014-12-20 17:00:00,2.4330296442687747,0.0153478260869565,0.0185138339920948,0.0008577075098814,0.0,0.0,0.0190256916996047,0.0086739130434782,0.0017154150197628,0.0
2014-12-20 18:00:00,2.3250987394957985,0.0182521008403361,0.0069915966386554,0.0008886554621848,0.0,0.0,0.0191995798319327,0.0181428571428571,0.0780672268907563,0.0
2014-12-20 19:00:00,1.339912579957356,0.0070831556503198,0.015637526652452,0.0009317697228144,0.0,0.0,0.019183368869936,0.0235437100213219,0.0532622601279317,0.0
2014-12-20 20:00:00,2.0222,0.0188222222222222,0.0203090909090909,0.0009676767676767,0.0,0.0,0.0192363636363636,0.0116464646464646,0.0536545454545454,0.1846787878787879
2014-12-20 21:00:00,1.1778359073359073,0.0,0.0207779922779922,0.0009633204633204,0.0,0.0,0.0195096525096525,0.0250482625482625,0.0019459459459459,0.0574942084942084
2014-12-20 22:00:00,0.4355652173913044,0.0181001890359168,0.0205387523629489,0.000984877126654,0.0,0.0,0.0194234404536862,0.1082476370510397,0.0019565217391304,0.0
2014-12-20 23:00:00,0.5810283018867924,0.0128849056603773,0.0206490566037735,0.000966037735849,0.0005056603773584,0.0,0.019266037735849,0.0908132075471698,0.0019207547169811,0.0
2014-12-21 00:00:00,0.4847153700189753,0.0,0.0107286527514231,0.000965844402277,0.0019089184060721,0.0,0.0193111954459203,0.0051024667931688,0.0019354838709677,0.0
2014-12-21 01:00:00,0.4874962264150943,0.0137566037735849,0.0101207547169811,0.0009735849056603,0.0017867924528301,0.0,0.0192962264150943,0.0050924528301886,0.0019207547169811,0.0
2014-12-21 02:00:00,1.3117832699619771,0.0140304182509505,0.0211463878326996,0.822351711026616,0.0018041825095057,0.0,0.0193783269961977,0.0051387832699619,0.001944866920152,0.0
2014-12-21 03:00:00,0.4534866920152091,0.0,0.0206768060836501,0.0170247148288973,0.0018593155893536,0.0,0.0192585551330798,0.008190114068441,0.0019562737642585,0.0
2014-12-21 04:00:00,1.7424421252371918,0.0128804554079696,0.0216925996204933,0.0009297912713472,0.2814516129032258,0.0,0.0191366223908918,0.0084307400379506,0.0019278937381404,0.0
2014-12-21 05:00:00,3.682521739130435,0.0005141776937618,0.0204442344045368,0.0008960302457466,0.3180075614366729,0.0,0.0191701323251417,0.0051209829867674,0.0019262759924385,0.0
2014-12-21 06:00:00,0.9908288973384032,0.0116653992395437,0.0128783269961977,0.0007718631178707,0.0012167300380228,0.0,0.0190988593155893,0.0050988593155893,0.001893536121673,0.0
2014-12-21 07:00:00,0.564939393939394,0.0100397727272727,0.007715909090909,0.0007973484848484,0.0012026515151515,0.0,0.0191477272727272,0.0051212121212121,0.0019280303030303,0.0
2014-12-21 08:00:00,1.264122605363985,0.0023869731800766,0.0216590038314176,0.0008199233716475,0.0009080459770114,0.0,0.0192528735632183,0.0051417624521072,0.0018965517241379,0.0660536398467433
2014-12-21 09:00:00,0.8006930320150659,0.0135555555555555,0.0251280602636534,0.0006421845574387,0.0,0.0337193973634651,0.0190753295668549,0.0050903954802259,0.0018757062146892,0.0598079096045197
2014-12-21 10:00:00,0.8814212523719165,0.0026185958254269,0.0204611005692599,0.0006242884250474,0.0,0.0,0.0189924098671726,0.005111954459203,0.0018349146110056,0.0
2014-12-21 11:00:00,0.8520512333965844,0.0143719165085388,0.021931688804554,0.0007001897533206,0.0,0.0,0.0191366223908918,0.0050967741935483,0.0018557874762808,0.1166053130929791
2014-12-21 12:00:00,0.8556785714285714,0.0225883458646616,0.0179755639097744,0.0005263157894736,0.0,0.0,0.0190996240601503,0.0051052631578947,0.0018853383458646,0.0956936090225563
2014-12-21 13:00:00,0.363422138836773,0.0190656660412757,0.0088348968105065,0.0,0.0,0.0992945590994371,0.0190431519699812,0.0051144465290806,0.0543939962476547,0.0
2014-12-21 14:00:00,0.3624529750479846,0.0031285988483685,0.0159980806142034,0.0,0.0,0.0,0.0192092130518234,0.0051381957773512,0.0019193857965451,0.1347754318618042
2014-12-21 15:00:00,0.3080268199233716,0.0103659003831417,0.0207586206896551,0.0,0.0,0.0,0.0536436781609195,0.0051072796934865,0.0018965517241379,0.0
2014-12-21 16:00:00,0.5753244897959183,0.0116326530612244,0.0208897959183673,0.0,0.0,0.0,0.0921367346938775,0.0051102040816326,0.0459204081632653,0.0
2014-12-21 17:00:00,1.229330917874396,0.0136135265700483,0.0267922705314009,0.0,0.0,0.0,0.0590241545893719,0.0051062801932367,0.1030507246376811,0.0
2014-12-21 18:00:00,0.5700406976744187,0.0025,0.037563953488372,0.0,0.0,0.0,0.02,0.1332558139534883,0.0016860465116279,0.0
2014-12-21 19:00:00,0.5900424242424243,0.0190727272727272,0.017660606060606,0.0,0.0,0.0,0.0200121212121212,0.1374727272727272,0.0016787878787878,0.0
2014-12-21 20:00:00,0.6151302325581395,0.0060325581395348,0.0187488372093023,0.0,0.0,0.0,0.0387627906976744,0.1376651162790697,0.0017302325581395,0.0
2014-12-21 21:00:00,0.7253100616016427,0.0082361396303901,0.0151498973305954,0.0,0.0,0.0,0.0181848049281314,0.1631642710472279,0.0018028747433264,0.0
2014-12-21 22:00:00,0.7368555133079848,0.0139619771863117,0.0200152091254752,0.0,0.0,0.0,0.0182927756653992,0.049,0.0027794676806083,0.0
2014-12-21 23:00:00,0.453673786407767,0.0,0.0250873786407767,0.0,0.0,0.0,0.0185145631067961,0.0051514563106796,0.0018660194174757,0.0
2014-12-22 00:00:00,0.4399905838041431,0.0130094161958568,0.0256195856873822,0.0,0.0,0.0,0.0185141242937853,0.0051186440677966,0.0018700564971751,0.0
2014-12-22 01:00:00,0.4602015209125475,0.0092072243346007,0.0263326996197718,0.0,0.0,0.0,0.0185266159695817,0.0051216730038022,0.0018631178707224,0.0
2014-12-22 02:00:00,1.2599096045197742,0.0033258003766478,0.0201393596986817,0.0,0.0,0.0,0.0184406779661016,0.0051111111111111,0.0018813559322033,0.0
2014-12-22 03:00:00,1.0466886792452832,0.0122169811320754,0.0125509433962264,0.0,0.0,0.0,0.0185358490566037,0.008043396226415,0.0018716981132075,0.0
2014-12-22 04:00:00,0.6434337121212121,0.0,0.0223011363636363,0.0,0.0,0.0,0.0185852272727272,0.0065151515151515,0.0018996212121212,0.0
2014-12-22 05:00:00,3.026573055028463,0.0124079696394686,0.0248462998102466,0.0,3.036053130929792e-05,0.0,0.018358633776091,0.0051385199240986,0.0018292220113851,0.0
2014-12-22 06:00:00,1.6157202268431,0.0064347826086956,0.026461247637051,0.0,0.0,0.0,0.0182173913043478,0.0050907372400756,0.0978941398865784,0.1287145557655954
2014-12-22 07:00:00,0.5602824858757063,0.0067363465160075,0.0315386064030131,0.0,0.0,0.0372598870056497,0.0181186440677966,0.0050922787193973,0.001864406779661,0.01684934086629
2014-12-22 08:00:00,0.6136351606805294,0.0126068052930056,0.0148941398865784,0.0,0.0,0.0,0.0181323251417769,0.005109640831758,0.0018279773156899,0.0858412098298676
2014-12-22 09:00:00,0.2018298676748582,0.0,0.011461247637051,0.0,0.0,0.0,0.0189754253308128,0.0051228733459357,0.0019130434782608,0.0
2014-12-22 10:00:00,0.2107140151515151,0.0134753787878787,0.0271306818181818,0.0,0.0,0.0,0.0186950757575757,0.0051571969696969,0.0018712121212121,0.0
2014-12-22 11:00:00,0.199875,0.0012140151515151,0.0262765151515151,0.0,0.0,0.0,0.0186212121212121,0.0051041666666666,0.0018465909090909,0.0
2014-12-22 12:00:00,0.3508140417457305,0.0105730550284629,0.0273377609108159,0.0,0.0,0.0,0.018639468690702,0.0051138519924098,0.0018804554079696,0.1126375711574952
2014-12-22 13:00:00,0.2116470588235294,0.0171707779886148,0.0222713472485768,0.0,0.0,0.0,0.0186603415559772,0.0051100569259962,0.0018785578747628,0.0
2014-12-22 14:00:00,0.1953270321361058,0.0,0.0117618147448015,0.0,0.0,0.0,0.018695652173913,0.0051663516068052,0.0019319470699432,0.0
2014-12-22 15:00:00,0.3150398481973435,0.0163965844402277,0.018977229601518,0.0,0.0,0.0,0.0188595825426944,0.0051574952561669,0.0019278937381404,0.0721840607210626
2014-12-22 16:00:00,1.1149830508474576,0.0135404896421845,0.0275404896421845,0.0,0.0,0.0,0.0185668549905838,0.0050903954802259,0.0830847457627118,0.0
2014-12-22 17:00:00,0.5228080614203454,0.0034414587332053,0.026510556621881,0.0,0.0,0.0,0.0206967370441458,0.0283704414587332,0.0422591170825335,0.0813032629558541
2014-12-22 18:00:00,0.4625717054263565,0.0172306201550387,0.0258720930232558,0.0,0.0,0.0,0.0187577519379844,0.1404961240310077,0.0017131782945736,0.0
2014-12-22 19:00:00,0.6774383838383838,0.0116848484848484,0.013870707070707,0.0,0.0,0.0,0.0187535353535353,0.1367656565656565,0.0017212121212121,0.0
2014-12-22 20:00:00,0.5713395061728395,0.0007695473251028,0.0135082304526748,0.0,0.0,0.0,0.0187427983539094,0.0186954732510288,0.0017427983539094,0.0
2014-12-22 21:00:00,0.5371043307086615,0.0133070866141732,0.0327244094488188,0.0,0.0,0.0,0.0189547244094488,0.0251732283464566,0.0018838582677165,0.0
2014-12-22 22:00:00,0.429758034026465,0.0063119092627599,0.0266654064272211,0.0,0.0,0.0,0.0189546313799621,0.0057391304347826,0.0019206049149338,0.0
2014-12-22 23:00:00,0.4066774193548387,0.0064497153700189,0.024527514231499,0.0,0.0,0.0,0.0189734345351043,0.0051461100569259,0.0018614800759013,0.0
2014-12-23 00:00:00,0.4047916666666666,0.0128579545454545,0.0248276515151515,0.0,0.0,0.0,0.0189147727272727,0.0050946969696969,0.001842803030303,0.0
2014-12-23 01:00:00,0.3881581920903955,0.0,0.0117024482109227,0.0,0.0,0.0,0.0188832391713747,0.0051148775894538,0.0018888888888888,0.0
2014-12-23 02:00:00,0.422615969581749,0.0125209125475285,0.0160950570342205,0.0,0.0,0.0,0.0190893536121673,0.005157794676806,0.0019144486692015,0.0
2014-12-23 03:00:00,0.4098396226415094,0.0,0.0266283018867924,0.0,0.0,0.0,0.0190150943396226,0.0080528301886792,0.0019207547169811,0.0
2014-12-23 04:00:00,0.7950849056603774,0.0121792452830188,0.0267528301886792,0.0,0.0,0.0,0.0190037735849056,0.0066603773584905,0.0018981132075471,0.0
2014-12-23 05:00:00,4.840208502024291,0.0122894736842105,0.0280607287449392,0.0,0.5485060728744939,0.0,0.0187388663967611,0.0051113360323886,0.0017773279352226,0.1072064777327935
2014-12-23 06:00:00,0.816352165725047,0.0017871939736346,0.0193239171374764,0.0,0.080924670433145,0.0,0.0187118644067796,0.0051035781544256,0.0018003766478342,0.0
2014-12-23 07:00:00,1.9310473484848485,0.0132007575757575,0.0063768939393939,0.0,0.7705662878787879,0.0,0.0185359848484848,0.0051268939393939,0.001715909090909,0.1450473484848485
2014-12-23 08:00:00,0.5344011299435029,0.0069830508474576,0.0265103578154425,0.0,0.086563088512241,0.0,0.04784934086629,0.0050941619585687,0.0017928436911487,0.0
2014-12-23 09:00:00,0.288157196969697,0.0050416666666666,0.0266647727272727,0.0,0.0,0.0,0.0912670454545454,0.0051344696969696,0.0017954545454545,0.0
2014-12-23 10:00:00,0.3963795066413662,0.0129089184060721,0.0262789373814041,0.0,0.0,0.0346774193548387,0.058527514231499,0.005123339658444,0.0018368121442125,0.0916925996204933
2014-12-23 11:00:00,0.2186723484848485,0.0241401515151515,0.0276666666666666,0.0,0.0,0.0,0.0193541666666666,0.0051003787878787,0.001842803030303,0.0
2014-12-23 12:00:00,0.643876660341556,0.0075426944971537,0.0236129032258064,0.0,0.0,0.0,0.019415559772296,0.0051631878557874,0.0018975332068311,0.1258500948766603
2014-12-23 13:00:00,0.3170647619047619,0.0066057142857142,0.0210438095238095,0.0,0.0,0.0,0.0194361904761904,0.0051580952380952,0.0018685714285714,0.0
2014-12-23 14:00:00,0.4548992395437262,0.0134600760456273,0.0200551330798479,0.0,0.0,0.0,0.0192756653992395,0.0051273764258555,0.0018536121673003,0.062551330798479
2014-12-23 15:00:00,0.7680831758034027,0.0132533081285444,0.0181134215500945,0.0,0.0,0.0,0.0193175803402646,0.0051266540642722,0.0018015122873345,0.0260264650283553
2014-12-23 16:00:00,1.1940375939849623,0.0197875939849624,0.0683947368421052,0.0006334586466165,0.0,0.0,0.0192180451127819,0.0051071428571428,0.1263778195488721,0.0
2014-12-23 17:00:00,0.5827207547169811,0.0022754716981132,0.0344603773584905,0.0008207547169811,0.0,0.0,0.0235849056603773,0.049454716981132,0.1214018867924528,0.0902735849056603
2014-12-23 18:00:00,0.4920764705882353,0.0458529411764705,0.0099411764705882,0.0008764705882352,0.0,0.0,0.019,0.1425176470588235,0.0014647058823529,0.0
2014-12-23 19:00:00,0.5383280542986425,0.0198235294117647,0.0033914027149321,0.0009502262443438,0.0,0.0,0.0194072398190045,0.1542828054298642,0.0017511312217194,0.0
2014-12-23 20:00:00,0.7942015355086373,0.0077735124760076,0.0279347408829174,0.0009328214971209,0.0,0.0,0.0336065259117082,0.0368061420345489,0.0017715930902111,0.0
2014-12-23 21:00:00,0.8553314065510598,0.0047552986512524,0.0331541425818882,0.0008651252408477,0.0,0.0,0.0334354527938342,0.1418169556840077,0.0017495183044315,0.0
2014-12-23 22:00:00,0.6115009487666034,0.0137172675521821,0.0293434535104364,0.0009525616698292,0.0011783681214421,0.0,0.0192277039848197,0.0369051233396584,0.0018064516129032,0.0
2014-12-23 23:00:00,0.4562300380228137,0.0138212927756654,0.0240114068441064,0.0009752851711026,0.0017490494296577,0.0,0.0193155893536121,0.0051254752851711,0.0018650190114068,0.0
2014-12-24 00:00:00,0.4305965909090909,0.0,0.0110397727272727,0.0009829545454545,0.0018181818181818,0.0,0.0193049242424242,0.0051287878787878,0.0018655303030303,0.0
2014-12-24 01:00:00,0.4328716981132076,0.0106849056603773,0.0192679245283018,0.0009905660377358,0.0018490566037735,0.0,0.0193622641509433,0.0051509433962264,0.0019094339622641,0.0
2014-12-24 02:00:00,1.9832045028142589,0.0106378986866791,0.0265478424015009,0.0009906191369606,0.7328930581613509,0.0,0.0193827392120075,0.005155722326454,0.0018986866791744,0.0
2014-12-24 03:00:00,1.1821509433962265,0.0028943396226415,0.0261452830188679,0.0009943396226415,0.0830169811320754,0.0,0.0194962264150943,0.0079471698113207,0.0019056603773584,0.0
2014-12-24 04:00:00,0.546734962406015,0.0077293233082706,0.0316597744360902,0.0009774436090225,0.0012706766917293,0.0,0.0194116541353383,0.0095864661654135,0.0018966165413533,0.0
2014-12-24 05:00:00,2.994158878504673,0.0102766355140186,0.0210579439252336,0.0009588785046728,0.0012355140186915,0.0,0.0193252336448598,0.0051289719626168,0.0018598130841121,0.0
2014-12-24 06:00:00,0.5853421052631579,0.0084078947368421,0.0128834586466165,0.0009436090225563,0.0012274436090225,0.0,0.0193947368421052,0.0051296992481203,0.0018627819548872,0.0
2014-12-24 07:00:00,2.7762665406427223,0.0012211720226843,0.0177807183364839,0.0008412098298676,0.000468809073724,0.0354026465028355,0.0191323251417769,0.0051190926275992,0.0017655954631379,0.1502325141776937
2014-12-24 08:00:00,0.284351606805293,0.0106219281663516,0.0205198487712665,0.0008563327032136,0.0,0.0,0.0192155009451795,0.0242873345935727,0.0017618147448015,0.0
2014-12-24 09:00:00,0.3750986717267552,0.0086299810246679,0.0251404174573055,0.0008595825426944,0.0,0.0,0.0192789373814041,0.0060436432637571,0.0018178368121442,0.1063244781783681
2014-12-24 10:00:00,0.1954669187145557,0.0032457466918714,0.0215841209829867,0.0008771266540642,0.0,0.0,0.0192249527410207,0.0060207939508506,0.0017693761814744,0.0
2014-12-24 11:00:00,0.1929754253308128,0.0051039697542533,0.0136049149338374,0.0009413988657844,0.0,0.0,0.0193818525519848,0.0060415879017013,0.0017939508506616,0.0
2014-12-24 12:00:00,0.1927584905660377,0.0078094339622641,0.0072037735849056,0.0009075471698113,0.0,0.0,0.0193018867924528,0.0059094339622641,0.0017603773584905,0.0
2014-12-24 13:00:00,0.1961450094161958,0.0081374764595103,0.0231111111111111,0.0009077212806026,0.0,0.0,0.022728813559322,0.0051129943502824,0.0018097928436911,0.0
2014-12-24 14:00:00,0.28406463878327,0.0042414448669201,0.020615969581749,0.0004638783269961,0.0,0.0,0.0193726235741444,0.0050931558935361,0.0018269961977186,0.0717053231939163
2014-12-24 15:00:00,0.2368330170777988,0.0075540796963946,0.0341100569259962,0.0,0.0,0.0,0.0219032258064516,0.0051328273244781,0.0018007590132827,0.0
2014-12-24 16:00:00,0.2487234848484848,0.008905303030303,0.0209640151515151,0.0,0.0,0.0,0.0191723484848484,0.0051155303030303,0.0017632575757575,0.0
2014-12-24 17:00:00,0.2726590476190476,0.0075428571428571,0.0211219047619047,0.0,0.0,0.0,0.0191580952380952,0.0195961904761904,0.0017657142857142,0.0
2014-12-24 18:00:00,0.2651193181818181,0.0025833333333333,0.0171022727272727,0.0,0.0,0.0,0.0192234848484848,0.0192253787878787,0.0017556818181818,0.0
2014-12-24 19:00:00,0.2736527514231499,0.0084648956356736,0.0102561669829222,0.0,0.0,0.0,0.0192656546489563,0.0245901328273244,0.0018444022770398,0.0
2014-12-24 20:00:00,0.2505965909090909,0.0045795454545454,0.0150776515151515,0.0,3.787878787878788e-06,0.0,0.0193712121212121,0.0069507575757575,0.0018522727272727,0.0
2014-12-24 21:00:00,0.2660057251908397,0.0030076335877862,0.0210114503816793,0.0,0.0,0.0,0.0194904580152671,0.0177938931297709,0.0018702290076335,0.0
2014-12-24 22:00:00,0.2526098484848485,0.007625,0.0220662878787878,0.0,0.0,0.0,0.0195397727272727,0.0160170454545454,0.0019147727272727,0.0
2014-12-24 23:00:00,0.5958506616257089,0.0013100189035916,0.0211531190926275,0.0,0.0011398865784499,0.0,0.0195028355387523,0.0051739130434782,0.0018960302457466,0.0
2014-12-25 00:00:00,0.6064924812030075,0.0061090225563909,0.0150187969924812,0.0,0.0018515037593984,0.0,0.0193984962406015,0.0051503759398496,0.001875939849624,0.0
2014-12-25 01:00:00,1.3953825757575755,0.0072992424242424,0.0056174242424242,0.0,0.8557272727272728,0.0,0.0193882575757575,0.0051837121212121,0.001875,0.0
2014-12-25 02:00:00,1.079655303030303,0.0,0.0216155303030303,0.4502727272727272,0.0810549242424242,0.0,0.0194526515151515,0.0051477272727272,0.001903409090909,0.0
2014-12-25 03:00:00,0.5606590909090908,0.0077007575757575,0.0205852272727272,0.0149810606060606,0.0013371212121212,0.0,0.019465909090909,0.0078446969696969,0.0019261363636363,0.0
2014-12-25 04:00:00,0.6634782608695653,0.007094517958412,0.0239943289224952,0.0009565217391304,0.0012986767485822,0.0,0.0194442344045368,0.0094858223062381,0.0019262759924385,0.0
2014-12-25 05:00:00,3.266330188679245,9.433962264150942e-06,0.011743396226415,0.0009377358490566,0.0013018867924528,0.0,0.0193981132075471,0.0055471698113207,0.0019132075471698,0.0
2014-12-25 06:00:00,0.9641596958174904,0.0075722433460076,0.0095152091254752,0.0008041825095057,0.0012661596958174,0.0,0.0192680608365019,0.0051216730038022,0.0018441064638783,0.0
2014-12-25 07:00:00,1.1429810964083176,0.0074347826086956,0.0216521739130434,0.0008034026465028,0.0012514177693761,0.0,0.0192533081285444,0.0051209829867674,0.0018109640831758,0.0
2014-12-25 08:00:00,2.487378787878788,0.0018560606060606,0.0214450757575757,0.0007386363636363,0.0012291666666666,0.0343238636363636,0.0193087121212121,0.0051212121212121,0.0018068181818181,0.1211193181818181
2014-12-25 09:00:00,0.2606704545454545,0.007685606060606,0.005778409090909,0.0007727272727272,0.0003314393939393,0.0,0.0193503787878787,0.0178920454545454,0.0017424242424242,0.0
2014-12-25 10:00:00,0.2113191489361702,0.0105667311411992,0.0159825918762088,0.0006382978723404,0.0,0.0,0.0191295938104448,0.0051179883945841,0.0017891682785299,0.0
2014-12-25 11:00:00,0.2056730038022813,0.0161787072243346,0.0226235741444866,0.0006178707224334,0.0,0.0,0.019083650190114,0.0051216730038022,0.0017528517110266,0.0
2014-12-25 12:00:00,0.2058276515151515,0.0086761363636363,0.0213863636363636,0.0006704545454545,0.0,0.0,0.0191439393939393,0.0051003787878787,0.0017367424242424,0.0
2014-12-25 13:00:00,0.196750472589792,0.0017296786389413,0.0094026465028355,0.0008317580340264,0.0,0.0,0.0191909262759924,0.005164461247637,0.0017693761814744,0.0
2014-12-25 14:00:00,0.2021043643263757,0.0123358633776091,0.0144364326375711,0.0007628083491461,0.0,0.0,0.019212523719165,0.0051480075901328,0.0018121442125237,0.0
2014-12-25 15:00:00,0.231092803030303,0.0083219696969696,0.0209905303030303,0.0006761363636363,0.0,0.0,0.019185606060606,0.0245833333333333,0.0017878787878787,0.0
2014-12-25 16:00:00,0.2489584120982987,0.0,0.0209640831758034,0.000640831758034,7.561436672967864e-06,0.0,0.0190680529300567,0.0117882797731569,0.0017448015122873,0.0
2014-12-25 17:00:00,0.2775627376425855,0.0080798479087452,0.0189372623574144,0.0006102661596958,0.0,0.0,0.0191178707224334,0.0252300380228136,0.0017509505703422,0.0
2014-12-25 18:00:00,0.2506091954022988,0.0080114942528735,0.0021685823754789,0.0006647509578544,0.0,0.0,0.0191206896551724,0.0108927203065134,0.0017547892720306,0.0
2014-12-25 19:00:00,0.2463804971319312,0.0,0.0209349904397705,0.0006252390057361,9.560229445506692e-06,0.0,0.0191242829827915,0.0051223709369024,0.0017705544933078,0.0
2014-12-25 20:00:00,0.6695803402646503,0.0079584120982986,0.0211928166351606,0.0006124763705103,0.0,0.0,0.0190831758034026,0.0174593572778828,0.0017485822306238,0.1354177693761814
2014-12-25 21:00:00,0.8176019047619048,0.0192095238095238,0.0235295238095238,0.0007047619047619,0.0,0.0,0.0191485714285714,0.1632914285714286,0.0017828571428571,0.0
2014-12-25 22:00:00,1.0698823529411765,0.0,0.00153889943074,0.0008576850094876,0.0,0.0,0.019246679316888,0.1593339658444023,0.001853889943074,0.0
2014-12-25 23:00:00,0.6196011342155009,0.0159073724007561,0.0204555765595463,0.0008903591682419,0.0,0.0,0.0192230623818525,0.0450170132325141,0.0018563327032136,0.0
2014-12-26 00:00:00,0.5111758034026466,0.0,0.0217882797731569,0.0009243856332703,0.0,0.0,0.0193837429111531,0.0051493383742911,0.0018998109640831,0.0
2014-12-26 01:00:00,0.5047604562737642,0.0144296577946768,0.0216749049429657,0.0009505703422053,0.0,0.0,0.0194258555133079,0.0051692015209125,0.0018992395437262,0.0
2014-12-26 02:00:00,1.031578747628083,0.0,0.0,0.0009563567362428,0.0,0.0,0.019358633776091,0.0051840607210626,0.0019032258064516,0.0
2014-12-26 03:00:00,0.8090869565217391,0.0108241965973534,0.0224839319470699,0.0009603024574669,0.0,0.0,0.0194744801512287,0.0077637051039697,0.0019451795841209,0.0
2014-12-26 04:00:00,1.41273055028463,0.0,0.0235844402277039,0.0009962049335863,0.0,0.0,0.0194724857685009,0.0103415559772296,0.0019354838709677,0.0
2014-12-26 05:00:00,3.1208377358490567,0.0096320754716981,0.0126679245283018,0.0009679245283018,0.0,0.0,0.019466037735849,0.0057320754716981,0.0019056603773584,0.0
2014-12-26 06:00:00,0.93403213610586,0.0,0.0122533081285444,0.0009262759924385,0.0,0.0,0.0193119092627599,0.0051436672967863,0.0019130434782608,0.0
2014-12-26 07:00:00,2.1393559322033897,0.0096045197740113,0.0219077212806026,0.0008926553672316,1.3182674199623352e-05,0.0,0.0193032015065913,0.0051638418079096,0.0018587570621468,0.0
2014-12-26 08:00:00,0.3913818525519849,0.0076124763705103,0.0233156899810964,0.0007844990548204,0.0001228733459357,0.0,0.0192665406427221,0.0051323251417769,0.0018355387523629,0.107977315689981
2014-12-26 09:00:00,1.7669,0.0008264150943396,0.0014245283018867,0.000743396226415,0.0,0.0340867924528301,0.0191735849056603,0.0051188679245283,0.0798056603773584,0.0451754716981132
2014-12-26 10:00:00,0.5378695652173913,0.0100415879017013,0.024039697542533,0.0008657844990548,0.0,0.0,0.0192684310018903,0.0051323251417769,0.001977315689981,0.030805293005671
2014-12-26 11:00:00,0.7202967863894141,0.0093232514177693,0.0222551984877126,0.0008412098298676,0.0,0.0,0.0192325141776937,0.0620018903591682,0.0713345935727788,0.0862325141776937
2014-12-26 12:00:00,0.3902897727272727,0.0015435606060606,0.0049412878787878,0.0008352272727272,0.0,0.0,0.0192348484848484,0.0051571969696969,0.0018806818181818,0.0
2014-12-26 13:00:00,0.5167051039697543,0.0118090737240075,0.0168241965973535,0.0007958412098298,0.0,0.0,0.0191871455576559,0.0051361058601134,0.0018468809073724,0.0513062381852552
2014-12-26 14:00:00,0.6244648956356736,0.011650853889943,0.0207533206831119,0.0007229601518026,0.0,0.0,0.0191992409867172,0.1347741935483871,0.0022618595825426,0.0
2014-12-26 15:00:00,1.221397338403042,0.0,0.0215342205323193,0.0007566539923954,0.0,0.0,0.019180608365019,0.1518916349809886,0.001861216730038,0.0
2014-12-26 16:00:00,1.6086432637571155,0.0111480075901328,0.0119354838709677,0.0006944971537001,0.0,0.0,0.0191043643263757,0.138,0.0017552182163187,1.8975332068311195e-06
2014-12-26 17:00:00,1.278433781190019,0.0112245681381957,0.0110978886756238,0.0006372360844529,0.0,0.0,0.0190806142034548,0.1348387715930902,0.1208387715930902,0.0
2014-12-26 18:00:00,1.0824600840336134,0.0088550420168067,0.0224642857142857,0.0006785714285714,0.0,0.0,0.0190966386554621,0.1520420168067227,0.0689579831932773,0.1287794117647059
2014-12-26 19:00:00,0.9634254473161034,0.0061789264413518,0.0230874751491053,0.0007097415506958,0.0,0.0,0.019145129224652,0.1576341948310139,0.0018270377733598,0.0
2014-12-26 20:00:00,0.9362471264367817,0.0134176245210727,0.0103697318007662,0.0006743295019157,0.0,0.0,0.0192222222222222,0.1383620689655172,0.0017816091954022,0.0
2014-12-26 21:00:00,0.9394571428571428,0.0005409523809523,0.0127142857142857,0.0006647619047619,0.0,0.0,0.0192247619047619,0.1374133333333333,0.0018171428571428,0.0
2014-12-26 22:00:00,0.8976003787878788,0.0119469696969696,0.0226325757575757,0.0007632575757575,0.0,0.0,0.019185606060606,0.1375227272727272,0.0018636363636363,0.0
2014-12-26 23:00:00,0.6148102466793168,0.0117571157495256,0.0225730550284629,0.0008387096774193,0.0,0.0,0.0193282732447817,0.022426944971537,0.0019051233396584,0.0
2014-12-27 00:00:00,0.4347840909090909,0.0,0.0009412878787878,0.000905303030303,0.0010681818181818,0.0,0.0193352272727272,0.0069943181818181,0.0018825757575757,0.0
2014-12-27 01:00:00,0.4171349809885931,0.0098250950570342,0.0227148288973384,0.0008764258555133,0.001838403041825,0.0,0.0193212927756653,0.0051254752851711,0.0018726235741444,0.0
2014-12-27 02:00:00,1.014986692015209,0.0074638783269961,0.0226596958174904,0.0009106463878326,0.0018498098859315,0.0,0.0193193916349809,0.0051520912547528,0.0018821292775665,0.0
2014-12-27 03:00:00,1.6518558052434458,0.0028464419475655,0.0,0.0008970037453183,0.7470243445692883,0.0,0.0192565543071161,0.0076067415730337,0.0018951310861423,0.0
2014-12-27 04:00:00,1.4366290018832393,0.0097156308851224,0.0240357815442561,0.0008738229755178,0.0641148775894538,0.0,0.019261770244821,0.0098248587570621,0.0018983050847457,0.0
2014-12-27 05:00:00,3.0061692015209123,0.0,0.0243098859315589,0.0008212927756653,0.0012072243346007,0.0,0.019231939163498,0.0051501901140684,0.0018783269961977,0.0
2014-12-27 06:00:00,0.8604809885931559,0.0112338403041825,0.0,0.0008326996197718,0.0012186311787072,0.0,0.019222433460076,0.0051634980988593,0.0018631178707224,0.0
2014-12-27 07:00:00,2.1665152671755727,0.0110515267175572,0.0232270992366412,0.0006832061068702,0.001192748091603,0.0,0.019030534351145,0.0051011450381679,0.0017862595419847,0.0
2014-12-27 08:00:00,1.597782196969697,0.0010397727272727,0.0263541666666666,0.000903409090909,0.0012708333333333,0.0330757575757575,0.0192878787878787,0.0051515151515151,0.001875,0.109155303030303
2014-12-27 09:00:00,0.7279753787878788,0.0145340909090909,0.0,0.0006647727272727,0.0001590909090909,0.0,0.0191136363636363,0.0051420454545454,0.0017878787878787,0.0
2014-12-27 10:00:00,0.9977258979206048,0.0036294896030245,0.0234877126654064,0.0007523629489603,0.0,0.0,0.0191474480151228,0.0051436672967863,0.056453686200378,0.1271153119092627
2014-12-27 11:00:00,0.5356907020872865,0.0092201138519924,0.024066413662239,0.000796963946869,0.0,0.0,0.0192163187855787,0.0050967741935483,0.0019222011385199,0.0970531309297912
2014-12-27 12:00:00,0.9985241779497098,0.0144158607350096,0.0,0.0008007736943907,0.0,0.0,0.0191934235976789,0.0050967117988394,0.0019129593810444,0.0834603481624758
2014-12-27 13:00:00,0.4193427495291902,0.0,0.0273709981167608,0.0009133709981167,0.0,0.0,0.01924670433145,0.0051676082862523,0.0019133709981167,0.0
2014-12-27 14:00:00,0.4548657844990548,0.0096748582230623,0.0206616257088846,0.0008317580340264,0.0,0.0,0.0193553875236294,0.0051436672967863,0.0019187145557655,0.0355576559546313
2014-12-27 15:00:00,0.6244659090909092,0.0119185606060606,0.0028238636363636,0.000810606060606,0.0,0.0,0.0191837121212121,0.1378768939393939,0.0018958333333333,0.0546515151515151
2014-12-27 16:00:00,0.7540745697896749,0.0034588910133843,0.022359464627151,0.0007284894837476,0.0,0.0,0.0190325047801147,0.0234894837476099,0.0018718929254302,0.0
2014-12-27 17:00:00,1.2425096899224806,0.0082732558139534,0.0230872093023255,0.0008779069767441,0.0,0.0,0.0191201550387596,0.0351240310077519,0.0017093023255813,0.0
2014-12-27 18:00:00,0.8727053941908715,0.0098464730290456,0.0,0.0009273858921161,0.0,0.0,0.0192323651452282,0.029408713692946,0.1078858921161825,0.0949917012448132
2014-12-27 19:00:00,0.4404732673267327,0.0101861386138613,0.0238455445544554,0.0009485148514851,0.0,0.0,0.019279207920792,0.0051465346534653,0.0018435643564356,0.0
2014-12-27 20:00:00,0.4911785714285714,0.0,0.0209305555555555,0.0009761904761904,0.0,0.0,0.0193075396825396,0.0754007936507936,0.0018115079365079,0.0
2014-12-27 21:00:00,0.56684375,0.0091875,0.00203125,0.000978515625,0.0,0.0,0.019263671875,0.15251171875,0.001796875,0.0
2014-12-27 22:00:00,0.9913206831119544,0.0090740037950664,0.0261366223908918,0.000988614800759,0.0001100569259962,0.0,0.0193377609108159,0.1194003795066413,0.0018652751423149,0.0676717267552182
2014-12-27 23:00:00,0.4665822306238185,0.0080926275992438,0.0138071833648393,0.000977315689981,0.0017693761814744,0.0,0.0193100189035916,0.0054385633270321,0.0018865784499054,0.0
2014-12-28 00:00:00,0.4114715909090909,0.0011818181818181,0.0115189393939393,0.0009791666666666,0.0018465909090909,0.0,0.0193257575757575,0.0050814393939393,0.0018806818181818,0.0
2014-12-28 01:00:00,0.4227264150943396,0.0089113207547169,0.0230528301886792,0.0009735849056603,0.0017905660377358,0.0,0.0193358490566037,0.0050999999999999,0.0018905660377358,0.0
2014-12-28 02:00:00,1.2027377358490567,0.009054716981132,0.0,0.0009924528301886,0.695,0.0,0.0193528301886792,0.0051188679245283,0.0019094339622641,1.509433962264151e-05
2014-12-28 03:00:00,1.324422053231939,0.0,0.024477186311787,0.0009866920152091,0.0012509505703422,0.0,0.0193041825095057,0.0080342205323193,0.0019220532319391,4.562737642585552e-05
2014-12-28 04:00:00,1.3927164461247636,0.0090812854442344,0.0256011342155009,0.0009792060491493,0.0012759924385633,0.0,0.019281663516068,0.0112079395085066,0.0018714555765595,0.0
2014-12-28 05:00:00,2.881755218216319,0.0108671726755218,0.0011555977229601,0.000977229601518,0.0014857685009487,0.0,0.0193377609108159,0.0050967741935483,0.0019032258064516,0.0
2014-12-28 06:00:00,0.8912098298676749,0.0,0.0234574669187145,0.0009735349716446,0.0013005671077504,0.0,0.0193156899810964,0.005094517958412,0.0018790170132325,0.0
2014-12-28 07:00:00,1.5304277566539926,0.0096863117870722,0.0,0.0009467680608365,0.0012376425855513,0.0,0.0191425855513308,0.0050798479087452,0.0018060836501901,0.0
2014-12-28 08:00:00,2.8865855513307985,0.0097756653992395,0.0264961977186311,0.0008498098859315,0.0002148288973384,0.0,0.0190684410646387,0.0051254752851711,0.0016711026615969,0.1012300380228136
2014-12-28 09:00:00,0.641055133079848,0.0076730038022813,0.0,0.0009106463878326,0.0,0.0,0.0191539923954372,0.0050779467680608,0.0035228136882129,0.133083650190114
2014-12-28 10:00:00,0.2161713747645951,0.0058983050847457,0.0234161958568738,0.0008135593220338,0.0,0.0,0.0191299435028248,0.0050998116760828,0.0016949152542372,0.0
2014-12-28 11:00:00,0.6913905660377359,0.0101603773584905,0.0108264150943396,0.0008132075471698,0.0,0.0,0.0351716981132075,0.0073716981132075,0.0017113207547169,0.1000490566037735
2014-12-28 12:00:00,0.6335407969639468,0.0101897533206831,0.0140246679316888,0.0008349146110056,0.0003643263757115,0.0,0.019100569259962,0.0820246679316888,0.0017400379506641,0.0756831119544592
2014-12-28 13:00:00,0.3705037735849056,0.0,0.0246018867924528,0.0008018867924528,0.0,0.0,0.0190056603773584,0.1182169811320754,0.0017037735849056,0.0
2014-12-28 14:00:00,0.3189923954372624,0.0096939163498098,0.0,0.0008650190114068,0.0,0.0,0.0229866920152091,0.0732984790874524,0.0017433460076045,0.0
2014-12-28 15:00:00,0.4419923664122137,0.0090954198473282,0.0235381679389313,0.0007900763358778,0.0,0.0,0.0656145038167939,0.0617309160305343,0.0017003816793893,0.0
2014-12-28 16:00:00,0.7975598455598456,0.0010830115830115,0.0,0.0008320463320463,0.0,0.0,0.0761467181467181,0.0963011583011582,0.0017220077220077,0.0
2014-12-28 17:00:00,0.5965472837022132,0.0097002012072434,0.0249295774647887,0.0007665995975855,0.0,0.0,0.0189899396378269,0.0699235412474849,0.001655935613682,0.0
2014-12-28 18:00:00,0.6589307159353349,0.0102009237875288,0.0199260969976905,0.0008129330254041,0.0004965357967667,0.0,0.0190646651270207,0.0385057736720554,0.0433002309468822,0.1038868360277136
2014-12-28 19:00:00,0.5359667519181586,0.0123836317135549,0.0050434782608695,0.0008823529411764,0.0019207161125319,0.0,0.019314578005115,0.1405038363171355,0.0017826086956521,0.0
2014-12-28 20:00:00,0.5859211267605634,0.0,0.0308112676056338,0.0009211267605633,0.0017661971830985,0.0,0.0191267605633802,0.1402788732394366,0.0018281690140845,0.0
2014-12-28 21:00:00,0.5348997995991984,0.009567134268537,0.0,0.0009478957915831,0.0017474949899799,0.0,0.0192104208416833,0.1570180360721443,0.0018517034068136,0.0
2014-12-28 22:00:00,0.9967690839694656,0.01025,0.0258377862595419,0.000956106870229,0.0018740458015267,0.0,0.0192213740458015,0.1480229007633587,0.0018129770992366,0.0
2014-12-28 23:00:00,0.4464440227703984,0.0,0.0,0.0009867172675521,0.001842504743833,0.0,0.0193074003795066,0.0185996204933586,0.0018652751423149,0.0
2014-12-29 00:00:00,0.4381022727272727,0.0111325757575757,0.0292253787878787,0.0009791666666666,0.0023049242424242,0.0,0.0193617424242424,0.0051022727272727,0.0019166666666666,0.0
2014-12-29 01:00:00,2.027990548204159,0.0093270321361058,0.001703213610586,0.5104423440453686,1.030945179584121,0.0,0.0193421550094517,0.0051247637051039,0.0019035916824196,0.0
2014-12-29 02:00:00,1.6595627376425854,0.0,0.0234106463878327,0.0141863117870722,0.6126197718631179,0.0,0.0194239543726235,0.0051558935361216,0.0018973384030418,0.0
2014-12-29 03:00:00,0.7899146110056926,0.0107533206831119,0.0164136622390891,0.000931688804554,0.0105104364326375,0.0,0.0192447817836812,0.0074212523719165,0.0018633776091081,0.0
2014-12-29 04:00:00,1.4057954545454543,0.0091439393939393,0.013123106060606,0.0009090909090909,0.001310606060606,0.0,0.0192575757575757,0.0092045454545454,0.0018579545454545,0.0
2014-12-29 05:00:00,2.823691287878788,0.0,0.0197462121212121,0.0007992424242424,0.0012689393939393,0.0,0.019217803030303,0.0051439393939393,0.0018219696969696,0.0
2014-12-29 06:00:00,0.8877647058823529,0.0091935483870967,0.0058937381404174,0.0007476280834914,0.0012713472485768,0.0,0.019100569259962,0.005100569259962,0.0017931688804554,0.0
2014-12-29 07:00:00,1.80421845574388,0.0068286252354048,0.023352165725047,0.0008625235404896,0.0010282485875706,0.0,0.0191468926553672,0.0051092278719397,0.0017966101694915,0.0
2014-12-29 08:00:00,0.5143440453686201,0.0051852551984877,0.0047920604914933,0.0008657844990548,0.0,0.0365293005671077,0.0192514177693761,0.005156899810964,0.0931115311909262,0.1137240075614366
2014-12-29 09:00:00,0.3552737642585551,0.0108441064638783,0.0246368821292775,0.0007186311787072,0.0,0.0,0.0191235741444866,0.0051292775665399,0.0017851711026615,0.1224809885931559
2014-12-29 10:00:00,0.650064393939394,0.0084431818181818,0.0006268939393939,0.0,0.0,0.0,0.0191022727272727,0.0051117424242424,0.0017443181818181,0.0
2014-12-29 11:00:00,0.3574469696969697,0.0014015151515151,0.0271628787878787,0.0,0.0,0.0,0.019155303030303,0.0051325757575757,0.0017424242424242,0.1013655303030302
2014-12-29 12:00:00,0.3790341555977229,0.0119487666034155,0.0233567362428842,1.8975332068311195e-06,0.0,0.0,0.019235294117647,0.0051366223908918,0.0981081593927893,0.0415009487666034
2014-12-29 13:00:00,0.2059790476190476,0.0103257142857142,0.0010038095238095,0.0,0.0,0.0,0.0192342857142857,0.0051561904761904,0.0018342857142857,0.0
2014-12-29 14:00:00,0.4534480151228733,0.0015954631379962,0.0241587901701323,0.0,0.0,0.0,0.0192627599243856,0.0051361058601134,0.0018279773156899,0.0730680529300567
2014-12-29 15:00:00,0.6258733459357277,0.0083270321361058,0.0084442344045368,0.0003327032136105,0.0,0.0,0.0191739130434782,0.005156899810964,0.0018317580340264,0.0924839319470699
2014-12-29 16:00:00,0.4117167300380228,0.0092794676806083,0.0165304182509505,0.0008536121673003,0.0,0.0561292775665399,0.0190494296577946,0.0084410646387832,0.0434201520912547,0.0
2014-12-29 17:00:00,0.4994716242661448,0.0112230919765166,0.0227690802348336,0.0007788649706457,0.0,0.0592720156555773,0.0189549902152641,0.0188277886497064,0.0016575342465753,0.0675146771037182
2014-12-29 18:00:00,0.4510020833333333,0.0084166666666666,0.0,0.00086875,0.0,0.0,0.0190729166666666,0.0650270833333333,0.0017375,0.0
2014-12-29 19:00:00,0.3202644135188867,0.0005984095427435,0.0259264413518886,0.0008807157057654,0.0,0.0,0.019131212723658,0.0051113320079522,0.0017773359840954,0.0
2014-12-29 20:00:00,0.3227445109780439,0.0082574850299401,0.0203532934131736,0.0009321357285429,0.0020439121756487,0.0,0.0191716566866267,0.0051317365269461,0.0017864271457085,0.0
2014-12-29 21:00:00,0.3126944971537002,0.0082903225806451,0.0036072106261859,0.0009222011385199,0.0,0.0,0.0191688804554079,0.0051100569259962,0.0018159392789373,0.0
2014-12-29 22:00:00,0.304882797731569,0.0077448015122873,0.0240982986767485,0.0009527410207939,0.0,0.0,0.019226843100189,0.0051153119092627,0.0018260869565217,0.0
2014-12-29 23:00:00,0.7201867924528302,0.0,0.0,0.0009943396226415,0.0013226415094339,0.0,0.0193490566037735,0.0051754716981132,0.0019283018867924,0.0
2014-12-30 00:00:00,0.4556363636363636,0.0081931818181818,0.0284753787878787,0.000998106060606,0.0019090909090909,0.0,0.0194640151515151,0.0051969696969696,0.001905303030303,0.0
2014-12-30 01:00:00,2.7280607210626187,0.0076925996204933,0.0041024667931688,1.1935635673624287,0.864853889943074,0.0,0.0193662239089184,0.0051745730550284,0.0019051233396584,0.0
2014-12-30 02:00:00,1.136574144486692,0.0052091254752851,0.0203726235741444,0.0112205323193916,0.0132129277566539,0.0,0.0194068441064638,0.0052072243346007,0.0019410646387832,0.0
2014-12-30 03:00:00,0.6873062381852552,0.0048412098298676,0.023391304347826,0.0009451795841209,0.0012684310018903,0.0,0.0193761814744801,0.0073856332703213,0.0018638941398865,0.0
2014-12-30 04:00:00,1.3390866290018832,0.0075649717514124,0.0012636534839924,0.0009001883239171,0.00124670433145,0.0,0.0192542372881355,0.0102128060263653,0.0018154425612052,0.0
2014-12-30 05:00:00,3.0530698113207544,0.0066905660377358,0.0284471698113207,0.000843396226415,0.0012207547169811,0.0,0.0191830188679245,0.0051132075471698,0.0018,0.0
2014-12-30 06:00:00,0.8425236294896031,0.0011663516068052,0.0,0.0008412098298676,0.001226843100189,0.0,0.0191984877126654,0.0051379962192816,0.0017920604914933,0.0
2014-12-30 07:00:00,1.1844600760456274,0.0083441064638783,0.0284505703422053,0.0008593155893536,0.0012604562737642,0.0,0.0191749049429657,0.0051349809885931,0.0018117870722433,0.0
2014-12-30 08:00:00,1.3229621212121212,0.0105416666666666,0.0,0.0008314393939393,0.0006515151515151,0.0357007575757575,0.0192026515151515,0.0051420454545454,0.0740018939393939,0.1485833333333333
2014-12-30 09:00:00,0.265398865784499,0.0049584120982986,0.027117202268431,0.0007731568998109,0.0,0.0,0.0191134215500945,0.0051361058601134,0.0017655954631379,0.0
2014-12-30 10:00:00,0.2014469696969696,0.0069166666666666,0.0008011363636363,0.0007121212121212,0.0,0.0,0.0245189393939393,0.0051344696969696,0.0017424242424242,0.0
2014-12-30 11:00:00,0.3254364326375711,0.0088557874762808,0.0211157495256167,0.0007476280834914,0.0,0.0,0.0191195445920303,0.0051138519924098,0.0017988614800759,0.1065351043643263
2014-12-30 12:00:00,0.4327300380228137,0.0129391634980988,0.0073897338403041,0.0007718631178707,0.0,0.0358650190114068,0.0191653992395437,0.005115969581749,0.1340931558935361,0.0354505703422053
2014-12-30 13:00:00,0.2478541666666666,0.0110416666666666,0.0274943181818181,0.0007462121212121,0.0,0.0,0.0191439393939393,0.0051193181818181,0.0018068181818181,0.0
2014-12-30 14:00:00,0.6519094339622642,0.0058207547169811,0.0222622641509433,0.0008358490566037,0.0,0.0,0.056488679245283,0.0051377358490566,0.0017622641509433,0.0
2014-12-30 15:00:00,0.8302490494296578,0.0087756653992395,0.0232756653992395,0.0008250950570342,0.0,0.0,0.0314733840304182,0.005115969581749,0.032338403041825,0.1482718631178707
2014-12-30 16:00:00,1.303045283018868,0.0087924528301886,0.0210339622641509,0.0007132075471698,6.037735849056604e-05,0.0,0.0208301886792452,0.0050905660377358,0.0429301886792452,0.0350905660377358
2014-12-30 17:00:00,0.7011644612476371,0.0116899810964083,0.0212476370510396,0.000742911153119,0.0,0.0,0.0189035916824196,0.0515463137996219,0.0017788279773156,0.0
2014-12-30 18:00:00,0.5980858778625955,0.014662213740458,0.023354961832061,0.0007977099236641,0.0,0.0,0.0189904580152671,0.0970725190839694,0.0112213740458015,0.1058225190839694
2014-12-30 19:00:00,0.5755504761904762,0.0123390476190476,0.0265866666666666,0.0007942857142857,0.0,0.0,0.0216819047619047,0.1590971428571428,0.0017028571428571,0.0
2014-12-30 20:00:00,0.7399141221374046,0.0007099236641221,0.0258625954198473,0.0008530534351145,0.0,0.0,0.0190629770992366,0.158162213740458,0.0017347328244274,0.0
2014-12-30 21:00:00,0.7543969465648855,0.0107385496183206,0.0297767175572519,0.000898854961832,0.0008835877862595,0.0,0.0191297709923664,0.0597748091603053,0.0017194656488549,0.0
2014-12-30 22:00:00,0.4729753787878788,0.009155303030303,0.0233958333333333,0.0009753787878787,0.001965909090909,0.0,0.0192594696969696,0.0051401515151515,0.0018579545454545,0.0
2014-12-30 23:00:00,0.4512889733840304,0.0092300380228136,0.0204828897338403,0.0009885931558935,0.0029182509505703,0.0,0.0193517110266159,0.0051558935361216,0.0018669201520912,0.0
2014-12-31 00:00:00,0.4663901515151515,0.0048503787878787,0.0204469696969696,0.0009886363636363,0.0027443181818181,0.0,0.0192954545454545,0.0051117424242424,0.0018977272727272,0.0
2014-12-31 01:00:00,0.4979242424242424,0.0031193181818181,0.0196666666666666,0.0009848484848484,0.0017840909090909,0.0,0.0193257575757575,0.0051742424242424,0.001875,0.0
2014-12-31 02:00:00,3.009125,0.0082859848484848,0.0201950757575757,1.530784090909091,0.0018977272727272,0.0,0.0193522727272727,0.0051742424242424,0.0018446969696969,0.0
2014-12-31 03:00:00,1.2279001883239171,0.0083559322033898,0.0199001883239171,0.0141054613935969,0.001804143126177,0.0,0.0192956685499058,0.0070828625235404,0.0018926553672316,0.0
2014-12-31 04:00:00,0.5894347826086956,0.0,0.0171512287334593,0.0009678638941398,0.0018355387523629,0.0,0.0194045368620037,0.0082873345935727,0.0019017013232514,0.0
2014-12-31 05:00:00,3.203088679245283,0.0085075471698113,0.0096698113207547,0.0009339622641509,0.0018132075471698,0.0,0.0193490566037735,0.0060566037735849,0.0018698113207547,0.0
2014-12-31 06:00:00,1.8351606805293008,0.0076521739130434,0.0153969754253308,0.0009054820415879,0.1636351606805293,1.890359168241966e-06,0.0192249527410207,0.0059886578449905,0.0018412098298676,0.0
2014-12-31 07:00:00,2.238230038022814,0.0060152091254752,0.0225304182509505,0.0008840304182509,0.0627053231939163,0.0,0.0191977186311787,0.005148288973384,0.0017927756653992,0.0
2014-12-31 08:00:00,0.4989848484848485,0.0031003787878787,0.0217632575757575,0.0007973484848484,0.0,0.0,0.0191988636363636,0.0051477272727272,0.0686609848484848,0.1078844696969697
2014-12-31 09:00:00,0.7571799242424242,0.0086325757575757,0.0011704545454545,0.0007746212121212,0.0,0.0,0.0191515151515151,0.0051363636363636,0.0017916666666666,0.0914469696969697
2014-12-31 10:00:00,0.2774144486692015,0.0107053231939163,0.020754752851711,0.0006958174904942,0.0,0.0,0.0191064638783269,0.0051178707224334,0.0017167300380228,0.0302756653992395
2014-12-31 11:00:00,0.2983790476190476,0.008567619047619,0.0245257142857142,0.0007371428571428,0.0,0.0,0.0190838095238095,0.0051085714285714,0.0017809523809523,0.0
2014-12-31 12:00:00,0.7171216730038023,0.0099980988593155,0.0030266159695817,0.0007186311787072,0.0,0.0275304182509505,0.0223745247148288,0.0050969581749049,0.0833193916349809,0.1313231939163498
2014-12-31 13:00:00,0.3031178707224334,0.0027414448669201,0.0201863117870722,0.0008992395437262,0.0,0.0,0.0897718631178707,0.0050931558935361,0.0018840304182509,0.0
2014-12-31 14:00:00,0.3535557655954631,0.0060699432892249,0.0205425330812854,0.000274102079395,0.0,0.0,0.0193761814744801,0.0051190926275992,0.0018827977315689,0.1227221172022684
2014-12-31 15:00:00,0.2347243346007604,0.0084182509505703,0.0,0.0,0.003893536121673,0.0,0.0192053231939163,0.0051083650190114,0.0018079847908745,0.0
2014-12-31 16:00:00,0.3889715370018975,0.0110132827324478,0.0240360531309297,0.0,0.0,0.0194402277039848,0.0191442125237191,0.0051309297912713,0.0183681214421252,0.0
2014-12-31 17:00:00,0.602561669829222,0.0094743833017077,0.0233055028462998,0.0,0.0,0.0,0.0193111954459203,0.0050948766603415,0.001785578747628,0.0
2014-12-31 18:00:00,0.8546760828625236,0.0030546139359698,0.0,0.0,0.0001883239171374,0.0,0.0192485875706214,0.0934350282485875,0.0018380414312617,0.0
2014-12-31 19:00:00,0.2995386064030132,0.0073709981167608,0.0324199623352165,0.0,0.0,0.0,0.019261770244821,0.0051525423728813,0.0018662900188323,0.0
2014-12-31 20:00:00,0.2534772727272727,0.0081458333333333,0.0220871212121212,0.0,0.0,0.0,0.0192897727272727,0.0051666666666666,0.0018674242424242,0.0
2014-12-31 21:00:00,0.2439810606060606,0.0084450757575757,0.0027045454545454,0.0,0.0,0.0,0.0193011363636363,0.0051837121212121,0.0019166666666666,0.0
2014-12-31 22:00:00,0.2434331450094162,0.0039981167608286,0.0188154425612052,0.0,0.0,0.0,0.0193804143126177,0.0051732580037664,0.0019133709981167,0.0
2014-12-31 23:00:00,0.2122537593984962,0.0041804511278195,0.0231597744360902,0.0,0.0,0.0,0.0193402255639097,0.0051898496240601,0.0018778195488721,0.0
2015-01-01 00:00:00,0.2146349809885931,0.0097490494296577,0.01787072243346,0.0,0.0,0.0,0.0192946768060836,0.0051520912547528,0.0019011406844106,0.0
2015-01-01 01:00:00,0.6195625,0.0083181818181818,0.0020890151515151,0.0,0.0,0.0,0.0192727272727272,0.0051571969696969,0.0019242424242424,0.0
2015-01-01 02:00:00,0.8029715909090909,0.0,0.0231458333333333,0.0,0.0,0.0,0.0192840909090909,0.0051496212121212,0.001935606060606,0.0
2015-01-01 03:00:00,1.686527306967985,0.0080414312617702,0.020939736346516,0.0,0.0,0.0,0.019276836158192,0.0071374764595103,0.0019340866290018,0.0
2015-01-01 04:00:00,0.8103289224952741,0.0080737240075614,0.0156124763705103,0.0,0.0,0.0,0.0192948960302457,0.0104631379962192,0.0019413988657844,0.0
2015-01-01 05:00:00,3.2638393194707,0.0,0.0063742911153119,0.0,0.0,0.0,0.0193213610586011,0.0051474480151228,0.0019508506616257,0.0
2015-01-01 06:00:00,0.8499548872180451,0.0100338345864661,0.0228703007518797,0.0,0.0,0.0,0.0193496240601503,0.0051541353383458,0.0019041353383458,0.0
2015-01-01 07:00:00,0.760060263653484,0.0082598870056497,0.0211186440677966,0.0,0.0,0.0,0.0193032015065913,0.0051619585687382,0.0019077212806026,0.0
2015-01-01 08:00:00,0.5028620037807183,0.0,0.0228279773156899,0.0,0.0,0.0,0.0193043478260869,0.005164461247637,0.0018941398865784,0.0
2015-01-01 09:00:00,2.1218458646616543,0.008046992481203,0.0157124060150375,0.0,0.0,0.0353496240601503,0.0192706766917293,0.0051184210526315,0.0017951127819548,0.1168590225563909
2015-01-01 10:00:00,0.6226095238095238,0.0099028571428571,0.0057161904761904,0.0,0.0,0.0,0.0191657142857142,0.0051390476190476,0.0018133333333333,0.0764323809523809
2015-01-01 11:00:00,0.3448465909090909,0.0128143939393939,0.0188522727272727,0.0,0.0,0.0,0.0190340909090909,0.1145454545454545,0.0017386363636363,0.0
2015-01-01 12:00:00,0.5252386363636363,0.0110151515151515,0.0211268939393939,0.0,0.0,0.0,0.0192234848484848,0.0799772727272727,0.0146496212121212,0.1725757575757575
2015-01-01 13:00:00,0.3400685714285714,0.0161561904761904,0.0235447619047619,0.0,0.0,0.0,0.0193047619047619,0.0051142857142857,0.0545447619047619,0.0
2015-01-01 14:00:00,0.2842744721689059,0.0091880998080614,0.0256065259117082,0.0,0.0,0.0,0.0192975047984644,0.0051170825335892,0.0019232245681381,0.0
2015-01-01 15:00:00,0.3939749518304432,0.0023545279383429,0.0221464354527938,0.0,0.0059190751445086,0.0,0.023179190751445,0.0051213872832369,0.0483487475915221,0.0
2015-01-01 16:00:00,0.8782762645914397,0.0088365758754863,0.0195175097276264,0.0,0.0,0.0,0.0500369649805447,0.0050622568093385,0.076249027237354,0.0
2015-01-01 17:00:00,0.5421800391389432,0.0113796477495107,0.0259158512720156,0.0,0.0,0.0,0.0222309197651663,0.0359667318982387,0.0024109589041095,0.0817534246575342
2015-01-01 18:00:00,0.7406686507936509,0.0145734126984126,0.0253888888888888,0.0,0.0,0.0,0.0223968253968253,0.1397738095238095,0.0017519841269841,0.0
2015-01-01 19:00:00,0.80837721021611,0.0109449901768172,0.0146777996070726,0.0,0.0,0.0,0.0223320235756385,0.1374616895874263,0.0016935166994106,0.0
2015-01-01 20:00:00,0.7676225680933852,0.0095019455252918,0.011272373540856,0.0,0.0,0.0,0.0223988326848249,0.0742081712062256,0.0018093385214007,0.0
2015-01-01 21:00:00,0.6341772639691715,0.0,0.0283468208092485,0.0,0.0,0.0,0.0225260115606936,0.1344238921001926,0.0018246628131021,0.0
2015-01-01 22:00:00,0.2758802281368821,0.0093060836501901,0.025967680608365,0.0,0.0015855513307984,0.0,0.0233136882129277,0.0051368821292775,0.001861216730038,0.0
2015-01-01 23:00:00,0.2039473684210526,0.0083966165413533,0.0260150375939849,0.0,0.0018233082706766,0.0,0.023672932330827,0.005172932330827,0.001890977443609,0.0
2015-01-02 00:00:00,0.2997898686679174,0.0081613508442776,0.0221500938086303,0.0,0.0835590994371482,0.0,0.0236848030018761,0.0051744840525328,0.0019268292682926,0.0
2015-01-02 01:00:00,1.7489642184557437,0.0081431261770244,0.0195612052730696,0.0,1.4492184557438796,0.0,0.0235913370998116,0.0051450094161958,0.0019058380414312,0.0
2015-01-02 02:00:00,0.9726334586466164,0.0019248120300751,0.0105150375939849,0.0,0.0571090225563909,0.0,0.0237518796992481,0.0051616541353383,0.0019398496240601,0.0
2015-01-02 03:00:00,0.3562063789868668,0.0080694183864915,0.0215140712945591,0.0,0.0012570356472795,0.0,0.0234652908067542,0.0069568480300187,0.001874296435272,0.0
2015-01-02 04:00:00,0.8033182674199624,0.0077796610169491,0.0254689265536723,0.0,0.0012391713747645,0.0,0.0236271186440677,0.0105687382297551,0.0018888888888888,0.0
2015-01-02 05:00:00,2.580356603773585,0.0071849056603773,0.0242037735849056,0.0,0.0012339622641509,0.0,0.0234641509433962,0.0051132075471698,0.001854716981132,0.0
2015-01-02 06:00:00,0.2137024482109228,0.0008135593220338,0.0210207156308851,0.0,0.0012485875706214,0.0,0.0233691148775894,0.0051393596986817,0.0017947269303201,0.0
2015-01-02 07:00:00,1.819778409090909,0.008090909090909,0.01325,0.0,0.0007916666666666,0.0235473484848484,0.0232310606060606,0.005125,0.0018181818181818,0.1202272727272727
2015-01-02 08:00:00,0.8838867924528302,0.0129132075471698,0.0067320754716981,0.0,0.5899849056603773,0.0100301886792452,0.0230320754716981,0.005143396226415,0.0018169811320754,0.0
2015-01-02 09:00:00,0.3143352272727272,0.0077670454545454,0.0207594696969696,0.0,0.0650284090909091,0.0,0.022685606060606,0.0050946969696969,0.0018143939393939,0.0
2015-01-02 10:00:00,0.3061752380952381,0.0003847619047619,0.0202704761904761,0.0,0.0008038095238095,0.0,0.0226495238095238,0.0051295238095238,0.0018,0.1135638095238095
2015-01-02 11:00:00,0.7552209523809523,0.0187009523809523,0.0241485714285714,0.0,0.0,0.0,0.0227561904761904,0.0051028571428571,0.0017847619047619,0.0
2015-01-02 12:00:00,1.178624045801527,0.0186660305343511,0.0213034351145038,0.0,0.0,0.0,0.0226851145038167,0.0051068702290076,0.0017385496183206,0.086442748091603
2015-01-02 13:00:00,0.3325988593155893,0.0035760456273764,0.0226026615969581,0.0,0.0,0.0,0.0227604562737642,0.0051197718631178,0.0017794676806083,0.0
2015-01-02 14:00:00,0.3084597701149425,0.0130210727969348,0.0278697318007662,0.0,0.0,0.0,0.0228409961685823,0.005147509578544,0.0017816091954022,0.0
2015-01-02 15:00:00,0.3699499036608863,1.1560693641618496e-05,0.0257976878612716,0.0,0.0,0.0,0.0226088631984585,0.005131021194605,0.0017745664739884,0.1043217726396917
2015-01-02 16:00:00,1.2871653846153848,0.0154923076923076,0.0227692307692307,0.0,0.0,0.0,0.0225134615384615,0.0051307692307692,0.0017884615384615,0.0
2015-01-02 17:00:00,0.8641926782273602,0.0,0.029766859344894,0.0,0.0,0.0,0.0228728323699421,0.0051213872832369,0.0797533718689788,0.0
2015-01-02 18:00:00,1.1682865384615384,0.0131076923076923,0.023951923076923,0.0,0.0,0.0,0.0224634615384615,0.1374442307692307,0.0018230769230769,0.0955884615384615
2015-01-02 19:00:00,1.0260638722554891,0.0093013972055888,0.0240299401197604,0.0,0.0,0.0,0.0226467065868263,0.1441217564870259,0.0018502994011976,0.048377245508982
2015-01-02 20:00:00,1.4352297297297298,0.0002277992277992,0.040007722007722,0.0,0.0,0.0,0.0227220077220077,0.149034749034749,0.0018764478764478,0.0
2015-01-02 21:00:00,1.140716730038023,0.0100798479087452,0.0086977186311787,0.0,0.0,0.0,0.0228593155893536,0.13787072243346,0.0018821292775665,0.0
2015-01-02 22:00:00,0.5699319470699432,0.0110302457466918,0.0204574669187145,0.0,0.0,0.0,0.023054820415879,0.0171965973534971,0.0019206049149338,0.0
2015-01-02 23:00:00,0.4429513108614232,0.0,0.0282228464419475,0.0,0.0,0.0,0.0232584269662921,0.0051629213483146,0.0019363295880149,0.0
2015-01-03 00:00:00,0.4600845864661654,0.0114530075187969,0.0195996240601503,0.0,0.0,0.0,0.0232011278195488,0.0051560150375939,0.0019530075187969,0.0
2015-01-03 01:00:00,0.5357716981132076,0.0,0.0377830188679245,0.0,0.0,0.0,0.0231698113207547,0.0051283018867924,0.0019490566037735,0.0
2015-01-03 02:00:00,1.065065543071161,0.0100187265917603,0.0009831460674157,0.0,0.0,0.0,0.0231947565543071,0.0051797752808988,0.0019662921348314,0.0
2015-01-03 03:00:00,0.714276836158192,0.0043502824858757,0.0256760828625235,0.0,0.0,0.0,0.0231337099811676,0.0069435028248587,0.0019585687382297,0.0
2015-01-03 04:00:00,1.3365018867924527,0.0057075471698113,0.019077358490566,0.0,0.0,0.0,0.0231471698113207,0.0105735849056603,0.0019735849056603,0.0
2015-01-03 05:00:00,3.036562030075188,0.0097180451127819,0.0216240601503759,0.0,0.0,0.0,0.0229154135338345,0.005110902255639,0.0019417293233082,0.0
2015-01-03 06:00:00,3.2611984877126656,1.3232514177693762e-05,0.0155047258979206,0.0,1.0039092627599244,0.0079489603024574,0.0225444234404536,0.0051058601134215,0.0767258979206049,0.1024914933837429
2015-01-03 07:00:00,2.8485301886792453,0.0135188679245283,0.0182641509433962,0.0,0.4439377358490566,0.0221264150943396,0.0228075471698113,0.0051471698113207,0.0019,0.0669943396226415
2015-01-03 08:00:00,0.8746018867924528,0.0128641509433962,0.0150830188679245,0.0,0.0,0.0,0.0231150943396226,0.0051566037735849,0.0025981132075471,0.0675452830188679
2015-01-03 09:00:00,0.7963973634651601,0.0116873822975517,0.0123709981167608,0.0,0.0,0.0,0.0228097928436911,0.0180037664783427,0.0018286252354048,0.0
2015-01-03 10:00:00,0.7011826741996233,0.0013935969868173,0.0197325800376647,0.0,0.0,0.0,0.0225122410546139,0.0109284369114877,0.0017514124293785,0.1255800376647834
2015-01-03 11:00:00,0.4733992467043315,0.0079792843691148,0.0221337099811676,0.0,0.0,0.0,0.0224689265536723,0.0075122410546139,0.001804143126177,0.0
2015-01-03 12:00:00,0.504543893129771,0.0071068702290076,0.0226870229007633,0.0,0.0,0.0,0.0193797709923664,0.0051202290076335,0.0017900763358778,0.0
2015-01-03 13:00:00,0.5593301526717558,0.0041641221374045,0.0214332061068702,0.0,0.0,0.1137919847328244,0.0191679389312977,0.0051679389312977,0.0775782442748091,0.1226717557251908
2015-01-03 14:00:00,0.2059560229445506,0.0063537284894837,0.0222695984703632,0.0,0.0,0.0,0.0192237093690248,0.005208413001912,0.0018279158699808,0.0
2015-01-03 15:00:00,0.2018451242829828,0.0081663479923518,0.0172141491395793,0.0,0.0,0.0,0.0192179732313575,0.0051625239005736,0.0018221797323135,0.0
2015-01-03 16:00:00,0.3980964566929134,0.0001889763779527,0.0115649606299212,0.0,0.0,0.0,0.0191181102362204,0.0237362204724409,0.0166574803149606,0.0891614173228346
2015-01-03 17:00:00,0.4747919075144509,0.0076069364161849,0.0213121387283236,0.0,0.0,0.0,0.0190751445086705,0.1426782273603082,0.0380250481695568,0.0
2015-01-03 18:00:00,2.6202782101167315,0.0095856031128404,0.0274610894941634,0.0,0.9143151750972762,0.0,0.0190369649805447,0.0413210116731517,0.0271303501945525,0.0
2015-01-03 19:00:00,1.603778640776699,0.0115902912621359,0.0334601941747572,0.0,0.1631223300970873,0.0,0.01926213592233,0.0227242718446601,0.0017941747572815,0.1569766990291262
2015-01-03 20:00:00,0.6974186046511628,0.004953488372093,0.0321744186046511,0.0,0.0014050387596899,0.0,0.0197965116279069,0.0542054263565891,0.001875968992248,0.0
2015-01-03 21:00:00,0.6288400000000001,0.0040095238095238,0.0230266666666666,0.0,0.00028,0.0,0.0192647619047619,0.0095371428571428,0.0018209523809523,0.0
2015-01-03 22:00:00,0.7779319470699433,0.0091606805293005,0.0218525519848771,0.0,0.0,0.0,0.0201531190926275,0.0051285444234404,0.0018260869565217,0.0
2015-01-03 23:00:00,0.4878030303030303,0.0081590909090909,0.0213068181818181,0.0,0.0,0.0,0.0203314393939393,0.0051401515151515,0.0018579545454545,0.0
2015-01-04 00:00:00,0.4856268939393939,0.0024450757575757,0.0210833333333333,0.0,0.0,0.0,0.0202859848484848,0.005153409090909,0.0019015151515151,0.0
2015-01-04 01:00:00,0.4709640151515151,0.005685606060606,0.0210587121212121,0.0,0.0,0.0,0.0202670454545454,0.005185606060606,0.0019185606060606,0.0
2015-01-04 02:00:00,1.334954459203036,0.00826944971537,0.0248007590132827,0.0,0.0,0.0,0.0203282732447817,0.0051992409867172,0.0019278937381404,0.0
2015-01-04 03:00:00,1.061775047258979,0.0024442344045368,0.0297769376181474,0.0,0.0,0.0,0.0203345935727788,0.0068657844990548,0.0019319470699432,0.0
2015-01-04 04:00:00,0.9298771266540642,0.0056162570888468,0.0254177693761814,0.0,0.0,0.0,0.0202570888468809,0.0086654064272211,0.0018903591682419,0.0
2015-01-04 05:00:00,0.6381783681214421,0.0079810246679316,0.0238861480075901,0.0,0.0,0.0,0.0197817836812144,0.0060948766603415,0.0019108159392789,0.0
2015-01-04 06:00:00,0.8568996212121213,0.0,0.0229583333333333,0.0,0.0,0.0,0.0198200757575757,0.0060473484848484,0.0018901515151515,0.0
2015-01-04 07:00:00,5.883765037593985,0.0099586466165413,0.020093984962406,0.7595808270676692,0.0,0.0339605263157894,0.019640977443609,0.0052857142857142,0.0017913533834586,0.2436954887218045
2015-01-04 08:00:00,0.7324183864915572,0.0090562851782363,0.0172082551594746,0.0993564727954971,0.0,0.0,0.0193658536585365,0.0051575984990619,0.0017823639774859,0.0
2015-01-04 09:00:00,0.5703962264150944,0.0081528301886792,0.0247301886792452,0.0,0.0,0.0,0.0198566037735849,0.0051339622641509,0.0017811320754716,0.0753150943396226
2015-01-04 10:00:00,0.6453596986817325,0.0028662900188323,0.0262448210922787,0.0,0.0,0.0,0.0195574387947269,0.0051732580037664,0.0018323917137476,0.1018606403013182
2015-01-04 11:00:00,0.4709316888045541,0.0050607210626185,0.0226072106261859,0.0,0.0,0.0,0.019235294117647,0.0051518026565464,0.0017988614800759,0.0
2015-01-04 12:00:00,0.8401758034026464,0.0085387523629489,0.0,0.0,0.0,0.0594650283553875,0.0190718336483931,0.0051209829867674,0.1990378071833648,0.0950340264650283
2015-01-04 13:00:00,0.7179640831758034,0.015054820415879,0.0227372400756143,0.0,0.0,0.0,0.0191587901701323,0.0051493383742911,0.0019130434782608,0.0
2015-01-04 14:00:00,0.5673485714285714,0.0084114285714285,0.0109942857142857,0.0,0.0,0.0,0.0219409523809523,0.0260990476190476,0.0019371428571428,0.0
2015-01-04 15:00:00,0.7356833013435701,3.838771593090211e-06,0.010957773512476,0.0,0.0,0.0,0.0951785028790787,0.0509942418426103,0.0018963531669865,0.1126602687140115
2015-01-04 16:00:00,0.8638938223938224,0.0088204633204633,0.0218011583011583,0.0,0.0,0.0,0.0922779922779922,0.1100559845559845,0.0018223938223938,0.0
2015-01-04 17:00:00,2.3777038461538464,0.0118230769230769,0.027801923076923,0.0,0.0,0.0,0.02825,0.0859096153846153,0.0552326923076923,0.0
2015-01-04 18:00:00,0.8801538461538462,0.012076923076923,0.0172538461538461,0.0,0.0,0.0,0.0172153846153846,0.1386557692307692,0.0016576923076923,0.1160403846153846
2015-01-04 19:00:00,0.7416897880539499,0.0088940269749518,0.0075202312138728,0.0,0.0,0.0,0.0172562620423892,0.1407032755298651,0.0017687861271676,0.0
2015-01-04 20:00:00,0.8287022900763359,6.6793893129771e-05,0.0217118320610687,0.0,0.0,0.0,0.0172786259541984,0.1578129770992366,0.001780534351145,0.0
2015-01-04 21:00:00,0.8208986615678776,0.0090458891013384,0.0213766730401529,0.0,0.0,0.0,0.0173671128107074,0.157038240917782,0.0018145315487571,0.0
2015-01-04 22:00:00,0.5796368821292776,0.0090722433460076,0.0,0.0,0.0,0.0,0.0173745247148288,0.0660931558935361,0.0018346007604562,0.0
2015-01-04 23:00:00,0.4548125,0.0086401515151515,0.0233901515151515,0.0,0.0,0.0,0.017465909090909,0.0051363636363636,0.0018958333333333,0.0
2015-01-05 00:00:00,0.4267889733840304,0.0,0.0224562737642585,0.0,0.0,0.0,0.0175323193916349,0.0051444866920152,0.0018954372623574,0.0
2015-01-05 01:00:00,1.286984934086629,0.008306967984934,0.0,0.0,0.0,0.0,0.0174500941619585,0.0051468926553672,0.0018418079096045,0.0
2015-01-05 02:00:00,0.5238771266540643,0.0086219281663516,0.0266502835538752,0.0,0.0,0.0,0.0176086956521739,0.0051663516068052,0.0019262759924385,0.0
2015-01-05 03:00:00,1.0939774859287057,0.0,0.0228198874296435,0.0,0.0,0.0,0.017624765478424,0.0066529080675422,0.0019099437148217,0.0
2015-01-05 04:00:00,0.5931501901140684,0.0084315589353612,0.0074524714828897,0.0,0.0,0.0,0.0176292775665399,0.0107832699619771,0.0019277566539923,0.0
2015-01-05 05:00:00,3.558998113207547,0.0101,0.0174207547169811,0.0,0.0,0.0,0.0174566037735849,0.0051358490566037,0.0018716981132075,0.0
2015-01-05 06:00:00,1.531741509433962,0.0091264150943396,0.0209037735849056,0.0,0.0,0.0628962264150943,0.0174,0.0051075471698113,0.0813113207547169,0.2267339622641509
2015-01-05 07:00:00,0.4442161654135338,0.0,0.0235996240601503,0.0,0.0,0.0,0.0172462406015037,0.0051165413533834,0.0017443609022556,0.0
2015-01-05 08:00:00,0.2201531190926276,0.0084725897920604,0.0,0.0,0.0,0.0,0.017274102079395,0.0051342155009451,0.0018638941398865,0.0
2015-01-05 09:00:00,0.2127367424242424,0.0085549242424242,0.0259962121212121,0.0,0.0,0.0,0.0174412878787878,0.0051458333333333,0.0019204545454545,0.0
2015-01-05 10:00:00,0.2027771428571428,0.0028457142857142,0.0286457142857142,0.0,0.0,0.0,0.0173504761904761,0.0051542857142857,0.0019009523809523,0.0
2015-01-05 11:00:00,0.1987996219281663,0.0058223062381852,0.0055595463137996,0.0,0.0,0.0,0.0172986767485822,0.0051228733459357,0.0019111531190926,0.0
2015-01-05 12:00:00,0.2037310606060605,0.0085776515151515,0.0148693181818181,0.0,0.0,0.0,0.0173181818181818,0.0051136363636363,0.0018579545454545,0.0
2015-01-05 13:00:00,0.2111916508538899,0.0086546489563567,0.0238159392789373,0.0,0.0,0.0,0.0173301707779886,0.0051176470588235,0.0018937381404174,0.0
2015-01-05 14:00:00,0.2033,0.0,0.0200056603773584,0.0,0.0,0.0,0.017288679245283,0.0050962264150943,0.0018830188679245,0.0
2015-01-05 15:00:00,0.1980189035916824,0.008812854442344,0.0249395085066162,0.0,0.0,0.0,0.0173175803402646,0.0051266540642722,0.00186011342155,0.0
2015-01-05 16:00:00,0.2271401515151515,0.0089128787878787,0.0054128787878787,0.0,0.0,0.0,0.017215909090909,0.0051136363636363,0.0018314393939393,0.0
2015-01-05 17:00:00,0.2182838095238095,0.0,0.0142838095238095,0.0,0.0,0.0,0.0172285714285714,0.0051104761904761,0.0018361904761904,0.0
2015-01-05 18:00:00,0.2353429672447013,0.0106955684007707,0.020373795761079,0.0,0.0,0.0,0.0171445086705202,0.0165741811175337,0.0017726396917148,0.0
2015-01-05 19:00:00,0.22631021194605,0.0086955684007707,0.0229248554913294,0.0,0.0,0.0,0.0170038535645472,0.0086127167630057,0.0018285163776493,0.0
2015-01-05 20:00:00,0.2333410404624277,0.0065279383429672,0.0205183044315992,0.0,0.0,0.0,0.0171271676300578,0.0170231213872832,0.0019210019267822,0.0
2015-01-05 21:00:00,0.2074049429657794,0.0021730038022813,0.0169163498098859,0.0,0.0,0.0,0.0171197718631178,0.0051064638783269,0.0019068441064638,0.0
2015-01-05 22:00:00,0.204041825095057,0.0090114068441064,0.0064790874524714,0.0,0.0,0.0,0.0172718631178707,0.0051520912547528,0.0019505703422053,0.0
2015-01-05 23:00:00,0.1941685606060606,0.0087518939393939,0.0209621212121212,0.0,0.0,0.0,0.0172310606060606,0.0051780303030303,0.0019337121212121,0.0
2015-01-06 00:00:00,0.1885463137996219,0.0,0.0208449905482041,0.0,0.0,0.0,0.0172722117202268,0.005156899810964,0.0019338374291115,0.0
2015-01-06 01:00:00,0.194123339658444,0.008707779886148,0.0210531309297912,0.0,0.0,0.0,0.0172599620493358,0.0051214421252371,0.0019335863377609,0.0
2015-01-06 02:00:00,0.1964393939393939,0.0086818181818181,0.0205321969696969,0.0,0.0,0.0,0.0173125,0.0051780303030303,0.0019621212121212,0.0
2015-01-06 03:00:00,0.1926704545454545,0.0,0.0169924242424242,0.0,0.0,0.0,0.0173200757575757,0.0065719696969696,0.0019507575757575,0.0
2015-01-06 04:00:00,0.1963188679245283,0.0084094339622641,0.0051358490566037,0.0,0.0,0.0,0.017266037735849,0.0100584905660377,0.0019358490566037,0.0
2015-01-06 05:00:00,0.19372,0.0085771428571428,0.0196247619047619,0.0,0.0,0.0,0.0171790476190476,0.0051542857142857,0.0019295238095238,0.0
2015-01-06 06:00:00,0.2157322097378277,0.02025468164794,0.0203558052434456,0.0,0.0,0.0,0.0170861423220973,0.0051198501872659,0.0019063670411985,0.0
2015-01-06 07:00:00,0.2248698113207547,0.0085188679245283,0.0207,0.0,0.0,0.0,0.0169,0.0051188679245283,0.0018283018867924,0.0
2015-01-06 08:00:00,0.199954459203036,0.0082296015180265,0.0206337760910815,0.0,0.0,0.0,0.0169810246679316,0.0051081593927893,0.0018500948766603,0.0
2015-01-06 09:00:00,0.1981984877126654,0.0,0.0229357277882797,0.0,0.0,0.0,0.0170359168241965,0.0051266540642722,0.0018922495274102,0.0
2015-01-06 10:00:00,0.2052593320235756,0.0089626719056974,0.0111139489194499,0.0,0.0,0.0,0.0170275049115913,0.0051119842829076,0.0018899803536345,0.0
2015-01-06 11:00:00,0.1960604914933837,0.0085897920604914,0.0149867674858223,0.0,0.0,0.0,0.0170207939508506,0.0051115311909262,0.0018733459357277,0.0
2015-01-06 12:00:00,0.1996672967863894,0.0,0.0202589792060491,0.0,0.0,0.0,0.0170604914933837,0.005102079395085,0.001875236294896,0.0
2015-01-06 13:00:00,0.1998202247191011,0.0103576779026217,0.0205468164794007,0.0,0.0,0.0,0.0171011235955056,0.0051329588014981,0.0018445692883895,0.0
2015-01-06 14:00:00,0.2100056497175141,0.0086723163841807,0.020804143126177,0.0,0.0,0.0,0.0171261770244821,0.0051224105461393,0.0018700564971751,0.0
2015-01-06 15:00:00,0.1915566037735849,0.0,0.0211735849056603,0.0,0.0,0.0,0.017166037735849,0.0051716981132075,0.0019150943396226,0.0
2015-01-06 16:00:00,0.2286290018832391,0.0084952919020715,0.0107344632768361,0.0,0.0,0.0,0.0170150659133709,0.0051205273069679,0.0018757062146892,0.0
2015-01-06 17:00:00,0.2373825757575757,0.0086875,0.0103787878787878,0.0,0.0,0.0,0.0170795454545454,0.005123106060606,0.0018541666666666,0.0
2015-01-06 18:00:00,0.2383066666666666,0.0,0.0205619047619047,0.0,0.0,0.0,0.0170247619047619,0.0165447619047619,0.0018495238095238,0.0
2015-01-06 19:00:00,0.2317120921305182,0.010299424184261,0.0217159309021113,0.0,0.0,0.0,0.0171708253358925,0.0077754318618042,0.0019059500959692,0.0
2015-01-06 20:00:00,0.2267556818181818,0.0103295454545454,0.0219299242424242,0.0,0.0,0.0,0.0172140151515151,0.0064791666666666,0.0019147727272727,0.0
2015-01-06 21:00:00,0.2240171102661597,0.0046254752851711,0.0,0.0,0.0,0.0,0.017157794676806,0.0251311787072243,0.0019144486692015,0.0
2015-01-06 22:00:00,0.2083030303030303,0.0039772727272727,0.021592803030303,0.0,0.0,0.0,0.0172140151515151,0.00725,0.0019280303030303,0.0
2015-01-06 23:00:00,0.194805293005671,0.0084310018903591,0.0217637051039697,0.0,0.0,0.0,0.0173289224952741,0.0052249527410207,0.0019603024574669,0.0
2015-01-07 00:00:00,0.1928996212121212,0.006,0.0149261363636363,0.0,0.0,0.0,0.0173087121212121,0.0051685606060606,0.0019375,0.0
2015-01-07 01:00:00,0.187789077212806,0.0022956685499058,0.0068229755178907,0.0,0.0,0.0,0.0173201506591337,0.0051525423728813,0.0019359698681732,0.0
2015-01-07 02:00:00,0.1945301886792452,0.0080905660377358,0.0224471698113207,0.0,0.0,0.0,0.0173113207547169,0.0052056603773584,0.0019396226415094,0.0
2015-01-07 03:00:00,0.1915973534971644,0.0029716446124763,0.0217145557655954,0.0,0.0,0.0,0.017289224952741,0.0065822306238185,0.0019546313799621,0.0
2015-01-07 04:00:00,0.197666037735849,0.0052943396226415,0.0166415094339622,0.0,0.0,0.0,0.017177358490566,0.0109283018867924,0.0019132075471698,0.0
2015-01-07 05:00:00,0.190909604519774,0.0083389830508474,0.0048418079096045,0.0,0.0,0.0,0.0172335216572504,0.0060998116760828,0.0019265536723163,0.0
2015-01-07 06:00:00,0.2157007575757575,0.0,0.0218446969696969,0.0,0.0,0.0,0.0170946969696969,0.0060454545454545,0.0018882575757575,0.0
2015-01-07 07:00:00,0.2336030245746691,0.0084858223062381,0.0246748582230623,0.0,0.0,0.0,0.0170907372400756,0.0060359168241965,0.0018733459357277,0.0
2015-01-07 08:00:00,0.2289128787878787,0.0084640151515151,0.0178295454545454,0.0,0.0,0.0,0.0170625,0.0060321969696969,0.0018276515151515,0.0
2015-01-07 09:00:00,0.2163289224952741,0.0,0.0056011342155009,0.0,0.0,0.0,0.0170737240075614,0.0060340264650283,0.0018563327032136,0.0
2015-01-07 10:00:00,0.1961752265861027,0.0,0.0,0.0,0.0,0.0,0.0171631419939577,0.0060181268882175,0.001870090634441,0.0
2015-01-07 11:00:00,0.2111444866920152,0.008583650190114,0.0219543726235741,0.0,0.0,0.0,0.017157794676806,0.0060266159695817,0.0018764258555133,0.0
2015-01-07 12:00:00,0.2076787072243346,0.0,0.0207452471482889,0.0,0.0,0.0,0.0170532319391635,0.0060247148288973,0.0018365019011406,0.0
2015-01-07 13:00:00,0.2066313799621928,0.0106805293005671,0.0088638941398865,0.0,0.0,0.0,0.0169527410207939,0.0052797731568998,0.0018412098298676,0.0
2015-01-07 14:00:00,0.2070132075471698,0.0111075471698113,0.0125075471698113,0.0,0.0,0.0,0.0170207547169811,0.0051169811320754,0.001854716981132,0.0
2015-01-07 15:00:00,0.1977353497164461,0.0,0.0238998109640831,0.0,0.0,0.0,0.0170207939508506,0.0051115311909262,0.0018298676748582,0.0
2015-01-07 16:00:00,0.2524045368620038,0.0084158790170132,0.020289224952741,0.0,0.0,0.0,0.0168166351606805,0.0182967863894139,0.0017844990548204,0.0
2015-01-07 17:00:00,0.2512723809523809,0.0088895238095238,0.0213542857142857,0.0,0.0,0.0,0.0167580952380952,0.0102228571428571,0.0017961904761904,0.0
2015-01-07 18:00:00,0.2476057142857143,0.0,0.0068666666666666,0.0,0.0,0.0,0.0168266666666666,0.0183161904761904,0.0017885714285714,0.0
2015-01-07 19:00:00,0.2374187380497132,0.0089292543021032,0.0147476099426386,0.0,0.0,0.0,0.016887189292543,0.0054091778202676,0.0018355640535372,0.0
2015-01-07 20:00:00,0.2347384615384615,0.0102884615384615,0.0218365384615384,0.0,0.0,0.0,0.0170173076923076,0.0082634615384615,0.0018538461538461,0.0
2015-01-07 21:00:00,0.2363409961685823,0.0042950191570881,0.0212107279693486,0.0,0.0,0.0,0.0171551724137931,0.0251187739463601,0.0019080459770114,0.0
2015-01-07 22:00:00,0.2071653846153846,0.0044538461538461,0.0208192307692307,0.0,0.0,0.0,0.0172326923076923,0.0053615384615384,0.0019442307692307,0.0
2015-01-07 23:00:00,0.1938155893536121,0.008583650190114,0.0253631178707224,0.0,0.0,0.0,0.0173269961977186,0.0051615969581749,0.0019505703422053,0.0
2015-01-08 00:00:00,0.1902423076923076,0.0096384615384615,0.0042461538461538,0.0,0.0,0.0,0.0173211538461538,0.0051903846153846,0.0019576923076923,0.0
2015-01-08 01:00:00,0.1873015267175572,0.0,0.0170954198473282,0.0,0.0,0.0,0.0173435114503816,0.0051851145038167,0.0019522900763358,0.0
2015-01-08 02:00:00,0.1966525911708253,0.0091765834932821,0.0212917466410748,0.0,0.0,0.0,0.0171861804222648,0.0051381957773512,0.0019424184261036,0.0
2015-01-08 03:00:00,0.1989904397705545,0.0084187380497131,0.0215124282982791,0.0,0.0,0.0,0.017227533460803,0.0083078393881453,0.0019369024856596,0.0
2015-01-08 04:00:00,0.1931638095238095,0.0,0.0231066666666666,0.0,0.0,0.0,0.0171619047619047,0.008295238095238,0.001887619047619,0.0
2015-01-08 05:00:00,0.1953503787878787,0.0083598484848484,0.0205700757575757,0.0,0.0,0.0,0.0171969696969696,0.005123106060606,0.0019223484848484,0.0
2015-01-08 06:00:00,0.228977229601518,0.0081726755218216,0.0187533206831119,0.0,0.0,0.0,0.0170588235294117,0.0051404174573055,0.0018918406072106,0.0
2015-01-08 07:00:00,0.21853889943074,9.297912713472485e-05,0.0068595825426944,0.0,0.0,0.0,0.0170588235294117,0.005134724857685,0.0018785578747628,0.0
2015-01-08 08:00:00,0.2098859315589353,0.0083688212927756,0.0163155893536121,0.0,0.0,0.0,0.0170133079847908,0.0051254752851711,0.0018422053231939,0.0
2015-01-08 09:00:00,0.206468809073724,0.0088147448015122,0.0235841209829867,0.0,0.0,0.0,0.0170264650283553,0.005109640831758,0.0018695652173913,0.0
2015-01-08 10:00:00,0.204453686200378,0.003930056710775,0.0221795841209829,0.0,0.0,0.0,0.0171304347826086,0.0050926275992438,0.0018960302457466,0.0
2015-01-08 11:00:00,0.2095293005671077,0.005219281663516,0.0225614366729678,0.0,0.0,0.0,0.0170226843100189,0.0051190926275992,0.0018733459357277,0.0
2015-01-08 12:00:00,0.1986520912547528,0.0088174904942965,0.0172053231939163,0.0,0.0,0.0,0.0171235741444866,0.0051673003802281,0.0019049429657794,0.0
2015-01-08 13:00:00,0.2014011406844106,0.0103669201520912,0.0093365019011406,0.0,0.0,0.0,0.0171615969581749,0.005148288973384,0.0018992395437262,0.0
2015-01-08 14:00:00,0.1959792060491493,0.0002155009451795,0.0180869565217391,0.0,0.0,0.0,0.0172476370510396,0.0051758034026465,0.0019168241965973,0.0
2015-01-08 15:00:00,0.202625,0.0106098484848484,0.0213977272727272,0.0,0.0,0.0,0.0172424242424242,0.0051477272727272,0.0058068181818181,0.0
2015-01-08 16:00:00,0.2532395437262357,0.0088783269961977,0.0209258555133079,0.0,0.0,0.0,0.017157794676806,0.0182243346007604,0.0019258555133079,0.0
2015-01-08 17:00:00,0.2335400763358778,0.0,0.0216736641221374,0.0,0.0,0.0,0.0171316793893129,0.0104255725190839,0.0019103053435114,0.0
2015-01-08 18:00:00,0.2343984526112185,0.0086905222437137,0.0193829787234042,0.0,0.0,0.0,0.0171179883945841,0.0182069632495164,0.0019013539651837,0.0
2015-01-08 19:00:00,0.2232857142857142,0.008815238095238,0.0028666666666666,0.0,0.0,0.0,0.0171295238095238,0.0055390476190476,0.0018933333333333,0.0
2015-01-08 20:00:00,0.2189179389312976,0.0072347328244274,0.0189484732824427,0.0,0.0,0.0,0.0171774809160305,0.0051278625954198,0.0019274809160305,0.0
2015-01-08 21:00:00,0.2109180952380952,0.0014133333333333,0.0215371428571428,0.0,0.0,0.0,0.0171657142857142,0.005167619047619,0.0019161904761904,0.0
2015-01-08 22:00:00,0.2112117202268431,0.0107599243856332,0.0219357277882797,0.0,0.0,0.0,0.0172287334593572,0.0051947069943289,0.0019357277882797,0.0
2015-01-08 23:00:00,0.1968830188679245,0.008388679245283,0.0218716981132075,0.0,0.0,0.0,0.0172679245283018,0.0051792452830188,0.001943396226415,0.0
2015-01-09 00:00:00,0.1867844990548204,0.0,0.0076294896030245,0.0,0.0,0.0,0.0172079395085066,0.0051379962192816,0.0019413988657844,0.0
2015-01-09 01:00:00,0.1927689393939394,0.0087121212121212,0.0137537878787878,0.0,0.0,0.0,0.0171875,0.0051268939393939,0.0019223484848484,0.0
2015-01-09 02:00:00,0.1938030303030303,0.0084337121212121,0.0222234848484848,0.0,0.0,0.0,0.0173068181818181,0.0051780303030303,0.0019450757575757,0.0
2015-01-09 03:00:00,0.1912523719165085,0.0,0.0237172675521821,0.0,0.0,0.0,0.0173662239089184,0.0082656546489563,0.0019677419354838,0.0
2015-01-09 04:00:00,0.1977698113207547,0.0127396226415094,0.0250509433962264,0.0,0.0,0.0,0.0173320754716981,0.0090490566037735,0.0019603773584905,0.0
2015-01-09 05:00:00,0.1952438563327032,0.0084328922495274,0.0213024574669187,0.0,0.0,0.0,0.0172117202268431,0.0051379962192816,0.0019395085066162,0.0
2015-01-09 06:00:00,0.2147712665406427,0.0,0.0056483931947069,0.0,0.0,0.0,0.0170623818525519,0.005109640831758,0.0018941398865784,0.0
2015-01-09 07:00:00,0.2287632575757575,0.0084375,0.0152897727272727,0.0,0.0,0.0,0.0169450757575757,0.0051212121212121,0.0017670454545454,0.0
2015-01-09 08:00:00,0.2291566037735849,0.0085264150943396,0.0231415094339622,0.0,0.0,0.0,0.0169924528301886,0.0051396226415094,0.0018301886792452,0.0
2015-01-09 09:00:00,0.2003917137476459,0.0,0.0247645951035781,0.0,0.0,0.0,0.0170489642184557,0.0051224105461393,0.0018474576271186,0.0
2015-01-09 10:00:00,0.2071455576559546,0.0083950850661625,0.0245614366729678,0.0,0.0,0.0,0.0171417769376181,0.0051247637051039,0.0019187145557655,0.0
2015-01-09 11:00:00,0.2065808270676691,0.0106522556390977,0.0164586466165413,0.0,0.0,0.0,0.0172481203007518,0.0051597744360902,0.0019360902255639,0.0
2015-01-09 12:00:00,0.1954573055028463,0.0062144212523719,0.0045654648956356,0.0,0.0,0.0,0.0172277039848197,0.0051309297912713,0.001943074003795,0.0
2015-01-09 13:00:00,0.1939698113207547,0.0025075471698113,0.021154716981132,0.0,3.773584905660377e-06,0.0,0.0172037735849056,0.0051566037735849,0.0019132075471698,0.0
2015-01-09 14:00:00,0.2093320537428023,0.0085815738963531,0.0220441458733205,0.0,0.0,0.0,0.0172188099808061,0.0051804222648752,0.0019424184261036,0.0
2015-01-09 15:00:00,0.2011656804733728,0.0093629191321499,0.0268126232741617,0.0,0.0,0.0,0.0172071005917159,0.005145956607495,0.001930966469428,0.0
2015-01-09 16:00:00,0.3305274102079395,0.0062117202268431,0.0213043478260869,0.0,0.0,0.0,0.0170850661625708,0.0181833648393194,0.00186011342155,0.0
2015-01-09 17:00:00,0.6208857142857143,0.0092457142857142,0.0205485714285714,0.0,0.0,0.0,0.0172857142857142,0.0729714285714285,0.0018304761904761,0.1620857142857142
2015-01-09 18:00:00,0.4877049808429118,0.0063850574712643,0.0178908045977011,0.0,0.0,0.0,0.0173295019157088,0.1509693486590038,0.001875478927203,0.0
2015-01-09 19:00:00,0.5877052023121386,0.0106281310211946,0.0096917148362235,0.0,0.0,0.0,0.0173468208092485,0.1567013487475915,0.0055105973025048,0.0974007707129094
2015-01-09 20:00:00,0.7496228239845262,0.0092998065764023,0.0247156673114119,0.0,0.0,0.0,0.0173945841392649,0.1462456479690522,0.0018317214700193,0.0
2015-01-09 21:00:00,1.0023156899810963,0.0071209829867674,0.0268336483931947,0.0,0.0004914933837429,0.0,0.0174272211720226,0.1372155009451795,0.0018449905482041,0.0
2015-01-09 22:00:00,0.650022813688213,0.0023479087452471,0.0262338403041825,0.0,0.0017699619771863,0.0,0.0174049429657794,0.0518326996197718,0.0017452471482889,0.0
2015-01-09 23:00:00,0.479166037735849,0.0108849056603773,0.0287358490566037,0.0,0.0018301886792452,0.0,0.0174622641509434,0.0051396226415094,0.0018207547169811,0.0
2015-01-10 00:00:00,0.8365464895635674,0.0091783681214421,0.0147590132827324,0.0,0.328662239089184,0.0,0.0174781783681214,0.0051214421252371,0.0020759013282732,0.0
2015-01-10 01:00:00,0.8809583333333334,0.0090568181818181,0.0118806818181818,0.0,0.3263352272727272,0.0,0.0174848484848484,0.0051174242424242,0.0018465909090909,0.0
2015-01-10 02:00:00,0.486623352165725,0.0,0.0262542372881355,0.0,0.0012410546139359,0.0,0.0176949152542372,0.0051468926553672,0.0019114877589453,0.0
2015-01-10 03:00:00,0.4924981132075472,0.0125037735849056,0.0275018867924528,0.0,0.0012622641509433,0.0,0.0176962264150943,0.0080754716981132,0.001888679245283,0.0
2015-01-10 04:00:00,0.6773017077798861,0.0110037950664136,0.0278785578747628,0.0,0.0012675521821631,0.0,0.0176603415559772,0.0085711574952561,0.0018785578747628,0.0
2015-01-10 05:00:00,3.007618421052632,0.0088496240601503,0.0263026315789473,0.0,0.0012612781954887,0.0,0.0175394736842105,0.0051616541353383,0.0019473684210526,0.0
2015-01-10 06:00:00,3.204660447761194,7.462686567164178e-05,0.006875,0.0,0.6477238805970149,0.0,0.0173246268656716,0.0050951492537313,0.0017817164179104,0.0
2015-01-10 07:00:00,1.6651450094161957,0.0111996233521657,0.0269359698681732,0.0,0.0527175141242937,0.0,0.0174369114877589,0.0050866290018832,0.0017476459510357,0.1069491525423728
2015-01-10 08:00:00,0.2176654135338346,0.0111954887218045,0.0264943609022556,0.0,0.0,0.0,0.017375939849624,0.0051372180451127,0.0017368421052631,0.0
2015-01-10 09:00:00,0.2045913370998116,0.0101996233521657,0.0298719397363465,0.0,0.0,0.0,0.0173182674199623,0.0050772128060263,0.0016798493408662,0.0
2015-01-10 10:00:00,0.3448431001890359,0.0024253308128544,0.0152797731568998,0.0,0.0,0.0,0.0172854442344045,0.0050982986767485,0.006281663516068,0.1453383742911153
2015-01-10 11:00:00,0.4421852551984877,0.021937618147448,0.0127240075614366,0.0,0.0,0.0,0.0174045368620037,0.0051323251417769,0.0017920604914933,0.076219281663516
2015-01-10 12:00:00,0.2658958333333333,0.0144545454545454,0.0248996212121212,0.0,0.0,0.0,0.0553200757575757,0.0051193181818181,0.0017859848484848,0.0
2015-01-10 13:00:00,0.7078487712665407,0.0190982986767485,0.0266143667296786,0.0,0.0,0.0,0.0616446124763705,0.0307731568998109,0.0017920604914933,0.0
2015-01-10 14:00:00,0.8744296577946769,0.0084904942965779,0.0275817490494296,0.0,0.0,0.0,0.0817167300380228,0.0060969581749049,0.0018117870722433,0.0104182509505703
2015-01-10 15:00:00,1.2343901515151514,0.0089109848484848,0.0272140151515151,0.0,0.0,0.0,0.0196875,0.0060625,0.0018068181818181,0.0924147727272727
2015-01-10 16:00:00,0.2741009523809524,0.0159466666666666,0.0212666666666666,0.0,0.0,0.0,0.0191980952380952,0.0112095238095238,0.0017961904761904,0.0
2015-01-10 17:00:00,0.251873320537428,0.0153051823416506,0.0146468330134357,0.0,0.0,0.0,0.019130518234165,0.0060268714011516,0.0017428023032629,0.0
2015-01-10 18:00:00,1.0693371647509575,0.0074252873563218,0.015787356321839,0.0,0.0,0.0,0.0191532567049808,0.0168467432950191,0.0017030651340996,0.0
2015-01-10 19:00:00,0.7916252390057361,0.0090898661567877,0.0172294455066921,0.0,0.0018929254302103,0.0,0.0191969407265774,0.0111319311663479,0.0017514340344168,0.0
2015-01-10 20:00:00,0.6318381502890174,0.0163853564547206,0.0185934489402697,0.0,0.002,0.0,0.0192774566473988,0.1270539499036609,0.0024412331406551,0.0936396917148362
2015-01-10 21:00:00,0.8633047619047619,0.011727619047619,0.0216057142857142,0.0,0.002,0.0,0.0192419047619047,0.1453657142857143,0.0018457142857142,0.0
2015-01-10 22:00:00,0.8819698113207547,0.010688679245283,0.0216320754716981,0.0,0.002,0.0,0.019277358490566,0.1372226415094339,0.0018452830188679,0.0
2015-01-10 23:00:00,0.6731688804554079,0.0,0.0216489563567362,0.0,0.0018254269449715,0.0,0.0192846299810246,0.0810512333965844,0.0018652751423149,0.0
2015-01-11 00:00:00,0.5120435606060606,0.0100227272727272,0.0237291666666666,0.0,0.0035681818181818,0.0,0.0193011363636363,0.0051306818181818,0.0018617424242424,0.0
2015-01-11 01:00:00,1.798471590909091,0.0092424242424242,0.0225984848484848,0.0,1.22075,0.0,0.0192424242424242,0.0050719696969696,0.0018636363636363,0.0
2015-01-11 02:00:00,0.8555622641509434,0.0089037735849056,0.0171301886792452,0.0,0.0402641509433962,0.0,0.0191849056603773,0.0051075471698113,0.0018320754716981,0.0
2015-01-11 03:00:00,1.9502684310018903,0.005508506616257,0.0103648393194706,0.0,0.6949659735349717,0.0,0.0192098298676748,0.0079905482041587,0.0018147448015122,0.0
2015-01-11 04:00:00,1.2551587901701322,0.0028279773156899,0.0111323251417769,0.0,0.0012646502835538,0.0,0.0192098298676748,0.0092967863894139,0.0018412098298676,0.0
2015-01-11 05:00:00,3.057005671077505,0.008289224952741,0.0234706994328922,0.0,0.0012703213610586,0.0,0.0192287334593572,0.0051417769376181,0.0018355387523629,0.0
2015-01-11 06:00:00,1.5073719165085389,0.008381404174573,0.0242428842504743,0.0,0.1698273244781783,0.0,0.0191138519924098,0.0051252371916508,0.0018216318785578,0.0
2015-01-11 07:00:00,2.1990811320754715,0.0089735849056603,0.0202981132075471,0.0,0.3106283018867924,0.0,0.0191981132075471,0.0051415094339622,0.0017943396226415,0.0
2015-01-11 08:00:00,0.3636988636363636,0.0,0.0209696969696969,0.0,0.0,0.0,0.0191571969696969,0.005123106060606,0.0017935606060606,0.1065265151515151
2015-01-11 09:00:00,0.3706446124763705,0.0089697542533081,0.0023402646502835,0.0,0.0,0.0517542533081285,0.0190491493383742,0.0051153119092627,0.0017901701323251,0.0300793950850661
2015-01-11 10:00:00,0.8542424812030075,0.0090451127819548,0.0214793233082706,0.0,0.0,0.0,0.0189191729323308,0.0051071428571428,0.0016353383458646,0.0931015037593984
2015-01-11 11:00:00,0.7059470699432892,0.0131323251417769,0.02286011342155,0.0,0.0,0.0,0.0189035916824196,0.0050907372400756,0.0016691871455576,0.0
2015-01-11 12:00:00,1.3197156488549615,0.0135438931297709,0.0207137404580152,0.0,0.0,0.0,0.01906106870229,0.0051374045801526,0.00175,0.0
2015-01-11 13:00:00,1.0223403041825094,0.0020038022813688,0.0157832699619771,0.0,0.0,0.0,0.0191653992395437,0.0051197718631178,0.0923802281368821,0.0
2015-01-11 14:00:00,0.2381028571428571,0.011687619047619,0.0049428571428571,0.0,0.0,0.0,0.0192380952380952,0.0051085714285714,0.001855238095238,0.0
2015-01-11 15:00:00,0.4907053231939163,0.0159106463878327,0.0208555133079847,0.0,0.0,0.0,0.0190950570342205,0.1166844106463878,0.0018174904942965,0.095903041825095
2015-01-11 16:00:00,0.4713448940269749,0.013140655105973,0.0203680154142581,0.0,0.0,0.0,0.0189749518304431,0.0799961464354528,0.0017379576107899,0.0
2015-01-11 17:00:00,1.112736328125,0.006576171875,0.0222734375,0.0,0.0,0.0,0.018884765625,0.1399609375,0.00165234375,0.0
2015-01-11 18:00:00,0.5889150579150579,0.0055019305019305,0.0205791505791505,0.0,0.0,0.0,0.019054054054054,0.1374131274131274,0.0017393822393822,0.0824247104247104
2015-01-11 19:00:00,0.4900326923076923,0.0121923076923076,0.0188615384615384,0.0,0.0,0.0,0.0190961538461538,0.1378115384615384,0.0017961538461538,0.0
2015-01-11 20:00:00,1.0429635316698658,0.0131535508637236,0.0052053742802303,0.0,0.0,0.0,0.0191362763915547,0.1401113243761996,0.0018080614203454,0.0
2015-01-11 21:00:00,0.7470264150943396,0.0103509433962264,0.0171641509433962,0.0,0.0,0.0,0.0190679245283018,0.1569358490566038,0.0017943396226415,0.0
2015-01-11 22:00:00,0.5606124763705104,0.0083610586011342,0.0206275992438563,0.0,0.0013005671077504,0.0,0.0191984877126654,0.0439413988657845,0.0018544423440453,0.0
2015-01-11 23:00:00,0.4479447619047619,0.0007409523809523,0.0219123809523809,0.0,0.0019504761904761,0.0,0.0193066666666666,0.0051657142857142,0.0018857142857142,0.0
2015-01-12 00:00:00,0.4349489603024574,0.0106729678638941,0.0211436672967863,0.0,0.0017334593572778,0.0,0.0192797731568998,0.0051323251417769,0.0019073724007561,0.0
2015-01-12 01:00:00,0.4277490494296578,0.0082889733840304,0.0210627376425855,0.0,0.0018517110266159,0.0,0.0192566539923954,0.0051406844106463,0.0019106463878326,0.0
2015-01-12 02:00:00,1.1276660377358492,0.0083320754716981,0.0084264150943396,0.0,0.001877358490566,0.0,0.0192264150943396,0.0051566037735849,0.0018962264150943,0.0
2015-01-12 03:00:00,0.595751893939394,0.0084223484848484,0.0156931818181818,0.0,0.0017594696969696,0.0,0.0192424242424242,0.0079621212121212,0.0019299242424242,0.0
2015-01-12 04:00:00,1.377969754253308,0.0,0.0208185255198487,0.0,0.0017939508506616,0.0,0.0192722117202268,0.0094328922495274,0.0018884688090737,0.0
2015-01-12 05:00:00,3.009257575757576,0.0096950757575757,0.0213768939393939,0.0,0.0018087121212121,0.0,0.0192367424242424,0.0051041666666666,0.0018863636363636,0.0
2015-01-12 06:00:00,1.0008712121212122,0.0080738636363636,0.021498106060606,0.0,0.2154147727272727,0.0,0.0190587121212121,0.0051041666666666,0.0017746212121212,0.0
2015-01-12 07:00:00,1.36093536121673,0.0079923954372623,0.0215475285171102,0.0,0.0211140684410646,0.0,0.0190076045627376,0.005115969581749,0.0017680608365019,3.802281368821293e-05
2015-01-12 08:00:00,0.5361904761904761,0.0065923809523809,0.0182285714285714,0.0,0.0,0.0355961904761904,0.0333409523809523,0.00512,0.0791180952380952,0.0917828571428571
2015-01-12 09:00:00,0.3469715370018975,0.001550284629981,0.0097191650853889,0.0,0.0,0.0,0.0190512333965844,0.0051290322580645,0.001707779886148,0.0966565464895635
2015-01-12 10:00:00,0.2438582230623818,0.0099867674858223,0.0195765595463138,0.0,0.0,0.0,0.0190699432892249,0.0051115311909262,0.0017448015122873,0.0
2015-01-12 11:00:00,0.3668298676748582,0.0098638941398865,0.0217258979206049,0.0,0.0,0.0,0.0192306238185255,0.005164461247637,0.001812854442344,0.0969130434782608
2015-01-12 12:00:00,0.3693100189035917,0.0109413988657845,0.0235103969754253,0.0,0.0,0.0956786389413988,0.0191682419659735,0.0051965973534971,0.0763459357277882,0.0001814744801512
2015-01-12 13:00:00,0.208028409090909,0.0078939393939393,0.0209166666666666,0.0,0.0,0.0,0.0193143939393939,0.005153409090909,0.0018693181818181,0.0
2015-01-12 14:00:00,0.3579734848484848,0.0025416666666666,0.029248106060606,0.0,0.0,0.0,0.019217803030303,0.0051609848484848,0.0018636363636363,0.1305227272727273
2015-01-12 15:00:00,0.3713939393939394,0.0073560606060606,0.0134166666666666,0.0,0.0,0.0,0.019248106060606,0.0359375,0.0046041666666666,0.0
2015-01-12 16:00:00,1.830702651515152,0.0143598484848484,0.0107689393939393,0.0,0.0,0.0,0.019060606060606,0.0229090909090909,0.0018314393939393,0.0
2015-01-12 17:00:00,0.4769885931558935,0.0164790874524714,0.020967680608365,0.0,0.0,0.0,0.0191273764258555,0.0795589353612167,0.0017813688212927,0.1019904942965779
2015-01-12 18:00:00,0.4943980582524271,0.0120601941747572,0.0222368932038834,0.0,0.0,0.0,0.0192155339805825,0.1519223300970874,0.0018,0.0
2015-01-12 19:00:00,0.4817673076923077,0.0,0.0237557692307692,0.0,0.0,0.0,0.0191423076923076,0.1584557692307692,0.0017826923076923,0.0
2015-01-12 20:00:00,0.5141880998080615,0.0095220729366602,0.0243589251439539,0.0,0.0,0.0,0.0191401151631477,0.1564856046065259,0.003767754318618,0.0
2015-01-12 21:00:00,0.4907733333333333,0.009007619047619,0.0137847619047619,0.0,0.0,0.0,0.0191390476190476,0.1575009523809523,0.0017733333333333,0.0
2015-01-12 22:00:00,0.8080759013282733,0.0085218216318785,0.0076148007590132,0.0,0.0,0.0,0.0192561669829222,0.0433434535104364,0.0018481973434535,0.0
2015-01-12 23:00:00,0.454903409090909,0.0083958333333333,0.0219905303030303,0.0,0.0,0.0,0.0192253787878787,0.0068465909090909,0.0019071969696969,0.0
2015-01-13 00:00:00,0.4388269961977186,0.0059809885931558,0.0250798479087452,0.0,0.0,0.0,0.0193479087452471,0.0051558935361216,0.0018878326996197,0.0
2015-01-13 01:00:00,0.6002509433962264,0.0022792452830188,0.0239528301886792,0.0,0.0,0.0,0.0192094339622641,0.0051113207547169,0.0017905660377358,0.0
2015-01-13 02:00:00,1.3025833333333332,0.0082878787878787,0.0184469696969696,0.0,0.0,0.0,0.0192367424242424,0.0051401515151515,0.0018465909090909,0.0
2015-01-13 03:00:00,0.5685716981132075,0.0078301886792452,0.0054981132075471,0.0,0.0,0.0,0.0192716981132075,0.0078075471698113,0.0018415094339622,0.0
2015-01-13 04:00:00,1.2269867924528304,0.0080358490566037,0.0201339622641509,0.0,0.0,0.0,0.019177358490566,0.0088320754716981,0.001777358490566,0.0
2015-01-13 05:00:00,2.982821631878558,0.0,0.0212220113851992,0.0,0.0,0.0,0.0192314990512333,0.0051328273244781,0.0018026565464895,0.0
2015-01-13 06:00:00,0.6050700757575758,0.0089015151515151,0.0220719696969696,0.0,0.0,0.0,0.0190435606060606,0.005125,0.0017708333333333,0.0
2015-01-13 07:00:00,1.3135482041587905,0.0108657844990548,0.020992438563327,0.0,0.0,0.0274763705103969,0.019039697542533,0.0051247637051039,0.0883005671077504,0.1065727788279773
2015-01-13 08:00:00,0.3309209039548023,0.0098116760828625,0.0456572504708097,0.0,0.0,0.0,0.0190470809792843,0.0442580037664783,0.0018116760828625,0.0
2015-01-13 09:00:00,0.409234404536862,0.0,0.0256313799621928,0.0,0.0,0.0,0.0191947069943289,0.0051228733459357,0.0017731568998109,0.0
2015-01-13 10:00:00,0.4219526515151515,0.0082708333333333,0.0197310606060606,0.0,0.0,0.0,0.0261136363636363,0.0051363636363636,0.0018503787878787,0.0910037878787878
2015-01-13 11:00:00,0.2795749525616698,0.0104876660341555,0.0243491461100569,0.0,0.0,0.0,0.094573055028463,0.005134724857685,0.0017533206831119,0.0
2015-01-13 12:00:00,0.5421754716981133,0.0087377358490566,0.0221037735849056,0.0,0.0,0.0372207547169811,0.0356056603773584,0.0051037735849056,0.075354716981132,0.1807320754716981
2015-01-13 13:00:00,0.4012041587901701,0.0083232514177693,0.0200510396975425,0.0,0.0,0.0,0.0187315689981096,0.0051190926275992,0.0016843100189035,0.0520945179584121
2015-01-13 14:00:00,0.2223320754716981,0.0035377358490566,0.0046,0.0,0.0,0.0,0.0187641509433962,0.0051113207547169,0.0017358490566037,0.0
2015-01-13 15:00:00,0.2708298676748582,0.0041323251417769,0.0215425330812854,0.0,0.0,0.0,0.0188449905482041,0.0051209829867674,0.0017599243856332,0.056164461247637
2015-01-13 16:00:00,1.1126939163498095,0.0123555133079847,0.0218231939163498,0.0,0.0,0.0,0.0187091254752851,0.0177889733840304,0.2859714828897338,0.0
2015-01-13 17:00:00,0.5340988593155894,0.0131311787072243,0.0227015209125475,0.0,0.0,0.0,0.0227186311787072,0.08093536121673,0.0017471482889733,0.086393536121673
2015-01-13 18:00:00,0.4649980079681274,0.0093326693227091,0.0091553784860557,0.0,0.0,0.0,0.018910358565737,0.1235637450199203,0.0017549800796812,0.0
2015-01-13 19:00:00,0.255377969762419,0.0041447084233261,0.0130712742980561,0.0,0.0,0.0,0.0189416846652267,0.0066069114470842,0.001816414686825,0.0
2015-01-13 20:00:00,0.4217095238095238,0.0036309523809523,0.041497619047619,0.0,0.0,0.0,0.0189904761904761,0.0470428571428571,0.0099619047619047,0.0987666666666666
2015-01-13 21:00:00,0.381167770419426,0.0102185430463576,0.0276203090507726,0.0,0.0,0.0,0.0189006622516556,0.1438432671081677,0.0017527593818984,0.0
2015-01-13 22:00:00,0.8652965367965367,0.0081536796536796,0.016560606060606,0.0,0.0,0.0,0.0189935064935064,0.0798160173160173,0.0018354978354978,0.0
2015-01-13 23:00:00,0.5481916996047431,0.0035889328063241,0.0062252964426877,0.0,0.0,0.0,0.0189683794466403,0.0109288537549407,0.0018656126482213,0.0
2015-01-14 00:00:00,0.5292291666666666,0.0044924242424242,0.0222215909090909,0.0,0.0,0.0,0.0190056818181818,0.0082291666666666,0.0018465909090909,0.0
2015-01-14 01:00:00,0.5012443181818181,0.0080492424242424,0.0231287878787878,0.0,0.0,0.0,0.0190056818181818,0.0051704545454545,0.0018712121212121,0.0
2015-01-14 02:00:00,1.3820905660377358,0.0073320754716981,0.0,0.0,0.0,0.0,0.0189283018867924,0.0051452830188679,0.001854716981132,0.0
2015-01-14 03:00:00,0.8760451977401129,0.0002184557438794,0.0224011299435028,0.0,0.0,0.0,0.0189416195856873,0.0078022598870056,0.0018380414312617,0.0
2015-01-14 04:00:00,1.0011368821292774,0.009541825095057,0.0230361216730038,0.0,0.0,0.0,0.0189562737642585,0.0084372623574144,0.0018079847908745,0.0
2015-01-14 05:00:00,3.0589735349716447,0.0075538752362948,0.0059621928166351,0.0,0.0,0.0,0.0188771266540642,0.0060491493383742,0.001805293005671,0.0
2015-01-14 06:00:00,1.4229132075471698,0.0002320754716981,0.017277358490566,0.0,0.0,0.0,0.0187905660377358,0.0056113207547169,0.0017452830188679,0.0
2015-01-14 07:00:00,2.472962406015037,0.0080883458646616,0.0235751879699248,0.0,0.0,0.0,0.0186071428571428,0.0051278195488721,0.0387330827067669,0.0745056390977443
2015-01-14 08:00:00,0.4835444234404537,0.0089111531190926,0.0149943289224952,0.0,0.0,0.0793931947069943,0.0187107750472589,0.0051153119092627,0.0437221172022684,0.0101361058601134
2015-01-14 09:00:00,0.3599509433962264,0.0,0.021454716981132,0.0,0.0,0.0,0.0187339622641509,0.0051622641509433,0.0017584905660377,0.0
2015-01-14 10:00:00,0.3537301886792452,0.0082358490566037,0.0243301886792452,0.0,0.0,0.0,0.0189849056603773,0.0052245283018867,0.001854716981132,0.0
2015-01-14 11:00:00,0.6070662878787879,0.0087613636363636,0.0,0.0,0.0,0.0,0.0189943181818181,0.0095530303030303,0.0761041666666666,0.1292140151515151
2015-01-14 12:00:00,0.50215065913371,0.0092297551789077,0.0230602636534839,0.0,0.0,0.0694595103578154,0.0189566854990583,0.0051826741996233,0.1230847457627118,0.0416647834274952
2015-01-14 13:00:00,0.720155303030303,0.0084905303030303,0.0263390151515151,0.0,0.0,0.0,0.0667234848484848,0.0051420454545454,0.0018295454545454,0.1688901515151515
2015-01-14 14:00:00,0.9368528301886792,0.0057943396226415,0.0,0.0,0.0,0.0,0.0512698113207547,0.0051415094339622,0.0113679245283018,0.0407584905660377
2015-01-14 15:00:00,0.3455451127819549,0.0048421052631578,0.0209154135338345,0.0,0.0,0.0,0.0575921052631578,0.005140977443609,0.0018007518796992,0.0
2015-01-14 16:00:00,0.9589621928166352,0.011922495274102,0.0227258979206049,0.0,0.0,0.0,0.0341795841209829,0.0176162570888468,0.0018241965973534,0.0
2015-01-14 17:00:00,0.5665988593155894,0.0203859315589353,0.0,0.0,0.0,0.0,0.0350931558935361,0.0512889733840304,0.0574809885931558,0.0921501901140684
2015-01-14 18:00:00,0.5522313575525812,0.013302103250478,0.0225697896749521,0.0,0.0,0.0,0.0244665391969407,0.1523537284894837,0.0017476099426386,0.0
2015-01-14 19:00:00,0.4887257142857142,0.0116704761904761,0.0224761904761904,0.0,0.0,0.0,0.0399390476190476,0.1047390476190476,0.0017123809523809,0.0
2015-01-14 20:00:00,0.6121285444234404,0.0059432892249527,0.0181833648393194,0.0,0.0,0.0,0.0236086956521739,0.1382476370510397,0.0305179584120982,0.1019886578449905
2015-01-14 21:00:00,0.4264651600753295,0.0035838041431261,0.0045951035781544,0.0,0.0005367231638418,0.0,0.0237212806026365,0.1407062146892655,0.0018079096045197,0.0
2015-01-14 22:00:00,0.7094245283018867,0.0086566037735849,0.0229226415094339,0.0,0.0018924528301886,0.0,0.0236622641509433,0.0062849056603773,0.0019320754716981,0.0
2015-01-14 23:00:00,0.441640977443609,0.0085657894736842,0.0216278195488721,0.0,0.0018477443609022,0.0,0.02396992481203,0.0051578947368421,0.0019304511278195,0.0
2015-01-15 00:00:00,0.4362220113851993,0.0102390891840607,0.0207571157495256,0.0,0.0017988614800759,0.0,0.0241783681214421,0.0051555977229601,0.001965844402277,0.0
2015-01-15 01:00:00,0.4246521739130435,0.0050207939508506,0.0223818525519848,0.0,0.0018544423440453,0.0,0.0240623818525519,0.005164461247637,0.0019527410207939,0.0
2015-01-15 02:00:00,1.6499924242424242,0.0031931818181818,0.0072367424242424,0.0,0.3151799242424242,0.0,0.0238314393939393,0.0076022727272727,0.0019526515151515,0.0
2015-01-15 03:00:00,1.7198922495274105,0.0085652173913043,0.0151342155009451,0.0,0.4715519848771266,0.0,0.0526805293005671,0.0250529300567107,0.0019262759924385,0.0
2015-01-15 04:00:00,0.72284934086629,0.0080640301318267,0.026758945386064,0.0,0.0012693032015065,0.0,0.0238983050847457,0.0060885122410546,0.0019284369114877,0.0
2015-01-15 05:00:00,3.140278195488722,0.0055582706766917,0.0257218045112781,0.0,0.0012687969924812,0.0,0.0236146616541353,0.0050733082706766,0.0019304511278195,0.0
2015-01-15 06:00:00,1.8509206049149336,0.0024310018903591,0.0210245746691871,0.0,0.0421682419659735,0.0,0.0233270321361058,0.0051190926275992,0.001930056710775,0.0
2015-01-15 07:00:00,3.0231423149905123,0.0113415559772296,0.0259468690702087,0.0,1.2124952561669828,0.0,0.0232333965844402,0.0051138519924098,0.1014838709677419,0.1125559772296015
2015-01-15 08:00:00,0.4464444444444445,0.0100621468926553,0.0214482109227871,0.0,0.0318267419962335,0.0,0.023412429378531,0.0051205273069679,0.0018305084745762,0.1155969868173258
2015-01-15 09:00:00,0.2184706994328922,0.008586011342155,0.0238468809073724,0.0,0.0,0.0,0.0256899810964083,0.0051701323251417,0.0019035916824196,0.0
2015-01-15 10:00:00,0.2926169811320754,0.0089679245283018,0.0221603773584905,0.0,0.0,0.0,0.0238905660377358,0.0051641509433962,0.001943396226415,0.0574320754716981
2015-01-15 11:00:00,0.1953780718336484,0.0018922495274102,0.0136540642722117,0.0,0.0,0.0,0.0194196597353497,0.0052060491493383,0.0019357277882797,0.0
2015-01-15 12:00:00,0.1968571428571428,0.0081823308270676,0.0082725563909774,0.0,0.0,0.0,0.0192913533834586,0.0051860902255639,0.0019398496240601,0.0
2015-01-15 13:00:00,0.2123081285444234,0.0085652173913043,0.0231039697542533,0.0,0.0,0.0,0.0193383742911153,0.0052079395085066,0.0019621928166351,0.0
2015-01-15 14:00:00,0.3432306238185255,0.0082722117202268,0.0221304347826086,0.0,0.0,0.0,0.0193137996219281,0.0051682419659735,0.0019584120982986,0.1046181474480151
2015-01-15 15:00:00,0.6516325757575757,0.009090909090909,0.0223087121212121,0.0,0.0,0.0,0.0192007575757575,0.0051515151515151,0.0018996212121212,0.0
2015-01-15 16:00:00,0.9735179584120984,0.0098657844990548,0.0121001890359168,0.0,0.0,0.0,0.0190756143667296,0.0174744801512287,0.0733383742911153,0.0
2015-01-15 17:00:00,0.5330075614366729,0.0082287334593572,0.0094706994328922,0.0,0.0,0.0,0.0190415879017013,0.0665406427221172,0.0599187145557656,0.0811663516068053
2015-01-15 18:00:00,0.4687414448669201,0.00943536121673,0.0221121673003802,0.0,0.0,0.0,0.018903041825095,0.1090684410646388,0.0017053231939163,0.0
2015-01-15 19:00:00,0.5285988593155894,0.0107604562737642,0.0280456273764258,0.0,0.0,0.0,0.0222471482889733,0.1585076045627376,0.0016520912547528,0.0
2015-01-15 20:00:00,0.4960246212121212,0.009623106060606,0.0140094696969696,0.0,0.0,0.0,0.0191174242424242,0.1581117424242424,0.0016647727272727,0.0
2015-01-15 21:00:00,0.5808403041825095,0.0063916349809885,0.0083821292775665,0.0,0.0,0.0,0.0191311787072243,0.1544638783269962,0.0017794676806083,0.0
2015-01-15 22:00:00,0.6437191650853891,0.0023719165085388,0.022123339658444,0.0,0.0,0.0,0.0191726755218216,0.0051840607210626,0.036,0.0
2015-01-15 23:00:00,0.4294442344045369,0.0082797731568998,0.0222911153119092,0.0,0.0,0.0,0.0193345935727788,0.0051550094517958,0.0019413988657844,0.0
2015-01-16 00:00:00,0.4243529411764706,0.008258064516129,0.0157419354838709,0.0,0.0,0.0,0.0193491461100569,0.0051669829222011,0.0020151802656546,0.0
2015-01-16 01:00:00,1.2540507518796993,0.008140977443609,0.0060526315789473,0.0,0.0,0.0,0.0192744360902255,0.0051823308270676,0.0019454887218045,0.0
2015-01-16 02:00:00,0.8953358490566038,0.0,0.0222301886792452,0.0,0.0,0.0,0.019277358490566,0.0051603773584905,0.0018924528301886,0.0
2015-01-16 03:00:00,0.6297353497164461,0.0081606805293005,0.0217788279773156,0.0,0.0,0.0,0.0192003780718336,0.0075047258979206,0.0018733459357277,0.0
2015-01-16 04:00:00,0.798405303030303,0.0079753787878787,0.0170132575757575,0.0,0.0,0.0,0.0192310606060606,0.0079545454545454,0.0018901515151515,0.0
2015-01-16 05:00:00,2.986606403013183,0.0032504708097928,0.0055725047080979,0.0,0.0,0.0,0.0191374764595103,0.0060301318267419,0.0018305084745762,0.0
2015-01-16 06:00:00,2.087324478178368,0.0048671726755218,0.0222561669829222,0.0,0.0,0.0,0.0255559772296015,0.0057305502846299,0.0017419354838709,0.100504743833017
2015-01-16 07:00:00,2.6214417293233083,0.0091315789473684,0.0226052631578947,0.0,0.868593984962406,0.0363966165413533,0.0189567669172932,0.0050921052631578,0.0765620300751879,0.0199548872180451
2015-01-16 08:00:00,0.5678582230623819,0.0099357277882797,0.0063119092627599,0.0,0.0433799621928166,0.0,0.0191436672967863,0.0689243856332703,0.0017693761814744,0.0
2015-01-16 09:00:00,0.3539679849340866,0.0090602636534839,0.0157514124293785,0.0,0.0,0.0,0.0191468926553672,0.0114011299435028,0.0018210922787193,0.138984934086629
2015-01-16 10:00:00,0.241246679316888,0.008111954459203,0.028650853889943,0.0,3.795066413662239e-06,0.0,0.0193225806451612,0.0091252371916508,0.001831119544592,0.0
2015-01-16 11:00:00,0.4171682419659736,0.0062457466918714,0.02168809073724,0.0,0.0,0.0,0.0192930056710775,0.00517202268431,0.0018431001890359,0.0608241965973535
2015-01-16 12:00:00,0.4732693032015066,0.0067062146892655,0.0,0.0,0.0,0.0607551789077212,0.0192843691148775,0.0051374764595103,0.1019717514124293,0.0924802259887005
2015-01-16 13:00:00,0.2144143126177024,0.0079868173258003,0.0254858757062146,0.0041374764595103,0.0,0.0,0.0193314500941619,0.0051751412429378,0.0019359698681732,0.0
2015-01-16 14:00:00,0.3668116760828625,0.0086610169491525,0.0229453860640301,0.0,0.0,0.0,0.0193465160075329,0.0051732580037664,0.001939736346516,0.1195235404896421
2015-01-16 15:00:00,0.2813181818181818,0.0087462121212121,0.022340909090909,0.0,0.0,0.0,0.0193560606060606,0.0051571969696969,0.0019412878787878,0.0
2015-01-16 16:00:00,1.0253170731707315,0.0149849906191369,0.0231332082551594,0.0,0.0,0.0,0.0192851782363977,0.0174859287054409,0.2802795497185741,0.0717073170731707
2015-01-16 17:00:00,0.4973946869070209,0.0091821631878557,0.0225464895635673,0.0,0.0,0.0,0.0193168880455407,0.0791745730550284,0.0018045540796963,0.0817419354838709
2015-01-16 18:00:00,0.5262737642585552,0.0016197718631178,0.0225551330798479,0.0,0.0,0.0,0.0192262357414448,0.1506520912547528,0.0017509505703422,0.0
2015-01-16 19:00:00,0.5219312977099236,0.0075400763358778,0.0243072519083969,0.0,0.0,0.0,0.0192175572519083,0.1581870229007633,0.0017958015267175,0.0
2015-01-16 20:00:00,1.0824332061068704,0.008736641221374,0.0220725190839694,0.0,0.0,0.0,0.0192461832061068,0.1482480916030534,0.0017309160305343,0.0
2015-01-16 21:00:00,0.7267977315689981,0.008937618147448,0.0107202268431001,0.0,0.0,0.0,0.0192854442344045,0.1570642722117202,0.0017844990548204,0.0
2015-01-16 22:00:00,0.5763705103969754,0.0084461247637051,0.0116275992438563,0.0,0.0,0.0,0.0193686200378071,0.0502646502835538,0.0018809073724007,0.0
2015-01-16 23:00:00,0.4312056603773584,0.0035207547169811,0.0264169811320754,0.0,0.0,0.0,0.0193584905660377,0.0051358490566037,0.0018245283018867,0.0
2015-01-17 00:00:00,0.4467024482109228,0.0049453860640301,0.0227024482109227,0.0,0.0,0.0,0.0193691148775894,0.0051054613935969,0.0018531073446327,0.0
2015-01-17 01:00:00,0.6965754716981132,0.0082415094339622,0.0226735849056603,0.0,0.0,0.0,0.0193981132075471,0.0051377358490566,0.0018377358490566,0.0
2015-01-17 02:00:00,1.0586950757575757,0.0082026515151515,0.0060359848484848,0.0,0.0,0.0,0.019217803030303,0.0051439393939393,0.0018087121212121,0.0
2015-01-17 03:00:00,1.1034887218045113,0.0,0.016922932330827,0.0,0.0,0.0,0.0193120300751879,0.0072725563909774,0.0018327067669172,0.0
2015-01-17 04:00:00,0.7637669172932331,0.0080225563909774,0.02371992481203,0.0,0.0,0.0,0.0193364661654135,0.0086184210526315,0.0018721804511278,0.0
2015-01-17 05:00:00,3.047703213610586,0.0080094517958412,0.0230340264650283,0.0,0.0,0.0,0.019351606805293,0.006047258979206,0.0018525519848771,0.0
2015-01-17 06:00:00,1.3059168241965975,0.0016011342155009,0.0,0.0,0.0,0.0,0.019219281663516,0.0057088846880907,0.0018109640831758,0.0
2015-01-17 07:00:00,1.5631909262759924,0.0067807183364839,0.0262287334593572,0.0,0.0,0.0340661625708884,0.019211720226843,0.0051209829867674,0.0016975425330812,0.0759413988657844
2015-01-17 08:00:00,0.3896283018867924,0.0114641509433962,0.0227905660377358,0.0,0.0,0.0,0.019366037735849,0.0050830188679245,0.0017188679245283,0.0
2015-01-17 09:00:00,0.3591797752808988,0.0080992509363295,0.0,0.0,0.0,0.0,0.0193445692883895,0.0051385767790262,0.0017790262172284,0.0
2015-01-17 10:00:00,0.3365668549905838,0.0,0.0228681732580037,0.0,0.0,0.0,0.0194180790960451,0.0050998116760828,0.0019190207156308,0.0
2015-01-17 11:00:00,0.4759377358490566,0.0108132075471698,0.0227169811320754,0.0,0.0,0.0,0.0193018867924528,0.0051867924528301,0.0017867924528301,0.1088113207547169
2015-01-17 12:00:00,0.4856165413533834,0.0204736842105263,0.0182462406015037,0.0003627819548872,0.0,0.0,0.0194868421052631,0.0123458646616541,0.0832236842105263,0.0
2015-01-17 13:00:00,0.493930056710775,0.0133100189035916,0.035586011342155,0.0009810964083175,0.0,0.0,0.0194215500945179,0.0180926275992438,0.0106294896030245,0.0723705103969754
2015-01-17 14:00:00,0.4139792452830189,0.0068339622641509,0.0123132075471698,0.0009905660377358,0.0,0.0,0.0194566037735849,0.005143396226415,0.0018245283018867,0.0
2015-01-17 15:00:00,0.2392838345864661,0.0039906015037593,0.02171992481203,0.0009755639097744,0.0,0.0,0.0194661654135338,0.005172932330827,0.0019078947368421,0.0156616541353383
2015-01-17 16:00:00,0.2453821292775665,0.0096711026615969,0.0154619771863117,0.0009201520912547,0.0,0.0,0.0192357414448669,0.0051292775665399,0.001796577946768,0.0
2015-01-17 17:00:00,1.4310896946564886,0.0102290076335877,0.0220839694656488,0.0008015267175572,0.0,0.0,0.0192862595419847,0.0630667938931297,0.2264026717557251,0.0
2015-01-17 18:00:00,0.7497961904761905,0.009647619047619,0.0208457142857142,0.0008704761904761,0.0,0.0,0.0193619047619047,0.0764438095238095,0.0017923809523809,0.122927619047619
2015-01-17 19:00:00,0.7709961832061069,0.0063187022900763,0.021267175572519,0.0009389312977099,0.0,0.0,0.0193645038167938,0.1560896946564885,0.0537290076335877,0.0105572519083969
2015-01-17 20:00:00,0.7266711281070746,0.0059732313575525,0.0195697896749522,0.0009789674952198,0.0,0.0,0.0193728489483747,0.1576137667304015,0.0018355640535372,0.0
2015-01-17 21:00:00,1.4492209523809525,0.0092038095238095,0.0188190476190476,0.0009733333333333,0.0,0.0,0.0194171428571428,0.1371390476190476,0.0018895238095238,0.0
2015-01-17 22:00:00,0.8660172413793104,0.0086417624521072,0.016015325670498,0.000971264367816,0.0,0.0,0.0194022988505747,0.1288103448275862,0.0019099616858237,0.0
2015-01-17 23:00:00,0.4764914933837429,0.0081606805293005,0.0158960302457466,0.0009810964083175,0.0,0.0,0.0194423440453686,0.0352476370510397,0.0018525519848771,0.0
2015-01-18 00:00:00,0.3382395437262357,0.0014524714828897,0.0207604562737642,0.0009828897338403,0.0,0.0,0.0193821292775665,0.0051330798479087,0.00187072243346,0.0
2015-03-02 00:00:00,0.4325074906367041,0.0082827715355805,0.0160898876404494,0.0,0.0,0.0,0.0149325842696629,0.025125468164794,0.0018913857677902,0.0
2015-03-02 01:00:00,0.4306041275797373,0.0080956848030018,0.0215891181988742,0.0,0.0,0.0,0.0148536585365853,0.0251294559099437,0.0019287054409005,0.0
2015-03-02 02:00:00,1.2465,0.0,0.0219492481203007,0.0,0.0,0.0,0.0148853383458646,0.0251503759398496,0.0019342105263157,0.0
2015-03-02 03:00:00,0.9487598499061912,0.0082626641651031,0.0201463414634146,0.0,0.0,0.0,0.0149136960600375,0.0251538461538461,0.001953095684803,0.0
2015-03-02 04:00:00,0.8326598130841121,0.0078448598130841,0.002,0.0,0.0,0.0,0.0149252336448598,0.0172971962616822,0.0019327102803738,0.0
2015-03-02 05:00:00,3.031441340782123,0.0078938547486033,0.0225158286778398,0.0,0.0,0.0,0.0148715083798882,0.0051582867783985,0.001901303538175,0.0
2015-03-02 06:00:00,1.2354240150093807,0.0,0.0223527204502814,0.0,0.0,0.0,0.0148968105065666,0.0051463414634146,0.0018911819887429,0.0
2015-03-02 07:00:00,1.6552843691148775,0.00869868173258,0.0111016949152542,0.0,0.0,0.0,0.01484934086629,0.0051393596986817,0.0841111111111111,0.1305856873822975
2015-03-02 08:00:00,0.3993778195488722,0.0082293233082706,0.0108496240601503,0.0,0.0,0.0,0.0149041353383458,0.0051447368421052,0.0017744360902255,0.0
2015-03-02 09:00:00,0.6197169459962756,0.01012104283054,0.0221899441340782,0.0,0.0,0.0,0.016070763500931,0.0051862197392923,0.0017839851024208,0.040364990689013
2015-03-02 10:00:00,0.5152443609022556,0.0085676691729323,0.0232424812030075,0.0,0.0,0.0328627819548872,0.0160413533834586,0.0051954887218045,0.0018402255639097,0.0866184210526315
2015-03-02 11:00:00,0.232580223880597,0.0,0.000990671641791,0.0,0.0,0.0,0.0362910447761194,0.0051287313432835,0.001776119402985,0.0
2015-03-02 12:00:00,0.586111320754717,0.0088811320754716,0.0206226415094339,0.0,0.0,0.0,0.0193150943396226,0.0051301886792452,0.0813396226415094,0.153666037735849
2015-03-02 13:00:00,0.2344239543726235,0.0091045627376425,0.0227357414448669,0.0,0.0,0.0,0.0154885931558935,0.0051330798479087,0.001722433460076,0.0
2015-03-02 14:00:00,0.2974448669201521,0.0100893536121673,0.0212167300380228,0.0,0.0,0.0,0.0154828897338403,0.0052300380228136,0.0018155893536121,0.0
2015-03-02 15:00:00,0.3570037664783427,0.0093728813559322,0.0076911487758945,0.0,0.0,0.0,0.0154971751412429,0.0051468926553672,0.0018097928436911,0.143623352165725
2015-03-02 16:00:00,1.453750469043152,0.0114690431519699,0.0134634146341463,0.0,0.0,0.0,0.0154859287054409,0.00512382739212,0.0926285178236397,0.0
2015-03-02 17:00:00,0.3793089887640449,0.0150374531835205,0.0212284644194756,0.0,0.0,0.0,0.0154475655430711,0.0370074906367041,0.0018408239700374,0.0508183520599251
2015-03-02 18:00:00,0.4295666041275797,0.0020075046904315,0.0212420262664165,0.0,0.0,0.0,0.0154240150093808,0.1397317073170731,0.0017767354596622,0.0
2015-03-02 19:00:00,0.7153490566037736,0.0137490566037735,0.0215905660377358,0.0,0.0,0.0,0.015488679245283,0.1518867924528301,0.0017698113207547,0.0
2015-03-02 20:00:00,0.7384596622889306,0.01159287054409,0.0035272045028142,0.0,0.0,0.0,0.0154446529080675,0.1574634146341463,0.0017879924953095,0.0
2015-03-02 21:00:00,0.9952808988764046,0.0092565543071161,0.0180074906367041,0.0,0.0,0.0,0.0154831460674157,0.1577191011235955,0.0018277153558052,0.0
2015-03-02 22:00:00,0.5574264432029795,0.0060800744878957,0.0213817504655493,0.0,0.0015418994413407,0.0,0.015510242085661,0.0109106145251396,0.0018696461824953,0.0001191806331471
2015-03-02 23:00:00,0.4782655367231638,0.0022278719397363,0.021969868173258,0.0,0.0018135593220338,0.0,0.0154990583804143,0.0051393596986817,0.0018210922787193,0.0
2015-03-03 00:00:00,0.4680470809792844,0.0080960451977401,0.0,0.0,0.0018079096045197,0.0,0.0154256120527306,0.0051148775894538,0.0018813559322033,0.0
2015-03-03 01:00:00,0.4724514925373134,0.0077369402985074,0.0238712686567164,0.0,0.0030429104477611,0.0,0.0154123134328358,0.0052070895522388,0.0018880597014925,0.0
2015-03-03 02:00:00,2.028785992217899,0.0084552529182879,0.0207237354085603,0.0,1.2652003891050585,0.0,0.0154669260700389,0.0051614785992217,0.0019027237354085,0.0
2015-03-03 03:00:00,1.1680504672897196,0.0001457943925233,0.016603738317757,0.0,0.0355813084112149,0.0,0.0154841121495327,0.006429906542056,0.0018728971962616,0.0
2015-03-03 04:00:00,1.2146902985074628,0.0083115671641791,0.0084496268656716,0.0,0.0012593283582089,0.0,0.0154272388059701,0.0090820895522388,0.001875,0.0
2015-03-03 05:00:00,3.049156603773585,0.0081603773584905,0.0224471698113207,0.0,0.0012320754716981,0.0,0.0154075471698113,0.006066037735849,0.0017716981132075,0.0
2015-03-03 06:00:00,1.0143532710280374,0.0,0.0232542056074766,0.0,0.0012355140186915,0.0,0.0154878504672897,0.0060429906542056,0.0017906542056074,0.0
2015-03-03 07:00:00,1.3375617977528091,0.0082434456928838,0.0003520599250936,0.0,0.0012228464419475,0.0355805243445692,0.0154269662921348,0.0060337078651685,0.0944606741573033,0.1052284644194756
2015-03-03 08:00:00,0.3744831460674157,0.0074887640449438,0.0226816479400749,0.0,0.000125468164794,0.0,0.0154494382022471,0.0060355805243445,0.0017883895131086,0.1220486891385767
2015-03-03 09:00:00,0.2162578849721707,0.0086233766233766,0.0221502782931354,0.0,0.0,0.0,0.0154378478664192,0.0060630797773654,0.0018237476808905,0.0
2015-03-03 10:00:00,0.3092356215213358,0.0090871985157699,0.0141113172541743,0.0,0.0,0.0,0.0154007421150278,0.0060538033395176,0.0017513914656771,0.0901688311688311
2015-03-03 11:00:00,0.2227958801498127,0.0050973782771535,0.0073202247191011,0.0,0.0,0.0,0.0154662921348314,0.0060355805243445,0.0019681647940074,0.0252415730337078
2015-03-03 12:00:00,0.5722234848484848,0.0041325757575757,0.0237121212121212,0.0,0.0,0.0651382575757575,0.015528409090909,0.0060359848484848,0.113560606060606,0.1586685606060606
2015-03-03 13:00:00,0.2137001934235977,0.0098046421663442,0.0235087040618955,0.0,0.0,0.0,0.0156015473887814,0.0060464216634429,0.0018027079303675,0.0
2015-03-03 14:00:00,0.269178640776699,0.0088194174757281,0.0206854368932038,0.0,0.0,0.0,0.0394019417475728,0.006052427184466,0.001778640776699,0.0
2015-03-03 15:00:00,0.4519735349716446,0.0126937618147448,0.0339319470699432,0.0,0.0,0.0,0.0865652173913043,0.0060226843100189,0.0017712665406427,0.1062551984877126
2015-03-03 16:00:00,1.7159791666666668,0.0156579861111111,0.0179774305555555,0.0,0.0,0.0,0.0354722222222222,0.006015625,0.0576284722222222,0.0
2015-03-03 17:00:00,0.5751477272727272,0.0093257575757575,0.0124886363636363,0.0,0.0,0.0,0.0154109848484848,0.0411022727272727,0.0016818181818181,0.1143390151515151
2015-03-03 18:00:00,0.6873308270676691,0.001625939849624,0.0081823308270676,0.0,0.0,0.0,0.0154981203007518,0.1376748120300752,0.0016672932330827,0.0
2015-03-03 19:00:00,0.660822641509434,0.0114867924528301,0.0208188679245283,0.0,0.0,0.0,0.0155377358490566,0.0575113207547169,0.0017075471698113,0.0
2015-03-03 20:00:00,0.7606629001883238,0.0102372881355932,0.0206421845574387,0.0,0.0,0.0,0.0154500941619585,0.1591694915254237,0.0017043314500941,0.0
2015-03-03 21:00:00,0.745370786516854,0.0115168539325842,0.0216142322097378,0.0,0.0,0.0,0.0154925093632958,0.1573033707865168,0.0017602996254681,0.0
2015-03-03 22:00:00,0.7568345864661654,0.009437969924812,0.0214793233082706,0.0,0.0,0.0,0.0155338345864661,0.0132932330827067,0.0018214285714285,0.0
2015-03-03 23:00:00,0.4351301886792453,0.0012207547169811,0.0077037735849056,0.0,0.0,0.0,0.0154226415094339,0.0050905660377358,0.0017905660377358,0.0
2015-03-04 00:00:00,0.4296268656716417,0.0074682835820895,0.0137388059701492,0.0,0.0,0.0,0.0154384328358208,0.0051324626865671,0.0018600746268656,0.0
2015-03-04 01:00:00,0.4463738317757009,0.0084018691588785,0.0219009345794392,0.0,0.0,0.0,0.0154392523364485,0.0051644859813084,0.0017869158878504,0.0
2015-03-04 02:00:00,1.3277016885553472,0.008264540337711,0.0223302063789868,0.0,0.0,0.0,0.0154446529080675,0.0051425891181988,0.0018180112570356,0.0
2015-03-04 03:00:00,0.7784411214953272,0.0046317757009345,0.0008317757009345,0.0,0.0,0.0,0.0155252336448598,0.0210242990654205,0.001829906542056,0.0
2015-03-04 04:00:00,1.1189435028248589,0.0038097928436911,0.0213446327683615,0.0,0.0,0.0,0.0153917137476459,0.0083427495291902,0.0018097928436911,0.0
2015-03-04 05:00:00,2.908253283302064,0.0083452157598499,0.0217354596622889,0.0,0.0,0.0,0.0154409005628517,0.0051313320825515,0.0017579737335834,0.0
2015-03-04 06:00:00,3.5264033771106944,0.0103227016885553,0.01359287054409,0.0,0.9015872420262664,0.0348761726078799,0.0153489681050656,0.0051013133208255,0.1003846153846153,0.1275590994371482
2015-03-04 07:00:00,1.0318555347091931,0.0014240150093808,0.0085403377110694,0.0,0.7149512195121952,0.0,0.0154540337711069,0.0051369606003752,0.0018011257035647,0.0
2015-03-04 08:00:00,0.3324438202247191,0.0077883895131086,0.0246685393258426,0.0,0.0227059925093632,0.0,0.015880149812734,0.0539662921348314,0.0017996254681647,0.0510112359550561
2015-03-04 09:00:00,0.213170731707317,0.0084277673545966,0.0162795497185741,0.0,0.0,0.0,0.0158836772983114,0.0051538461538461,0.0018405253283302,0.0
2015-03-04 10:00:00,0.3598724202626641,0.010484052532833,0.0053264540337711,0.0,0.0,0.0,0.0158517823639774,0.0051594746716697,0.0018724202626641,0.1318855534709193
2015-03-04 11:00:00,0.2818404452690167,0.0027198515769944,0.0671595547309833,0.0,0.0,0.0,0.0158534322820037,0.0052022263450834,0.0018293135435992,0.0
2015-03-04 12:00:00,0.7860462107208873,0.0084842883548983,0.0372550831792976,0.0,0.0,0.0503567467652495,0.0158890942698706,0.0051626617375231,0.0760924214417744,0.1323234750462107
2015-03-04 13:00:00,0.3118812615955473,0.0137773654916512,0.0469795918367346,0.0,0.0,0.0,0.0158441558441558,0.0051836734693877,0.0839332096474953,0.0
2015-03-04 14:00:00,0.3232255639097744,0.0155751879699248,0.0419285714285714,0.0,0.0,0.0,0.0158421052631578,0.0051278195488721,0.0017312030075187,0.0
2015-03-04 15:00:00,0.5791136363636363,0.0103636363636363,0.0435568181818181,0.0,0.0,0.0,0.0157859848484848,0.005153409090909,0.0017746212121212,0.110215909090909
2015-03-04 16:00:00,1.412202626641651,0.0135046904315197,0.0310900562851782,0.0,0.0,0.0,0.0158386491557223,0.0051594746716697,0.0018048780487804,0.0
2015-03-04 17:00:00,0.3674971751412429,0.0113653483992467,0.030819209039548,0.0,0.0,0.0,0.015789077212806,0.0215856873822975,0.0016647834274952,0.063487758945386
2015-03-04 18:00:00,0.4927777777777777,0.0090583804143126,0.0234161958568738,0.0,0.0,0.0,0.0157514124293785,0.1387306967984934,0.0015668549905838,0.0
2015-03-04 19:00:00,0.463201138519924,0.0157874762808349,0.0313396584440227,0.0,0.0,0.0,0.1040455407969639,0.0124402277039848,0.0017001897533206,0.0
2015-03-04 20:00:00,0.6921355932203389,0.0011751412429378,0.0315348399246704,0.0,0.0,0.0,0.0241544256120527,0.1410677966101695,0.0017382297551789,0.0
2015-03-04 21:00:00,0.6712650375939849,0.0093383458646616,0.0298890977443609,0.0003007518796992,0.0,0.0,0.0156766917293233,0.1368966165413533,0.0017913533834586,0.0
2015-03-04 22:00:00,0.8141441947565543,0.0116479400749063,0.0308951310861423,0.0,0.0,0.0,0.0152172284644194,0.0182415730337078,0.0017921348314606,0.0
2015-03-04 23:00:00,0.5339344569288389,0.0089269662921348,0.0241629213483146,0.0,0.0,0.0,0.0150224719101123,0.0051629213483146,0.0018314606741573,0.0
2015-03-05 00:00:00,0.505030018761726,0.0053339587242026,0.0205722326454033,0.0,0.0,0.0,0.0149587242026266,0.0051388367729831,0.001859287054409,0.0
2015-03-05 01:00:00,0.4469116541353383,0.003234962406015,0.0137105263157894,0.0,0.0,0.0,0.0149924812030075,0.0051503759398496,0.0019135338345864,0.0
2015-03-05 02:00:00,1.1984015009380862,0.0088142589118198,0.0174596622889305,0.0,0.0,0.0,0.0149136960600375,0.0051538461538461,0.0018161350844277,0.0
2015-03-05 03:00:00,0.6084007490636705,0.0088651685393258,0.0231086142322097,0.0,0.0,0.0,0.0147921348314606,0.008191011235955,0.0017883895131086,0.0
2015-03-05 04:00:00,1.35200936329588,0.0007659176029962,0.0235337078651685,0.0002434456928838,0.0,0.0,0.0146947565543071,0.0092228464419475,0.00175468164794,0.0
2015-03-05 05:00:00,2.97913172541744,0.007938775510204,0.023582560296846,0.0,0.0,0.0,0.0147068645640074,0.0051465677179962,0.001734693877551,0.0
2015-03-05 06:00:00,3.7485224719101127,0.0088089887640449,0.0235561797752809,0.0,0.8725898876404494,0.0350580524344569,0.0146367041198501,0.005131086142322,0.1054325842696629,0.1196367041198502
2015-03-05 07:00:00,0.6364830188679246,0.0142075471698113,0.016743396226415,0.0,0.0884169811320754,0.0,0.0146339622641509,0.0051169811320754,0.0016207547169811,0.0
2015-03-05 08:00:00,0.4060449438202247,0.0,0.0074119850187265,0.0,0.0,0.0,0.0146573033707865,0.0051591760299625,0.0017471910112359,0.0937659176029962
2015-03-05 09:00:00,0.4063558052434456,0.0083951310861423,0.0221591760299625,0.0,0.0,0.0,0.0146797752808988,0.0051797752808988,0.0017378277153558,0.0
2015-03-05 10:00:00,0.5819975550122249,0.0107897310513447,0.0292958435207823,0.0,0.0,0.0,0.0639828850855745,0.0051711491442542,0.0018166259168704,0.1456210268948655
2015-03-05 11:00:00,0.3924563591022444,0.0073915211970074,0.0325810473815461,0.0007406483790523,0.0,0.0,0.0520199501246882,0.0052693266832917,0.0699027431421446,0.0607256857855361
2015-03-05 12:00:00,0.630176245210728,0.0035459770114942,0.0260881226053639,0.0009329501915708,0.0,0.0,0.0162011494252873,0.0051724137931034,0.0166283524904214,0.0052567049808429
2015-03-05 13:00:00,0.2828216318785578,0.0101593927893738,0.0171688804554079,0.000931688804554,0.0,0.0,0.0298330170777988,0.0051574952561669,0.0019032258064516,0.0
2015-03-05 14:00:00,0.3607832699619772,0.0088060836501901,0.012944866920152,0.0009068441064638,0.0,0.0,0.0135855513307984,0.0051768060836501,0.0018878326996197,0.091509505703422
2015-03-05 15:00:00,0.2356460674157303,0.0009101123595505,0.0151629213483146,0.0008651685393258,0.0,0.0,0.0136179775280898,0.0051835205992509,0.001876404494382,0.0
2015-03-05 16:00:00,0.7148843283582089,0.0075690298507462,0.0228041044776119,0.0008152985074626,0.0,0.0,0.0135522388059701,0.0051175373134328,0.0018526119402985,0.0
2015-03-05 17:00:00,1.1581973684210527,0.0130751879699248,0.0326823308270676,0.0007744360902255,0.0,0.0,0.0135432330827067,0.0057180451127819,0.0018101503759398,0.0841203007518796
2015-03-05 18:00:00,0.7515867924528302,0.0088452830188679,0.0300207547169811,0.0006490566037735,0.0,0.0,0.0135396226415094,0.1436679245283018,0.0017471698113207,0.0101132075471698
2015-03-05 19:00:00,0.4718509433962264,0.0076396226415094,0.023066037735849,0.000777358490566,0.0,0.0,0.0217075471698113,0.0187207547169811,0.0018188679245283,0.0
2015-03-05 20:00:00,1.1905263157894737,0.0012406015037593,0.0202048872180451,0.0008402255639097,0.0,0.0,0.0179285714285714,0.1558270676691729,0.0018740601503759,0.0
2015-03-05 21:00:00,1.0578227611940298,0.009570895522388,0.0113283582089552,0.0009179104477611,0.0,0.0,0.1039235074626865,0.1369720149253731,0.0019067164179104,0.0
2015-03-05 22:00:00,0.5315394736842105,0.0086917293233082,0.0166390977443609,0.0009680451127819,0.0013665413533834,0.0,0.0297481203007518,0.0052932330827067,0.0019436090225563,0.0
2015-03-05 23:00:00,0.4366573033707865,0.0090861423220973,0.0241479400749063,0.0009850187265917,0.0017397003745318,0.0,0.0151067415730337,0.0051835205992509,0.0019269662921348,0.0
2015-03-06 00:00:00,0.4252485981308411,0.0,0.0220990654205607,0.0009794392523364,0.0018616822429906,0.0,0.0151327102803738,0.0051738317757009,0.0019420560747663,0.0
2015-03-06 01:00:00,0.415593984962406,0.0106165413533834,0.0217800751879699,0.0009812030075187,0.0018721804511278,0.0,0.0150714285714285,0.0051672932330827,0.0019548872180451,0.0
2015-03-06 02:00:00,2.7618888888888886,0.0090056497175141,0.0243804143126177,0.7120734463276837,0.6923634651600753,0.0,0.0150979284369114,0.0052485875706214,0.0019491525423728,0.0
2015-03-06 03:00:00,1.0194492481203008,0.008266917293233,0.0166654135338345,0.0039191729323308,0.0005394736842105,0.0,0.0151785714285714,0.0083383458646616,0.0019511278195488,0.0
2015-03-06 04:00:00,0.9190262664165104,0.000296435272045,0.0156791744840525,0.0009587242026266,0.0,0.0,0.0149756097560975,0.0083714821763602,0.0019756097560975,0.0
2015-03-06 05:00:00,2.9276431297709924,0.0088778625954198,0.0153072519083969,0.0009083969465648,0.0,0.0,0.0150248091603053,0.0051736641221374,0.001942748091603,0.0
2015-03-06 06:00:00,2.58556120527307,0.0089114877589453,0.0212241054613935,0.0008060263653483,0.0,0.0,0.0148399246704331,0.0051487758945386,0.0989340866290018,0.2089416195856873
2015-03-06 07:00:00,0.2461590038314176,0.0107969348659003,0.0216647509578544,0.0007777777777777,0.0,0.0,0.0147701149425287,0.0051417624521072,0.001927203065134,0.0
2015-03-06 08:00:00,0.2051125954198473,0.0,0.0218931297709923,0.0006679389312977,0.0,0.0,0.0144656488549618,0.0051412213740458,0.0018568702290076,0.0
2015-03-06 09:00:00,0.2107632575757575,0.0120416666666666,0.0206912878787878,0.0006988636363636,0.0,0.0,0.0144583333333333,0.0051931818181818,0.0018825757575757,0.0
2015-03-06 10:00:00,0.2101739961759082,0.008453154875717,0.0227323135755258,0.0007017208413001,0.0,0.0,0.0144933078393881,0.0051453154875717,0.0018833652007648,0.0
2015-03-06 11:00:00,0.2042220113851992,0.0,0.0210094876660341,0.0007153700189753,0.0,0.0,0.0144288425047438,0.0051650853889943,0.0018785578747628,0.0
2015-03-06 12:00:00,0.2101988527724665,0.0088298279158699,0.0259139579349904,0.0008432122370936,0.0,0.0,0.0144933078393881,0.0051854684512428,0.0019177820267686,0.0
2015-03-06 13:00:00,0.2145435606060605,0.0084715909090909,0.0285776515151515,0.00075,0.0,0.0,0.0144261363636363,0.0051723484848484,0.001905303030303,0.0
2015-03-06 14:00:00,0.2199885931558935,0.0038916349809885,0.0275551330798479,0.0008269961977186,0.0,0.0,0.0145247148288973,0.0051730038022813,0.0019277566539923,0.0
2015-03-06 15:00:00,0.207615969581749,0.0047756653992395,0.0262110266159695,0.0008250950570342,0.0,0.0,0.014444866920152,0.0051730038022813,0.0018992395437262,0.0
2015-03-06 16:00:00,0.2378897338403041,0.008903041825095,0.0187851711026615,0.000731939163498,0.0,0.0,0.0145190114068441,0.0051920152091254,0.001903041825095,0.0
2015-03-06 17:00:00,0.2538857142857142,0.00872,0.0202285714285714,0.0006380952380952,0.0,0.0,0.0144190476190476,0.0051257142857142,0.0018285714285714,0.0
2015-03-06 18:00:00,0.2376379310344827,0.0,0.0183505747126436,0.000471264367816,0.0,0.0,0.0145,0.0051264367816091,0.0018390804597701,0.0
2015-03-06 19:00:00,0.2306800766283525,0.0087164750957854,0.0185613026819923,0.0006015325670498,0.0,0.0,0.0144597701149425,0.0051015325670498,0.0018180076628352,0.0
2015-03-06 20:00:00,0.230510556621881,0.0110499040307101,0.0252802303262955,0.0007197696737044,0.0,0.0,0.0144548944337811,0.005130518234165,0.0018905950095969,0.0
2015-03-06 21:00:00,0.2217009523809523,0.0091980952380952,0.0250971428571428,0.0008438095238095,0.0,0.0,0.0144685714285714,0.0051657142857142,0.0019066666666666,0.0
2015-03-06 22:00:00,0.2152538167938931,0.001662213740458,0.02525,0.000956106870229,0.0,0.0,0.0144770992366412,0.0051908396946564,0.0019618320610687,0.0
2015-03-06 23:00:00,0.2061328273244781,0.0090303605313092,0.0285426944971537,0.0009487666034155,0.0,0.0,0.0144762808349146,0.0052485768500948,0.001954459203036,0.0
2015-03-07 00:00:00,0.2074163498098859,0.0088403041825095,0.0205076045627376,0.0009866920152091,0.0,0.0,0.0145475285171102,0.0051825095057034,0.001967680608365,0.0
2015-03-07 01:00:00,0.1999566037735849,0.0,0.0177075471698113,0.0009603773584905,0.0,0.0,0.0144981132075471,0.0051830188679245,0.0019528301886792,1.509433962264151e-05
2015-03-07 02:00:00,0.2050019011406844,0.0085076045627376,0.0110760456273764,0.0008897338403041,0.0,0.0,0.0145684410646387,0.0052034220532319,0.0019619771863117,0.0
2015-03-07 03:00:00,0.2108352272727272,0.0102916666666666,0.0205113636363636,0.0008522727272727,0.0,0.0,0.0144867424242424,0.008280303030303,0.0019147727272727,0.0
2015-03-07 04:00:00,0.2066130268199233,0.0019942528735632,0.0215766283524904,0.0009042145593869,0.0,0.0,0.014471264367816,0.0091628352490421,0.0019444444444444,0.0
2015-03-07 05:00:00,0.2054011406844106,0.0066939163498098,0.0207053231939163,0.0008783269961977,0.0,0.0,0.0145,0.0051882129277566,0.0019182509505703,0.0
2015-03-07 06:00:00,0.2207695238095238,0.0088342857142857,0.02104,0.0008571428571428,0.0,0.0,0.0144571428571428,0.0051371428571428,0.0019333333333333,0.0
2015-03-07 07:00:00,0.2065935114503816,0.0023301526717557,0.0219064885496183,0.0007480916030534,0.0,0.0,0.0144332061068702,0.0051374045801526,0.0018740458015267,0.0
2015-03-07 08:00:00,0.2055923809523809,0.0079504761904761,0.010607619047619,0.0006571428571428,0.0,0.0,0.014367619047619,0.0051409523809523,0.0018647619047619,0.0
2015-03-07 09:00:00,0.2050587121212121,0.0088257575757575,0.0108655303030303,0.0008541666666666,0.0,0.0,0.0144526515151515,0.0051590909090909,0.0019280303030303,0.0
2015-03-07 10:00:00,0.2031311787072243,0.0,0.0212433460076045,0.0009258555133079,0.0,0.0,0.0144372623574144,0.005222433460076,0.0019201520912547,0.0
2015-03-07 11:00:00,0.2080444874274661,0.0078742746615087,0.0221914893617021,0.0009284332688588,0.0,0.0,0.0145918762088974,0.0052185686653771,0.0019226305609284,0.0
2015-03-07 12:00:00,0.219222433460076,0.0123878326996197,0.0214486692015209,0.00093536121673,0.0,0.0,0.0145779467680608,0.0149809885931558,0.0019239543726235,0.0
2015-03-07 13:00:00,0.2104440227703984,0.0010948766603415,0.0256888045540796,0.0008633776091081,0.0,0.0,0.01453889943074,0.0092504743833017,0.0019468690702087,0.0
2015-03-07 14:00:00,0.2065996168582375,0.0071551724137931,0.0248141762452107,0.000831417624521,0.0,0.0,0.0144750957854406,0.0051513409961685,0.001919540229885,0.0
2015-03-07 15:00:00,0.2144810606060606,0.0101799242424242,0.0311098484848484,0.000903409090909,0.0,0.0,0.0145132575757575,0.005153409090909,0.0019393939393939,0.0
2015-03-07 16:00:00,0.2199123809523809,0.0016780952380952,0.0314933333333333,0.0008209523809523,0.0,0.0,0.0145314285714285,0.0051695238095238,0.001927619047619,0.0
2015-03-07 17:00:00,0.2360662878787878,0.006530303030303,0.0189450757575757,0.0009223484848484,0.0,0.0,0.0144905303030303,0.005153409090909,0.0019375,0.0
2015-03-07 18:00:00,0.2531132075471698,0.0084339622641509,0.0224132075471698,0.0007962264150943,0.0,0.0,0.0145320754716981,0.0051811320754716,0.0018811320754716,0.0
2015-03-07 19:00:00,0.2499503816793893,0.006280534351145,0.0213034351145038,0.0008263358778625,0.0,0.0,0.014486641221374,0.0051698473282442,0.001912213740458,0.0
2015-03-07 20:00:00,0.2454904580152671,0.0024828244274809,0.0306393129770992,0.0008396946564885,0.0,0.0,0.0144847328244274,0.0051736641221374,0.0019255725190839,0.0
2015-03-07 21:00:00,0.2308531073446327,0.010532956685499,0.0269943502824858,0.0009001883239171,0.0,0.0,0.014608286252354,0.0051770244821092,0.0019378531073446,0.0
2015-03-07 22:00:00,0.2237475538160469,0.0091154598825831,0.026279843444227,0.0009158512720156,0.0,0.0,0.0145283757338551,0.0052172211350293,0.001958904109589,0.0
2015-03-07 23:00:00,0.2039270633397313,0.0,0.0266122840690978,0.0009673704414587,0.0,0.0,0.0144357005758157,0.0051996161228406,0.001961612284069,0.0
2015-03-08 00:00:00,0.205706106870229,0.0087175572519083,0.0157576335877862,0.000986641221374,0.0,0.0,0.0144809160305343,0.005223282442748,0.0019675572519083,0.0
2015-03-08 01:00:00,0.2050950570342205,0.0083973384030418,0.0106026615969581,0.000977186311787,0.0,0.0,0.0145361216730038,0.0051882129277566,0.0019638783269961,0.0
2015-03-08 02:00:00,0.209982791586998,0.0064378585086042,0.0242370936902485,0.0009407265774378,0.0,0.0,0.0144225621414913,0.0051778202676864,0.0019560229445506,0.0
2015-03-08 03:00:00,0.2067931688804554,0.0022998102466793,0.0249354838709677,0.0009240986717267,0.0,0.0,0.0145294117647058,0.0080910815939278,0.0019696394686907,0.0
2015-03-08 04:00:00,0.2149885277246654,0.0087055449330783,0.020812619502868,0.0009579349904397,0.0,0.0,0.014491395793499,0.0093040152963671,0.0019655831739961,0.0
2015-03-08 05:00:00,0.2097721280602636,0.0088079096045197,0.0213427495291902,0.0009472693032015,0.0,0.0,0.0144821092278719,0.0052033898305084,0.0019491525423728,0.0
2015-03-08 06:00:00,0.2151062618595825,0.0,0.0169943074003795,0.0009184060721062,0.0,0.0,0.0144364326375711,0.0051631878557874,0.0019563567362428,0.0
2015-03-08 07:00:00,0.2085,0.0086268656716417,0.007740671641791,0.0009179104477611,0.0,0.0,0.0144272388059701,0.0051641791044776,0.0019477611940298,0.0
2015-03-08 08:00:00,0.206076923076923,0.0073414634146341,0.0161913696060037,0.000827392120075,0.0,0.0,0.0144559099437148,0.0051500938086303,0.0018930581613508,0.0
2015-03-08 09:00:00,0.2028089887640449,0.0010449438202247,0.0219475655430711,0.0007584269662921,0.0,0.0,0.0144194756554307,0.0051629213483146,0.0018370786516853,0.0
2015-03-08 10:00:00,0.2110895522388059,0.008320895522388,0.0202369402985074,0.0005914179104477,0.0,0.0,0.014410447761194,0.0051417910447761,0.0018264925373134,0.0
2015-03-08 11:00:00,0.207638418079096,0.0083201506591337,0.0284745762711864,0.0007627118644067,0.0,0.0,0.0144783427495291,0.0051412429378531,0.0018775894538606,0.0
2015-03-08 12:00:00,0.2031685393258427,0.0,0.0255617977528089,0.0006573033707865,0.0,0.0,0.0144531835205992,0.0051554307116104,0.0018988764044943,0.0
2015-03-08 13:00:00,0.2069869402985074,0.0084925373134328,0.0225317164179104,0.0007835820895522,0.0,0.0,0.0145690298507462,0.0051753731343283,0.0018917910447761,0.0
2015-03-08 14:00:00,0.2073771106941838,0.0082457786116322,0.0115253283302063,0.0007936210131332,0.0,0.0,0.0145009380863039,0.0051632270168855,0.0019099437148217,0.0
2015-03-08 15:00:00,0.2014384328358208,6.156716417910448e-05,0.016740671641791,0.0008731343283582,0.0,0.0,0.0145149253731343,0.0051791044776119,0.0019141791044776,0.0
2015-03-08 16:00:00,0.2204172932330827,0.0084680451127819,0.0227330827067669,0.0007368421052631,0.0,0.0,0.0144454887218045,0.0051484962406015,0.0018815789473684,0.0
2015-03-08 17:00:00,0.2332915887850467,0.0055028037383177,0.0255158878504672,0.000618691588785,0.0,0.0,0.0144280373831775,0.0051364485981308,0.0018467289719626,0.0
2015-03-08 18:00:00,0.2494429906542056,0.0027925233644859,0.0253532710280373,0.0005439252336448,0.0,0.0,0.014422429906542,0.0051700934579439,0.0018317757009345,0.0
2015-03-08 19:00:00,0.2519962335216572,0.0084500941619585,0.0237777777777777,0.0005856873822975,0.0,0.0,0.0144482109227871,0.0051355932203389,0.0018549905838041,0.0
2015-03-08 20:00:00,0.2495551401869158,0.0076654205607476,0.0164168224299065,0.0007158878504672,0.0,0.0,0.0144635514018691,0.005207476635514,0.0018654205607476,0.0
2015-03-08 21:00:00,0.220249530956848,0.0010431519699812,0.006405253283302,0.0007110694183864,0.0,0.0,0.0144821763602251,0.005170731707317,0.0018911819887429,0.0
2015-03-08 22:00:00,0.2199512195121951,0.0089512195121951,0.0178386491557223,0.000812382739212,0.0,0.0,0.0144953095684803,0.0051482176360225,0.0018949343339587,0.0
2015-03-08 23:00:00,0.2053607476635514,0.0086411214953271,0.0206392523364486,0.0008168224299065,0.0,0.0,0.0144504672897196,0.0051570093457943,0.0018672897196261,0.0
2015-03-09 00:00:00,0.2011663516068053,0.0,0.0209678638941398,0.0008544423440453,0.0,0.0,0.0144272211720226,0.0051814744801512,0.0019111531190926,0.0
2015-03-09 01:00:00,0.2075958646616541,0.0085413533834586,0.0233721804511278,0.0009003759398496,0.0,0.0,0.0144285714285714,0.0051860902255639,0.0019342105263157,0.0
2015-03-09 02:00:00,0.2026485981308411,0.0086542056074766,0.0,0.0009252336448598,0.0,0.0,0.014426168224299,0.0051757009345794,0.0019383177570093,0.0
2015-03-09 03:00:00,0.2035028142589118,0.0,0.0213846153846153,0.0008761726078799,0.0,0.0,0.0144258911819887,0.008030018761726,0.0019118198874296,0.0
2015-03-09 04:00:00,0.2122410546139359,0.0087005649717514,0.0209227871939736,0.0009114877589453,0.0,0.0,0.0144821092278719,0.0101544256120527,0.0019340866290018,0.0
2015-03-09 05:00:00,0.2051,0.002766037735849,0.019243396226415,0.0008735849056603,0.0,0.0,0.0144132075471698,0.0061339622641509,0.0019,0.0
2015-03-09 06:00:00,0.2164218455743879,0.0054161958568738,0.0024406779661016,0.0007325800376647,0.0,0.0,0.014457627118644,0.0060414312617702,0.0019077212806026,0.0
2015-03-09 07:00:00,0.2144859813084112,0.0099327102803738,0.0220841121495327,0.0007794392523364,0.0,0.0,0.0144411214953271,0.0060803738317757,0.0018859813084112,0.0
2015-03-09 08:00:00,0.2057794392523364,0.0,0.0242822429906542,0.0008056074766355,0.0,0.0,0.0144392523364485,0.0061252336448598,0.0018859813084112,0.0
2015-03-09 09:00:00,0.2069775700934579,0.0087084112149532,0.0041196261682242,0.0007850467289719,0.0,0.0,0.0144317757009345,0.0060803738317757,0.0018766355140186,0.0
2015-03-09 10:00:00,0.2043089887640449,0.0,0.0188220973782771,0.000812734082397,0.0,0.0,0.0144325842696629,0.0061104868913857,0.0018520599250936,0.0
2015-03-09 11:00:00,0.2098757062146892,0.0085216572504708,0.0206779661016949,0.0008135593220338,0.0,0.0,0.0144632768361581,0.0060715630885122,0.0018813559322033,0.0
2015-03-09 12:00:00,0.2073157894736842,0.0040338345864661,0.0213684210526315,0.000813909774436,0.0,0.0,0.0144567669172932,0.0060300751879699,0.0018947368421052,0.0
2015-03-09 13:00:00,0.2061932457786116,0.0039437148217636,0.0133395872420262,0.0008574108818011,0.0,0.0,0.0144596622889305,0.0060787992495309,0.001906191369606,0.0
2015-03-09 14:00:00,0.234328947368421,0.0082725563909774,0.0083533834586466,0.0008496240601503,0.0,0.0,0.0144473684210526,0.0060808270676691,0.0018778195488721,0.0
2015-03-09 15:00:00,0.2342862453531598,0.0,0.020953531598513,0.0007416356877323,0.0,0.0,0.0144200743494423,0.0060371747211895,0.0018587360594795,0.0
2015-03-09 16:00:00,0.2416729678638941,0.0089962192816635,0.0217088846880907,0.0006559546313799,0.0,0.0,0.0143856332703213,0.0060415879017013,0.0018733459357277,0.0
2015-03-09 17:00:00,0.7377271028037382,0.0101682242990654,0.0219214953271028,0.0005289719626168,0.0,0.0,0.0147271028037383,0.0060205607476635,0.001811214953271,0.1125046728971962
2015-03-09 18:00:00,1.0468233082706768,0.0066748120300751,0.0210864661654135,0.0004548872180451,0.0,0.0,0.0148383458646616,0.1352631578947368,0.001781954887218,0.039437969924812
2015-03-09 19:00:00,0.6801142322097378,0.0099213483146067,0.0204719101123595,0.0005355805243445,0.0,0.0,0.0147453183520599,0.1003052434456928,0.0018520599250936,0.0534063670411985
2015-03-09 20:00:00,0.9541704119850188,0.0150168539325842,0.015818352059925,0.0008033707865168,0.0,0.0,0.0149513108614232,0.1569325842696629,0.001876404494382,0.0
2015-03-09 21:00:00,1.0283383458646618,0.0103890977443609,0.011766917293233,0.0007518796992481,0.0,0.0,0.014922932330827,0.1354718045112782,0.0019041353383458,0.0
2015-03-09 22:00:00,0.55075,0.0031127819548872,0.0162067669172932,0.0008890977443609,0.0017894736842105,0.0,0.0149041353383458,0.0051484962406015,0.0019285714285714,0.0
2015-03-09 23:00:00,0.5019368029739777,0.0061877323420074,0.0234368029739776,0.0008122676579925,0.001860594795539,0.0,0.0145055762081784,0.0051096654275092,0.0018884758364312,0.0
2015-03-10 00:00:00,1.3214417293233085,0.0091578947368421,0.0212725563909774,0.0008947368421052,0.7369022556390977,0.0,0.0144041353383458,0.0051390977443609,0.0019210526315789,0.0
2015-03-10 01:00:00,0.625074487895717,0.008510242085661,0.0214823091247672,0.0009459962756052,0.1055661080074487,0.0,0.0144003724394785,0.0051489757914338,0.0019348230912476,0.0
2015-03-10 02:00:00,0.4711570093457944,0.0008467289719626,0.0211738317757009,0.0009345794392523,0.0013551401869158,0.0,0.014418691588785,0.0051364485981308,0.0019401869158878,0.0
2015-03-10 03:00:00,0.4948,0.0079158878504672,0.0112803738317757,0.0009177570093457,0.0013214953271028,0.0,0.0143943925233644,0.0079775700934579,0.0019401869158878,0.0
2015-03-10 04:00:00,0.8134584905660378,0.0084584905660377,0.0120849056603773,0.0008716981132075,0.001354716981132,0.0,0.0144320754716981,0.0086943396226415,0.0018943396226415,0.0
2015-03-10 05:00:00,2.975328947368421,0.0057857142857142,0.0223627819548872,0.0008120300751879,0.001313909774436,0.0,0.0143590225563909,0.0051184210526315,0.0019022556390977,0.0
2015-03-10 06:00:00,0.6151390977443609,0.0027951127819548,0.0217518796992481,0.0007481203007518,0.001266917293233,0.0,0.0144304511278195,0.0051353383458646,0.0019041353383458,0.0
2015-03-10 07:00:00,1.4886535580524345,0.0091498127340823,0.020691011235955,0.0007322097378277,0.0003632958801498,0.0368033707865168,0.0144868913857677,0.0051779026217228,0.0966217228464419,0.1247734082397003
2015-03-10 08:00:00,0.5047636022514072,0.0115234521575984,0.0,0.0007279549718574,0.0,0.0,0.0154258911819887,0.0051294559099437,0.001748592870544,0.0548517823639774
2015-03-10 09:00:00,0.7094812030075188,7.894736842105263e-05,0.0327142857142857,0.0008045112781954,0.0,0.0,0.0154022556390977,0.0051334586466165,0.0017894736842105,0.1064793233082706
2015-03-10 10:00:00,0.8702527881040891,0.0,0.0129684014869888,0.0008754646840148,0.0,0.0,0.0158438661710037,0.005174721189591,0.0018048327137546,0.0910687732342007
2015-03-10 11:00:00,0.2635345794392523,0.0,0.0211775700934579,0.0007158878504672,0.0,0.0,0.0158542056074766,0.0051682242990654,0.0018859813084112,0.0
2015-03-10 12:00:00,0.4254359925788497,0.0099721706864564,0.0257588126159554,0.0,0.0,0.036038961038961,0.015860853432282,0.0051725417439703,0.0775807050092764,0.0918293135435992
2015-03-10 13:00:00,0.9278913857677902,0.007129213483146,0.0201685393258427,0.0,0.0,0.0,0.0158052434456928,0.0051441947565543,0.0017865168539325,0.0
2015-03-10 14:00:00,0.4657875939849624,0.0078496240601503,0.0249548872180451,0.0,0.0,0.0,0.0159022556390977,0.0051804511278195,0.0018421052631578,0.0
2015-03-10 15:00:00,0.3344144981412639,5.576208178438661e-06,0.026128252788104,0.0,0.0,0.0,0.0158289962825278,0.0051394052044609,0.0018345724907063,0.1117453531598513
2015-03-10 16:00:00,0.7275055970149253,0.0077164179104477,0.0265932835820895,0.0,0.0,0.0,0.0157220149253731,0.0051567164179104,0.2395223880597015,0.0
2015-03-10 17:00:00,0.4929534450651769,0.0083091247672253,0.026998137802607,0.0,0.0,0.0,0.0156945996275605,0.0249664804469273,0.0275251396648044,0.1441527001862197
2015-03-10 18:00:00,0.4739454887218045,0.0080300751879699,0.0266654135338345,0.0,0.0,0.0,0.0157575187969924,0.1184680451127819,0.0016522556390977,0.0
2015-03-10 19:00:00,0.2220187265917603,0.0012434456928838,0.0291367041198501,0.0,0.0,0.0,0.0157790262172284,0.0051554307116104,0.0017340823970037,0.0
2015-03-10 20:00:00,0.3435943925233645,0.0063943925233644,0.0256205607476635,0.0,0.0,0.0,0.0154635514018691,0.0126504672897196,0.0017925233644859,0.0809962616822429
2015-03-10 21:00:00,0.9461473880597014,0.0080317164179104,0.0255970149253731,0.0,1.3059701492537312e-05,0.0,0.0155205223880597,0.1292462686567164,0.0018414179104477,0.0
2015-03-10 22:00:00,0.491820415879017,0.008094517958412,0.0236843100189035,0.0,0.0016975425330812,0.0,0.0154385633270321,0.005164461247637,0.0017788279773156,0.0
2015-03-10 23:00:00,0.4331280602636534,0.0009642184557438,0.0203314500941619,0.0,0.0019077212806026,0.0,0.01539736346516,0.0051619585687382,0.0018418079096045,0.0
2015-03-11 00:00:00,0.4304015009380863,0.0081013133208255,0.0236435272045028,0.0,0.0018180112570356,0.0,0.0152720450281425,0.0051594746716697,0.0018630393996247,0.0
2015-03-11 01:00:00,0.4911594746716697,0.0079906191369606,0.0201031894934333,0.0,0.0017879924953095,0.0,0.0153677298311444,0.0051857410881801,0.0018855534709193,0.0
2015-03-11 02:00:00,1.7922975517890771,0.0,0.0200583804143126,0.0,0.4862711864406779,0.0,0.01539736346516,0.0051883239171374,0.0018060263653483,0.0
2015-03-11 03:00:00,1.975871698113208,0.0099245283018867,0.0207716981132075,0.0,0.778522641509434,0.0,0.0153735849056603,0.0078188679245283,0.0018113207547169,0.0
2015-03-11 04:00:00,0.7936266416510319,0.0079549718574108,0.0205553470919324,0.0,0.0012607879924953,0.0,0.0154559099437148,0.0095159474671669,0.001874296435272,0.0
2015-03-11 05:00:00,2.9944116541353383,0.0,0.0169830827067669,0.0,0.0012218045112781,0.0,0.0154003759398496,0.0051522556390977,0.0017838345864661,0.0
2015-03-11 06:00:00,1.493755140186916,0.0078635514018691,0.0098411214953271,0.0,0.0012168224299065,0.0,0.0153869158878504,0.0051457943925233,0.0017682242990654,0.0
2015-03-11 07:00:00,2.078452157598499,0.008686679174484,0.0150825515947467,0.0,0.000155722326454,0.0355440900562851,0.0154258911819887,0.0051444652908067,0.0991500938086304,0.1595816135084428
2015-03-11 08:00:00,0.2250806754221388,0.0053302063789868,0.0209606003752345,0.0,0.0,0.0,0.0152908067542213,0.0051876172607879,0.0018649155722326,0.0
2015-03-11 09:00:00,0.315563670411985,0.00262734082397,0.0229101123595505,0.0,0.0,0.0,0.0155,0.0051666666666666,0.001876404494382,0.0903820224719101
2015-03-11 10:00:00,0.4015977653631284,0.0081675977653631,0.021024208566108,0.0,0.0,0.0,0.0153277467411545,0.0051880819366852,0.0018864059590316,0.1114729981378026
2015-03-11 11:00:00,0.2926168224299065,0.0101626168224299,0.0200728971962616,0.0,0.0,0.0,0.0547757009345794,0.0051570093457943,0.0018803738317757,0.0
2015-03-11 12:00:00,0.4124943820224719,0.0117771535580524,0.0112322097378277,0.0,0.0,0.0353352059925093,0.0259719101123595,0.0051591760299625,0.0496123595505618,0.053938202247191
2015-03-11 13:00:00,0.2046334586466165,0.0018458646616541,0.0107048872180451,0.0,0.0,0.0,0.0149830827067669,0.0051672932330827,0.0017725563909774,0.0
2015-03-11 14:00:00,0.2191797323135755,0.0065869980879541,0.019133843212237,0.0,0.0,0.0,0.014982791586998,0.0051854684512428,0.0017495219885277,0.0
2015-03-11 15:00:00,0.2075743879472693,0.0085819209039548,0.0205800376647834,0.0,0.0,0.0,0.0149472693032015,0.0051487758945386,0.0017702448210922,0.0
2015-03-11 16:00:00,1.1236067415730338,0.0122172284644194,0.0240730337078651,0.0,0.0,0.0,0.0149775280898876,0.0051610486891385,0.0017303370786516,0.0
2015-03-11 17:00:00,0.7019250936329589,0.0130711610486891,0.0257621722846441,0.0,0.0,0.0,0.0148707865168539,0.0118277153558052,0.0208033707865168,0.0946048689138576
2015-03-11 18:00:00,0.4557188081936685,0.0077411545623836,0.0237486033519553,0.0,0.0,0.0,0.0148305400372439,0.1403687150837989,0.0017094972067039,0.0248100558659217
2015-03-11 19:00:00,0.5957689393939394,0.004153409090909,0.0199299242424242,0.0,0.0,0.0,0.0148465909090909,0.0151306818181818,0.0017727272727272,0.0
2015-03-11 20:00:00,0.7312359550561798,0.0100786516853932,0.0258295880149812,0.0,0.0,0.0,0.0149250936329588,0.1409176029962547,0.0017584269662921,0.0
2015-03-11 21:00:00,0.7168665413533835,0.0114718045112781,0.0265413533834586,0.0,0.0,0.0,0.0150225563909774,0.1369774436090225,0.0018345864661654,0.0
2015-03-11 22:00:00,0.8563947368421053,0.008922932330827,0.0247105263157894,0.0,0.0,0.0,0.0149793233082706,0.0498947368421052,0.0016748120300751,0.0
2015-03-11 23:00:00,0.4139774011299435,0.0087683615819209,0.0252222222222222,0.0,0.0,0.0,0.0150282485875706,0.0051638418079096,0.0018079096045197,0.0004519774011299
2015-03-12 00:00:00,0.3975449438202247,0.0029588014981273,0.0104775280898876,0.0,0.0,0.0,0.0149044943820224,0.0051704119850187,0.0018932584269662,0.0
2015-03-12 01:00:00,0.3999793621013133,0.0054146341463414,0.0186285178236397,0.0,0.0,0.0,0.0148855534709193,0.0051763602251407,0.0018405253283302,0.0
2015-03-12 02:00:00,1.1438474576271187,0.0084783427495291,0.0204218455743879,0.0,0.0,0.0,0.0149378531073446,0.0051148775894538,0.0018229755178907,0.0
2015-03-12 03:00:00,0.5553308128544423,0.0085916824196597,0.025703213610586,0.0,0.0,0.0,0.0149054820415879,0.0077315689981096,0.0018582230623818,0.0
2015-03-12 04:00:00,1.185624765478424,0.0065009380863039,0.0214634146341463,0.0,0.0,0.0,0.0148986866791744,0.0097579737335834,0.0018686679174484,0.0
2015-03-12 05:00:00,2.9485706214689267,0.0021544256120527,0.0244105461393597,0.0,0.0,0.0,0.0148681732580037,0.0051450094161958,0.0017043314500941,0.0
2015-03-12 06:00:00,0.6942616822429907,0.0079887850467289,0.0227345794392523,0.0,0.0,0.0,0.0149158878504672,0.0051439252336448,0.0017906542056074,0.0
2015-03-12 07:00:00,2.226112570356473,0.0103602251407129,0.0135759849906191,0.0,0.5671613508442777,0.0351838649155722,0.0148724202626641,0.0051200750469043,0.0941257035647279,0.1248667917448405
2015-03-12 08:00:00,0.4523501872659176,0.0110299625468164,0.0114569288389513,0.0,0.041001872659176,0.0,0.0148277153558052,0.0051554307116104,0.0017715355805243,0.0487846441947565
2015-03-12 09:00:00,0.3426205607476635,0.0080691588785046,0.0181252336448598,0.0,0.0,0.0,0.0148654205607476,0.0051457943925233,0.0018056074766355,0.0
2015-03-12 10:00:00,0.5255623836126629,0.0,0.0264432029795158,0.0,0.0,0.0,0.0149515828677839,0.0051918063314711,0.0017988826815642,0.105
2015-03-12 11:00:00,0.6667962264150943,0.008688679245283,0.0194490566037735,0.0,0.0,0.0,0.0150358490566037,0.0050962264150943,0.0532056603773584,0.112177358490566
2015-03-12 12:00:00,0.3038905660377358,0.0117188679245283,0.0204132075471698,0.0,0.0,0.0,0.0150999999999999,0.0051452830188679,0.0017415094339622,0.0
2015-03-12 13:00:00,0.3270076045627376,0.0090532319391634,0.0230893536121673,0.0,0.0,0.0,0.0150380228136882,0.0051787072243346,0.0018422053231939,0.0
2015-03-12 14:00:00,0.4218646034816248,0.0090406189555125,0.0246634429400386,0.0,0.0,0.0,0.0151199226305609,0.0051779497098646,0.0018181818181818,0.0949071566731141
2015-03-12 15:00:00,0.6713446327683616,0.0008286252354048,0.0242937853107344,0.0,0.0,0.0,0.0151035781544256,0.0051883239171374,0.0017928436911487,0.0
2015-03-12 16:00:00,1.3100621468926554,0.0096854990583804,0.0162806026365348,0.0,0.0,0.0,0.0150677966101694,0.0051224105461393,0.0018907721280602,0.0
2015-03-12 17:00:00,0.4396604127579737,0.0104296435272045,0.0167842401500938,0.0,0.0,0.0,0.01506191369606,0.0269155722326454,0.0553508442776735,0.0800431519699812
2015-03-12 18:00:00,0.6206836158192091,0.0116911487758945,0.0198380414312617,0.0,0.0,0.0,0.0150433145009416,0.1409152542372881,0.0016177024482109,0.0
2015-03-12 19:00:00,0.7765897920604915,0.0110056710775047,0.0261758034026465,0.0,0.0,0.0,0.0150226843100189,0.1578903591682419,0.0016143667296786,0.0
2015-03-12 20:00:00,0.7339097744360902,0.0019003759398496,0.0248703007518797,0.0,0.0,0.0,0.0150676691729323,0.1585187969924812,0.0017067669172932,4.887218045112782e-05
2015-03-12 21:00:00,0.4417415730337078,0.007125468164794,0.0251198501872659,0.0,0.0,0.0,0.0150730337078651,0.139629213483146,0.0018220973782771,0.0
2015-03-12 22:00:00,0.7438736059479554,0.0103364312267658,0.0249386617100371,0.0,0.0014553903345724,0.0,0.0151189591078066,0.0302527881040892,0.0018215613382899,0.0
2015-03-12 23:00:00,0.4439662921348314,0.010505617977528,0.0167958801498127,0.0,0.0018239700374531,0.0,0.0151048689138576,0.0109138576779026,0.0018539325842696,0.0
2015-03-13 00:00:00,0.4189943714821763,0.0043733583489681,0.0087392120075046,0.0,0.0020731707317073,0.0,0.0150956848030018,0.0061125703564727,0.001859287054409,0.0
2015-03-13 01:00:00,2.297531954887218,0.0041447368421052,0.0,0.0,1.7847086466165414,0.0,0.0150394736842105,0.0051466165413533,0.0018721804511278,0.0048120300751879
2015-03-13 02:00:00,1.3523883677298312,0.0085478424015009,0.0026735459662288,0.0,0.0876228893058161,0.0,0.0151200750469043,0.0052063789868667,0.0019230769230769,0.0
2015-03-13 03:00:00,1.0837682242990654,0.0089289719626168,0.0233700934579439,0.0,0.0012803738317757,0.0,0.0150766355140186,0.0075850467289719,0.0018915887850467,0.0
2015-03-13 04:00:00,0.5807687969924812,0.0007744360902255,0.02046992481203,0.0,0.0012387218045112,0.0,0.015063909774436,0.0098007518796992,0.0018496240601503,0.0
2015-03-13 05:00:00,2.9843691148775893,0.0080414312617702,0.0165951035781544,0.0,0.0012598870056497,0.0,0.0150225988700564,0.0051374764595103,0.0017815442561205,0.0
2015-03-13 06:00:00,1.64563738317757,0.0084411214953271,0.0092710280373831,0.0,0.0012,0.0,0.0150205607476635,0.0050915887850467,0.0016934579439252,0.0
2015-03-13 07:00:00,2.2596423220973785,0.0102471910112359,0.0140074906367041,0.0,0.000125468164794,0.0373820224719101,0.0149831460674157,0.0051479400749063,0.1065449438202247,0.112063670411985
2015-03-13 08:00:00,0.3583768656716418,0.002231343283582,0.0306679104477611,0.0,0.0,0.0,0.0150093283582089,0.0094869402985074,0.0018414179104477,0.0
2015-03-13 09:00:00,0.4397817164179104,0.0071212686567164,0.0271082089552238,0.0,0.0,0.0,0.0150485074626865,0.0109402985074626,0.0018451492537313,0.0891660447761194
2015-03-13 10:00:00,0.3790413533834587,0.0093834586466165,0.0247932330827067,0.0,0.0,0.0,0.0150751879699248,0.008828947368421,0.0018740601503759,0.1080526315789473
2015-03-13 11:00:00,0.211250936329588,0.0082565543071161,0.0311367041198501,0.0,0.0,0.0,0.0150692883895131,0.0051385767790262,0.0019269662921348,0.0
2015-03-13 12:00:00,0.8423864915572232,0.0075009380863039,0.0272701688555347,0.0,0.0,0.0,0.0150412757973733,0.0051613508442776,0.1276341463414634,0.1359887429643527
2015-03-13 13:00:00,0.3891344696969697,0.003028409090909,0.0219640151515151,0.0,0.0,0.0,0.0150795454545454,0.0051287878787878,0.001810606060606,0.0
2015-03-13 14:00:00,0.2142990476190476,0.0105219047619047,0.0244171428571428,0.0,0.0,0.0,0.0150723809523809,0.0051561904761904,0.001807619047619,0.0008533333333333
2015-03-13 15:00:00,0.2810977443609022,0.0087330827067669,0.032078947368421,0.0,0.0,0.0,0.0150921052631578,0.0052067669172932,0.0018627819548872,0.0664548872180451
2015-03-13 16:00:00,0.6492776735459662,5.065666041275797e-05,0.0622457786116322,0.0,0.0,0.0,0.0150806754221388,0.0051838649155722,0.0018461538461538,0.0
2015-03-13 17:00:00,0.4312682926829268,0.0059962476547842,0.0374540337711069,0.0,0.0,0.0,0.0150262664165103,0.0760656660412758,0.001906191369606,0.0807073170731707
2015-03-13 18:00:00,0.4782415730337079,0.0,0.0278052434456928,0.0,0.0,0.0,0.0150449438202247,0.1387265917602996,0.0019026217228464,0.0
2015-03-13 19:00:00,0.7401031894934335,0.0013039399624765,0.022874296435272,0.0,0.0,0.0,0.0149943714821763,0.1489474671669793,0.0019043151969981,0.0
2015-03-13 20:00:00,0.6088432835820895,0.0054664179104477,0.0202947761194029,0.0,0.0,0.0,0.0151175373134328,0.0076287313432835,0.0019496268656716,0.0
2015-03-13 21:00:00,0.7005432330827068,0.0085451127819548,0.0183327067669172,0.0,0.0004417293233082,0.0,0.0150657894736842,0.0052274436090225,0.0019642857142857,0.0
2015-03-13 22:00:00,0.5076433962264151,0.0,0.0265283018867924,0.0,0.0018528301886792,0.0,0.0151037735849056,0.0052339622641509,0.0019358490566037,0.0
2015-03-13 23:00:00,0.4350985130111524,0.0060278810408921,0.0265594795539033,0.0,0.0018159851301115,0.0,0.0150780669144981,0.0052007434944237,0.0019423791821561,0.0004758364312267
2015-03-14 00:00:00,0.4171770244821092,0.0,0.025322033898305,0.0,0.0018964218455743,0.0,0.0151073446327683,0.0052184557438794,0.0019472693032015,0.0
2015-03-14 01:00:00,1.8558571428571429,0.0061917293233082,0.020610902255639,0.0,1.292562030075188,0.0,0.015078947368421,0.0051898496240601,0.0019398496240601,0.0
2015-03-14 02:00:00,1.355714821763602,0.0,0.0209887429643527,0.0,0.0638480300187617,0.0,0.0150525328330206,0.0051819887429643,0.0019118198874296,0.0
2015-03-14 03:00:00,1.0659420560747663,0.0063214953271028,0.0087551401869158,0.0,0.0012355140186915,0.0,0.0150841121495327,0.0075626168224299,0.0019420560747663,0.0
2015-03-14 04:00:00,0.5918930581613508,0.0,0.0135253283302063,0.0,0.0012983114446529,0.0,0.0150994371482176,0.0098517823639774,0.0019249530956848,0.0
2015-03-14 05:00:00,3.061776119402985,0.0061361940298507,0.0207593283582089,0.0,0.0012238805970149,0.0,0.015080223880597,0.005151119402985,0.0018992537313432,0.0
2015-03-14 06:00:00,1.971217877094972,0.0,0.020756052141527,0.0,0.0012216014897579,0.0,0.0150502793296089,0.0051340782122905,0.0018677839851024,0.0
2015-03-14 07:00:00,1.4804869888475838,0.0109126394052044,0.0204144981412639,0.0,0.0,0.0372639405204461,0.0150260223048327,0.0050910780669144,0.0018494423791821,0.0882825278810408
2015-03-14 08:00:00,0.2059162011173184,0.0062607076350093,0.0205214152700186,0.0,0.0,0.0,0.0150446927374301,0.0051471135940409,0.001852886405959,0.0
2015-03-14 09:00:00,0.2042391713747646,0.0022881355932203,0.0181129943502824,0.0,0.0,0.0,0.0150037664783427,0.0051280602636534,0.0018248587570621,0.0
2015-03-14 10:00:00,0.2216797752808988,0.005501872659176,0.0083071161048689,0.0,0.0,0.0,0.0150411985018726,0.0051198501872659,0.0017921348314606,0.0
2015-03-14 11:00:00,0.6795206766917293,0.0126860902255639,0.0139943609022556,0.0,0.0,0.0,0.0150093984962406,0.0051184210526315,0.0017875939849624,0.1192124060150376
2015-03-14 12:00:00,0.3011644859813084,0.0156728971962616,0.0237158878504672,0.0,0.0,0.0,0.0150654205607476,0.0091214953271028,0.0018542056074766,0.0198672897196261
2015-03-14 13:00:00,0.2443028037383177,0.0107700934579439,0.0373271028037383,0.0,0.0,0.0,0.0151308411214953,0.0253420560747663,0.0018859813084112,5.9813084112149535e-05
2015-03-14 14:00:00,0.2376191369606003,0.0,0.0373452157598499,0.0,0.0,0.0,0.0150956848030018,0.025264540337711,0.0019287054409005,0.0
2015-03-14 15:00:00,0.2344471698113207,0.0084830188679245,0.0243981132075471,0.0,0.0,0.0,0.0151056603773584,0.0252301886792452,0.0019188679245283,0.0
2015-03-14 16:00:00,0.2614795539033457,0.0075594795539033,0.0251840148698884,0.0,0.0,0.0,0.0152472118959107,0.016403345724907,0.001907063197026,0.0
2015-03-14 17:00:00,0.6912566037735849,0.0107867924528301,0.020288679245283,0.0002226415094339,0.0,0.0,0.015266037735849,0.0051641509433962,0.1954358490566037,0.0019320754716981
2015-03-14 18:00:00,0.6220018903591682,0.0091228733459357,0.0205500945179584,0.0008563327032136,0.0,0.0,0.0153175803402646,0.0051531190926275,0.1134196597353497,0.0
2015-03-14 19:00:00,0.8300586011342155,0.0056162570888468,0.0219962192816635,0.0008487712665406,0.0,0.0,0.0151493383742911,0.1544896030245746,0.0018544423440453,0.1157958412098298
2015-03-14 20:00:00,0.6170189393939394,0.0088977272727272,0.0202196969696969,0.0008636363636363,0.0,0.0,0.0151420454545454,0.1008863636363636,0.0018996212121212,0.0
2015-03-14 21:00:00,0.6295112359550562,0.0081479400749063,0.02062734082397,0.0009456928838951,0.0,0.0,0.0150842696629213,0.1551722846441947,0.0019194756554307,0.0
2015-03-14 22:00:00,1.044481132075472,0.0,0.0216490566037735,0.0009641509433962,0.0,0.0,0.0151264150943396,0.1378415094339622,0.0019150943396226,3.018867924528302e-05
2015-03-14 23:00:00,0.6781393596986817,0.0079020715630885,0.0234312617702448,0.0009755178907721,0.0,0.0,0.0151393596986817,0.0431996233521657,0.0019491525423728,0.0
2015-03-15 00:00:00,0.4600449438202247,0.0077602996254681,0.0244625468164794,0.0009606741573033,0.0,0.0,0.0150599250936329,0.0051086142322097,0.0019288389513108,0.0
2015-03-15 01:00:00,0.4431685393258427,0.0021779026217228,0.0255749063670411,0.0009644194756554,0.0,0.0,0.0151048689138576,0.0051554307116104,0.0019550561797752,0.0
2015-03-15 02:00:00,0.4323925233644859,0.0055869158878504,0.023818691588785,0.0009700934579439,0.0,0.0,0.0150504672897196,0.0051289719626168,0.0019214953271028,0.0
2015-03-15 03:00:00,0.4283559322033898,0.0073559322033898,0.0239190207156308,0.0009736346516007,0.0,0.0,0.0151035781544256,0.0073935969868173,0.0019359698681732,0.0
2015-03-15 04:00:00,0.6189906191369606,0.0,0.0221594746716697,0.0009568480300187,0.0,0.0,0.0150938086303939,0.0086604127579737,0.0019118198874296,0.0021613508442776
2015-03-15 05:00:00,3.014124060150376,0.0071672932330827,0.0224135338345864,0.0009548872180451,0.0,0.0,0.0150582706766917,0.0060657894736842,0.0018815789473684,0.0
2015-03-15 06:00:00,1.0859570895522388,0.007455223880597,0.0202257462686567,0.0009888059701492,0.0,0.0,0.0150503731343283,0.0060597014925373,0.0019365671641791,0.0
2015-03-15 07:00:00,1.860155140186916,0.0,0.0194542056074766,0.0009177570093457,0.0,0.0,0.0150504672897196,0.006026168224299,0.0019177570093457,0.0
2015-03-15 08:00:00,1.2963724007561437,0.0090907372400756,0.0197655954631379,0.0009035916824196,0.0,0.0361625708884688,0.0151153119092627,0.0060340264650283,0.001867674858223,0.0759603024574669
2015-03-15 09:00:00,1.034618691588785,0.0097682242990654,0.0199813084112149,0.0008841121495327,0.0,0.0,0.0151140186915887,0.035233644859813,0.0020205607476635,0.0
2015-03-15 10:00:00,0.900880626223092,0.0079119373776908,0.0212583170254403,0.0009667318982387,0.0,0.0,0.0150528375733855,0.0051213307240704,0.0019021526418786,0.0
2015-03-15 11:00:00,0.2084390243902439,7.317073170731707e-05,0.0204615384615384,0.0009249530956848,0.0,0.0,0.0150431519699812,0.0051106941838649,0.0019024390243902,2.626641651031895e-05
2015-03-15 12:00:00,0.2136799242424242,0.0075833333333333,0.0209772727272727,0.0009261363636363,0.0,0.0,0.0150757575757575,0.0051401515151515,0.0018920454545454,0.0
2015-03-15 13:00:00,0.4447457627118644,0.0080338983050847,0.0216949152542372,0.0009359698681732,0.0,0.0,0.0151016949152542,0.0051261770244821,0.0891374764595103,0.1272335216572504
2015-03-15 14:00:00,0.2275150943396226,0.0095716981132075,0.0203849056603773,0.0009150943396226,0.0,0.0,0.0150698113207547,0.005154716981132,0.0019528301886792,0.0
2015-03-15 15:00:00,0.2074037735849056,0.0002716981132075,0.0205754716981132,0.0008943396226415,0.0,0.0,0.0150754716981132,0.0051603773584905,0.0019245283018867,0.0
2015-03-15 16:00:00,0.2255580524344569,0.0085730337078651,0.0203239700374531,0.0008576779026217,0.0,0.0,0.0150374531835205,0.0051441947565543,0.0019082397003745,0.0
2015-03-15 17:00:00,0.2312406015037593,0.0068251879699248,0.0167857142857142,0.0008890977443609,0.0,0.0,0.0150714285714285,0.005140977443609,0.0019097744360902,0.0
2015-03-15 18:00:00,0.221381404174573,0.0008728652751423,0.0163795066413662,0.0007988614800759,0.0,0.0,0.0150455407969639,0.0051593927893738,0.002842504743833,0.0
2015-03-15 19:00:00,0.2257862595419847,0.0074332061068702,0.0136450381679389,0.0008435114503816,0.0,0.0,0.0151393129770992,0.007368320610687,0.0018874045801526,8.015267175572518e-05
2015-03-15 20:00:00,0.2406501901140684,0.0,0.0157718631178707,0.0008460076045627,0.0,0.0,0.0151615969581749,0.0253479087452471,0.0019315589353612,0.0
2015-03-15 21:00:00,0.364313909774436,0.009593984962406,0.020937969924812,0.0008815789473684,0.0,0.0,0.0150263157894736,0.1321917293233082,0.0019285714285714,0.0
2015-03-15 22:00:00,0.9522146892655368,0.0081186440677966,0.0201883239171374,0.0009190207156308,0.0002071563088512,0.0,0.0151468926553672,0.125593220338983,0.0019378531073446,0.0
2015-03-15 23:00:00,0.5690223463687151,0.0,0.0209459962756052,0.0009553072625698,0.0019180633147113,0.0,0.0151899441340782,0.0252960893854748,0.0019515828677839,0.0
2015-03-16 00:00:00,0.5567457627118644,0.0076421845574387,0.0217231638418079,0.000969868173258,0.0018022598870056,0.0,0.0151713747645951,0.0253032015065913,0.0019679849340866,0.0
2015-03-16 01:00:00,0.5577191011235955,0.0074269662921348,0.0216985018726591,0.0009737827715355,0.0017808988764044,0.0,0.0151685393258426,0.0253426966292134,0.0019475655430711,0.0
2015-03-16 02:00:00,0.4943677298311444,0.0,0.0107598499061913,0.000953095684803,0.001859287054409,0.0,0.01506191369606,0.0253452157598499,0.0019624765478424,0.0
2015-03-16 03:00:00,0.4720093808630394,0.0073527204502814,0.0103339587242026,0.0009587242026266,0.0017729831144465,0.0,0.0151332082551594,0.0253771106941838,0.001953095684803,0.0
2015-03-16 04:00:00,1.4651782363977486,0.0,0.0212045028142589,0.0009474671669793,0.7686003752345216,0.0,0.0150581613508442,0.0253602251407129,0.0019437148217636,0.0
2015-03-16 05:00:00,3.122330223880597,0.0071977611940298,0.024160447761194,0.0008899253731343,0.0012705223880597,0.0,0.015195895522388,0.0064048507462686,0.0019179104477611,0.0
2015-03-16 06:00:00,1.1643489681050658,0.0070863039399624,0.0209005628517823,0.0008911819887429,0.0012101313320825,0.0,0.0150844277673545,0.0052082551594746,0.0018874296435272,0.0
2015-03-16 07:00:00,1.960486940298508,3.171641791044776e-05,0.0220223880597014,0.000910447761194,0.3185391791044776,0.033820895522388,0.0150727611940298,0.0051697761194029,0.0703152985074626,0.1045111940298507
2015-03-16 08:00:00,0.2644146341463415,0.0079193245778611,0.0108536585365853,0.0009662288930581,1.876172607879925e-06,0.0,0.0150675422138836,0.0052457786116322,0.0018461538461538,0.0
2015-03-16 09:00:00,0.3918280373831775,0.0098971962616822,0.0134317757009345,0.0009177570093457,0.0,0.0,0.0151719626168224,0.0052205607476635,0.0017887850467289,0.0957084112149532
2015-03-16 10:00:00,0.2677940074906367,5.617977528089887e-06,0.0213745318352059,0.0009513108614232,0.0,0.0,0.0150936329588014,0.0052059925093632,0.0017902621722846,0.0
2015-03-16 11:00:00,0.3303808630393996,0.007889305816135,0.0207598499061913,0.0009080675422138,0.0,0.0,0.0151932457786116,0.0051857410881801,0.0017936210131332,0.1068367729831144
2015-03-16 12:00:00,0.4206368821292776,0.0096368821292775,0.0216197718631178,0.0009410646387832,0.0,0.0,0.0551197718631178,0.0051558935361216,0.0761083650190114,0.0408821292775665
2015-03-16 13:00:00,0.6367329545454545,0.0106704545454545,0.0214337121212121,0.0009431818181818,0.0,0.0,0.0152954545454545,0.0051818181818181,0.0017992424242424,0.1331685606060605
2015-03-16 14:00:00,0.5238509433962264,0.0084415094339622,0.0126471698113207,0.0009169811320754,0.0,0.0,0.0152603773584905,0.0051358490566037,0.0017509433962264,0.0
2015-03-16 15:00:00,0.9349831775700934,0.0021214953271028,0.0110803738317757,0.0009252336448598,0.0,0.0,0.0153588785046728,0.0051794392523364,0.0018018691588785,0.0764803738317757
2015-03-16 16:00:00,1.5798557504873294,0.0117719298245614,0.0216764132553606,0.0008693957115009,0.0,0.0,0.0152319688109161,0.0051169590643274,0.0017290448343079,0.0
2015-03-16 17:00:00,0.5415981308411215,0.014003738317757,0.0220093457943925,0.000826168224299,0.0,0.0,0.0151925233644859,0.0134093457943925,0.0550785046728972,0.084411214953271
2015-03-16 18:00:00,0.5884019047619048,0.0199657142857142,0.0272285714285714,0.0008190476190476,0.0,0.0,0.0151295238095238,0.1460495238095238,0.0017123809523809,0.0
2015-03-16 19:00:00,0.487,0.0141603773584905,0.0204981132075471,0.0007754716981132,0.0,0.0,0.015188679245283,0.1418641509433962,0.0016943396226415,3.962264150943396e-05
2015-03-16 20:00:00,0.566777358490566,9.433962264150942e-06,0.0204679245283018,0.0008339622641509,0.0,0.0,0.0151981132075471,0.1572981132075471,0.0017226415094339,0.0
2015-03-16 21:00:00,0.7200867924528302,0.011854716981132,0.0139735849056603,0.0009358490566037,0.0,0.0,0.0152150943396226,0.1375981132075471,0.0017849056603773,0.0
2015-03-16 22:00:00,0.7778625235404897,0.0109679849340866,0.0077363465160075,0.0009736346516007,0.0,0.0,0.0151261770244821,0.0138775894538606,0.0019152542372881,0.0
2015-03-16 23:00:00,0.446105461393597,0.0091638418079096,0.0,0.0009924670433145,0.0,0.0,0.0151450094161958,0.0052071563088512,0.0018738229755178,0.0
2015-03-17 00:00:00,0.4473731343283582,0.0,0.0408917910447761,0.0009925373134328,0.0,0.0,0.0151100746268656,0.0052033582089552,0.0018768656716417,0.0
2015-03-17 01:00:00,0.458546992481203,0.008063909774436,0.007,0.0009962406015037,0.0,0.0,0.0151071428571428,0.0051804511278195,0.0018928571428571,0.0
2015-03-17 02:00:00,1.3492635514018692,0.0100728971962616,0.0183252336448598,0.0009794392523364,0.0,0.0,0.0150878504672897,0.0051682242990654,0.0018411214953271,0.0071775700934579
2015-03-17 03:00:00,1.106403738317757,0.0081401869158878,0.0216205607476635,0.0009831775700934,0.0,0.0,0.0150467289719626,0.0083420560747663,0.0018317757009345,0.0
2015-03-17 04:00:00,0.7949530075187969,0.0,0.012922932330827,0.0009774436090225,0.0,0.0,0.0150883458646616,0.0090526315789473,0.0018684210526315,0.0
2015-03-17 05:00:00,2.917355679702048,0.0106182495344506,0.0060633147113594,0.0009087523277467,0.0,0.0,0.0150391061452513,0.0051359404096834,0.0017895716945996,0.0
2015-03-17 06:00:00,2.3029056603773586,0.010366037735849,0.035088679245283,0.5097094339622641,0.0,0.0,0.0150226415094339,0.0051018867924528,0.071388679245283,0.0762716981132075
2015-03-17 07:00:00,0.9091787709497208,0.0095046554934823,0.0717206703910614,0.0120912476722532,0.0,0.035022346368715,0.0150651769087523,0.0051620111731843,0.0325418994413407,0.0
2015-03-17 08:00:00,0.3786158192090396,0.0102730696798493,0.0186741996233521,0.000563088512241,0.0,0.0,0.0149623352165725,0.0051581920903954,0.0016911487758945,0.0892617702448211
2015-03-17 09:00:00,0.2188627819548872,0.0,0.020125939849624,0.0007236842105263,0.0,0.0,0.015063909774436,0.005172932330827,0.0017781954887218,0.0096240601503759
2015-03-17 10:00:00,0.2250691588785046,0.0083775700934579,0.0253551401869158,0.0008803738317757,0.0,0.0,0.0151046728971962,0.0052317757009345,0.0018598130841121,0.0
2015-03-17 11:00:00,0.3565218216318785,0.0083168880455407,0.0245237191650853,0.0008406072106261,0.0,0.0,0.0150967741935483,0.0051878557874762,0.0017912713472485,0.1285597722960151
2015-03-17 12:00:00,0.3548847583643122,0.0093420074349442,0.037449814126394,0.0008252788104089,0.0,0.0,0.0151933085501858,0.0051617100371747,0.0706022304832713,0.045182156133829
2015-03-17 13:00:00,0.2891242937853107,0.011939736346516,0.0209774011299435,0.000834274952919,0.0,0.0,0.0820734463276836,0.0051807909604519,0.001804143126177,0.0
2015-03-17 14:00:00,0.4257043314500942,0.0,0.0247193973634651,0.0009058380414312,0.0,0.0,0.0455065913370998,0.0051939736346516,0.0018097928436911,0.1389359698681732
2015-03-17 15:00:00,0.2510564971751412,0.0084821092278719,0.0376704331450094,0.0008662900188323,0.0,0.0,0.0149152542372881,0.0052128060263653,0.0018173258003766,0.0
2015-03-17 16:00:00,0.718683615819209,0.0103935969868173,0.029216572504708,0.0008060263653483,0.0,0.0,0.0148625235404896,0.0051563088512241,0.0271657250470809,0.0
2015-03-17 17:00:00,0.7958670411985018,0.0117116104868913,0.0187883895131086,0.0005093632958801,0.0,0.0,0.0147883895131086,0.0193483146067415,0.0356460674157303,0.0964213483146067
2015-03-17 18:00:00,0.451011013215859,0.0095594713656387,0.0320286343612334,0.0,0.0,0.0,0.0147907488986784,0.1416850220264317,0.0017114537444933,0.0
2015-03-17 19:00:00,0.5139557522123893,0.0014646017699115,0.0293738938053097,0.0,0.0,0.0,0.0148075221238938,0.1055973451327433,0.0016924778761061,0.0
2015-03-17 20:00:00,0.7122082474226804,0.0068680412371134,0.0201525773195876,0.0,0.0,0.0,0.0149154639175257,0.1405711340206185,0.001781443298969,0.0
2015-03-17 21:00:00,0.934837786259542,0.0090706106870229,0.0189675572519083,0.0,0.0,0.0,0.014986641221374,0.1566908396946565,0.0018816793893129,0.0
2015-03-17 22:00:00,0.9228895238095238,0.0086304761904761,0.0198266666666666,0.0,0.0,0.0,0.0150742857142857,0.0984723809523809,0.0018247619047619,0.0
2015-03-17 23:00:00,0.4732094339622641,0.0107301886792452,0.020066037735849,0.0,0.000966037735849,0.0,0.0149207547169811,0.0204415094339622,0.001877358490566,0.0
2015-03-18 00:00:00,0.4722097087378641,0.0,0.0090543689320388,0.0,0.0,0.0,0.01486213592233,0.0051825242718446,0.0018563106796116,0.0
2015-03-18 01:00:00,0.4798666666666666,0.0087047619047619,0.0114171428571428,0.0,0.0,0.0,0.0148571428571428,0.0051409523809523,0.0018780952380952,0.0
2015-03-18 02:00:00,1.298126177024482,0.0101676082862523,0.0200696798493408,0.0,0.0,0.0,0.0148455743879472,0.0051374764595103,0.0019020715630885,0.0
2015-03-18 03:00:00,1.0754185606060604,0.0066780303030303,0.0217859848484848,0.0,0.0,0.0,0.0148522727272727,0.0081780303030303,0.0018787878787878,0.0
2015-03-18 04:00:00,0.8657866666666666,0.0016457142857142,0.0158838095238095,0.0,0.0,0.0,0.0148819047619047,0.0085066666666666,0.0018419047619047,0.0
2015-03-18 05:00:00,2.944659090909091,0.0095359848484848,0.0055984848484848,0.0,0.0,0.0,0.0148371212121212,0.0051401515151515,0.0052405303030303,0.0
2015-03-18 06:00:00,3.131708571428572,0.0095409523809523,0.0212419047619047,0.0,0.0,0.0,0.0147923809523809,0.00512,0.0886742857142857,0.0966152380952381
2015-03-18 07:00:00,0.6219809885931559,0.0045931558935361,0.0228726235741444,0.0,0.0,0.0357433460076045,0.0148441064638783,0.0051844106463878,0.0091615969581749,0.0
2015-03-18 08:00:00,0.297975238095238,0.0045161904761904,1.9047619047619047e-06,0.0,0.0,0.0,0.0148057142857142,0.0051828571428571,0.001687619047619,0.0
2015-03-18 09:00:00,0.2168217636022514,0.0085722326454033,0.0219380863039399,0.0,0.0,0.0,0.0148968105065666,0.0051744840525328,0.0017992495309568,0.0
2015-03-18 10:00:00,0.2111350844277673,0.0080806754221388,0.0240037523452157,0.0,0.0,0.0,0.0148836772983114,0.0051894934333958,0.0018048780487804,0.0
2015-03-18 11:00:00,0.2067448405253283,0.0,0.0006641651031894,0.0,0.0,0.0,0.014859287054409,0.0051651031894934,0.0042101313320825,0.0
2015-03-18 12:00:00,0.5244007490636704,0.008380149812734,0.0198988764044943,0.0,0.0,0.0361161048689138,0.0149044943820224,0.0051610486891385,0.0146104868913857,0.1015711610486891
2015-03-18 13:00:00,0.2122739212007504,0.0111726078799249,0.0225816135084427,0.0,0.0,0.0,0.0148724202626641,0.0051763602251407,0.0019305816135084,0.0
2015-03-18 14:00:00,0.2291701323251417,0.0082684310018903,0.02051606805293,0.0,0.0,0.0,0.0147826086956521,0.0051795841209829,0.001937618147448,0.0
2015-03-18 15:00:00,0.3288627819548872,0.0085394736842105,0.0213853383458646,0.0,0.0,0.0,0.0139530075187969,0.0051766917293233,0.0019360902255639,0.1128552631578947
2015-03-18 16:00:00,0.822984934086629,0.0189378531073446,0.0201450094161958,0.0,0.0,0.0,0.0137702448210922,0.0051412429378531,0.0019359698681732,0.0
2015-03-18 17:00:00,0.6108811320754717,0.000888679245283,0.0207452830188679,0.0,0.0,0.0,0.0138283018867924,0.0091924528301886,0.0211792452830188,0.1218037735849056
2015-03-18 18:00:00,0.4896591337099811,0.0101638418079096,0.020954802259887,0.0,0.0,0.0,0.0137928436911487,0.1423634651600753,0.0017401129943502,0.0204538606403013
2015-03-18 19:00:00,0.6110434782608696,0.0083780718336483,0.0147882797731569,0.0025406427221172,0.0,0.0,0.01386011342155,0.0292362948960302,0.0017542533081285,0.0
2015-03-18 20:00:00,1.1490489642184556,0.0080828625235404,0.0087645951035781,0.0,0.0,0.0,0.0137796610169491,0.1441902071563088,0.0017532956685499,0.0
2015-03-18 21:00:00,0.7551676082862524,0.0083427495291902,0.0171939736346516,0.0,0.0,0.0,0.0138286252354048,0.1572862523540489,0.0018606403013182,0.0
2015-03-18 22:00:00,0.5120751879699249,0.0001541353383458,0.0208740601503759,0.0,0.0,0.0,0.0138721804511278,0.0253684210526315,0.0019078947368421,0.0
2015-03-18 23:00:00,0.435093808630394,0.0080093808630394,0.0202045028142589,0.0,0.0,0.0,0.0138649155722326,0.0051369606003752,0.001889305816135,0.0
2015-03-19 00:00:00,0.4192747663551401,0.0080168224299065,0.0218317757009345,0.0,0.0,0.0,0.0138672897196261,0.0051495327102803,0.0018990654205607,0.0
2015-03-19 01:00:00,0.4091219512195122,0.0054540337711069,0.0236378986866791,0.0,0.0,0.0,0.0138780487804878,0.0051857410881801,0.001906191369606,0.0
2015-03-19 02:00:00,1.211296435272045,0.0024202626641651,0.0118780487804878,0.0,0.0,0.0,0.0138630393996247,0.0051932457786116,0.0018930581613508,0.0
2015-03-19 03:00:00,0.7136660412757974,0.0076772983114446,0.0107467166979362,0.0,0.0,0.0,0.0138649155722326,0.0082195121951219,0.0019268292682926,0.0
2015-03-19 04:00:00,1.157493457943925,0.0079271028037383,0.0227420560747663,0.0,0.0,0.0,0.0138934579439252,0.0086130841121495,0.0019140186915887,0.0
2015-03-19 05:00:00,2.918135687732342,0.0,0.0192992565055762,0.0,0.0,0.0,0.0138587360594795,0.0051765799256505,0.0018884758364312,0.0
2015-03-19 06:00:00,2.658453531598513,0.007860594795539,0.0216617100371747,0.0002379182156133,0.6607360594795539,0.029085501858736,0.0138345724907063,0.0051468401486988,0.0939089219330855,0.0897862453531598
2015-03-19 07:00:00,0.7416547842401501,0.0089718574108818,0.1769455909943715,0.0,0.0761969981238274,0.0,0.0148048780487804,0.0051106941838649,0.0016848030018761,0.0
2015-03-19 08:00:00,0.5512971962616822,0.0085607476635514,0.0103850467289719,0.0,0.0,0.0,0.0148523364485981,0.0051719626168224,0.0017738317757009,0.1160130841121495
2015-03-19 09:00:00,0.4084398496240601,0.0,0.018390977443609,0.0,0.0,0.0,0.0154887218045112,0.005140977443609,0.0017706766917293,0.0001203007518796
2015-03-19 10:00:00,0.450378277153558,0.0081123595505617,0.0238988764044943,0.0,0.0,0.0,0.0633052434456928,0.0051554307116104,0.001752808988764,5.617977528089887e-05
2015-03-19 11:00:00,0.5358445692883895,0.0084063670411985,0.0179044943820224,0.0,0.0,0.0,0.0306760299625468,0.0051704119850187,0.0017790262172284,0.1414063670411985
2015-03-19 12:00:00,0.62293808630394,0.0118311444652908,0.0112814258911819,0.0,0.0,0.0584183864915572,0.0153189493433395,0.0051219512195121,0.1100731707317073,0.0862326454033771
2015-03-19 13:00:00,0.3628056074766355,5.607476635514018e-06,0.024814953271028,0.0,0.0,0.0,0.0145775700934579,0.0051457943925233,0.0018018691588785,0.0
2015-03-19 14:00:00,0.4794320754716981,0.0087320754716981,0.0231830188679245,0.0,0.0,0.0,0.0139792452830188,0.0051377358490566,0.0017339622641509,0.107888679245283
2015-03-19 15:00:00,0.7964615384615384,0.0085759849906191,0.017405253283302,0.0,0.0,0.0,0.01406191369606,0.0051369606003752,0.0017279549718574,0.0
2015-03-19 16:00:00,0.5482589792060492,0.0107221172022684,0.0320415879017013,0.0,0.0,0.0,0.014039697542533,0.0051550094517958,0.0017069943289224,0.0
2015-03-19 17:00:00,0.7010337711069418,0.0007223264540337,0.0259962476547842,0.0,0.0,0.0,0.0139662288930581,0.0230243902439024,0.1940131332082551,0.0928348968105065
2015-03-19 18:00:00,0.5177947269303201,0.008924670433145,0.0556817325800376,0.0,0.0,0.0,0.0139811676082862,0.1414839924670433,0.0016629001883239,0.0
2015-03-19 19:00:00,0.7107322097378277,0.0098951310861423,0.0113595505617977,0.0,0.0,0.0,0.0139906367041198,0.1406535580524344,0.0018220973782771,0.0
2015-03-19 20:00:00,0.8371794392523365,0.0128728971962616,0.0155794392523364,0.0,0.0,0.0,0.0140467289719626,0.1571084112149532,0.0017700934579439,0.0966785046728972
2015-03-19 21:00:00,0.7253950850661626,0.0087277882797731,0.0693724007561436,0.0,0.0,0.0,0.0139319470699432,0.1569262759924385,0.0018223062381852,0.0
2015-03-19 22:00:00,0.8509196261682244,0.0038056074766355,0.0252168224299065,0.0,0.0004280373831775,0.0,0.0139700934579439,0.1189084112149532,0.001826168224299,0.0
2015-03-19 23:00:00,0.4415280898876405,0.005063670411985,0.0394026217228464,0.0,0.0018202247191011,0.0,0.0140898876404494,0.025063670411985,0.0018726591760299,0.0
2015-03-20 00:00:00,0.4144822429906541,0.0086766355140186,0.2775831775700935,0.0,0.0018841121495327,0.0,0.0141046728971962,0.0057943925233644,0.0018803738317757,0.0
2015-03-20 01:00:00,0.4095706214689266,0.0084689265536723,0.0227721280602636,0.0,0.0018097928436911,0.0,0.0140056497175141,0.0051920903954802,0.001894538606403,0.0
2015-03-20 02:00:00,1.3081601489757912,0.0002886405959031,0.0160372439478584,0.0,0.0017970204841713,0.0,0.0139571694599627,0.0245977653631284,0.0018733705772811,0.0
2015-03-20 03:00:00,1.1058176691729322,0.0075601503759398,0.0202011278195488,0.0,0.0080432330827067,0.0,0.0140300751879699,0.0250526315789473,0.001843984962406,0.0
2015-03-20 04:00:00,2.2311365313653138,0.0083210332103321,0.0160922509225092,0.0,1.318479704797048,0.0,0.0139335793357933,0.0250092250922509,0.0018191881918819,0.0
2015-03-20 05:00:00,4.129736842105263,0.0083533834586466,0.0054868421052631,0.0,0.0523364661654135,0.0,0.0139398496240601,0.0157330827067669,0.0017537593984962,0.0
2015-03-20 06:00:00,2.1825289719626166,5.607476635514018e-06,0.034,0.0,0.0012130841121495,0.0289607476635514,0.014,0.0051439252336448,0.1095906542056074,0.115422429906542
2015-03-20 07:00:00,0.4289232209737827,0.0119513108614232,0.0172640449438202,0.0,0.0002172284644194,0.0,0.0139194756554307,0.0051423220973782,0.0018745318352059,0.0
2015-03-20 08:00:00,0.5195009380863039,0.0102420262664165,0.0,0.0,0.0,0.0,0.0140450281425891,0.0051519699812382,0.001859287054409,0.1040525328330206
2015-03-20 09:00:00,0.6469644194756554,0.0086760299625468,0.0,0.0,0.0,0.0,0.0140505617977528,0.005129213483146,0.0018483146067415,0.0600955056179775
2015-03-20 10:00:00,0.5646481481481481,0.0,0.0,0.0,0.0,0.0,0.0140351851851851,0.0051944444444444,0.0018722222222222,0.0
2015-03-20 11:00:00,0.4705384615384615,0.0098555347091932,0.0239624765478424,0.0,0.0,0.0342739212007504,0.0152814258911819,0.0051369606003752,0.0782288930581613,0.0611969981238273
2015-03-20 12:00:00,0.2610714285714285,0.0110131578947368,0.0209605263157894,0.0,0.0,0.0131842105263157,0.0141541353383458,0.0051691729323308,0.0528477443609022,0.0
2015-03-20 13:00:00,0.2175992509363296,0.0103857677902621,0.0264101123595505,0.0,0.0,0.0,0.0220468164794007,0.0051573033707865,0.0018651685393258,0.0
2015-03-20 14:00:00,0.2377206703910614,0.0102625698324022,0.0138621973929236,0.0,0.0,0.0,0.0260335195530726,0.0051769087523277,0.0018547486033519,0.0203538175046554
2015-03-20 15:00:00,0.7744301675977654,0.0019702048417132,0.0167337057728119,0.0,0.0,0.0,0.0166126629422718,0.0051378026070763,0.0018491620111731,0.086290502793296
2015-03-20 16:00:00,0.69146904315197,0.0085103189493433,0.0275647279549718,0.0,0.0,0.0,0.0567673545966228,0.0051726078799249,0.1239380863039399,0.0
2015-03-20 17:00:00,0.2951457943925233,0.0052056074766355,0.0281514018691588,0.0,0.0,0.0,0.015007476635514,0.0320579439252336,0.0024990654205607,0.0
2015-03-20 18:00:00,0.5459532710280374,0.0,0.0261383177570093,0.0057420560747663,0.0,0.0,0.0149925233644859,0.1400448598130841,0.0017308411214953,0.0821981308411215
2015-03-20 19:00:00,0.6643954802259886,0.0099905838041431,0.025382297551789,0.0,0.0,0.0,0.0150018832391713,0.1125310734463276,0.0017382297551789,0.0
2015-03-20 20:00:00,0.6870931098696461,0.0,0.02556052141527,0.0,0.0,0.0,0.0150204841713221,0.1374450651769087,0.0017895716945996,0.0
2015-03-20 21:00:00,0.6447928436911488,0.0069566854990583,0.0266741996233521,0.0,0.0,0.0,0.0150169491525423,0.1035197740112994,0.0018305084745762,0.0
2015-03-20 22:00:00,0.5368205607476635,0.0,0.0070467289719626,0.0,0.0018915887850467,0.0,0.0150205607476635,0.0052280373831775,0.001818691588785,0.0
2015-03-20 23:00:00,0.4271308411214953,0.0065271028037383,0.0178878504672897,0.0,0.001833644859813,0.0,0.015026168224299,0.0052018691588785,0.0018691588785046,0.0
2015-03-21 00:00:00,0.4365655430711611,0.0,0.021380149812734,0.0,0.001812734082397,0.0,0.0150112359550561,0.0052471910112359,0.0019157303370786,0.0
2015-03-21 01:00:00,0.8422425925925926,0.0084814814814814,0.021537037037037,0.0,0.0018462962962962,0.0,0.0150388888888888,0.0051962962962962,0.001937037037037,0.0
2015-03-21 02:00:00,2.038208566108008,0.0,0.0211247672253258,0.0,1.0885344506517691,0.0,0.0150391061452513,0.0051433891992551,0.0018789571694599,0.0
2015-03-21 03:00:00,1.2137272727272728,0.0073116883116883,0.022330241187384,0.0,0.0676623376623376,0.0,0.015012987012987,0.0079276437847866,0.0018515769944341,0.0
2015-03-21 04:00:00,0.7263639774859286,0.0,0.0040375234521575,0.0,0.0013095684803001,0.0,0.0150337711069418,0.0076510318949343,0.0018686679174484,0.0
2015-03-21 05:00:00,2.9742728971962613,0.0107887850467289,0.0174803738317757,0.0,0.0012859813084112,0.0,0.015014953271028,0.0060766355140186,0.0018523364485981,0.0
2015-03-21 06:00:00,2.626621722846442,0.0067209737827715,0.0207322097378277,0.0,0.0002827715355805,0.0227490636704119,0.0150224719101123,0.0060299625468164,0.0018239700374531,0.1073202247191011
2015-03-21 07:00:00,0.5294887640449437,0.0049719101123595,0.0214775280898876,0.0,0.0,0.0148277153558052,0.015005617977528,0.0060393258426966,0.0018258426966292,0.0
2015-03-21 08:00:00,0.2097996254681648,0.0070561797752808,0.0210580524344569,0.0,0.0,0.0,0.0149831460674157,0.0060243445692883,0.001692883895131,0.0
2015-03-21 09:00:00,0.2021468926553672,0.0,0.0089416195856873,0.0,0.0,0.0,0.0149868173258003,0.0060244821092278,0.0017702448210922,0.0
2015-03-21 10:00:00,0.385865671641791,0.0293227611940298,0.0224048507462686,0.000330223880597,0.0,0.0,0.0150037313432835,0.0060373134328358,0.0018246268656716,0.1630429104477611
2015-03-21 11:00:00,0.23151606805293,0.0,0.0337466918714555,0.0009432892249527,0.0,0.0,0.0152230623818525,0.0060604914933837,0.0018109640831758,0.0
2015-03-21 12:00:00,0.2618733459357278,0.0174877126654064,0.0352589792060491,0.0009603024574669,0.0,0.0,0.0154102079395085,0.0181776937618147,0.0018185255198487,0.0
2015-03-21 13:00:00,0.2705553470919324,0.0,0.0393939962476547,0.0009568480300187,0.0,0.0,0.0149962476547842,0.0251726078799249,0.0018386491557223,0.0
2015-03-21 14:00:00,0.4516392523364486,0.0140635514018691,0.045203738317757,0.0009850467289719,0.0,0.0,0.0149962616822429,0.0250691588785046,0.0018635514018691,0.1498392523364486
2015-03-21 15:00:00,0.2681179775280899,0.0116610486891385,0.0421647940074906,0.000940074906367,0.0,0.0,0.0218239700374531,0.0251048689138576,0.001814606741573,0.0
2015-03-21 16:00:00,0.2475512104283054,0.0,0.0482458100558659,0.0009292364990689,0.0,0.0,0.0136554934823091,0.005413407821229,0.0017728119180633,0.0
2015-03-21 17:00:00,0.2602434456928839,0.0106835205992509,0.0387153558052434,0.0009250936329588,0.0,0.0,0.0136498127340823,0.0050898876404494,0.0018314606741573,0.0
2015-03-21 18:00:00,0.2563733583489681,0.009936210131332,0.0337673545966228,0.0008217636022514,0.0,0.0,0.0135797373358348,0.0051031894934333,0.0016941838649155,0.0
2015-03-21 19:00:00,0.2334393939393939,0.0,0.0339280303030303,0.0008579545454545,0.0,0.0,0.013590909090909,0.0050700757575757,0.0017443181818181,0.0
2015-03-21 20:00:00,0.5375538752362948,0.0121342155009451,0.0328374291115311,0.0008355387523629,0.0,0.0,0.0135614366729678,0.1146994328922495,0.0016899810964083,0.1360982986767485
2015-03-21 21:00:00,0.5253559322033898,0.0118210922787193,0.0322071563088512,0.0009171374764595,0.0,0.0,0.0136177024482109,0.1575103578154425,0.0017871939736346,0.0
2015-03-21 22:00:00,1.1372938931297711,2.67175572519084e-05,0.03081106870229,0.0009885496183206,0.0,0.0,0.0137003816793893,0.139442748091603,0.0019198473282442,0.0
2015-03-21 23:00:00,0.5026516007532956,0.0125047080979284,0.0314444444444444,0.0009736346516007,0.0,0.0,0.0137062146892655,0.0237532956685499,0.0018775894538606,0.0
2015-03-22 00:00:00,0.3982090395480226,0.0092824858757062,0.0311525423728813,0.0009774011299435,0.0,0.0,0.0137532956685499,0.0051412429378531,0.0018606403013182,0.0
2015-03-22 01:00:00,0.3898670411985018,0.0,0.0296797752808988,0.0009943820224719,0.0,0.0,0.0137153558052434,0.0051029962546816,0.0018913857677902,0.0
2015-03-22 02:00:00,0.8771985018726592,0.0103033707865168,0.029065543071161,0.0009606741573033,0.0,0.0,0.0136535580524344,0.0051423220973782,0.0018277153558052,0.0
2015-03-22 03:00:00,0.7403709981167608,0.0092636534839924,0.0306666666666666,0.0009717514124293,0.0,0.0,0.0136516007532956,0.0077796610169491,0.0018305084745762,0.0
2015-03-22 04:00:00,1.1468689138576778,0.0,0.0303052434456928,0.0009981273408239,0.0,0.0,0.0137134831460674,0.0075936329588014,0.0018820224719101,0.0
2015-03-22 05:00:00,3.004857410881801,0.0085084427767354,0.0284484052532833,0.0009756097560975,0.0,0.0,0.0137148217636022,0.0051500938086303,0.0018499061913696,0.0
2015-03-22 06:00:00,1.37530131826742,0.0092975517890772,0.0276704331450094,0.0009736346516007,0.0,0.0,0.0137043314500941,0.0051487758945386,0.0018738229755178,0.0
2015-03-22 07:00:00,2.3358011257035645,0.0013939962476547,0.0270056285178236,0.000921200750469,0.0,0.0345422138836773,0.0136266416510318,0.0051219512195121,0.001812382739212,0.0907711069418386
2015-03-22 08:00:00,0.2411901408450704,0.0356901408450704,0.0,0.0008591549295774,0.0,0.0,0.0136197183098591,0.0051338028169014,0.0017394366197183,0.0
2015-03-22 09:00:00,,,,,,,,,,
2015-03-22 10:00:00,,,,,,,,,,
2015-03-22 11:00:00,,,,,,,,,,
2015-03-22 12:00:00,,,,,,,,,,
2015-03-22 13:00:00,,,,,,,,,,
2015-03-22 14:00:00,,,,,,,,,,
2015-03-22 15:00:00,,,,,,,,,,
2015-03-22 16:00:00,,,,,,,,,,
2015-03-22 17:00:00,,,,,,,,,,
2015-03-22 18:00:00,,,,,,,,,,
2015-03-22 19:00:00,,,,,,,,,,
2015-03-22 20:00:00,,,,,,,,,,
2015-03-22 21:00:00,,,,,,,,,,
2015-03-22 22:00:00,,,,,,,,,,
2015-03-22 23:00:00,,,,,,,,,,
2015-03-23 00:00:00,,,,,,,,,,
2015-03-23 01:00:00,,,,,,,,,,
2015-03-23 02:00:00,,,,,,,,,,
2015-03-23 03:00:00,,,,,,,,,,
2015-03-23 04:00:00,,,,,,,,,,
2015-03-23 05:00:00,,,,,,,,,,
2015-03-23 06:00:00,,,,,,,,,,
2015-03-23 07:00:00,,,,,,,,,,
2015-03-23 08:00:00,,,,,,,,,,
2015-03-23 09:00:00,,,,,,,,,,
2015-03-23 10:00:00,,,,,,,,,,
2015-03-23 11:00:00,,,,,,,,,,
2015-03-23 12:00:00,,,,,,,,,,
2015-03-23 13:00:00,,,,,,,,,,
2015-03-23 14:00:00,,,,,,,,,,
2015-03-23 15:00:00,,,,,,,,,,
2015-03-23 16:00:00,,,,,,,,,,
2015-03-23 17:00:00,,,,,,,,,,
2015-03-23 18:00:00,,,,,,,,,,
2015-03-23 19:00:00,,,,,,,,,,
2015-03-23 20:00:00,,,,,,,,,,
2015-03-23 21:00:00,,,,,,,,,,
2015-03-23 22:00:00,,,,,,,,,,
2015-03-23 23:00:00,,,,,,,,,,
2015-03-24 00:00:00,,,,,,,,,,
2015-03-24 01:00:00,,,,,,,,,,
2015-03-24 02:00:00,,,,,,,,,,
2015-03-24 03:00:00,,,,,,,,,,
2015-03-24 04:00:00,,,,,,,,,,
2015-03-24 05:00:00,,,,,,,,,,
2015-03-24 06:00:00,,,,,,,,,,
2015-03-24 07:00:00,,,,,,,,,,
2015-03-24 08:00:00,,,,,,,,,,
2015-03-24 09:00:00,,,,,,,,,,
2015-03-24 10:00:00,,,,,,,,,,
2015-03-24 11:00:00,,,,,,,,,,
2015-03-24 12:00:00,,,,,,,,,,
2015-03-24 13:00:00,,,,,,,,,,
2015-03-24 14:00:00,,,,,,,,,,
2015-03-24 15:00:00,0.2016605504587156,0.003394495412844,0.0148960244648318,0.0,0.0,0.0,0.0141131498470948,0.005137614678899,0.0018165137614678,9.785932721712538e-05
2015-03-24 16:00:00,0.6572094339622642,0.0075056603773584,0.0283754716981132,0.0,0.0,0.0,0.0140905660377358,0.0051018867924528,0.1022169811320754,0.0
2015-03-24 17:00:00,0.6179054820415879,0.0285141776937618,0.0652703213610586,0.0,0.0,0.0,0.0140567107750472,0.0173345935727788,0.1049584120982986,0.1075406427221171
2015-03-24 18:00:00,0.4716335877862596,0.0113854961832061,0.0386603053435114,0.0,0.0,0.0,0.01406106870229,0.1449007633587786,0.001736641221374,0.0
2015-03-24 19:00:00,0.759152380952381,0.0013847619047619,0.036327619047619,0.0,0.0,0.0,0.0140495238095238,0.1586323809523809,0.0016533333333333,0.0
2015-03-24 20:00:00,0.7299502868068833,0.0074244741873804,0.0353460803059273,0.0,0.0,0.0,0.0140783938814531,0.1572982791586998,0.0017590822179732,0.0
2015-03-24 21:00:00,0.7979886363636364,0.0119545454545454,0.0271837121212121,0.0,0.0009867424242424,0.0,0.0140795454545454,0.0125492424242424,0.0017556818181818,0.0
2015-03-24 22:00:00,0.4280018939393939,0.0085833333333333,0.0278276515151515,0.0,0.0019185606060606,0.0,0.0141174242424242,0.0052083333333333,0.0018238636363636,0.0
2015-03-24 23:00:00,0.4240933333333333,0.0080457142857142,0.0204761904761904,0.0,0.0017733333333333,0.0,0.0141123809523809,0.00516,0.0018038095238095,1.904761904761905e-05
2015-03-25 00:00:00,0.4161409523809524,0.00748,0.0198228571428571,0.0,0.0018190476190476,0.0,0.0140990476190476,0.005095238095238,0.0018171428571428,0.0
2015-03-25 01:00:00,0.9119348659003832,0.0013007662835249,0.0210708812260536,0.0,0.0071781609195402,0.0,0.0140478927203065,0.0051111111111111,0.0017969348659003,0.0
2015-03-25 02:00:00,1.7646654064272211,0.0062722117202268,0.0205954631379962,0.0,0.8200226843100189,0.0,0.0140964083175803,0.0051928166351606,0.0018015122873345,0.0
2015-03-25 03:00:00,1.120231939163498,0.0073365019011406,0.0203650190114068,0.0,0.0350247148288973,0.0,0.0140646387832699,0.0083821292775665,0.0018098859315589,0.0
2015-03-25 04:00:00,0.6722557251908398,0.007618320610687,0.0214160305343511,0.0,0.0012633587786259,0.0,0.0141278625954198,0.0072156488549618,0.0017709923664122,0.0
2015-03-25 05:00:00,2.8820152671755728,0.0058148854961832,0.0158263358778625,0.0,0.0012442748091603,0.0,0.0140858778625954,0.0060877862595419,0.0017595419847328,0.0
2015-03-25 06:00:00,1.1250661625708884,0.0037882797731569,0.0071379962192816,0.0,0.0011077504725897,0.0,0.0140283553875236,0.0060510396975425,0.0017315689981096,0.0
2015-03-25 07:00:00,1.5864933586337762,0.0093301707779886,0.0510759013282732,0.0,0.0,0.0346546489563567,0.0140398481973434,0.0060417457305502,0.0953036053130929,0.1412941176470588
2015-03-25 08:00:00,0.2305973534971644,0.0094366729678638,0.0150529300567107,0.0,0.0,0.0,0.0140302457466918,0.0060378071833648,0.0018733459357277,0.0
2015-03-25 09:00:00,0.2166539923954372,0.0079942965779467,0.021361216730038,0.0,0.0,0.0,0.0141007604562737,0.0060342205323193,0.0018726235741444,0.0
2015-03-25 10:00:00,0.2162106261859582,0.009392789373814,0.0330417457305502,0.0,0.0,0.0,0.0140815939278937,0.0060550284629981,0.0019070208728652,0.0
2015-03-25 11:00:00,0.3068181818181818,0.0005833333333333,0.0108446969696969,0.0,0.0,0.0,0.0140719696969696,0.006028409090909,0.0018465909090909,0.1097859848484848
2015-03-25 12:00:00,0.3460514285714285,0.011735238095238,0.06464,0.0,0.0,0.0,0.014095238095238,0.0060323809523809,0.0548133333333333,0.0718666666666666
2015-03-25 13:00:00,0.4891564885496183,0.0094961832061068,0.0,0.0,0.0,0.0,0.0140858778625954,0.0060324427480916,0.0017900763358778,0.0025954198473282
2015-03-25 14:00:00,1.1596022727272728,0.0114185606060606,0.0505681818181818,0.0,0.0,0.0,0.0140871212121212,0.0060435606060606,0.0018049242424242,0.0
2015-03-25 15:00:00,0.35324670433145,0.0089887005649717,0.003954802259887,0.0,0.0,0.0,0.0140715630885122,0.0060451977401129,0.0017834274952919,0.1233634651600753
2015-03-25 16:00:00,0.963340186915888,0.0113289719626168,0.0259532710280373,0.0,0.0,0.0,0.0140822429906542,0.0060355140186915,0.0018018691588785,0.0
2015-03-25 17:00:00,0.3709230769230769,0.0114173076923076,0.029276923076923,0.0,0.0,0.0,0.014076923076923,0.0401615384615384,0.054051923076923,0.0314692307692307
2015-03-25 18:00:00,0.4762182163187855,0.0062182163187855,0.0,0.0,0.0,0.0,0.0140626185958254,0.1395218216318785,0.0018500948766603,0.0411309297912713
2015-03-25 19:00:00,0.5479137931034482,0.0097126436781609,0.0254865900383141,0.0,0.0,0.0,0.0140651340996168,0.031375478927203,0.0018831417624521,0.0
2015-03-25 20:00:00,0.677961759082218,0.0118546845124282,0.0308260038240917,0.0,0.0,0.0,0.0140516252390057,0.1344416826003824,0.0018948374760994,0.0
2015-03-25 21:00:00,0.7176311787072243,0.0102053231939163,2.6615969581749048e-05,0.0,0.0,0.0,0.0140570342205323,0.1375057034220532,0.0019277566539923,0.0
2015-03-25 22:00:00,0.7264568138195777,0.0,0.0592706333973128,0.0,0.0,0.0,0.0141074856046065,0.0345796545105566,0.0019328214971209,0.0
2015-03-25 23:00:00,0.4231039697542533,0.0100434782608695,0.0754555765595463,0.0,0.0,0.0,0.0141304347826086,0.0051531190926275,0.0019621928166351,0.0
2015-03-26 00:00:00,0.4225819209039548,0.0091129943502824,0.075,0.0,0.0,0.0,0.0141224105461393,0.0051845574387947,0.0019472693032015,0.0
2015-03-26 01:00:00,0.41287072243346,0.0087281368821292,0.075,0.0,0.0,0.0,0.0141463878326996,0.0051768060836501,0.0019429657794676,0.0
2015-03-26 02:00:00,1.2466316793893129,0.0,0.0294064885496183,0.0,0.0,0.0,0.0140496183206106,0.0051851145038167,0.0019637404580152,0.0
2015-03-26 03:00:00,1.103225806451613,0.0083149905123339,0.0299259962049335,0.0,0.0,0.0,0.0140588235294117,0.0082201138519924,0.0019070208728652,0.0
2015-03-26 04:00:00,0.6368121442125236,0.0080189753320683,0.0228140417457305,0.0,0.0,0.0,0.0140341555977229,0.0091328273244781,0.0019070208728652,0.0
2015-03-26 05:00:00,2.931836812144213,0.0023795066413662,0.0261688804554079,0.0,0.0,0.0,0.0140132827324478,0.0051214421252371,0.0018880455407969,0.0
2015-03-26 06:00:00,1.3718771266540644,0.0056465028355387,0.0254442344045368,0.0,0.0,0.0,0.0139962192816635,0.0051493383742911,0.0018525519848771,0.0099054820415879
2015-03-26 07:00:00,2.039908396946565,0.0127480916030534,0.0221755725190839,0.0,0.0,0.0,0.0140343511450381,0.0051545801526717,0.0974942748091603,0.0941030534351145
2015-03-26 08:00:00,0.2842857142857142,0.0092647619047619,0.0209961904761904,0.0,0.0,0.0,0.015567619047619,0.015935238095238,0.0017238095238095,0.0
2015-03-26 09:00:00,0.2374961977186311,0.0082699619771863,0.0214163498098859,0.0,0.0,0.0,0.0140361216730038,0.0081425855513307,0.0017034220532319,0.0
2015-03-26 10:00:00,0.3729354838709677,0.0019905123339658,0.0179563567362428,0.0,0.0,0.0,0.0140474383301707,0.0253282732447817,0.0017571157495256,0.1128368121442125
2015-03-26 11:00:00,0.9712925430210324,0.0087055449330783,0.0215659655831739,0.0,0.0,0.0,0.0140114722753346,0.1370879541108986,0.1133671128107074,0.1321261950286806
2015-03-26 12:00:00,0.254342803030303,0.0111742424242424,0.0191875,0.0,0.0,0.0,0.0140890151515151,0.0252234848484848,0.0018238636363636,0.0
2015-03-26 13:00:00,0.3305463137996219,0.0108809073724007,0.0227391304347826,0.0,0.0,0.0,0.0139357277882797,0.0252022684310018,0.0018317580340264,0.0
2015-03-26 14:00:00,0.6414109848484849,0.0093276515151515,0.0237102272727272,0.0,0.0,0.0,0.0140018939393939,0.0252026515151515,0.0018541666666666,0.1180132575757575
2015-03-26 15:00:00,0.2545583173996176,0.0,0.0276118546845124,0.0,0.0,0.0,0.0140210325047801,0.0251414913957934,0.0017858508604206,0.0
2015-03-26 16:00:00,0.6659315589353612,0.0083802281368821,0.0217205323193916,0.0,0.0,0.0,0.0140266159695817,0.0053003802281368,0.0905931558935361,0.0
2015-03-26 17:00:00,0.5672813688212928,0.0097775665399239,0.0272015209125475,0.0,0.0,0.0,0.0139695817490494,0.0504543726235741,0.1300399239543726,0.1180247148288973
2015-03-26 18:00:00,0.4245419847328244,0.0122786259541984,0.0266851145038167,0.0004885496183206,0.0,0.0,0.0139217557251908,0.1387977099236641,0.001780534351145,0.0
2015-03-26 19:00:00,0.9461980952380952,0.0128038095238095,0.0236038095238095,0.0,0.0,0.0,0.0138914285714285,0.1186342857142857,0.001727619047619,0.0952514285714285
2015-03-26 20:00:00,0.7005210727969349,0.0070114942528735,0.0179597701149425,0.0,0.0,0.0,0.0140057471264367,0.1562337164750957,0.0017413793103448,0.0
2015-03-26 21:00:00,0.7764555765595463,0.0016862003780718,0.0100604914933837,0.0,0.0007353497164461,0.0,0.0139886578449905,0.0282003780718336,0.0018015122873345,0.0
2015-03-26 22:00:00,0.4319262759924385,0.0093856332703213,0.0040775047258979,0.0,0.0018827977315689,0.0,0.0140283553875236,0.0250226843100189,0.0018279773156899,0.0
2015-03-26 23:00:00,0.4225596153846154,0.0083788461538461,0.0759423076923077,0.0,0.0017826923076923,0.0,0.0139788461538461,0.0250846153846153,0.0018673076923076,0.0
2015-03-27 00:00:00,0.4234827586206896,0.0079674329501915,0.0271685823754789,0.0,0.0018429118773946,0.0,0.0140651340996168,0.0242049808429118,0.0019080459770114,0.0
2015-03-27 01:00:00,2.269294117647059,0.0,0.0183795066413662,0.0,1.2774364326375711,0.0,0.0140683111954459,0.0051518026565464,0.0018747628083491,0.0
2015-03-27 02:00:00,1.3409774011299436,0.0105856873822975,0.029231638418079,0.0,0.4921864406779661,0.0,0.0140508474576271,0.0052109227871939,0.0018738229755178,0.0
2015-03-27 03:00:00,1.014885277246654,0.0082256214149139,0.0129923518164435,0.0,0.0012887189292543,0.0,0.0141032504780114,0.008095602294455,0.0018948374760994,0.0
2015-03-27 04:00:00,0.5940381679389314,0.0051698473282442,0.0,0.0,0.0013454198473282,0.0,0.0140992366412213,0.008662213740458,0.0018835877862595,0.0
2015-03-27 05:00:00,2.975385199240987,0.0049753320683111,0.0173187855787476,0.0077722960151802,0.0012960151802656,0.0,0.0140740037950664,0.0052030360531309,0.0018349146110056,0.0
2015-03-27 06:00:00,3.572897727272728,0.0079810606060606,0.0223011363636363,0.0,0.9122594696969696,0.0,0.0139526515151515,0.0051685606060606,0.0501931818181818,0.167217803030303
2015-03-27 07:00:00,0.6302298850574712,0.0115613026819923,0.0112624521072796,0.0,0.0185440613026819,0.0315038314176245,0.0139310344827586,0.005103448275862,0.0576187739463601,0.0356685823754789
2015-03-27 08:00:00,0.205690114068441,0.0,0.0022661596958174,0.0,0.0,0.0,0.0140057034220532,0.0051711026615969,0.0017338403041825,0.0
2015-03-27 09:00:00,0.3503409523809523,0.0104857142857142,0.0352819047619047,0.0,0.0,0.0,0.0139142857142857,0.0051847619047619,0.0017657142857142,0.1336095238095238
2015-03-27 10:00:00,0.2296982922201138,0.0299829222011385,0.0230265654648956,0.0,0.0,0.0,0.0139962049335863,0.0051916508538899,0.001774193548387,0.0
2015-03-27 11:00:00,0.3400867924528302,0.0052792452830188,0.0203207547169811,0.0,0.0,0.0,0.0140283018867924,0.005154716981132,0.0017735849056603,0.0873188679245283
2015-03-27 12:00:00,0.3694442344045369,0.0176975425330812,0.0206370510396975,0.0,0.0,0.0,0.013984877126654,0.0051758034026465,0.0017939508506616,0.071640831758034
2015-03-27 13:00:00,0.2798590476190476,0.017847619047619,0.019015238095238,0.0,0.0,0.0,0.0140780952380952,0.0051638095238095,0.001815238095238,0.0
2015-03-27 14:00:00,0.4497585551330798,0.0019087452471482,0.0174296577946768,0.0,0.0,0.0,0.0139885931558935,0.0051768060836501,0.0018441064638783,0.1255209125475285
2015-03-27 15:00:00,0.3497756653992395,0.012615969581749,0.0199942965779467,0.0,0.0,0.0,0.014009505703422,0.1016121673003802,0.0018422053231939,0.0473555133079847
2015-03-27 16:00:00,0.8121726755218216,0.0159848197343453,0.0248557874762808,0.0,0.0,0.0,0.014,0.0193662239089184,0.0017950664136622,0.0
2015-03-27 17:00:00,0.6350190476190476,0.0182761904761904,0.02564,0.0,0.0,0.0,0.0140571428571428,0.0093371428571428,0.0795085714285714,0.0980419047619047
2015-03-27 18:00:00,0.4521499051233396,0.0,0.025561669829222,0.0,0.0,0.0,0.0140531309297912,0.1417685009487666,0.0017305502846299,0.0
2015-03-27 19:00:00,0.7101147227533461,0.0129273422562141,0.0254302103250478,0.0,0.0,0.0,0.014057361376673,0.1365372848948375,0.0016653919694072,0.0
2015-03-27 20:00:00,0.5630490566037736,0.0121245283018867,0.0239018867924528,0.0,0.0,0.0,0.0140471698113207,0.1375566037735849,0.001766037735849,0.0
2015-03-27 21:00:00,0.5790563106796117,0.0,0.0231300970873786,0.0,0.0003398058252427,0.0,0.0140912621359223,0.0986563106796116,0.0018718446601941,0.0
2015-03-27 22:00:00,0.5095858778625953,0.0127709923664122,0.0132690839694656,0.0,0.0018206106870229,0.0,0.0140935114503816,0.0051889312977099,0.0018625954198473,0.0
2015-03-27 23:00:00,0.4114465648854962,0.0100877862595419,0.0109160305343511,0.0,0.0017919847328244,0.0,0.0141507633587786,0.0052003816793893,0.0018778625954198,0.0
2015-03-28 00:00:00,0.4222152380952381,0.0030114285714285,0.0183447619047619,0.0,0.0018590476190476,0.0,0.0141390476190476,0.0052304761904761,0.0019485714285714,0.0
2015-03-28 01:00:00,1.9856818181818183,0.0065757575757575,0.0202272727272727,0.0,1.4290625,0.0,0.0141079545454545,0.0051666666666666,0.0018844696969696,0.0
2015-03-28 02:00:00,1.4234285714285713,0.0110209523809523,0.0218114285714285,0.0,0.1146971428571428,0.0,0.0141295238095238,0.005167619047619,0.0018685714285714,0.0
2015-03-28 03:00:00,1.0828783269961977,0.0083745247148288,0.0218060836501901,0.0,0.0012851711026615,0.0,0.0141330798479087,0.0078536121673003,0.0018688212927756,0.0
2015-03-28 04:00:00,0.758439393939394,0.0007859848484848,0.0224450757575757,0.0,0.001215909090909,0.0,0.0140681818181818,0.009590909090909,0.0018541666666666,0.0
2015-03-28 05:00:00,2.949709923664122,0.009162213740458,0.0158645038167938,0.0,0.001223282442748,0.0,0.0140553435114503,0.0051736641221374,0.0018625954198473,0.0
2015-03-28 06:00:00,2.7945286259541984,0.0098854961832061,0.0095324427480916,0.0,0.00125,0.0325858778625954,0.013986641221374,0.0051545801526717,0.0018225190839694,0.091942748091603
2015-03-28 07:00:00,0.6175768500948767,0.0047324478178368,0.01907779886148,0.0,0.0001537001897533,0.0,0.0140189753320683,0.0051688804554079,0.0018140417457305,0.0
2015-03-28 08:00:00,0.8865774378585086,0.0066978967495219,0.0217762906309751,0.0,0.0,0.0,0.0140133843212237,0.0051013384321223,0.001812619502868,0.1554780114722753
2015-03-28 09:00:00,0.7521625708884688,0.0112722117202268,0.0213894139886578,0.0,0.0,0.0,0.0139546313799621,0.0051228733459357,0.0017240075614366,0.120156899810964
2015-03-28 10:00:00,0.299828897338403,0.0046178707224334,0.0263897338403041,0.000338403041825,0.0,0.0,0.0140266159695817,0.0052015209125475,0.0018441064638783,0.0
2015-03-28 11:00:00,0.4493295238095238,0.0047447619047619,0.026007619047619,0.00092,0.0,0.0,0.0139847619047619,0.0051447619047619,0.0030361904761904,0.1282914285714285
2015-03-28 12:00:00,0.7112057142857143,0.0115561904761904,0.0147485714285714,0.0009695238095238,0.0,0.0478666666666666,0.0140609523809523,0.0051504761904761,0.0932628571428571,0.1446571428571428
2015-03-28 13:00:00,0.4002186311787072,0.0119182509505703,0.0133365019011406,0.001,0.0,0.0,0.0140893536121673,0.0051787072243346,0.0019258555133079,0.0052851711026615
2015-03-28 14:00:00,0.2288956356736243,9.487666034155597e-06,0.0269127134724857,0.0009620493358633,0.0,0.0,0.0140721062618595,0.005212523719165,0.0019297912713472,0.0
2015-03-28 15:00:00,0.2179961832061068,0.0119580152671755,0.0313129770992366,0.0009790076335877,0.0,0.0,0.0140591603053435,0.0051946564885496,0.0019408396946564,0.0
2015-03-28 16:00:00,0.5645589353612167,0.0113212927756654,0.0325627376425855,0.0009847908745247,0.0,0.0,0.0140779467680608,0.0051615969581749,0.0019486692015209,0.0
2015-03-28 17:00:00,0.8250480769230769,0.0138423076923076,0.031376923076923,0.0009365384615384,0.0,0.0,0.0140596153846153,0.044425,0.3132596153846153,0.0
2015-03-28 18:00:00,0.5103397312859885,7.677543186180422e-06,0.0217120921305182,0.0009040307101727,0.0,0.0,0.013957773512476,0.1393493282149712,0.0017754318618042,0.1048675623800383
2015-03-28 19:00:00,0.6576019047619047,0.0116019047619047,0.0264419047619047,0.0009314285714285,0.0,0.0,0.0140819047619047,0.1578133333333333,0.0017714285714285,0.0
2015-03-28 20:00:00,0.5568253358925145,0.0112917466410748,0.0244952015355086,0.0009692898272552,0.0,0.0,0.0141151631477927,0.0157811900191938,0.0018406909788867,0.0
2015-03-28 21:00:00,0.6510962264150943,0.006954716981132,0.0294452830188679,0.0009584905660377,0.0,0.0,0.0140943396226415,0.0060849056603773,0.0018226415094339,0.0
2015-03-28 22:00:00,0.415487619047619,0.0037904761904761,0.0274514285714285,0.0009923809523809,0.0,0.0,0.014135238095238,0.0060609523809523,0.0018971428571428,0.0
2015-03-28 23:00:00,0.4170396226415094,0.0101301886792452,0.0275566037735849,0.0009603773584905,0.0,0.0,0.0140849056603773,0.0060301886792452,0.0018415094339622,0.0
2015-03-29 00:00:00,0.4087638095238095,0.011447619047619,0.0162228571428571,0.000975238095238,0.0,0.0,0.0140628571428571,0.0090590476190476,0.0018704761904761,0.0
2015-03-29 01:00:00,,,,,,,,,,
2015-03-29 02:00:00,1.196180265654649,0.0,0.0109734345351043,0.0009829222011385,0.0,0.0,0.0140796963946869,0.0061916508538899,0.0018330170777988,0.0
2015-03-29 03:00:00,0.6066375711574953,0.0089127134724857,0.025988614800759,0.0009753320683111,0.0,0.0,0.0140872865275142,0.0076204933586337,0.0018557874762808,0.0
2015-03-29 04:00:00,0.9167756653992396,0.0089201520912547,0.028231939163498,0.0009505703422053,0.0,0.0,0.0140684410646387,0.0068365019011406,0.0018231939163498,0.0
2015-03-29 05:00:00,0.4948377358490566,0.0067113207547169,0.027277358490566,0.0009566037735849,0.0,0.0,0.0140924528301886,0.0051622641509433,0.001888679245283,0.0
2015-03-29 06:00:00,3.6542851711026616,0.0016463878326996,0.0178498098859315,0.0009277566539923,0.0,0.0,0.0140665399239543,0.0051197718631178,0.0018079847908745,0.0
2015-03-29 07:00:00,0.7894469696969697,0.0093579545454545,0.0074261363636363,0.0009772727272727,0.0,0.0,0.014123106060606,0.0050852272727272,0.0018693181818181,0.0
2015-03-29 08:00:00,2.230756653992396,0.0112167300380228,0.0186844106463878,0.0009163498098859,0.0,0.0376844106463878,0.0140209125475285,0.0051235741444866,0.0017832699619771,0.1227452471482889
2015-03-29 09:00:00,0.5132528517110266,0.0006711026615969,0.0255456273764258,0.0009220532319391,0.0,0.0,0.0140171102661596,0.0051501901140684,0.0017376425855513,0.0
2015-03-29 10:00:00,0.6221306818181819,0.0108200757575757,0.0256799242424242,0.000875,0.0,0.0,0.014,0.0051193181818181,0.0017234848484848,0.1522140151515151
2015-03-29 11:00:00,0.4431304347826086,0.0156767485822306,0.025274102079395,0.0008544423440453,0.0,0.0,0.0140113421550094,0.0051134215500945,0.0016578449905482,0.0
2015-03-29 12:00:00,0.4773231939163498,0.0098174904942965,0.0069866920152091,0.0007604562737642,0.0,0.0,0.0140019011406844,0.0051083650190114,0.0694391634980988,0.0
2015-03-29 13:00:00,0.5874484732824427,0.0046450381679389,0.0201564885496183,0.0007652671755725,0.0,0.0364809160305343,0.0139790076335877,0.0050820610687022,0.011767175572519,0.1102996183206106
2015-03-29 14:00:00,0.2202118320610687,0.0150992366412213,0.0258874045801526,0.000736641221374,0.0,0.0,0.0139694656488549,0.005104961832061,0.0016641221374045,0.0
2015-03-29 15:00:00,0.2186717557251908,0.0146259541984732,0.0261068702290076,0.0007958015267175,0.0,0.0,0.0139961832061068,0.0050954198473282,0.0016832061068702,0.0
2015-03-29 16:00:00,0.2687297297297297,0.0014054054054054,0.0224806949806949,0.0008320463320463,0.0,0.0,0.0139613899613899,0.0051332046332046,0.0017162162162162,0.0
2015-03-29 17:00:00,0.7325768500948767,0.0120550284629981,0.0106110056925996,0.0009127134724857,0.0,0.0,0.0140379506641366,0.0165351043643263,0.0017495256166982,0.0
2015-03-29 18:00:00,0.716503861003861,0.0149594594594594,0.0223262548262548,0.0009073359073359,0.0,0.0,0.014015444015444,0.1446023166023166,0.0743011583011583,0.0
2015-03-29 19:00:00,0.5363151750972762,0.0042879377431906,0.0291147859922179,0.0008035019455252,0.0,0.0,0.0139805447470817,0.1395797665369649,0.0017509727626459,0.1158638132295719
2015-03-29 20:00:00,0.7176653846153846,0.009701923076923,0.0246711538461538,0.0007846153846153,0.0,0.0,0.014,0.1569576923076923,0.0016096153846153,0.0
2015-03-29 21:00:00,0.7152313575525813,0.0117514340344168,0.0204302103250478,0.0008833652007648,0.0,0.0,0.0140229445506692,0.156623326959847,0.0017227533460803,0.0
2015-03-29 22:00:00,0.7192258064516129,0.0028975332068311,0.0066717267552182,0.0009734345351043,0.001066413662239,0.0,0.0140037950664136,0.0784990512333965,0.0018406072106261,0.0
2015-03-29 23:00:00,0.4365458015267175,0.0104160305343511,0.0150553435114503,0.0009522900763358,0.0018301526717557,0.0,0.0141125954198473,0.0304236641221374,0.0018167938931297,0.0
2015-03-30 00:00:00,1.2969433962264152,0.0108735849056603,0.0216584905660377,0.000954716981132,0.8036528301886792,0.0,0.0141169811320754,0.0270679245283018,0.001843396226415,0.0
2015-03-30 01:00:00,0.8033853383458647,0.0,0.0208966165413533,0.0009605263157894,0.3331842105263158,0.0,0.0140827067669172,0.0128007518796992,0.0018477443609022,0.0
2015-03-30 02:00:00,1.2384350282485874,0.0098173258003766,0.0222636534839924,0.0009736346516007,0.0012297551789077,0.0,0.0140338983050847,0.0051544256120527,0.0018267419962335,0.0
2015-03-30 03:00:00,2.057681818181818,0.0097840909090909,0.005903409090909,0.4709147727272727,0.5230587121212121,0.0,0.0140719696969696,0.0074924242424242,0.0017821969696969,0.0
2015-03-30 04:00:00,2.1147718631178707,0.0,0.0150285171102661,0.3901501901140684,0.9701463878326996,0.0,0.014051330798479,0.0098231939163498,0.0018631178707224,0.0
2015-03-30 05:00:00,0.497745247148289,0.0097699619771863,0.0241977186311787,0.0009125475285171,0.0154201520912547,0.0,0.0141444866920152,0.0051501901140684,0.0018783269961977,0.0
2015-03-30 06:00:00,3.539262759924385,0.0098279773156899,0.0237561436672967,0.000867674858223,0.0012646502835538,0.0,0.013977315689981,0.0051455576559546,0.0018336483931947,0.0
2015-03-30 07:00:00,0.89312,2.285714285714285e-05,0.0186323809523809,0.0007314285714285,0.0012304761904761,0.0353828571428571,0.0140266666666666,0.0051657142857142,0.12484,0.1123561904761904
2015-03-30 08:00:00,1.1428445297504797,0.0120441458733205,0.0048963531669865,0.0008138195777351,0.0007735124760076,0.0,0.0139673704414587,0.0051708253358925,0.0019040307101727,0.0
2015-03-30 09:00:00,0.3136905660377358,0.0115150943396226,0.0120452830188679,0.0008452830188679,0.0,0.0,0.014054716981132,0.0051735849056603,0.0018924528301886,0.0841924528301886
2015-03-30 10:00:00,0.2125161904761904,0.0,0.0217066666666666,0.0008342857142857,0.0,0.0,0.0140514285714285,0.0051980952380952,0.0019123809523809,0.0
2015-03-30 11:00:00,0.2990056497175141,0.0108022598870056,0.0236346516007532,0.0008116760828625,0.0,0.0,0.0141431261770244,0.0051657250470809,0.0018681732580037,0.0724651600753295
2015-03-30 12:00:00,0.503303605313093,0.0141669829222011,0.0053851992409867,0.0009108159392789,0.0,0.0,0.0140626185958254,0.0052599620493358,0.0019335863377609,0.2360436432637571
2015-03-30 13:00:00,0.2900914285714286,0.0,0.0166361904761904,0.0008704761904761,0.0,0.0,0.0141009523809523,0.0051828571428571,0.0019371428571428,0.067295238095238
2015-03-30 14:00:00,0.2206825095057034,0.0115722433460076,0.0215684410646387,0.0008726235741444,0.0,0.0,0.0141102661596958,0.0051958174904942,0.0019125475285171,0.0
2015-03-30 15:00:00,0.2204408396946565,0.0114904580152671,0.0261240458015267,0.0009312977099236,0.0,0.0,0.0140916030534351,0.0051965648854961,0.0018950381679389,0.0
2015-03-30 16:00:00,0.2267476459510358,0.0013917137476459,0.0245574387947269,0.0009472693032015,0.0,0.0,0.0139905838041431,0.0051544256120527,0.0018738229755178,0.0
2015-03-30 17:00:00,0.244398865784499,0.0092249527410207,0.0238544423440453,0.0009395085066162,0.0,0.0,0.0140737240075614,0.0051587901701323,0.0018979206049149,0.0
2015-03-30 18:00:00,0.2423435700575816,0.0102034548944337,0.0111285988483685,0.0008637236084452,0.0,0.0,0.0141017274472168,0.0051497120921305,0.0018637236084452,0.0
2015-03-30 19:00:00,0.5438954372623575,0.0052490494296577,0.0140931558935361,0.0008231939163498,0.0,0.0,0.0139885931558935,0.1258821292775665,0.0389277566539923,0.116861216730038
2015-03-30 20:00:00,0.6624103053435115,0.0051278625954198,0.0214141221374045,0.000898854961832,0.0,0.0,0.0139790076335877,0.1547442748091603,0.0017442748091603,0.0
2015-03-30 21:00:00,0.7217782026768642,0.0103575525812619,0.0222944550669216,0.0009388145315487,0.0,0.0,0.0140019120458891,0.1581529636711281,0.0017973231357552,0.0
2015-03-30 22:00:00,0.8620303605313093,0.0101043643263757,0.027,0.0009791271347248,0.0,0.0,0.0140455407969639,0.154639468690702,0.0018899430740037,0.0
2015-03-30 23:00:00,0.4236982922201138,0.0002485768500948,0.0269089184060721,0.0009943074003795,0.0018026565464895,0.0,0.0141176470588235,0.0052827324478178,0.0018937381404174,0.0
2015-03-31 00:00:00,0.404819734345351,0.009853889943074,0.0178633776091081,0.0009943074003795,0.0018937381404174,0.0,0.014111954459203,0.0051518026565464,0.0018690702087286,0.0
2015-03-31 01:00:00,1.095767619047619,0.0099828571428571,0.0089314285714285,0.0009847619047619,0.6442952380952381,0.0,0.0141219047619047,0.0051542857142857,0.0018704761904761,0.0
2015-03-31 02:00:00,1.2484364326375712,0.0,0.026943074003795,0.2211518026565465,0.0963092979127134,0.0,0.0141176470588235,0.0052068311195445,0.0019089184060721,0.0
2015-03-31 03:00:00,2.1042072243346004,0.0097110266159695,0.0265950570342205,0.3227566539923954,0.926454372623574,0.0,0.014083650190114,0.0074733840304182,0.0018498098859315,0.0
2015-03-31 04:00:00,0.9594397905759164,0.0,0.0,0.0009319371727748,0.046089005235602,0.0,0.0140575916230366,0.0112774869109947,0.0018167539267015,0.0
2015-03-31 05:00:00,,,,,,,,,,
2015-03-31 06:00:00,,,,,,,,,,
2015-03-31 07:00:00,,,,,,,,,,
2015-03-31 08:00:00,,,,,,,,,,
2015-03-31 09:00:00,,,,,,,,,,
2015-03-31 10:00:00,,,,,,,,,,
2015-03-31 11:00:00,,,,,,,,,,
2015-03-31 12:00:00,,,,,,,,,,
2015-03-31 13:00:00,,,,,,,,,,
2015-03-31 14:00:00,,,,,,,,,,
2015-03-31 15:00:00,,,,,,,,,,
2015-03-31 16:00:00,,,,,,,,,,
2015-03-31 17:00:00,,,,,,,,,,
2015-03-31 18:00:00,,,,,,,,,,
2015-03-31 19:00:00,,,,,,,,,,
2015-03-31 20:00:00,,,,,,,,,,
2015-03-31 21:00:00,,,,,,,,,,
2015-03-31 22:00:00,,,,,,,,,,
2015-03-31 23:00:00,,,,,,,,,,
2015-04-01 00:00:00,,,,,,,,,,
2015-04-01 01:00:00,,,,,,,,,,
2015-04-01 02:00:00,,,,,,,,,,
2015-04-01 03:00:00,,,,,,,,,,
2015-04-01 04:00:00,,,,,,,,,,
2015-04-01 05:00:00,,,,,,,,,,
2015-04-01 06:00:00,,,,,,,,,,
2015-04-01 07:00:00,,,,,,,,,,
2015-04-01 08:00:00,,,,,,,,,,
2015-04-01 09:00:00,,,,,,,,,,
2015-04-01 10:00:00,,,,,,,,,,
2015-04-01 11:00:00,,,,,,,,,,
2015-04-01 12:00:00,,,,,,,,,,
2015-04-01 13:00:00,,,,,,,,,,
2015-04-01 14:00:00,,,,,,,,,,
2015-04-01 15:00:00,,,,,,,,,,
2015-04-01 16:00:00,1.6937784810126582,0.0011708860759493,0.0058924050632911,0.0,0.0,0.0,0.014006329113924,0.0050506329113924,0.0018734177215189,0.0
2015-04-01 17:00:00,0.4236944444444445,0.0151666666666666,0.0263993055555555,0.0,0.0,0.0,0.0140208333333333,0.0363194444444444,0.0515416666666666,0.0946736111111111
2015-04-01 18:00:00,0.3722852348993289,0.0,0.0261140939597315,0.0,0.0,0.0,0.013986577181208,0.1417617449664429,0.0018355704697986,0.0
2015-04-01 19:00:00,0.6201683168316832,0.0116468646864686,0.0156963696369636,0.0,0.0,0.0,0.014003300330033,0.1578580858085808,0.0018448844884488,0.1057062706270627
2015-04-01 20:00:00,0.8835361842105264,0.0106776315789473,0.0086611842105263,0.0,0.0,0.0,0.0139671052631578,0.1551710526315789,0.0017598684210526,0.0
2015-04-01 21:00:00,0.7767573770491804,0.0066590163934426,0.0251639344262295,0.0,0.0,0.0,0.0140459016393442,0.1568786885245901,0.0018262295081967,0.0
2015-04-01 22:00:00,0.5437915309446254,0.0034364820846905,0.0221856677524429,0.0,0.0,0.0,0.014071661237785,0.0559087947882736,0.0018892508143322,0.0
2015-04-01 23:00:00,0.4362574257425742,0.0106732673267326,0.0261716171617161,0.0,0.0,0.0,0.014056105610561,0.0121716171617161,0.0018778877887788,0.0
2015-04-02 00:00:00,0.4258110749185667,0.0101140065146579,0.0225960912052117,0.0,0.0,0.0,0.0140814332247557,0.0051921824104234,0.0019022801302931,0.0
2015-04-02 01:00:00,0.396983552631579,0.0,0.0195098684210526,0.0,0.0,0.0,0.014078947368421,0.0052105263157894,0.0019111842105263,0.0
2015-04-02 02:00:00,0.8461221122112211,0.0095940594059405,0.0087425742574257,0.0,0.0,0.0,0.014089108910891,0.0052112211221122,0.0018679867986798,0.0
2015-04-02 03:00:00,2.0841205211726384,0.0098664495114006,0.0158078175895765,1.167469055374593,0.0,0.0,0.0141563517915309,0.008358306188925,0.0018925081433224,0.0
2015-04-02 04:00:00,1.094666666666667,0.0,0.0236176470588235,0.0173071895424836,0.0,0.0,0.0140294117647058,0.0091666666666666,0.0018856209150326,0.0
2015-04-02 05:00:00,0.6949703947368421,0.0096348684210526,0.0241151315789473,0.0008190789473684,0.0,0.0,0.0141447368421052,0.0051546052631578,0.0018125,0.0
2015-04-02 06:00:00,3.5543508196721314,0.0097081967213114,0.0206754098360655,0.0006098360655737,0.0,0.0,0.0140327868852459,0.0050983606557377,0.0016491803278688,0.0
2015-04-02 07:00:00,3.1432960526315785,0.0074276315789473,0.0210921052631578,0.0005032894736842,1.4966118421052632,0.0333881578947368,0.0140065789473684,0.0051381578947368,0.1053980263157894,0.1179177631578947
2015-04-02 08:00:00,0.4539019607843137,0.0053888888888888,0.0162156862745098,0.0,0.0967124183006536,0.0,0.0139575163398692,0.0051764705882352,0.001797385620915,0.0886470588235294
2015-04-02 09:00:00,0.2028973509933774,0.0098476821192052,0.0168907284768211,0.0,0.0,0.0,0.0139966887417218,0.005182119205298,0.0018311258278145,0.0
2015-04-02 10:00:00,0.2999573770491803,0.0020918032786885,0.0215639344262295,0.0,0.0,0.0,0.0140918032786885,0.005183606557377,0.0018655737704918,0.0896163934426229
2015-04-02 11:00:00,0.2712712418300654,0.0087908496732026,0.0208660130718954,0.0,0.0,0.0,0.0142287581699346,0.0051960784313725,0.001859477124183,0.0451078431372549
2015-04-02 12:00:00,0.2078398692810457,0.0118104575163398,0.0220555555555555,0.0,0.0,0.0,0.0140620915032679,0.0052026143790849,0.0127875816993464,0.0
2015-04-02 13:00:00,0.2203399339933993,0.0037392739273927,0.0213630363036303,0.0,0.0,0.0,0.0139867986798679,0.0051716171617161,0.0019009900990099,0.0
2015-04-02 14:00:00,0.2161677631578947,0.0079046052631578,0.0212138157894736,0.0,0.0,0.0,0.0140197368421052,0.0052171052631578,0.0019111842105263,0.0
2015-04-02 15:00:00,0.3251107491856678,0.0097687296416938,0.0121791530944625,0.0,0.0,0.0,0.0140390879478827,0.0051986970684039,0.0019413680781758,0.0719934853420195
2015-04-02 16:00:00,1.7687952522255193,0.0136824925816023,0.016913946587537,0.0,0.0,0.0,0.014053412462908,0.0052017804154302,0.0019584569732937,0.0
2015-04-02 17:00:00,0.5076120527306968,0.0069378531073446,0.0266271186440677,0.0,0.0,0.0,0.0140659133709981,0.0080376647834274,0.0418870056497175,0.0931958568738229
2015-04-02 18:00:00,0.387703213610586,0.0089962192816635,0.0273837429111531,0.0,0.0,0.0,0.0141077504725897,0.1327277882797731,0.0019054820415879,0.0
2015-04-02 19:00:00,0.6007701149425287,0.0155977011494252,0.0301360153256705,0.0,0.0,0.0,0.0140804597701149,0.0215038314176245,0.0018218390804597,0.0
2015-04-02 20:00:00,0.7313484848484849,0.0128541666666666,0.0245435606060606,0.0,0.0,0.0,0.0140662878787878,0.1612329545454545,0.0018162878787878,0.0
2015-04-02 21:00:00,0.5097080152671756,0.0,0.0120362595419847,0.0004885496183206,0.0,0.0,0.0140782442748091,0.1514675572519084,0.0018206106870229,0.0
2015-04-02 22:00:00,0.5585362595419847,0.0121354961832061,0.0176412213740458,0.0,0.0,0.0,0.0140667938931297,0.00556106870229,0.0018797709923664,0.0
2015-04-02 23:00:00,0.4126185958254269,0.0106982922201138,0.0273301707779886,0.0,0.0,0.0,0.0141214421252371,0.0052201138519924,0.0019259962049335,0.0
2015-04-03 00:00:00,0.4085619047619048,0.0040038095238095,0.0261371428571428,0.0,0.0,0.0,0.0140438095238095,0.0051866666666666,0.0019047619047619,0.0
2015-04-03 01:00:00,0.467042328042328,0.0088042328042328,0.012,0.0,0.0,0.0,0.0141269841269841,0.0052301587301587,0.0019391534391534,0.0
2015-04-03 02:00:00,,,,,,,,,,
2015-04-03 03:00:00,,,,,,,,,,
2015-04-03 04:00:00,,,,,,,,,,
2015-04-03 05:00:00,,,,,,,,,,
2015-04-03 06:00:00,,,,,,,,,,
2015-04-03 07:00:00,,,,,,,,,,
2015-04-03 08:00:00,,,,,,,,,,
2015-04-03 09:00:00,,,,,,,,,,
2015-04-03 10:00:00,,,,,,,,,,
2015-04-03 11:00:00,,,,,,,,,,
2015-04-03 12:00:00,,,,,,,,,,
2015-04-03 13:00:00,,,,,,,,,,
2015-04-03 14:00:00,,,,,,,,,,
2015-04-03 15:00:00,,,,,,,,,,
2015-04-03 16:00:00,,,,,,,,,,
2015-04-03 17:00:00,,,,,,,,,,
2015-04-03 18:00:00,,,,,,,,,,
2015-04-03 19:00:00,,,,,,,,,,
2015-04-03 20:00:00,,,,,,,,,,
2015-04-03 21:00:00,,,,,,,,,,
2015-04-03 22:00:00,,,,,,,,,,
2015-04-03 23:00:00,,,,,,,,,,
2015-04-04 00:00:00,,,,,,,,,,
2015-04-04 01:00:00,,,,,,,,,,
2015-04-04 02:00:00,,,,,,,,,,
2015-04-04 03:00:00,,,,,,,,,,
2015-04-04 04:00:00,,,,,,,,,,
2015-04-04 05:00:00,,,,,,,,,,
2015-04-04 06:00:00,,,,,,,,,,
2015-04-04 07:00:00,,,,,,,,,,
2015-04-04 08:00:00,,,,,,,,,,
2015-04-04 09:00:00,,,,,,,,,,
2015-04-04 10:00:00,,,,,,,,,,
2015-04-04 11:00:00,,,,,,,,,,
2015-04-04 12:00:00,,,,,,,,,,
2015-04-04 13:00:00,,,,,,,,,,
2015-04-04 14:00:00,,,,,,,,,,
2015-04-04 15:00:00,,,,,,,,,,
2015-04-04 16:00:00,,,,,,,,,,
2015-04-04 17:00:00,,,,,,,,,,
2015-04-04 18:00:00,,,,,,,,,,
2015-04-04 19:00:00,,,,,,,,,,
2015-04-04 20:00:00,,,,,,,,,,
2015-04-04 21:00:00,,,,,,,,,,
2015-04-04 22:00:00,,,,,,,,,,
2015-04-04 23:00:00,,,,,,,,,,
2015-04-05 00:00:00,,,,,,,,,,
