time,main,fridge,fridge-freezer,washing_machine,dishwasher,computer_site,microwave,kettle,router,hi-fi
2014-06-04 00:00:00,0.2920889261744966,0.0,0.0208305369127516,0.0,0.0,0.0,0.0018808724832214,0.1481862416107382,0.010238255033557,0.0
2014-06-04 01:00:00,0.1664516666666666,0.0,0.0605533333333333,0.0,0.0,0.0,0.0018916666666666,0.0,0.010225,0.0
2014-06-04 02:00:00,0.0702327150084317,0.0,0.0,0.0,0.0,0.0,0.001902192242833,0.0,0.0102816188870151,0.0
2014-06-04 03:00:00,0.0681876046901172,0.0,0.0,0.0,0.0,0.0,0.0019380234505862,0.0,0.0102847571189279,0.0
2014-06-04 04:00:00,0.2116340640809443,0.0,0.0708684654300168,0.0,0.0,0.0,0.0019156829679595,0.0,0.0102259696458684,0.0
2014-06-04 05:00:00,0.1609664429530201,0.0,0.0177063758389261,0.0,0.0,0.0,0.0018758389261744,0.0,0.0102013422818791,0.0
2014-06-04 06:00:00,0.1413327674023769,0.0,0.0,0.0,0.0,0.0,0.0016689303904923,0.0,0.0102088285229202,0.0
2014-06-04 07:00:00,0.1659382303839733,0.0,0.0237579298831385,0.0,0.0,0.0,0.0018030050083472,0.0,0.0102203672787979,0.0
2014-06-04 08:00:00,0.3228023450586265,0.0,0.0677855946398659,0.0,0.0,0.0,0.0016901172529313,0.06914405360134,0.0101608040201005,0.0035075376884422
2014-06-04 09:00:00,0.3421366666666666,0.0,0.0,0.0,0.0,0.0,0.00166,0.0,0.0101116666666666,0.0
2014-06-04 10:00:00,0.4835358931552587,0.0,0.0,0.0,0.0,0.0,0.0016644407345575,0.0,0.0101585976627712,0.0
2014-06-04 11:00:00,0.8288888888888889,0.0,0.0473821548821548,3.3670033670033667e-06,0.0,0.0,0.0017020202020202,0.0,0.0101750841750841,0.0
2014-06-04 12:00:00,0.683921875,0.0,0.0327690972222222,0.0,0.0,0.0,0.0017621527777777,0.1190972222222222,0.010203125,0.0067934027777777
2014-06-04 13:00:00,0.9049680672268908,0.0,0.0,0.0,0.0,0.0,0.0017882352941176,0.0,0.0101563025210084,0.004853781512605
2014-06-04 14:00:00,0.7130636515912897,0.0,0.0246917922948073,0.0,0.0,0.0,0.0016063651591289,0.0,0.010179229480737,0.0
2014-06-04 15:00:00,0.5196083333333333,0.0,0.05957,0.0,0.0,0.0,0.00159,0.0,0.01014,0.0
2014-06-04 16:00:00,0.31167,0.0,0.0,0.0,0.0,0.0,0.00174,0.0,0.0101333333333333,0.0
2014-06-04 17:00:00,0.7983355817875211,0.0,0.0541517706576728,0.0,0.0,0.0,0.0016492411467116,0.0663254637436762,0.0101770657672849,0.0113827993254637
2014-06-04 18:00:00,0.2184524207011686,0.0,0.0217278797996661,0.0,0.0,0.0,0.0017696160267111,0.0,0.0101702838063439,0.0168647746243739
2014-06-04 19:00:00,0.1211466666666666,0.0,0.0,0.0,0.0,0.0,0.0018833333333333,0.0,0.0102466666666666,0.0
2014-06-04 20:00:00,0.3438986254295532,0.0,0.0287285223367697,0.0,0.0,0.0,0.0017439862542955,0.0710584192439862,0.0101718213058419,0.0
2014-06-04 21:00:00,0.321969387755102,0.0,0.0723384353741496,0.0,0.0,0.0,0.0017261904761904,0.0485051020408163,0.0102023809523809,0.0108962585034013
2014-06-04 22:00:00,0.093477234401349,0.0,0.0,0.0,0.0,0.0,0.0018802698145025,0.0,0.010220910623946,0.0012344013490725
2014-06-04 23:00:00,0.1253760831889081,0.0,7.625649913344887e-05,0.0,0.0,0.0,0.0019306759098786,0.0,0.0102720970537261,0.0
2014-06-05 00:00:00,0.5187100694444444,0.0,0.0712847222222222,0.0,0.0,0.0,0.0019496527777777,0.2628663194444444,0.0102673611111111,0.0
2014-06-05 01:00:00,0.1792072538860103,0.0,0.0317944732297063,0.0,0.0,0.0,0.0019585492227979,0.0150431778929188,0.0102797927461139,0.0
2014-06-05 02:00:00,0.0928858131487889,0.0,0.0,0.0,0.0,0.0,0.0019152249134948,0.0,0.0103287197231833,0.0
2014-06-05 03:00:00,0.1240647985989492,0.0,0.0447355516637478,0.0,0.0,0.0,0.0017670753064798,0.0,0.0101576182136602,0.0
2014-06-05 04:00:00,0.1680941780821917,0.0,0.0428664383561643,0.0,0.0,0.0,0.0017482876712328,0.0,0.0101763698630137,0.0
2014-06-05 05:00:00,0.1481759581881533,0.0,0.0,0.0,0.0,0.0,0.0017926829268292,0.0,0.0102317073170731,0.0
2014-06-05 06:00:00,0.4941431034482758,0.0,0.0,0.0,0.0,0.0,0.0017448275862068,0.0,0.0101931034482758,0.0
2014-06-05 07:00:00,1.881766550522648,0.0,0.077883275261324,0.0,0.0,0.0,0.0017003484320557,0.0,0.0101585365853658,0.0
2014-06-05 08:00:00,1.4120392491467575,0.0,0.0093020477815699,0.0,0.4403088737201365,0.0,0.0015273037542662,0.1116569965870307,0.0101689419795221,0.0118464163822525
2014-06-05 09:00:00,1.3488494809688585,0.0,0.0,0.0,1.364970588235294,0.0,0.0014844290657439,0.0,0.0101384083044982,0.0013391003460207
2014-06-05 10:00:00,1.2022664359861592,0.0,0.03889446366782,0.0001107266435986,0.0027179930795847,0.0,0.0016989619377162,0.0,0.0101764705882352,0.0
2014-06-05 11:00:00,1.1038136752136751,0.0,0.0440615384615384,0.0,0.0,0.0,0.0552102564102564,0.0,0.0101658119658119,0.0
2014-06-05 12:00:00,1.3831593695271454,0.0,0.0,0.0,0.0,0.0,0.0018056042031523,0.0,0.0102189141856392,0.0137670753064798
2014-06-05 13:00:00,1.832438127090301,0.0,0.0216521739130434,0.0,0.0,0.0,0.0018344481605351,0.0,0.0102190635451505,0.0
2014-06-05 14:00:00,1.3363866666666668,0.0,0.0577116666666666,0.0,0.0,0.0,0.0018533333333333,0.0,0.01023,0.0
2014-06-05 15:00:00,0.9117889447236182,0.0,0.0,0.0,0.0,0.0,0.0018542713567839,0.0,0.0102261306532663,0.0
2014-06-05 16:00:00,0.5188959731543624,0.0,0.0,0.0,0.0,0.0,0.0016291946308724,0.0,0.0101560402684563,0.0
2014-06-05 17:00:00,0.2412433333333333,0.0,0.0778916666666666,0.0,0.0,0.0,0.0015616666666666,0.0,0.01016,0.0
2014-06-05 18:00:00,0.1533561872909699,0.0,0.00276254180602,0.0,0.0,0.0,0.001752508361204,0.0,0.0102023411371237,0.0
2014-06-05 19:00:00,0.1358583333333333,0.0,0.0,0.0,0.0,0.0,0.00186,0.0,0.0102033333333333,0.0
2014-06-05 20:00:00,0.1574295415959253,0.0,0.051276740237691,0.0,0.0,0.0,0.0018811544991511,0.0,0.010220713073005,0.0
2014-06-05 21:00:00,0.1076655518394648,0.0,0.0281454849498327,0.0,0.0,0.0,0.0018344481605351,0.0,0.0102458193979933,0.0
2014-06-05 22:00:00,0.0661969696969697,0.0,0.0,0.0,0.0,0.0,0.0018855218855218,0.0,0.0102474747474747,0.0
2014-06-05 23:00:00,0.0797340067340067,0.0,0.009516835016835,0.0,0.0,0.0,0.0018922558922558,0.0,0.0102693602693602,0.0
2014-06-06 00:00:00,0.169262103505843,0.0,0.0668363939899833,0.0,0.0,0.0,0.0019365609348914,0.0,0.0102954924874791,0.0
2014-06-06 01:00:00,0.0685468227424749,0.0,0.0,0.0,0.0,0.0,0.001953177257525,0.0,0.010314381270903,0.0
2014-06-06 02:00:00,0.0670489864864864,0.0,0.0,0.0,0.0,0.0,0.001866554054054,0.0,0.0102483108108108,0.0
2014-06-06 03:00:00,0.1387216666666666,0.0,0.0470466666666666,0.0,0.0,0.0,0.0018033333333333,0.0,0.0101616666666666,0.0
2014-06-06 04:00:00,0.1769613445378151,0.0,0.0277394957983193,0.0,0.0,0.0,0.0017899159663865,0.0,0.0102184873949579,0.0
2014-06-06 05:00:00,0.1818444816053512,0.0,0.0,0.0,0.0,0.0,0.0017040133779264,0.0,0.0101806020066889,0.0
2014-06-06 06:00:00,0.730541737649063,0.0,0.0,0.0,0.0,0.0,0.001793867120954,0.0,0.0101805792163543,0.0
2014-06-06 07:00:00,1.9633983193277311,0.0,0.076453781512605,0.0,0.0,0.0,0.0016991596638655,0.0,0.0101747899159663,0.0
2014-06-06 08:00:00,2.2158265993266,0.0,0.0007020202020202,0.0,0.0,0.0,0.0017525252525252,0.0,0.0101734006734006,0.0
2014-06-06 09:00:00,2.4036767169179227,0.0,0.0,0.0,0.0,0.0,0.0016197654941373,0.0,0.0101892797319933,5.025125628140704e-05
2014-06-06 10:00:00,2.130906040268456,0.0,0.0421476510067114,0.0,0.0,0.0,0.0016744966442953,0.0,0.0101711409395973,0.0
2014-06-06 11:00:00,2.173381512605042,0.0,0.042235294117647,0.0,0.0,0.0,0.0016756302521008,0.0,0.010198319327731,0.0
2014-06-06 12:00:00,1.9497869127516776,0.0,0.0,0.0,0.0,0.0,0.0018489932885906,0.0,0.0101912751677852,0.0
2014-06-06 13:00:00,1.6798580968280468,0.0,0.0101819699499165,0.0,0.0,0.0,0.0018430717863105,0.0,0.0102404006677796,0.0
2014-06-06 14:00:00,1.1982922297297298,0.0,0.0750489864864864,0.0,0.0,0.0,0.0017820945945945,0.0,0.0101706081081081,0.0
2014-06-06 15:00:00,0.9050605042016808,0.0,0.0,0.0,0.0,0.0,0.001798319327731,0.0,0.010216806722689,0.0
2014-06-06 16:00:00,0.5228664440734558,0.0,0.0196293823038397,0.0,0.0,0.0,0.0018030050083472,0.077584307178631,0.0101585976627712,0.0023071786310517
2014-06-06 17:00:00,0.2444266666666666,0.0,0.056235,0.0,0.0,0.0,0.00178,0.0,0.010215,0.0198716666666666
2014-06-06 18:00:00,0.2161402337228714,0.0,0.0,0.0,0.0,0.0,0.0018430717863105,0.0702053422370617,0.010237061769616,0.0087228714524207
2014-06-06 19:00:00,0.2715,0.0,0.0462833333333333,0.0,0.0,0.0,0.0018583333333333,0.053175,0.0102166666666666,0.0104866666666666
2014-06-06 20:00:00,0.1233450586264656,0.0,0.030395309882747,0.0,0.0,0.0,0.0018458961474036,0.0,0.010214405360134,6.030150753768844e-05
2014-06-06 21:00:00,0.189702838063439,0.0,0.0003272120200333,0.0,0.0,0.0,0.001923205342237,0.0670617696160267,0.010253756260434,0.0089833055091819
2014-06-06 22:00:00,0.2069794168096055,0.0,0.0706518010291595,0.0,0.0,0.0,0.0019056603773584,0.0,0.0102675814751286,0.0199108061749571
2014-06-06 23:00:00,0.3221585160202361,0.0,0.0001703204047217,0.0,0.0,0.0075092748735244,0.0193878583473861,0.1794131534569983,0.0102495784148397,0.0099612141652613
2014-06-07 00:00:00,0.1409880341880341,0.0,0.0036735042735042,0.0,0.0,0.0074188034188034,0.0017931623931623,0.0,0.0102358974358974,0.0
2014-06-07 01:00:00,0.178412265758092,0.0,0.0706899488926746,0.0,0.0,0.007396933560477,0.0016660988074957,0.0,0.0101822827938671,0.0
2014-06-07 02:00:00,0.0766321243523316,0.0,0.0,0.0,0.0,0.0025388601036269,0.001768566493955,0.0,0.0101778929188255,0.0
2014-06-07 03:00:00,0.0675862068965517,0.0,0.0,0.0,0.0,0.0,0.0017931034482758,0.0,0.0102068965517241,0.0
2014-06-07 04:00:00,0.2286439522998296,0.0,0.0710749574105621,0.0,0.0,0.0,0.0017444633730834,0.0,0.0101482112436115,0.0
2014-06-07 05:00:00,0.2685692307692308,0.0,0.0036307692307692,0.0,0.0,0.0,0.0017487179487179,0.0,0.010242735042735,0.0
2014-06-07 06:00:00,0.4169499165275458,0.0,0.0,0.0,0.0,0.0,0.0017295492487479,0.0,0.0102203672787979,0.0
2014-06-07 07:00:00,0.5331649484536083,0.0,0.0594415807560137,0.0,0.0,0.0,0.0017147766323024,0.0,0.0101907216494845,0.0
2014-06-07 08:00:00,0.5390993150684932,0.0,0.0206969178082191,0.0,0.0,0.0,0.0018304794520547,0.0,0.0102534246575342,0.0
2014-06-07 09:00:00,0.4615671140939597,0.0,0.0,0.0,0.0,0.0,0.0018355704697986,0.0,0.0101879194630872,0.0
2014-06-07 10:00:00,0.3191116751269035,0.0,0.0631015228426395,0.0,0.0,0.0,0.001813874788494,0.0959593908629441,0.0101912013536379,0.0032588832487309
2014-06-07 11:00:00,0.5089495798319328,0.0,0.0127478991596638,0.0,0.0,0.0,0.0018924369747899,0.0,0.0102773109243697,0.0
2014-06-07 12:00:00,0.6748409475465313,0.0,0.0165719120135363,0.0,0.0,0.0,0.0375346869712351,0.0712233502538071,0.0102419627749576,0.0020439932318104
2014-06-07 13:00:00,1.2705764705882352,0.0,0.0528285714285714,0.0,0.0,0.0,0.0017915966386554,0.0,0.0101899159663865,0.0198218487394957
2014-06-07 14:00:00,1.2269848229342326,0.0,0.0,0.0,0.0,0.0,0.0018397976391231,0.0,0.0102411467116357,0.004
2014-06-07 15:00:00,0.8639054982817869,0.0,0.0224209621993127,0.0,0.0,0.0,0.0017388316151202,0.0,0.010201030927835,0.0
2014-06-07 16:00:00,0.6464382402707275,0.0,0.0547495769881556,0.0,0.0,0.0,0.0015313028764805,0.0,0.0101336717428088,0.0
2014-06-07 17:00:00,0.2200870307167235,0.0,0.0,0.0,0.0,0.0,0.0018412969283276,0.0,0.0102081911262798,0.0
2014-06-07 18:00:00,0.1872602739726027,0.0,0.0162157534246575,0.0,0.0,0.0,0.0018630136986301,0.0,0.0102140410958904,0.0
2014-06-07 19:00:00,0.2199125214408233,0.0,0.0646329331046312,0.0,0.0,0.0,0.001869639794168,0.0,0.0102538593481989,0.0
2014-06-07 20:00:00,0.0857871621621621,0.0,0.0,0.0,0.0,0.0,0.0018209459459459,0.0,0.0102094594594594,0.0
2014-06-07 21:00:00,0.0637915966386554,0.0,0.0,0.0,0.0,0.0,0.001763025210084,0.0,0.0101966386554621,0.0
2014-06-07 22:00:00,0.1791542372881356,0.0,0.0807762711864406,0.0,0.0,0.0,0.0019457627118644,0.0,0.0102694915254237,0.0
2014-06-07 23:00:00,0.2011269296740994,0.0,0.0005214408233276,0.0,0.0,0.0,0.0019313893653516,0.1056209262435677,0.0102607204116638,0.0149193825042881
2014-06-08 00:00:00,0.1099949324324324,0.0,0.0,0.0,0.0,0.0,0.0017381756756756,0.0,0.0102297297297297,0.0198479729729729
2014-06-08 01:00:00,0.1832745762711864,0.0,0.057657627118644,0.0,0.0,0.0,0.0017457627118644,0.0,0.0101983050847457,0.0197491525423728
2014-06-08 02:00:00,0.1443041237113402,0.0,0.0220498281786941,0.0,0.0,0.0,0.0017989690721649,0.0,0.010221649484536,0.02
2014-06-08 03:00:00,0.1115976430976431,0.0,0.0,0.0,0.0,0.0,0.0018636363636363,0.0,0.0102289562289562,0.020043771043771
2014-06-08 04:00:00,0.1831452420701168,0.0,0.0288013355592654,0.0,0.0,0.0,0.0018881469115191,0.0,0.0102520868113522,0.0199031719532554
2014-06-08 05:00:00,0.254875,0.0,0.0496746575342465,0.0,0.0,0.0,0.0016934931506849,0.0,0.0102311643835616,0.0196044520547945
2014-06-08 06:00:00,0.7463680672268908,0.0,0.0,0.0,0.0,0.0,0.0018369747899159,0.0,0.0102605042016806,0.0199159663865546
2014-06-08 07:00:00,1.938459691252144,0.0,0.0016277873070325,0.0,0.0,0.0,0.0017907375643224,0.1500377358490566,0.0102144082332761,0.0108799313893653
2014-06-08 08:00:00,2.318104201680672,0.0,0.0777294117647058,0.0,0.0,0.0,0.0016756302521008,0.0,0.0101949579831932,0.0
2014-06-08 09:00:00,2.472281833616299,0.0,0.0,0.0,0.0,0.0,0.0018285229202037,0.0,0.0102224108658743,0.0
2014-06-08 10:00:00,1.550885273972603,0.0,0.0,0.0,0.0,0.0,0.0018116438356164,0.0,0.0102482876712328,0.0
2014-06-08 11:00:00,2.025849498327759,0.0,0.0708879598662207,0.240628762541806,0.0,0.0,0.0018311036789297,0.1092658862876254,0.0102090301003344,0.0
2014-06-08 12:00:00,1.0456932409012132,0.0,0.0174350086655112,0.0746377816291161,0.0,0.0,0.0016915077989601,0.0,0.0101802426343154,0.0
2014-06-08 13:00:00,1.225841483979764,0.0,0.0,0.0617976391231028,0.0,0.0,0.0017790893760539,0.0,0.0102445193929173,0.0
2014-06-08 14:00:00,1.113963149078727,0.0,0.0804589614740368,0.0019815745393634,0.0,0.0,0.0018408710217755,0.0,0.0102211055276381,0.0
2014-06-08 15:00:00,0.9486672268907564,0.0,0.0020588235294117,0.001963025210084,0.0,0.0,0.0018285714285714,0.0,0.0101899159663865,0.0
2014-06-08 16:00:00,0.3540285234899328,0.0,0.0046224832214765,0.0016610738255033,0.0,0.0,0.0016526845637583,0.079738255033557,0.0101644295302013,0.0
2014-06-08 17:00:00,0.2967806122448979,0.0,0.0762993197278911,0.0,0.0,0.0,0.001734693877551,0.0,0.010204081632653,0.0194982993197278
2014-06-08 18:00:00,0.1635969645868465,0.0,0.0,0.0,0.0,0.0,0.0019005059021922,0.0,0.0102833052276559,0.0198043844856661
2014-06-08 19:00:00,0.1579488054607508,0.0,0.0079129692832764,0.0,0.0,0.0,0.0018720136518771,0.0,0.0102337883959044,0.0198139931740614
2014-06-08 20:00:00,0.2373790186125211,0.0,0.0706362098138747,0.0,0.0,0.0,0.0018460236886632,0.0,0.0102165820642978,0.0197614213197969
2014-06-08 21:00:00,0.2007356902356902,0.0,0.0004023569023569,0.0,0.0,0.0,0.0062491582491582,0.0577558922558922,0.0102407407407407,0.0198670033670033
2014-06-08 22:00:00,0.1857815699658703,0.0,0.0556211604095563,0.0,0.0,0.0,0.0019180887372013,0.0,0.0102576791808873,0.0199334470989761
2014-06-08 23:00:00,0.3416785714285714,0.0,0.0143588435374149,0.0,0.0,0.0,0.0019268707482993,0.2145153061224489,0.0102789115646258,0.0048945578231292
2014-06-09 00:00:00,0.117366554054054,0.0,0.0,0.0,0.0,0.0,0.0019476351351351,0.0,0.0103631756756756,0.0
2014-06-09 01:00:00,0.1998506711409396,0.0,0.0699546979865771,0.0,0.0,0.0,0.0019345637583892,0.0,0.0103355704697986,0.0
2014-06-09 02:00:00,0.0751828859060402,0.0,0.004989932885906,0.0,0.0,0.0,0.0019043624161073,0.0,0.0102684563758389,0.0
2014-06-09 03:00:00,0.0668213058419244,0.0,0.0,0.0,0.0,0.0,0.0018625429553264,0.0,0.0102508591065292,0.0
2014-06-09 04:00:00,0.2060857632933104,0.0,0.0713104631217838,0.0,0.0,0.0,0.0017632933104631,0.0,0.0102041166380789,0.0
2014-06-09 05:00:00,0.1846159052453468,0.0,0.0033401015228426,0.0,0.0,0.0,0.0017343485617597,0.0,0.0101928934010152,0.0
2014-06-09 06:00:00,0.6121219931271478,0.0,0.0,0.0,0.0,0.0,0.0018230240549828,0.0,0.0102268041237113,0.0
2014-06-09 07:00:00,1.407796819787986,0.0,0.0700388692579505,0.0054275618374558,0.0,0.0,0.0017597173144876,0.0903180212014134,0.0101925795053003,0.0144028268551236
2014-06-09 08:00:00,0.9327303182579564,0.0,0.008001675041876,0.0,0.0,0.0,0.001715242881072,0.0,0.0102010050251256,0.0195946398659966
2014-06-09 09:00:00,1.1769811643835617,0.0,0.0210873287671232,0.0,0.0,0.0,0.0017448630136986,0.0986712328767123,0.0101301369863013,0.0147106164383561
2014-06-09 10:00:00,1.2889604221635884,0.0,0.0346807387862796,0.0,0.0,0.0,0.0017440633245382,0.1080395778364116,0.0102110817941952,0.0
2014-06-09 11:00:00,1.8663540587219345,0.0,0.0111053540587219,1.869901554404145,0.0,0.0,0.0015716753022452,0.0070328151986183,0.0101450777202072,0.0
2014-06-09 12:00:00,1.441135225375626,0.0,0.0609582637729549,0.1068764607679465,0.0,0.0,0.0391719532554257,0.0,0.0101903171953255,0.0121135225375626
2014-06-09 13:00:00,1.6998566666666666,0.0,0.0,0.0030783333333333,0.0,0.0,0.0019133333333333,0.0,0.0102383333333333,0.0071166666666666
2014-06-09 14:00:00,1.2006327212020034,0.0,0.0422570951585976,0.0019248747913188,0.0,0.0,0.0390100166944908,0.0,0.0102053422370617,0.0
2014-06-09 15:00:00,0.8578766666666666,0.0,0.0417616666666666,0.0,0.0,0.0,0.0017083333333333,0.0,0.0101483333333333,0.0165933333333333
2014-06-09 16:00:00,0.5692437395659432,0.0,0.0,0.0,0.0,0.0,0.0017679465776293,0.0624023372287145,0.0101936560934891,0.0162120200333889
2014-06-09 17:00:00,0.4345095320623917,0.0,0.0515355285961871,0.0,0.0,0.0,0.0018301559792027,0.0,0.0102027729636048,0.0094488734835355
2014-06-09 18:00:00,0.2396890756302521,0.0,0.0398184873949579,0.0,0.0,0.0,0.0018016806722689,0.0,0.0102016806722689,0.0
2014-06-09 19:00:00,0.1294372881355932,0.0,0.0,0.0,0.0,0.0,0.001822033898305,0.0,0.0102118644067796,0.0
2014-06-09 20:00:00,0.1665993265993265,0.0,0.0449276094276094,0.0,0.0,0.0,0.0017289562289562,0.0,0.0101565656565656,0.0
2014-06-09 21:00:00,0.526905,0.0,0.0472283333333333,0.0,0.0,0.0,0.001745,0.093565,0.0101766666666666,0.007735
2014-06-09 22:00:00,0.1110083333333333,0.0,0.0,0.0,0.0,0.0,0.00183,0.0,0.01023,0.01973
2014-06-09 23:00:00,0.4670918544194107,0.0,0.0725701906412478,0.0,0.0,0.0,0.0019237435008665,0.2350675909878682,0.0102391681109185,0.000790294627383
2014-06-10 00:00:00,0.1251683673469387,0.0,0.0133520408163265,0.0,0.0,0.0,0.0019489795918367,0.0,0.0103010204081632,0.0
2014-06-10 01:00:00,0.0969438596491228,0.0,0.0212035087719298,0.0,0.0,0.0,0.0019017543859649,0.0,0.010278947368421,0.0
2014-06-10 02:00:00,0.1533877192982456,0.0,0.0562438596491228,0.0,0.0,0.0,0.0019070175438596,0.0,0.0102543859649122,0.0
2014-06-10 03:00:00,0.0723989455184534,0.0,0.0,0.0,0.0,0.0,0.0018963093145869,0.0,0.0103128295254833,0.0
2014-06-10 04:00:00,0.1578173913043478,0.0,0.0386973913043478,0.0,0.0,0.0,0.0016591304347826,0.0,0.0101895652173913,0.0
2014-06-10 05:00:00,0.3245141342756183,0.0,0.0348904593639576,0.0,0.0,0.0,0.0017826855123674,0.0,0.0102243816254416,0.0
2014-06-10 06:00:00,0.4220177619893428,0.0,0.0,0.0,0.0,0.0,0.001728241563055,0.0,0.0101936056838365,0.0
2014-06-10 07:00:00,2.090728752260398,0.0,0.0566726943942133,0.0,0.0,0.0,0.0017703435804701,0.0,0.0101844484629294,0.0
2014-06-10 08:00:00,2.219763250883392,0.0,0.0213904593639575,0.0,0.0,0.0,0.0017173144876325,0.0438197879858657,0.0102102473498233,0.0054399293286219
2014-06-10 09:00:00,1.6083785211267605,0.0,0.0176602112676056,0.0,0.0,0.0,0.0016742957746478,0.0407411971830985,0.0101637323943661,0.0047288732394366
2014-06-10 10:00:00,2.0503859060402685,0.0,0.0653808724832214,0.0,0.0,0.0,0.0016476510067114,0.0516476510067114,0.0101862416107382,0.0003204697986577
2014-06-10 11:00:00,2.088046822742475,0.0,0.0,0.0,0.0,0.0,0.0016321070234113,0.0206020066889632,0.0101354515050167,0.0107090301003344
2014-06-10 12:00:00,1.855575085324232,0.0,0.0627713310580204,0.0,0.0,0.0,0.001759385665529,0.068098976109215,0.0101860068259385,0.0134010238907849
2014-06-10 13:00:00,1.325338383838384,0.0,0.0303821548821548,0.0,0.0,0.0,0.0016144781144781,0.0387979797979798,0.0101430976430976,0.0106127946127946
2014-06-10 14:00:00,1.3396363636363635,0.0,0.0149595959595959,0.0,0.0,0.0,0.0016498316498316,0.0627441077441077,0.0101599326599326,0.0
2014-06-10 15:00:00,0.7034907872696817,0.0,0.0702211055276381,0.0,0.0,0.0,0.0015695142378559,0.0,0.01014405360134,4.020100502512563e-05
2014-06-10 16:00:00,0.620815,0.0,7.666666666666666e-05,0.0,0.0,0.0,0.00172,0.0,0.0101716666666666,0.0
2014-06-10 17:00:00,0.6729233333333333,0.0,0.0685699999999999,0.0,0.0,0.0,0.0018066666666666,0.04516,0.0101933333333333,0.0
2014-06-10 18:00:00,0.2606750418760469,0.0,0.01,0.0,0.0,0.0,0.0018559463986599,0.0,0.0102311557788944,0.0
2014-06-10 19:00:00,0.1539510961214165,0.0,0.0099258010118043,0.0,0.0,0.0,0.0018026981450252,0.0,0.0102276559865092,0.0
2014-06-10 20:00:00,0.1788280467445742,0.0,0.0708614357262103,0.0,0.0,0.0,0.0016243739565943,0.0,0.0101702838063439,0.0
2014-06-10 21:00:00,0.3344388609715242,0.0,0.0001323283082077,0.0,0.0,0.0,0.0018375209380234,0.0955058626465661,0.0102211055276381,0.0130435510887772
2014-06-10 22:00:00,0.2445083333333333,0.0,0.04369,0.0,0.0,0.0309133333333333,0.0018383333333333,0.055985,0.010215,0.0126266666666666
2014-06-10 23:00:00,0.1952504173622704,0.0,0.0377178631051752,0.0,0.0,0.0656627712854758,0.0019031719532554,0.0,0.010135225375626,0.0
2014-06-11 00:00:00,0.120395,0.0,0.0,0.0,0.0,0.035945,0.0019366666666666,0.0,0.0101566666666666,0.0
2014-06-11 01:00:00,0.2492876254180602,0.0,0.0593461538461538,0.0,0.0,0.005195652173913,0.0485501672240802,0.0,0.0102491638795986,0.0
2014-06-11 02:00:00,0.0972857142857143,0.0,0.0165378151260504,0.0,0.0,0.0,0.001926050420168,0.0,0.0102756302521008,0.0
2014-06-11 03:00:00,0.0828766891891892,0.0,0.0,0.0,0.0,0.0,0.0019442567567567,0.0,0.0102905405405405,0.0
2014-06-11 04:00:00,0.2362166666666666,0.0,0.0727816666666666,0.0,0.0,0.0,0.0019383333333333,0.0,0.0102583333333333,0.0
2014-06-11 05:00:00,0.3515416666666667,0.0,0.0024633333333333,0.0,0.0,0.0,0.0018566666666666,0.0,0.010215,0.0
2014-06-11 06:00:00,0.8031555183946488,0.0,0.0,0.0,0.0,0.0,0.0017591973244147,0.0,0.0101989966555183,0.0
2014-06-11 07:00:00,1.5956966666666668,0.0,0.077715,0.0,0.0,0.0,0.0016633333333333,0.0,0.010175,0.0
2014-06-11 08:00:00,1.6773227424749164,0.0,8.361204013377926e-06,0.0,0.0,0.0,0.001633779264214,0.0893210702341137,0.0101872909698996,0.0
2014-06-11 09:00:00,0.8819247491638796,0.0,0.0128795986622073,0.0,0.0,0.0,0.0016354515050167,0.0,0.010133779264214,0.0
2014-06-11 10:00:00,1.0504833333333334,0.0,0.0635416666666666,0.0,0.0,0.0,0.0016666666666666,0.0,0.010195,0.0
2014-06-11 11:00:00,0.9095822147651006,0.0,0.0,0.0,0.0,0.0,0.001748322147651,0.0,0.0101828859060402,0.0
2014-06-11 12:00:00,1.41127,0.0,0.0236383333333333,0.0,0.0,0.0,0.0018116666666666,0.0,0.01022,0.0
2014-06-11 13:00:00,1.2200391156462584,0.0,0.0576598639455782,0.0,0.0,0.0,0.0017908163265306,0.0,0.0102551020408163,0.0
2014-06-11 14:00:00,1.3342534246575342,0.0,0.0,0.0,0.0,0.0,0.0018082191780821,0.0,0.0102140410958904,0.0
2014-06-11 15:00:00,0.916881469115192,0.0,0.0293522537562604,0.0,0.0,0.0,0.0017545909849749,0.0,0.0101402337228714,0.0
2014-06-11 16:00:00,0.5732912457912458,0.0,0.0554057239057239,0.0,0.0,0.0,0.0016296296296296,0.0,0.0101683501683501,0.0
2014-06-11 17:00:00,0.4946422628951747,0.0,0.0,0.0,0.0,0.0,0.0016638935108153,0.0686239600665557,0.010161397670549,0.0
2014-06-11 18:00:00,0.3180833333333333,0.0,0.0503566666666666,0.0,0.0,0.0,0.0403566666666666,0.0,0.010205,0.0
2014-06-11 19:00:00,0.1792737896494157,0.0,0.0290934891485809,0.0,0.0,0.0,0.0018414023372287,0.0,0.0101986644407345,0.0
2014-06-11 20:00:00,0.1067891156462585,0.0,0.0,0.0,0.0,0.0,0.001610544217687,0.0,0.0101649659863945,0.0023350340136054
2014-06-11 21:00:00,0.367325,0.0,0.0584416666666666,0.0,0.0,0.0,0.0016566666666666,0.0674983333333333,0.0101883333333333,0.0195249999999999
2014-06-11 22:00:00,0.283953177257525,0.0,0.0313829431438127,0.0,0.0,0.0,0.0018444816053511,0.0590652173913043,0.010252508361204,0.0004632107023411
2014-06-11 23:00:00,0.2628216666666667,0.0,0.0825733333333333,0.0,0.0,0.0,0.0019016666666666,0.035385,0.0102916666666666,0.01587
2014-06-12 00:00:00,0.1731976351351351,0.0,0.0449864864864864,0.0,0.0,0.0095878378378378,0.0019155405405405,0.0,0.0102871621621621,0.0111739864864864
2014-06-12 01:00:00,0.2307766666666666,0.0,0.03068,0.0,0.0,0.013545,0.001935,0.0824766666666666,0.0102633333333333,0.0
2014-06-12 02:00:00,0.1937483333333333,0.0,0.0626366666666666,0.0,0.0,0.0,0.001955,0.0,0.010275,0.0
2014-06-12 03:00:00,0.0766840336134453,0.0,0.0,0.0,0.0,0.0,0.0018554621848739,0.0,0.0102084033613445,0.0
2014-06-12 04:00:00,0.2329442567567567,0.0,0.0782905405405405,0.0,0.0,0.0,0.0017094594594594,0.0,0.0102128378378378,0.0
2014-06-12 05:00:00,0.2603733333333333,0.0,0.0008133333333333,0.0,0.0,0.0,0.0017366666666666,0.0,0.0102616666666666,0.0
2014-06-12 06:00:00,0.6852366666666667,0.0,0.0448683333333333,0.0,0.0,0.0,0.0017033333333333,0.0,0.010215,0.0
2014-06-12 07:00:00,1.8180116666666668,0.0,0.02886,0.0,0.0,0.0,0.0018016666666666,0.0,0.01019,0.0
2014-06-12 08:00:00,2.0909166666666663,0.0,0.0047116666666666,0.0,0.0,0.0,0.0016816666666666,0.0821516666666666,0.0101966666666666,0.0009699999999999
2014-06-12 09:00:00,1.7926283333333333,0.0,0.0706866666666666,0.0,0.0,0.0,0.0016799999999999,0.0,0.0101616666666666,0.0195
2014-06-12 10:00:00,2.2161720067453627,0.0,0.0,0.0,0.0,0.0,0.0016441821247892,0.0518347386172006,0.0102023608768971,0.0007925801011804
2014-06-12 11:00:00,2.0654107744107746,0.0,0.0449579124579124,0.0,0.0,0.015537037037037,0.0016397306397306,0.1694074074074074,0.0101380471380471,0.0
2014-06-12 12:00:00,1.7400267558528428,0.0,0.0463678929765886,0.0,0.0,0.0156889632107023,0.0016471571906354,0.0,0.0101571906354515,0.0141153846153846
2014-06-12 13:00:00,1.3989500831946755,0.0,0.0111497504159733,0.0,0.0,0.0029683860232945,0.00161231281198,0.0653544093178036,0.0101780366056572,0.0068602329450915
2014-06-12 14:00:00,1.3457633333333334,0.0,0.0793516666666666,0.0,0.0,0.00811,0.00165,0.0,0.010115,0.0
2014-06-12 15:00:00,0.8421533333333333,0.0,0.000395,0.0,0.0,0.0156783333333333,0.001555,0.0,0.0101549999999999,0.0
2014-06-12 16:00:00,0.48485,0.0,0.034465,0.0,0.0,0.0,0.0016666666666666,0.0,0.0101566666666666,0.0
2014-06-12 17:00:00,0.7779348914858096,0.0,0.0709899833055091,0.0,0.0,0.0,0.0017429048414023,0.1286894824707846,0.0101786310517529,0.0
2014-06-12 18:00:00,0.2123400335008375,0.0,0.0001005025125628,0.0,0.0,0.0,0.0322814070351758,0.0,0.0102093802345058,0.0163450586264656
2014-06-12 19:00:00,0.2386560934891486,0.0,0.0578430717863105,0.0,0.0,0.0,0.0018030050083472,0.0,0.0101669449081802,0.0197445742904841
2014-06-12 20:00:00,0.1763683333333333,0.0,0.0271633333333333,0.0,0.0,0.0,0.0016783333333333,0.0,0.0101816666666666,0.0194933333333333
2014-06-12 21:00:00,0.2446761268781302,0.0,0.0515993322203672,0.0,0.0,0.0,0.0017813021702838,0.0641836393989983,0.0101502504173622,0.0198480801335559
2014-06-12 22:00:00,0.135089850249584,0.0,0.0181830282861896,0.0,0.0,0.0,0.0017886855241264,0.0,0.0101946755407653,0.019810316139767
2014-06-12 23:00:00,0.12869449081803,0.0,0.0137712854757929,0.0,0.0,0.0,0.0018914858096828,0.0,0.0102203672787979,0.0199298831385642
2014-06-13 00:00:00,0.4202101694915254,0.0,0.0683627118644067,0.0,0.0,0.0,0.0018966101694915,0.2233966101694915,0.0102796610169491,0.0044593220338983
2014-06-13 01:00:00,0.1058196994991652,0.0,0.0,0.0,0.0,0.0,0.0018380634390651,0.0,0.0102437395659432,0.0
2014-06-13 02:00:00,0.141900166389351,0.0,0.0531031613976705,0.0,0.0,0.0,0.0018868552412645,0.0,0.0102412645590682,0.0
2014-06-13 03:00:00,0.1165633333333333,0.0,0.0210716666666666,0.0,0.0,0.0,0.00196,0.0,0.010295,0.0
2014-06-13 04:00:00,0.1368347245409015,0.0,0.0,0.0,0.0,0.0,0.0019365609348914,0.0,0.0102687813021702,0.0
2014-06-13 05:00:00,0.2353466666666666,0.0,0.0737866666666666,0.0,0.0,0.0,0.0018433333333333,0.0,0.0101916666666666,0.0
2014-06-13 06:00:00,0.4471969439728353,0.0,0.0046655348047538,0.0,0.0,0.0,0.0017130730050933,0.0,0.0102003395585738,0.0
2014-06-13 07:00:00,2.0028662207357857,0.0,0.0,0.0,0.0,0.0,0.0018076923076923,0.0,0.0101923076923076,0.0
2014-06-13 08:00:00,1.7232616666666667,0.0,0.0776766666666666,0.0,0.0,0.0,0.0016683333333333,0.0,0.0101999999999999,0.0
2014-06-13 09:00:00,1.820225,0.0,0.00634,0.0,0.0,0.0,0.001695,0.0934983333333333,0.01016,0.0
2014-06-13 10:00:00,2.37146,0.0,0.0404016666666666,0.0,0.0,0.0064916666666666,0.0016833333333333,0.0,0.010175,0.00492
2014-06-13 11:00:00,2.029776666666667,0.0,0.047725,0.0,0.0,0.004615,0.00172,0.0513233333333333,0.01019,0.01328
2014-06-13 12:00:00,1.2095933333333333,0.0,0.0,0.0,0.0,0.0,0.0017666666666666,0.0479533333333333,0.01019,0.0072883333333333
2014-06-13 13:00:00,0.6898283333333334,0.0,0.0499983333333333,0.0,0.0,0.0,0.0017916666666666,0.0,0.0101616666666666,0.0
2014-06-13 14:00:00,1.0301833333333337,0.0,0.0502283333333333,0.0,0.006825,0.0,0.0018583333333333,0.0528966666666666,0.010225,3.3333333333333337e-06
2014-06-13 15:00:00,1.5488233333333332,0.0,0.0,0.0,0.74463,0.0,0.00155,0.0,0.0101516666666666,0.0
2014-06-13 16:00:00,0.59677,0.0,0.0418283333333333,0.0,0.0055816666666666,0.0,0.00155,0.0,0.0101783333333333,0.0
2014-06-13 17:00:00,0.4815116666666666,0.0,0.063785,0.0,0.0,0.0,0.0015866666666666,0.086125,0.0101166666666666,0.0
2014-06-13 18:00:00,0.1927061769616026,0.0,0.0,0.0,0.0,0.0,0.0017078464106844,0.0,0.0101736227045075,0.0
2014-06-13 19:00:00,0.1528016666666666,0.0,0.0182066666666666,0.0,0.0,0.0,0.0016916666666666,0.0,0.0101416666666666,0.0
2014-06-13 20:00:00,0.1841277683134582,0.0,0.0796967632027257,0.0,0.0,0.0,0.001763202725724,0.0,0.0102061328790459,0.0
2014-06-13 21:00:00,0.1569643463497453,0.0,0.0048675721561969,0.0,0.0,0.0,0.0018251273344651,0.0571663837011884,0.0102190152801358,0.0082869269949066
2014-06-13 22:00:00,0.0918414023372287,0.0,0.0,0.0,0.0,0.0,0.0018764607679465,0.0,0.0102353923205342,0.0011135225375626
2014-06-13 23:00:00,0.181435,0.0,0.0736183333333333,0.0,0.0,0.0,0.0018983333333333,0.0,0.010225,0.0
2014-06-14 00:00:00,0.2024033333333333,0.0,0.0259333333333333,0.0,0.0,0.0,0.0019116666666666,0.0638466666666666,0.0102616666666666,0.0
2014-06-14 01:00:00,0.1269916805324459,0.0,0.0,0.0,0.0,0.0,0.0019251247920133,0.0,0.0102329450915141,0.0
2014-06-14 02:00:00,0.2733489148580968,0.0,0.0721318864774624,0.0,0.0,0.0,0.0018931552587646,0.0568731218697829,0.0102170283806343,0.0
2014-06-14 03:00:00,0.1130733333333333,0.0,0.0225266666666666,0.0,0.0,0.0,0.0019399999999999,0.0,0.010275,0.0
2014-06-14 04:00:00,0.125377703826955,0.0,0.0,0.0,0.0,0.0,0.0019517470881863,0.0,0.0103011647254575,0.0
2014-06-14 05:00:00,0.2163839732888147,0.0,0.0472237061769616,0.0,0.0,0.0,0.00189816360601,0.0,0.0102387312186978,0.0
2014-06-14 06:00:00,0.4447228714524207,0.0,0.0524424040066777,0.0,0.0,0.0,0.0017979966611018,0.0630717863105175,0.0102303839732888,0.0
2014-06-14 07:00:00,0.5243450000000001,0.0,8e-05,0.0,0.0,0.0,0.00173,0.0554266666666666,0.0101933333333333,0.00878
2014-06-14 08:00:00,0.36572,0.0,0.0349583333333333,0.0,0.0,0.0,0.00171,0.0,0.0101716666666666,0.0
2014-06-14 09:00:00,0.7047333333333333,0.0,0.0582533333333333,0.0,0.0,0.0,0.0017816666666666,0.0,0.0102083333333333,0.0
2014-06-14 10:00:00,1.2572366666666668,0.0,0.0,0.0,0.0,0.0,0.0018416666666666,0.0,0.0102033333333333,0.0
2014-06-14 11:00:00,0.9536214405360134,0.0,0.0129430485762144,0.0,0.0,0.0,0.0018525963149078,0.0,0.0102127303182579,0.0
2014-06-14 12:00:00,1.2578311036789298,0.0,0.0802357859531772,0.0,0.0,0.0,0.001705685618729,0.0,0.0102157190635451,0.0
2014-06-14 13:00:00,1.220565,0.0,0.0113816666666666,0.0,0.0,0.0,0.001645,0.0,0.01016,0.0
2014-06-14 14:00:00,0.5935238095238096,0.0,0.0,0.0,0.0,0.0,0.0016700680272108,0.0,0.0101751700680272,0.0
2014-06-14 15:00:00,0.9718566666666668,0.0,0.0612016666666666,0.0,0.0,0.0,0.0016666666666666,0.0,0.0101933333333333,0.0
2014-06-14 16:00:00,0.5949933333333334,0.0,0.0408233333333333,0.0,0.0,0.0,0.0015783333333333,0.075835,0.0101666666666666,0.000785
2014-06-14 17:00:00,0.3720333333333334,0.0,0.0001016666666666,0.0,0.0,0.0,0.00164,0.0,0.0101549999999999,0.01964
2014-06-14 18:00:00,0.1986260434056761,0.0,0.0396176961602671,0.0,0.0,0.0093171953255425,0.0017295492487479,0.0,0.0101886477462437,0.007143572621035
2014-06-14 19:00:00,0.207885,0.0,0.0587683333333333,0.0,0.0,0.01995,0.0016699999999999,0.0,0.0101433333333333,0.0
2014-06-14 20:00:00,0.10432,0.0,0.0,0.0,0.0,0.0219733333333333,0.0017933333333333,0.0,0.0102116666666666,0.0
2014-06-14 21:00:00,0.6812642140468228,0.0,0.0515200668896321,0.0,0.0,0.0020936454849498,0.0016086956521739,0.1289581939799331,0.0101421404682274,0.0092274247491638
2014-06-14 22:00:00,0.162115,0.0,0.0371383333333333,0.0,0.0,0.0,0.0018716666666666,0.0,0.010225,0.0196983333333333
2014-06-14 23:00:00,0.2666472545757071,0.0,0.0,3.327787021630616e-06,0.0,0.0,0.0019251247920133,0.1559500831946755,0.010261231281198,0.0167071547420965
2014-06-15 00:00:00,0.260945,0.0,0.0756749999999999,0.0,0.0,0.0,0.0019166666666666,0.0460016666666666,0.01025,0.0
2014-06-15 01:00:00,0.1200333333333333,0.0,0.0123699999999999,0.0,0.0,0.0,0.0019566666666666,0.0,0.0102916666666666,0.0
2014-06-15 02:00:00,0.1037412353923205,0.0,0.0225859766277128,0.0,0.0,0.0,0.0019532554257095,0.0,0.0103088480801335,0.0
2014-06-15 03:00:00,0.1498,0.0,0.0564233333333333,0.0,0.0,0.0,0.0018866666666666,0.0,0.010275,0.0
2014-06-15 04:00:00,0.1318702163061564,0.0,0.0,0.0,0.0,0.0,0.0018618968386023,0.0,0.0102445923460898,0.0
2014-06-15 05:00:00,0.1837866666666666,0.0,0.0386766666666666,0.0,0.0,0.0,0.0017883333333333,0.0,0.0102033333333333,0.0
2014-06-15 06:00:00,0.3830016835016835,0.0,0.0400824915824915,0.0,0.0,0.0,0.0017979797979797,0.0,0.0102373737373737,0.0
2014-06-15 07:00:00,0.4673916666666666,0.0,0.0,0.0,0.0,0.0,0.00182,0.0,0.0102016666666666,0.0
2014-06-15 08:00:00,0.6425307820299501,0.0,0.0459567387687188,0.0,0.0,0.0,0.0015890183028286,0.0921214642262895,0.0101630615640599,0.0
2014-06-15 09:00:00,0.63939,0.0,0.034295,0.0,0.0,0.0,0.00172,0.0,0.0101683333333333,0.0
2014-06-15 10:00:00,0.8414933333333333,0.0,0.0,0.0,0.0,0.0,0.001795,0.0,0.0101999999999999,0.0
2014-06-15 11:00:00,0.733931552587646,0.0,0.0549616026711185,0.0,0.0,0.0,0.0018196994991652,0.0,0.0102053422370617,0.0
2014-06-15 12:00:00,0.5210433333333333,0.0,0.03349,0.0,0.0,0.0,0.0019,0.0,0.01025,0.0
2014-06-15 13:00:00,0.9699698492462312,0.0,0.0245175879396984,0.0,0.6784706867671692,0.0,0.001750418760469,0.0630636515912897,0.0102328308207705,0.0
2014-06-15 14:00:00,1.25621,0.0,0.048395,0.0,1.0649883333333332,0.0,0.042055,0.0,0.0101466666666666,0.0121166666666666
2014-06-15 15:00:00,0.2594233333333333,0.0,0.00025,0.0,0.0,0.0,0.0018116666666666,0.0695166666666666,0.0102083333333333,0.0023116666666666
2014-06-15 16:00:00,0.331245,0.0,0.071305,0.0,0.0,0.0,0.0017333333333333,0.0726616666666666,0.010205,0.0119266666666666
2014-06-15 17:00:00,0.38963,0.0,0.0,0.0,0.0,0.0,0.00184,0.0562766666666666,0.010215,0.0071849999999999
2014-06-15 18:00:00,0.5877913188647746,0.0,0.072160267111853,0.0,0.0,0.0,0.001821368948247,0.0878180300500834,0.0102387312186978,0.0
2014-06-15 19:00:00,0.4715973377703827,0.0,0.0010199667221297,0.0,0.0,0.0,0.0018652246256239,0.0,0.0101763727121464,0.0
2014-06-15 20:00:00,0.4813505843071786,0.0,0.0459549248747913,0.0,0.0,0.0,0.0018030050083472,0.0568547579298831,0.0101652754590984,0.0100350584307178
2014-06-15 21:00:00,0.1405616666666666,0.0,0.0245416666666666,0.0,0.0,0.0,0.001835,0.0,0.010135,0.016175
2014-06-15 22:00:00,0.2184066666666666,0.0,0.040895,0.0,0.0,0.0203316666666666,0.0019033333333333,0.0492283333333333,0.01023,0.0
2014-06-15 23:00:00,0.1369033333333333,0.0,0.0230633333333333,0.0,0.0,0.0217266666666666,0.0019299999999999,0.0,0.0102933333333333,0.0
2014-06-16 00:00:00,0.320623745819398,0.0,0.0203545150501672,0.0,0.0,0.0061153846153846,0.0019565217391304,0.1761806020066889,0.0103010033444816,0.0
2014-06-16 01:00:00,0.1518768718801996,0.0,0.0465191347753743,0.0,0.0,0.0,0.0019667221297836,0.0,0.0103410981697171,0.0
2014-06-16 02:00:00,0.0670233333333333,0.0,0.0,0.0,0.0,0.0,0.0018716666666666,0.0,0.0102533333333333,0.0
2014-06-16 03:00:00,0.1466533333333333,0.0,0.0466383333333333,0.0,0.0,0.0,0.00184,0.0,0.010225,0.0
2014-06-16 04:00:00,0.18075,0.0,0.0248233333333333,0.0,0.0,0.0,0.00182,0.0,0.0102433333333333,0.0
2014-06-16 05:00:00,0.2184783333333333,0.0,0.0,0.0,0.0,0.0,0.00173,0.0,0.0102066666666666,0.0
2014-06-16 06:00:00,0.645268581081081,0.0,0.0603581081081081,0.0,0.0,0.0,0.0018175675675675,0.0,0.01025,0.0
2014-06-16 07:00:00,1.512105,0.0,0.0140733333333333,0.0,0.0,0.0,0.00183,0.0,0.0102216666666666,0.0
2014-06-16 08:00:00,0.8204646464646465,0.0,1.3468013468013468e-05,0.0,0.0,0.0,0.0018670033670033,0.0071094276094276,0.0101784511784511,0.0
2014-06-16 09:00:00,0.9689416666666668,0.0,0.0756466666666666,0.0,0.0,0.0,0.0018483333333333,0.069855,0.0102116666666666,0.0141983333333333
2014-06-16 10:00:00,0.53478886756238,0.0,0.0015719769673704,0.0,0.0,0.0,0.0017984644913627,0.0597504798464491,0.0102226487523992,0.0115163147792706
2014-06-16 11:00:00,0.926871237458194,0.0,0.0,0.0,0.0,0.0,0.0018043478260869,0.0,0.0101973244147157,0.0
2014-06-16 12:00:00,0.6692412645590682,0.0,0.0804459234608985,0.0,0.0,0.0,0.0018519134775374,0.0,0.0102512479201331,0.0
2014-06-16 13:00:00,0.8414547038327526,0.0,0.0016411149825783,0.0,0.0,0.0,0.0018954703832752,0.0442456445993031,0.0102770034843205,0.0
2014-06-16 14:00:00,0.7629913644214162,0.0,0.0,0.0,0.0,0.0,0.0016373056994818,0.020433506044905,0.0101519861830742,0.0
2014-06-16 15:00:00,0.5993786574870912,0.0,0.0737917383820998,0.0,0.0,0.017065404475043,0.0014819277108433,0.0,0.0101376936316695,0.0
2014-06-16 16:00:00,0.5474293015332198,0.0,0.0053236797274275,0.0,0.0,0.0113884156729131,0.0016967632027257,0.0,0.0102163543441226,0.0
2014-06-16 17:00:00,0.378726050420168,0.0,0.0,0.0,0.0,0.0,0.0016252100840336,0.0554739495798319,0.0101798319327731,0.0
2014-06-16 18:00:00,0.247925,0.0,0.0670283333333333,0.0,0.0,0.0,0.0015216666666666,0.0,0.01016,0.0
2014-06-16 19:00:00,0.15853,0.0,0.017625,0.0,0.0,0.0,0.0018033333333333,0.0,0.0101883333333333,0.0
2014-06-16 20:00:00,0.1124716666666666,0.0,0.0003333333333333,0.0,0.0,0.0,0.0016933333333333,0.0,0.0101933333333333,0.0
2014-06-16 21:00:00,0.4037866666666667,5.333333333333334e-05,0.0705733333333333,0.0,0.0,0.0,0.0058533333333333,0.0,0.010185,0.0
2014-06-16 22:00:00,0.2631166666666666,0.0,0.01164,0.0,0.0,0.0,0.052185,0.0609333333333333,0.0102933333333333,0.0180549999999999
2014-06-16 23:00:00,0.2569616666666666,0.0,0.056915,0.0,0.0,0.0,0.001885,0.035455,0.0102433333333333,0.0109033333333333
2014-06-17 00:00:00,0.2193833333333333,0.0,0.0038733333333333,0.0,0.0,0.00319,0.0019566666666666,0.1148783333333333,0.010315,0.0
2014-06-17 01:00:00,0.19774,0.0,0.024785,0.0,0.0,0.0171866666666666,0.0018766666666666,0.0566266666666666,0.0102683333333333,0.0
2014-06-17 02:00:00,0.1708333333333333,0.0,0.0414566666666666,0.0,0.0,0.0,0.00172,0.0,0.01022,0.0
2014-06-17 03:00:00,0.1151616666666666,0.0,0.0,0.0,0.0,0.0,0.0017716666666666,0.0,0.010215,0.0
2014-06-17 04:00:00,0.2002933333333333,0.0,0.053755,0.0,0.0,0.0,0.0018166666666666,0.0,0.01022,0.0
2014-06-17 05:00:00,0.3044184873949579,0.0,0.0158319327731092,0.0,0.0,0.0,0.0017663865546218,0.0,0.0101899159663865,0.0
2014-06-17 06:00:00,0.6194023372287145,0.0,0.0,0.0,0.0,0.0,0.0018263772954924,0.0,0.010253756260434,0.0
2014-06-17 07:00:00,1.46078,0.0,0.0627416666666666,0.0,0.0,0.0,0.0017616666666666,0.0,0.0102083333333333,0.0008533333333333
2014-06-17 08:00:00,1.5015066666666668,0.0,0.0070016666666666,0.0,0.0,0.0,0.0017433333333333,0.0,0.0102183333333333,0.0
2014-06-17 09:00:00,1.0741633333333334,0.0,0.0084316666666666,0.0,0.0,0.0,0.0017266666666666,0.114415,0.0101633333333333,0.0053783333333333
2014-06-17 10:00:00,1.45233,0.0,0.0609766666666666,0.0,0.0,0.0,0.0017066666666666,0.0,0.0101733333333333,0.0
2014-06-17 11:00:00,1.069285,0.0,0.0001916666666666,0.0,0.0,0.0,0.0016899999999999,0.0718716666666666,0.0101716666666666,0.0
2014-06-17 12:00:00,1.0624066666666667,0.0,0.0396899999999999,0.0,0.0,0.0,0.00165,0.0,0.01017,0.0
2014-06-17 13:00:00,0.9548566666666668,0.0,0.0324066666666666,0.0,0.0,0.0,0.001705,0.0,0.010185,0.0
2014-06-17 14:00:00,0.5506616666666666,0.0,0.0,0.0,0.0,0.0,0.0018183333333333,0.0,0.0102166666666666,0.0
2014-06-17 15:00:00,0.7423583333333333,0.0,0.05066,0.0,0.0,0.0,0.0017166666666666,0.0,0.0101649999999999,0.0
2014-06-17 16:00:00,0.6021521739130435,0.0,0.0263327759197324,0.0,0.0,0.0,0.0466137123745819,0.0112374581939799,0.010190635451505,0.0
2014-06-17 17:00:00,0.3506570945945946,0.0,0.0,0.0,0.0,0.0,0.0017601351351351,0.0,0.0102027027027027,0.0104054054054054
2014-06-17 18:00:00,0.3522533333333333,0.0,0.0728466666666666,0.0,0.0,0.0,0.0552783333333333,0.0592516666666666,0.0102083333333333,0.0063683333333333
2014-06-17 19:00:00,0.13018,0.0,0.005685,0.0,0.0,0.0,0.0018466666666666,0.0,0.0101999999999999,0.0
2014-06-17 20:00:00,0.0762904841402337,0.0,0.0,0.0,0.0,0.0,0.0019365609348914,0.0,0.0102737896494156,0.0
2014-06-17 21:00:00,0.3793827993254637,0.0,0.0742344013490725,0.0,0.0,0.0,0.0486087689713322,0.0,0.010185497470489,0.0119392917369308
2014-06-17 22:00:00,0.1183572621035058,0.0,0.006372287145242,0.0,0.0,0.0,0.0016494156928213,0.0,0.0101986644407345,0.0196227045075125
2014-06-17 23:00:00,0.1691859296482412,0.0,0.0,0.0,0.0,0.0,0.0016968174204355,0.0661390284757119,0.0102060301507537,0.0070268006700167
2014-06-18 00:00:00,0.3491730449251248,0.0,0.0702146422628951,0.0,0.0,0.0137437603993344,0.0017970049916805,0.1568618968386023,0.0101913477537437,0.0
2014-06-18 01:00:00,0.1164472361809045,0.0,0.0073283082077051,0.0,0.0,0.0213031825795644,0.0018358458961474,0.0,0.0102345058626465,0.0
2014-06-18 02:00:00,0.1085442404006677,0.0,0.0,0.0,0.0,0.0236393989983305,0.0018964941569282,0.0,0.0102721202003338,0.0
2014-06-18 03:00:00,0.1800249584026622,0.0,0.064936772046589,0.0,0.0,0.0203627287853577,0.0018752079866888,0.0,0.0102412645590682,0.0
2014-06-18 04:00:00,0.1557217537942664,0.0,0.0168735244519392,0.0,0.0,0.0205261382799325,0.001866779089376,0.0,0.0102698145025295,0.0
2014-06-18 05:00:00,0.1862764505119453,0.0,0.0,0.0,0.0,0.0099624573378839,0.0018003412969283,0.0,0.0102320819112628,0.0
2014-06-18 06:00:00,0.1957491638795986,0.0,0.0476137123745819,0.0,0.0,0.0002474916387959,0.0016923076923076,0.0,0.010190635451505,0.0
2014-06-18 07:00:00,0.236498322147651,0.0,0.0306862416107382,0.0,0.0,0.0002248322147651,0.0016124161073825,0.0,0.0101426174496644,0.0
2014-06-18 08:00:00,0.3028804713804713,0.0,0.0,0.0,0.0,0.0002659932659932,0.0014730639730639,0.0,0.0101700336700336,0.0
2014-06-18 09:00:00,0.4757545909849749,0.0,0.033160267111853,0.0,0.0,0.0002771285475792,0.0015943238731218,0.0,0.0101636060100166,0.0
2014-06-18 10:00:00,0.9157420965058236,0.0,0.0528202995008319,0.3589933444259567,0.0,0.0002579034941763,0.0018186356073211,0.0665274542429284,0.0102362728785357,0.0145108153078203
2014-06-18 11:00:00,1.65923,0.0,0.0,0.0298416666666666,0.0,0.0003583333333333,0.001905,0.0,0.0102366666666666,0.0200866666666666
2014-06-18 12:00:00,1.6998781302170285,0.0,0.0739849749582637,0.0019632721202003,0.0,0.0,0.0018313856427378,0.0532721202003338,0.0102103505843071,0.0199415692821368
2014-06-18 13:00:00,1.489856661045531,0.0,0.0,0.0008870151770657,0.0,0.0020185497470489,0.001760539629005,0.0491214165261382,0.0101973018549747,0.0009123102866779
2014-06-18 14:00:00,1.311225,0.0,0.01272,0.0,0.0,0.0132233333333333,0.0017416666666666,0.0,0.0101983333333333,0.0
2014-06-18 15:00:00,0.9692642140468228,0.0,0.0777725752508361,0.0,0.0,0.0002859531772575,0.0016638795986622,0.0,0.0101538461538461,0.0
2014-06-18 16:00:00,0.4994765886287625,0.0,4.849498327759198e-05,0.0,0.0,0.0002391304347826,0.001453177257525,0.0807073578595317,0.0101254180602006,0.0
2014-06-18 17:00:00,0.205576923076923,0.0,0.0474130434782608,0.0,0.0,0.027938127090301,0.0015468227424749,0.0,0.0101538461538461,0.0
2014-06-18 18:00:00,0.2168016666666666,0.0,0.0273649999999999,0.0,0.0,0.0345416666666666,0.0016283333333333,0.04466,0.010185,0.0
2014-06-18 19:00:00,0.15385,0.0,0.01771,0.0,0.0,0.010435,0.0017366666666666,0.0,0.0101833333333333,0.0
2014-06-18 20:00:00,0.1719225589225589,0.0,0.0583787878787878,0.0,0.0,0.0079612794612794,0.0017946127946127,0.0,0.0101986531986531,0.0
2014-06-18 21:00:00,0.15575,0.0,0.0002482876712328,0.0,0.0,0.0079794520547945,0.049681506849315,0.0,0.0101866438356164,0.0086626712328767
2014-06-18 22:00:00,0.1901266666666666,0.0,0.0567216666666666,0.0,0.0,0.0079566666666666,0.001795,0.0,0.01026,0.0198133333333333
2014-06-18 23:00:00,0.278235,0.0,0.0159916666666666,0.0,0.0,0.00797,0.0017683333333333,0.1470999999999999,0.0101916666666666,0.004735
2014-06-19 00:00:00,0.2215990016638935,0.0,0.009873544093178,0.0,0.0,0.0079567387687188,0.0016905158069883,0.0516921797004991,0.0102113144758735,0.0
2014-06-19 01:00:00,0.1825882352941176,0.0,0.0665277310924369,0.0,0.0,0.0122470588235294,0.0018369747899159,0.0,0.0102218487394957,0.0
2014-06-19 02:00:00,0.082537688442211,0.0,0.0,0.0,0.0,0.0120335008375209,0.0018341708542713,0.0,0.0102395309882747,0.0
2014-06-19 03:00:00,0.1067307692307692,0.0,0.0178795986622073,0.0,0.0,0.0120418060200668,0.0019214046822742,0.0,0.0102541806020066,0.0
2014-06-19 04:00:00,0.219225,0.0,0.058915,0.0,0.0,0.0120266666666666,0.0018683333333333,0.0,0.0102583333333333,0.0
2014-06-19 05:00:00,0.2548702163061564,0.0,0.0,0.0,0.0,0.0120033277870216,0.0016955074875207,0.0,0.0101896838602329,0.0
2014-06-19 06:00:00,0.4437023809523809,0.0,0.0204863945578231,0.0,0.0,0.012017006802721,0.0016734693877551,0.0,0.0101768707482993,0.0
2014-06-19 07:00:00,0.264675,0.0,0.0578383333333333,0.0,0.0,0.01199,0.00161,0.0,0.0101549999999999,0.0
2014-06-19 08:00:00,0.2089051580698835,0.0,0.0,0.0,0.0,0.0120199667221297,0.0018236272878535,0.0,0.0102029950083194,0.0
2014-06-19 09:00:00,0.4360805369127516,0.0,0.024729865771812,0.0,0.0,0.0120302013422818,0.0018120805369127,0.0624362416107382,0.0101862416107382,0.0101862416107382
2014-06-19 10:00:00,0.6354498327759197,0.0,0.0546705685618729,0.0,0.0,0.012010033444816,0.0017408026755852,0.0,0.0101672240802675,0.0122709030100334
2014-06-19 11:00:00,0.8864949494949496,0.0,0.0001043771043771,0.0,0.0,0.0119966329966329,0.0018030303030303,0.1022609427609427,0.0102239057239057,0.0185
2014-06-19 12:00:00,1.0427121464226288,0.0,0.0709833610648918,0.0,0.0,0.0120349417637271,0.0018502495840266,0.0176023294509151,0.0102163061564059,0.0151930116472545
2014-06-19 13:00:00,1.0307133333333334,0.0,0.0,0.0,0.0,0.0120133333333333,0.0018733333333333,0.0455883333333333,0.0102016666666666,0.0055083333333333
2014-06-19 14:00:00,1.0823816666666666,0.0,0.02162,0.0,0.0,0.0119966666666666,0.0016266666666666,0.0520016666666666,0.01018,0.0017066666666666
2014-06-19 15:00:00,0.9282356902356902,0.0,0.059496632996633,0.0,0.0,0.0119781144781144,0.0017138047138047,0.0,0.0101683501683501,0.0
2014-06-19 16:00:00,0.6039833610648918,0.0,0.0,0.0,0.0,0.0120099833610648,0.001792013311148,0.0,0.0102046589018302,0.0
2014-06-19 17:00:00,0.3428166666666666,0.0,0.0277733333333333,0.0,0.0,0.0120016666666666,0.00177,0.0,0.0101866666666666,0.0
2014-06-19 18:00:00,0.232585,0.0,0.0550733333333333,0.0,0.0,0.0120083333333333,0.0018266666666666,0.0,0.0102316666666666,0.0
2014-06-19 19:00:00,0.1357989864864864,0.0,0.0,0.0,0.0,0.0119898648648648,0.0017652027027027,0.0,0.0101807432432432,0.0
2014-06-19 20:00:00,0.1714232715008431,0.0,0.0262967959527824,0.0,0.0,0.0119831365935919,0.0015733558178752,0.048929173693086,0.0101770657672849,0.0
2014-06-19 21:00:00,0.2694666666666666,0.0,0.0669833333333333,0.0,0.0,0.0120016666666666,0.0017816666666666,0.0068833333333333,0.0101966666666666,0.0166566666666666
2014-06-19 22:00:00,0.1045463743676222,0.0,0.0,0.0,0.0,0.012016863406408,0.0017858347386172,0.0,0.0102512647554806,0.0
2014-06-19 23:00:00,0.3467216666666667,1.3333333333333337e-05,0.0150466666666666,0.0,0.0,0.0120116666666666,0.0018116666666666,0.17825,0.010205,0.0
2014-06-20 00:00:00,0.1933781512605042,0.0,0.0645512605042016,0.0,0.0,0.0346588235294117,0.0018991596638655,0.0,0.0102739495798319,0.0
2014-06-20 01:00:00,0.11131,0.0,0.0,0.0,0.0,0.0149,0.0019566666666666,0.0,0.0102899999999999,0.0
2014-06-20 02:00:00,0.0916661045531197,0.0,0.012441821247892,0.0,0.0,0.0,0.0018617200674536,0.0,0.0102546374367622,0.0
2014-06-20 03:00:00,0.16178,0.0,0.064745,0.0,0.0,0.0,0.0018916666666666,0.0,0.0102516666666666,0.0
2014-06-20 04:00:00,0.1300416666666666,0.0,0.0,0.0,0.0,0.0,0.0019183333333333,0.0,0.0102866666666666,0.0
2014-06-20 05:00:00,0.1362766666666666,0.0,0.0078316666666666,0.0034133333333333,0.0,0.0,0.0016633333333333,0.0,0.01015,0.0
2014-06-20 06:00:00,0.3469496644295302,0.0,0.0706124161073825,0.0,0.0,0.0,0.0016006711409395,0.0,0.0101728187919463,0.0
2014-06-20 07:00:00,0.9783030303030302,0.0,0.0,0.0,0.0,0.0,0.0017222222222222,0.0,0.0101784511784511,0.0
2014-06-20 08:00:00,1.262104982206406,0.0,0.0018469750889679,0.0,0.0,0.0,0.0016334519572953,0.0,0.010161921708185,0.0
2014-06-20 09:00:00,1.764454231433506,0.0,0.0822590673575129,0.2745613126079447,0.0,0.0,0.0016044905008635,0.0676632124352331,0.0101364421416234,0.0
2014-06-20 10:00:00,1.929454391891892,0.0,0.0044662162162162,0.0765,0.0,0.0,0.0017432432432432,0.0,0.0102195945945945,0.0
2014-06-20 11:00:00,2.3246849087893864,0.0,0.020820895522388,0.002,0.0,0.0,0.0018922056384742,0.0,0.0102155887230514,0.0
2014-06-20 12:00:00,2.228968067226891,0.0,0.0671394957983193,0.002,0.0,0.0,0.0019428571428571,0.0,0.0102436974789915,0.0
2014-06-20 13:00:00,1.898966956521739,0.0031165217391304,0.0,0.002,0.0,0.0004452173913043,0.0017373913043478,0.0,0.0101495652173913,0.0
2014-06-20 14:00:00,1.3867610169491524,0.0,0.0262152542372881,0.0336983050847457,0.0,0.0,0.0507796610169491,0.0,0.0101694915254237,0.0154559322033898
2014-06-20 15:00:00,0.8807916666666666,0.0,0.0693433333333333,0.0,0.0,0.0,0.0015733333333333,0.0,0.01015,0.0195066666666666
2014-06-20 16:00:00,0.4591333333333333,0.0,3.1666666666666666e-05,0.0,0.0,0.0,0.0017333333333333,0.0,0.010185,0.0196816666666666
2014-06-20 17:00:00,0.7312562814070352,0.0,0.0407705192629815,0.0,0.0,0.0,0.0018308207705192,0.1088760469011725,0.0102127303182579,0.0199765494137353
2014-06-20 18:00:00,0.2831214642262895,0.0,0.0519217970049916,0.0,0.0,0.0,0.0018036605657237,0.0,0.0102462562396006,0.0103377703826955
2014-06-20 19:00:00,0.1971383333333333,0.0,0.0,0.0,0.0,0.0,0.0018716666666666,0.0456016666666666,0.0102266666666666,0.0190066666666666
2014-06-20 20:00:00,0.140305,0.0,0.0374133333333333,0.0,0.0,0.0,0.001655,0.0,0.010175,0.00158
2014-06-20 21:00:00,0.1433898601398601,0.0,0.0506730769230769,0.0,0.0,0.0,0.0015856643356643,0.0,0.0101625874125874,0.0
2014-06-20 22:00:00,0.1683266666666666,0.0,0.0001,0.0,0.0,0.0,0.0028633333333333,0.05277,0.0102533333333333,0.0
2014-06-20 23:00:00,0.1230716666666666,0.0,0.0388266666666666,0.0,0.0,0.0,0.0018966666666666,0.0,0.010255,0.0
2014-06-21 00:00:00,0.1403683333333333,0.0,0.0437683333333333,0.0,0.0,0.0,0.00188,0.0,0.01027,0.0
2014-06-21 01:00:00,0.066885,0.0,0.0,0.0,0.0,0.0,0.001865,0.0,0.0102516666666666,0.0
2014-06-21 02:00:00,0.1201133333333333,0.0,0.035125,0.0,0.0,0.0,0.0019299999999999,0.0,0.0102733333333333,0.0
2014-06-21 03:00:00,0.1486483333333333,0.0,0.0467116666666666,0.0,0.0,0.0,0.0019399999999999,0.0,0.0102933333333333,0.0
2014-06-21 04:00:00,0.14266,0.0,0.0,0.0,0.0,0.0,0.004105,0.0,0.0103083333333333,0.0
2014-06-21 05:00:00,0.2534016666666667,0.0,0.0314066666666666,0.0,0.0,0.0,0.0034049999999999,0.0691533333333333,0.01024,0.0
2014-06-21 06:00:00,0.5253877551020408,0.0,0.0547772108843537,0.0,0.0,0.0,0.001688775510204,0.0,0.0102329931972789,0.0
2014-06-21 07:00:00,1.9876533333333333,0.0,0.0,0.0,0.0,0.0,0.0018116666666666,0.0,0.0102233333333333,0.0
2014-06-21 08:00:00,2.274213333333333,0.0,0.0222516666666666,0.0,0.0,0.0,0.001785,0.0,0.010235,0.0
2014-06-21 09:00:00,2.15734,0.0,0.069935,0.0,0.0,0.0,0.0017716666666666,0.0,0.0102066666666666,0.0
2014-06-21 10:00:00,2.3543758389261744,0.0,0.0,0.0,0.0,0.0,0.0018523489932885,0.0,0.010229865771812,0.0
2014-06-21 11:00:00,1.9483233333333327,0.0,0.0139,0.0,0.0,0.0,0.0019033333333333,0.0,0.0102533333333333,0.0
2014-06-21 12:00:00,2.265775,0.0,0.0798566666666666,0.0,0.0,0.0,0.0018083333333333,0.0,0.0101733333333333,0.0
2014-06-21 13:00:00,2.065021739130435,0.0,0.0061170568561872,0.0,0.0,0.0,0.0017474916387959,0.0,0.0101789297658862,0.0
2014-06-21 14:00:00,1.1665142378559463,0.0,0.0,0.0,0.0,0.0,0.0017303182579564,0.0,0.0101859296482412,0.0
2014-06-21 15:00:00,1.0395175879396985,0.0,0.0797705192629815,0.0,0.0,0.0,0.0017303182579564,0.0,0.010179229480737,0.0
2014-06-21 16:00:00,0.445728813559322,0.0,0.0246627118644067,0.0,0.0,0.0,0.0016457627118644,0.0,0.0101593220338983,0.0
2014-06-21 17:00:00,0.4804463087248322,0.0,0.0,0.0,0.0,0.0,0.0017684563758389,0.0,0.0101610738255033,0.0
2014-06-21 18:00:00,0.2837416666666666,0.0,0.0592116666666666,0.0,0.0,0.0,0.001745,0.0,0.01019,0.0
2014-06-21 19:00:00,0.1900016666666666,0.0,0.0425583333333333,0.0,0.0,0.0,0.0016266666666666,0.0,0.01016,0.0
2014-06-21 20:00:00,0.1537166666666666,0.0,0.0,0.0,0.0,0.0,0.0016666666666666,0.058675,0.0102166666666666,0.0159866666666666
2014-06-21 21:00:00,0.1403816666666666,0.0,0.0363766666666666,0.0,0.0,0.0,0.0016216666666666,0.0,0.01016,0.0197
2014-06-21 22:00:00,0.195175,0.0,0.0626383333333333,0.0,0.0,0.0,0.0016766666666666,0.0,0.010185,0.0196083333333333
2014-06-21 23:00:00,0.229482470784641,0.0,0.0,0.0,0.0,0.0,0.0018163606010016,0.0986644407345576,0.0102387312186978,0.013559265442404
2014-06-22 00:00:00,0.1405683333333333,0.0,0.0117833333333333,0.0,0.0,0.0,0.0082116666666666,0.0,0.01033,0.0
2014-06-22 01:00:00,0.1855451505016722,0.0,0.0802826086956521,0.0,0.0,0.0,0.0018879598662207,0.0,0.0102408026755852,0.0
2014-06-22 02:00:00,0.0756477462437395,0.0,0.0023689482470784,0.0,0.0,0.0,0.0018831385642737,0.0,0.0103088480801335,0.0
2014-06-22 03:00:00,0.0707566666666666,0.0,0.0,0.0,0.0,0.0,0.001955,0.0,0.010275,0.0
2014-06-22 04:00:00,0.239335,0.0,0.0704416666666666,0.0,0.0,0.0,0.001955,0.0,0.01036,0.0
2014-06-22 05:00:00,0.3594116666666667,0.0,0.0198433333333333,0.0,0.0,0.0,0.0019216666666666,0.0,0.0102483333333333,0.0
2014-06-22 06:00:00,0.5587077702702703,0.0,0.0,0.0,0.0,0.0,0.0018023648648648,0.0,0.0102229729729729,0.0
2014-06-22 07:00:00,1.7157303182579564,0.0,0.0550050251256281,0.0,0.0,0.0,0.0019581239530988,0.0,0.0103182579564489,0.0
2014-06-22 08:00:00,1.8113516666666667,0.0,0.0355716666666666,0.0244583333333333,0.0,0.0,0.00183,0.0982083333333333,0.0102483333333333,0.0068783333333333
2014-06-22 09:00:00,1.6802533333333334,0.0,0.0,0.5434816666666666,0.0,0.0,0.00175,0.0,0.0101633333333333,0.0
2014-06-22 10:00:00,1.065255,0.0,0.0758283333333333,0.03325,0.0,0.0,0.00179,0.0,0.0102066666666666,0.0
2014-06-22 11:00:00,1.1955416666666667,0.0,0.0221716666666666,0.002055,0.0,0.0,0.0017966666666666,0.0,0.0101549999999999,0.0
2014-06-22 12:00:00,1.5916393989983306,0.0,0.0,0.0021018363939899,0.0,0.0,0.0018664440734557,0.0,0.010245409015025,0.0
2014-06-22 13:00:00,1.65551,0.0,0.0762333333333333,0.0020499999999999,0.0,0.0,0.0018183333333333,0.0,0.0102016666666666,0.0
2014-06-22 14:00:00,1.2329216666666667,0.0,0.0245799999999999,0.0339216666666666,0.0,0.0,0.0484183333333333,0.0,0.0101733333333333,0.01538
2014-06-22 15:00:00,0.64554,0.0,0.0,0.0008166666666666,0.0,0.0,0.0017583333333333,0.0,0.0102016666666666,0.004885
2014-06-22 16:00:00,0.5545633333333334,0.0,0.0721666666666666,0.0,0.0,0.0,0.0016699999999999,0.0344883333333333,0.01018,0.0
2014-06-22 17:00:00,0.3345416666666667,0.0,0.0339316666666666,0.0,0.0,0.0,0.0017083333333333,0.0411366666666666,0.0102183333333333,0.0
2014-06-22 18:00:00,0.1855466666666666,0.0,0.0,0.0,0.0,0.0,0.001815,0.0,0.01021,0.0
2014-06-22 19:00:00,0.2507207357859531,0.0,0.0708444816053511,0.0,0.0,0.0,0.0018428093645484,0.0319665551839464,0.010200668896321,0.0
2014-06-22 20:00:00,0.2009530201342282,0.0,0.0303909395973154,0.0,0.0,0.0,0.0018137583892617,0.0712986577181208,0.010226510067114,0.0
2014-06-22 21:00:00,0.0681966666666666,0.0,0.0,0.0,0.0,0.0,0.0018216666666666,0.0,0.0102066666666666,0.0
2014-06-22 22:00:00,0.9759666666666666,0.0,0.0638866666666666,0.0,0.7174466666666667,0.0,0.0017216666666666,0.0,0.0102133333333333,0.0
2014-06-22 23:00:00,1.6494366666666669,0.0,0.0360466666666666,0.0002133333333333,0.9191066666666668,0.0,0.0016266666666666,0.0692166666666666,0.01015,0.0067566666666666
2014-06-23 00:00:00,0.1180883333333333,0.0,0.0,0.0,0.0,0.0,0.0018083333333333,0.0,0.0101566666666666,0.0190433333333333
2014-06-23 01:00:00,0.2055932773109244,0.0,0.0682554621848739,0.0,0.0,0.0,0.0018655462184873,0.0,0.0101277310924369,0.0190890756302521
2014-06-23 02:00:00,0.2836728280961182,0.0,0.0362458410351201,0.0,0.0,0.0,0.0019297597042513,0.1174343807763401,0.0102439926062846,0.0008780036968576
2014-06-23 03:00:00,0.1335083333333333,0.0,0.0236466666666666,0.0,0.0,0.0,0.001955,0.0,0.0103,0.0
2014-06-23 04:00:00,0.257935,0.0,0.080855,0.0,0.0,0.0,0.001945,0.0,0.010305,0.0
2014-06-23 05:00:00,0.4233299832495812,0.0,0.0560452261306532,0.0,0.0,0.0,0.001715242881072,0.0,0.0101926298157453,0.0
2014-06-23 06:00:00,0.6636587436332767,0.0,0.0001409168081494,0.0,0.0,0.0,0.0017232597623089,0.0776808149405772,0.0101986417657045,0.0028522920203735
2014-06-23 07:00:00,0.6315127334465195,0.0,0.0504651952461799,0.0,0.0,0.0,0.0016977928692699,0.0354074702886247,0.010176570458404,0.0067079796264855
2014-06-23 08:00:00,1.9518816666666667,0.0,0.0746866666666666,0.0,0.0,0.0,0.0015333333333333,0.0,0.0101233333333333,0.0
2014-06-23 09:00:00,2.2098698630136986,0.0,0.0,0.0,0.0,0.0,0.0016934931506849,0.0,0.0101421232876712,0.0
2014-06-23 10:00:00,2.3902888888888887,0.0,0.0200111111111111,0.0,0.0,0.0,0.0018555555555555,0.0,0.0101833333333333,0.0
2014-06-23 11:00:00,2.163161666666667,0.0,0.0807116666666666,0.0,0.0,0.0,0.0018,0.0,0.0101666666666666,0.0
2014-06-23 12:00:00,1.5219411764705884,0.0,0.0270302521008403,0.0,0.0,0.0,0.0016823529411764,0.0,0.0101865546218487,0.0
2014-06-23 13:00:00,1.9192254237288136,0.0,0.0,0.0,0.0,0.0,0.0016898305084745,0.0,0.0101389830508474,0.0
2014-06-23 14:00:00,1.417874363327674,0.0,0.050962648556876,0.0,0.0,0.0,0.0016774193548387,0.0,0.0101714770797962,0.0
2014-06-23 15:00:00,0.9343470085470084,0.0,0.0777196581196581,0.0,0.0,0.0,0.0016290598290598,0.0,0.0101299145299145,0.0
2014-06-23 16:00:00,0.5358816666666667,0.0,0.0021516666666666,0.0,0.0,0.0,0.0017966666666666,0.0,0.0101733333333333,0.0
2014-06-23 17:00:00,0.1998676975945017,0.0,0.0,0.0,0.0,0.0,0.0016030927835051,0.0,0.0101408934707903,0.0
2014-06-23 18:00:00,0.2383428571428571,0.0,0.0703697478991596,0.0,0.0,0.0,0.0024621848739495,0.0,0.0101361344537815,0.0
2014-06-23 19:00:00,0.1886683333333333,0.0,0.044745,0.0,0.0,0.0,0.0016799999999999,0.0,0.010105,0.0
2014-06-23 20:00:00,0.0875,0.0,0.0,0.0,0.0,0.0,0.0015833333333333,0.0,0.0101983333333333,0.0
2014-06-23 21:00:00,0.0973546218487395,0.0,0.0257394957983193,0.0,0.0,0.0,0.0016201680672268,0.0,0.0101428571428571,0.0
2014-06-23 22:00:00,0.1844871355060034,0.0,0.0790926243567753,0.0,0.0,0.0,0.0018250428816466,0.0,0.0101903945111492,0.0
2014-06-23 23:00:00,0.0788566666666666,0.0,0.0076383333333333,0.0,0.0,0.0,0.0018833333333333,0.0,0.0102283333333333,0.0
2014-06-24 00:00:00,0.0669055649241146,0.0,0.0,0.0,0.0,0.0,0.001866779089376,0.0,0.0102546374367622,0.0
2014-06-24 01:00:00,0.1516716666666666,0.0,0.0628866666666666,0.0,0.0,0.0,0.0048833333333333,0.0,0.0101616666666666,0.0
2014-06-24 02:00:00,0.121070707070707,0.0,0.0388501683501683,0.0,0.0,0.0,0.0016986531986531,0.0,0.0101548821548821,0.0
2014-06-24 03:00:00,0.0656894824707846,0.0,0.0,0.0,0.0,0.0,0.0019365609348914,0.0,0.0102020033388981,0.0
2014-06-24 04:00:00,0.167042780748663,0.0,0.0285347593582887,0.0,0.0,0.0,0.0018734402852049,0.0,0.0102139037433155,0.0
2014-06-24 05:00:00,0.3271650165016501,0.0,0.0699950495049505,0.0,0.0,0.0,0.0017689768976897,0.0,0.0101798679867986,0.0
2014-06-24 06:00:00,0.577098003629764,0.0,0.0,0.0,0.0,0.0,0.0018130671506352,0.0,0.0102595281306715,0.0
2014-06-24 07:00:00,1.1156947723440134,0.0,0.0,0.0,0.0,0.0,0.0016762225969645,0.0,0.0101534569983136,0.0
2014-06-24 08:00:00,1.9348147512864493,0.0,0.0802367066895368,0.0,0.0,0.0,0.0018627787307032,0.0,0.0101801029159519,0.0
2014-06-24 09:00:00,2.334684838160136,0.0,0.0236763202725724,0.0,0.0,0.0,0.0018637137989778,0.0,0.0101925042589437,0.0
2014-06-24 10:00:00,2.1863737373737373,0.0,0.0,0.0,0.0,0.0,0.0018181818181818,0.0,0.0102205387205387,0.0
2014-06-24 11:00:00,2.1009083333333334,0.0,0.05008,0.0,0.0,0.0,0.001835,0.0,0.010175,0.0
2014-06-24 12:00:00,2.256785472972973,0.0,0.061089527027027,0.0,0.0,0.0,0.0018327702702702,0.0,0.0101841216216216,0.0
2014-06-24 13:00:00,1.4911704347826087,0.0,0.0,0.0,0.0,0.0,0.0018643478260869,0.0,0.0101773913043478,0.0
2014-06-24 14:00:00,1.1092708333333332,0.0,0.019015625,0.0,0.0,0.0,0.0018246527777777,0.0,0.010203125,0.0
2014-06-24 15:00:00,0.5352201365187713,0.0,0.0798822525597269,0.0,0.0,0.0,0.0017747440273037,0.0,0.0101825938566552,0.0
2014-06-24 16:00:00,0.3912280405405405,0.0,0.0206148648648648,0.0,0.0,0.0,0.0016418918918918,0.0,0.010152027027027,0.0
2014-06-24 17:00:00,0.1851818181818182,0.0,0.0,0.0,0.0,0.0,0.001594276094276,0.0,0.0101262626262626,0.0
2014-06-24 18:00:00,0.2557414965986395,0.0,0.0530255102040816,0.0,0.0,0.0,0.0018095238095238,0.0,0.0102057823129251,0.0
2014-06-24 19:00:00,0.2151739130434782,0.0,0.0538277591973244,0.0,0.0,0.0,0.0018528428093645,0.0,0.0102240802675585,0.0
2014-06-24 20:00:00,0.0943607382550335,0.0,0.0,0.0,0.0,0.0,0.0018875838926174,0.0,0.0102130872483221,0.0
2014-06-24 21:00:00,0.0840797227036395,0.0,0.0147573656845753,0.0,0.0,0.0,0.0018093587521663,0.0,0.0101455805892547,0.0
2014-06-24 22:00:00,0.180570707070707,0.0,0.0800185185185185,0.0,0.0,0.0,0.0017845117845117,0.0,0.0102171717171717,0.0
2014-06-24 23:00:00,0.0780217755443886,0.0,0.0075309882747068,0.0,0.0,0.0,0.0018844221105527,0.0,0.0102194304857621,0.0
2014-06-25 00:00:00,0.0669382303839732,0.0,0.0,0.0,0.0,0.0,0.0018731218697829,0.0,0.0102387312186978,0.0
2014-06-25 01:00:00,0.1510682593856655,0.0,0.0612918088737201,0.0,0.0,0.0,0.0019249146757679,0.0,0.010216723549488,0.0
2014-06-25 02:00:00,0.1205305084745762,0.0,0.0325491525423728,0.0,0.0,0.0,0.0019355932203389,0.0,0.0102983050847457,0.0
2014-06-25 03:00:00,0.0749588785046729,0.0,0.0,0.0,0.0,0.0,0.0018934579439252,0.0,0.0101943925233644,0.0
2014-06-25 04:00:00,0.167335604770017,0.0,0.0298551959114139,0.0,0.0,0.0,0.0016695059625212,0.0,0.0102027257240204,0.0
2014-06-25 05:00:00,0.3001231028667791,0.0,0.0547774030354131,0.0,0.0,0.0,0.0017689713322091,0.0,0.0101669477234401,0.0
2014-06-25 06:00:00,0.6499916107382551,0.0,0.0,0.0,0.0,0.0,0.0018020134228187,0.0,0.0102013422818791,0.0
2014-06-25 07:00:00,1.925359454855196,0.0,0.0123679727427597,0.0,0.0,0.0,0.0018858603066439,0.0,0.0102385008517887,0.0
2014-06-25 08:00:00,1.940752981260648,0.0,0.0775042589437819,0.0,0.0,0.0,0.0020494037478705,0.0,0.0102555366269165,0.0
2014-06-25 09:00:00,2.4729915824915825,0.0,0.0,0.0,0.0,0.0,0.0018569023569023,0.0,0.0101952861952861,0.0
2014-06-25 10:00:00,1.656822608695652,0.0,0.0,0.0,0.0,0.0,0.0017686956521739,0.0,0.0101652173913043,0.0
2014-06-25 11:00:00,2.359613175675676,0.0,0.0740050675675675,0.0,0.0,0.0,0.0017820945945945,0.0,0.0101672297297297,0.0
2014-06-25 12:00:00,2.11782,0.0,0.0205783333333333,0.0,0.0,0.0,0.00181,0.0,0.0101983333333333,0.0
2014-06-25 13:00:00,1.7021849999999998,0.0,0.0,0.0,0.0,0.0,0.0017649999999999,0.0,0.0101649999999999,0.0
2014-06-25 14:00:00,1.1855041736227043,0.0,0.0573672787979966,0.0,0.0,0.0,0.0021552587646076,0.0,0.0101636060100166,0.0
2014-06-25 15:00:00,0.8367466666666666,0.0,0.0422283333333333,0.0,0.0,0.0,0.0016016666666666,0.0,0.0101666666666666,0.0
2014-06-25 16:00:00,0.6739848229342328,0.0,0.0,0.0,0.0,0.0,0.0047807757166947,0.0,0.0101838111298482,0.0
2014-06-25 17:00:00,0.4681728187919463,0.0,0.0335755033557046,0.0,0.0,0.0,0.0018708053691275,0.0673288590604026,0.0102063758389261,0.0
2014-06-25 18:00:00,0.2964040747028862,0.0,0.0711918505942275,0.0,0.0,0.0,0.0017623089983022,0.014597623089983,0.0101867572156196,0.0182071307300509
2014-06-25 19:00:00,0.2122642140468227,0.0,0.0,0.0,0.0,0.0,0.0018260869565217,0.0637190635451505,0.0101722408026755,0.019767558528428
2014-06-25 20:00:00,0.1286882453151618,0.0,0.0,0.0,0.0,0.0,0.0018534923339011,0.0,0.0102197614991482,0.0198296422487223
2014-06-25 21:00:00,0.4196076794657763,0.0,0.0812771285475792,0.0,0.0,0.0,0.0561535893155258,0.0887328881469115,0.0101936560934891,0.0197629382303839
2014-06-25 22:00:00,0.1367283333333333,0.0,0.0162183333333333,0.0,0.0,0.0002133333333333,0.0018033333333333,0.0,0.010195,0.020015
2014-06-25 23:00:00,0.1108982142857143,0.0,0.0,0.0,0.0,0.0,0.0018446428571428,0.0,0.0102017857142857,0.0200285714285714
2014-06-26 00:00:00,0.201668376068376,0.0,0.0693316239316239,0.0,0.0,0.0,0.001842735042735,0.0,0.0101743589743589,0.0194136752136752
2014-06-26 01:00:00,0.1362040133779264,0.0,0.0179314381270903,0.0,0.0,0.0,0.0019280936454849,0.0,0.0102107023411371,0.0201688963210702
2014-06-26 02:00:00,0.1113216666666666,0.0,0.0,0.0,0.0,0.0,0.0019116666666666,0.0,0.0102583333333333,0.0200216666666666
2014-06-26 03:00:00,0.3495202702702703,0.0,0.0630912162162162,0.0,0.0,0.0,0.0019222972972972,0.1687939189189189,0.0102652027027027,0.0048631756756756
2014-06-26 04:00:00,0.1773882352941176,0.0,0.0231848739495798,0.0,0.0,0.0,0.0019327731092436,0.0,0.0103159663865546,0.0
2014-06-26 05:00:00,0.2267533557046979,0.0,0.0,0.0,0.0,0.0,0.0016275167785234,0.0,0.0101728187919463,0.0
2014-06-26 06:00:00,0.576180602006689,0.0,0.0538428093645484,0.0,0.0,0.0,0.0017257525083612,0.0,0.0101672240802675,0.0
2014-06-26 07:00:00,1.0016565143824028,0.0,0.0291269035532994,0.0,0.0,0.0,0.001663282571912,0.0,0.0101218274111675,0.0
2014-06-26 08:00:00,1.6791804384485665,0.0,0.0,0.0,0.0,0.0,0.0018768971332209,0.0,0.0102023608768971,0.0
2014-06-26 09:00:00,2.274185185185185,0.0,0.0609074074074074,0.0,0.0,0.0,0.0019276094276094,0.0642592592592592,0.0102255892255892,0.0064191919191919
2014-06-26 10:00:00,2.3104050000000003,0.0,0.0267716666666666,0.0,0.0,0.0,0.001905,0.0781216666666666,0.0102333333333333,0.0114666666666666
2014-06-26 11:00:00,1.903415,0.0,0.0,0.0,0.0,0.0,0.0018666666666666,0.0,0.010185,0.0
2014-06-26 12:00:00,1.3754665551839464,0.0,0.0757023411371237,0.0,0.0,0.0,0.0577424749163879,0.0,0.0101989966555183,0.0135250836120401
2014-06-26 13:00:00,1.1328948247078463,0.0,0.0213522537562604,0.0,0.0,0.0,0.0018380634390651,0.0,0.0101686143572621,3.3388981636060103e-06
2014-06-26 14:00:00,0.755436974789916,0.0,0.0,0.0,0.0,0.0,0.0018386554621848,0.0,0.0101915966386554,0.0
2014-06-26 15:00:00,0.5746199324324324,0.0,0.0788631756756756,0.0,0.0,0.0,0.001741554054054,0.0,0.010179054054054,0.0
2014-06-26 16:00:00,0.4800218487394957,0.0,0.0050991596638655,0.0,0.0,0.0,0.0018134453781512,0.0,0.0102117647058823,0.0
2014-06-26 17:00:00,0.5391813559322034,0.0,0.0106118644067796,0.0,0.0,0.0,0.0017033898305084,0.0775745762711864,0.0101813559322033,0.0191050847457627
2014-06-26 18:00:00,0.336752107925801,0.0,0.0781028667790893,0.0,0.0,0.0,0.0015733558178752,0.0,0.0101753794266441,0.0152225969645868
2014-06-26 19:00:00,0.1458364565587734,0.0,0.0,0.0,0.0,0.0,0.0017342419080068,0.0,0.0101856899488926,0.0
2014-06-26 20:00:00,0.2003811129848229,0.0,0.0199460370994941,0.0,0.0,0.0,0.001725126475548,0.0627723440134907,0.0102124789207419,0.0
2014-06-26 21:00:00,0.4806174496644295,0.0,0.0754161073825503,0.0,0.0,0.0,0.0016560402684563,0.1130184563758389,0.0101677852348993,0.0086073825503355
2014-06-26 22:00:00,0.1115890410958904,0.0,0.000195205479452,0.0,0.0,0.0,0.0018373287671232,0.0,0.010222602739726,0.0199075342465753
2014-06-26 23:00:00,0.3867037037037037,0.0,0.0689259259259259,0.0,0.0,0.0,0.0019023569023569,0.1834932659932659,0.0102306397306397,0.0200387205387205
2014-06-27 00:00:00,0.1049749582637729,0.0,0.0038631051752921,0.0,0.0,0.0,0.0019131886477462,0.0,0.0102771285475792,0.0039515859766277
2014-06-27 01:00:00,0.2084957841483979,0.0,0.0218549747048903,0.0,0.0,0.0,0.0018431703204047,0.0715092748735244,0.0102782462057335,0.0
2014-06-27 02:00:00,0.1529594594594594,0.0,0.0565253378378378,0.0,0.0,0.0,0.0019273648648648,0.0,0.010304054054054,0.0
2014-06-27 03:00:00,0.068689713322091,0.0,0.0,0.0,0.0,0.0,0.0019359190556492,0.0,0.010300168634064,0.0
2014-06-27 04:00:00,0.1266554621848739,0.0,0.035053781512605,0.0,0.0,0.0,0.0019411764705882,0.0,0.0103294117647058,0.0
2014-06-27 05:00:00,0.1885637583892617,0.0,0.0446040268456375,0.0,0.0,0.0,0.001746644295302,0.0,0.0102080536912751,0.0
2014-06-27 06:00:00,0.1370875420875421,0.0,0.0,0.0,0.0,0.0,0.0017373737373737,0.0,0.0101936026936026,0.0
2014-06-27 07:00:00,0.1820169491525423,0.0,0.0354559322033898,0.0,0.0,0.0,0.0017525423728813,0.0,0.0102016949152542,0.0
2014-06-27 08:00:00,0.2109698492462311,0.0,0.0428308207705192,0.0,0.0,0.0,0.0017822445561139,0.0,0.0101876046901172,0.0
2014-06-27 09:00:00,0.3348465517241379,0.0,0.0001965517241379,0.0,0.0,0.0,0.001703448275862,0.0889775862068965,0.0101741379310344,0.0152862068965517
2014-06-27 10:00:00,0.3942852233676976,0.0,0.0726941580756013,0.0,0.0,0.0,0.0017560137457044,0.0,0.0101907216494845,0.0009364261168384
2014-06-27 11:00:00,0.550566037735849,0.0,8.404802744425385e-05,0.0,0.0,0.0,0.0048867924528301,0.0748027444253859,0.0101715265866209,0.0
2014-06-27 12:00:00,1.4640920138888889,0.0,0.060375,0.0,0.0,0.0,0.001875,0.058140625,0.0102118055555555,0.0090486111111111
2014-06-27 13:00:00,0.234160744500846,0.0,0.0115059221658206,0.0,0.0,0.0,0.0018595600676818,0.0,0.0101895093062605,0.0
2014-06-27 14:00:00,0.8805395189003437,0.0,0.0304725085910652,0.0,0.0,0.0,0.0018831615120274,0.0,0.010221649484536,0.0
2014-06-27 15:00:00,0.756272120200334,0.0,0.0438113522537562,0.0,0.0,0.0,0.0018397328881469,0.0,0.0102203672787979,0.0
2014-06-27 16:00:00,0.6069286926994907,0.0,0.0,0.0,0.0,0.0,0.0016977928692699,0.0,0.0101680814940577,0.0
2014-06-27 17:00:00,0.6087311827956989,0.0,0.0597939068100358,0.0,0.0,0.0,0.001689964157706,0.064,0.010173835125448,0.0194928315412186
2014-06-27 18:00:00,0.346688555347092,0.0,0.0197879924953095,0.0,0.0,0.0,0.0016697936210131,0.1380018761726079,0.0101651031894934,0.0051669793621013
2014-06-27 19:00:00,0.1704249084249084,0.0,0.0193076923076923,0.0,0.0,0.0,0.0016923076923076,0.0,0.0101776556776556,0.0
2014-06-27 20:00:00,0.3370277777777777,0.0,0.0466111111111111,0.0,0.0,0.0,0.0016703703703703,0.1169203703703703,0.0101777777777777,0.0
2014-06-27 21:00:00,0.1934442477876106,0.0,0.0,0.0,0.0,0.0,0.0016619469026548,0.0478672566371681,0.0101469026548672,0.0
2014-06-27 22:00:00,0.4131092150170649,0.0,0.046358361774744,0.0,0.0,0.0,0.001834470989761,0.1214317406143344,0.0102406143344709,0.0
2014-06-27 23:00:00,0.2674812925170068,0.0,0.0655306122448979,0.0,0.0,0.0,0.001845238095238,0.0215,0.0102414965986394,0.0152908163265306
2014-06-28 00:00:00,0.1495212224108658,0.0,0.0301578947368421,0.0,0.0,0.0,0.0018200339558573,0.0,0.0102241086587436,0.0201748726655348
2014-06-28 01:00:00,0.1736061120543293,0.0,0.0450424448217317,0.0,0.0,0.0,0.001918505942275,0.0,0.0102292020373514,0.0202444821731748
2014-06-28 02:00:00,0.299548060708263,0.0,0.0377892074198988,0.0,0.0,0.0,0.0018802698145025,0.1420758853288364,0.0102377740303541,0.0145733558178752
2014-06-28 03:00:00,0.1124151260504201,0.0,0.0270806722689075,0.0,0.0,0.0,0.0019714285714285,0.0,0.0102689075630252,0.0
2014-06-28 04:00:00,0.1569514237855946,0.0,0.0463802345058626,0.0,0.0,0.0,0.0019497487437185,0.0,0.0103651591289782,0.0
2014-06-28 05:00:00,0.1740370994940978,0.0,0.0185699831365935,0.0,0.0,0.0,0.0018111298482293,0.0,0.0102478920741989,0.0
2014-06-28 06:00:00,0.1940666666666666,0.0,0.0377948717948717,0.0,0.0,0.0,0.001834188034188,0.0,0.0102461538461538,0.0
2014-06-28 07:00:00,0.194074074074074,0.0,0.0257087542087542,0.0,0.0,0.0,0.0018905723905723,0.0,0.0102272727272727,0.0
2014-06-28 08:00:00,0.3267966386554621,0.0,0.0124050420168067,0.0,0.0,0.0,0.0017747899159663,0.0634672268907563,0.0102151260504201,0.0
2014-06-28 09:00:00,0.4504814814814815,0.0,0.0542845117845117,0.0,0.0,0.0,0.0017340067340067,0.0,0.0101801346801346,0.0
2014-06-28 10:00:00,0.5362571428571429,0.0,0.0,0.0,0.0,0.0,0.0017781512605042,0.0,0.0102386554621848,0.0
2014-06-28 11:00:00,0.3199180602006689,0.0,0.0618779264214046,0.0,0.0,0.0,0.001824414715719,0.0,0.010205685618729,0.0
2014-06-28 12:00:00,0.8405505154639176,0.0,0.0059587628865979,0.0,0.0,0.0,0.0019484536082474,0.0,0.0102948453608247,0.0
2014-06-28 13:00:00,0.6331608623548922,0.0,0.0173233830845771,0.0,0.0,0.0,0.0018905472636815,0.0,0.0104975124378109,0.0
2014-06-28 14:00:00,0.6274295302013422,0.0,0.0617214765100671,0.0,0.0,0.0,0.0017214765100671,0.0663573825503355,0.0103724832214765,0.0094697986577181
2014-06-28 15:00:00,0.6594703891708967,0.0,0.0,0.0,0.0,0.0,0.0016751269035532,0.0,0.01031641285956,0.0191641285956006
2014-06-28 16:00:00,0.5876858108108108,0.0,0.0633361486486486,0.0,0.0,0.0,0.0016047297297297,0.0933260135135135,0.0102989864864864,0.0
2014-06-28 17:00:00,0.1901145833333333,0.0,0.003765625,0.0,0.0,0.0,0.0016996527777777,0.0,0.0103246527777777,0.0041493055555555
2014-06-28 18:00:00,0.2206960950764006,0.0,0.0275500848896434,0.0,0.0,0.0,0.0017860780984719,0.0,0.0103565365025466,0.0
2014-06-28 19:00:00,0.1879897435897436,0.0,0.0407897435897435,0.0,0.0,0.0,0.0017282051282051,0.0,0.0103931623931623,0.0
2014-06-28 20:00:00,0.0726729131175468,0.0,0.0,0.0,0.0,0.0,0.0017989778534923,0.0,0.0104173764906303,0.0
2014-06-28 21:00:00,0.1331989881956155,0.0,0.0486947723440134,0.0,0.0,0.0,0.0018111298482293,0.0,0.0103777403035413,0.0
2014-06-28 22:00:00,0.1065118644067796,0.0,0.0230881355932203,0.0,0.0,0.0,0.0019254237288135,0.0,0.0105050847457627,0.0
2014-06-28 23:00:00,0.2289742268041237,0.0,0.0,0.0,0.0,0.0,0.00196735395189,0.1516941580756013,0.0106065292096219,0.0
2014-06-29 00:00:00,0.2654778156996587,0.0,0.0561296928327645,0.0,0.0,0.0,0.0019726962457337,0.1026894197952218,0.0105955631399317,0.0
2014-06-29 01:00:00,0.1128226351351351,0.0,0.0204679054054054,0.0,0.0,0.0,0.0019425675675675,0.0,0.0105777027027027,0.0
2014-06-29 02:00:00,0.0699764309764309,0.0,0.0,0.0,0.0,0.0,0.0019343434343434,0.0,0.0105959595959595,0.0
2014-06-29 03:00:00,0.1426455479452054,0.0,0.0440907534246575,0.0,0.0,0.0,0.0018852739726027,0.0,0.0105034246575342,0.0
2014-06-29 04:00:00,0.1846751269035532,0.0,0.0307377326565143,0.0,0.0,0.0,0.0018443316412859,0.0,0.0104839255499153,0.0
2014-06-29 05:00:00,0.1889915682967959,0.0,0.0,0.0,0.0,0.0,0.0017453625632377,0.0,0.0103389544688026,0.0
2014-06-29 06:00:00,0.4193217993079585,0.0,0.0254982698961937,0.0,0.0,0.0,0.0018633217993079,0.0,0.0104688581314878,0.0
2014-06-29 07:00:00,1.0298597972972974,0.0,0.0498868243243243,0.0,0.0,0.0,0.0016604729729729,0.0,0.0103361486486486,0.0
2014-06-29 08:00:00,1.2747098976109217,0.0,0.0,0.0,0.0,0.0,0.0016962457337883,0.0642679180887372,0.0103617747440273,0.0
2014-06-29 09:00:00,1.003739864864865,0.0,0.0244695945945945,0.0,0.0,0.0,0.0018834459459459,0.0,0.0104459459459459,0.0
2014-06-29 10:00:00,1.5239881355932203,0.0,0.0503237288135593,0.0,0.0,0.0,0.0019152542372881,0.0,0.0104796610169491,0.0
2014-06-29 11:00:00,1.0898868243243245,0.0,0.0,0.0,0.0,0.0,0.0019003378378378,0.0,0.0104729729729729,0.0
2014-06-29 12:00:00,0.96284406779661,0.0,0.002793220338983,0.0,0.0,0.0,0.0019355932203389,0.0,0.010464406779661,0.0
2014-06-29 13:00:00,0.7525238095238095,0.0,0.0807159863945578,0.0,0.0,0.0,0.0019727891156462,0.0,0.0105102040816326,0.0
2014-06-29 14:00:00,0.5066448911222781,0.0,0.0091289782244556,0.0,0.0,0.0,0.0019463986599664,0.0711909547738693,0.0105678391959799,0.0001758793969849
2014-06-29 15:00:00,0.4794794520547945,0.0,0.0,0.0,0.0,0.0,0.001917808219178,0.0,0.0104811643835616,0.0009760273972602
2014-06-29 16:00:00,0.5026073825503355,0.0,0.0291543624161073,0.0,0.0,0.0,0.0018741610738255,0.0,0.0104211409395973,0.0
2014-06-29 17:00:00,0.5796537162162163,0.0,0.0578868243243243,0.0,0.0,0.0,0.0019408783783783,0.0,0.010491554054054,0.0
2014-06-29 18:00:00,0.2467741935483871,0.0,0.0122563667232597,0.0,0.0,0.0,0.0019269949066213,0.0,0.0105212224108658,0.0117504244482173
2014-06-29 19:00:00,0.2770016835016834,0.0,0.0471767676767676,0.0,0.0,0.0,0.0016851851851851,0.0701851851851851,0.0103905723905723,0.0197609427609427
2014-06-29 20:00:00,0.2807951807228916,0.0,0.0160533562822719,0.0,0.0,0.0,0.0016764199655765,0.0992013769363166,0.0103442340791738,0.0198433734939759
2014-06-29 21:00:00,0.1607048903878583,0.0,0.0394856661045531,0.0,0.0,0.0,0.0016070826306913,0.0,0.0102951096121416,0.0194839797639123
2014-06-29 22:00:00,0.2329982935153583,0.0,0.0,0.0,0.0,0.0,0.0017081911262798,0.1429163822525597,0.0103890784982935,0.0110665529010238
2014-06-29 23:00:00,0.1529282051282051,0.0,0.0516957264957265,0.0,0.0,0.0,0.0019059829059829,0.0,0.0105111111111111,0.0
2014-06-30 00:00:00,0.190442538593482,0.0,0.0171029159519725,0.0,0.0,0.0,0.0236569468267581,0.0585454545454545,0.0105042881646655,0.0
2014-06-30 01:00:00,0.0791714770797962,0.0,0.0,0.0,0.0,0.0,0.0019337860780984,0.0,0.0105738539898132,0.0
2014-06-30 02:00:00,0.1594108658743633,0.0,0.0579252971137521,0.0,0.0,0.0,0.0019252971137521,0.0,0.0105314091680814,0.0
2014-06-30 03:00:00,0.0920017064846416,0.0,0.0115085324232081,0.0,0.0,0.0,0.001914675767918,0.0,0.0105068259385665,0.0
2014-06-30 04:00:00,0.1419625212947189,0.0,0.0,0.0,0.0,0.0,0.0017751277683134,0.0,0.0103918228279386,0.0
2014-06-30 05:00:00,0.2337191201353638,0.0,0.0434162436548223,0.0,0.0,0.0,0.0018054145516074,0.0,0.0104162436548223,0.0
2014-06-30 06:00:00,0.5934543889845095,0.0,0.0282065404475043,0.0,0.0,0.0,0.0018382099827882,0.0,0.0104354561101549,0.0
2014-06-30 07:00:00,1.5125962199312717,0.0,0.0,0.0,0.0,0.0,0.0017371134020618,0.0,0.0103470790378006,0.0
2014-06-30 08:00:00,1.7347281879194631,0.0,0.0198624161073825,0.0,0.0,0.0,0.0016879194630872,0.0,0.0103959731543624,0.0
2014-06-30 09:00:00,2.041891156462585,0.0,0.0587619047619047,0.0,0.0,0.0,0.0017244897959183,0.0,0.0103792517006802,0.0
2014-06-30 10:00:00,0.6775710306406685,0.0,0.000158774373259,0.0,0.0,0.0,0.0016462395543175,0.1253175487465181,0.010284122562674,0.015225626740947
2014-06-30 11:00:00,0.3763872113676731,0.0,0.0063765541740674,0.0,0.0,0.0,0.0016891651865008,0.0583285968028419,0.0103321492007104,0.0065737122557726
2014-06-30 12:00:00,0.7976802841918296,0.0,0.0785683836589698,0.0,0.0,0.0,0.0016767317939609,0.0,0.0103445825932504,0.0198436944937833
2014-06-30 13:00:00,1.9246231155778888,0.0,0.0005309882747068,0.0,0.0,0.0,0.0018023450586264,0.0659447236180904,0.0103919597989949,0.0196850921273031
2014-06-30 14:00:00,1.085366554054054,0.0,0.0548716216216216,0.0,0.0,0.0214054054054054,0.0017449324324324,0.0531739864864864,0.0103429054054054,0.0008834459459459
2014-06-30 15:00:00,0.86321644295302,0.0,0.0117818791946308,0.0,0.0,0.0061963087248322,0.0017869127516778,0.0,0.0103674496644295,0.0
2014-06-30 16:00:00,0.5528168067226891,0.0,0.0,0.0,0.0,0.0002319327731092,0.0018067226890756,0.0,0.0103949579831932,0.0
2014-06-30 17:00:00,0.3266275862068965,0.0,0.0590344827586206,0.0,0.0,0.0002379310344827,0.0016896551724137,0.0795241379310345,0.0103465517241379,0.0053482758620689
2014-06-30 18:00:00,0.1764362416107382,0.0,0.0225402684563758,0.0,0.0,0.000236577181208,0.0017147651006711,0.0,0.0103791946308724,0.0
2014-06-30 19:00:00,0.1272227805695142,0.0,0.0,0.0,0.0,0.0002328308207705,0.0017386934673366,0.0,0.0103048576214405,0.0
2014-06-30 20:00:00,0.1373637901861252,0.0,0.0397868020304568,0.0,0.0,0.000233502538071,0.0016294416243654,0.0,0.0103401015228426,0.0
2014-06-30 21:00:00,0.73539898989899,0.0,0.043550505050505,0.0,0.0,0.0002845117845117,0.0577188552188552,0.1134208754208754,0.0102777777777777,0.0
2014-06-30 22:00:00,0.2260268907563025,0.0,0.0001008403361344,0.0,0.0,0.0,0.0552319327731092,0.0348420168067226,0.0103176470588235,0.0158134453781512
2014-06-30 23:00:00,0.1767689713322091,0.0,0.0525193929173693,0.0,0.0,0.0,0.001787521079258,0.0,0.0103912310286677,0.0200151770657672
2014-07-01 00:00:00,0.134474832214765,0.0,0.0181375838926174,0.0,0.0,0.0,0.0018036912751677,0.0,0.0103875838926174,0.0200721476510067
2014-07-01 01:00:00,0.1115016778523489,0.0,0.0,0.0,0.0,0.0,0.0018875838926174,0.0,0.0104328859060402,0.0201560402684563
2014-07-01 02:00:00,0.1745544388609715,0.0,0.0490134003350083,0.0,0.0,0.0,0.001894472361809,0.0,0.0104589614740368,0.0201038525963149
2014-07-01 03:00:00,0.1601224832214765,0.0,0.0277701342281879,0.0,0.0,0.0,0.0019513422818791,0.0,0.0105285234899328,0.0203976510067114
2014-07-01 04:00:00,0.4730318791946308,0.0,0.0080251677852349,0.0,0.0,0.0,0.0019748322147651,0.1798775167785235,0.0105570469798657,0.0053288590604026
2014-07-01 05:00:00,0.2577634228187919,0.0,0.0570738255033557,0.0,0.0,0.0,0.0018892617449664,0.0,0.0104546979865771,0.0201510067114093
2014-07-01 06:00:00,0.5295247018739352,0.0,0.0,0.0,0.0,0.0,0.0017189097103918,0.0,0.010350936967632,0.0199608177172061
2014-07-01 07:00:00,1.8006415094339625,0.0,0.0279528301886792,0.0,0.0065641509433962,0.0,0.0017245283018867,0.1062509433962264,0.0103207547169811,0.0200037735849056
2014-07-01 08:00:00,1.5938440366972475,0.0,0.0495871559633027,0.0,1.5793577981651377,0.0,0.0014605504587155,0.0,0.0102311926605504,0.0001926605504587
2014-07-01 09:00:00,1.8872120658135283,0.0,0.0,0.0,0.1902925045703839,0.0104478976234003,0.001636197440585,0.0832522851919561,0.0103144424131627,0.0
2014-07-01 10:00:00,1.6929166666666668,0.0,0.0596796296296296,0.0,0.0,0.0,0.0017111111111111,0.0,0.0102925925925925,0.0
2014-07-01 11:00:00,1.5418884758364313,0.0,0.0126988847583643,0.0,0.0,0.0,0.001721189591078,0.0849052044609665,0.0103048327137546,0.0128011152416356
2014-07-01 12:00:00,1.5483307692307693,0.0,0.061176923076923,0.0,0.0,0.0,0.0016961538461538,0.0839846153846153,0.0102730769230769,0.0125153846153846
2014-07-01 13:00:00,1.1618962264150945,0.0,0.0212981132075471,0.0,0.0,0.0,0.0017584905660377,0.0,0.0103132075471698,0.0
2014-07-01 14:00:00,0.459682745825603,0.0,0.0,0.0,0.0,0.0,0.0018886827458256,0.0,0.0104267161410018,0.0
2014-07-01 15:00:00,0.7379505494505495,0.0,0.0707710622710622,0.0,0.0,0.0,0.0018076923076923,0.0,0.0103644688644688,0.0
2014-07-01 16:00:00,0.496826280623608,0.0,0.0003608017817371,0.0,0.0,0.0,0.0015634743875278,0.109478841870824,0.0103140311804008,0.0
2014-07-01 17:00:00,0.2496535162950257,0.0,0.0502109777015437,0.0,0.0,0.0,0.001754716981132,0.0,0.0103464837049742,0.0
2014-07-01 18:00:00,0.1936566164154103,0.0,0.0216331658291457,0.0,0.0,0.0,0.0018157453936348,0.0,0.0104154103852596,0.0
2014-07-01 19:00:00,0.1427261904761904,0.0,0.0,0.0,0.0,0.0,0.0018520408163265,0.0,0.0104098639455782,0.0
2014-07-01 20:00:00,0.3277895622895623,0.0,0.074560606060606,0.0,0.0,0.0,0.0016851851851851,0.0,0.0103164983164983,0.0
2014-07-01 21:00:00,0.3932713567839196,0.0,0.0002646566164154,0.0,0.0,0.0,0.0018509212730318,0.0995175879396984,0.0104355108877721,0.0096348408710217
2014-07-01 22:00:00,0.1217102177554439,0.0,0.0051155778894472,0.0,0.0,0.0,0.001894472361809,0.0,0.0104204355108877,0.019931323283082
2014-07-01 23:00:00,0.4280155172413793,0.0,0.0705586206896551,0.0,0.0,0.0,0.0018948275862068,0.2197793103448276,0.0104568965517241,0.0061586206896551
2014-07-02 00:00:00,0.0787196581196581,0.0,0.0,0.0,0.0,0.0,0.0018957264957264,0.0,0.0105282051282051,0.0
2014-07-02 01:00:00,0.0885125628140703,0.0,0.0172043551088777,0.0,0.0,0.0,0.0019329983249581,0.0,0.0104740368509212,0.0
2014-07-02 02:00:00,0.1517574692442882,0.0,0.0591335676625659,0.0,0.0,0.0,0.0018260105448154,0.0,0.0104217926186291,0.0
2014-07-02 03:00:00,0.0810702341137123,0.0,0.0,0.0,0.0,0.0,0.0019063545150501,0.0,0.0105401337792642,0.0
2014-07-02 04:00:00,0.1596487394957983,0.0,0.0150621848739495,0.0,0.0,0.0,0.0019361344537815,0.0,0.0105327731092436,0.0
2014-07-02 05:00:00,0.336679180887372,0.0,0.0611160409556314,0.0,0.0,0.0,0.0018071672354948,0.0,0.0104334470989761,0.0
2014-07-02 06:00:00,0.6486459731543625,0.0,0.0,0.0,0.0,0.0,0.0018624161073825,0.0,0.0105016778523489,0.0
2014-07-02 07:00:00,1.4548181818181818,0.0,0.0021404958677685,0.0,0.0,0.0,0.0018099173553719,0.0,0.0103471074380165,0.0
2014-07-02 08:00:00,1.9775414551607449,0.0,0.0788866328257191,0.0,0.0,0.0,0.0016785109983079,0.0458730964467005,0.0103384094754653,0.0
2014-07-02 09:00:00,2.3380271646859083,0.0,0.0,0.0,0.0,0.0,0.0017079796264855,0.0,0.0102818336162988,0.0
2014-07-02 10:00:00,2.4484695945945947,0.0,0.0,0.0,0.0,0.0,0.0017364864864864,0.0,0.0103226351351351,0.0
2014-07-02 11:00:00,1.7220402010050253,0.0,0.0781356783919598,0.0,0.0,0.0,0.0016532663316582,0.0,0.0103165829145728,0.0
2014-07-02 12:00:00,1.643781725888325,0.0,0.0025837563451776,0.0,0.0,0.0,0.0017326565143824,0.0,0.0103654822335025,0.0
2014-07-02 13:00:00,1.3549060402684563,0.0,0.0,0.0,0.0,0.0,0.001729865771812,0.0,0.0103557046979865,0.0
2014-07-02 14:00:00,0.9159896907216496,0.0,0.0795549828178694,0.0,0.0,0.0,0.0510910652920962,0.0711718213058419,0.0103711340206185,0.012946735395189
2014-07-02 15:00:00,0.8452168067226891,0.0,0.0106571428571428,0.0,0.0,0.0,0.0016201680672268,0.0,0.0103159663865546,0.0009210084033613
2014-07-02 16:00:00,0.7979083191850594,0.0,0.0124550084889643,0.2204074702886247,0.0,0.0,0.0465229202037351,0.0,0.0103701188455008,0.0114668930390492
2014-07-02 17:00:00,0.746155668358714,0.0,0.0794433164128595,0.0798866328257191,0.0,0.0,0.0017715736040609,0.0992944162436548,0.010321489001692,0.0125109983079526
2014-07-02 18:00:00,0.2046030150753768,0.0,0.0004489112227805,0.0019966499162479,0.0,0.0,0.0018257956448911,0.0,0.0104991624790619,0.0028040201005025
2014-07-02 19:00:00,0.1578855218855218,0.0,0.0124781144781144,0.002,0.0,0.0,0.0018249158249158,0.0,0.0104461279461279,0.0
2014-07-02 20:00:00,0.2056818181818182,0.0,0.0773838383838383,0.002,0.0,0.0,0.0016683501683501,0.0,0.0103468013468013,0.0
2014-07-02 21:00:00,0.2084548611111111,0.0,0.0001423611111111,0.002,0.0,0.0,0.0016684027777777,0.0715885416666666,0.0102829861111111,0.0191892361111111
2014-07-02 22:00:00,0.2388077571669477,0.0,0.0215210792580101,0.002,0.0,0.0,0.0018634064080944,0.0679848229342327,0.0104654300168634,0.0127537942664418
2014-07-02 23:00:00,0.2863001715265866,0.0,0.0617289879931389,0.002,0.0,0.0,0.001902229845626,0.0,0.0104974271012006,0.0
2014-07-03 00:00:00,0.232377133105802,0.0,8.19112627986348e-05,0.002,0.0,0.0,0.0019163822525597,0.1412081911262798,0.0104641638225255,0.0
2014-07-03 01:00:00,0.1124591836734693,0.0,0.0278078231292517,0.002,0.0,0.0,0.001860544217687,0.0,0.0104608843537414,0.0
2014-07-03 02:00:00,0.1484003350083752,0.0,0.0533517587939698,0.002,0.0,0.0,0.0018308207705192,0.0,0.0104539363484087,0.0
2014-07-03 03:00:00,0.0708,0.0,0.0,0.002,0.0,0.0,0.0018153846153846,0.0,0.0104307692307692,0.0
2014-07-03 04:00:00,0.1626901172529313,0.0,0.0287788944723618,0.002,0.0,0.000214405360134,0.0019547738693467,0.0,0.0105628140703517,0.0
2014-07-03 05:00:00,0.3516910016977928,0.0,0.0557130730050933,0.002,0.0,0.0,0.0018064516129032,0.0,0.0103786078098471,0.0
2014-07-03 06:00:00,0.7350408858603066,0.0,0.0,0.002,0.0,0.0,0.0018091993185689,0.0,0.0103543441226575,0.0
2014-07-03 07:00:00,1.5609247491638796,0.0,0.0230250836120401,0.002,0.0,0.0,0.0017558528428093,0.0,0.0104280936454849,0.0
2014-07-03 08:00:00,1.523103852596315,0.0,0.0626917922948073,0.002,0.0,0.0,0.0017755443886097,0.0,0.0104070351758793,0.0
2014-07-03 09:00:00,1.6594905335628227,0.0,0.0,0.0363666092943201,0.0,0.0,0.0017710843373493,0.0,0.010314974182444,0.0
2014-07-03 10:00:00,1.746469899665552,0.0,0.0404046822742474,0.1270535117056856,0.0,0.0,0.001690635451505,0.1142257525083612,0.0102541806020066,0.0134113712374581
2014-07-03 11:00:00,1.2984455611390286,0.0,0.0481926298157453,0.0325561139028475,0.0,0.0,0.0110167504187604,0.0,0.0102127303182579,0.0196264656616415
2014-07-03 12:00:00,1.1873886097152428,0.0,7.202680067001676e-05,0.0168643216080402,0.0,0.0,0.0384723618090452,0.0,0.010323283082077,0.0196616415410385
2014-07-03 13:00:00,1.1168494983277593,0.0,0.0420702341137123,0.9354247491638796,0.0,0.0,0.0015735785953177,0.0622959866220735,0.0103043478260869,0.0052391304347826
2014-07-03 14:00:00,0.6963080808080808,0.0,0.062520202020202,0.0190084175084175,0.0,0.0,0.0017895622895622,0.0,0.0103771043771043,0.0
2014-07-03 15:00:00,0.6795756013745704,0.0,0.0,0.002,0.0,0.0,0.0016907216494845,0.0643264604810996,0.0103487972508591,0.0
2014-07-03 16:00:00,0.5040767918088738,0.0,0.0211399317406143,0.002,0.0,0.0,0.0016894197952218,0.0,0.0103668941979522,0.0
2014-07-03 17:00:00,0.4893706896551724,0.0,0.0794189655172413,0.0082413793103448,0.0,0.0,0.0018327586206896,0.0,0.0104051724137931,0.0
2014-07-03 18:00:00,0.2579215017064846,0.0,0.0009078498293515,0.0138361774744027,0.0,0.0,0.0017986348122866,0.0720494880546075,0.0104795221843003,0.0115767918088737
2014-07-03 19:00:00,0.2087622259696458,0.0,0.0518026981450253,0.0,0.0,0.0,0.001893760539629,0.0,0.0104367622259696,0.0
2014-07-03 20:00:00,0.3191747899159664,0.0,0.0435546218487395,0.0,0.0,0.0,0.0018689075630252,0.0,0.0104605042016806,0.0019848739495798
2014-07-03 21:00:00,0.2529290540540541,0.0,0.0507263513513513,0.0,0.0,0.0,0.0018074324324324,0.0737483108108108,0.0104037162162162,0.0198631756756756
2014-07-03 22:00:00,0.1876957264957265,0.0,0.0274307692307692,0.0,0.0,0.0,0.0016273504273504,0.0,0.0103965811965811,0.0013555555555555
2014-07-03 23:00:00,0.1096900684931506,0.0,0.0188527397260273,0.0,0.0,0.0,0.0017585616438356,0.0,0.0103356164383561,0.0
2014-07-04 00:00:00,0.3888634064080944,0.0,0.0670775716694772,0.0,0.0,0.0,0.001910623946037,0.1656964586846543,0.0104806070826306,0.0
2014-07-04 01:00:00,0.0744857142857142,0.0,0.0,0.0,0.0,0.0,0.0019025210084033,0.0,0.0104789915966386,0.0
2014-07-04 02:00:00,0.1184230118443316,0.0,0.0369340101522842,0.0,0.0,0.0,0.0019221658206429,0.0,0.0105143824027072,0.0
2014-07-04 03:00:00,0.1599546218487395,0.0,0.0609126050420168,0.0,0.0,0.0,0.0019210084033613,0.0,0.010526050420168,0.0
2014-07-04 04:00:00,0.1406672325976231,0.0,0.0,0.0,0.0,0.0,0.0019473684210526,0.0,0.0105331069609507,0.0
2014-07-04 05:00:00,0.1875474576271186,0.0,0.0181033898305084,0.0,0.0,0.0,0.0017016949152542,0.0,0.0103983050847457,0.0
2014-07-04 06:00:00,0.4749305084745762,0.0,0.0787237288135593,0.0,0.0,0.0,0.0017813559322033,0.0,0.0104389830508474,0.0
2014-07-04 07:00:00,0.5424080944350759,0.0,0.0,0.0,0.0,0.0,0.0016677908937605,0.0,0.0102967959527824,0.0
2014-07-04 08:00:00,0.7723153310104529,0.0,0.0,0.0,0.0,0.0,0.0016550522648083,0.0,0.0103658536585365,0.0
2014-07-04 09:00:00,1.1220976430976433,0.0,0.0769663299663299,0.0,0.0,0.0,0.0018198653198653,0.0665824915824915,0.0103518518518518,0.0
2014-07-04 10:00:00,1.2054611486486488,0.0,0.0178445945945945,0.0,0.0,0.0,0.0016942567567567,0.0,0.0103226351351351,0.0
2014-07-04 11:00:00,1.360322203672788,0.0,0.0,0.0,0.0,0.0,0.0017612687813021,0.0,0.0103455759599332,0.0
2014-07-04 12:00:00,1.55539,0.0,0.0668816666666666,0.0,0.0,0.0,0.00187,0.0,0.0103699999999999,0.0
2014-07-04 13:00:00,1.3942653061224488,0.0,0.0406683673469387,0.0,0.0,0.0,0.001875850340136,0.0,0.0104438775510204,0.0
2014-07-04 14:00:00,1.4266139455782314,0.0,0.0,0.0,0.0,0.0,0.001845238095238,0.0,0.0104115646258503,0.0
2014-07-04 15:00:00,0.8394529914529915,0.0,0.0549692307692307,0.0,0.0,0.0,0.0018324786324786,0.1156273504273504,0.010417094017094,0.0
2014-07-04 16:00:00,0.4481170568561873,0.0,0.0610484949832775,0.0,0.0,0.0,0.0015886287625418,0.0,0.0102993311036789,0.0
2014-07-04 17:00:00,0.2681976351351351,0.0,0.0270793918918918,0.0,0.0,0.0,0.0202837837837837,0.0663074324324324,0.0102837837837837,0.0090574324324324
2014-07-04 18:00:00,0.2364815498154981,0.0,0.0565756457564575,0.0,0.0,0.0,0.0017232472324723,0.0191033210332103,0.0103468634686346,0.0037084870848708
2014-07-04 19:00:00,0.1248536585365853,0.0,0.0,0.0,0.0,0.0,0.0019111498257839,0.0,0.0104407665505226,0.0
2014-07-04 20:00:00,0.2131317567567567,0.0,0.0313496621621621,0.0,0.0,0.0,0.001866554054054,0.0496182432432432,0.0104155405405405,0.0
2014-07-04 21:00:00,0.352923205342237,0.0,0.0730584307178631,0.0,0.0,0.0,0.0017762938230383,0.0588931552587646,0.0103205342237061,0.0144691151919866
2014-07-04 22:00:00,0.1403602693602693,0.0,0.0,0.0,0.0,0.0,0.0490117845117845,0.0,0.0104343434343434,0.0026599326599326
2014-07-04 23:00:00,0.1144307692307692,0.0,0.0271606837606837,0.0,0.0,0.0,0.0019145299145299,0.0,0.010476923076923,0.0
2014-07-05 00:00:00,0.1828494077834179,0.0,0.0736159052453468,0.0,0.0,0.0,0.0018680203045685,0.0,0.0104619289340101,0.0
2014-07-05 01:00:00,0.0670998307952622,0.0,0.0,0.0,0.0,0.0,0.0018612521150592,0.0,0.0104737732656514,0.0
2014-07-05 02:00:00,0.0822146507666098,0.0,0.0115400340715502,0.0,0.0,0.0,0.0018637137989778,0.0,0.010465076660988,0.0
2014-07-05 03:00:00,0.1830489038785834,0.0,0.0797908937605396,0.0,0.0,0.0,0.0018617200674536,0.0,0.0104553119730185,0.0
2014-07-05 04:00:00,0.1266655348047538,0.0,0.0119847198641765,0.0,0.0,0.0,0.0019456706281833,0.0,0.0105670628183361,0.0
2014-07-05 05:00:00,0.1365142857142857,0.0,0.0,0.0,0.0,0.0,0.0018319327731092,0.0,0.0103747899159663,0.0
2014-07-05 06:00:00,0.2915446880269814,0.0,0.0643254637436762,0.0,0.0,0.0,0.0015868465430016,0.0,0.010327150084317,0.0
2014-07-05 07:00:00,0.4806153846153846,0.0,0.0351589743589743,0.0,0.0,0.0,0.0017965811965811,0.0,0.0103452991452991,0.0
2014-07-05 08:00:00,0.8621969696969698,0.0,0.0,0.0,0.0,0.0,0.0018013468013468,0.0,0.0103703703703703,0.0
2014-07-05 09:00:00,1.9309388794567064,0.0,0.0382512733446519,0.0,0.0,0.0,0.0017945670628183,0.0709847198641765,0.0103870967741935,0.0007521222410865
2014-07-05 10:00:00,1.8725319865319867,0.0,0.0697306397306397,0.0,0.0038787878787878,0.0,0.0018097643097643,0.0426262626262626,0.0103973063973063,0.0197424242424242
2014-07-05 11:00:00,1.549140794223827,0.0,0.0003357400722021,0.0,0.0,0.0,0.0018880866425992,0.0,0.0104097472924187,0.0198231046931407
2014-07-05 12:00:00,1.5224907063197026,0.0,0.0735074349442379,0.0,0.0,0.0,0.0019405204460966,0.0555334572490706,0.0104516728624535,0.0197881040892193
2014-07-05 13:00:00,1.6976446124763704,0.0,0.01334404536862,0.0,0.0,0.0,0.0019489603024574,0.0,0.010391304347826,0.0119716446124763
2014-07-05 14:00:00,1.1018339622641509,0.0,8.490566037735848e-05,0.0,0.0,0.0,0.0019320754716981,0.0644471698113207,0.0104603773584905,0.0
2014-07-05 15:00:00,0.9286403846153848,0.0,0.0810653846153846,0.0,0.0,0.0,0.0018596153846153,0.0,0.0104480769230769,0.0
2014-07-05 16:00:00,0.6287490347490348,0.0,0.0258030888030888,0.0,0.0,0.0,0.0018262548262548,0.0,0.0103378378378378,0.0
2014-07-05 17:00:00,0.2908207547169811,0.0,0.0002698113207547,0.0,0.0,0.0,0.0018169811320754,0.0550283018867924,0.0103566037735849,0.0
2014-07-05 18:00:00,0.6858380414312618,0.0,0.0855423728813559,0.0,0.0,0.0,0.0018229755178907,0.1223747645951035,0.0104011299435028,0.0002956685499058
2014-07-05 19:00:00,0.2241481481481481,0.0,0.0261423001949317,0.0,0.0,0.0,0.0018810916179337,0.0292475633528265,0.0104912280701754,0.0197251461988304
2014-07-05 20:00:00,0.2562101449275362,0.0,0.0275489130434782,0.0,0.0,0.0,0.0018985507246376,0.1115289855072463,0.0103931159420289,0.0013967391304347
2014-07-05 21:00:00,0.2051957364341085,0.0,0.071141472868217,0.0,0.0,0.0,0.0018488372093023,0.0,0.0103798449612403,0.0160465116279069
2014-07-05 22:00:00,0.3163884007029877,0.0,5.448154657293498e-05,0.0,0.0,0.0,0.0017873462214411,0.2072249560632689,0.0104059753954305,0.0097152899824253
2014-07-05 23:00:00,0.1354974533106961,0.0,0.0436519524617996,0.0,0.0,0.0,0.0018760611205432,0.0,0.0104634974533106,0.0
2014-07-06 00:00:00,0.1426336134453781,0.0,0.04730756302521,0.0,0.0,0.0,0.0019546218487394,0.0,0.010435294117647,0.0
2014-07-06 01:00:00,0.0692474747474747,0.0,0.0,0.0,0.0,0.0,0.0019191919191919,0.0,0.0105,0.0
2014-07-06 02:00:00,0.116486577181208,0.0,0.0349093959731543,0.0,0.0,0.0,0.0019228187919463,0.0,0.0105067114093959,0.0
2014-07-06 03:00:00,0.160859296482412,0.0,0.0612428810720268,0.0,0.0,0.0,0.0019497487437185,0.0,0.0105142378559463,0.0
2014-07-06 04:00:00,0.1458053691275167,0.0,0.0,0.0,0.0,0.0,0.0019748322147651,0.0,0.0106359060402684,0.0
2014-07-06 05:00:00,0.2429881556683587,0.0,0.0063908629441624,0.0,0.0,0.0,0.0019627749576988,0.0,0.0105448392554991,0.0
2014-07-06 06:00:00,0.5048640939597315,0.0,0.0805872483221476,0.0,0.0,0.0,0.0018976510067114,0.0,0.0105134228187919,0.0
2014-07-06 07:00:00,0.6867432432432432,0.0,0.0055996621621621,0.0,0.0,0.0,0.0016469594594594,0.0,0.0102956081081081,0.0
2014-07-06 08:00:00,1.4494487394957982,0.0,0.0209915966386554,0.0,0.0,0.0,0.0017647058823529,0.0674991596638655,0.0104571428571428,0.0049327731092436
2014-07-06 09:00:00,1.6874684838160134,0.0,0.0698603066439523,0.0,0.0,0.0,0.0019063032367972,0.0220340715502555,0.0104412265758092,0.0001022146507666
2014-07-06 10:00:00,2.154005016722408,0.0,0.0,0.0,0.0,0.0,0.0018729096989966,0.0,0.0103996655518394,0.0
2014-07-06 11:00:00,1.3424916107382552,0.0,0.0001728187919463,0.0,0.0,0.0,0.0017583892617449,0.0,0.0103741610738255,0.0
2014-07-06 12:00:00,1.495640545144804,0.0,0.0818211243611584,0.0,0.0,0.0,0.0018023850085178,0.0,0.0104190800681431,0.0
2014-07-06 13:00:00,1.585208121827411,0.0,0.0194856175972927,0.0,0.0,0.0,0.0018900169204737,0.0,0.0104720812182741,0.0
2014-07-06 14:00:00,1.3166672297297295,0.0,0.0,0.0,0.0,0.0,0.0019104729729729,0.0,0.0104831081081081,0.0
2014-07-06 15:00:00,0.7906751269035532,0.0,0.0566514382402707,0.0,0.0,0.0,0.0490862944162436,0.0,0.0104382402707275,0.0056514382402707
2014-07-06 16:00:00,0.7814721753794266,0.0,0.0787099494097807,0.0,0.0,0.0,0.0017858347386172,0.0290219224283305,0.010406408094435,0.0
2014-07-06 17:00:00,0.3320745762711865,0.0,0.0733050847457627,0.0,0.0,0.0,0.0018355932203389,0.0572152542372881,0.0104542372881355,0.0051915254237288
2014-07-06 18:00:00,0.2709258010118043,0.0,0.0,0.0,0.0,0.0,0.0017942664418212,0.0697655986509274,0.0103912310286677,0.0108397976391231
2014-07-06 19:00:00,0.4492406779661017,0.0,0.0196796610169491,0.0,0.0,0.0,0.0018457627118644,0.082528813559322,0.0103440677966101,0.0
2014-07-06 20:00:00,0.3278771043771044,0.0,0.0804612794612794,0.0,0.0,0.0,0.0208653198653198,0.0550656565656565,0.0104393939393939,0.0142558922558922
2014-07-06 21:00:00,0.1701864406779661,0.0,0.026822033898305,0.0,0.0,0.0,0.0211033898305084,0.0,0.0104949152542372,0.0136847457627118
2014-07-06 22:00:00,0.1758373287671233,0.0,0.0043955479452054,0.0,0.0,0.0043236301369863,0.0017688356164383,0.0683527397260274,0.0103647260273972,0.0013715753424657
2014-07-06 23:00:00,0.2492559322033898,0.0,0.0809423728813559,0.0,0.0,0.0082101694915254,0.0018525423728813,0.0483237288135593,0.0103711864406779,0.0
2014-07-07 00:00:00,0.1311030405405405,0.0,0.0137871621621621,0.0,0.0,0.0315777027027027,0.0018800675675675,0.0,0.0105,0.0
2014-07-07 01:00:00,0.1208013582342954,0.0,0.0,0.0,0.0,0.0328777589134125,0.0019083191850594,0.0,0.0104770797962648,0.0
2014-07-07 02:00:00,0.2016609071274298,0.0,0.0765334773218142,0.0,0.0,0.0328401727861771,0.0018747300215982,0.0,0.0104470842332613,0.0
2014-07-07 03:00:00,,,,,,,,,,
2014-07-07 04:00:00,,,,,,,,,,
2014-07-07 05:00:00,,,,,,,,,,
2014-07-07 06:00:00,,,,,,,,,,
2014-07-07 07:00:00,,,,,,,,,,
2014-07-07 08:00:00,1.4534285714285713,0.0,0.0796849816849816,0.0,0.0,0.0,0.0017216117216117,0.0,0.0102600732600732,0.0
2014-07-07 09:00:00,1.6016083333333333,0.0,0.0558183333333333,0.0,0.0,0.0,0.00166,0.0787916666666666,0.010305,0.0040533333333333
2014-07-07 10:00:00,1.387213930348259,0.0,0.0,0.0,0.0,0.0,0.0016318407960199,0.0,0.0102661691542288,0.0097164179104477
2014-07-07 11:00:00,1.4963419243986251,0.0,0.034115120274914,0.0,0.0,0.0,0.0016374570446735,0.0632938144329896,0.0102577319587628,0.0010601374570446
2014-07-07 12:00:00,1.656020109689214,0.0,0.0679652650822669,0.0,0.0,0.0,0.0016764168190127,0.0417769652650822,0.0102925045703839,0.0196288848263254
2014-07-07 13:00:00,0.9847769784172662,0.0,0.0001690647482014,0.0,0.0,0.0,0.0016097122302158,0.0,0.0103615107913669,0.0080413669064748
2014-07-07 14:00:00,0.4834858096828047,0.0,0.0398948247078464,0.0269549248747913,0.0,0.0,0.0016210350584307,0.0,0.0103038397328881,0.0
2014-07-07 15:00:00,0.3879580536912752,0.0,0.0477768456375838,0.0,0.0,0.0,0.0016258389261744,0.058244966442953,0.0102667785234899,0.0
2014-07-07 16:00:00,0.5818858603066439,0.0,0.0,0.0,0.0,0.0,0.0018415672913117,0.0,0.0104054514480408,0.0
2014-07-07 17:00:00,0.4447410562180579,0.0,0.065449744463373,0.0,0.0,0.0,0.0016473594548551,0.0531567291311754,0.0103015332197614,0.00396933560477
2014-07-07 18:00:00,0.1790753768844221,0.0,0.0210184254606365,0.0,0.0,0.0,0.0016164154103852,0.0,0.0102964824120603,0.0
2014-07-07 19:00:00,0.1297445742904841,0.0,0.0,0.0,0.0,0.0,0.001711185308848,0.0,0.0103689482470784,0.0
2014-07-07 20:00:00,0.1821387478849407,0.0,0.0702064297800338,0.0,0.0,0.0,0.0016768189509306,0.0,0.0103079526226734,0.0
2014-07-07 21:00:00,0.9221636060100168,0.0,0.0130050083472454,0.0,0.0,0.0,0.0017779632721202,0.0758247078464106,0.0103572621035058,0.0
2014-07-07 22:00:00,0.1160965517241379,0.0,0.0017689655172413,0.0,0.0,0.0,0.0018672413793103,0.0,0.0104293103448275,0.02
2014-07-07 23:00:00,0.2211285475792988,0.0,0.0809549248747913,0.0,0.0,0.0,0.0019215358931552,0.0,0.0104607679465776,0.0199465776293823
2014-07-08 00:00:00,0.1125577889447236,0.0,0.0,0.0,0.0,0.0,0.0019380234505862,0.0,0.0104740368509212,0.0202010050251256
2014-07-08 01:00:00,0.1129158249158249,0.0,0.0003434343434343,0.0,0.0,0.0,0.0019292929292929,0.0,0.0105319865319865,0.0199696969696969
2014-07-08 02:00:00,0.2210135363790186,0.0,0.0814906937394247,0.0,0.0,0.0,0.001896785109983,0.0,0.0104585448392554,0.0201032148900169
2014-07-08 03:00:00,0.2846905158069883,0.0,0.0004076539101497,0.0,0.0,0.0,0.0019284525790349,0.1846006655574043,0.0104941763727121,0.0146605657237936
2014-07-08 04:00:00,0.3801107325383304,0.0,0.0413884156729131,0.0012402044293015,0.0,0.0,0.0019182282793867,0.0797359454855196,0.010541737649063,0.0
2014-07-08 05:00:00,0.9879081632653062,0.0,0.0372057823129251,0.630858843537415,0.0,0.0,0.001704081632653,0.0,0.010328231292517,0.0
2014-07-08 06:00:00,0.5993333333333334,0.0,0.0,0.10773402417962,0.0,0.0,0.0017910189982728,0.0,0.0104283246977547,0.0
2014-07-08 07:00:00,1.831177554438861,0.0,0.0578425460636515,0.0031239530988274,0.0,0.0,0.0017621440536013,0.0,0.0103500837520938,0.0
2014-07-08 08:00:00,2.3169234693877554,0.0,0.0215289115646258,0.0017108843537414,0.0,0.0,0.0018061224489795,0.0,0.0103945578231292,0.0
2014-07-08 09:00:00,2.236376039933444,0.0,0.0002579034941763,3.327787021630616e-06,0.0,0.0,0.0018485856905158,0.0913444259567387,0.0103743760399334,0.0051430948419301
2014-07-08 10:00:00,2.206392320534224,0.0,0.0808180300500834,0.0,0.0,0.0,0.0390918196994991,0.0,0.0103606010016694,0.0
2014-07-08 11:00:00,0.7828057921635434,0.0,0.0033441226575809,0.0,0.0,0.0,0.0129727427597955,0.0,0.0103696763202725,0.0
2014-07-08 12:00:00,0.982594276094276,0.0,0.0644663299663299,0.0,0.0,0.0,0.0017323232323232,0.0629528619528619,0.0103535353535353,0.0112491582491582
2014-07-08 13:00:00,1.3309982964224871,0.0,0.020396933560477,0.0,0.0,0.0,0.0018347529812606,0.0,0.0104071550255536,0.0082367972742759
2014-07-08 14:00:00,0.1598327645051194,0.0,0.0084590443686006,0.0,0.0,0.0,0.0017457337883959,0.0,0.0103686006825938,0.0
2014-07-08 15:00:00,0.444218487394958,0.0,0.0744991596638655,0.0,0.0,0.0,0.0017478991596638,0.0,0.01030756302521,0.0
2014-07-08 16:00:00,0.2552534246575342,0.0,0.0,0.0,0.0,0.0,0.0017825342465753,0.0,0.0103544520547945,0.0
2014-07-08 17:00:00,0.2397027027027027,0.0,0.0195202702702702,0.0,0.0,0.0,0.0018564189189189,0.0,0.0104104729729729,0.0
2014-07-08 18:00:00,0.2486363636363636,0.0,0.0687727272727272,0.0,0.0,0.0,0.0017929292929292,0.0,0.0104292929292929,0.0
2014-07-08 19:00:00,0.3073361629881154,0.0,0.0002886247877758,0.0,0.0,0.0,0.0949422750424448,0.0705466893039049,0.0103769100169779,0.0071799660441426
2014-07-08 20:00:00,0.1810971524288107,0.0,0.0551172529313232,0.0,0.0,0.0,0.0017906197654941,0.0,0.0104120603015075,0.0136180904522613
2014-07-08 21:00:00,0.2387979797979798,0.0,0.0207626262626262,0.0,0.0,0.0,0.0269764309764309,0.0314528619528619,0.0103484848484848,0.0076279461279461
2014-07-08 22:00:00,0.2114508474576271,0.0,0.0527152542372881,0.0,0.0,0.0,0.0018559322033898,0.0522915254237288,0.0104745762711864,0.0074949152542372
2014-07-08 23:00:00,0.1701711864406779,0.0,0.0284661016949152,0.0,0.0,0.0,0.0019,0.0215355932203389,0.0104762711864406,0.0109237288135593
2014-07-09 00:00:00,0.0901568296795952,0.0,0.0,0.0,0.0,0.0,0.0019038785834738,0.0,0.0104991568296795,0.0
2014-07-09 01:00:00,0.1751895093062606,0.0,0.062901861252115,0.0,0.0,0.0072402707275803,0.0019475465313028,0.0,0.0104906937394247,0.0
2014-07-09 02:00:00,0.3069328859060403,0.0,0.01323322147651,0.0,0.0,0.022744966442953,0.0019362416107382,0.1848708053691275,0.0105587248322147,0.0
2014-07-09 03:00:00,0.0940050933786078,0.0,0.0,0.0,0.0,0.0100084889643463,0.0019388794567062,0.0,0.0105500848896434,0.0
2014-07-09 04:00:00,0.2212175379426644,0.0,0.0656863406408094,0.0,0.0,0.0,0.0019494097807757,0.0,0.0105497470489038,0.0
2014-07-09 05:00:00,0.176975,0.0,0.01088,0.0,0.0,0.0,0.001815,0.0,0.010445,0.0
2014-07-09 06:00:00,0.3726095076400679,0.0,0.0,0.0,0.0,0.0,0.0017809847198641,0.0,0.0104142614601018,0.0
2014-07-09 07:00:00,1.919996598639456,0.0,0.0596326530612244,0.0,0.0,0.0,0.0017959183673469,0.0,0.0103384353741496,0.0
2014-07-09 08:00:00,2.274852040816327,0.0,0.0182380952380952,0.0,0.0,0.0,0.0018061224489795,0.0,0.0104149659863945,0.0
2014-07-09 09:00:00,2.3309526226734345,0.0,7.614213197969543e-05,0.0,0.0,0.0,0.001730964467005,0.0667174280879864,0.0103553299492385,0.0
2014-07-09 10:00:00,2.447343434343434,0.0,0.0756750841750841,0.0,0.0,0.0,0.0016801346801346,0.0,0.0103350168350168,0.0097794612794612
2014-07-09 11:00:00,1.6819879310344827,0.0,0.0,0.0,0.8961051724137931,0.0,0.001503448275862,0.0776913793103448,0.010253448275862,0.0
2014-07-09 12:00:00,1.8959312080536912,0.0,0.0033942953020134,0.0,0.8443926174496644,0.0,0.0016291946308724,0.0,0.0102835570469798,0.0
2014-07-09 13:00:00,1.751715,0.0,0.0804083333333333,0.0,0.0,0.0,0.00162,0.0,0.0103249999999999,0.0
2014-07-09 14:00:00,1.3181777777777777,0.0,0.0057931623931623,0.0,0.0,0.0,0.001668376068376,0.0,0.0103452991452991,0.0
2014-07-09 15:00:00,0.8194923857868021,0.0,0.0,0.0,0.0,0.0,0.0015532994923857,0.0,0.0102774957698815,0.0
2014-07-09 16:00:00,0.6935219594594595,0.0,0.0758547297297297,0.0,0.0,0.0,0.0017550675675675,0.041839527027027,0.0103462837837837,0.0
2014-07-09 17:00:00,0.6547352445193929,0.0,0.0361534569983136,0.0,0.0,0.0,0.0017217537942664,0.0594114671163575,0.0103844856661045,0.0
2014-07-09 18:00:00,0.2472967959527824,0.0,2.5295109612141654e-05,0.0,0.0,0.0,0.001725126475548,0.0280860033726812,0.0103153456998313,0.0041517706576728
2014-07-09 19:00:00,0.2276415094339622,0.0,0.0608216123499142,0.0,0.0,0.0,0.0021578044596912,0.0,0.0103670668953687,0.0
2014-07-09 20:00:00,0.3041186736474695,0.0,0.0320680628272251,0.0,0.0,0.0,0.0018935427574171,0.0610942408376963,0.0103682373472949,0.0006998254799301
2014-07-09 21:00:00,0.192906976744186,0.0,0.0001359570661896,0.0,0.0,0.0,0.0179874776386404,0.0474543828264758,0.0103720930232558,0.0198783542039356
2014-07-09 22:00:00,0.2859779661016949,0.0,0.0780271186440677,0.0,0.0,0.0,0.0017966101694915,0.0,0.0104694915254237,0.0196711864406779
2014-07-09 23:00:00,0.1101207482993197,0.0,0.0140289115646258,0.0,0.0,0.0,0.0018367346938775,0.0,0.0103945578231292,0.0022857142857142
2014-07-10 00:00:00,0.0998678929765886,0.0,0.0092826086956521,0.0,0.0,0.0,0.0018829431438127,0.0,0.0104749163879598,0.0
2014-07-10 01:00:00,0.355746644295302,0.0,0.0744060402684563,0.0,0.0,0.0,0.0018859060402684,0.1736795302013422,0.0104580536912751,0.0
2014-07-10 02:00:00,0.0802239316239316,0.0,0.0001076923076923,0.0,0.0,0.0,0.0019111111111111,0.0,0.0104837606837606,0.0
2014-07-10 03:00:00,0.1165939597315436,0.0,0.0288036912751677,0.0,0.0,0.0,0.0019379194630872,0.0,0.0105251677852349,0.0
2014-07-10 04:00:00,0.2060710659898477,0.0,0.0532081218274111,0.0,0.0,0.0,0.0019357021996615,0.0,0.0105634517766497,0.0
2014-07-10 05:00:00,0.1478027444253859,0.0,0.0,0.0,0.0,0.0,0.0017495711835334,0.0,0.0103945111492281,0.0
2014-07-10 06:00:00,0.3064201680672269,0.0,0.0331714285714285,0.0,0.0,0.0,0.0017126050420168,0.0,0.010398319327731,0.0
2014-07-10 07:00:00,1.998328519855596,0.0,0.0489945848375451,0.0,0.0,0.0,0.0018916967509025,0.0,0.0104729241877256,0.0
2014-07-10 08:00:00,2.3502083333333337,0.0,0.0,0.0,0.0,0.0,0.0017935606060606,0.0,0.0103901515151515,0.0
2014-07-10 09:00:00,2.4058846846846844,0.0,0.0371153153153153,0.0,0.0,0.0,0.0017063063063063,0.0820576576576576,0.0103063063063063,0.0
2014-07-10 10:00:00,2.461553228621292,0.0,0.0544764397905759,0.0,0.0,0.0,0.0016719022687609,0.0645357766143106,0.010328097731239,0.0
2014-07-10 11:00:00,2.489617216117216,0.0,0.0,0.0,0.0,0.0,0.0017527472527472,0.0,0.0103717948717948,0.0
2014-07-10 12:00:00,2.4038211678832115,0.0,0.0418558394160583,0.0,0.0,0.0,0.0017864963503649,0.0,0.0103594890510948,0.0
2014-07-10 13:00:00,2.127065055762082,0.0,0.0502100371747211,0.0,0.0,0.0,0.0017416356877323,0.0,0.010314126394052,0.0
2014-07-10 14:00:00,1.515141048824593,0.0,0.0,0.0,0.0,0.0,0.0016473779385171,0.0,0.0103490054249547,0.0
2014-07-10 15:00:00,0.9378279569892474,0.0,0.0357043010752688,0.0,0.0,0.0,0.0015537634408602,0.0,0.0103028673835125,0.0
2014-07-10 16:00:00,0.6280179211469534,0.0,0.057931899641577,0.0,0.0,0.0,0.0017060931899641,0.0,0.0102974910394265,0.0
2014-07-10 17:00:00,0.2527027027027027,0.0,0.0,0.0,0.0,0.0,0.001618018018018,0.0,0.0102504504504504,0.0003171171171171
2014-07-10 18:00:00,0.2960783333333333,0.0,0.037835,0.0,0.0,0.0,0.0016716666666666,0.107205,0.0103566666666666,0.00985
2014-07-10 19:00:00,0.2230604026845637,0.0,0.0666694630872483,0.0,0.0,0.0,0.0017902684563758,0.0,0.0103640939597315,0.0
2014-07-10 20:00:00,0.0822303839732888,0.0,0.0,0.0,0.0,0.0,0.0018631051752921,0.0,0.0104223706176961,0.0
2014-07-10 21:00:00,0.1029030612244897,0.0,0.0269557823129251,0.0,0.0,0.0,0.0018112244897959,0.0,0.0104217687074829,0.0
2014-07-10 22:00:00,0.2586030150753769,0.0,0.064892797319933,0.0,0.0,0.0,0.0482378559463986,0.0,0.010467336683417,0.0024824120603015
2014-07-10 23:00:00,0.2468825503355704,0.0,0.0,0.0,0.0,0.0,0.0294647651006711,0.1411560402684563,0.0103875838926174,0.0
2014-07-11 00:00:00,0.192797619047619,0.0,0.0001031746031746,0.0,0.0,0.0,0.0018849206349206,0.134297619047619,0.0104801587301587,0.0
2014-07-11 01:00:00,0.1031284403669724,0.0,0.0244633027522935,0.0,0.0,0.0,0.0018050458715596,0.0,0.0104059633027522,0.0
2014-07-11 02:00:00,0.0657898305084745,0.0,0.0,0.0,0.0,0.0,0.0018084745762711,0.0,0.0103813559322033,0.0
2014-07-11 03:00:00,0.1437512605042016,0.0,0.0545915966386554,0.0,0.0,0.0,0.0018571428571428,0.0,0.0104369747899159,0.0
2014-07-11 04:00:00,0.1205697478991596,0.0,0.0293529411764705,0.0,0.0,0.0,0.0019092436974789,0.0,0.010526050420168,0.0
2014-07-11 05:00:00,0.1314238754325259,0.0,0.0,0.0,0.0,0.0,0.0017231833910034,0.0,0.0103633217993079,0.0
2014-07-11 06:00:00,0.2521546218487395,0.0,0.0533596638655462,0.0,0.0,0.0,0.0017310924369747,0.0,0.0104,0.0
2014-07-11 07:00:00,0.4705685279187817,0.0,0.0313011844331641,0.0,0.0,0.0,0.0016192893401015,0.0,0.010321489001692,0.0
2014-07-11 08:00:00,0.6964794520547944,0.0,0.0001198630136986,0.0,0.0,0.0,0.0015650684931506,0.0689880136986301,0.010208904109589,0.0127174657534246
2014-07-11 09:00:00,1.0586363636363638,0.0,0.0618636363636363,0.0,0.0,0.0,0.001543771043771,0.0343720538720538,0.0101936026936026,0.0042962962962962
2014-07-11 10:00:00,1.1328654173764905,0.0,0.0267444633730834,0.0,0.0,0.0,0.0016115843270868,0.0,0.0101959114139693,0.0
2014-07-11 11:00:00,1.1813962585034017,0.0,0.0289863945578231,0.0,0.0,0.0,0.0017057823129251,0.0667738095238095,0.0102176870748299,0.0
2014-07-11 12:00:00,1.18273434856176,0.0,0.0551015228426396,0.0,0.0,0.0,0.0017749576988155,0.0,0.0102656514382402,0.0
2014-07-11 13:00:00,1.3889462184873949,0.0,0.0,0.0,0.0,0.0,0.0018369747899159,0.0,0.0102084033613445,0.0
2014-07-11 14:00:00,0.9157859531772576,0.0,0.0424096989966555,0.0,0.0,0.0,0.0018160535117056,0.0,0.0103043478260869,0.0
2014-07-11 15:00:00,0.5878030303030303,0.0,0.053077441077441,0.0,0.0,0.0,0.0018299663299663,0.0,0.0102693602693602,0.0
2014-07-11 16:00:00,0.4186582914572864,0.0,0.0,0.0,0.0,0.0,0.0016164154103852,0.0,0.0101775544388609,0.0
2014-07-11 17:00:00,0.3161459731543624,0.0,0.0352114093959731,0.0,0.0,0.0,0.001486577181208,0.0,0.0101258389261744,0.0
2014-07-11 18:00:00,0.2228181818181818,0.0,0.0646228956228956,0.0,0.0,0.0,0.0018114478114478,0.0,0.0102087542087542,0.0
2014-07-11 19:00:00,0.1335305084745762,0.0,0.0,0.0,0.0,0.0,0.0018610169491525,0.0,0.0102661016949152,0.0
2014-07-11 20:00:00,0.1159779661016949,0.0,0.0177440677966101,0.0,0.0,0.0,0.0018949152542372,0.0,0.0103101694915254,0.0
2014-07-11 21:00:00,0.17946519524618,0.0,0.0791816638370118,0.0,0.0,0.0,0.0018421052631578,0.0,0.0102427843803056,0.0
2014-07-11 22:00:00,0.0706010101010101,0.0,0.0038215488215488,0.0,0.0,0.0,0.0018148148148148,0.0,0.0102676767676767,0.0
2014-07-11 23:00:00,0.063909243697479,0.0,0.0,0.0,0.0,0.0,0.0018084033613445,0.0,0.0102890756302521,0.0
2014-07-12 00:00:00,0.1687212837837838,0.0,0.0755625,0.0,0.0,0.0,0.0018445945945945,0.0,0.0103057432432432,0.0
2014-07-12 01:00:00,0.1027284991568296,0.0,0.0251433389544688,0.0,0.0,0.0,0.0018836424957841,0.0,0.0102849915682967,0.0
2014-07-12 02:00:00,0.0650301003344481,0.0,0.0,0.0,0.0,0.0,0.0019063545150501,0.0,0.0103110367892976,0.0
2014-07-12 03:00:00,0.1369579831932773,0.0,0.0473680672268907,0.0,0.0,0.0,0.0018571428571428,0.0,0.0102991596638655,0.0
2014-07-12 04:00:00,0.1929425675675675,0.0,0.0485979729729729,0.0,0.0,0.0,0.0019493243243243,0.0,0.0103429054054054,0.0
2014-07-12 05:00:00,0.191516835016835,0.0,0.0,0.0,0.0,0.0,0.0019393939393939,0.0,0.0102946127946127,0.0
2014-07-12 06:00:00,0.5648631756756756,0.0,0.021831081081081,0.0,0.0,0.0,0.0018412162162162,0.0,0.0102483108108108,0.0
2014-07-12 07:00:00,1.6124518072289156,0.0,0.0786345381526104,0.0,0.0,0.0,0.0017429718875502,0.0,0.0102208835341365,0.0
2014-07-12 08:00:00,2.139,0.0,0.0,0.0,0.0,0.0,0.0018059149722735,0.0,0.0102828096118299,0.0
2014-07-12 09:00:00,2.1558391866913125,0.0,0.0,0.0,0.0,0.0,0.0018391866913123,0.0,0.0102310536044362,0.0
2014-07-12 10:00:00,2.0541266447368423,0.0,0.0771776315789473,0.0,0.0,0.0,0.0017878289473684,0.0,0.0102648026315789,0.0
2014-07-12 11:00:00,1.9203294314381272,0.0,0.028705685618729,0.0,0.0,0.0,0.0018996655518394,0.0,0.0103411371237458,0.0
2014-07-12 12:00:00,1.6989815745393635,0.0,0.0,0.0,0.0,0.0,0.0017922948073701,0.0,0.0102495812395309,0.0
2014-07-12 13:00:00,1.483958053691275,0.0,0.0526392617449664,0.0,0.0,0.0,0.0018204697986577,0.0,0.0102214765100671,0.0
2014-07-12 14:00:00,1.065690756302521,0.0,0.0715563025210084,0.0,0.0,0.0,0.0018420168067226,0.0,0.0102873949579831,0.0
2014-07-12 15:00:00,0.8493389830508474,0.0,0.0,0.0,0.0,0.0,0.001657627118644,0.0,0.0101983050847457,0.0
2014-07-12 16:00:00,0.5812619047619049,0.0,0.001767006802721,0.0,0.0,0.0,0.0016819727891156,0.0,0.0102108843537414,0.0
2014-07-12 17:00:00,0.5361322033898305,0.0,0.0821372881355932,0.0,0.0,0.0,0.0018186440677966,0.0,0.0102406779661016,0.0
2014-07-12 18:00:00,0.2493063973063973,0.0,0.0391548821548821,0.0,0.0,0.0,0.0018097643097643,0.0,0.0102777777777777,0.0
2014-07-12 19:00:00,0.1390929054054054,0.0,0.0,0.0,0.0,0.0,0.0016317567567567,0.0,0.010214527027027,0.0
2014-07-12 20:00:00,0.1087606112054329,0.0,0.0355551782682512,0.0,0.0,0.0,0.0014821731748726,0.0,0.0101731748726655,0.0
2014-07-12 21:00:00,0.1726638795986622,0.0,0.0776220735785953,0.0,0.0,0.0,0.0015568561872909,0.0,0.0101521739130434,0.0
2014-07-12 22:00:00,0.0702289562289562,0.0,0.0053670033670033,0.0,0.0,0.0,0.0016666666666666,0.0,0.0102255892255892,0.0
2014-07-12 23:00:00,0.0656509274873524,0.0,0.0,0.0,0.0,0.0,0.0021281618887015,0.0,0.0103338954468802,0.0
2014-07-13 00:00:00,0.1616199324324324,0.0,0.0693108108108108,0.0,0.0,0.0,0.001956081081081,0.0,0.0103057432432432,0.0
2014-07-13 01:00:00,0.1362852292020373,0.0,0.0448268251273344,0.0,0.0,0.0,0.0019066213921901,0.0,0.0103310696095076,0.0
2014-07-13 02:00:00,0.0658737201365187,0.0,0.0,0.0,0.0,0.0,0.0018668941979522,0.0,0.0103054607508532,0.0
2014-07-13 03:00:00,0.108,0.0,0.0287336683417085,0.0,0.0,0.0,0.00236013400335,0.0,0.0103082077051926,0.0
2014-07-13 04:00:00,0.2000185497470488,0.0,0.0793962900505902,0.0,0.0,0.0,0.0019662731871838,0.0,0.0104013490725126,0.0
2014-07-13 05:00:00,0.1613484087102177,0.0,0.0122546063651591,0.0,0.0,0.0,0.001929648241206,0.0,0.0103400335008375,0.0
2014-07-13 06:00:00,0.229671768707483,0.0,0.0,0.0,0.0,0.0,0.0018622448979591,0.0,0.0103095238095238,0.0
2014-07-13 07:00:00,0.432255462184874,0.0,0.0578487394957983,0.0,0.0,0.0,0.0017378151260504,0.0,0.0102151260504201,0.0
2014-07-13 08:00:00,0.4230168918918919,0.0,0.0523614864864864,0.0,0.0,0.0,0.001714527027027,0.0,0.0102804054054054,0.0
2014-07-13 09:00:00,0.8466879194630873,0.0,0.0,0.0,0.0,0.0,0.0018674496644295,0.0,0.0102802013422818,0.0
2014-07-13 10:00:00,0.9790016694490816,0.0,0.0219348914858096,0.0,0.0,0.0,0.0018063439065108,0.0,0.010270450751252,0.0
2014-07-13 11:00:00,1.2577278911564629,0.0,0.0794217687074829,0.0,0.0,0.0,0.001797619047619,0.0,0.0102108843537414,0.0
2014-07-13 12:00:00,1.957208474576271,0.0,0.018,0.0,0.0,0.0,0.0019101694915254,0.0,0.0102881355932203,0.0
2014-07-13 13:00:00,1.2189552495697074,0.0,0.0,0.0,0.0,0.0,0.0018605851979345,0.0,0.0102805507745266,0.0
2014-07-13 14:00:00,1.3487380952380952,0.0,0.0545085034013605,0.0,0.0,0.0,0.0016768707482993,0.0,0.0102329931972789,0.0
2014-07-13 15:00:00,0.9885580204778156,0.0,0.0651279863481228,0.0,0.0,0.0,0.0017201365187713,0.0,0.0102286689419795,0.0
2014-07-13 16:00:00,0.4394543889845095,0.0,0.0,0.0,0.0,0.0,0.0015180722891566,0.0,0.0102048192771084,0.0
2014-07-13 17:00:00,0.2306795952782462,0.0,0.0020961214165261,0.0,0.0,0.0,0.0016863406408094,0.0,0.0101618887015177,0.0
2014-07-13 18:00:00,0.2375743243243243,0.0,0.0818108108108108,0.0,0.0,0.0,0.0016706081081081,0.0,0.0102263513513513,0.0
2014-07-13 19:00:00,0.1856303972366148,0.0,0.0379326424870466,0.0,0.0,0.0,0.0017927461139896,0.0,0.0102642487046632,0.0
2014-07-13 20:00:00,0.1580595238095238,0.0,0.0,0.0,0.0,0.0,0.0015799319727891,0.0801870748299319,0.0102414965986394,0.0
2014-07-13 21:00:00,0.1654408783783784,0.0,0.0240337837837837,0.0,0.0,0.0,0.0017702702702702,0.0,0.0102094594594594,0.0146587837837837
2014-07-13 22:00:00,0.224636518771331,0.0,0.0790341296928327,0.0,0.0,0.0,0.0018105802047781,0.0,0.0102918088737201,0.0198139931740614
2014-07-13 23:00:00,0.1188430379746835,0.0,0.0026253164556962,0.0,0.0,0.0,0.0019113924050632,0.0,0.0103518987341772,0.0201746835443037
2014-07-14 00:00:00,0.2420285714285714,0.0,0.0856285714285714,0.0,0.0,0.0,0.002,0.0,0.0102857142857142,0.0
2014-07-14 01:00:00,0.2535210084033613,0.0,0.0674991596638655,0.0,0.0,0.0,0.001890756302521,0.075072268907563,0.0104739495798319,0.0
2014-07-14 02:00:00,0.0706423728813559,0.0,0.0,0.0,0.0,0.0,0.0019254237288135,0.0,0.0105355932203389,0.0
2014-07-14 03:00:00,0.0694278523489932,0.0,0.0,0.0,0.0,0.0,0.0019463087248322,0.0,0.0105134228187919,0.0
2014-07-14 04:00:00,0.2442640545144804,0.0,0.0791243611584327,0.0,0.0,0.0,0.0019420783645655,0.0,0.0105689948892674,0.0
2014-07-14 05:00:00,0.1748265993265993,0.0,0.0160993265993266,0.0,0.0,0.0,0.0017845117845117,0.0,0.0103720538720538,0.0
2014-07-14 06:00:00,0.6180102389078498,0.0,0.0,0.0,0.0,0.0,0.0018327645051194,0.0,0.0103941979522184,0.0
2014-07-14 07:00:00,2.0008397976391232,0.0,0.0493136593591905,0.0,0.0,0.0,0.0018195615514333,0.0,0.0103726812816188,0.0008026981450252
2014-07-14 08:00:00,2.2444524207011685,0.0,0.0438247078464106,0.0,0.0,0.0,0.0015175292153589,0.1033589315525876,0.0102821368948247,0.0088647746243739
2014-07-14 09:00:00,2.166461148648649,0.0,0.0154408783783783,0.0,0.0,0.0,0.001706081081081,0.0106722972972972,0.0103361486486486,0.0
2014-07-14 10:00:00,2.162531512605042,0.0,0.0773172268907563,0.0,0.0,0.0,0.0016092436974789,0.0,0.0103424369747899,0.0
2014-07-14 11:00:00,2.072988054607509,0.0,0.0,0.0,0.0,0.0,0.0015767918088737,0.0,0.0102730375426621,0.0
2014-07-14 12:00:00,1.8224134948096884,0.0,0.0110242214532871,0.0,0.0,0.0,0.0016833910034602,0.0,0.0103754325259515,0.0
2014-07-14 13:00:00,1.2126293103448276,0.0,0.0796620689655172,0.0,0.0,0.0,0.0015948275862068,0.0,0.0102827586206896,0.0
2014-07-14 14:00:00,0.9344493006993008,0.0,0.0123671328671328,0.0,0.0,0.0,0.0016328671328671,0.0,0.010326923076923,0.0
2014-07-14 15:00:00,0.8260185810810811,0.0,0.0,0.0,0.0,0.0,0.0016351351351351,0.0,0.0102956081081081,0.0
2014-07-14 16:00:00,0.4743877551020408,0.0,0.0702993197278911,0.0,0.0,0.0,0.0017329931972789,0.0,0.0103333333333333,0.0
2014-07-14 17:00:00,0.346461273666093,0.0,0.0374130808950086,0.0,0.0,0.0,0.0017865748709122,0.0,0.0103648881239242,0.0
2014-07-14 18:00:00,0.1796745762711864,0.0,0.0,0.0,0.0,0.0,0.0015627118644067,0.0,0.0102779661016949,0.0
2014-07-14 19:00:00,0.1742218487394958,0.0,0.0396773109243697,0.0,0.0,0.0,0.001544537815126,0.0,0.01030756302521,0.0
2014-07-14 20:00:00,0.1620353535353535,0.0,0.0610319865319865,0.0,0.0,0.0,0.0015622895622895,0.0,0.0102828282828282,0.0
2014-07-14 21:00:00,0.0652006802721088,0.0,0.0,0.0,0.0,0.0,0.0018078231292517,0.0,0.0103248299319727,0.0
2014-07-14 22:00:00,0.0861544991511035,0.0,0.0172342954159592,0.0,0.0,0.0,0.001730050933786,0.0,0.0103497453310696,0.0
2014-07-14 23:00:00,0.1858489932885906,0.0,0.0797164429530201,0.0,0.0,0.0,0.0017533557046979,0.0,0.0103758389261744,0.0
2014-07-15 00:00:00,0.0699709897610921,0.0,0.0033805460750853,0.0,0.0,0.0,0.0017747440273037,0.0,0.0104300341296928,0.0
2014-07-15 01:00:00,0.0649030612244897,0.0,0.0,0.0,0.0,0.0,0.0017414965986394,0.0,0.010328231292517,0.0
2014-07-15 02:00:00,0.1730378657487091,0.0,0.0761273666092943,0.0,0.0,0.0,0.0017401032702237,0.0,0.0103734939759036,0.0
2014-07-15 03:00:00,0.0995244519392917,0.0,0.0219460370994941,0.0,0.0,0.0,0.0018499156829679,0.0,0.0104215851602023,0.0
2014-07-15 04:00:00,0.1105252525252525,0.0,0.0,0.0,0.0,0.0,0.0018282828282828,0.0,0.0104377104377104,0.0
2014-07-15 05:00:00,0.3090405405405405,0.0,0.0562432432432432,0.0,0.0,0.0,0.0020101351351351,0.0,0.0102837837837837,0.0
2014-07-15 06:00:00,0.704179054054054,0.0,0.0379070945945946,0.0,0.0,0.0,0.0017753378378378,0.0,0.0104222972972972,0.0
2014-07-15 07:00:00,1.2551888701517708,0.0,0.0,0.0,0.0,0.0,0.001795952782462,0.0,0.010327150084317,0.0
2014-07-15 08:00:00,1.0600671256454388,0.0,0.0387865748709122,0.0,0.0,0.0,0.0016746987951807,0.0,0.0103562822719449,0.0
2014-07-15 09:00:00,0.7404200680272108,0.0,0.0578656462585034,0.0,0.0,0.0,0.0017755102040816,0.0,0.0103027210884353,0.0
2014-07-15 10:00:00,0.8859949152542373,0.0,0.0,0.0,0.0,0.0,0.0017694915254237,0.0,0.0103661016949152,0.0
2014-07-15 11:00:00,1.1932020202020202,0.0,0.0223148148148148,0.0,0.0,0.0,0.0018232323232323,0.0,0.0103973063973063,0.0
2014-07-15 12:00:00,1.5385119453924916,0.0,0.0794232081911262,0.0,0.0,0.0,0.001815699658703,0.0,0.0103976109215017,0.0
2014-07-15 13:00:00,1.339445945945946,0.0,0.0003243243243243,0.0,0.0,0.0,0.0017702702702702,0.0,0.0103783783783783,0.0
2014-07-15 14:00:00,1.102211055276382,0.0,0.00128810720268,0.0,0.0,0.0,0.0016951423785594,0.0,0.0103316582914572,0.0
2014-07-15 15:00:00,1.0851228956228955,0.0,0.0818316498316498,0.0,0.0,0.0,0.0016616161616161,0.0,0.0103316498316498,0.0
2014-07-15 16:00:00,0.4845200668896321,0.0,0.0172591973244147,0.0,0.0,0.0,0.001767558528428,0.0,0.0103996655518394,0.0
2014-07-15 17:00:00,0.1982815699658703,0.0,0.0,0.0,0.0,0.0,0.0018498293515358,0.0,0.0104215017064846,0.0
2014-07-15 18:00:00,0.2255369127516778,0.0,0.067228187919463,0.0,0.0,0.0,0.001734899328859,0.0,0.0103523489932885,0.0
2014-07-15 19:00:00,0.1798573825503355,0.0,0.0331140939597315,0.0,0.0,0.0,0.0017583892617449,0.0,0.0103942953020134,0.0
2014-07-15 20:00:00,0.0716986531986532,0.0,0.0,0.0,0.0,0.0,0.0016178451178451,0.0,0.0103552188552188,0.0
2014-07-15 21:00:00,0.1357952286282306,0.0,0.0534055666003976,0.0,0.0,0.0,0.0016361829025844,0.0,0.0102763419483101,0.0
2014-07-15 22:00:00,0.1287512605042016,0.0,0.0434638655462184,0.0,0.0,0.0,0.0017361344537815,0.0,0.0103529411764705,0.0
2014-07-15 23:00:00,0.0665499153976311,0.0,0.0,0.0,0.0,0.0,0.0018494077834179,0.0,0.0104348561759729,0.0
2014-07-16 00:00:00,0.1073874345549738,0.0,0.0303525305410122,0.0,0.0,0.0,0.0018219895287958,0.0,0.0104450261780104,0.0
2014-07-16 01:00:00,0.1564907872696817,0.0,0.0614120603015075,0.0,0.0,0.0,0.0018994974874371,0.0,0.0104924623115577,0.0
2014-07-16 02:00:00,0.0672169491525423,0.0,0.0,0.0,0.0,0.0,0.0019067796610169,0.0,0.0104135593220338,0.0
2014-07-16 03:00:00,0.0916506024096385,0.0,0.0143528399311531,0.0,0.0,0.0,0.0019156626506024,0.0,0.0104698795180722,0.0
2014-07-16 04:00:00,0.2291833616298811,0.0,0.0738438030560271,0.0,0.0,0.0,0.001899830220713,0.0,0.0104516129032258,0.0
2014-07-16 05:00:00,0.1518026755852842,0.0,0.0,0.0,0.0,0.0,0.0017107023411371,0.0,0.0103076923076923,0.0
2014-07-16 06:00:00,0.3422984822934232,0.0,0.0025210792580101,0.0,0.0,0.0,0.0017824620573355,0.0,0.0103878583473861,0.0
2014-07-16 07:00:00,1.8213691275167785,0.0,0.0814614093959731,0.0,0.0,0.0,0.001739932885906,0.0,0.0103456375838926,0.0
2014-07-16 08:00:00,2.2314000000000003,0.0,0.0078118644067796,0.0,0.0,0.0,0.0015067796610169,0.0,0.0103084745762711,0.0
2014-07-16 09:00:00,2.3690369127516777,0.0,0.0,0.0,0.0,0.0,0.0016979865771812,0.0,0.0103540268456375,0.0
2014-07-16 10:00:00,1.5512931323283083,0.0,0.0721356783919598,0.0,0.0,0.0,0.001752093802345,0.0,0.0103802345058626,0.0
2014-07-16 11:00:00,0.9191993067590988,0.0,0.0245996533795493,0.0,0.0,0.0,0.0016828422876949,0.0,0.0102998266897746,0.0
2014-07-16 12:00:00,1.259752107925801,0.0,0.0,0.0,0.0,0.0,0.0017369308600337,0.0,0.0103726812816188,0.0
2014-07-16 13:00:00,1.3677042016806722,0.0,0.0610285714285714,0.0,0.0,0.0,0.0017495798319327,0.0,0.01030756302521,0.0
2014-07-16 14:00:00,0.9485488215488216,0.0,0.0411279461279461,0.0,0.0,0.0,0.0017239057239057,0.0,0.0103249158249158,0.0
2014-07-16 15:00:00,0.8551324278438031,0.0,0.0,0.0,0.0,0.0,0.0017724957555178,0.0,0.0103140916808149,0.0
2014-07-16 16:00:00,0.5935487179487179,0.0,0.0447316239316239,0.0,0.0,0.0,0.0018051282051282,0.0,0.0103846153846153,0.0
2014-07-16 17:00:00,0.4842861952861952,0.0,0.0586296296296296,0.0,0.0,0.0,0.0018299663299663,0.0,0.0103872053872053,0.0
2014-07-16 18:00:00,0.2162449324324324,0.0,0.0,0.0,0.0,0.0,0.0016942567567567,0.0,0.0103226351351351,0.0
2014-07-16 19:00:00,0.1583056027164686,0.0,0.0251290322580645,0.0,0.0,0.0,0.0017079796264855,0.0,0.0103446519524617,0.0
2014-07-16 20:00:00,0.2118355704697986,0.0,0.0756526845637583,0.0,0.0,0.0,0.001739932885906,0.0,0.0103758389261744,0.0
2014-07-16 21:00:00,0.0658191489361702,0.0,0.0,0.0,0.0,0.0,0.0017765957446808,0.0,0.0103315602836879,0.0
2014-07-16 22:00:00,0.0753417935702199,0.0,0.0068358714043993,0.0,0.0,0.0,0.0017698815566835,0.0,0.0103891708967851,0.0
2014-07-16 23:00:00,0.1815738539898132,0.0,0.0809354838709677,0.0,0.0,0.0,0.0017504244482173,0.0,0.0103955857385398,0.0
2014-07-17 00:00:00,0.0859228187919463,0.0,0.0098993288590604,0.0,0.0,0.0,0.0018624161073825,0.0,0.0104312080536912,0.0
2014-07-17 01:00:00,0.0673021702838063,0.0,0.0,0.0,0.0,0.0,0.0018764607679465,0.0,0.0104307178631051,0.0
2014-07-17 02:00:00,0.170465661641541,0.0,0.0734204355108877,0.0,0.0,0.0,0.0018375209380234,0.0,0.0104087102177554,0.0
2014-07-17 03:00:00,0.1009473684210526,0.0,0.0226502546689303,0.0,0.0,0.0,0.0018607809847198,0.0,0.0104108658743633,0.0
2014-07-17 04:00:00,0.1271669535283993,0.0,0.0,0.0,0.0,0.0,0.0019122203098106,0.0,0.010433734939759,0.0
2014-07-17 05:00:00,0.2110615384615384,0.0,0.0609247863247863,0.0,0.0,0.0,0.0017316239316239,0.0,0.010408547008547,0.0
2014-07-17 06:00:00,0.4421936026936027,0.0,0.0359865319865319,0.0,0.0,0.0,0.0018097643097643,0.0,0.0103787878787878,0.0
2014-07-17 07:00:00,1.815962900505902,0.0,0.0,0.0,0.0,0.0,0.0017082630691399,0.0,0.0103575042158516,0.0
2014-07-17 08:00:00,2.241293132328308,0.0,0.0431825795644891,0.0,0.0,0.0,0.0016331658291457,0.0,0.0103618090452261,0.0
2014-07-17 09:00:00,2.3632774957698817,0.0,0.0532588832487309,0.0,0.0,0.0,0.00165820642978,0.0,0.0103181049069373,0.0
2014-07-17 10:00:00,2.298141903171953,0.0,0.0,0.0,0.0,0.0,0.0016577629382303,0.0,0.010347245409015,0.0
2014-07-17 11:00:00,2.2944689075630254,0.0,0.0307327731092437,0.0,0.0,0.0,0.0017327731092436,0.0,0.010344537815126,0.0
2014-07-17 12:00:00,2.207160472972973,0.0,0.074081081081081,0.0,0.0,0.0,0.0017635135135135,0.0,0.0103631756756756,0.0
2014-07-17 13:00:00,1.9808198653198648,0.0,0.0,0.0,0.0,0.0,0.0017323232323232,0.0,0.0102962962962962,0.0
2014-07-17 14:00:00,1.2943792517006802,0.0,0.0128401360544217,0.0,0.0,0.0,0.0016972789115646,0.0,0.0103435374149659,0.0
2014-07-17 15:00:00,0.9202289562289564,0.0,0.0797272727272727,0.0,0.0,0.0,0.0016144781144781,0.0,0.0102626262626262,0.0
2014-07-17 16:00:00,0.5749160958904109,0.0,0.0200154109589041,0.0,0.0,0.0,0.0016969178082191,0.0,0.0103510273972602,0.0
2014-07-17 17:00:00,0.2933266331658291,0.0,0.0,0.0,0.0,0.0,0.0017571189279731,0.0,0.0103919597989949,0.0
2014-07-17 18:00:00,0.2318516020236087,0.0,0.0699898819561551,0.0,0.0,0.0,0.0015902192242833,0.0,0.0103541315345699,0.0
2014-07-17 19:00:00,0.3386262626262626,0.0,0.0803939393939393,0.0,0.0,0.0,0.0017373737373737,0.0905824915824915,0.0103030303030303,0.0068973063973063
2014-07-17 20:00:00,0.2381169491525423,0.0,0.0788305084745762,0.0,0.0,0.0,0.0017305084745762,0.042393220338983,0.0103610169491525,0.0035949152542372
2014-07-17 21:00:00,0.2764615384615384,0.0,0.0778628762541806,0.0,0.0,0.0,0.0016538461538461,0.0,0.0103210702341137,0.0
2014-07-17 22:00:00,0.2880858585858586,0.0,0.075557239057239,0.0,0.0,0.0,0.0016279461279461,0.0,0.0103602693602693,0.0
2014-07-17 23:00:00,0.5206966101694915,0.0,8.135593220338982e-05,0.0,0.0,0.0,0.0017711864406779,0.0638559322033898,0.0103271186440677,0.0
2014-07-18 00:00:00,0.128598976109215,0.0,0.0116587030716723,0.0,0.0,0.0,0.0017150170648464,0.0,0.0103600682593856,0.0150682593856655
2014-07-18 01:00:00,0.2068588640275387,0.0,0.083552495697074,0.0,0.0,0.0,0.0017160068846815,0.0,0.0103235800344234,0.0102289156626506
2014-07-18 02:00:00,0.1938902027027027,0.0,0.0786554054054054,0.0,0.0,0.0,0.0017736486486486,0.0,0.0104222972972972,0.0
2014-07-18 03:00:00,0.1945176470588235,0.0,0.0775512605042016,0.0,0.0,0.0,0.0018605042016806,0.0,0.0104033613445378,0.0
2014-07-18 04:00:00,0.1910619621342513,0.0,0.0454475043029259,0.0,0.0,0.0,0.0018829604130808,0.0,0.0104716006884681,0.0
2014-07-18 05:00:00,0.1410390492359932,0.0,0.0,0.0,0.0,0.0,0.0017249575551782,0.0,0.0103361629881154,0.0
2014-07-18 06:00:00,0.1658430034129693,0.0,0.0,0.0,0.0,0.0,0.0017218430034129,0.0,0.0103822525597269,0.0
2014-07-18 07:00:00,0.479740614334471,0.0,0.0285460750853242,0.0,0.0,0.0,0.0016723549488054,0.0,0.0103617747440273,0.0
2014-07-18 08:00:00,1.3422892057026476,0.0,0.0821099796334012,0.0,0.0,0.0,0.0015967413441955,0.1495234215885947,0.0103075356415478,0.0
2014-07-18 09:00:00,0.6584791666666666,0.0,0.0365763888888888,0.0,0.0,0.0,0.0014930555555555,0.0,0.0102638888888888,0.0
2014-07-18 10:00:00,2.031273381294964,0.0,0.0,0.0,0.0,0.0,0.0015935251798561,0.0,0.010318345323741,0.0
2014-07-18 11:00:00,2.141438860971524,0.0,0.0,0.0,0.0,0.0,0.001644891122278,0.0,0.0103450586264656,0.0
2014-07-18 12:00:00,1.5569276139410189,0.0,0.0532627345844504,0.0,0.0,0.0,0.0017479892761394,0.0,0.0102975871313672,0.0
2014-07-18 13:00:00,1.1796406779661015,0.0,0.0775830508474576,0.0,0.0,0.0,0.0016813559322033,0.0,0.0103915254237288,0.0
2014-07-18 14:00:00,1.2057946127946126,0.0,0.0106010101010101,0.0,0.0,0.0,0.0016767676767676,0.0,0.0103771043771043,0.0
2014-07-18 15:00:00,0.8260033840947547,0.0,0.0,0.0,0.0,0.0,0.0015313028764805,0.0,0.0102842639593908,0.0
2014-07-18 16:00:00,0.5308341793570219,0.0,0.0523130287648054,0.0,0.0,0.0,0.0015008460236886,0.0,0.0102842639593908,0.0
2014-07-18 17:00:00,0.2786484641638225,0.0,0.0782662116040955,0.0,0.0,0.0,0.0016296928327645,0.0,0.010315699658703,0.0
2014-07-18 18:00:00,0.217073756432247,0.0,0.0447289879931389,0.0,0.0,0.0,0.0018181818181818,0.0,0.0104442538593481,0.0
2014-07-18 19:00:00,0.1380952380952381,0.0,0.0,0.0,0.0,0.0,0.0017023809523809,0.0,0.0103588435374149,0.0
2014-07-18 20:00:00,0.0845291095890411,0.0,0.0101592465753424,0.0,0.0,0.0,0.0014760273972602,0.0,0.0102825342465753,0.0
2014-07-18 21:00:00,0.1758234295415959,0.0,0.0808947368421052,0.0,0.0,0.0,0.0014023769100169,0.0,0.0102614601018675,0.0
2014-07-18 22:00:00,0.1512164429530201,0.0,0.0576560402684563,0.0,0.0,0.0,0.0017852348993288,0.0,0.0104228187919463,0.0
2014-07-18 23:00:00,0.0708111298482293,0.0,0.0,0.0,0.0,0.0,0.0018482293423271,0.0,0.0104671163575042,0.0
2014-07-19 00:00:00,0.0721316239316239,0.0,0.0035196581196581,0.0,0.0,0.0,0.0018905982905982,0.0,0.0105094017094017,0.0
2014-07-19 01:00:00,0.1860352348993288,0.0,0.0831543624161074,0.0,0.0,0.0,0.0018758389261744,0.0,0.0105033557046979,0.0
2014-07-19 02:00:00,0.1635858585858585,0.0,0.0652323232323232,0.0,0.0,0.0,0.0018484848484848,0.0,0.0105016835016835,0.0
2014-07-19 03:00:00,0.0673745704467354,0.0,0.0,0.0,0.0,0.0,0.0018419243986254,0.0,0.0105051546391752,0.0
2014-07-19 04:00:00,0.0681701030927835,0.0,0.0,0.0,0.0,0.0,0.0018797250859106,0.0,0.0104931271477663,0.0
2014-07-19 05:00:00,0.2072602040816326,0.0,0.0725510204081632,0.0,0.0,0.0,0.0018520408163265,0.0,0.0104166666666666,0.0
2014-07-19 06:00:00,0.2672562814070352,0.0,0.0638090452261306,0.0,0.0,0.0,0.0016733668341708,0.0,0.010358458961474,0.0
2014-07-19 07:00:00,0.1790941176470588,0.0,0.0,0.0,0.0,0.0,0.0017949579831932,0.0,0.0104302521008403,0.0
2014-07-19 08:00:00,0.4218403361344537,0.0,0.0,0.0,0.0,0.0,0.0017277310924369,0.0,0.0103378151260504,0.0
2014-07-19 09:00:00,0.3707764505119453,0.0,0.0805307167235494,0.0,0.0,0.0,0.0016962457337883,0.0,0.0103378839590443,0.0
2014-07-19 10:00:00,0.2699983079526226,0.0,0.0661387478849407,0.0,0.0,0.0,0.0016751269035532,0.0,0.0103299492385786,0.0
2014-07-19 11:00:00,0.1708825503355704,0.0,0.0,0.0,0.0,0.0,0.001739932885906,0.0,0.0104228187919463,0.0
2014-07-19 12:00:00,1.0075733333333334,0.0,0.0,0.0,0.0,0.0,0.0017466666666666,0.0,0.0104183333333333,0.0
2014-07-19 13:00:00,1.2391895093062606,0.0,0.0757631133671742,0.0,0.0,0.0,0.001725888324873,0.0,0.0103807106598984,0.0
2014-07-19 14:00:00,0.9983115318416524,0.0,0.0762323580034423,0.0,0.0,0.0,0.0015834767641996,0.0,0.0102925989672977,0.0
2014-07-19 15:00:00,0.2891212121212121,0.0,0.0,0.0,0.0,0.0,0.0013922558922558,0.0,0.0102356902356902,0.0
2014-07-19 16:00:00,0.3595812395309883,0.0,0.0,0.0,0.0,0.0,0.0016532663316582,0.0,0.0103685092127303,0.0
2014-07-19 17:00:00,0.2378257191201353,0.0,0.0612554991539763,0.0,0.0,0.0,0.0017225042301184,0.0,0.0103824027072758,0.0
2014-07-19 18:00:00,0.2786481481481481,0.0,0.0777592592592592,0.0,0.0,0.0,0.0018350168350168,0.0,0.0104377104377104,0.0
2014-07-19 19:00:00,0.1806767676767676,0.0,0.0133703703703703,0.0,0.0,0.0,0.001540404040404,0.0,0.0103299663299663,0.0
2014-07-19 20:00:00,0.0773237774030354,0.0,0.0,0.0,0.0,0.0,0.0015885328836424,0.0,0.0103052276559865,0.0
2014-07-19 21:00:00,0.1257600671140939,0.0,0.0433087248322147,0.0,0.0,0.0,0.0015536912751677,0.0,0.0103171140939597,0.0
2014-07-19 22:00:00,0.1782030201342281,0.0,0.078243288590604,0.0,0.0,0.0,0.0016929530201342,0.0,0.0103758389261744,0.0
2014-07-19 23:00:00,0.0811402027027027,0.0,0.010839527027027,0.0,0.0,0.0,0.0018260135135135,0.0,0.0103986486486486,0.0
2014-07-20 00:00:00,0.0655996621621621,0.0,0.0,0.0,0.0,0.0,0.0018175675675675,0.0,0.0104155405405405,0.0
2014-07-20 01:00:00,0.1422521008403361,0.0,0.0539058823529411,0.0,0.0,0.0,0.0019042016806722,0.0,0.0105327731092436,0.0
2014-07-20 02:00:00,0.1739189189189189,0.0,0.0724121621621621,0.0,0.0,0.0,0.001902027027027,0.0,0.0104543918918918,0.0
2014-07-20 03:00:00,0.0676856187290969,0.0,0.0,0.0,0.0,0.0,0.0019080267558528,0.0,0.010510033444816,0.0
2014-07-20 04:00:00,0.1094991482112436,0.0,0.0,0.0,0.0,0.0,0.001923339011925,0.0,0.0105332197614991,0.0
2014-07-20 05:00:00,0.2659676870748299,0.0,0.0746343537414966,0.0,0.0,0.0,0.0019098639455782,0.0,0.0104795918367346,0.0
2014-07-20 06:00:00,0.6325168918918919,0.0,0.0498817567567567,0.0,0.0,0.0,0.0017449324324324,0.0,0.0104222972972972,0.0
2014-07-20 07:00:00,0.6551813559322034,0.0,0.0,0.0,0.0,0.0,0.0017915254237288,0.0,0.0104254237288135,0.0
2014-07-20 08:00:00,1.5012378559463986,0.0,0.0151507537688442,0.0,0.0,0.0,0.0017721943048576,0.0,0.0104154103852596,0.0
2014-07-20 09:00:00,1.3100150753768844,0.0,0.0800938023450586,0.0,0.0,0.0,0.0017571189279731,0.0,0.0103467336683417,0.0
2014-07-20 10:00:00,1.1007385398981324,0.0,0.0415823429541595,0.0,0.0,0.0,0.0017062818336162,0.0,0.0103853989813242,0.0
2014-07-20 11:00:00,1.3670427350427352,0.0,0.0,0.0,0.0,0.0,0.0018837606837606,0.0,0.0104358974358974,0.0
2014-07-20 12:00:00,1.316807757166948,0.0,0.0228111298482293,0.0,0.0,0.0,0.0017892074198988,0.0,0.0103962900505902,0.0
2014-07-20 13:00:00,1.504892674616695,0.0,0.0795945485519591,0.0,0.0,0.0,0.0016967632027257,0.0,0.0103083475298126,0.0
2014-07-20 14:00:00,1.2109882550335571,0.0,0.0346124161073825,0.0,0.0,0.0,0.0016895973154362,0.0,0.0103590604026845,0.0
2014-07-20 15:00:00,0.6287683134582623,0.0,0.0,0.0,0.0,0.0,0.0016354344122657,0.0,0.0103321976149914,0.0
2014-07-20 16:00:00,0.6221688963210702,0.0,0.0342290969899665,0.0,0.0,0.0,0.0016555183946488,0.0,0.0103494983277591,0.0
2014-07-20 17:00:00,0.5212797319932998,0.0,0.0785795644891122,0.0,0.0,0.0,0.0017587939698492,0.0,0.0103567839195979,0.0
2014-07-20 18:00:00,0.3543140916808149,0.0,0.0262750424448217,0.0,0.0,0.0,0.0017996604414261,0.0,0.0103786078098471,0.0
2014-07-20 19:00:00,0.1529773195876288,0.0,0.0,0.0,0.0,0.0,0.0016865979381443,0.0,0.0103443298969072,0.0
2014-07-20 20:00:00,0.1388816120906801,0.0,0.0457254408060453,0.0,0.0,0.0,0.0015919395465994,0.0,0.0102770780856423,0.0
2014-07-20 21:00:00,0.1770149750415973,0.0,0.0774975041597337,0.0,0.0,0.0,0.001683860232945,0.0,0.0102728785357737,0.0
2014-07-20 22:00:00,0.0768444816053511,0.0,0.0067257525083612,0.0,0.0,0.0,0.0018494983277591,0.0,0.0104197324414715,0.0
2014-07-20 23:00:00,0.067062605752961,0.0,0.0,0.0,0.0,0.0,0.0018646362098138,0.0,0.0104416243654822,0.0
2014-07-21 00:00:00,0.1559965397923875,0.0,0.0626574394463667,0.0,0.0,0.0,0.0019463667820069,0.0,0.0104913494809688,0.0
2014-07-21 01:00:00,0.1614565587734241,0.0,0.0629318568994889,0.0,0.0,0.0,0.00190800681431,0.0,0.0104701873935264,0.0
2014-07-21 02:00:00,0.0729508474576271,0.0,0.0,0.0,0.0,0.0,0.0019050847457627,0.0,0.0104966101694915,0.0
2014-07-21 03:00:00,0.0695377855887522,0.0,0.0003585237258347,0.0,0.0,0.0,0.0019543057996485,0.0,0.0105325131810193,0.0
2014-07-21 04:00:00,0.2376609294320137,0.0,0.0832667814113597,0.0,0.0,0.0,0.0019345955249569,0.0,0.0104612736660929,0.0
2014-07-21 05:00:00,0.2044336134453781,0.0,0.0327344537815126,0.0,0.0,0.0,0.0017294117647058,0.0,0.0103848739495798,0.0
2014-07-21 06:00:00,0.5468236301369862,0.0,0.0,0.0,0.0,0.0,0.001708904109589,0.0,0.0103921232876712,0.0
2014-07-21 07:00:00,1.648141414141414,0.0,0.0353232323232323,0.0,0.0,0.0,0.0016919191919191,0.0,0.0102878787878787,0.0
2014-07-21 08:00:00,1.333351851851852,0.0,0.0777777777777777,0.0,0.0,0.0,0.001563973063973,0.0,0.0102861952861952,0.0
2014-07-21 09:00:00,1.7097956448911222,0.0,0.0039882747068676,0.0,0.0,0.0,0.0016331658291457,0.0,0.0103015075376884,0.0
2014-07-21 10:00:00,2.332529262086514,0.0,0.0,0.0,0.0,0.0,0.0016666666666666,0.0,0.0103358778625954,0.0
2014-07-21 11:00:00,1.5879193277310923,0.0,0.0717411764705882,0.0,0.0,0.0,0.0016117647058823,0.0,0.0103277310924369,0.0
2014-07-21 12:00:00,1.372428571428571,0.0,0.0510589285714285,0.0,0.0,0.0,0.0015821428571428,0.0,0.0102875,0.0
2014-07-21 13:00:00,1.3805146804835924,0.0,0.0,0.0,0.0,0.0,0.0015267702936096,0.0,0.0102521588946459,0.0
2014-07-21 14:00:00,0.7979786856127886,0.0,0.0288650088809946,0.0,0.0,0.0,0.0015737122557726,0.0,0.0102859680284191,0.0
2014-07-21 15:00:00,0.9100797962648556,0.0,0.0782461799660441,0.0,0.0,0.0,0.0015619694397283,0.0696162988115449,0.0102614601018675,0.0
2014-07-21 16:00:00,0.4240033783783783,0.0,0.0186013513513513,0.0,0.0,0.0,0.0017787162162162,0.0,0.0104324324324324,0.0198158783783783
2014-07-21 17:00:00,0.3277783417935702,0.0,0.0102216582064297,0.0,0.0,0.0,0.0697986463620981,0.0588984771573604,0.0102182741116751,0.0152081218274111
2014-07-21 18:00:00,0.2434404761904762,0.0,0.0803809523809523,0.0,0.0,0.0,0.0014778911564625,0.0,0.0102908163265306,0.0
2014-07-21 19:00:00,0.1853293918918919,0.0,0.0374341216216216,0.0,0.0,0.0,0.0018057432432432,0.0,0.0104358108108108,0.0
2014-07-21 20:00:00,0.1514446308724832,0.0,0.0002684563758389,0.0,0.0,0.0,0.0017684563758389,0.056739932885906,0.0103758389261744,0.0087919463087248
2014-07-21 21:00:00,0.2607341137123746,0.0,0.0763795986622073,0.0,0.0,0.0,0.0017374581939799,0.0523411371237458,0.010324414715719,0.0189013377926421
2014-07-21 22:00:00,0.1610421585160202,0.0,0.0373962900505902,0.0,0.0,0.0,0.0017740303541315,0.0,0.0103760539629005,0.0198381112984822
2014-07-21 23:00:00,0.1212229729729729,0.0,0.0,0.0,0.0,0.0,0.0016537162162162,0.0,0.0103631756756756,0.016875
2014-07-22 00:00:00,0.182492385786802,0.0,0.035409475465313,0.0,0.0,0.0,0.0121489001692047,0.0,0.010404399323181,0.0
2014-07-22 01:00:00,0.2692173913043478,0.0,0.0786208695652174,0.0,0.0,0.0,0.0018991304347826,0.0591026086956521,0.010431304347826,0.0
2014-07-22 02:00:00,0.1010638655462184,0.0,0.0142235294117647,0.0,0.0,0.0,0.0019243697478991,0.0,0.0105361344537815,0.0
2014-07-22 03:00:00,0.0692292020373514,0.0,0.0,0.0,0.0,0.0,0.0019456706281833,0.0,0.0105110356536502,0.0
2014-07-22 04:00:00,0.1933811129848229,0.0,0.0569629005059021,0.0,0.0,0.0,0.0019224283305227,0.0,0.010504215851602,0.0
2014-07-22 05:00:00,0.2109832495812395,0.0,0.0493333333333333,0.0,0.0,0.0,0.0018324958123953,0.0,0.0104053601340033,0.0
2014-07-22 06:00:00,0.2105,0.0,0.0,0.0,0.0,0.0,0.0017525597269624,0.0,0.0103549488054607,0.0
2014-07-22 07:00:00,0.4455341296928328,0.0,0.0196126279863481,0.0,0.0,0.0,0.001754266211604,0.0,0.0103720136518771,0.0
2014-07-22 08:00:00,0.686057239057239,0.0,0.0789781144781144,0.0,0.0,0.0,0.0015892255892255,0.0,0.0103501683501683,0.0
2014-07-22 09:00:00,2.092926870748299,0.0,0.0062925170068027,0.0,0.0,0.0,0.0016360544217687,0.0598044217687074,0.0103180272108843,0.0128197278911564
2014-07-22 10:00:00,2.39501512605042,0.0,0.0195310924369747,0.0,0.0,0.0,0.0016386554621848,0.0420487394957983,0.0103495798319327,0.009816806722689
2014-07-22 11:00:00,2.14809243697479,0.0,0.0786302521008403,0.1935126050420168,0.0,0.0,0.0015966386554621,0.0,0.0102789915966386,0.0
2014-07-22 12:00:00,2.005345699831366,0.0,0.0147217537942664,0.0644603709949409,0.0,0.0,0.0015969645868465,0.0,0.010300168634064,0.0
2014-07-22 13:00:00,1.356220338983051,0.0,0.0,0.0019949152542372,0.0,0.0,0.0014898305084745,0.0,0.0102610169491525,0.0
2014-07-22 14:00:00,1.1013949579831932,0.0,0.0702420168067226,0.002,0.0,0.0,0.0015394957983193,0.0,0.0103210084033613,0.0
2014-07-22 15:00:00,0.7828404074702886,0.0,0.0605840407470288,0.002,0.0,0.0,0.0014736842105263,0.0,0.0102750424448217,0.0
2014-07-22 16:00:00,0.5120271646859084,0.0,6.960950764006791e-05,0.002,0.0,0.0,0.001641765704584,0.0,0.01030220713073,0.0
2014-07-22 17:00:00,0.3705234899328859,0.0,0.0268825503355704,0.0623708053691275,0.0,0.0,0.001741610738255,0.0,0.0102734899328859,0.0
2014-07-22 18:00:00,0.2367323232323232,0.0,0.0793215488215488,0.0,0.0,0.0,0.0017037037037037,0.0,0.0103737373737373,0.0
2014-07-22 19:00:00,0.1767777777777777,0.0,0.0335117845117845,0.0,0.0,0.0,0.0017676767676767,0.0,0.0103602693602693,0.0
2014-07-22 20:00:00,0.0711361344537815,0.0,0.0,0.0,0.0,0.0,0.001490756302521,0.0,0.0102924369747899,0.0
2014-07-22 21:00:00,0.2335742904841402,0.0,0.0397712854757929,0.0,0.0,0.0,0.0014607679465776,0.0645459098497495,0.0102437395659432,0.008016694490818
2014-07-22 22:00:00,0.2811627118644068,0.0,0.0784983050847457,0.0,0.0,0.0,0.0451525423728813,0.0,0.0104084745762711,0.0197203389830508
2014-07-22 23:00:00,0.1533551724137931,0.0,0.0282896551724137,0.0,0.0,0.0,0.001851724137931,0.0,0.010353448275862,0.0114586206896551
2014-07-23 00:00:00,0.0880460750853242,0.0,0.0,0.0,0.0,0.0,0.0017474402730375,0.0,0.0103856655290102,0.0
2014-09-01 00:00:00,0.71,0.0,0.087,0.0,0.0,0.0,0.002,0.0,0.011,0.0
2014-09-01 01:00:00,0.71,0.0,0.087,0.0,0.0,0.0,0.002,0.0,0.011,0.0
2014-09-01 02:00:00,0.71,0.0,0.087,0.0,0.0,0.0,0.002,0.0,0.011,0.0
2014-09-01 03:00:00,0.71,0.0,0.087,0.0,0.0,0.0,0.002,0.0,0.011,0.0
2014-09-01 04:00:00,0.71,0.0,0.087,0.0,0.0,0.0,0.002,0.0,0.011,0.0
2014-09-01 05:00:00,0.71,0.0,0.087,0.0,0.0,0.0,0.002,0.0,0.011,0.0
2014-09-01 06:00:00,0.71,0.0,0.087,0.0,0.0,0.0,0.002,0.0,0.011,0.0
2014-09-01 07:00:00,0.71,0.0,0.087,0.0,0.0,0.0,0.002,0.0,0.011,0.0
2014-09-01 08:00:00,0.373835390946502,0.0,0.0225555555555555,0.0,0.0,0.0,0.0018641975308641,0.0,0.0106090534979423,0.0
2014-09-01 09:00:00,0.5084446952595937,0.0,0.0,0.0,0.0,0.0,0.0017471783295711,0.0,0.0103408577878103,0.0
2014-09-01 10:00:00,0.5722902494331066,0.0,0.0,0.0,0.0,0.0,0.0017120181405895,0.0,0.0102857142857142,0.0
2014-09-01 11:00:00,0.861551724137931,0.0,0.0637021943573667,0.0,0.0,0.0,0.0016959247648902,0.0,0.0103510971786833,0.0
2014-09-01 12:00:00,0.871,0.0,0.0763045454545454,0.0,0.0,0.0,0.001740909090909,0.0,0.0103568181818181,0.0
2014-09-01 13:00:00,0.6895148063781321,0.0,0.0580774487471526,0.0,0.0,0.0,0.001756264236902,0.0,0.010387243735763,0.0
2014-09-01 14:00:00,0.5597597765363129,0.0,0.0,0.0,0.0,0.0,0.0017849162011173,0.0,0.0103351955307262,0.0
2014-09-01 15:00:00,0.3817321016166282,0.0,0.0,0.0,0.0,0.0,0.0018290993071593,0.0,0.0103418013856812,0.0
2014-09-01 16:00:00,0.4582277657266811,0.0,0.0,0.0,0.0,0.0,0.0017809110629067,0.0,0.0103904555314533,0.0
2014-09-01 17:00:00,0.3046216216216216,0.0,0.0712815315315315,0.0,0.0,0.0,0.0017657657657657,0.0,0.0103603603603603,0.0
2014-09-01 18:00:00,0.2405112107623318,0.0,0.0754260089686098,0.0,0.0,0.0,0.0017107623318385,0.0,0.0103565022421524,0.0
2014-09-01 19:00:00,0.1814537246049661,0.0,0.042844243792325,0.0,0.0,0.0,0.0017878103837471,0.0,0.0103769751693002,0.0
2014-09-01 20:00:00,0.0674018264840182,0.0,0.0,0.0,0.0,0.0,0.0017465753424657,0.0,0.0102785388127853,0.0
2014-09-01 21:00:00,0.1901772727272727,0.0,0.0,0.0,0.0,0.0,0.0018522727272727,0.0825886363636363,0.0103931818181818,0.0017090909090909
2014-09-01 22:00:00,0.1098840909090909,0.0,0.0,0.0,0.0,0.0,0.0017568181818181,0.0,0.010365909090909,0.0192749999999999
2014-09-01 23:00:00,0.4280633484162896,0.0,0.0706651583710407,0.0,0.0,0.0,0.1380135746606335,0.0756742081447963,0.0103778280542986,0.0192488687782805
2014-09-02 00:00:00,0.2165124716553288,0.0,0.0761065759637188,0.0,0.0,0.0,0.0018866213151927,0.0,0.0104421768707483,0.0193219954648526
2014-09-02 01:00:00,0.1519659090909091,0.0,0.0285840909090909,0.0,0.0,0.0,0.0019318181818181,0.0,0.0104886363636363,0.0195386363636363
2014-09-02 02:00:00,0.2953916256157635,0.0,0.0,0.0,0.0,0.0,0.0019187192118226,0.1889802955665024,0.0105147783251231,0.0136330049261083
2014-09-02 03:00:00,0.1721981132075472,0.0,0.0,0.0,0.0,0.0,0.0019716981132075,0.075818396226415,0.0105235849056603,0.0
2014-09-02 04:00:00,0.0858036529680365,0.0,0.0060273972602739,0.0,0.0,0.0,0.0019497716894977,0.0,0.0105273972602739,0.0
2014-09-02 05:00:00,0.1876727272727273,0.0,0.0807909090909091,0.0,0.0,0.0,0.001940909090909,0.0,0.0105,0.0
2014-09-02 06:00:00,0.2128519362186788,0.0,0.0750797266514806,0.0,0.0,0.0,0.0019134396355353,0.0,0.0104715261958997,0.0
2014-09-02 07:00:00,0.7109159090909091,0.0,0.0059954545454545,0.0,0.0,0.0,0.0017340909090909,0.0,0.0104204545454545,0.0
2014-09-02 08:00:00,1.365434090909091,0.0,0.0,0.0,0.0,0.0,0.0018522727272727,0.0,0.0103522727272727,0.0
2014-09-02 09:00:00,1.85105,0.0,0.0,0.0,0.0,0.0,0.0016704545454545,0.0,0.0103227272727272,0.0
2014-09-02 10:00:00,2.15051598173516,0.0,0.0268881278538812,0.0,0.0,0.0,0.0017077625570776,0.0,0.0103287671232876,0.0
2014-09-02 11:00:00,1.860306997742664,0.0,0.0777674943566591,0.0009751693002257,0.0,0.0,0.0016997742663656,0.0,0.0102979683972911,0.0
2014-09-02 12:00:00,1.4564590909090909,0.0,0.0740181818181818,0.4678772727272727,0.0,0.0,0.0015704545454545,0.0746386363636363,0.0102590909090909,0.01485
2014-09-02 13:00:00,1.0375643340857787,0.0,0.0166907449209932,0.0643521444695259,0.0,0.0,0.0015598194130925,0.0697449209932279,0.0102799097065462,0.0190812641083521
2014-09-02 14:00:00,0.7541939953810624,0.0,0.0,0.0028568129330254,0.0,0.0,0.00164896073903,0.0,0.0102655889145496,0.019
2014-09-02 15:00:00,0.6528630136986301,0.0,0.0150981735159817,0.0018675799086757,0.0,0.0,0.001607305936073,0.0894680365296803,0.0103059360730593,0.0190068493150684
2014-09-02 16:00:00,0.5918564920273348,0.0,0.0783120728929385,0.001876993166287,0.0,0.0,0.0015375854214123,0.0,0.01025284738041,0.0189202733485193
2014-09-02 17:00:00,0.4119523809523809,0.0,0.0740997732426304,0.001875283446712,0.0,0.0,0.0016485260770975,0.0513990929705215,0.0102947845804988,0.0191020408163265
2014-09-02 18:00:00,0.2048568181818181,0.0,0.0272886363636363,0.0015204545454545,0.0,0.0,0.0018363636363636,0.0,0.01035,0.0128977272727272
2014-09-02 19:00:00,0.1166324200913242,0.0,0.0,0.0,0.0,0.0,0.0018447488584474,0.0,0.0104109589041095,0.0031187214611872
2014-09-02 20:00:00,0.0635328798185941,0.0,0.0,0.0,0.0,0.0,0.0017777777777777,0.0,0.0103174603174603,0.0
2014-09-02 21:00:00,0.0997835990888382,0.0,0.0249681093394077,0.0,0.0,0.0,0.0018883826879271,0.0,0.0103895216400911,0.0
2014-09-02 22:00:00,0.1776961451247165,0.0,0.0781065759637188,0.0,0.0,0.0,0.0017029478458049,0.0,0.010360544217687,0.0
2014-09-02 23:00:00,0.2666210045662101,0.0,0.0746803652968036,0.0,0.0,0.0,0.0018333333333333,0.0774817351598173,0.0104109589041095,0.0
2014-09-03 00:00:00,0.3722539682539682,0.0,0.0165056689342403,0.0,0.0,0.0,0.0019342403628117,0.2287256235827664,0.010517006802721,0.0110090702947845
2014-09-03 01:00:00,0.0905678733031674,0.0,0.0,0.0,0.0,0.0,0.0019253393665158,0.0,0.0105588235294117,0.0
2014-09-03 02:00:00,0.07537641723356,0.0,0.0,0.0,0.0,0.0,0.0019501133786848,0.0,0.0105351473922902,0.0
2014-09-03 03:00:00,0.0984431818181818,0.0,0.0214136363636363,0.0023272727272727,0.0,0.0,0.00195,0.0,0.010490909090909,0.0
2014-09-03 04:00:00,0.1841164383561644,0.0,0.0790251141552511,0.0,0.0,0.0,0.0019360730593607,0.0,0.0104817351598173,0.0
2014-09-03 05:00:00,0.1808085585585585,0.0,0.0748018018018018,0.0,0.0,0.0,0.0019279279279279,0.0,0.0104887387387387,0.0
2014-09-03 06:00:00,0.090475,0.0,0.0012181818181818,0.0,0.0,0.0,0.0018636363636363,0.0,0.0104113636363636,0.0
2014-09-03 07:00:00,0.1445375854214123,0.0,0.0,0.0,0.0,0.0,0.0016628701594533,0.0,0.0103895216400911,0.0
2014-09-03 08:00:00,0.3578659090909091,0.0,0.0,0.0,0.0,0.0,0.0017090909090909,0.0,0.0102977272727272,0.0
2014-09-03 09:00:00,0.647843537414966,0.0,0.0392222222222222,0.0,0.0,0.0,0.0015600907029478,0.0,0.0102834467120181,0.0
2014-09-03 10:00:00,1.1135990888382687,0.0,0.0764829157175398,0.0213325740318906,0.0,0.0,0.0016036446469248,0.0587630979498861,0.010259681093394,0.0
2014-09-03 11:00:00,1.5429681818181815,0.0,0.073575,1.9483159090909088,0.0,0.0,0.0013977272727272,0.0,0.0102295454545454,0.0
2014-09-03 12:00:00,0.7018662131519274,0.0,0.0062290249433106,0.1111201814058956,0.0,0.0,0.0015895691609977,0.0,0.0102517006802721,0.0
2014-09-03 13:00:00,0.6350429864253393,0.0,0.0001742081447963,0.000287330316742,0.0,0.0,0.0016809954751131,0.0837511312217194,0.0103280542986425,0.0101968325791855
2014-09-03 14:00:00,0.645562358276644,0.0,0.0156961451247165,0.0,0.0,0.0,0.0017777777777777,0.0380045351473922,0.0103242630385487,0.0077437641723356
2014-09-03 15:00:00,0.6539316628701595,0.0,0.0792232346241458,0.0,0.0,0.0,0.0017425968109339,0.0,0.0103325740318906,0.0
2014-09-03 16:00:00,0.4159295454545454,0.0,0.0745204545454545,0.0,0.0,0.0,0.0016477272727272,0.0,0.0103,0.0
2014-09-03 17:00:00,0.2383568181818181,0.0,0.0261272727272727,0.0,0.0,0.0,0.0017477272727272,0.0,0.0103886363636363,0.0
2014-09-03 18:00:00,0.2217013574660633,0.0,0.0001402714932126,0.0,0.0,0.0,0.0018348416289592,0.0854253393665158,0.0103597285067873,0.0064638009049773
2014-09-03 19:00:00,0.7715600907029478,0.0,0.0,0.0,0.0,0.0,0.0846825396825396,0.1265124716553288,0.0103628117913832,0.0
2014-09-03 20:00:00,0.4769681818181818,0.0,0.06555,0.0,0.0,0.0,0.0193522727272727,0.0516,0.0102795454545454,0.0099636363636363
2014-09-03 21:00:00,0.3124204545454546,0.0,0.0761818181818181,0.0,0.0,0.0,0.0015295454545454,0.0877568181818181,0.0102727272727272,0.0114477272727272
2014-09-03 22:00:00,0.179405529953917,0.0,0.0482557603686635,0.0,0.0,0.0,0.0017465437788018,0.0,0.0103940092165898,0.0201566820276497
2014-09-03 23:00:00,0.1820762124711316,0.0,0.0,0.0,0.0,0.0,0.001866050808314,0.0685889145496535,0.0104295612009237,0.0201963048498845
2014-09-04 00:00:00,0.1211064814814814,0.0,0.0151597222222222,0.0,0.0,0.0,0.0019143518518518,0.0,0.0104606481481481,0.0114097222222222
2014-09-04 01:00:00,0.4301666666666667,0.0,0.0790555555555555,0.0,0.0,0.0,0.0019004629629629,0.2119814814814815,0.0104675925925925,0.0
2014-09-04 02:00:00,0.188849537037037,0.0,0.0748148148148148,0.0,0.0,0.0,0.0019537037037037,0.0,0.0104930555555555,0.0
2014-09-04 03:00:00,0.0890900692840646,0.0,0.0129561200923787,0.0,0.0,0.0,0.0019099307159353,0.0,0.0105034642032332,0.0
2014-09-04 04:00:00,0.0675148741418764,0.0,0.0,0.0,0.0,0.0,0.0019336384439359,0.0,0.010462242562929,0.0
2014-09-04 05:00:00,0.0673015873015873,0.0,0.0,0.0,0.0,0.0,0.0018185941043083,0.0,0.0104716553287981,0.0
2014-09-04 06:00:00,0.1444172335600907,0.0,0.0500090702947845,0.0,0.0,0.0,0.0016825396825396,0.0,0.0103514739229024,0.0
2014-09-04 07:00:00,0.2351940639269406,0.0,0.0760844748858447,0.0,0.0,0.0,0.0016712328767123,0.0,0.0103904109589041,0.0
2014-09-04 08:00:00,0.2272351598173516,0.0,0.0575502283105022,0.0,0.0,0.0,0.0017442922374429,0.0,0.0103401826484018,0.0
2014-09-04 09:00:00,0.1991700680272108,0.0,0.0,0.0,0.0,0.0,0.0017052154195011,0.0,0.0103424036281179,0.0
2014-09-04 10:00:00,0.6397570281124498,0.0,6.224899598393574e-05,0.3234277108433735,0.0,0.0,0.0015983935742971,0.04579718875502,0.0103012048192771,0.0045602409638554
2014-09-04 11:00:00,0.7870241379310345,0.0,0.0684086206896551,0.1295913793103448,0.0,0.0,0.0016568965517241,0.0,0.0102793103448275,0.0
2014-09-04 12:00:00,0.7115588752196836,0.0,0.0756186291739894,0.0250931458699472,0.0,0.0,0.0016449912126537,0.1011669595782073,0.0103567662565905,0.0061950790861159
2014-09-04 13:00:00,0.6269983108108108,0.0,0.052214527027027,0.002,0.0,0.0,0.0016925675675675,0.0,0.0103783783783783,0.0
2014-09-04 14:00:00,0.6979983164983166,0.0,0.0001262626262626,0.0273956228956228,0.0,0.0,0.0017626262626262,0.0724023569023569,0.0104074074074074,0.0
2014-09-04 15:00:00,0.4646474576271186,0.0,0.0262711864406779,0.0,0.0,0.0,0.0017355932203389,0.0,0.0103254237288135,0.0
2014-09-04 16:00:00,0.3844584775086505,0.0,0.0774134948096886,0.0,0.0,0.0,0.0018200692041522,0.0692491349480968,0.0104186851211072,0.0088771626297577
2014-09-04 17:00:00,0.2781835334476844,0.0,0.0743087478559176,0.0,0.0,0.0,0.0018542024013722,0.0,0.0104271012006861,0.0201612349914236
2014-09-04 18:00:00,0.1705025210084033,0.0,0.0031478991596638,0.0,0.0,0.0,0.0017899159663865,0.0668268907563025,0.0103478991596638,0.0101613445378151
2014-09-04 19:00:00,0.0637811447811447,0.0,0.0,0.0,0.0,0.0,0.0017525252525252,0.0,0.0103585858585858,0.0
2014-09-04 20:00:00,0.0636683501683501,0.0,0.0,0.0,0.0,0.0,0.0017289562289562,0.0,0.0104107744107744,0.0
2014-09-04 21:00:00,0.1540906040268456,0.0,0.0645872483221476,0.0,0.0,0.0,0.0016828859060402,0.0,0.0103456375838926,0.0
2014-09-04 22:00:00,0.3036582491582491,0.0,0.0761835016835016,0.0,0.0,0.0,0.0267895622895622,0.0815252525252525,0.0104629629629629,0.0066784511784511
2014-09-04 23:00:00,0.3709095477386934,0.0,0.0618458961474036,0.0,0.0,0.0,0.0017788944723618,0.1679597989949748,0.0104036850921273,0.0200619765494137
2014-09-05 00:00:00,0.1833188647746244,0.0,0.0,0.0,0.0,0.0,0.001813021702838,0.0674140233722871,0.0104774624373956,0.003575959933222
2014-09-05 01:00:00,0.0760756013745704,0.0,0.0,0.0,0.0,0.0,0.0018247422680412,0.0,0.0104484536082474,0.0
2014-09-05 02:00:00,0.0764280936454849,0.0,0.0,0.0,0.0,0.0,0.0018979933110367,0.0,0.0104732441471571,0.0
2014-09-05 03:00:00,0.14291,0.0,0.0509983333333333,0.0,0.0,0.0,0.001845,0.0,0.010425,0.0
2014-09-05 04:00:00,0.1793844856661045,0.0,0.0764401349072512,0.0,0.0,0.0,0.0017318718381112,0.0,0.0103777403035413,0.0
2014-09-05 05:00:00,0.2017239057239057,0.0,0.073584175084175,0.0,0.0,0.0,0.0016750841750841,0.0,0.0103316498316498,0.0
2014-09-05 06:00:00,0.172044142614601,0.0,0.000176570458404,0.0,0.0,0.0,0.0018421052631578,0.0,0.0104244482173174,0.0
2014-09-05 07:00:00,0.4838386554621848,0.0,0.0,0.0,0.0,0.0,0.0017495798319327,0.0,0.0103126050420168,0.0
2014-09-05 08:00:00,0.7699303904923599,0.0,0.0,0.0,0.0,0.0,0.001578947368421,0.0,0.010320882852292,0.0
2014-09-05 09:00:00,1.1440984974958264,0.0,0.0265742904841402,0.0,0.0,0.0,0.0016260434056761,0.0,0.0102787979966611,0.0
2014-09-05 10:00:00,1.928835616438356,0.0,0.0783664383561643,0.0,0.0,0.0,0.0016267123287671,0.0741626712328767,0.0103424657534246,0.0
2014-09-05 11:00:00,1.3906689419795222,0.0,0.0749027303754266,0.0,0.0,0.0,0.0016109215017064,0.0,0.0103037542662116,0.016839590443686
2014-09-05 12:00:00,0.932089527027027,0.0,0.0666858108108108,0.0,0.0,0.0,0.0017246621621621,0.0806064189189189,0.0103564189189189,0.0201233108108108
2014-09-05 13:00:00,0.9006526138279932,0.0,0.0001686340640809,0.0,0.0,0.0,0.0017537942664418,0.0559258010118043,0.0103642495784148,0.0056408094435075
2014-09-05 14:00:00,0.5404878892733563,0.0,0.0,0.0,0.0,0.0,0.0017024221453287,0.072015570934256,0.0103391003460207,0.0
2014-09-05 15:00:00,0.4530895008605852,0.0,0.0122719449225473,0.0,0.0,0.0,0.0017297762478485,0.0,0.0103717728055077,0.0
2014-09-05 16:00:00,0.3797197986577181,0.0,0.0802852348993288,0.0,0.0,0.0,0.0301560402684563,0.080986577181208,0.0103993288590604,0.001739932885906
2014-09-05 17:00:00,0.2549342327150084,0.0,0.0756846543001686,0.0,0.0,0.0,0.0018364249578414,0.0,0.0103962900505902,0.0118026981450252
2014-09-05 18:00:00,0.2014425675675675,0.0,0.0676131756756756,0.0,0.0,0.0,0.0016081081081081,0.0,0.0103293918918918,0.0
2014-09-05 19:00:00,0.0646593959731543,0.0,0.0,0.0,0.0,0.0,0.0017684563758389,0.0,0.0103389261744966,0.0
2014-09-05 20:00:00,0.0645547945205479,0.0,0.0,0.0,0.0,0.0,0.001792808219178,0.0,0.0104554794520547,0.0
2014-09-05 21:00:00,0.0643344947735191,0.0,0.0,0.0,0.0,0.0,0.0017473867595818,0.0,0.0103292682926829,0.0
2014-09-05 22:00:00,0.3664820512820512,0.0,0.0433777777777777,0.0,0.0,0.0,0.0018495726495726,0.2016752136752136,0.0104290598290598,0.0052410256410256
2014-09-05 23:00:00,0.2167081174438687,0.0,0.0777115716753022,0.0,0.0,0.0,0.0018635578583765,0.0,0.0104283246977547,0.0201278065630397
2014-09-06 00:00:00,0.2181947368421052,0.0,0.0753263157894736,0.0,0.0,0.0,0.0019473684210526,0.0,0.0105877192982456,0.0206280701754386
2014-09-06 01:00:00,0.1598860103626943,0.0,0.0328998272884283,0.0,0.0,0.0,0.0019326424870466,0.0,0.0104853195164076,0.0205492227979274
2014-09-06 02:00:00,0.1127728813559322,0.0,0.0,0.0,0.0,0.0,0.0019186440677966,0.0,0.0105050847457627,0.0203491525423728
2014-09-06 03:00:00,0.2450895008605852,0.0,0.0,0.0,0.0,0.0,0.0019087779690189,0.1467074010327022,0.0105146299483648,0.0174922547332185
2014-09-06 04:00:00,0.1229487632508833,0.0,0.0,0.0,0.0,0.0,0.0019328621908127,0.0486201413427561,0.0105017667844522,0.0
2014-09-06 05:00:00,0.1592829181494661,0.0,0.0614804270462633,0.0,0.0,0.0,0.0017811387900355,0.0,0.0103754448398576,0.0
2014-09-06 06:00:00,0.2089635416666666,0.0,0.0761024305555555,0.0,0.0,0.0,0.0016631944444444,0.0,0.0103836805555555,0.0
2014-09-06 07:00:00,0.2400444444444444,0.0,0.0740222222222222,0.0,0.0,0.0,0.0017897435897435,0.0,0.0103589743589743,0.0
2014-09-06 08:00:00,0.1961070175438596,0.0,0.0138526315789473,0.0,0.0,0.0,0.0015736842105263,0.0,0.0103175438596491,0.0
2014-09-06 09:00:00,0.4030339558573854,0.0,0.0,0.0,0.0,0.0,0.0017079796264855,0.084409168081494,0.0103480475382003,0.0013378607809847
2014-09-06 10:00:00,0.6107968476357267,0.0,6.830122591943958e-05,0.0,0.0,0.0,0.0018826619964973,0.0,0.0104921190893169,0.0202241681260945
2014-09-06 11:00:00,0.5654066317626527,0.0,0.0067696335078534,0.0,0.0,0.0,0.0017661431064572,0.0663839441535776,0.0103979057591623,0.0202774869109947
2014-09-06 12:00:00,0.5403642611683849,0.0,0.0813058419243986,0.0,0.0,0.0,0.0016615120274914,0.0,0.0103333333333333,0.0197731958762886
2014-09-06 13:00:00,0.532191304347826,0.0,0.076511304347826,0.0,0.0,0.0,0.0018243478260869,0.0789686956521739,0.0104452173913043,0.0200799999999999
2014-09-06 14:00:00,0.736701030927835,0.0,0.074041237113402,0.0,0.0,0.0,0.0018728522336769,0.0506786941580756,0.0104003436426116,0.0106494845360824
2014-09-06 15:00:00,0.5551293706293706,0.0,0.0065926573426573,0.0,0.0,0.0214912587412587,0.0017272727272727,0.0,0.0103653846153846,0.0
2014-09-06 16:00:00,0.1644957264957265,0.0,0.0,0.0,0.0,0.0434376068376068,0.0015025641025641,0.0,0.0103042735042735,0.0
2014-09-06 17:00:00,0.1373333333333333,0.0,0.0,0.0,0.0,0.0072482638888888,0.0015677083333333,0.0,0.0102135416666666,0.0
2014-09-06 18:00:00,0.1863032367972742,0.0,0.0557206132879046,0.0,0.0,0.0070647359454855,0.001572402044293,0.0,0.0103066439522998,0.0
2014-09-06 19:00:00,0.1786436781609195,0.0,0.0764160919540229,0.0,0.0,0.0071287356321839,0.0017954022988505,0.0,0.0103264367816091,0.0
2014-09-06 20:00:00,0.2052397003745318,0.0,0.073625468164794,0.0,0.0,0.0132621722846441,0.0018202247191011,0.0,0.010378277153558,0.0
2014-09-06 21:00:00,0.2176913183279742,0.0,0.023048231511254,0.0,0.0,0.033144694533762,0.0018810289389067,0.0681028938906752,0.0104469453376205,0.0
2014-09-06 22:00:00,0.1933132075471698,0.0,0.0162490566037735,0.0,0.0,0.0321509433962264,0.0018603773584905,0.047577358490566,0.0104490566037735,0.0
2014-09-06 23:00:00,0.116,0.0,0.0,0.0,0.0,0.031,0.002,0.0,0.01,0.0
2014-09-07 00:00:00,0.116,0.0,0.0,0.0,0.0,0.031,0.002,0.0,0.01,0.0
2014-09-07 01:00:00,0.116,0.0,0.0,0.0,0.0,0.031,0.002,0.0,0.01,0.0
2014-09-07 02:00:00,0.116,0.0,0.0,0.0,0.0,0.031,0.002,0.0,0.01,0.0
2014-09-07 03:00:00,0.116,0.0,0.0,0.0,0.0,0.031,0.002,0.0,0.01,0.0
2014-09-07 04:00:00,0.116,0.0,0.0,0.0,0.0,0.031,0.002,0.0,0.01,0.0
2014-09-07 05:00:00,0.116,0.0,0.0,0.0,0.0,0.031,0.002,0.0,0.01,0.0
2014-09-07 06:00:00,0.116,0.0,0.0,0.0,0.0,0.031,0.002,0.0,0.01,0.0
2014-09-07 07:00:00,0.116,0.0,0.0,0.0,0.0,0.031,0.002,0.0,0.01,0.0
2014-09-07 08:00:00,0.116,0.0,0.0,0.0,0.0,0.031,0.002,0.0,0.01,0.0
2014-09-07 09:00:00,0.116,0.0,0.0,0.0,0.0,0.031,0.002,0.0,0.01,0.0
2014-09-07 10:00:00,0.116,0.0,0.0,0.0,0.0,0.031,0.002,0.0,0.01,0.0
2014-09-07 11:00:00,0.116,0.0,0.0,0.0,0.0,0.031,0.002,0.0,0.01,0.0
2014-09-07 12:00:00,1.7195287958115184,0.0,0.066392670157068,0.0,0.0,0.0037329842931937,0.0019267015706806,0.0,0.0104293193717277,0.0
2014-09-07 13:00:00,1.6175869565217391,0.0,0.0,0.0,0.0,0.0,0.0018260869565217,0.0,0.0104782608695652,0.0
2014-09-07 14:00:00,,,,,,,,,,
2014-09-07 15:00:00,,,,,,,,,,
2014-09-07 16:00:00,,,,,,,,,,
2014-09-07 17:00:00,0.2550878378378378,0.0,0.0741148648648648,0.0,0.0,0.0,0.0014662162162162,0.0,0.0102094594594594,0.0193918918918918
2014-09-07 18:00:00,0.2637936842105263,0.0,0.04752,0.0,0.0,0.0,0.0015115789473684,0.0726526315789473,0.0103178947368421,0.0129136842105263
2014-09-07 19:00:00,0.2378021978021978,0.0,0.0005238095238095,0.0,0.0,0.0,0.0017967032967032,0.0756575091575091,0.0103351648351648,0.0
2014-09-07 20:00:00,0.1093321858864027,0.0,0.0004629948364888,0.0,0.0,0.0,0.0018261617900172,0.0001101549053356,0.0103872633390705,0.0
2014-09-07 21:00:00,0.6039881355932204,0.0,0.0809,0.0,0.0,0.0,0.0017813559322033,0.1025847457627118,0.0104084745762711,0.0067627118644067
2014-09-07 22:00:00,0.2664181184668989,0.0,0.0704895470383275,0.0,0.0,0.0,0.0019128919860627,0.0546620209059233,0.0104303135888501,0.0184703832752613
2014-09-07 23:00:00,0.3353640350877193,0.0,0.001578947368421,0.0,0.0,0.0,0.0018771929824561,0.1796864035087719,0.0104122807017543,0.0
2014-09-08 00:00:00,0.1979815668202765,0.0,0.0724746543778801,0.0,0.0,0.0,0.0019216589861751,0.0389308755760368,0.0105483870967741,0.0
2014-09-08 01:00:00,0.1721518987341772,0.0,0.0674177215189873,0.0,0.0,0.0,0.0019493670886075,0.0,0.0105274261603375,0.0
2014-09-08 02:00:00,0.0686,0.0,0.0,0.0,0.0,0.0,0.0019233333333333,0.0,0.0105033333333333,0.0
2014-09-08 03:00:00,0.0692090680100755,0.0,0.0,0.0,0.0,0.0,0.0019596977329974,0.0,0.0105188916876574,0.0
2014-09-08 04:00:00,0.1026426056338028,0.0,0.0255598591549295,0.0,0.0,0.0,0.0019207746478873,0.0,0.0105070422535211,0.0
2014-09-08 05:00:00,0.2125278745644599,0.0,0.076759581881533,0.0,0.0,0.0,0.0017909407665505,0.0,0.0104216027874564,0.0
2014-09-08 06:00:00,0.8536393162393162,0.0,0.0335435897435897,0.0,0.0,0.0,0.0018615384615384,0.0,0.0104786324786324,0.0
2014-09-08 07:00:00,1.4220065359477123,0.0,9.80392156862745e-05,0.0,0.0,0.0,0.0017799564270152,0.0950544662309368,0.0103398692810457,0.0021808278867102
2014-09-08 08:00:00,1.7930329861111112,0.0,0.0,0.0,0.0,0.0130503472222222,0.0017326388888888,0.0499045138888888,0.0103263888888888,0.006765625
2014-09-08 09:00:00,1.903373263888889,0.0,0.0325763888888888,0.0,0.0,0.0,0.0017916666666666,0.0,0.0103177083333333,0.0
2014-09-08 10:00:00,2.215205607476636,0.0,0.0765023364485981,0.0,0.0,0.0,0.0018528037383177,0.0,0.0104065420560747,0.0
2014-09-08 11:00:00,1.9552423146473776,0.0,0.0744502712477396,0.0,0.0,0.0,0.0018318264014466,0.0,0.0103562386980108,0.0
2014-09-08 12:00:00,1.6733547237076647,0.0,0.0197967914438502,0.0,0.0,0.0,0.0018431372549019,0.0,0.0104188948306595,0.0
2014-09-08 13:00:00,1.3772410256410257,0.0,0.0,0.0,0.0,0.0,0.0017897435897435,0.0,0.0103521367521367,0.0
2014-09-08 14:00:00,0.8492363315696649,0.0,0.0,0.0,0.0,0.0,0.0017742504409171,0.0,0.010352733686067,0.0
2014-09-08 15:00:00,0.5220775862068965,0.0,0.0129206896551724,0.0,0.0,0.0,0.0017896551724137,0.0819482758620689,0.0103103448275862,0.0019293103448275
2014-09-08 16:00:00,0.2879312267657992,0.0,0.080721189591078,0.0,0.0,0.0,0.0018048327137546,0.0,0.0104052044609665,0.0194386617100371
2014-09-08 17:00:00,0.3450611205432937,0.0,0.0763123938879456,0.0,0.0,0.0,0.0538183361629881,0.0459983022071307,0.0103259762308998,0.0147962648556876
2014-09-08 18:00:00,0.2005068493150685,0.0,0.0738698630136986,0.0,0.0,0.0,0.0014503424657534,0.0,0.0102585616438356,0.0
2014-09-08 19:00:00,0.1055327586206896,0.0,0.02045,0.0,0.0,0.0,0.0017310344827586,0.0,0.0103224137931034,0.0
2014-09-08 20:00:00,0.2386363636363636,0.0,0.0,0.0,0.0,0.0,0.0472864493996569,0.0718113207547169,0.0103379073756432,0.0088164665523156
2014-09-08 21:00:00,0.1985694915254237,0.0,0.0153406779661016,0.0,0.0,0.0,0.0019474576271186,0.0811169491525423,0.0103355932203389,0.0012474576271186
2014-09-08 22:00:00,0.2222623509369676,0.0,0.0792197614991482,0.0,0.0,0.0,0.0019880749574105,0.0,0.0104906303236797,0.019495741056218
2014-09-08 23:00:00,0.1940306122448979,0.0,0.06078231292517,0.0,0.0,0.0,0.0019761904761904,0.0,0.0104472789115646,0.0143078231292517
2014-09-09 00:00:00,0.3915059021922428,0.0,0.0001517706576728,0.0,0.0,0.0,0.0019966273187183,0.2573827993254637,0.0104991568296795,0.0
2014-09-09 01:00:00,0.0721205432937181,0.0,0.0,0.0,0.0,0.0,0.0019932088285229,0.0,0.0105059422750424,0.0
2014-09-09 02:00:00,0.0754461805555555,0.0,0.0054722222222222,0.0,0.0,0.0,0.0019895833333333,0.0,0.0105295138888888,0.0
2014-09-09 03:00:00,0.1841421319796954,0.0,0.0807783417935702,0.0,0.0,0.0,0.0019864636209813,0.0,0.0104636209813874,0.0
2014-09-09 04:00:00,0.1786487889273356,0.0,0.0746055363321799,0.0,0.0,0.0,0.0019792387543252,0.0,0.0104083044982698,0.0
2014-09-09 05:00:00,0.1048894557823129,0.0,0.010047619047619,0.0,0.0,0.0,0.0019744897959183,0.0,0.0104251700680272,0.0
2014-09-09 06:00:00,0.3849725085910652,0.0,0.0,0.0,0.0,0.0,0.0019587628865979,0.0,0.0104587628865979,0.0
2014-09-09 07:00:00,1.1425996533795495,0.0,0.0,0.0,0.0,0.0,0.0019584055459272,0.0,0.0104471403812824,0.0
2014-09-09 08:00:00,1.7588270547945206,0.0,0.0013116438356164,0.0,0.0,0.0,0.0019828767123287,0.0,0.0103955479452054,0.0
2014-09-09 09:00:00,1.7071160409556314,0.0,0.0817696245733788,0.5703720136518772,0.0,0.0,0.0019505119453924,0.0817440273037542,0.010358361774744,0.0
2014-09-09 10:00:00,2.0936161790017214,0.0,0.0758571428571428,0.1024061962134251,0.0,0.0,0.0019741824440619,0.0470688468158347,0.0103734939759036,0.0001376936316695
2014-09-09 11:00:00,1.902747440273037,0.0,0.0739863481228669,0.0519658703071672,0.0,0.0,0.0019658703071672,0.0319880546075085,0.0103668941979522,0.0
2014-09-09 12:00:00,1.5786901893287435,0.0,0.0556196213425129,0.0049879518072289,0.0,0.0,0.0019432013769363,0.0823304647160068,0.0103425129087779,0.0139483648881239
2014-09-09 13:00:00,1.1890119250425897,0.0,0.0,0.0,0.0,0.0,0.0019318568994889,0.063320272572402,0.0102930153321976,0.0179284497444633
2014-09-09 14:00:00,0.7656108202443281,0.0,0.0,0.0,0.0,0.0,0.0019476439790575,0.0,0.0103403141361256,0.01921815008726
2014-09-09 15:00:00,0.6159325259515571,0.0,0.0158079584775086,0.0,0.0,0.0,0.0019273356401384,0.0642439446366782,0.010333910034602,0.0016989619377162
2014-09-09 16:00:00,0.3702793867120954,0.0,0.0797376490630323,0.0,0.0,0.0,0.0019352640545144,0.0,0.0103611584327086,0.0
2014-09-09 17:00:00,0.2420051282051282,0.0,0.0751658119658119,0.0,0.0,0.0,0.0019675213675213,0.0,0.0103777777777777,0.0
2014-09-09 18:00:00,0.9455946398659968,0.0,0.0746633165829145,0.0,0.0,0.0,0.0019396984924623,0.0859932998324958,0.0103618090452261,0.0
2014-09-09 19:00:00,0.3559449225473322,0.0,0.0146746987951807,0.0,0.0,0.0,0.0019259896729776,0.0716592082616179,0.0102925989672977,0.006657487091222
2014-09-09 20:00:00,0.1238444816053511,0.0,0.0,0.0,0.0,0.0,0.0019581939799331,0.0,0.0103979933110367,0.0194147157190635
2014-09-09 21:00:00,0.2580252525252525,0.0,0.0462777777777777,0.0,0.0,0.0,0.0019646464646464,0.0744562289562289,0.0104006734006734,0.0194764309764309
2014-09-09 22:00:00,0.1942118644067796,0.0,0.075664406779661,0.0,0.0,0.0,0.0019661016949152,0.0,0.010393220338983,0.0010966101694915
2014-09-09 23:00:00,0.3273513513513513,0.0,0.0368243243243243,0.0,0.0,0.0249763513513513,0.0019611486486486,0.1654949324324324,0.0104155405405405,0.0
2014-09-10 00:00:00,0.1198626465661641,0.0,0.0,0.0,0.0,0.0334723618090452,0.0019899497487437,0.0,0.0104438860971524,0.0
2014-09-10 01:00:00,0.2513042016806722,0.0,0.0001058823529411,0.0,0.0,0.0101613445378151,0.0019949579831932,0.1495999999999999,0.010435294117647,0.0
2014-09-10 02:00:00,0.1044054054054054,0.0,0.0206638513513513,0.0,0.0,0.0,0.0019966216216216,0.0,0.0104729729729729,0.0
2014-09-10 03:00:00,0.1818946488294314,0.0,0.0787357859531772,0.0,0.0,0.0,0.0019899665551839,0.0,0.0104983277591973,0.0
2014-09-10 04:00:00,0.1656279461279461,0.0,0.0676784511784511,0.0,0.0,0.0,0.0019713804713804,0.0,0.0104663299663299,0.0
2014-09-10 05:00:00,0.0863057432432432,0.0,0.0,0.0,0.0,0.0,0.0019746621621621,0.0,0.0104070945945945,0.0
2014-09-10 06:00:00,0.3258255033557047,0.0,0.0,0.0,0.0,0.0,0.0019530201342281,0.0,0.0104429530201342,0.0
2014-09-10 07:00:00,0.9702448979591836,0.0,0.0,0.0,0.0,0.0,0.0019659863945578,0.0,0.0104268707482993,0.0
2014-09-10 08:00:00,1.2967683134582624,0.0,0.040778534923339,0.0,0.0,0.0,0.0019437819420783,0.1092163543441226,0.0104071550255536,0.0
2014-09-10 09:00:00,1.7482023411371237,0.0,0.0775418060200668,0.0,0.0,0.0,0.0019715719063545,0.0,0.0104498327759197,0.0
2014-09-10 10:00:00,1.8914531516183983,0.0,0.0747342419080068,0.0,0.0,0.0,0.0019778534923339,0.0,0.0103764906303236,0.0
2014-09-10 11:00:00,1.7335292096219932,0.0,0.0388591065292096,0.0,0.0,0.0,0.0019759450171821,0.0,0.0103900343642611,0.0
2014-09-10 12:00:00,1.5249387755102042,0.0,0.0,0.0,0.0,0.0,0.0019795918367346,0.0,0.0104166666666666,0.0
2014-09-10 13:00:00,0.7320224137931034,0.0,0.0,0.0,0.0,0.0,0.0019689655172413,0.0,0.0103637931034482,0.0
2014-09-10 14:00:00,0.8214350086655113,0.0,0.0,0.0,0.0,0.0,0.0019636048526863,0.0,0.0104124783362218,0.0
2014-09-10 15:00:00,0.5022810344827586,0.0,0.0825948275862068,0.0,0.0,0.0,0.0019706896551724,0.0,0.010403448275862,0.0
2014-09-10 16:00:00,0.2651766723842195,0.0,0.0758679245283018,0.0,0.0,0.0,0.0019313893653516,0.0,0.0103739279588336,0.0
2014-09-10 17:00:00,0.2795273037542662,0.0,0.0736399317406143,0.0,0.0,0.0,0.0018805460750853,0.0628191126279863,0.0102918088737201,0.0
2014-09-10 18:00:00,0.1591019332161687,0.0,0.0216168717047451,0.0,0.0,0.0,0.0018752196836555,0.0364463971880492,0.0103022847100175,0.00301230228471
2014-09-10 19:00:00,0.062631217838765,0.0,0.0,0.0,0.0,0.0,0.0018490566037735,0.0,0.0102795883361921,0.0
2014-09-10 20:00:00,0.201392539964476,0.0,1.7761989342806396e-06,0.0,0.0,0.0,0.0019538188277087,0.0698952042628774,0.0103836589698046,0.0
2014-09-10 21:00:00,0.1908717047451669,0.0,0.0084042179261862,0.0,0.0,0.0,0.0019525483304042,0.0073216168717047,0.0103813708260105,0.0126256590509666
2014-09-10 22:00:00,0.3048646362098138,0.0,0.080741116751269,0.0,0.0,0.025989847715736,0.0019390862944162,0.0558460236886632,0.0103925549915397,0.019394247038917
2014-09-10 23:00:00,0.4018970331588132,0.0,0.0752931937172775,0.0,0.0,0.0153909249563699,0.0023891797556719,0.1498726003490401,0.0104188481675392,0.0158097731239092
2014-09-11 00:00:00,0.196778156996587,0.0,0.0339129692832764,0.0,0.0,0.0,0.0019778156996587,0.0502576791808873,0.0104539249146757,0.0
2014-09-11 01:00:00,0.0712303754266211,0.0,0.0,0.0,0.0,0.0,0.0019846416382252,0.0,0.0104641638225255,0.0
2014-09-11 02:00:00,0.0682208904109589,0.0,0.0,0.0,0.0,0.0,0.0019982876712328,0.0,0.0105102739726027,0.0
2014-09-11 03:00:00,0.0681484641638225,0.0,0.0,0.0,0.0,0.0,0.0019914675767918,0.0,0.0104914675767918,0.0
2014-09-11 04:00:00,0.1543930434782608,0.0,0.0620034782608695,0.0,0.0,0.0,0.0019791304347826,0.0,0.0104121739130434,0.0
2014-09-11 05:00:00,0.1999490662139219,0.0,0.0762003395585738,0.0,0.0,0.0,0.0019677419354838,0.0,0.0103853989813242,0.0
2014-09-11 06:00:00,0.2467638888888889,0.0,0.0415677083333333,0.0,0.0,0.0,0.0019097222222222,0.0,0.0103663194444444,0.0
2014-09-11 07:00:00,1.19765,0.0,0.0,0.0,0.0,0.0,0.0019655172413793,0.0,0.0103568965517241,0.0
2014-09-11 08:00:00,1.4895356521739131,0.0,0.0,0.0,0.0,0.0,0.0019443478260869,0.0,0.0103878260869565,0.0
2014-09-11 09:00:00,1.1192403508771929,0.0,0.0001280701754385,0.0,0.0,0.0,0.0018666666666666,0.0761280701754386,0.0103421052631578,0.0070017543859649
2014-09-11 10:00:00,1.1859620689655173,0.0,0.0795137931034482,0.0,0.0171620689655172,0.0,0.0016379310344827,0.0820827586206896,0.0102844827586206,0.0193362068965517
2014-09-11 11:00:00,1.7365383304940374,0.0,0.0748943781942078,0.0,1.640328790459966,0.0,0.001350936967632,0.0,0.0102385008517887,0.0197580919931856
2014-09-11 12:00:00,0.9893470085470084,0.0,0.0739572649572649,0.0,0.0178358974358974,0.0,0.0016119658119658,0.0596666666666666,0.0103487179487179,0.0201470085470085
2014-09-11 13:00:00,1.0227332185886402,0.0,0.0015043029259896,0.0,0.0,0.0,0.00168330464716,0.0,0.0102822719449225,0.0196333907056798
2014-09-11 14:00:00,0.7963696763202726,0.0,0.0,0.0,0.0,0.0,0.0016337308347529,0.0,0.0103236797274275,0.0023713798977853
2014-09-11 15:00:00,0.4688458961474037,0.0,0.0,0.0,0.0,0.0175594639865996,0.0015259631490787,0.0,0.0103115577889447,0.0
2014-09-11 16:00:00,0.2249582637729549,0.0,0.04669449081803,0.0,0.0,0.0333355592654424,0.0018146911519198,0.0,0.0104173622704507,7.679465776293823e-05
2014-09-11 17:00:00,0.3216393989983305,0.0,0.0777145242070116,0.0,0.0,0.0143372287145242,0.0018080133555926,0.0455475792988313,0.0103772954924874,0.0
2014-09-11 18:00:00,0.9750901502504172,0.0,0.0292554257095158,0.0,0.0,0.0,0.001719532554257,0.1399465776293822,0.0103706176961602,0.0
2014-09-11 19:00:00,0.2224724540901502,0.0,0.0,0.0,0.0,0.0,0.0481836393989983,0.0,0.0103005008347245,0.0147646076794657
2014-09-11 20:00:00,0.1232504230118443,0.0,0.0245516074450084,0.0,0.0,0.0,0.0017225042301184,0.0,0.0103587140439932,0.0031116751269035
2014-09-11 21:00:00,0.2305108514190317,0.0,0.0377011686143572,0.0,0.0717996661101836,0.0,0.0017979966611018,0.0690934891485809,0.0102170283806343,0.0204540901502504
2014-09-11 22:00:00,0.1106527545909849,0.0,0.0,0.0,0.0,0.0,0.0016978297161936,0.0,0.0102570951585976,0.0204724540901502
2014-09-11 23:00:00,0.38186,0.0,0.0587916666666666,0.0,0.0,0.0,0.0018183333333333,0.2203433333333333,0.0103866666666666,0.0144566666666666
2014-09-12 00:00:00,0.12771,0.0,8.5e-05,0.0,0.0,0.0,0.0018666666666666,0.0385,0.01045,0.0
2014-09-12 01:00:00,0.1553416666666666,0.0,0.0556899999999999,0.0,0.0,0.0,0.00187,0.0,0.01046,0.0
2014-09-12 02:00:00,0.071304054054054,0.0,0.0,0.0,0.0,0.0,0.0019070945945945,0.0,0.0104847972972972,0.0
2014-09-12 03:00:00,0.1389379194630872,0.0,0.0510788590604026,0.0,0.0,0.0,0.0018808724832214,0.0,0.010488255033557,0.0
2014-09-12 04:00:00,0.0681872852233677,0.0,0.0018024054982817,0.0,0.0,0.0,0.0018109965635738,0.0,0.0104072164948453,0.0
2014-09-12 05:00:00,0.109028813559322,0.0,0.0311254237288135,0.0,0.0,0.0,0.0018322033898305,0.0,0.0104508474576271,0.0
2014-09-12 06:00:00,0.154339590443686,0.0,0.022155290102389,0.0,0.0,0.0,0.0017235494880546,0.0,0.010377133105802,0.0
2014-09-12 07:00:00,0.2243461538461538,0.0,0.0118494983277591,0.0,0.0,0.0,0.0016354515050167,0.0658829431438127,0.010329431438127,0.0
2014-09-12 08:00:00,0.7784626865671641,0.0,0.0428768656716417,0.4756511194029851,0.0,0.0,0.0014925373134328,0.0342798507462686,0.0102910447761194,0.0024123134328358
2014-09-12 09:00:00,0.8108739495798319,0.0,0.0,0.1223294117647058,0.0,0.0,0.0014571428571428,0.0,0.0102789915966386,0.0
2014-09-12 10:00:00,1.3839966101694916,0.0,0.0590711864406779,0.0392389830508474,0.0,0.0,0.0018525423728813,0.0,0.0104372881355932,0.0
2014-09-12 11:00:00,0.9398436974789915,0.0,0.0,0.002,0.0,0.0,0.001853781512605,0.0,0.0103781512605042,0.0
2014-09-12 12:00:00,0.7793969849246231,0.0,0.0411490787269681,0.002,0.0,0.0,0.0017721943048576,0.0,0.0104087102177554,0.0
2014-09-12 13:00:00,0.6218401360544218,0.0,0.0222465986394557,0.002,0.0,0.0,0.0018146258503401,0.0,0.0103962585034013,0.0
2014-09-12 14:00:00,0.5715577889447236,0.0,0.0110217755443886,0.002,0.0,0.0,0.0018291457286432,0.0,0.0104053601340033,0.0
2014-09-12 15:00:00,0.4678110367892976,0.0,0.0501421404682274,0.002,0.0,0.0,0.0018595317725752,0.0,0.010438127090301,0.0
2014-09-12 16:00:00,0.268071906354515,0.0,0.0,0.002,0.0,0.0,0.0019030100334448,0.0878963210702341,0.0104882943143812,0.0
2014-09-12 17:00:00,0.3291131756756756,0.0,0.0667601351351351,0.031331081081081,0.0,0.0,0.0015996621621621,0.0450472972972973,0.0103260135135135,0.0132347972972972
2014-09-12 18:00:00,0.0888894472361809,0.0,0.0,0.0005309882747068,0.0,0.0,0.0015477386934673,0.0,0.010321608040201,0.0051038525963149
2014-09-12 19:00:00,0.1460449999999999,0.0,0.0557316666666666,0.0,0.0,0.0,0.0017966666666666,0.0,0.0103116666666666,0.0
2014-09-12 20:00:00,0.0655791245791245,0.0,0.0005286195286195,0.0,0.0,0.0,0.0018047138047138,0.0,0.0104141414141414,0.0
2014-09-12 21:00:00,0.2993575042158515,0.0,0.0530151770657672,0.0,0.0,0.0,0.0018195615514333,0.0983170320404721,0.0103406408094435,0.0172377740303541
2014-09-12 22:00:00,0.1182383333333333,0.0,0.0051433333333333,0.0,0.0,0.0,0.00189,0.0,0.0104533333333333,0.0197833333333333
2014-09-12 23:00:00,0.1596689075630252,0.0,0.0374840336134453,0.0,0.0,0.0,0.001944537815126,0.0,0.0105159663865546,0.0190672268907563
2014-09-13 00:00:00,0.3296121416526138,0.0,0.0169224283305227,0.0,0.0,0.0,0.0019342327150084,0.2193895446880269,0.0105379426644182,0.0
2014-09-13 01:00:00,0.1167118927973199,0.0,0.031681742043551,0.0,0.0,0.0,0.0019396984924623,0.0,0.0105242881072026,0.0
2014-09-13 02:00:00,0.115050083472454,0.0,0.0242904841402337,0.0,0.0,0.0,0.0019198664440734,0.0,0.0104674457429048,0.0
2014-09-13 03:00:00,0.0951344537815126,0.0,0.0137058823529411,0.0,0.0,0.0,0.0019294117647058,0.0,0.0104941176470588,0.0
2014-09-13 04:00:00,0.1337042016806722,0.0,0.042272268907563,0.0,0.0,0.0,0.0018924369747899,0.0,0.0104487394957983,0.0
2014-09-13 05:00:00,0.0893956594323873,0.0,0.0,0.0,0.0,0.0,0.0018330550918196,0.0,0.0104073455759599,0.0
2014-09-13 06:00:00,0.2190603015075377,0.0,0.0552060301507537,0.0,0.0,0.0,0.0017319932998324,0.0,0.0104053601340033,0.0
2014-09-13 07:00:00,0.3367616666666667,0.0,0.0,0.0,0.0,0.0,0.0017833333333333,0.0,0.010395,0.0
2014-09-13 08:00:00,0.9598383333333332,0.0,0.04935,0.0,0.0,0.0,0.0017083333333333,0.0,0.01033,0.0
2014-09-13 09:00:00,1.496140703517588,0.0,0.0069463986599664,0.0,0.0,0.0,0.001896147403685,0.0,0.0104455611390284,2.010050251256281e-05
2014-09-13 10:00:00,1.5699915254237289,0.0,0.0587728813559322,0.0,0.0,0.0,0.0017694915254237,0.0491915254237288,0.0103593220338983,0.0078898305084745
2014-09-13 11:00:00,1.6674198988195614,0.0,5.059021922428331e-05,0.0,0.0,0.0,0.0017908937605396,0.1040134907251264,0.0103490725126475,0.019858347386172
2014-09-13 12:00:00,1.1512616666666668,0.0,0.0511033333333333,0.0,0.0,0.0,0.0018433333333333,0.0531333333333333,0.0104416666666666,0.0196716666666666
2014-09-13 13:00:00,0.84288127090301,0.0,0.0161688963210702,0.0,0.0,0.0,0.0018478260869565,0.0,0.0104013377926421,0.0197976588628762
2014-09-13 14:00:00,0.8234173622704508,0.0,0.0366260434056761,0.2966677796327212,0.0,0.0131018363939899,0.001787979966611,0.0523272120200333,0.0103889816360601,0.0101368948247078
2014-09-13 15:00:00,0.4121702838063439,0.0,0.0354674457429048,0.0788464106844741,0.0,0.0157078464106844,0.0016343906510851,0.0525826377295492,0.0103322203672787,0.0
2014-09-13 16:00:00,0.2034757118927973,0.0,0.0197403685092127,0.0019128978224455,0.0,0.0241943048576214,0.0016700167504187,0.0,0.0103417085427135,0.0
2014-09-13 17:00:00,0.2031868686868686,0.0,0.0456902356902356,0.0019949494949494,0.0,0.0126363636363636,0.0018720538720538,0.0,0.0104191919191919,0.0
2014-09-13 18:00:00,0.4827391304347826,1.3377926421404682e-05,0.0437140468227424,0.0317926421404682,0.0,0.0125367892976588,0.0017926421404682,0.0669247491638796,0.0104080267558528,0.0
2014-09-13 19:00:00,0.2719080267558528,0.0,0.0121304347826086,0.0,0.0,0.0125702341137123,0.0018528428093645,0.0,0.0104013377926421,0.0
2014-09-13 20:00:00,0.3167889447236181,0.0,0.056428810720268,0.0,0.0,0.0125661641541038,0.039179229480737,0.066644891122278,0.0103634840871021,0.0104556113902847
2014-09-13 21:00:00,0.1306087689713322,0.0,0.0,0.0,0.0,0.0125952782462057,0.0018482293423271,0.0,0.010441821247892,0.019858347386172
2014-09-13 22:00:00,0.2440117056856187,0.0,0.0588645484949832,0.0,0.0,0.0336438127090301,0.0018494983277591,0.0733745819397993,0.0104264214046822,0.0009698996655518
2014-09-13 23:00:00,0.1212020202020202,0.0,0.0,0.0,0.0,0.040080808080808,0.0019764309764309,0.0,0.0104848484848484,0.0
2014-09-14 00:00:00,0.1796895973154362,0.0,0.0537902684563758,0.0,0.0,0.0408976510067114,0.0018909395973154,0.0,0.0104664429530201,0.0
2014-09-14 01:00:00,0.2888825503355704,0.0,8.389261744966444e-05,0.0,0.0,0.0125671140939597,0.0019479865771812,0.1823573825503355,0.0105704697986577,0.0
2014-09-14 02:00:00,0.2180269814502529,0.0,0.0551804384485666,0.0,0.0,0.0120927487352445,0.0019747048903878,0.0394603709949409,0.0105851602023608,0.0
2014-09-14 03:00:00,0.096855,0.0,0.0020533333333333,0.0,0.0,0.0120916666666666,0.001945,0.0,0.010615,0.0
2014-09-14 04:00:00,0.1342341137123746,0.0,0.0389665551839464,0.0,0.0,0.0121270903010033,0.0019682274247491,0.0,0.0105451505016722,0.0
2014-09-14 05:00:00,0.1090486577181208,0.0,0.016994966442953,0.0,0.0,0.0121040268456375,0.0019379194630872,0.0,0.010489932885906,0.0
2014-09-14 06:00:00,0.170966499162479,0.0,0.0183735343383584,0.0,0.0,0.0121038525963149,0.0019262981574539,0.0,0.0104706867671691,0.0
2014-09-14 07:00:00,0.6284586846543002,0.0,0.0368364249578414,0.0,0.0,0.0120370994940978,0.001787521079258,0.0803811129848229,0.0103878583473861,0.0001602023608768
2014-09-14 08:00:00,1.3557783333333335,0.0,0.0117216666666666,0.0,0.0,0.012035,0.0017866666666666,0.0283516666666666,0.0104149999999999,0.0041083333333333
2014-09-14 09:00:00,1.652696160267112,0.0,0.0464524207011686,0.0,0.0,0.0196176961602671,0.0017779632721202,0.0,0.0104273789649415,0.0
2014-09-14 10:00:00,0.888527731092437,0.0,0.0,0.0,0.0,0.0079546218487394,0.001763025210084,0.0,0.0103798319327731,0.0
2014-09-14 11:00:00,0.8856153846153847,0.0,0.0,0.0,0.0,0.0079434389140271,0.0017533936651583,0.0,0.0103597285067873,0.0
2014-09-14 12:00:00,0.6336984126984126,0.0,0.0,0.0,0.0,0.0079909297052154,0.0019886621315192,0.0,0.0109727891156462,0.0
2014-09-14 13:00:00,0.627,0.0,0.0,0.0,0.0,0.008,0.002,0.0,0.011,0.0
2014-09-14 14:00:00,0.627,0.0,0.0,0.0,0.0,0.008,0.002,0.0,0.011,0.0
2014-09-14 15:00:00,0.627,0.0,0.0,0.0,0.0,0.008,0.002,0.0,0.011,0.0
2014-09-14 16:00:00,0.627,0.0,0.0,0.0,0.0,0.008,0.002,0.0,0.011,0.0
2014-09-14 17:00:00,0.627,0.0,0.0,0.0,0.0,0.008,0.002,0.0,0.011,0.0
2014-09-14 18:00:00,0.627,0.0,0.0,0.0,0.0,0.008,0.002,0.0,0.011,0.0
2014-09-14 19:00:00,0.627,0.0,0.0,0.0,0.0,0.008,0.002,0.0,0.011,0.0
2014-09-14 20:00:00,0.627,0.0,0.0,0.0,0.0,0.008,0.002,0.0,0.011,0.0
2014-09-14 21:00:00,0.627,0.0,0.0,0.0,0.0,0.008,0.002,0.0,0.011,0.0
2014-09-14 22:00:00,0.627,0.0,0.0,0.0,0.0,0.008,0.002,0.0,0.011,0.0
2014-09-14 23:00:00,0.627,0.0,0.0,0.0,0.0,0.008,0.002,0.0,0.011,0.0
2014-09-15 00:00:00,0.627,0.0,0.0,0.0,0.0,0.008,0.002,0.0,0.011,0.0
2014-09-15 01:00:00,0.627,0.0,0.0,0.0,0.0,0.008,0.002,0.0,0.011,0.0
2014-09-15 02:00:00,0.627,0.0,0.0,0.0,0.0,0.008,0.002,0.0,0.011,0.0
2014-09-15 03:00:00,0.627,0.0,0.0,0.0,0.0,0.008,0.002,0.0,0.011,0.0
2014-09-15 04:00:00,0.627,0.0,0.0,0.0,0.0,0.008,0.002,0.0,0.011,0.0
2014-09-15 05:00:00,0.627,0.0,0.0,0.0,0.0,0.008,0.002,0.0,0.011,0.0
2014-09-15 06:00:00,0.627,0.0,0.0,0.0,0.0,0.008,0.002,0.0,0.011,0.0
2014-09-15 07:00:00,0.627,0.0,0.0,0.0,0.0,0.008,0.002,0.0,0.011,0.0
2014-09-15 08:00:00,0.627,0.0,0.0,0.0,0.0,0.008,0.002,0.0,0.011,0.0
2014-09-15 09:00:00,0.627,0.0,0.0,0.0,0.0,0.008,0.002,0.0,0.011,0.0
2014-09-15 10:00:00,0.627,0.0,0.0,0.0,0.0,0.008,0.002,0.0,0.011,0.0
2014-09-15 11:00:00,0.627,0.0,0.0,0.0,0.0,0.008,0.002,0.0,0.011,0.0
2014-09-15 12:00:00,0.627,0.0,0.0,0.0,0.0,0.008,0.002,0.0,0.011,0.0
2014-09-15 13:00:00,,,,,,,,,,
2014-09-15 14:00:00,,,,,,,,,,
2014-09-15 15:00:00,,,,,,,,,,
2014-09-15 16:00:00,,,,,,,,,,
2014-09-15 17:00:00,,,,,,,,,,
2014-09-15 18:00:00,,,,,,,,,,
2014-09-15 19:00:00,,,,,,,,,,
2014-09-15 20:00:00,,,,,,,,,,
2014-09-15 21:00:00,,,,,,,,,,
2014-09-15 22:00:00,,,,,,,,,,
2014-09-15 23:00:00,,,,,,,,,,
2014-09-16 00:00:00,,,,,,,,,,
2014-09-16 01:00:00,,,,,,,,,,
2014-09-16 02:00:00,,,,,,,,,,
2014-09-16 03:00:00,,,,,,,,,,
2014-09-16 04:00:00,,,,,,,,,,
2014-09-16 05:00:00,,,,,,,,,,
2014-09-16 06:00:00,,,,,,,,,,
2014-09-16 07:00:00,,,,,,,,,,
2014-09-16 08:00:00,,,,,,,,,,
2014-09-16 09:00:00,,,,,,,,,,
2014-09-16 10:00:00,,,,,,,,,,
2014-09-16 11:00:00,,,,,,,,,,
2014-09-16 12:00:00,,,,,,,,,,
2014-09-16 13:00:00,,,,,,,,,,
2014-09-16 14:00:00,,,,,,,,,,
2014-09-16 15:00:00,,,,,,,,,,
2014-09-16 16:00:00,,,,,,,,,,
2014-09-16 17:00:00,,,,,,,,,,
2014-09-16 18:00:00,,,,,,,,,,
2014-09-16 19:00:00,,,,,,,,,,
2014-09-16 20:00:00,,,,,,,,,,
2014-09-16 21:00:00,,,,,,,,,,
2014-09-16 22:00:00,,,,,,,,,,
2014-09-16 23:00:00,,,,,,,,,,
2014-09-17 00:00:00,,,,,,,,,,
2014-09-17 01:00:00,,,,,,,,,,
2014-09-17 02:00:00,,,,,,,,,,
2014-09-17 03:00:00,,,,,,,,,,
2014-09-17 04:00:00,,,,,,,,,,
2014-09-17 05:00:00,,,,,,,,,,
2014-09-17 06:00:00,,,,,,,,,,
2014-09-17 07:00:00,,,,,,,,,,
2014-09-17 08:00:00,,,,,,,,,,
2014-09-17 09:00:00,,,,,,,,,,
2014-09-17 10:00:00,,,,,,,,,,
2014-09-17 11:00:00,,,,,,,,,,
2014-09-17 12:00:00,,,,,,,,,,
2014-09-17 13:00:00,,,,,,,,,,
2014-09-17 14:00:00,,,,,,,,,,
2014-09-17 15:00:00,,,,,,,,,,
2014-09-17 16:00:00,,,,,,,,,,
2014-09-17 17:00:00,,,,,,,,,,
2014-09-17 18:00:00,,,,,,,,,,
2014-09-17 19:00:00,,,,,,,,,,
2014-09-17 20:00:00,,,,,,,,,,
2014-09-17 21:00:00,,,,,,,,,,
2014-09-17 22:00:00,,,,,,,,,,
2014-09-17 23:00:00,,,,,,,,,,
2014-09-18 00:00:00,,,,,,,,,,
2014-09-18 01:00:00,,,,,,,,,,
2014-09-18 02:00:00,,,,,,,,,,
2014-09-18 03:00:00,,,,,,,,,,
2014-09-18 04:00:00,,,,,,,,,,
2014-09-18 05:00:00,,,,,,,,,,
2014-09-18 06:00:00,,,,,,,,,,
2014-09-18 07:00:00,,,,,,,,,,
2014-09-18 08:00:00,,,,,,,,,,
2014-09-18 09:00:00,,,,,,,,,,
2014-09-18 10:00:00,,,,,,,,,,
2014-09-18 11:00:00,,,,,,,,,,
2014-09-18 12:00:00,,,,,,,,,,
2014-09-18 13:00:00,,,,,,,,,,
2014-09-18 14:00:00,,,,,,,,,,
2014-09-18 15:00:00,,,,,,,,,,
2014-09-18 16:00:00,,,,,,,,,,
2014-09-18 17:00:00,,,,,,,,,,
2014-09-18 18:00:00,,,,,,,,,,
2014-09-18 19:00:00,,,,,,,,,,
2014-09-18 20:00:00,,,,,,,,,,
2014-09-18 21:00:00,,,,,,,,,,
2014-09-18 22:00:00,,,,,,,,,,
2014-09-18 23:00:00,,,,,,,,,,
2014-09-19 00:00:00,,,,,,,,,,
2014-09-19 01:00:00,,,,,,,,,,
2014-09-19 02:00:00,,,,,,,,,,
2014-09-19 03:00:00,,,,,,,,,,
2014-09-19 04:00:00,,,,,,,,,,
2014-09-19 05:00:00,,,,,,,,,,
2014-09-19 06:00:00,,,,,,,,,,
2014-09-19 07:00:00,,,,,,,,,,
2014-09-19 08:00:00,,,,,,,,,,
2014-09-19 09:00:00,,,,,,,,,,
2014-09-19 10:00:00,,,,,,,,,,
2014-09-19 11:00:00,,,,,,,,,,
2014-09-19 12:00:00,,,,,,,,,,
2014-09-19 13:00:00,,,,,,,,,,
2014-09-19 14:00:00,,,,,,,,,,
2014-09-19 15:00:00,,,,,,,,,,
2014-09-19 16:00:00,,,,,,,,,,
2014-09-19 17:00:00,,,,,,,,,,
2014-09-19 18:00:00,,,,,,,,,,
2014-09-19 19:00:00,,,,,,,,,,
2014-09-19 20:00:00,,,,,,,,,,
2014-09-19 21:00:00,,,,,,,,,,
2014-09-19 22:00:00,,,,,,,,,,
2014-09-19 23:00:00,,,,,,,,,,
2014-09-20 00:00:00,,,,,,,,,,
2014-09-20 01:00:00,,,,,,,,,,
2014-09-20 02:00:00,,,,,,,,,,
2014-09-20 03:00:00,,,,,,,,,,
2014-09-20 04:00:00,,,,,,,,,,
2014-09-20 05:00:00,,,,,,,,,,
2014-09-20 06:00:00,,,,,,,,,,
2014-09-20 07:00:00,,,,,,,,,,
2014-09-20 08:00:00,,,,,,,,,,
2014-09-20 09:00:00,,,,,,,,,,
2014-09-20 10:00:00,,,,,,,,,,
2014-09-20 11:00:00,,,,,,,,,,
2014-09-20 12:00:00,,,,,,,,,,
2014-09-20 13:00:00,,,,,,,,,,
2014-09-20 14:00:00,,,,,,,,,,
2014-09-20 15:00:00,,,,,,,,,,
2014-09-20 16:00:00,,,,,,,,,,
2014-09-20 17:00:00,,,,,,,,,,
2014-09-20 18:00:00,,,,,,,,,,
2014-09-20 19:00:00,,,,,,,,,,
2014-09-20 20:00:00,,,,,,,,,,
2014-09-20 21:00:00,,,,,,,,,,
2014-09-20 22:00:00,,,,,,,,,,
2014-09-20 23:00:00,,,,,,,,,,
2014-09-21 00:00:00,,,,,,,,,,
2014-09-21 01:00:00,,,,,,,,,,
2014-09-21 02:00:00,,,,,,,,,,
2014-09-21 03:00:00,,,,,,,,,,
2014-09-21 04:00:00,,,,,,,,,,
2014-09-21 05:00:00,,,,,,,,,,
2014-09-21 06:00:00,,,,,,,,,,
2014-09-21 07:00:00,,,,,,,,,,
2014-09-21 08:00:00,,,,,,,,,,
2014-09-21 09:00:00,,,,,,,,,,
2014-09-21 10:00:00,,,,,,,,,,
2014-09-21 11:00:00,,,,,,,,,,
2014-09-21 12:00:00,,,,,,,,,,
2014-09-21 13:00:00,,,,,,,,,,
2014-09-21 14:00:00,,,,,,,,,,
2014-09-21 15:00:00,,,,,,,,,,
2014-09-21 16:00:00,,,,,,,,,,
2014-09-21 17:00:00,,,,,,,,,,
2014-09-21 18:00:00,,,,,,,,,,
2014-09-21 19:00:00,,,,,,,,,,
2014-09-21 20:00:00,,,,,,,,,,
2014-09-21 21:00:00,,,,,,,,,,
2014-09-21 22:00:00,,,,,,,,,,
2014-09-21 23:00:00,,,,,,,,,,
2014-09-22 00:00:00,,,,,,,,,,
2014-09-22 01:00:00,,,,,,,,,,
2014-09-22 02:00:00,,,,,,,,,,
2014-09-22 03:00:00,,,,,,,,,,
2014-09-22 04:00:00,,,,,,,,,,
2014-09-22 05:00:00,,,,,,,,,,
2014-09-22 06:00:00,,,,,,,,,,
2014-09-22 07:00:00,,,,,,,,,,
2014-09-22 08:00:00,,,,,,,,,,
2014-09-22 09:00:00,,,,,,,,,,
2014-09-22 10:00:00,,,,,,,,,,
2014-09-22 11:00:00,,,,,,,,,,
2014-09-22 12:00:00,,,,,,,,,,
2014-09-22 13:00:00,,,,,,,,,,
2014-09-22 14:00:00,,,,,,,,,,
2014-09-22 15:00:00,,,,,,,,,,
2014-09-22 16:00:00,,,,,,,,,,
2014-09-22 17:00:00,,,,,,,,,,
2014-09-22 18:00:00,,,,,,,,,,
2014-09-22 19:00:00,,,,,,,,,,
2014-09-22 20:00:00,,,,,,,,,,
2014-09-22 21:00:00,,,,,,,,,,
2014-09-22 22:00:00,,,,,,,,,,
2014-09-22 23:00:00,,,,,,,,,,
2014-09-23 00:00:00,,,,,,,,,,
2014-09-23 01:00:00,,,,,,,,,,
2014-09-23 02:00:00,,,,,,,,,,
2014-09-23 03:00:00,,,,,,,,,,
2014-09-23 04:00:00,,,,,,,,,,
2014-09-23 05:00:00,,,,,,,,,,
2014-09-23 06:00:00,,,,,,,,,,
2014-09-23 07:00:00,,,,,,,,,,
2014-09-23 08:00:00,,,,,,,,,,
2014-09-23 09:00:00,,,,,,,,,,
2014-09-23 10:00:00,,,,,,,,,,
2014-09-23 11:00:00,,,,,,,,,,
2014-09-23 12:00:00,,,,,,,,,,
2014-09-23 13:00:00,,,,,,,,,,
2014-09-23 14:00:00,,,,,,,,,,
2014-09-23 15:00:00,,,,,,,,,,
2014-09-23 16:00:00,,,,,,,,,,
2014-09-23 17:00:00,,,,,,,,,,
2014-09-23 18:00:00,,,,,,,,,,
2014-09-23 19:00:00,,,,,,,,,,
2014-09-23 20:00:00,,,,,,,,,,
2014-09-23 21:00:00,,,,,,,,,,
2014-09-23 22:00:00,,,,,,,,,,
2014-09-23 23:00:00,,,,,,,,,,
2014-09-24 00:00:00,,,,,,,,,,
2014-09-24 01:00:00,,,,,,,,,,
2014-09-24 02:00:00,,,,,,,,,,
2014-09-24 03:00:00,,,,,,,,,,
2014-09-24 04:00:00,,,,,,,,,,
2014-09-24 05:00:00,,,,,,,,,,
2014-09-24 06:00:00,,,,,,,,,,
2014-09-24 07:00:00,,,,,,,,,,
2014-09-24 08:00:00,,,,,,,,,,
2014-09-24 09:00:00,,,,,,,,,,
2014-09-24 10:00:00,,,,,,,,,,
2014-09-24 11:00:00,,,,,,,,,,
2014-09-24 12:00:00,,,,,,,,,,
2014-09-24 13:00:00,,,,,,,,,,
2014-09-24 14:00:00,,,,,,,,,,
2014-09-24 15:00:00,,,,,,,,,,
2014-09-24 16:00:00,,,,,,,,,,
2014-09-24 17:00:00,,,,,,,,,,
2014-09-24 18:00:00,,,,,,,,,,
2014-09-24 19:00:00,,,,,,,,,,
2014-09-24 20:00:00,,,,,,,,,,
2014-09-24 21:00:00,,,,,,,,,,
2014-09-24 22:00:00,,,,,,,,,,
2014-09-24 23:00:00,,,,,,,,,,
2014-09-25 00:00:00,,,,,,,,,,
2014-09-25 01:00:00,,,,,,,,,,
2014-09-25 02:00:00,,,,,,,,,,
2014-09-25 03:00:00,,,,,,,,,,
2014-09-25 04:00:00,,,,,,,,,,
2014-09-25 05:00:00,,,,,,,,,,
2014-09-25 06:00:00,,,,,,,,,,
2014-09-25 07:00:00,,,,,,,,,,
2014-09-25 08:00:00,,,,,,,,,,
2014-09-25 09:00:00,,,,,,,,,,
2014-09-25 10:00:00,,,,,,,,,,
2014-09-25 11:00:00,,,,,,,,,,
2014-09-25 12:00:00,,,,,,,,,,
2014-09-25 13:00:00,,,,,,,,,,
2014-09-25 14:00:00,,,,,,,,,,
2014-09-25 15:00:00,,,,,,,,,,
2014-09-25 16:00:00,,,,,,,,,,
2014-09-25 17:00:00,,,,,,,,,,
2014-09-25 18:00:00,,,,,,,,,,
2014-09-25 19:00:00,0.2519784017278618,0.0,0.0679071274298056,0.0,0.0,0.0,0.0018380129589632,0.0,0.0105140388768898,0.0103563714902807
2014-09-25 20:00:00,0.5527137809187279,0.0,0.0439699646643109,0.0,0.0,0.0,0.0016978798586572,0.1418074204946996,0.010482332155477,0.0070353356890459
2014-09-25 21:00:00,0.1821237288135593,0.0,0.0239101694915254,0.0,0.0,0.0,0.001793220338983,0.0,0.0105186440677966,0.0196813559322033
2014-09-25 22:00:00,0.2033191126279863,0.0,0.0274215017064846,0.0,0.0,0.0,0.0018993174061433,0.0468020477815699,0.0106416382252559,0.0199351535836177
2014-09-25 23:00:00,0.1666127366609294,0.0,0.0457676419965576,0.0,0.0,0.0,0.0018932874354561,0.0,0.0106316695352839,0.01976247848537
2014-09-26 00:00:00,0.1633611584327086,0.0,0.0439488926746166,0.0,0.0,0.0,0.00187734241908,0.0,0.010587734241908,0.0199165247018739
2014-09-26 01:00:00,0.3333141891891891,0.0,0.0041807432432432,0.0,0.0,0.0,0.0322179054054054,0.1769375,0.0105692567567567,0.0196824324324324
2014-09-26 02:00:00,0.3012175379426644,0.0,0.0401483979763912,0.0,0.0,0.0,0.0257993254637436,0.0999510961214165,0.0105666104553119,0.0198178752107925
2014-09-26 03:00:00,0.167296928327645,0.0,0.0434300341296928,0.0,0.0,0.0,0.0018412969283276,0.0,0.010494880546075,0.0199539249146757
2014-09-26 04:00:00,0.095951724137931,0.0,0.0002844827586206,0.0,0.0,0.0,0.0018655172413793,0.0,0.0106,0.0097689655172413
2014-09-26 05:00:00,0.1350591216216216,0.0,0.0443513513513513,0.0,0.0,0.0,0.0018733108108108,0.0,0.0106283783783783,0.0
2014-09-26 06:00:00,0.4276269430051814,0.0,0.0192124352331606,0.0,0.0,0.0,0.0017443868739205,0.0,0.0105112262521588,0.0
2014-09-26 07:00:00,1.026414383561644,0.0,0.0281780821917808,0.0,0.0,0.0,0.0017893835616438,0.0,0.0104965753424657,0.0
2014-09-26 08:00:00,0.6048998330550918,0.0,0.0334457429048414,0.0,0.0,0.0,0.0015826377295492,0.0,0.0103539232053422,0.0
2014-09-26 09:00:00,1.8995527210884355,0.0,0.0127227891156462,0.0,0.0,0.0,0.0016802721088435,0.0,0.0102959183673469,0.0
2014-09-26 10:00:00,1.307272268907563,0.0,0.0452840336134453,0.0,0.0,0.0,0.0015563025210084,0.1025848739495798,0.0102739495798319,0.0066117647058823
2014-09-26 11:00:00,0.978597972972973,0.0,0.0046081081081081,0.2592162162162162,0.0,0.0,0.0014864864864864,0.0371182432432432,0.0102567567567567,0.0115168918918918
2014-09-26 12:00:00,0.6179964850615114,0.0,0.0512864674868189,0.0699964850615114,0.0,0.0,0.0016748681898066,0.0686028119507908,0.0103321616871704,0.0098927943760984
2014-09-26 13:00:00,0.7106548223350254,0.0,0.0001269035532994,0.0301759729272419,0.0,0.0,0.0018003384094754,0.046062605752961,0.0103333333333333,0.0198054145516074
2014-09-26 14:00:00,0.5860971524288108,0.0,0.0542546063651591,0.002393634840871,0.0,0.0,0.0018375209380234,0.0,0.01036013400335,0.0196834170854271
2014-09-26 15:00:00,0.4273446519524618,0.0,7.809847198641767e-05,0.0004108658743633,0.0,0.0,0.0466825127334465,0.0766774193548387,0.0103123938879456,0.0195942275042444
2014-09-26 16:00:00,0.2348859060402684,0.0,0.0585234899328859,0.0,0.0,0.0,0.0261241610738255,0.0,0.0103372483221476,0.0199211409395973
2014-09-26 17:00:00,0.1485969125214408,0.0,0.0,0.0,0.0,0.0,0.0264133790737564,0.0,0.0103499142367066,0.0200720411663807
2014-09-26 18:00:00,0.5775181975736569,0.0,0.0473674176776429,0.0,0.0,0.0,0.0215615251299826,0.0808769497400346,0.010320623916811,0.019526863084922
2014-09-26 19:00:00,0.1953485617597292,0.0,0.0125634517766497,0.0,0.0,0.0,0.0017292724196277,0.0,0.0103553299492385,0.0197005076142131
2014-09-26 20:00:00,0.2676124567474048,0.0,0.0513598615916955,0.0,0.0,0.0,0.0018079584775086,0.0842750865051903,0.0103771626297577,0.0196435986159169
2014-09-26 21:00:00,0.1148996598639455,0.0,0.0,0.0,0.0,0.0,0.0018350340136054,0.0,0.0104489795918367,0.0199234693877551
2014-09-26 22:00:00,0.1821927710843373,0.0,0.0525352839931153,0.0,0.0,0.0,0.0018571428571428,0.0,0.0104113597246127,0.0199294320137693
2014-09-26 23:00:00,0.1133676975945017,0.0,0.0,0.0,0.0,0.0,0.0017920962199312,0.0,0.0103316151202749,0.0200171821305841
2014-09-27 00:00:00,0.1806181172291296,0.0,0.0458206039076376,0.0,0.0,0.0,0.0018383658969804,0.0,0.0104120781527531,0.0201953818827708
2014-09-27 01:00:00,0.1165215889464594,0.0,0.0,0.0,0.0,0.0,0.0019481865284974,0.0,0.0105250431778929,0.0203730569948186
2014-09-27 02:00:00,0.1828900169204738,0.0,0.0490795262267343,0.0,0.0,0.0,0.0019729272419627,0.0,0.0105228426395939,0.0204365482233502
2014-09-27 03:00:00,0.2940340136054422,0.0,7.482993197278911e-05,0.0,0.0,0.0,0.0019336734693877,0.1897057823129251,0.0105374149659863,0.011484693877551
2014-09-27 04:00:00,0.1385208333333333,0.0,0.0467239583333333,0.0,0.0,0.0,0.0019010416666666,0.0,0.0104670138888888,0.0
2014-09-27 05:00:00,0.0666363636363636,0.0,0.0,0.0,0.0,0.0,0.0018793706293706,0.0,0.0105244755244755,0.0
2014-09-27 06:00:00,0.1663433628318584,0.0,0.0331681415929203,0.0,0.0,0.0,0.001787610619469,0.0,0.0103646017699115,0.0
2014-09-27 07:00:00,0.183552495697074,0.0,0.0126678141135972,0.0,0.0,0.0,0.0017314974182444,0.0,0.0103339070567986,0.0
2014-09-27 08:00:00,0.3864632478632478,0.0,0.0152923076923076,0.0,0.0,0.0,0.0018153846153846,0.0,0.0103658119658119,0.0
2014-09-27 09:00:00,0.6203581081081081,0.0,0.0332331081081081,0.0,0.0,0.0,0.0018800675675675,0.0636773648648648,0.0104155405405405,0.0016959459459459
2014-09-27 10:00:00,1.0843248730964468,0.0,0.0085380710659898,0.0,0.0,0.0,0.0018680203045685,0.0180930626057529,0.0104653130287648,0.0084720812182741
2014-09-27 11:00:00,1.2171928934010152,0.0,0.0410642978003384,0.0,0.0,0.0,0.0019357021996615,0.0,0.0104619289340101,0.0
2014-09-27 12:00:00,0.5537110726643599,0.0,0.0,0.0,0.0,0.0,0.0018200692041522,0.0,0.0104100346020761,0.0
2014-09-27 13:00:00,0.4368024054982818,0.0,0.0531219931271477,0.0,0.0,0.0,0.0018109965635738,0.0,0.0103900343642611,0.0
2014-09-27 14:00:00,0.2239616026711185,0.0,0.0,0.0,0.0,0.0,0.0018530884808013,0.0,0.0104440734557595,0.0
2014-09-27 15:00:00,0.239390243902439,0.0,0.052624765478424,0.0,0.0,0.0,0.0017973733583489,0.0,0.010405253283302,0.0
2014-09-27 16:00:00,0.1424896551724138,0.0,0.0,0.0,0.0,0.0,0.0016948275862068,0.0,0.0103396551724137,0.0
2014-09-27 17:00:00,0.1478146911519198,0.0,0.0333856427378964,0.0,0.0,0.0,0.0015976627712854,0.0,0.0103005008347245,0.0
2014-09-27 18:00:00,0.1001731092436974,0.0,0.0232067226890756,0.0,0.0,0.0,0.0017899159663865,0.0,0.0103831932773109,0.0
2014-09-27 19:00:00,0.0661409168081494,0.0,0.0008590831918505,0.0,0.0,0.0,0.0018811544991511,0.0,0.010390492359932,0.0
2014-09-27 20:00:00,0.1380225303292894,0.0,0.0543604852686308,0.0,0.0,0.0,0.0016672443674176,0.0,0.0102928942807625,0.0
2014-09-27 21:00:00,0.1711649659863945,0.0,2.721088435374149e-05,0.0,0.0,0.0,0.0018163265306122,0.0785357142857142,0.0103673469387755,0.0
2014-09-27 22:00:00,0.5202663316582915,0.0,0.05521608040201,0.0,0.0,0.0,0.0018643216080402,0.2248760469011725,0.0104338358458961,0.0
2014-09-27 23:00:00,0.385578231292517,0.0,0.0120306122448979,0.0,0.0,0.0,0.0019098639455782,0.1591292517006802,0.0104863945578231,0.0
2014-09-28 00:00:00,0.2142923875432526,0.0,0.0331470588235294,0.0,0.0,0.0,0.0018840830449826,0.0760951557093425,0.0104532871972318,0.0
2014-09-28 01:00:00,0.0792558922558922,0.0,0.0048215488215488,0.0,0.0,0.0,0.0019057239057239,0.0,0.0104494949494949,0.0
2014-09-28 02:00:00,0.1408529914529914,0.0,0.0499264957264957,0.0,0.0,0.0,0.0019025641025641,0.0,0.0105094017094017,0.0
2014-09-28 03:00:00,0.0677560553633218,0.0,0.0,0.0,0.0,0.0,0.0019429065743944,0.0,0.010515570934256,0.0
2014-09-28 04:00:00,0.1454352331606217,0.0,0.0522711571675302,0.0,0.0,0.0,0.0019240069084628,0.0,0.0104386873920552,0.0
2014-09-28 05:00:00,0.0716243567753001,0.0,0.0,0.0,0.0,0.0,0.0018885077186963,0.0,0.0103979416809605,0.0
2014-09-28 06:00:00,0.1678216123499142,0.0,0.0373481989708404,0.0,0.0,0.0,0.0019193825042881,0.0,0.0104957118353344,0.0
2014-09-28 07:00:00,0.4978006814310051,0.0,0.017640545144804,0.0,0.0,0.0,0.0017989778534923,0.0,0.0103901192504258,0.0
2014-09-28 08:00:00,1.0065568965517242,0.0,0.0041982758620689,0.0,0.0,0.0,0.0017706896551724,0.0,0.0103586206896551,0.0
2014-09-28 09:00:00,1.2128631756756756,0.0,0.0543378378378378,0.0,0.0,0.0,0.0016824324324324,0.1629695945945946,0.0103192567567567,0.0
2014-09-28 10:00:00,1.091086440677966,0.0,0.0001271186440677,0.0,0.0,0.0,0.0018406779661016,0.0361135593220339,0.0104033898305084,0.0
2014-09-28 11:00:00,1.1406609589041097,0.0,0.0585856164383561,0.0,0.0,0.0,0.0017054794520547,0.071625,0.0103544520547945,0.0
2014-09-28 12:00:00,1.092982332155477,0.0,0.0,0.0,0.0,0.0,0.0331872791519434,0.0748586572438162,0.0104187279151943,0.0
2014-09-28 13:00:00,0.7552965517241379,0.0,0.0703844827586206,0.0,0.0,0.0,0.0118982758620689,0.0,0.0104689655172413,0.0
2014-09-28 14:00:00,0.6661458333333333,0.0,0.0027760416666666,0.0,0.0,0.0,0.0643055555555555,0.1246388888888888,0.0104253472222222,0.0
2014-09-28 15:00:00,0.401125,0.0,0.0572020547945205,0.0,0.0,0.0,0.0018116438356164,0.0,0.0103647260273972,0.0
2014-09-28 16:00:00,0.1811614100185528,0.0,0.0,0.0,0.0,0.0,0.0018218923933209,0.0,0.010369202226345,0.0
2014-09-28 17:00:00,0.195003861003861,0.0,0.067081081081081,0.0,0.0,0.0,0.0016756756756756,0.0,0.0102972972972972,0.0
2014-09-28 18:00:00,0.0622904347826087,0.0,0.0,0.0,0.0,0.0,0.0015878260869565,0.0,0.0102904347826086,0.0
2014-09-28 19:00:00,0.1409193825042881,0.0,0.0556878216123499,0.0,0.0,0.0,0.0016946826758147,0.0,0.0102847341337907,0.0
2014-09-28 20:00:00,0.0764376068376068,0.0,0.0049418803418803,0.0,0.0,0.0,0.0017726495726495,0.0,0.0103658119658119,0.0
2014-09-28 21:00:00,0.1080829103214889,0.0,0.031653130287648,0.0,0.0,0.0,0.0018155668358714,0.0,0.0103908629441624,0.0
2014-09-28 22:00:00,0.3251574394463667,0.0,0.0284636678200692,0.0,0.0,0.0,0.0377647058823529,0.0926107266435986,0.0102854671280276,0.0
2014-09-28 23:00:00,0.28819723183391,0.0,0.0302145328719723,0.0,0.0,0.0,0.0018806228373702,0.0,0.0104377162629757,0.0
2014-09-29 00:00:00,0.4435331069609508,0.0,0.0261341256366723,0.0,0.0,0.0,0.0019202037351443,0.1781460101867572,0.0104753820033955,0.0
2014-09-29 01:00:00,0.1511032702237521,0.0,0.0380619621342512,0.0,0.0,0.0,0.0019518072289156,0.0,0.0104870912220309,0.0
2014-09-29 02:00:00,0.09175,0.0,0.016292808219178,0.0,0.0,0.0,0.0019383561643835,0.0,0.0104982876712328,0.0
2014-09-29 03:00:00,0.1277,0.0,0.0429,0.0,0.0,0.0,0.0019,0.0,0.0104125,0.0
2014-09-29 04:00:00,0.1271355371900826,0.0,0.0366033057851239,0.0,0.0,0.0,0.0018479338842975,0.0,0.0104776859504132,0.0
2014-09-29 05:00:00,0.0648561643835616,0.0,0.0,0.0,0.0,0.0,0.0018167808219178,0.0,0.0103989726027397,0.0
2014-09-29 06:00:00,0.1825897435897435,0.0,0.0578581196581196,0.0,0.0,0.0,0.0017042735042735,0.0,0.0103111111111111,0.0
2014-09-29 07:00:00,0.3771082474226804,0.0,6.701030927835051e-05,0.0,0.0,0.0,0.0015996563573883,0.1644639175257732,0.0102663230240549,0.0
2014-09-29 08:00:00,0.501948717948718,0.0,0.0508307692307692,0.0,0.0,0.0,0.0018153846153846,0.0004,0.0102905982905982,0.0
2014-09-29 09:00:00,0.9020154905335628,0.0,0.0125335628227194,0.0,0.0,0.0,0.0018209982788296,0.0823235800344234,0.0103235800344234,0.0
2014-09-29 10:00:00,0.8386713532513181,0.0,0.0385694200351493,0.0,0.0,0.0,0.0018207381370826,0.0,0.0104059753954305,0.0
2014-09-29 11:00:00,0.7319833948339483,0.0,0.0253653136531365,0.0,0.0,0.0,0.0017583025830258,0.0,0.0103616236162361,0.0
2014-09-29 12:00:00,0.5917560975609756,0.0,0.0141932457786116,0.0,0.0,0.0,0.0411651031894934,0.0,0.0103733583489681,0.0
2014-09-29 13:00:00,0.4890528233151184,0.0,0.0489799635701275,0.0,0.0,0.0,0.0019216757741347,0.0,0.0103460837887067,0.016823315118397
2014-09-29 14:00:00,0.7396791443850267,0.0,0.0,0.0,0.0,0.0,0.0016470588235294,0.0,0.0103172905525846,0.0
2014-09-29 15:00:00,0.2885531561461794,0.0,0.063563122923588,0.0,0.0,0.0,0.0015431893687707,0.0,0.0102591362126245,0.0
2014-09-29 16:00:00,0.1529801084990958,0.0,0.0,0.0,0.0,0.0,0.0015913200723327,0.0,0.0103652802893309,0.0
2014-09-29 17:00:00,0.2657245409015025,0.0,0.0636978297161936,0.0,0.0,0.0,0.0016060100166944,0.0700400667779632,0.0101836393989983,0.0057712854757929
2014-09-29 18:00:00,0.0617470489038785,0.0,0.0,0.0,0.0,0.0,0.0015699831365935,0.0,0.0102040472175379,0.0
2014-09-29 19:00:00,0.1532301184433164,0.0,0.0582064297800338,0.0,0.0,0.0,0.0017935702199661,0.0,0.0102233502538071,0.0
2014-09-29 20:00:00,0.2107092819614711,0.0,0.000262697022767,0.0,0.0,0.0,0.0977985989492119,0.0,0.0103992994746059,0.0
2014-09-29 21:00:00,0.5180673575129533,0.0,0.0670742659758203,0.0,0.0,0.0,0.0582245250431778,0.0,0.0104248704663212,0.002461139896373
2014-09-29 22:00:00,0.1749524617996604,0.0,0.0,0.0,0.0,0.0,0.0016774193548387,0.0671256366723259,0.0103412563667232,0.0099134125636672
2014-09-29 23:00:00,0.1864872231686541,0.0,0.0596899488926746,0.0,0.0,0.0,0.0017495741056218,0.0,0.0103066439522998,0.0197495741056218
2014-09-30 00:00:00,0.3197719594594594,0.0,0.0001875,0.0,0.0,0.0,0.0018091216216216,0.240179054054054,0.0104408783783783,0.0085472972972972
2014-09-30 01:00:00,0.1500119863013698,0.0,0.0541729452054794,0.0,0.0,0.0,0.0018835616438356,0.0,0.0104623287671232,0.0
2014-09-30 02:00:00,0.0778677966101694,0.0,0.0,0.0,0.0,0.0,0.0019203389830508,0.0,0.0105305084745762,0.0
2014-09-30 03:00:00,0.1567373737373737,0.0,0.0561447811447811,0.0,0.0,0.0,0.0018855218855218,0.0,0.0104276094276094,0.0
2014-09-30 04:00:00,0.0681109185441941,0.0,0.0,0.0,0.0,0.0,0.0018890814558058,0.0,0.0105043327556325,0.0
2014-09-30 05:00:00,0.1356830508474576,0.0,0.0508898305084745,0.0,0.0,0.0,0.0016711864406779,0.0,0.0103593220338983,0.0
2014-09-30 06:00:00,0.1711822742474916,0.0,0.0061588628762541,0.0,0.0,0.0,0.0017307692307692,0.0,0.0103612040133779,0.0
2014-09-30 07:00:00,0.423385,0.0,0.02456,0.0,0.0,0.0,0.0017266666666666,0.0,0.0103933333333333,0.0
2014-09-30 08:00:00,0.6035268456375839,0.0,0.0319261744966443,0.0,0.0,0.0,0.0016778523489932,0.0591140939597315,0.0103758389261744,9.060402684563756e-05
2014-09-30 09:00:00,1.1878969594594593,0.0,0.0209408783783783,0.3427179054054054,0.0,0.0,0.0017753378378378,0.0424594594594594,0.0103834459459459,0.0084476351351351
2014-09-30 10:00:00,1.848909698996656,0.0,0.0377274247491638,0.0616488294314381,0.0,0.0,0.0017792642140468,0.0,0.0103996655518394,0.0
2014-09-30 11:00:00,1.3880117647058825,0.0,0.0098319327731092,0.0257546218487394,0.0,0.0,0.0016403361344537,0.0,0.0103378151260504,0.0
2014-09-30 12:00:00,0.7350285714285715,0.0,0.0549949579831932,0.0,0.0,0.0,0.0016924369747899,0.0956806722689075,0.0103411764705882,0.0123831932773109
2014-09-30 13:00:00,0.9223233333333334,0.0,0.0220683333333333,0.0,0.0,0.0,0.0016566666666666,0.0375416666666666,0.010355,0.0054933333333333
2014-09-30 14:00:00,0.5353642495784149,0.0,0.0396222596964586,0.0,0.0,0.0,0.0016779089376053,0.0,0.010335581787521,0.0
2014-09-30 15:00:00,0.3285135135135135,0.0,0.0139780405405405,0.0,0.0,0.0,0.0016452702702702,0.0519375,0.0103260135135135,0.0
2014-09-30 16:00:00,0.2445702341137124,0.0,0.0503361204013377,0.0,0.0,0.0,0.0290167224080267,0.0,0.0103511705685618,0.0177040133779264
2014-09-30 17:00:00,0.1312211055276382,0.0,0.0,0.0,0.0,0.0,0.0016398659966499,0.0,0.0103299832495812,0.0194623115577889
2014-09-30 18:00:00,0.3248758389261745,0.0,0.0640100671140939,0.0,0.0,0.0,0.0571778523489932,0.0873221476510067,0.0102651006711409,0.0100134228187919
2014-09-30 19:00:00,0.0636026936026936,0.0,0.0,0.0,0.0,0.0,0.0017760942760942,0.0,0.0102777777777777,0.0
2014-09-30 20:00:00,0.1379614740368509,0.0,0.0530268006700167,0.0,0.0,0.0,0.0017252931323283,0.0,0.010358458961474,0.0
2014-09-30 21:00:00,0.1846366666666666,0.0,0.0097683333333333,0.0,0.0,0.0,0.001815,0.0761766666666666,0.0103733333333333,0.0082816666666666
2014-09-30 22:00:00,0.1704448160535117,0.0,0.0465418060200668,0.0,0.0,0.0,0.0018344481605351,0.0,0.0104331103678929,0.0198177257525083
2014-09-30 23:00:00,0.1900506993006993,0.0,0.0208846153846153,0.0,0.0,0.0,0.0019300699300699,0.0487150349650349,0.0104842657342657,0.0199842657342657
2014-10-01 00:00:00,0.1780981735159817,0.0,0.0126917808219178,0.0,0.0,0.0,0.0019223744292237,0.0439657534246575,0.0104566210045662,0.0199406392694063
2014-10-01 01:00:00,0.1735442176870748,0.0,0.0457006802721088,0.0,0.0,0.0,0.001922902494331,0.0,0.0105215419501133,0.0200408163265306
2014-10-01 02:00:00,0.1278200455580865,0.0,0.0115535307517084,0.0,0.0,0.0,0.0019225512528473,0.0,0.0105216400911161,0.020009111617312
2014-10-01 03:00:00,0.3525450121654501,0.0,0.0417858880778588,0.0,0.0,0.0,0.001956204379562,0.2388588807785888,0.0105255474452554,0.0031849148418491
2014-10-01 04:00:00,0.0780651041666666,0.0,0.0067838541666666,0.0,0.0,0.0,0.0019140625,0.0,0.0104661458333333,0.0
2014-10-01 05:00:00,0.0964082568807339,0.0,0.021348623853211,0.0,0.0,0.0,0.0018990825688073,0.0,0.0104839449541284,0.0
2014-10-01 06:00:00,0.1196284403669724,0.0,0.039190366972477,0.0,0.0,0.0,0.0017201834862385,0.0,0.0103256880733944,0.0
2014-10-01 07:00:00,0.1911958525345622,0.0,0.0,0.0,0.0,0.0,0.0016751152073732,0.0,0.0103986175115207,0.0
2014-10-01 08:00:00,0.6903140877598153,0.0,0.0564919168591224,0.0,0.0,0.0,0.0015496535796766,0.0,0.0102748267898383,0.0
2014-10-01 09:00:00,1.2941776765375854,0.0,7.517084282460136e-05,0.0,0.0,0.0,0.0016970387243735,0.062874715261959,0.0103507972665148,0.0
2014-10-01 10:00:00,1.7127172413793104,0.0,0.0556,0.0,0.0,0.0,0.0018689655172413,0.0,0.0104804597701149,0.0
2014-10-01 11:00:00,1.472487414187643,0.0,0.006324942791762,0.0,0.0,0.0,0.0018627002288329,0.0,0.0104485125858123,0.0
2014-10-01 12:00:00,1.101343675417661,0.0,0.036326968973747,0.3407780429594272,0.0,0.0350071599045346,0.0018400954653937,0.0600119331742243,0.0103866348448687,0.0
2014-10-01 13:00:00,1.1635034642032334,0.0,0.0347367205542725,0.0825265588914549,0.0,0.0041431870669745,0.0018360277136258,0.0971293302540415,0.0103972286374133,0.0
2014-10-01 14:00:00,0.6291093023255815,0.0,0.0183976744186046,0.0266395348837209,0.0,0.0,0.001753488372093,0.0763046511627906,0.0103651162790697,0.0
2014-10-01 15:00:00,0.4763957345971564,0.0,0.0477156398104265,0.012909952606635,0.0,0.0,0.0017180094786729,0.0,0.0103483412322274,0.0
2014-10-01 16:00:00,0.3566552511415525,0.0,0.0092625570776255,0.0305433789954337,0.0,0.0,0.0017009132420091,0.0,0.0103264840182648,0.0
2014-10-01 17:00:00,0.3255348837209302,0.0,0.0550883720930232,0.0,0.0,0.0,0.0017302325581395,0.0833976744186046,0.010313953488372,0.0013395348837209
2014-10-01 18:00:00,0.2178878718535469,0.0,0.0065903890160183,0.0,0.0,0.0,0.0016773455377574,0.0,0.0103432494279176,0.0196521739130434
2014-10-01 19:00:00,0.4059134396355353,0.0,0.0608063781321184,0.0,0.0,0.0,0.0013507972665148,0.0552847380410022,0.0102391799544419,0.01875854214123
2014-10-01 20:00:00,0.1091784897025171,0.0,0.0334576659038901,0.0,0.0,0.0,0.0017528604118993,0.0,0.0103592677345537,0.0
2014-10-01 21:00:00,0.0924770642201835,0.0,0.0203004587155963,0.0,0.0,0.0,0.0016995412844036,0.0,0.0103784403669724,0.0
2014-10-01 22:00:00,0.1353082191780822,0.0,0.0513995433789954,0.0,0.0,0.0,0.001796803652968,0.0,0.0103310502283105,0.0
2014-10-01 23:00:00,0.2268607305936073,0.0,0.0,0.0,0.0,0.0,0.0378744292237442,0.0816164383561643,0.0104474885844748,0.0164109589041095
2014-10-02 00:00:00,0.1889216589861751,0.0,0.0549907834101382,0.0,0.0,0.0,0.0019078341013824,0.0,0.0104769585253456,0.0201082949308755
2014-10-02 01:00:00,0.3220205479452054,0.0,0.0195913242009132,0.0,0.0,0.0,0.0019223744292237,0.2028584474885844,0.0104771689497716,0.0010981735159817
2014-10-02 02:00:00,0.1132660550458715,0.0,0.0293738532110091,0.0,0.0,0.0,0.0054518348623853,0.0,0.0105068807339449,0.0
2014-10-02 03:00:00,0.106417808219178,0.0,0.0281986301369863,0.0,0.0,0.0,0.0019406392694063,0.0,0.0105479452054794,0.0
2014-10-02 04:00:00,0.1048036529680365,0.0,0.0256666666666666,0.0,0.0,0.0,0.001958904109589,0.0,0.0105228310502283,0.0
2014-10-02 05:00:00,0.0946131386861313,0.0,0.0200291970802919,0.0,0.0,0.0,0.0019002433090024,0.0,0.0105158150851581,0.0
2014-10-02 06:00:00,0.1180136363636363,0.0,0.0341977272727272,0.0,0.0,0.0,0.0053068181818181,0.0,0.0103863636363636,0.0
2014-10-02 07:00:00,0.1034459770114942,0.0,0.0013908045977011,0.0,0.0,0.0,0.0016068965517241,0.0,0.0102988505747126,0.0
2014-10-02 08:00:00,0.3078150684931507,0.0,0.0522214611872146,0.0,0.0,0.0,0.0015890410958904,0.0,0.0103150684931506,0.0
2014-10-02 09:00:00,0.523559633027523,0.0,0.0,0.0,0.0,0.0,0.0016766055045871,0.0,0.0103302752293577,0.0
2014-10-02 10:00:00,0.7773142201834862,0.0,0.0564610091743119,0.0,0.0,0.0,0.0015871559633027,0.0797706422018348,0.0102866972477064,0.0126055045871559
2014-10-02 11:00:00,1.657673515981735,0.0,0.0,0.0,0.0,0.0,0.0016004566210045,0.0654908675799086,0.0103173515981735,0.0195159817351598
2014-10-02 12:00:00,1.633263157894737,0.0,0.0451304347826087,0.0,1.1850366132723111,0.0,0.0014691075514874,0.0422448512585812,0.0102311212814645,0.0062425629290617
2014-10-02 13:00:00,1.2659313501144165,0.0,0.0171945080091533,0.0,0.6431967963386728,0.0,0.0015217391304347,0.0751578947368421,0.0103135011441647,0.0112723112128146
2014-10-02 14:00:00,0.7314337899543379,0.0,0.0278835616438356,0.0,0.0,0.0,0.0017009132420091,0.0,0.0102442922374429,0.0048059360730593
2014-10-02 15:00:00,0.620883826879271,0.0,0.0308451025056947,0.0,0.0,0.0,0.0016902050113895,0.0987015945330296,0.0103325740318906,0.0
2014-10-02 16:00:00,0.2228761467889908,0.0,0.0069243119266055,0.0,0.0,0.0203348623853211,0.0015733944954128,0.0,0.0102729357798165,0.0
2014-10-02 17:00:00,0.268431506849315,0.0,0.0555639269406392,0.0,0.0,0.032310502283105,0.0016118721461187,0.0568584474885844,0.0102990867579908,0.0
2014-10-02 18:00:00,0.118493119266055,0.0,0.0,0.0,0.0,0.0334495412844036,0.0016467889908256,0.0,0.0102660550458715,0.0
2014-10-02 19:00:00,0.1964174311926605,0.0,0.0604266055045871,0.0,0.0,0.0136949541284403,0.0017110091743119,0.0,0.0103761467889908,0.004591743119266
2014-10-02 20:00:00,0.0665400457665904,0.0,0.0016361556064073,0.0,0.0,0.0002448512585812,0.0017459954233409,0.0,0.0102974828375286,0.0
2014-10-02 21:00:00,0.1017564655172413,0.0,0.0275646551724137,0.0,0.0,0.0002241379310344,0.001801724137931,0.0,0.0103987068965517,0.0
2014-10-02 22:00:00,0.1305,0.0,0.0360901287553648,0.0,0.0,0.0002381974248927,0.0018004291845493,0.0,0.0103648068669527,0.0
2014-10-02 23:00:00,0.2193795454545454,0.0,0.0,0.0,0.0,0.0132227272727272,0.0019363636363636,0.0972454545454545,0.0104795454545454,0.0
2014-10-03 00:00:00,0.2327397260273972,0.0,0.0620114155251141,0.0,0.0,0.0132168949771689,0.0018447488584474,0.0,0.0103812785388127,0.0113287671232876
2014-10-03 01:00:00,0.130507972665148,0.0,0.0078519362186788,0.0,0.0,0.0,0.0018496583143507,0.0,0.0104328018223234,0.0008610478359908
2014-10-03 02:00:00,0.2057084282460136,0.0,0.0486469248291571,0.0,0.0,0.0,0.0371047835990888,0.0,0.0104692482915717,0.0
2014-10-03 03:00:00,0.3152214611872146,0.0,0.0180433789954337,0.0,0.0,0.0,0.001958904109589,0.1852534246575342,0.0104771689497716,0.0
2014-10-03 04:00:00,0.1912677345537757,0.0,0.0398649885583524,0.0,0.0,0.0,0.0019382151029748,0.0731716247139588,0.0105057208237986,0.0
2014-10-03 05:00:00,0.0836164383561643,0.0,0.014,0.0,0.0,0.0,0.0017739726027397,0.0,0.0103652968036529,0.0
2014-10-03 06:00:00,0.1200502283105022,0.0,0.038662100456621,0.0,0.0,0.0,0.0017739726027397,0.0,0.0103378995433789,0.0
2014-10-03 07:00:00,0.2619059633027523,0.0,0.005993119266055,0.0,0.0,0.0,0.0016261467889908,0.0,0.0103371559633027,0.0
2014-10-03 08:00:00,0.920949656750572,0.0,0.0464462242562929,0.0,0.0,0.0,0.0016933638443935,0.1039725400457665,0.010324942791762,0.0
2014-10-03 09:00:00,1.3938136363636362,0.0,0.0,0.0,0.0,0.0,0.0015795454545454,0.0,0.0103181818181818,0.0
2014-10-03 10:00:00,1.5152853881278538,0.0,0.0574383561643835,0.0,0.0,0.0,0.001634703196347,0.0,0.0102534246575342,0.0
2014-10-03 11:00:00,1.4338795454545454,0.0,0.0,0.0,0.0,0.0,0.0015681818181818,0.0,0.0103090909090909,0.0
2014-10-03 12:00:00,1.087527272727273,0.0,0.0602522727272727,0.0,0.0,0.0,0.0016090909090909,0.0,0.0102863636363636,0.0
2014-10-03 13:00:00,0.981582191780822,0.0,0.0,0.0,0.0,0.0,0.0018264840182648,0.0,0.0103652968036529,0.0
2014-10-03 14:00:00,0.8720478359908884,0.0,0.0418109339407744,0.0,0.0,0.0,0.0016537585421412,0.0,0.0103052391799544,0.0
2014-10-03 15:00:00,0.5058738532110092,0.0,0.0229357798165137,0.0,0.0,0.0,0.0017935779816513,0.0,0.0104266055045871,0.0
2014-10-03 16:00:00,0.2469179954441913,0.0,0.0126514806378132,0.0,0.0,0.0,0.0018132118451025,0.0,0.0103530751708428,0.0
2014-10-03 17:00:00,0.1950688073394495,0.0,0.0499655963302752,0.0,0.0,0.0,0.0017293577981651,0.0,0.0103233944954128,0.0
2014-10-03 18:00:00,0.0903584474885844,0.0,0.0,0.0,0.0,0.0,0.0015388127853881,0.0,0.0103219178082191,0.0
2014-10-03 19:00:00,0.1453881278538812,0.0,0.0610570776255707,0.0,0.0,0.0,0.0014132420091324,0.0,0.010269406392694,0.0
2014-10-03 20:00:00,0.0673767123287671,0.0,0.0,0.0,0.0,0.0,0.0017511415525114,0.0,0.0102853881278538,0.0
2014-10-03 21:00:00,0.113604118993135,0.0,0.0378878718535469,0.0,0.0,0.0,0.0017940503432494,0.0,0.0103775743707093,0.0
2014-10-03 22:00:00,0.1049476082004555,0.0,0.0277448747152619,0.0,0.0,0.0,0.0018656036446469,0.0,0.0104168564920273,0.0
2014-10-03 23:00:00,0.0666164383561643,0.0,0.0,0.0,0.0,0.0,0.0019086757990867,0.0,0.0105091324200913,0.0
2014-10-04 00:00:00,0.1537972665148063,0.0,0.0617881548974943,0.0,0.0,0.0,0.0018701594533029,0.0,0.0104305239179954,0.0
2014-10-04 01:00:00,0.0663043478260869,0.0,0.0,0.0,0.0,0.0,0.0018604118993135,0.0,0.0104851258581235,0.0
2014-10-04 02:00:00,0.1357534246575342,0.0,0.0486803652968036,0.0,0.0,0.0,0.0019337899543378,0.0,0.0105068493150684,0.0
2014-10-04 03:00:00,0.0906469248291571,0.0,0.0124715261958997,0.0,0.0,0.0,0.0019339407744874,0.0,0.0105170842824601,0.0
2014-10-04 04:00:00,0.0876467889908256,0.0,0.0143807339449541,0.0,0.0,0.0,0.001947247706422,0.0,0.0104839449541284,0.0
2014-10-04 05:00:00,0.1391743119266055,0.0,0.0500596330275229,0.0,0.0,0.0,0.0018967889908256,0.0,0.0105068807339449,0.0
2014-10-04 06:00:00,0.0659839816933638,0.0,0.0,0.0,0.0,0.0,0.0018192219679633,0.0,0.0104370709382151,0.0
2014-10-04 07:00:00,0.1426613272311212,0.0,0.0533112128146453,0.0,0.0,0.0,0.0018993135011441,0.0,0.0104439359267734,0.0
2014-10-04 08:00:00,0.1257002288329519,0.0,0.0082631578947368,0.0,0.0,0.0,0.0017894736842105,0.0,0.0102929061784897,0.0
2014-10-04 09:00:00,0.1528352402745995,0.0,0.0138398169336384,0.0,0.0,0.0,0.0017231121281464,0.0,0.010345537757437,0.0
2014-10-04 10:00:00,0.208675294117647,0.0,0.0463270588235294,0.0,0.0,0.0,0.0017129411764705,0.0,0.0102941176470588,0.0
2014-10-04 11:00:00,0.149375,0.0,0.0,0.0,0.0,0.0,0.0017681818181818,0.0,0.0103818181818181,0.0
2014-10-04 12:00:00,0.224257403189066,0.0,0.0566605922551252,0.0,0.0,0.0,0.0019088838268792,0.0,0.0104965831435079,0.0
2014-10-04 13:00:00,0.4538375286041189,0.0,0.0039267734553775,0.0,0.0,0.0,0.0018443935926773,0.0,0.0103821510297482,0.0
2014-10-04 14:00:00,0.5385365296803654,0.0,0.0142922374429223,0.0,0.0,0.0,0.0018310502283105,0.0,0.0103584474885844,0.0
2014-10-04 15:00:00,0.6993317757009346,0.0,0.0815514018691588,0.0,0.0,0.0,0.001911214953271,0.0,0.0103504672897196,0.0
2014-10-04 16:00:00,0.939,0.0,0.08,0.0,0.0,0.0,0.002,0.0,0.01,0.0
2014-10-04 17:00:00,0.2227840909090909,0.0,0.0621420454545454,0.0,0.0,0.0,0.0015142045454545,0.0,0.0102897727272727,0.0
2014-10-04 18:00:00,0.1098837772397094,0.0,0.0089733656174334,0.0,0.0,0.0,0.0017384987893462,0.0,0.0103728813559322,0.0
2014-10-04 19:00:00,0.0662860635696821,0.0,0.002960880195599,0.0,0.0,0.0,0.0016968215158924,0.0,0.0103422982885085,0.0
2014-10-04 20:00:00,0.1431955990220049,0.0,0.0550440097799511,0.0,0.0,0.0,0.0018899755501222,0.0,0.0104180929095354,0.0
2014-10-04 21:00:00,0.0696836982968369,0.0,0.0,0.0,0.0,0.0,0.0018978102189781,0.0,0.0104136253041362,0.0
2014-10-04 22:00:00,0.1121944444444444,0.0,0.0342939814814814,0.0,0.0,0.0,0.0018449074074074,0.0,0.0103912037037037,0.0
2014-10-04 23:00:00,0.0961986301369862,0.0,0.0200205479452054,0.0,0.0,0.0,0.0019223744292237,0.0,0.0105159817351598,0.0
2014-10-05 00:00:00,0.0671431818181818,0.0,0.0,0.0,0.0,0.0,0.001940909090909,0.0,0.0104795454545454,0.0
2014-10-05 01:00:00,0.1435799086757991,0.0,0.0519634703196347,0.0,0.0,0.0,0.0019748858447488,0.0,0.010593607305936,0.0
2014-10-05 02:00:00,0.072299771167048,0.0,0.0,0.0,0.0,0.0,0.0019633867276887,0.0,0.0105766590389016,0.0
2014-10-05 03:00:00,0.1068401826484018,0.0,0.0240525114155251,0.0,0.0,0.0,0.0019680365296803,0.0,0.0106278538812785,0.0
2014-10-05 04:00:00,0.1080343249427917,0.0,0.0268855835240274,0.0,0.0,0.0,0.0019725400457665,0.0,0.0105949656750572,0.0
2014-10-05 05:00:00,0.067967302452316,0.0,0.0,0.0,0.0,0.0,0.0019346049046321,0.0,0.0106103542234332,0.0
2014-10-05 06:00:00,0.1342214611872146,0.0,0.0485205479452054,0.0,0.0,0.0,0.0018150684931506,0.0,0.0104543378995433,0.0
2014-10-05 07:00:00,0.2471632183908046,0.0,0.0,0.0,0.0,0.0,0.0017770114942528,0.0,0.0103954022988505,0.0
2014-10-05 08:00:00,0.6323142201834863,0.0,0.0,0.0,0.0,0.0,0.0018119266055045,0.0,0.0103577981651376,0.0
2014-10-05 09:00:00,0.9576361556064074,0.0,0.0512402745995423,0.0,0.0,0.0,0.0019565217391304,0.0,0.0104828375286041,0.0
2014-10-05 10:00:00,0.9243729977116704,0.0,0.0,0.0,0.0,0.0,0.0019061784897025,0.0,0.0103867276887871,0.0
2014-10-05 11:00:00,1.4362346241457855,0.0,0.0347289293849658,0.0,0.0,0.0,0.001879271070615,0.0,0.0104441913439635,0.0
2014-10-05 12:00:00,1.56413769751693,0.0,0.0161422121896162,0.0,0.0,0.0,0.0018984198645598,0.0,0.0104311512415349,0.0
2014-10-05 13:00:00,1.1139816933638444,0.0,0.0,0.0,0.0,0.0,0.0019565217391304,0.0,0.0104988558352402,0.0
2014-10-05 14:00:00,0.8549474885844749,0.0,0.0526004566210045,0.0,0.0,0.0,0.0019063926940639,0.0,0.010472602739726,0.0
2014-10-05 15:00:00,0.512370709382151,0.0,0.0,0.0,0.0,0.0,0.0019336384439359,0.0,0.010441647597254,0.0
2014-10-05 16:00:00,0.3146150341685649,0.0,0.0427790432801822,0.0,0.0,0.0,0.0016719817767653,0.0,0.0103006833712984,0.0
2014-10-05 17:00:00,0.162510250569476,0.0,0.0102255125284738,0.0,0.0,0.0,0.0017038724373576,0.0,0.0103189066059225,0.0
2014-10-05 18:00:00,0.0920800915331807,0.0,0.0058764302059496,0.0,0.0,0.0,0.0017505720823798,0.0,0.0103821510297482,0.0
2014-10-05 19:00:00,0.1309656750572082,0.0,0.0471647597254004,0.0,0.0,0.0,0.0018032036613272,0.0,0.0104302059496567,0.0
2014-10-05 20:00:00,0.0733630136986301,0.0,0.0,0.0,0.0,0.0,0.0019337899543378,0.0,0.0104018264840182,0.0
2014-10-05 21:00:00,0.2997312072892938,0.0,0.0578154897494305,0.0,0.0,0.0,0.0019157175398633,0.0766833712984054,0.0104646924829157,0.0
2014-10-05 22:00:00,0.3819429223744292,0.0,0.0016461187214611,0.0,0.0,0.0,0.1741118721461187,0.0422146118721461,0.0103995433789954,0.0193401826484018
2014-10-05 23:00:00,0.1499298642533936,0.0,0.0088303167420814,0.0,0.0,0.0,0.0019298642533936,0.0,0.0105090497737556,0.0200542986425339
2014-10-06 00:00:00,0.2735926773455377,0.0,0.0445194508009153,0.0,0.0,0.0,0.001974828375286,0.0646979405034324,0.0106155606407322,0.0164897025171624
2014-10-06 01:00:00,0.3473899082568807,0.0,0.0,0.0,0.0,0.0,0.0019701834862385,0.0885321100917431,0.0105711009174311,0.0
2014-10-06 02:00:00,0.3246963470319634,0.0,0.0553652968036529,0.0,0.0,0.0,0.0019748858447488,0.0,0.0105707762557077,0.0
2014-10-06 03:00:00,0.3120319634703196,0.0,0.0,0.0,0.0,0.0,0.0019840182648401,0.0790022831050228,0.0106164383561643,0.0
2014-10-06 04:00:00,0.2342648401826484,0.0,0.018972602739726,0.0,0.0,0.0,0.0019771689497716,0.0,0.010607305936073,0.0
2014-10-06 05:00:00,0.1916910755148741,0.0,0.0351739130434782,0.0,0.0,0.0,0.0019130434782608,0.0,0.0104805491990846,0.0
2014-10-06 06:00:00,0.232628701594533,0.0,0.0,0.0,0.0,0.0215740318906605,0.0019157175398633,0.0869430523917995,0.0104943052391799,0.0158041002277904
2014-10-06 07:00:00,0.2235949656750572,0.0,0.0540503432494279,0.0,0.0,0.0116292906178489,0.0017185354691075,0.0,0.010391304347826,0.0136521739130434
2014-10-06 08:00:00,0.1578283752860411,0.0,0.0,0.0,0.0,0.0148924485125858,0.0016178489702517,0.0,0.0102860411899313,0.0
2014-10-06 09:00:00,0.2151340909090909,0.0,0.0205477272727272,0.0,0.0,0.008390909090909,0.0018090909090909,0.0621886363636363,0.0103863636363636,0.0
2014-10-06 10:00:00,0.2223986332574032,0.0,0.0308724373576309,0.0,0.0,0.0,0.001886104783599,0.0,0.0104328018223234,0.0
2014-10-06 11:00:00,0.2004084158415841,0.0,0.0,0.0,0.0,0.0,0.001819306930693,0.0,0.0103985148514851,0.0
2014-10-06 12:00:00,0.2986613636363636,0.0,0.0499590909090909,0.0,0.0,0.0,0.0018590909090909,0.0020363636363636,0.0103840909090909,0.0
2014-10-06 13:00:00,0.5197084282460137,0.0,0.0001799544419134,0.0,0.0,0.0,0.0018063781321184,0.1236492027334852,0.0104054669703872,0.0070888382687927
2014-10-06 14:00:00,0.4727881548974942,0.0,0.0511708428246013,0.0,0.0,0.0,0.0018109339407744,0.0,0.0103712984054669,0.0137084282460136
2014-10-06 15:00:00,1.767267573696145,0.0,0.0002403628117913,0.0,0.0,0.0,0.001750566893424,0.1029433106575963,0.0104625850340136,0.0
2014-10-06 16:00:00,1.1584587155963302,0.0,0.0459541284403669,0.0,0.0,0.0,0.0017591743119266,0.0,0.0103853211009174,3.669724770642202e-05
2014-10-06 17:00:00,1.6852801822323462,0.0,0.0028154897494305,0.0,0.0,0.0,0.0017084282460136,0.0607767653758542,0.0102870159453302,0.0049020501138952
2014-10-06 18:00:00,0.2160945945945945,0.0,0.0218693693693693,0.0,0.0,0.0,0.0017815315315315,0.0617387387387387,0.0103513513513513,0.0165878378378378
2014-10-06 19:00:00,0.153945205479452,0.0,0.0273082191780821,0.0,0.0,0.0,0.0016255707762557,0.0,0.0103013698630136,0.0193059360730593
2014-10-06 20:00:00,0.5414054669703873,0.0,0.0376924829157175,0.0,0.0,0.0,0.0018132118451025,0.0,0.0104350797266514,0.0196492027334851
2014-10-06 21:00:00,0.3753272311212814,0.0,0.0082677345537757,0.0,0.0,0.0,0.0018306636155606,0.0437345537757437,0.0103821510297482,0.0194347826086956
2014-10-06 22:00:00,0.2398789954337899,0.0,0.0451986301369863,0.0,0.0,0.0,0.0017351598173515,0.0,0.0103378995433789,0.0195045662100456
2014-10-06 23:00:00,0.176931506849315,0.0,0.0,0.0,0.0,0.0,0.0019337899543378,0.0,0.0104817351598173,0.0204246575342465
2014-10-07 00:00:00,0.1967775229357798,0.0,0.0509449541284403,0.0,0.0,0.0,0.0019655963302752,0.0,0.0105779816513761,0.0199288990825688
2014-10-07 01:00:00,0.1807220956719817,0.0,0.0,0.0,0.0,0.0,0.0019772209567198,0.0,0.0104988610478359,0.02001138952164
2014-10-07 02:00:00,0.2061350114416476,0.0,0.0525240274599542,0.0,0.0,0.0,0.0019679633867276,0.0,0.0105514874141876,0.0200617848970251
2014-10-07 03:00:00,0.1274383561643835,0.0,0.0,0.0,0.0,0.0,0.0018447488584474,0.0,0.0105022831050228,0.0197853881278538
2014-10-07 04:00:00,0.2382054794520547,0.0,0.0405182648401826,0.0,0.0,0.0,0.0018812785388127,0.0,0.0104383561643835,0.0198652968036529
2014-10-07 05:00:00,0.1543348519362186,0.0,0.0137630979498861,0.0,0.0,0.0,0.0019043280182232,0.0,0.0104487471526195,0.0198041002277904
2014-10-07 06:00:00,0.1211757990867579,0.0,0.0112739726027397,0.0,0.0,0.0,0.0017260273972602,0.0,0.0103744292237442,0.0197054794520547
2014-10-07 07:00:00,0.2291880733944954,0.0,0.0459793577981651,0.0,0.0,0.0,0.0016949541284403,0.0,0.0103440366972477,0.0195045871559633
2014-10-07 08:00:00,0.317796803652968,0.0,0.0,0.0,0.0,0.0,0.0016917808219178,0.090579908675799,0.0103036529680365,0.0195844748858447
2014-10-07 09:00:00,0.3962883295194508,0.0,0.0549359267734553,0.0,0.0,0.0,0.0379702517162471,0.0,0.0102860411899313,0.0192379862700228
2014-10-07 10:00:00,0.5484331065759638,0.0,0.0,0.0,0.0,0.0,0.0016666666666666,0.0,0.0103492063492063,0.019360544217687
2014-10-07 11:00:00,0.7278054919908467,0.0,0.0440022883295194,0.0,0.0,0.0,0.0016201372997711,0.0,0.010345537757437,0.0194096109839816
2014-10-07 12:00:00,0.4859839816933638,0.0,0.008720823798627,0.0,0.0,0.0,0.0015766590389016,0.0560366132723112,0.0102837528604119,0.019391304347826
2014-10-07 13:00:00,0.3792314606741573,0.0,0.0472696629213483,0.0,0.0,0.0,0.0016606741573033,0.0,0.0103303370786516,0.0148224719101123
2014-10-07 14:00:00,0.6583529411764706,0.0,0.0,0.0,0.0,0.0,0.0016153846153846,0.0,0.010262443438914,0.0
2014-10-07 15:00:00,0.5924568181818182,0.0,0.0465136363636363,0.0,0.0,0.0,0.0016590909090909,0.0,0.0103340909090909,0.0
2014-10-07 16:00:00,1.0646909090909091,0.5110659090909091,0.0126431818181818,0.0,0.15125,0.0104795454545454,0.0014727272727272,0.0,0.0102295454545454,0.0
2014-10-07 17:00:00,0.3458997722095672,0.2582209567198177,0.0009225512528473,0.0,0.0001503416856492,0.0244031890660592,0.0016924829157175,0.0,0.0103280182232346,0.0
2014-10-07 18:00:00,0.3479816933638444,0.0165949656750572,0.0570160183066361,0.0,0.0,0.0072105263157894,0.0601029748283752,0.0,0.0103272311212814,0.0125308924485125
2014-10-07 19:00:00,0.2041467889908257,0.0143669724770642,0.0,0.0,0.0,0.0,0.0280137614678899,0.0,0.0104197247706422,0.0064311926605504
2014-10-07 20:00:00,0.1226307339449541,0.0127614678899082,0.0303096330275229,0.0,0.0,0.0,0.0017522935779816,0.0,0.0103738532110091,0.0
2014-10-07 21:00:00,0.1313136363636363,0.0115272727272727,0.0254090909090909,0.0,0.0,0.0,0.001765909090909,0.0,0.010365909090909,0.0
2014-10-07 22:00:00,0.3577739726027397,0.0118995433789954,0.0084657534246575,0.0,0.0,0.0,0.0018470319634703,0.0914703196347032,0.0104132420091324,0.001662100456621
2014-10-07 23:00:00,0.215974828375286,0.0100938215102974,0.0431006864988558,0.0,0.0,0.0,0.0019130434782608,0.0,0.010441647597254,0.0020480549199084
2014-10-08 00:00:00,0.1650251141552511,0.0095159817351598,0.0,0.0,0.0,0.0,0.001917808219178,0.0731278538812785,0.0104634703196347,0.0050502283105022
2014-10-08 01:00:00,0.2780411899313501,0.0090617848970251,0.0503432494279176,0.0,0.0,0.0,0.0019221967963386,0.1163546910755148,0.0104919908466819,0.0
2014-10-08 02:00:00,0.2026567505720823,0.0110526315789473,0.0001098398169336,0.0,0.0,0.0,0.0019519450800915,0.0876933638443936,0.0104988558352402,0.0
2014-10-08 03:00:00,0.1437866972477064,0.0121857798165137,0.0501353211009174,0.0,0.0,0.0,0.001947247706422,0.0,0.0105573394495412,0.0
2014-10-08 04:00:00,0.0767899543378995,0.0120616438356164,2.2831050228310503e-06,0.0,0.0,0.0,0.001931506849315,0.0,0.0105319634703196,0.0
2014-10-08 05:00:00,0.0915442176870748,0.0121519274376417,0.0127120181405895,0.0,0.0,0.0,0.0019455782312925,0.0,0.0105646258503401,0.0
2014-10-08 06:00:00,0.1225377574370709,0.011670480549199,0.0372974828375286,0.0,0.0,0.0,0.0017734553775743,0.0,0.0103890160183066,0.0
2014-10-08 07:00:00,0.1112962962962963,0.0122777777777777,0.0,0.0,0.0,0.0,0.0017708333333333,0.0,0.0103819444444444,0.0
2014-10-08 08:00:00,0.2156566820276497,0.0095875576036866,0.0443502304147465,0.0,0.0,0.0,0.001626728110599,0.0,0.0102649769585253,0.0
2014-10-08 09:00:00,0.2351654846335697,0.0062222222222222,0.0079148936170212,0.0,0.0,0.0,0.001806146572104,0.0678014184397163,0.0103971631205673,0.0
2014-10-08 10:00:00,0.749117359413203,0.0076136919315403,0.0055134474327628,0.0,0.0,0.0,0.0019119804400977,0.0,0.0104058679706601,0.0
2014-10-08 11:00:00,0.6976566820276499,0.0129377880184331,0.0488341013824884,0.0,0.0,0.0,0.0019470046082949,0.0,0.0105276497695852,0.0
2014-10-08 12:00:00,0.849574074074074,0.0134791666666666,0.0,0.0,0.0,0.0,0.0019236111111111,0.0,0.0105,0.0
2014-10-08 13:00:00,0.4475359628770302,0.0121276102088167,0.0391368909512761,0.0,0.0,0.0,0.0017169373549883,0.0,0.0103758700696055,0.0
2014-10-08 14:00:00,0.5073025404157044,0.0133487297921478,0.01729792147806,0.0,0.0,0.0,0.001771362586605,0.0,0.0102886836027713,0.0
2014-10-08 15:00:00,0.462900462962963,0.0115856481481481,0.0,0.0,0.0,0.0,0.0019328703703703,0.0,0.0104768518518518,0.0
2014-10-08 16:00:00,0.2426261467889908,0.008440366972477,0.0580275229357798,0.0,0.0,0.0,0.0017522935779816,0.0,0.0103371559633027,0.0
2014-10-08 17:00:00,0.194091533180778,0.0077345537757437,0.0,0.0,0.0,0.0,0.0017780320366132,0.0615560640732265,0.0104050343249427,0.0140274599542334
2014-10-08 18:00:00,0.1151141552511415,0.012255707762557,0.0096301369863013,0.0,0.0,0.0,0.0016849315068493,0.0,0.0103333333333333,0.0102808219178082
2014-10-08 19:00:00,0.139442396313364,0.0123778801843317,0.0485783410138248,0.0,0.0,0.0,0.0015138248847926,0.0,0.0102788018433179,0.0
2014-10-08 20:00:00,0.0738268792710706,0.012134396355353,0.0,0.0,0.0,0.0,0.0017744874715261,0.0,0.0103917995444191,0.0
2014-10-08 21:00:00,0.1020502283105022,0.0127442922374429,0.0248949771689497,0.0,0.0,0.0,0.0018013698630136,0.0,0.0104018264840182,0.0
2014-10-08 22:00:00,0.1168440366972477,0.0088600917431192,0.0347568807339449,0.0,0.0,0.0,0.0018646788990825,0.0,0.0104082568807339,0.0
2014-10-08 23:00:00,0.1812402745995423,0.0046109839816933,0.0,0.0,0.0,0.0,0.0381052631578947,0.0387711670480549,0.0104942791762013,4.576659038901602e-05
2014-10-09 00:00:00,0.1788223234624145,0.0120364464692482,0.0379088838268792,0.0,0.0,0.0,0.0019521640091116,0.0,0.0105603644646924,0.0201025056947608
2014-10-09 01:00:00,0.3782912844036697,0.0144724770642201,0.0209311926605504,0.0,0.0,0.0,0.0019633027522935,0.2296261467889908,0.0106123853211009,0.0052477064220183
2014-10-09 02:00:00,0.0818314350797266,0.0127699316628701,0.0,0.0,0.0,0.0,0.0019612756264236,0.0,0.0105307517084282,0.0
2014-10-09 03:00:00,0.1502517162471396,0.0108237986270022,0.055183066361556,0.0,0.0,0.0,0.0019725400457665,0.0,0.0106567505720823,0.0
2014-10-09 04:00:00,0.0714036697247706,0.0037866972477064,0.0,0.0,0.0,0.0,0.0019770642201834,0.0,0.0105504587155963,0.0
2014-10-09 05:00:00,0.0781647597254004,0.0107368421052631,0.0023501144164759,0.0,0.0,0.0,0.0019267734553775,0.0,0.0105675057208238,0.0
2014-10-09 06:00:00,0.1483890160183066,0.0128741418764302,0.0540160183066361,0.0,0.0,0.0,0.0017780320366132,0.0,0.0104073226544622,0.0
2014-10-09 07:00:00,0.1146910755148741,0.0131098398169336,0.0,0.0,0.0,0.0,0.0016521739130434,0.0,0.010345537757437,0.0
2014-10-09 08:00:00,0.6907848970251717,0.0085377574370709,0.0139221967963386,0.0,0.0,0.0,0.0017162471395881,0.0,0.0103043478260869,0.0
2014-10-09 09:00:00,1.2556886363636364,0.003840909090909,0.0457431818181818,0.0,0.0,0.0,0.0017136363636363,0.0,0.0102886363636363,0.0
2014-10-09 10:00:00,1.1495580865603643,0.012002277904328,0.0,0.0,0.0,0.0,0.0016537585421412,0.0,0.0102733485193621,0.0
2014-10-09 11:00:00,0.6477729357798165,0.0122064220183486,0.0283646788990825,0.0,0.0,0.0,0.0016811926605504,0.0,0.0102821100917431,0.0
2014-10-09 12:00:00,0.3500818181818181,0.0140590909090909,0.0284795454545454,0.0,0.0,0.0,0.0018181818181818,0.0,0.0104272727272727,0.0047613636363636
2014-10-09 13:00:00,0.8855252293577981,0.0134243119266055,0.0164082568807339,0.0,0.0,0.0,0.0017683486238532,0.1234633027522935,0.0104036697247706,0.019637614678899
2014-10-09 14:00:00,0.5493632183908046,0.0074091954022988,0.0340413793103448,0.0,0.0,0.0,0.0017264367816091,0.0,0.0103057471264367,0.0194666666666666
2014-10-09 15:00:00,0.5197881548974943,0.0082141230068337,0.0002027334851936,0.0,0.0,0.0,0.0017858769931662,0.0564510250569476,0.0103553530751708,0.0114760820045558
2014-10-09 16:00:00,0.2847835990888382,0.0127471526195899,0.0530888382687927,0.0,0.0,0.0,0.0017289293849658,0.0,0.0101913439635535,0.0
2014-10-09 17:00:00,0.238538990825688,0.0141559633027522,0.0002133027522935,0.0,0.0,0.0,0.0018142201834862,0.0812866972477064,0.010341743119266,0.0036582568807339
2014-10-09 18:00:00,0.2261797235023041,0.0128525345622119,0.0512626728110599,0.0,0.0,0.0,0.001626728110599,0.0,0.0103202764976958,0.0045138248847926
2014-10-09 19:00:00,0.0667002457002457,0.0061498771498771,0.0,0.0,0.0,0.0,0.0016068796068796,0.0,0.0102997542997542,0.0
2014-10-09 20:00:00,0.0942530712530712,0.006056511056511,0.0213366093366093,0.0,0.0,0.0,0.0016830466830466,0.0,0.0103464373464373,0.0
2014-10-09 21:00:00,0.3642425742574257,0.0160940594059405,0.0288341584158415,0.0,0.0001584158415841,0.0,0.0018267326732673,0.1238366336633663,0.0104405940594059,0.0
2014-10-09 22:00:00,0.8744029126213592,0.0126529126213592,0.0228373786407766,0.0,1.941747572815534e-05,0.0,0.0536893203883495,0.0964490291262135,0.0103956310679611,0.015002427184466
2014-10-09 23:00:00,0.1514839449541284,0.0129220183486238,0.0258899082568807,0.0,0.0,0.0,0.0022064220183486,0.0,0.0105206422018348,0.0199587155963302
2014-10-10 00:00:00,0.2583135011441648,0.0109084668192219,0.0301327231121281,0.0,0.0,0.0,0.0019382151029748,0.0833958810068649,0.0105217391304347,0.0083432494279176
2014-10-10 01:00:00,0.3448310502283105,0.0058059360730593,0.0183219178082191,0.0,0.0,0.0,0.0019360730593607,0.2149269406392694,0.0105867579908675,0.0
2014-10-10 02:00:00,0.135628701594533,0.0123166287015945,0.0449293849658314,0.0,4.555808656036447e-05,0.0,0.0019635535307517,0.0,0.0105421412300683,0.0
2014-10-10 03:00:00,0.0770480549199084,0.0127185354691075,0.0,0.0,0.0,0.0,0.0019794050343249,0.0,0.0106064073226544,0.0
2014-10-10 04:00:00,0.1387935779816513,0.0133623853211009,0.0439678899082568,0.0,0.0,0.0,0.0019541284403669,0.0,0.0105550458715596,0.0
2014-10-10 05:00:00,0.0733967889908256,0.0103646788990825,0.0,0.0,0.0,0.0,0.0019357798165137,0.0,0.0105091743119266,0.0
2014-10-10 06:00:00,0.1226544622425629,0.002741418764302,0.0441418764302059,0.0,0.0,0.0,0.0017551487414187,0.0,0.0103569794050343,0.0
2014-10-10 07:00:00,0.1163196347031963,0.0128036529680365,0.0,0.0,0.0,0.0,0.0017876712328767,0.0,0.0103744292237442,0.0
2014-10-10 08:00:00,0.7385354691075515,0.0138878718535469,0.0395697940503432,0.0,0.0,0.0,0.001741418764302,0.0,0.0102929061784897,0.0
2014-10-10 09:00:00,1.4180435779816514,0.0142385321100917,0.0101743119266055,0.0,0.0,0.0,0.0017477064220183,0.0,0.0103394495412844,0.0047614678899082
2014-10-10 10:00:00,1.3310434782608696,0.006228832951945,0.0306544622425629,1.95579176201373,0.0,0.0,0.0016659038901601,0.1283432494279176,0.0102929061784897,0.0194462242562929
2014-10-10 11:00:00,1.7448344827586206,0.0068597701149425,0.0172459770114942,0.0811425287356321,0.0001471264367816,0.0216781609195402,0.0018505747126436,0.0525218390804597,0.0103908045977011,0.0011701149425287
2014-10-10 12:00:00,1.4323059360730594,0.0131187214611872,0.0154954337899543,0.0036849315068493,0.0,0.0334794520547945,0.0019063926940639,0.0724817351598173,0.0104543378995433,0.0
2014-10-10 13:00:00,1.198545871559633,0.0144701834862385,0.0471422018348623,0.0434334862385321,0.0,0.018887614678899,0.001947247706422,0.0587706422018348,0.0104816513761467,0.015545871559633
2014-10-10 14:00:00,0.8475,0.0129068181818181,0.0,0.0019863636363636,0.0,0.0190136363636363,0.0019022727272727,0.0,0.0104272727272727,0.0062090909090909
2014-10-10 15:00:00,0.4243940774487472,0.0074646924829157,0.0547813211845102,0.0018997722095671,0.0,0.0079658314350797,0.0017129840546697,0.0,0.0103667425968109,0.0
2014-10-10 16:00:00,0.1371409090909091,0.0061090909090909,0.0,0.0018613636363636,0.0,0.007915909090909,0.0016136363636363,0.0,0.0103022727272727,0.0
2014-10-10 17:00:00,0.187453514739229,0.0139024943310657,0.0494897959183673,0.0018321995464852,0.0,0.0079002267573696,0.0015623582766439,0.0,0.0103015873015873,0.0
2014-10-10 18:00:00,0.1057692307692307,0.0128371040723981,0.0049027149321266,0.0018823529411764,0.0,0.0079502262443438,0.0016990950226244,0.0,0.0103597285067873,0.0
2014-10-10 19:00:00,0.1102902494331065,0.01237641723356,0.0231678004535147,0.0018435374149659,0.0,0.0079160997732426,0.0016326530612244,0.0,0.0103197278911564,0.0
2014-10-10 20:00:00,0.1329887133182844,0.0121693002257336,0.0359097065462753,0.0019255079006772,0.0,0.008099322799097,0.0018735891647855,0.0,0.0104446952595936,0.0
2014-10-10 21:00:00,0.0831594533029612,0.0042277904328018,0.0,0.0019271070615034,0.0,0.0072870159453302,0.0017972665148063,0.0,0.0104031890660592,0.0
2014-10-10 22:00:00,0.241961625282167,0.0090474040632054,0.0522031602708803,0.0019683972911963,0.0,0.0073363431151241,0.0018577878103837,0.0812686230248307,0.0103611738148984,0.0052483069977426
2014-10-10 23:00:00,0.1280436781609195,0.0131103448275862,0.0,0.0019885057471264,0.0,0.0074505747126436,0.0019494252873563,0.0,0.0105540229885057,0.0198206896551724
2014-10-11 00:00:00,0.1619243119266055,0.0129977064220183,0.0282798165137614,0.001993119266055,0.0,0.0074793577981651,0.0019220183486238,0.0,0.0105481651376146,0.0198463302752293
2014-10-11 01:00:00,0.2487064220183486,0.0133119266055045,0.0229908256880733,0.001993119266055,0.0,0.0109518348623853,0.001947247706422,0.0689380733944954,0.0105435779816513,0.0199908256880733
2014-10-11 02:00:00,0.3850227790432802,0.004136674259681,0.0095466970387243,0.0010318906605922,0.0,0.020134396355353,0.0428701594533029,0.1882300683371298,0.0104988610478359,0.0199362186788154
2014-10-11 03:00:00,0.202647465437788,0.0086520737327188,0.0413617511520737,0.0,0.0,0.0080046082949308,0.0018663594470046,0.0544516129032258,0.0104769585253456,0.0004216589861751
2014-10-11 04:00:00,0.0976916099773242,0.014501133786848,0.0,0.0,0.0,0.0079841269841269,0.001798185941043,0.0,0.0104104308390022,0.0
2014-10-11 05:00:00,0.1489609195402298,0.013335632183908,0.0502919540229885,0.0,0.0,0.0079816091954022,0.0017333333333333,0.0,0.0103954022988505,0.0
2014-10-11 06:00:00,0.0849816933638444,0.0124439359267734,0.0,0.0,0.0,0.0079771167048054,0.00162471395881,0.0,0.0103112128146453,0.0
2014-10-11 07:00:00,0.1476400911161731,0.0042232346241457,0.0209179954441913,0.0,0.0,0.0079931662870159,0.0016947608200455,0.0,0.010380410022779,0.0
2014-10-11 08:00:00,0.3960412844036697,0.011841743119266,0.0280252293577981,0.0,0.0,0.0079793577981651,0.0016307339449541,0.0,0.01025,0.0
2014-10-11 09:00:00,0.5821799544419134,0.0147425968109339,0.0,0.0,0.0,0.0079658314350797,0.00175854214123,0.0,0.0103257403189066,0.0
2014-10-11 10:00:00,1.4000477272727274,0.013675,0.0534954545454545,0.0,0.0,0.007975,0.00165,0.0794590909090909,0.0103636363636363,0.0
2014-10-11 11:00:00,0.5482785388127854,0.0047899543378995,0.0,0.0,0.0,0.0079634703196347,0.0016598173515981,0.0565525114155251,0.0102876712328767,0.0
2014-10-11 12:00:00,0.5752270642201834,0.0083004587155963,0.0237660550458715,0.0,0.0,0.0079885321100917,0.00175,0.0,0.0103279816513761,0.0
2014-10-11 13:00:00,0.668013698630137,0.0134109589041095,0.0311141552511415,0.0,0.0,0.0079771689497716,0.0017762557077625,0.0,0.0103812785388127,0.0
2014-10-11 14:00:00,0.4293812785388128,0.0131095890410958,0.0,0.0,0.0,0.0079885844748858,0.0018561643835616,0.0,0.0104200913242009,0.0
2014-10-11 15:00:00,0.4572899543378995,0.010662100456621,0.0555091324200913,0.0,0.0,0.0079885844748858,0.0018584474885844,0.0,0.0104292237442922,0.0
2014-10-11 16:00:00,0.1761689497716895,0.0033744292237442,0.0,0.0,0.0,0.007986301369863,0.0018356164383561,0.0,0.0103744292237442,0.0
2014-10-11 17:00:00,0.1573432494279176,0.011720823798627,0.0259473684210526,0.0,0.0,0.0079656750572082,0.0016842105263157,0.0,0.010370709382151,0.0
2014-10-11 18:00:00,0.1615388127853881,0.0127671232876712,0.0291963470319634,0.0,0.0,0.0079840182648401,0.0017602739726027,0.0,0.0103652968036529,0.0
2014-10-11 19:00:00,0.1782929061784897,0.0125583524027459,0.0,0.0,0.0,0.0079885583524027,0.0017597254004576,0.0,0.0103409610983981,0.0
2014-10-11 20:00:00,0.2808623853211009,0.0095871559633027,0.0551009174311926,0.0,0.0,0.00798623853211,0.0583050458715596,0.0,0.0103371559633027,0.0091674311926605
2014-10-11 21:00:00,0.1034942791762013,0.0036681922196796,0.0,0.0,0.0,0.0079725400457665,0.0015995423340961,0.0,0.0103409610983981,0.0022173913043478
2014-10-11 22:00:00,0.1399655963302752,0.012197247706422,0.0189587155963302,0.0,0.0,0.0165275229357798,0.0017729357798165,0.0,0.0103922018348623,0.0058165137614678
2014-10-11 23:00:00,0.4453310502283105,0.0159155251141552,0.0367100456621004,0.0,0.0,0.0261643835616438,0.0019200913242009,0.2717945205479452,0.0105342465753424,0.0
2014-10-12 00:00:00,0.1355206422018348,0.0132614678899082,0.0,0.0,0.0,0.0418784403669724,0.001940366972477,0.0,0.0105596330275229,0.0
2014-10-12 01:00:00,0.1793712984054669,0.0079521640091116,0.0518428246013667,0.0,0.0,0.0410250569476082,0.0019681093394077,0.0,0.0105421412300683,0.0
2014-10-12 02:00:00,0.2008535469107551,0.0054096109839816,0.0,0.0,0.0,0.0342196796338672,0.0019313501144164,0.0733318077803203,0.0104645308924485,0.0
2014-10-12 03:00:00,0.1225596107055961,0.0144866180048661,0.0088953771289537,0.0,0.0,0.0,0.001978102189781,0.0104671532846715,0.0105328467153284,0.0
2014-10-12 04:00:00,0.1331977011494252,0.0136643678160919,0.0413080459770114,0.0,0.0,0.0,0.0019609195402298,0.0,0.0104896551724137,0.0
2014-10-12 05:00:00,0.074615909090909,0.0101227272727272,0.0,0.0,0.0,0.0,0.0019636363636363,0.0,0.010540909090909,0.0
2014-10-12 06:00:00,0.1144783599088838,0.0035512528473804,0.0337243735763097,0.0,0.0,0.0,0.0018952164009111,0.0,0.0104510250569476,0.0
2014-10-12 07:00:00,0.133045766590389,0.0147185354691075,0.015183066361556,0.0,0.0,0.0,0.0018375286041189,0.0,0.0104256292906178,0.0
2014-10-12 08:00:00,0.1442362385321101,0.0130206422018348,0.0,0.0,0.0,0.0,0.0017224770642201,0.0,0.0102637614678899,0.0
2014-10-12 09:00:00,0.3737185354691075,0.0088032036613272,0.0498947368421052,0.0,0.0,0.0,0.0018421052631578,0.0142768878718535,0.0103821510297482,0.0
2014-10-12 10:00:00,0.7136096997690531,0.0085127020785219,3.695150115473441e-05,0.0,0.0,0.0,0.0019006928406466,0.0726120092378752,0.0104457274826789,0.0
2014-10-12 11:00:00,1.2055773672055428,0.0116605080831408,0.0197159353348729,0.0,0.0,0.0,0.0019214780600461,0.0,0.0104711316397228,0.0
2014-10-12 12:00:00,1.3690068807339448,0.0139449541284403,0.0282408256880733,0.0,0.0,0.0,0.0019564220183486,0.0,0.0105137614678899,0.0
2014-10-12 13:00:00,0.9785366972477064,0.0151674311926605,0.0,0.0,0.0,0.0,0.0019174311926605,0.0,0.0105229357798165,0.0
2014-10-12 14:00:00,0.5964077448747153,0.0134806378132118,0.0478929384965831,0.0,0.0,0.0,0.0019225512528473,0.0,0.0104259681093394,0.0
2014-10-12 15:00:00,0.4625871559633027,0.0050068807339449,0.0,0.0,0.0,0.0,0.0016720183486238,0.0,0.0103165137614678,0.0
2014-10-12 16:00:00,0.3432613636363636,0.007640909090909,0.0331704545454545,0.0,0.0,0.0071272727272727,0.0014522727272727,0.1100272727272727,0.0102590909090909,0.0100204545454545
2014-10-12 17:00:00,0.7535057208237986,0.0133318077803203,0.0181693363844393,0.406,0.0,0.007741418764302,0.0016796338672768,0.0383661327231121,0.0103501144164759,0.0072631578947368
2014-10-12 18:00:00,0.5844885321100918,0.014644495412844,0.0145045871559633,0.0894977064220183,0.0,0.0,0.0016788990825688,0.0,0.0102683486238532,0.0046743119266055
2014-10-12 19:00:00,0.5959564220183485,0.011098623853211,0.035887614678899,0.0613004587155963,0.0,0.0,0.0017637614678899,0.0849243119266055,0.0103830275229357,0.0111605504587155
2014-10-12 20:00:00,0.1609429223744292,0.0033515981735159,0.0013881278538812,0.0021187214611872,0.0,0.0,0.0016803652968036,0.0566004566210045,0.010310502283105,0.0084497716894977
2014-10-12 21:00:00,0.1931886363636363,0.0120022727272727,0.0434613636363636,0.00195,0.0,0.0,0.0018636363636363,0.057190909090909,0.0104454545454545,0.0
2014-10-12 22:00:00,0.1473135011441647,0.0147757437070938,7.093821510297482e-05,7.093821510297482e-05,0.0,0.0,0.0018993135011441,0.0,0.0104141876430205,0.0080228832951945
2014-10-12 23:00:00,0.2591922196796338,0.0144004576659038,0.0458215102974828,0.0,0.0,0.0211899313501144,0.0019427917620137,0.0,0.0104713958810068,0.0
2014-10-13 00:00:00,0.1123257403189066,0.0072027334851936,0.0,0.0,0.0,0.0079931662870159,0.0019589977220956,0.0,0.0105353075170842,0.0088405466970387
2014-10-13 01:00:00,0.4196949541284404,0.0077821100917431,0.0463188073394495,0.0,0.0,0.007993119266055,0.0019518348623853,0.2431582568807339,0.0104793577981651,0.0
2014-10-13 02:00:00,0.1353424657534246,0.0135502283105022,0.0,0.0,0.0,0.0370753424657534,0.0019680365296803,0.0,0.0105022831050228,0.0
2014-10-13 03:00:00,0.1634816513761468,0.0134105504587155,0.0313669724770642,0.0,0.0,0.0389518348623853,0.0019724770642201,0.0,0.0105206422018348,0.0
2014-10-13 04:00:00,0.1366995412844036,0.0082178899082568,0.0158142201834862,0.0,0.0,0.02448623853211,0.0019655963302752,0.0,0.010545871559633,0.0
2014-10-13 05:00:00,0.068637614678899,0.0050275229357798,0.0,0.0,0.0,0.0,0.0019587155963302,0.0,0.0105435779816513,0.0
2014-10-13 06:00:00,0.1344155251141552,0.0132648401826484,0.0469429223744292,0.0,0.0,0.0,0.0018150684931506,0.0,0.0103721461187214,0.0
2014-10-13 07:00:00,0.1520825688073394,0.0148073394495412,0.0,0.0,0.0,0.0,0.0018623853211009,0.0,0.0103990825688073,0.0
2014-10-13 08:00:00,0.167741418764302,0.0073340961098398,0.0283089244851258,0.0,0.0,0.0,0.0018146453089244,0.0,0.0102883295194508,0.0
2014-10-13 09:00:00,0.2041666666666666,0.0054135021097046,0.018837552742616,0.0,0.0,0.0,0.0013924050632911,0.0,0.0102025316455696,0.0
2014-10-13 10:00:00,0.2500481481481481,0.0,2.7777777777777776e-05,0.0,0.0,0.0,0.0012907407407407,0.0529425925925925,0.0101166666666666,0.0048851851851851
2014-10-13 11:00:00,0.1833735408560311,0.0144280155642023,0.0482237354085603,0.0,0.0,0.0,0.0015661478599221,0.0,0.0102996108949416,0.0
2014-10-13 12:00:00,0.1370857699805068,0.0104054580896686,0.0,0.0,0.0,0.0,0.001541910331384,0.0,0.0102787524366471,0.0
2014-10-13 13:00:00,0.1701770428015564,0.0037198443579766,0.0328579766536965,0.0,0.0,0.0,0.0015719844357976,0.0,0.0102762645914396,0.0
2014-10-13 14:00:00,0.1409961165048543,0.0132058252427184,0.0169145631067961,0.0,0.0,0.0,0.0015592233009708,0.0,0.0102446601941747,0.0
2014-10-13 15:00:00,0.1195291828793774,0.0127237354085603,0.0,0.0,0.0,0.0,0.0017354085603112,0.0,0.0103326848249027,0.0
2014-10-13 16:00:00,0.184541910331384,0.013037037037037,0.0503859649122807,0.0,0.0,0.0,0.001438596491228,0.0,0.0102592592592592,0.0
2014-10-13 17:00:00,0.2041182170542635,0.0020891472868217,0.0,0.0,0.0,0.0,0.0425503875968992,0.0,0.0103100775193798,0.0144031007751937
2014-10-13 18:00:00,0.23008203125,0.01080859375,0.035884765625,0.0,0.0,0.0,0.00130078125,0.073931640625,0.010189453125,0.016564453125
2014-10-13 19:00:00,0.0965126213592233,0.0138174757281553,0.0179766990291262,0.0,0.0,0.0,0.0015533980582524,0.0,0.0102543689320388,0.0
2014-10-13 20:00:00,0.0769921875,0.013224609375,0.0,0.0,0.0,0.0,0.001736328125,0.0,0.010322265625,0.0
2014-10-13 21:00:00,0.4951150097465887,0.0069473684210526,0.0507680311890838,0.0,0.0,0.0,0.2106354775828459,0.0692962962962962,0.0104463937621832,0.0183469785575048
2014-10-13 22:00:00,0.1135885826771653,0.0063346456692913,0.0,0.0,0.0,0.0,0.0018799212598425,0.0,0.0104901574803149,0.0199488188976377
2014-10-13 23:00:00,0.146416015625,0.013177734375,0.025248046875,0.0,0.0,0.0,0.001888671875,0.0,0.010498046875,0.020001953125
2014-10-14 00:00:00,0.1684805447470817,0.0134396887159533,0.0263015564202334,0.0,0.0,0.0,0.0019688715953307,0.0169066147859922,0.010568093385214,0.0194961089494163
2014-10-14 01:00:00,0.4555536062378167,0.0088518518518518,0.0112397660818713,0.0,0.0,0.0,0.0174970760233918,0.2745087719298245,0.0105477582846003,0.0
2014-10-14 02:00:00,0.1521617933723197,0.0043157894736842,0.0439005847953216,0.0,0.0,0.0,0.0019161793372319,0.0,0.0104522417153996,0.0
2014-10-14 03:00:00,0.1338155339805825,0.0132854368932038,0.0433883495145631,0.0,0.0,0.0,0.001883495145631,0.0,0.010526213592233,0.0
2014-10-14 04:00:00,0.1279863813229572,0.0136070038910505,0.0393307392996108,0.0,0.0,0.0,0.0019435797665369,0.0,0.0104591439688715,0.0
2014-10-14 05:00:00,0.1213060428849902,0.0086920077972709,0.0372475633528265,0.0,0.0,0.0,0.0018460038986354,0.0,0.0104113060428849,0.0
2014-10-14 06:00:00,0.1156984435797665,0.0047023346303501,0.0367334630350194,0.0,0.0,0.0,0.0017665369649805,0.0,0.0103871595330739,0.0
2014-10-14 07:00:00,0.1570194931773879,0.0131072124756335,0.0344775828460039,0.0,0.0,0.0,0.0017368421052631,0.0,0.0103781676413255,0.0
2014-10-14 08:00:00,0.218495126705653,0.0143625730994152,0.0330194931773879,0.0,0.0,0.0,0.0016315789473684,0.0,0.0102397660818713,0.0
2014-10-14 09:00:00,0.1622801556420233,0.0075233463035019,0.0340836575875486,0.0,0.0,0.0,0.0016225680933852,0.0,0.0102431906614785,0.0
2014-10-14 10:00:00,0.2998990291262136,0.0057417475728155,0.0323242718446602,0.0,0.0,0.0,0.001778640776699,0.080326213592233,0.0103106796116504,0.0
2014-10-14 11:00:00,0.38675390625,0.013302734375,0.033232421875,0.0,0.0,0.0,0.001900390625,0.0613984375,0.01046875,0.001208984375
2014-10-14 12:00:00,0.1611332046332046,0.0144362934362934,0.0,0.0,0.0,0.0,0.0019073359073359,0.0,0.0104189189189189,0.0088474903474903
2014-10-14 13:00:00,0.3470038535645472,0.0099595375722543,0.0369788053949903,0.0,0.0,0.0,0.0019190751445086,0.0927341040462427,0.0104181117533718,0.0212292870905587
2014-10-14 14:00:00,0.3032061657032755,0.0034951830443159,0.0,0.0,0.0,0.0,0.0018458574181117,0.2276396917148362,0.0103949903660886,0.0074527938342967
2014-10-14 15:00:00,0.2136627450980392,0.0146941176470588,0.0393274509803921,0.0,0.0,0.0245980392156862,0.0017392156862745,0.0,0.0103549019607843,0.0
2014-10-14 16:00:00,0.21175,0.0134140625,0.0,0.0,0.0,0.02366796875,0.001765625,0.077224609375,0.010353515625,0.0
2014-10-14 17:00:00,0.2394615384615384,0.0119053254437869,0.0437416173570019,0.0,0.0,0.0071439842209072,0.0017692307692307,0.0,0.0104023668639053,0.0
2014-10-14 18:00:00,0.1062007874015748,0.0023149606299212,0.0,0.0,0.0,0.0071200787401574,0.0016633858267716,0.0,0.0103169291338582,0.0
2014-10-14 19:00:00,0.1369552529182879,0.0111634241245136,0.0479027237354085,0.0,0.0,0.0071322957198443,0.0017548638132295,0.0,0.0103346303501945,0.0
2014-10-14 20:00:00,0.0888479532163742,0.0128070175438596,0.0,0.0,0.0,0.0071656920077972,0.0018226120857699,0.0,0.0103469785575048,0.0
2014-10-14 21:00:00,0.1539021526418786,0.0147025440313111,0.0377358121330724,0.0,0.0,0.0071154598825831,0.0017592954990215,0.0,0.0103796477495107,0.0
2014-10-14 22:00:00,0.251208984375,0.008810546875,0.00945703125,0.0,8.7890625e-05,0.007189453125,0.001931640625,0.09916796875,0.010310546875,0.0
2014-10-14 23:00:00,0.6575577299412916,0.0068649706457925,0.0045068493150684,0.0,0.5037729941291585,0.0071526418786692,0.001839530332681,8.610567514677103e-05,0.0102994129158512,0.0
2014-10-15 00:00:00,0.8207736943907157,0.0138858800773694,0.0439709864603481,0.0,0.5487234042553191,0.0072417794970986,0.0019187620889748,0.0457098646034816,0.0103404255319148,0.0
2014-10-15 01:00:00,0.1551011673151751,0.0136964980544747,0.0,0.0,0.0002334630350194,0.007192607003891,0.0019241245136186,0.0454416342412451,0.01034046692607,0.0
2014-10-15 02:00:00,0.3376530214424951,0.0142456140350877,0.0501189083820662,0.0,0.0,0.0072007797270955,0.001943469785575,0.1651345029239766,0.010307992202729,0.0
2014-10-15 03:00:00,0.082972602739726,0.006651663405088,0.0,0.0,0.0,0.0071956947162426,0.0019569471624266,0.0,0.0103111545988258,0.0
2014-10-15 04:00:00,0.1037173489278752,0.0077387914230019,0.0185146198830409,0.0,0.0,0.0072417153996101,0.0019610136452241,0.0,0.0103391812865497,0.0
2014-10-15 05:00:00,0.12591015625,0.014474609375,0.03065234375,0.0,0.0,0.00719921875,0.001892578125,0.0,0.010328125,0.0
2014-10-15 06:00:00,0.0845456310679611,0.0131844660194174,0.0,0.0,0.0,0.0071456310679611,0.0017961165048543,0.0,0.0102543689320388,0.0
2014-10-15 07:00:00,0.184609375,0.009216796875,0.050208984375,0.0,0.0,0.007173828125,0.001853515625,0.0,0.010236328125,0.0
2014-10-15 08:00:00,0.1448579766536965,0.0046459143968871,0.0,0.0,0.0,0.0071478599221789,0.0018073929961089,0.0,0.0102003891050583,0.0
2014-10-15 09:00:00,0.1550508806262231,0.0130841487279843,0.0087729941291585,0.0,0.0,0.0070861056751467,0.0017495107632093,0.0,0.0101761252446183,0.0
2014-10-15 10:00:00,0.2792019607843137,0.0136666666666666,0.0426764705882352,0.0,0.0,0.0070999999999999,0.0017843137254901,0.0,0.010192156862745,0.0
2014-10-15 11:00:00,0.6187076023391813,0.0116920077972709,5.068226120857699e-05,0.0,0.0,0.0070955165692007,0.0017992202729044,0.0800097465886939,0.0101929824561403,0.0016023391812865
2014-10-15 12:00:00,0.753801652892562,0.0021756198347107,0.0560268595041322,0.0,0.0,0.0070867768595041,0.00175,0.068590909090909,0.010245867768595,0.0108140495867768
2014-10-15 13:00:00,0.3813522504892367,0.0135694716242661,0.0003522504892367,0.0,0.0,0.0071213307240704,0.0018297455968688,0.0729256360078278,0.0102622309197651,0.0
2014-10-15 14:00:00,0.467411306042885,0.0128888888888888,0.0261384015594541,0.0,0.0,0.0071247563352826,0.0018810916179337,0.055027290448343,0.0102436647173489,0.0044873294346978
2014-10-15 15:00:00,0.1620945945945945,0.0139536679536679,0.0256891891891891,0.0,0.0,0.0070945945945945,0.0018378378378378,0.0,0.0102374517374517,0.0
2014-10-15 16:00:00,0.1209343629343629,0.0040791505791505,0.0,0.0,0.0,0.0071061776061776,0.0017528957528957,0.0,0.0102123552123552,0.0
2014-10-15 17:00:00,0.2235280464216634,0.0094023210831721,0.0509110251450677,0.0,0.0,0.0071063829787234,0.0016905222437137,0.0,0.0101953578336557,0.0
2014-10-15 18:00:00,0.0894077669902912,0.0127514563106796,0.0,0.0,0.0,0.0070485436893203,0.0015475728155339,0.0,0.010157281553398,0.0
2014-10-15 19:00:00,0.3695135658914729,0.0132209302325581,0.0496918604651162,0.0,0.0,0.007063953488372,0.165484496124031,0.0,0.0102209302325581,0.0016356589147286
2014-10-15 20:00:00,0.1069373776908023,0.0099549902152641,0.0,0.0,0.0,0.0071115459882583,0.0017925636007827,0.0,0.010238747553816,0.0
2014-10-15 21:00:00,0.1746015625,0.00502734375,0.032802734375,0.0,0.0,0.0071328125,0.00183203125,0.0,0.0102734375,0.0
2014-10-15 22:00:00,0.44367578125,0.012111328125,0.021107421875,0.0,0.0,0.0071484375,0.039560546875,0.129150390625,0.010263671875,0.015298828125
2014-10-15 23:00:00,0.1284598825831702,0.0148414872798434,0.0,0.0,0.0,0.0071780821917808,0.0019138943248532,0.0,0.0103424657534246,0.021197651663405
2014-10-16 00:00:00,0.4638169291338582,0.0131850393700787,0.0541968503937007,0.0,0.0,0.0071751968503937,0.0019173228346456,0.2131043307086614,0.0103307086614173,0.0028877952755905
2014-10-16 01:00:00,0.1992183235867446,0.0082923976608187,0.0001481481481481,0.0,0.0,0.0071130604288499,0.0018089668615984,0.1038148148148148,0.010317738791423,0.0
2014-10-16 02:00:00,0.1427645914396887,0.0066108949416342,0.0492295719844358,0.0,0.0,0.0071031128404669,0.0017976653696498,0.0,0.0102276264591439,0.0
2014-10-16 03:00:00,0.085921875,0.013666015625,0.0,0.0,0.0,0.007126953125,0.00184375,0.0,0.010283203125,0.0
2014-10-16 04:00:00,0.112888671875,0.013328125,0.024654296875,0.0,0.0,0.0071484375,0.00186328125,0.0,0.01023828125,0.0
2014-10-16 05:00:00,0.1164011741682974,0.0111174168297455,0.0281448140900195,0.0,0.0,0.0071369863013698,0.0017808219178082,0.0,0.0102328767123287,0.0
2014-10-16 06:00:00,0.0819181286549707,0.0027446393762183,0.0,0.0,0.0,0.0070623781676413,0.0016530214424951,0.0,0.0101754385964912,0.0
2014-10-16 07:00:00,0.1813281553398058,0.0122019417475728,0.0541126213592233,0.0,0.0,0.007104854368932,0.0017378640776699,0.0,0.0102252427184466,0.0
2014-10-16 08:00:00,0.1453820662768031,0.0145341130604288,0.0,0.0,0.0,0.0071130604288499,0.001756335282651,0.0,0.0101715399610136,0.0
2014-10-16 09:00:00,0.2638810916179337,0.0153723196881091,0.0274717348927875,0.0,0.0,0.0188382066276803,0.0016198830409356,0.1034658869395711,0.0102007797270955,0.01453216374269
2014-10-16 10:00:00,0.2376262230919765,0.0088160469667318,0.0281389432485322,0.0,0.0,0.0210528375733855,0.001692759295499,0.0,0.0101800391389432,0.0046712328767123
2014-10-16 11:00:00,0.5328011695906433,0.0067115009746588,0.0,0.0,0.0,0.0071871345029239,0.0016510721247563,0.0,0.010224171539961,0.0
2014-10-16 12:00:00,1.5256626984126984,0.0124246031746031,0.0567242063492063,0.0,0.0,0.0072123015873015,0.0017559523809523,0.0,0.0101904761904761,0.0
2014-10-16 13:00:00,1.14005078125,0.013791015625,0.0,0.0,0.0,0.007232421875,0.0018125,0.0,0.0102421875,0.0
2014-10-16 14:00:00,0.842388671875,0.0140859375,0.016875,0.0,0.0,0.0072578125,0.001814453125,0.0,0.01022265625,0.0
2014-10-16 15:00:00,0.3117364341085271,0.0068430232558139,0.0420329457364341,0.0,0.0,0.0072015503875968,0.0017790697674418,0.0,0.010234496124031,0.0
2014-10-16 16:00:00,0.1986666666666666,0.0077680311890838,0.0,0.0,0.0,0.0071656920077972,0.0016900584795321,0.0,0.0102066276803118,0.0
2014-10-16 17:00:00,0.180485380116959,0.0142904483430799,0.0470994152046783,0.0,0.0,0.0071364522417154,0.0016686159844054,0.0,0.0102124756335282,0.0
2014-10-16 18:00:00,0.1047504835589941,0.0142205029013539,0.0088046421663442,0.0,0.0,0.0071257253384912,0.0015473887814313,0.0,0.0101702127659574,0.0
2014-10-16 19:00:00,0.2261964980544747,0.0096712062256809,0.01684046692607,0.0,0.0,0.0071575875486381,0.0016459143968871,0.0838929961089494,0.0101848249027237,0.0103035019455252
2014-10-16 20:00:00,0.2451660231660231,0.0042567567567567,0.0354652509652509,0.0,0.0,0.0071969111969111,0.0016911196911196,0.0962915057915058,0.0101853281853281,0.0111969111969111
2014-10-16 21:00:00,0.2587095516569201,0.0141500974658869,0.0260623781676413,0.0,0.0,0.0072904483430799,0.0473957115009746,0.0,0.0102923976608187,0.0129083820662768
2014-10-16 22:00:00,0.2040428015564202,0.0154513618677042,0.0225797665369649,0.0,0.0,0.007249027237354,0.0018638132295719,0.0,0.0102334630350194,0.0
2014-10-16 23:00:00,0.720204280155642,0.0088774319066147,0.0079902723735408,0.0,0.0,0.0072762645914396,0.0018599221789883,0.1579007782101167,0.0102879377431906,0.0035466926070038
2014-10-17 00:00:00,0.7692923976608187,0.0067076023391812,0.0468752436647173,0.0,0.0,0.007345029239766,0.0019200779727095,0.1044171539961013,0.0103352826510721,0.0166861598440545
2014-10-17 01:00:00,0.29893359375,0.0139765625,8.203125e-05,0.0,0.0,0.027501953125,0.00192578125,0.150154296875,0.010333984375,0.0
2014-10-17 02:00:00,0.2485594541910331,0.0135945419103313,0.0516666666666666,0.0,1.949317738791423e-06,0.0139512670565302,0.0019571150097465,0.0792124756335282,0.0103508771929824,0.0
2014-10-17 03:00:00,0.0873078431372549,0.0137843137254901,0.0,0.0,0.0,0.0,0.0019705882352941,0.0,0.0103470588235294,0.0
2014-10-17 04:00:00,0.1352198443579766,0.0100019455252918,0.050136186770428,0.0,0.0,0.0,0.001920233463035,0.0,0.0103365758754863,0.0
2014-10-17 05:00:00,0.0736281800391389,0.0042191780821917,0.002119373776908,0.0,0.0,0.0,0.0018708414872798,0.0,0.0103013698630136,0.0
2014-10-17 06:00:00,0.097363813229572,0.0141381322957198,0.0162996108949416,0.0,0.0,0.0,0.0018813229571984,0.0,0.0103015564202334,0.0
2014-10-17 07:00:00,0.1540978473581213,0.0156144814090019,0.0346575342465753,0.0,0.0,0.0,0.0016125244618395,0.0,0.0102270058708414,0.0
2014-10-17 08:00:00,0.2365669291338583,0.0124803149606299,0.0,0.0,0.0,0.0,0.0016141732283464,0.0,0.0101476377952755,0.0
2014-10-17 09:00:00,1.00053515625,0.00305859375,0.050615234375,0.0,0.0,0.0,0.001533203125,0.09180859375,0.010166015625,0.00573046875
2014-10-17 10:00:00,1.278709302325581,0.0109011627906976,0.0,0.0,0.0,0.0,0.0015678294573643,0.0,0.0101647286821705,0.0191046511627906
2014-10-17 11:00:00,0.9558019607843136,0.0149627450980392,0.0386882352941176,0.0,0.0,0.0292490196078431,0.0016078431372549,0.0445313725490196,0.0101960784313725,0.0018411764705882
2014-10-17 12:00:00,0.9116432748538013,0.0132495126705653,0.0156374269005847,0.0,0.0,0.0100545808966861,0.0016647173489278,0.0,0.0101871345029239,0.0
2014-10-17 13:00:00,1.1986038834951458,0.8131631067961165,0.0231300970873786,0.0,0.003735922330097,0.0,0.0016233009708737,0.0718194174757281,0.0102213592233009,0.0
2014-10-17 14:00:00,0.6469902534113061,0.0463508771929824,0.0357699805068226,0.0,0.0,0.0,0.0017816764132553,0.0408167641325536,0.0102222222222222,0.0
2014-10-17 15:00:00,0.3914647058823529,0.0139647058823529,0.0041627450980392,0.0,0.0,0.0,0.0018294117647058,0.0,0.0102666666666666,0.0
2014-10-17 16:00:00,0.2157397260273972,0.015371819960861,0.0504422700587084,0.0,0.0,0.0,0.0018747553816046,0.0,0.0102544031311154,0.0
2014-10-17 17:00:00,0.1094688715953307,0.0163832684824902,0.0,0.0,0.0,0.0,0.0018132295719844,0.0,0.0102509727626459,0.0
2014-10-17 18:00:00,0.1384252427184466,0.0131126213592233,0.0548194174757281,0.0,0.0,0.0,0.0015281553398058,0.0,0.0101902912621359,0.0
2014-10-17 19:00:00,0.0700958904109589,0.0056966731898238,0.0,0.0,0.0,0.0,0.0015909980430528,0.0,0.0101996086105675,0.0
2014-10-17 20:00:00,0.111681640625,0.011208984375,0.0325234375,0.0,0.0,0.0,0.001716796875,0.0,0.010240234375,0.0
2014-10-17 21:00:00,0.102352140077821,0.0152256809338521,0.0202354085603112,0.0,0.0,0.0,0.0018579766536964,0.0,0.0103210116731517,0.0
2014-10-17 22:00:00,0.38229296875,0.020455078125,0.045931640625,0.0,0.0015,0.0,0.0853125,0.11031640625,0.010205078125,0.012501953125
2014-10-17 23:00:00,0.2762027290448343,0.017719298245614,0.0046998050682261,0.0,0.0,0.0,0.0064210526315789,0.1310526315789473,0.0102904483430799,0.0196413255360623
2014-10-18 00:00:00,0.152920233463035,0.0195136186770428,0.0278190661478599,0.0,0.0,0.0,0.0019066147859922,0.0,0.0102859922178988,0.019612840466926
2014-10-18 01:00:00,0.1522807017543859,0.014906432748538,0.0257251461988304,0.0,0.0,0.0,0.0018830409356725,0.0,0.010317738791423,0.0197231968810916
2014-10-18 02:00:00,0.1183879142300194,0.0157797270955165,0.0,0.0,0.0,0.0,0.0019454191033138,0.0,0.0102846003898635,0.0198089668615984
2014-10-18 03:00:00,0.1861506849315068,0.012252446183953,0.0574540117416829,0.0,0.0,0.0,0.0019549902152641,0.0,0.0103424657534246,0.0198043052837573
2014-10-18 04:00:00,0.115685546875,0.008923828125,0.0,0.0,0.0,0.0,0.00195703125,0.0,0.010361328125,0.019837890625
2014-10-18 05:00:00,0.1682155339805825,0.0087281553398058,0.0463223300970873,0.0,0.0,0.0,0.0019398058252427,0.0,0.0103689320388349,0.019609708737864
2014-10-18 06:00:00,0.3442163742690058,0.0145302144249512,0.0101988304093567,0.0,0.0,0.0,0.0017290448343079,0.2123820662768031,0.0102202729044834,0.01188693957115
2014-10-18 07:00:00,0.2024176470588235,0.0148039215686274,0.0108372549019607,0.0,0.0,0.0,0.001778431372549,0.0761411764705882,0.0102764705882352,0.0
2014-10-18 08:00:00,0.1778238747553816,0.0142544031311154,0.0448375733855185,0.0,0.0,0.0,0.0018688845401174,0.0,0.0102465753424657,0.0
2014-10-18 09:00:00,0.251962890625,0.009947265625,0.0,0.0,0.0,0.0,0.00184375,0.0,0.01025390625,0.0
2014-10-18 10:00:00,0.4631789883268482,0.0052704280155642,0.0563424124513618,0.0,0.0,0.0,0.0017704280155642,0.0,0.0102159533073929,0.0
2014-10-18 11:00:00,0.94383984375,0.01398828125,0.0,0.0,0.0,0.0,0.001787109375,0.0,0.010263671875,0.002486328125
2014-10-18 12:00:00,0.611595703125,0.013359375,0.046521484375,0.0,0.002,0.0,0.001751953125,0.1413359375,0.010228515625,0.019623046875
2014-10-18 13:00:00,0.6074853228962818,0.0136634050880626,0.0094872798434442,0.0,0.0,0.0,0.0018864970645792,0.0,0.0102504892367906,0.0194696673189823
2014-10-18 14:00:00,0.5225653021442495,0.0086335282651072,0.0517387914230019,0.0,0.0,0.0,0.001766081871345,0.0444522417153996,0.010224171539961,0.0192690058479532
2014-10-18 15:00:00,0.3199574468085106,0.0055822050290135,0.0,0.0,0.0,0.0,0.0018336557059961,0.0,0.0102437137330754,0.0190986460348162
2014-10-18 16:00:00,0.2429922480620155,0.0140562015503875,0.0542480620155038,0.0,0.0,0.0,0.0016143410852713,0.0,0.0102054263565891,0.0194709302325581
2014-10-18 17:00:00,0.4270721247563352,0.013719298245614,0.0,0.0,0.0,0.0,0.0817465886939571,0.203635477582846,0.0101988304093567,0.0190565302144249
2014-10-18 18:00:00,0.170495164410058,0.0145841392649903,0.0382727272727272,0.0,0.0,0.0,0.0017949709864603,0.0,0.0101779497098646,0.0192882011605415
2014-10-18 19:00:00,0.2110307101727447,0.0126468330134357,0.0181708253358925,0.0,0.0,0.0,0.0017389635316698,0.0715585412667946,0.0102130518234165,0.0147754318618042
2014-10-18 20:00:00,0.1051722113502935,0.0049021526418786,0.011839530332681,0.0,0.0,0.0,0.0017455968688845,0.0,0.0101878669275929,0.0
2014-10-18 21:00:00,0.148689453125,0.011205078125,0.0460859375,0.0,0.0,0.0,0.001865234375,0.0,0.01025,0.0
2014-10-18 22:00:00,0.1803508771929824,0.0152495126705653,0.0,0.0,0.0,0.0,0.0018421052631578,0.0778479532163742,0.0102417153996101,0.0
2014-10-18 23:00:00,0.1534186046511627,0.0142945736434108,0.0542945736434108,0.0,0.0,0.0,0.0018643410852713,0.0,0.0103352713178294,0.0
2014-10-19 00:00:00,0.0728615984405458,0.0059376218323586,0.0,0.0,0.0,0.0,0.0019590643274853,0.0,0.0103157894736842,0.0
2014-12-01 00:00:00,0.0819298245614035,0.016615984405458,0.0,0.0011988304093567,0.0,0.0,0.0019727095516569,0.0,0.0122475633528265,0.0
2014-12-01 01:00:00,0.1247315175097276,0.0,0.04568093385214,0.0001498054474708,0.0,0.0,0.0019416342412451,0.0,0.0121867704280155,0.0
2014-12-01 02:00:00,0.080192607003891,0.0163657587548638,0.0,0.0,0.0,0.0,0.0019377431906614,0.0,0.0122431906614785,0.0
2014-12-01 03:00:00,0.067565637065637,0.0007567567567567,0.0,0.0004633204633204,0.0,0.0,0.0019401544401544,0.0,0.0122316602316602,0.0
2014-12-01 04:00:00,0.1439303675048356,0.0157620889748549,0.0461914893617021,0.0,0.0,0.0,0.0019690522243713,0.0,0.0122553191489361,0.0
2014-12-01 05:00:00,0.0712621359223301,0.0070388349514563,0.0,0.0016640776699029,0.0,0.0,0.0019067961165048,0.0,0.0122116504854368,0.0
2014-12-01 06:00:00,0.0733313953488372,0.0097616279069767,0.0,0.0003236434108527,0.0,0.0,0.0018333333333333,0.0,0.0121531007751938,0.0
2014-12-01 07:00:00,0.1328201160541586,0.0121508704061895,0.0468336557059961,0.0008646034816247,0.0,0.0,0.001669245647969,0.0,0.0121431334622823,0.0
2014-12-01 08:00:00,0.0691689320388349,0.004083495145631,0.0,0.0004932038834951,0.0,0.0,0.001735922330097,0.0,0.012157281553398,0.0
2014-12-01 09:00:00,0.1172898832684824,0.0169124513618677,0.0,0.0008793774319066,0.0,0.0,0.0018560311284046,0.0,0.0121750972762645,0.0
2014-12-01 10:00:00,0.1846750483558994,0.0,0.0478781431334622,0.0,0.0,0.0,0.0018549323017408,0.0,0.0121992263056092,0.0
2014-12-01 11:00:00,0.1249514563106796,0.0160970873786407,0.0,0.0001514563106796,0.0,0.0,0.0017650485436893,0.0,0.0121398058252427,0.0
2014-12-01 12:00:00,0.117558994197292,0.0,0.0,0.0001566731141199,0.0,0.0,0.0018181818181818,0.0,0.0121779497098646,0.0
2014-12-01 13:00:00,0.1899106796116505,0.017378640776699,0.0483203883495145,0.0003126213592233,0.0,0.0,0.0018699029126213,0.0,0.012126213592233,0.0
2014-12-01 14:00:00,0.1195856031128404,0.0,0.0,0.0003307392996108,0.0,0.0,0.0017762645914396,0.0,0.0121848249027237,0.0
2014-12-01 15:00:00,0.0853984526112185,0.0165125725338491,0.0,0.0,0.0,0.0,0.0017040618955512,0.0,0.0121160541586073,0.0
2014-12-01 16:00:00,0.1201012145748987,0.0,0.0448117408906882,0.0,0.0,0.0,0.0016518218623481,0.0,0.0121457489878542,0.0
2014-12-01 17:00:00,0.0784680851063829,0.0176228239845261,0.0,0.0,0.0,0.0,0.0018085106382978,0.0,0.0121489361702127,0.0
2014-12-01 18:00:00,0.0812926356589147,0.0020872093023255,0.0,0.0,0.0,0.0,0.0017112403100775,0.0,0.0121511627906976,0.0
2014-12-01 19:00:00,0.3258430232558139,0.0169806201550387,0.0447538759689922,0.0,0.0,0.0,0.001829457364341,0.077406976744186,0.0121434108527131,0.0136686046511627
2014-12-01 20:00:00,0.2341029126213592,0.008778640776699,0.0001145631067961,0.0,0.0,0.0,0.0018291262135922,0.0607864077669902,0.0121747572815533,0.0204291262135922
2014-12-01 21:00:00,0.1942859922178988,0.0080214007782101,0.0002101167315175,0.0,0.0,0.0,0.0017568093385214,0.0608677042801556,0.012124513618677,0.0198482490272373
2014-12-01 22:00:00,0.2746257197696737,0.0177428023032629,0.045982725527831,0.0,0.0,0.0,0.0018483685220729,0.0928675623800383,0.0121842610364683,0.0202936660268714
2014-12-01 23:00:00,0.1287782101167315,0.0060369649805447,0.0,0.0,0.0,0.0,0.0019591439688715,0.0,0.0122256809338521,0.0045038910505836
2014-12-02 00:00:00,0.2778015414258188,0.010543352601156,0.0050867052023121,0.0,0.0,0.0,0.0019749518304431,0.0778516377649325,0.0122177263969171,0.0198323699421965
2014-12-02 01:00:00,0.2474124513618677,0.0161536964980544,0.0404046692607003,0.0,0.0,0.0,0.0019494163424124,0.0,0.0121498054474708,0.0207821011673151
2014-12-02 02:00:00,0.3126220930232558,0.0,0.0,0.0,0.0,0.0,0.0019302325581395,0.1269806201550387,0.0121782945736434,0.020484496124031
2014-12-02 03:00:00,0.1160735009671179,0.0160580270793036,0.0081334622823984,0.0,0.0,0.0,0.0019516441005802,0.0,0.0121760154738878,0.0050348162475822
2014-12-02 04:00:00,0.2136976744186046,0.0045833333333333,0.0388488372093023,0.0,0.0,0.0,0.0019476744186046,0.0,0.0121918604651162,0.0
2014-12-02 05:00:00,0.3119864864864865,0.011561776061776,0.0,0.0,0.0,0.0,0.0018359073359073,0.0772142857142857,0.0121216216216216,0.0
2014-12-02 06:00:00,0.1423352826510721,0.0152202729044834,0.0047446393762183,0.0,0.0,0.0,0.0018771929824561,0.0,0.0121832358674463,0.0
2014-12-02 07:00:00,0.276378640776699,0.0002019417475728,0.0475611650485436,0.0,0.0,0.0,0.001631067961165,0.0,0.0121126213592233,0.0
2014-12-02 08:00:00,0.1581712062256809,0.0155700389105058,0.0,0.0,0.0,0.0,0.0017529182879377,0.0,0.0121459143968871,0.0
2014-12-02 09:00:00,0.1302403100775193,0.0061453488372093,0.0,0.0,0.0,0.0,0.0018817829457364,0.0,0.0121472868217054,0.0
2014-12-02 10:00:00,0.3910642023346303,0.0094143968871595,0.0490992217898832,0.0,0.0,0.0,0.0018910505836575,0.0619824902723735,0.0121828793774319,0.0
2014-12-02 11:00:00,0.5757059961315281,0.0161837524177949,0.0,0.0,0.0,0.0,0.0018916827852998,0.0896150870406189,0.0121586073500967,0.0
2014-12-02 12:00:00,0.6957650485436894,0.0051436893203883,0.0,0.0,0.0,0.0,0.0018815533980582,0.0,0.0121902912621359,0.0
2014-12-02 13:00:00,0.3266284046692607,0.0102879377431906,0.0460797665369649,0.0,0.0,0.0,0.0016653696498054,0.0,0.0121556420233463,0.0
2014-12-02 14:00:00,0.1485,0.0156692607003891,0.0,0.0,0.0,0.0,0.0017237354085603,0.0,0.0121575875486381,0.0
2014-12-02 15:00:00,0.1111770428015564,0.0,0.0,0.0,0.0,0.0,0.001749027237354,0.0,0.0121186770428015,0.0
2014-12-02 16:00:00,0.1721186770428015,0.0151595330739299,0.0474922178988326,0.0,0.0,0.0,0.0016031128404669,0.0078715953307392,0.0121284046692607,0.0
2014-12-02 17:00:00,0.9051392649903288,0.0189129593810444,0.0001489361702127,0.0,0.0,0.0,0.0015261121856866,0.2368297872340425,0.0121295938104448,0.0
2014-12-02 18:00:00,0.3629710424710425,1.1583011583011582e-05,0.0042046332046332,0.0,0.0,0.0,0.0017374517374517,0.0,0.0121563706563706,0.0
2014-12-02 19:00:00,0.2433610038610038,0.0181969111969112,0.0491293436293436,0.0,0.0,0.0,0.0018436293436293,0.0,0.0121216216216216,0.0
2014-12-02 20:00:00,0.1028817829457364,0.0170872093023255,0.0,0.0,3.875968992248062e-06,0.0,0.0017286821705426,0.0,0.0121395348837209,0.0
2014-12-02 21:00:00,0.0755399610136452,0.0,0.0,0.0,0.0,0.0,0.001896686159844,0.0,0.0121539961013645,0.0013645224171539
2014-12-02 22:00:00,0.5318427184466019,0.0177883495145631,0.0549902912621359,0.0,0.0,0.0,0.0018038834951456,0.2620873786407767,0.0121592233009708,0.0206271844660194
2014-12-02 23:00:00,0.5655523255813953,0.0204825581395348,0.0036763565891472,0.0,0.0,0.0,0.0019205426356589,0.2733546511627907,0.0121395348837209,0.0199941860465116
2014-12-03 00:00:00,0.1607311411992263,0.0077678916827853,0.0,0.0,0.0,0.0,0.0283288201160541,0.0,0.01221083172147,0.0165377176015473
2014-12-03 01:00:00,0.1287611650485436,0.0074951456310679,0.0388504854368932,0.0,0.0,0.0,0.0018854368932038,0.0,0.0121378640776699,0.0
2014-12-03 02:00:00,0.0894603481624758,0.0170715667311412,0.0077504835589941,0.0,0.0,0.0,0.0019206963249516,0.0,0.012201160541586,0.0
2014-12-03 03:00:00,0.0788246628131021,0.0113776493256262,0.0,0.0,0.0,0.0,0.0018959537572254,0.0,0.0121753371868978,0.0
2014-12-03 04:00:00,0.1000465116279069,0.0040465116279069,0.0173003875968992,0.0,0.0,0.0,0.001906976744186,0.0,0.0122112403100775,0.0
2014-12-03 05:00:00,0.116718992248062,0.022156976744186,0.0298624031007751,0.0,0.0,0.0,0.0018837209302325,0.0,0.0121492248062015,0.0
2014-12-03 06:00:00,0.0722690058479532,0.0062300194931773,0.0,0.0,0.0,0.0,0.0018654970760233,0.0,0.0121695906432748,0.0
2014-12-03 07:00:00,0.1078803921568627,0.0100803921568627,0.0,0.0,0.0,0.0,0.0015666666666666,0.0,0.0121176470588235,0.0
2014-12-03 08:00:00,0.22586328125,0.016287109375,0.051041015625,0.0,0.0,0.0,0.001646484375,0.0,0.012146484375,0.0
2014-12-03 09:00:00,0.4098992248062015,3.875968992248062e-05,0.0,0.0,0.0,0.0,0.0016453488372093,0.0,0.0120988372093023,0.0
2014-12-03 10:00:00,0.866870406189555,0.0165241779497098,0.0,0.0,0.0,0.0,0.0018201160541586,0.0801856866537717,0.0121315280464216,0.0
2014-12-03 11:00:00,0.8247906976744187,0.0078992248062015,0.0082325581395348,0.0,3.1007751937984497e-05,0.0,0.001813953488372,0.0814282945736434,0.0121046511627906,0.0
2014-12-03 12:00:00,0.539044921875,0.00799609375,0.043623046875,0.0,0.0,0.0,0.001857421875,0.0575703125,0.01217578125,0.011083984375
2014-12-03 13:00:00,0.2327258687258687,0.0172915057915057,0.0,0.0,0.0,0.0,0.0018571428571428,0.0,0.0121351351351351,0.0026930501930501
2014-12-03 14:00:00,0.1374513618677043,0.004272373540856,0.0,0.0,0.0,0.0,0.0018151750972762,0.0,0.012136186770428,0.0
2014-12-03 15:00:00,0.1810776699029126,0.011578640776699,0.0477533980582524,0.0,0.0,0.0,0.0017495145631067,0.0,0.0121223300970873,0.0
2014-12-03 16:00:00,0.07654296875,0.015935546875,0.0,0.0,0.0,0.0,0.00152734375,0.0,0.012134765625,0.0
2014-12-03 17:00:00,0.135974609375,0.0,0.0,0.0,0.0,0.0,0.001638671875,0.0,0.01209765625,0.0
2014-12-03 18:00:00,0.1091949317738791,0.0173762183235867,0.0251130604288499,0.0,0.0,0.0,0.0017777777777777,0.0,0.0121072124756335,0.0
2014-12-03 19:00:00,0.1066330097087378,0.0082854368932038,0.0285689320388349,0.0,0.0,0.0,0.0017456310679611,0.0,0.0121417475728155,0.0
2014-12-03 20:00:00,0.076803118908382,0.0097504873294346,0.0,0.0,0.0,0.0,0.0018654970760233,0.0,0.0121578947368421,0.0
2014-12-03 21:00:00,0.2612233009708737,0.016357281553398,0.0,0.0,0.0,0.0,0.0016796116504854,0.0512077669902912,0.0120951456310679,0.011704854368932
2014-12-03 22:00:00,0.1519844660194174,0.0,0.0363417475728155,0.0,0.0,0.0,0.001831067961165,0.0,0.0121902912621359,0.0197029126213592
2014-12-03 23:00:00,0.1431456310679612,0.0167106796116504,0.0141417475728155,0.0,0.0,0.0,0.0019087378640776,0.0,0.0122019417475728,0.0200368932038834
2014-12-04 00:00:00,0.1110658914728682,0.0011841085271317,0.0,0.0,0.0,0.0,0.0019476744186046,0.0,0.0121957364341085,0.0198798449612403
2014-12-04 01:00:00,0.3490330097087378,0.0153631067961165,0.0,0.0,0.0,0.0,0.0017067961165048,0.244757281553398,0.0121669902912621,0.0090563106796116
2014-12-04 02:00:00,0.131669245647969,0.0080735009671179,0.0420348162475822,0.0,0.0,0.0,0.0017195357833655,0.0,0.0121566731141199,0.0
2014-12-04 03:00:00,0.087174081237911,0.0085048355899419,0.012705996131528,0.0,0.0,0.0,0.0018027079303675,0.0,0.012174081237911,0.0
2014-12-04 04:00:00,0.0812412451361867,0.0141770428015564,0.0,0.0,0.0,0.0,0.0019046692607003,0.0,0.0121984435797665,0.0
2014-12-04 05:00:00,0.0670968992248062,0.002734496124031,0.0,0.0,0.0,0.0,0.0017635658914728,0.0,0.0121472868217054,0.0
2014-12-04 06:00:00,0.1058653846153846,0.0168230769230769,0.0230153846153846,0.0,0.0,0.0,0.001776923076923,0.0,0.0121711538461538,0.0
2014-12-04 07:00:00,0.1331206225680933,0.0,0.0280252918287937,0.0,0.0,0.0,0.0017665369649805,0.0,0.0121653696498054,0.0
2014-12-04 08:00:00,0.1618863198458574,0.016917148362235,0.0,0.0,0.0,0.0,0.0018285163776493,0.0,0.0121541425818882,0.0
2014-12-04 09:00:00,0.1411461988304093,0.0,0.0,0.0,0.0,0.0,0.0016783625730994,0.0,0.0120799220272904,0.0
2014-12-04 10:00:00,0.1515068226120857,0.0166081871345029,0.018448343079922,0.0,0.0,0.0,0.0018206627680311,0.0,0.0121617933723196,0.0
2014-12-04 11:00:00,0.175841796875,0.0,0.033564453125,0.0,0.0,0.0,0.00178125,0.0,0.0121484375,0.0
2014-12-04 12:00:00,0.1565996131528046,0.0167292069632495,0.0,0.0,0.0,0.0,0.0016905222437137,0.0,0.0121470019342359,0.0
2014-12-04 13:00:00,0.1564633663366336,0.0,0.0,0.0,0.0,0.0,0.0018,0.0,0.0121524752475247,0.0
2014-12-04 14:00:00,0.4424105058365759,0.0182354085603112,0.0265894941634241,0.0,3.1128404669260704e-05,0.0,0.0017178988326848,0.0797898832684824,0.0121070038910505,0.013044747081712
2014-12-04 15:00:00,0.1719805447470817,0.0,0.0240778210116731,0.0,0.0,0.0,0.0016264591439688,0.0,0.0120933852140077,0.0193443579766537
2014-12-04 16:00:00,0.1006124031007752,0.0175135658914728,0.0,0.0,0.0,0.0,0.0015852713178294,0.0,0.0121182170542635,0.0192887596899224
2014-12-04 17:00:00,0.1477106796116504,0.0063398058252427,0.0,0.0,0.0,0.0,0.0015902912621359,0.0,0.0120990291262135,0.0194796116504854
2014-12-04 18:00:00,0.1675678294573643,0.0101182170542635,0.03859496124031,0.0,0.0,0.0,0.0018217054263565,0.0,0.0121143410852713,0.0195562015503876
2014-12-04 19:00:00,0.3490038240917782,0.0169330783938814,0.0134627151051625,0.0,0.0,0.0,0.0559311663479923,0.0394894837476099,0.0121223709369024,0.0194799235181644
2014-12-04 20:00:00,0.3095505836575875,0.0025972762645914,0.0,0.0,0.0,0.0,0.0018910505836575,0.1040466926070038,0.0121750972762645,0.0195953307392996
2014-12-04 21:00:00,0.1877810077519379,0.0190813953488372,0.0,0.0,0.0,0.0207461240310077,0.0018682170542635,0.0409670542635658,0.0121647286821705,0.0196395348837209
2014-12-04 22:00:00,0.2467965116279069,0.0091705426356589,0.0498817829457364,0.0,0.0,0.0239321705426356,0.032234496124031,0.0,0.0121937984496124,0.0197538759689922
2014-12-04 23:00:00,0.3434719535783366,0.0084061895551257,0.0,0.0,0.0,0.0,0.0019323017408123,0.1938201160541586,0.0122147001934235,0.0042959381044487
2014-12-05 00:00:00,0.2331254826254826,0.0183436293436293,0.0,0.0,0.0,0.0,0.0019247104247104,0.1104247104247104,0.0122200772200772,0.0
2014-12-05 01:00:00,0.0868582524271844,0.0036330097087378,0.012935922330097,0.0,0.0,0.0,0.0019029126213592,0.0,0.0121805825242718,0.0
2014-12-05 02:00:00,0.1242543689320388,0.0141941747572815,0.0366718446601941,0.0,0.0,0.0,0.0019126213592233,0.0,0.0121999999999999,0.0
2014-12-05 03:00:00,0.0795146198830409,0.0141267056530214,0.0,0.0,0.0,0.0,0.0019376218323586,0.0,0.0121968810916179,0.0
2014-12-05 04:00:00,0.0669941860465116,0.0025600775193798,0.0,0.0,0.0,0.0,0.0018817829457364,0.0,0.0121996124031007,0.0
2014-12-05 05:00:00,0.1191498054474708,0.0167140077821011,0.0300836575875486,0.0,0.0,0.0,0.0017704280155642,0.0,0.0121536964980544,0.0
2014-12-05 06:00:00,0.0900289575289575,0.0,0.0196158301158301,0.0,0.0,0.0,0.0017857142857142,0.0,0.0121621621621621,0.0
2014-12-05 07:00:00,0.1131281553398058,0.0169378640776699,0.0,0.0,0.0,0.0,0.0017592233009708,0.0,0.0121592233009708,0.0
2014-12-05 08:00:00,0.1501067961165048,0.0,0.0,0.0,0.0,0.0,0.0016932038834951,0.0,0.0121436893203883,0.0
2014-12-05 09:00:00,0.2884252427184466,0.0188407766990291,0.022135922330097,0.0,0.0,0.0,0.001778640776699,0.0881611650485437,0.0121009708737864,0.0116757281553398
2014-12-05 10:00:00,0.2500868725868725,0.002511583011583,0.0334864864864864,0.0003281853281853,0.0,0.0,0.0017895752895752,0.0409498069498069,0.0121389961389961,0.0114305019305019
2014-12-05 11:00:00,0.397692607003891,0.014192607003891,0.0,0.0,0.0,0.0,0.0018579766536964,0.0761225680933852,0.0121517509727626,0.0
2014-12-05 12:00:00,0.4331902912621359,0.0170815533980582,0.0,0.0,0.0,0.0215475728155339,0.0018038834951456,0.0,0.0121533980582524,0.0
2014-12-05 13:00:00,0.3568660194174757,0.0,0.0172349514563106,0.0,0.0,0.0075339805825242,0.0018718446601941,0.0,0.0121398058252427,0.0
2014-12-05 14:00:00,0.1840621359223301,0.0167650485436893,0.0356504854368932,0.0008776699029126,0.0,0.0073941747572815,0.0018194174757281,0.0,0.0121592233009708,0.0
2014-12-05 15:00:00,0.1070992217898832,0.0,0.0,0.0,0.0,0.0074066147859922,0.0018463035019455,0.0,0.0121614785992217,0.0
2014-12-05 16:00:00,0.107647859922179,0.0172003891050583,0.0,0.002817120622568,0.0,0.0073501945525291,0.0016692607003891,0.0,0.0121303501945525,0.0
2014-12-05 17:00:00,0.2625906432748537,0.0003196881091617,0.0400916179337232,0.0,0.0,0.0073372319688109,0.0018284600389863,0.0,0.0121559454191033,0.0
2014-12-05 18:00:00,0.6541378640776698,0.0185980582524271,0.0145611650485436,0.0004757281553398,0.0,0.0071766990291262,0.0016330097087378,0.1193553398058252,0.0121126213592233,0.0
2014-12-05 19:00:00,0.4440972762645914,0.019544747081712,0.0,0.0,0.0,0.0072451361867704,0.0497918287937743,0.0,0.0121050583657587,0.0
2014-12-05 20:00:00,0.2309514563106796,0.0081728155339805,0.0,0.0,0.0,0.0072504854368932,0.0017883495145631,0.0931067961165048,0.0121592233009708,0.0
2014-12-05 21:00:00,0.3188843930635838,0.0117148362235067,0.0408535645472061,0.0,0.0,0.0073314065510597,0.0106936416184971,0.1189190751445086,0.012159922928709,0.0
2014-12-05 22:00:00,0.1254230019493177,0.0170818713450292,0.0111267056530214,0.0,0.0,0.007391812865497,0.0019103313840155,0.0,0.0121617933723196,0.0
2014-12-05 23:00:00,0.1964603481624758,0.0135454545454545,0.0,0.0,0.0042088974854932,0.0074313346228239,0.0019206963249516,0.0650928433268858,0.0121818181818181,0.0048181818181818
2014-12-06 00:00:00,0.1224697855750487,0.006307992202729,0.0,0.0,0.0,0.007438596491228,0.0019395711500974,0.0,0.0121871345029239,0.0198265107212475
2014-12-06 01:00:00,0.3943372319688109,0.0181871345029239,0.0218343079922027,0.0,0.0,0.0073586744639376,0.0018986354775828,0.2560896686159844,0.0121637426900584,0.0021754385964912
2014-12-06 02:00:00,0.1272407766990291,0.0121126213592233,0.0330038834951456,0.0,0.0,0.0074194174757281,0.001926213592233,0.0,0.0122543689320388,0.0
2014-12-06 03:00:00,0.0822951456310679,0.0051844660194174,0.0,0.0,0.0,0.0075106796116504,0.0019281553398058,0.0,0.0122058252427184,0.0
2014-12-06 04:00:00,0.0922364341085271,0.0173720930232558,0.0,0.0,0.0,0.0074922480620155,0.0019418604651162,0.0,0.0122577519379844,0.0
2014-12-06 05:00:00,0.0783507751937984,0.0005329457364341,0.0,0.0,0.0,0.0075038759689922,0.0019341085271317,0.0,0.0121744186046511,0.0
2014-12-06 06:00:00,0.0955396518375241,0.0168181818181818,0.0044835589941972,0.0,0.0,0.0074352030947775,0.0019361702127659,0.0,0.0121856866537717,0.0
2014-12-06 07:00:00,0.1879378640776699,0.006935922330097,0.0529883495145631,0.0,0.0,0.0073203883495145,0.0017320388349514,0.0,0.0121184466019417,0.0
2014-12-06 08:00:00,0.1587635658914728,0.0099709302325581,0.0,0.0,0.0,0.00734496124031,0.0017519379844961,0.0,0.012141472868217,0.0
2014-12-06 09:00:00,0.2986092843326886,0.0114390715667311,0.0,0.0001682785299806,0.0,0.0072669245647969,0.0017388781431334,0.0,0.0121141199226305,0.0
2014-12-06 10:00:00,0.8928849902534113,0.0050545808966861,0.0,0.0006432748538011,0.0,0.0072631578947368,0.0017426900584795,0.0933996101364522,0.0121150097465886,0.0132085769980506
2014-12-06 11:00:00,0.7910583657587549,0.016556420233463,0.0,0.0117120622568093,0.0,0.0072801556420233,0.0018774319066147,0.024488326848249,0.0121147859922178,0.019624513618677
2014-12-06 12:00:00,0.6476174757281553,0.0,0.0469844660194174,0.0022349514563106,0.0,0.0315650485436893,0.0018699029126213,0.0,0.0121631067961165,0.0200058252427184
2014-12-06 13:00:00,1.1489187620889747,0.0181450676982591,0.0115744680851063,0.6076769825918763,0.0,0.0183423597678916,0.0018046421663442,0.0859458413926499,0.0121315280464216,0.0195860735009671
2014-12-06 14:00:00,0.4127408123791102,0.0049787234042553,0.0,0.0747137330754352,0.0,0.007916827852998,0.0018046421663442,0.0,0.0121334622823984,0.0187098646034816
2014-12-06 15:00:00,0.3173384912959381,0.0114990328820116,0.0,0.0375415860735009,0.0,0.0078568665377176,0.0015628626692456,0.0742069632495164,0.0121237911025145,0.0100793036750483
2014-12-06 16:00:00,0.2030618955512572,0.0151682785299806,0.0366189555125725,0.0001547388781431,0.0,0.0078626692456479,0.0015145067698259,0.0,0.0121257253384912,0.0048878143133462
2014-12-06 17:00:00,0.1508233009708738,1.1650485436893204e-05,0.0168504854368932,0.0,0.0,0.0078058252427184,0.0014951456310679,0.0,0.0120970873786407,0.0
2014-12-06 18:00:00,1.2052926356589149,0.0200174418604651,0.0,0.0,0.0,0.0078565891472868,0.0016182170542635,0.1162383720930232,0.012141472868217,0.0062325581395348
2014-12-06 19:00:00,0.4584166666666667,0.0119031007751938,0.0,0.0,0.0,0.0091201550387596,0.0018236434108527,0.1137945736434108,0.0121472868217054,0.0196279069767441
2014-12-06 20:00:00,0.14226213592233,0.0050291262135922,0.0204271844660194,0.0,0.0,0.0074912621359223,0.001883495145631,0.0,0.0121378640776699,0.0187728155339805
2014-12-06 21:00:00,0.2415097276264591,0.0158949416342412,0.0344182879377431,0.0,0.0,0.0075408560311284,0.00184046692607,0.0444610894941634,0.0121322957198443,0.0
2014-12-06 22:00:00,0.1387988394584139,0.0060367504835589,0.0,0.0,0.0,0.007558994197292,0.0018742746615087,0.0,0.0121760154738878,0.0018046421663442
2014-12-06 23:00:00,0.1106866537717601,0.0105899419729206,0.0,0.0,0.0,0.0076266924564796,0.0019497098646034,0.0,0.0121895551257253,0.0014274661508704
2014-12-07 00:00:00,0.3002485549132948,0.0165202312138728,0.0050520231213872,0.0,0.0,0.0076801541425818,0.0019653179190751,0.1774971098265896,0.0122003853564547,0.0
2014-12-07 01:00:00,0.2698031189083821,2.339181286549708e-05,0.0467933723196881,0.0,0.0,0.0283001949317738,0.0019766081871345,0.0711033138401559,0.0121890838206627,0.0
2014-12-07 02:00:00,0.1455551257253385,0.016531914893617,0.0,0.0,0.0,0.0171063829787234,0.0322437137330754,0.0,0.0121934235976789,0.0
2014-12-07 03:00:00,0.0701334622823984,0.0050580270793036,0.0,0.0,0.0,0.0,0.0019206963249516,0.0,0.0121682785299806,0.0
2014-12-07 04:00:00,0.0977081712062256,0.0115466926070038,0.0189824902723735,0.0,0.0,0.0,0.0019533073929961,0.0,0.012204280155642,0.0
2014-12-07 05:00:00,0.1229727626459144,0.0125700389105058,0.0349513618677042,0.0,0.0,0.0,0.0019105058365758,0.0,0.0121964980544747,0.0
2014-12-07 06:00:00,0.0736216216216216,0.0041660231660231,0.0,0.0,0.0,0.0,0.0019227799227799,0.0,0.0121737451737451,0.0
2014-12-07 07:00:00,0.1160503875968992,0.0167480620155038,0.0,0.0,0.0,0.0,0.0018662790697674,0.0,0.0121550387596899,0.0
2014-12-07 08:00:00,0.1955107212475633,0.0,0.032261208576998,0.0,0.0,0.0,0.0018382066276803,0.0,0.0121423001949317,0.0
2014-12-07 09:00:00,0.3291682785299807,0.0164235976789168,0.02105415860735,0.0,0.0,0.0,0.0018317214700193,0.0,0.0121141199226305,0.0
2014-12-07 10:00:00,0.9351063829787234,1.7408123791102515e-05,0.0,0.0,0.0,0.0,0.001852998065764,0.0570309477756286,0.0121392649903288,0.0
2014-12-07 11:00:00,0.260031007751938,0.0174825581395348,0.0,0.0,0.0,0.0,0.0017848837209302,0.0,0.0121317829457364,0.0
2014-12-07 12:00:00,0.2956092843326885,0.0068007736943907,0.0495415860735009,0.0,0.0,0.0,0.0016808510638297,0.0,0.0121334622823984,0.0
2014-12-07 13:00:00,0.2925669902912621,0.0098058252427184,0.0029747572815533,0.0,0.0,0.0,0.0018368932038834,0.0,0.0121378640776699,0.0
2014-12-07 14:00:00,0.1381087378640776,0.0137436893203883,0.0,0.0,0.0,0.0,0.0018932038834951,0.0,0.0121708737864077,0.0
2014-12-07 15:00:00,0.1109477756286266,0.0030135396518375,0.0,0.0,0.0,0.0,0.0018646034816247,0.0,0.0121818181818181,0.0
2014-12-07 16:00:00,0.1422655038759689,0.0163953488372093,0.0508953488372093,0.0,0.0,0.0,0.0016763565891472,0.0,0.0121453488372093,0.0
2014-12-07 17:00:00,0.2486179337231968,0.0,0.0,0.0001793372319688,0.0,0.0,0.0016510721247563,0.0915009746588694,0.0121033138401559,0.0
2014-12-07 18:00:00,0.1721442495126705,0.0182553606237816,0.0,0.0,0.0,0.0,0.001662768031189,0.0,0.0121052631578947,0.0
2014-12-07 19:00:00,0.541887159533074,0.0036225680933852,0.0058326848249027,0.0,0.0,0.0,0.0017568093385214,0.1649494163424124,0.012112840466926,0.0153949416342412
2014-12-07 20:00:00,0.989,0.0151165048543689,0.0451883495145631,0.0,0.0,0.0,0.0018,0.0417475728155339,0.0121708737864077,0.0197533980582524
2014-12-07 21:00:00,0.1758111753371869,0.01726204238921,0.0,0.0,0.0,0.0,0.0018959537572254,0.0,0.0121753371868978,0.0146493256262042
2014-12-07 22:00:00,0.1833611650485437,0.0003669902912621,0.0,0.0,0.0,0.0,0.0018737864077669,0.0,0.0121844660194174,0.0104932038834951
2014-12-07 23:00:00,0.1342392996108949,0.0164221789883268,0.0117431906614785,0.0,0.0,0.0,0.0019007782101167,0.0,0.0121984435797665,0.0198268482490272
2014-12-08 00:00:00,0.455984375,0.016966796875,0.0374140625,0.0,0.0,0.023560546875,0.001939453125,0.255091796875,0.012224609375,0.00074609375
2014-12-08 01:00:00,0.1230755813953488,0.0061317829457364,0.0,0.0,0.0,0.0354302325581395,0.0018856589147286,0.0,0.0121744186046511,0.0
2014-12-08 02:00:00,0.1674003868471953,0.0167543520309477,0.0,0.0,0.0,0.0157911025145067,0.0018994197292069,0.0629497098646034,0.0121798839458413,0.0
2014-12-08 03:00:00,0.0893411306042885,0.0173937621832358,0.0027797270955165,0.0,0.0,0.0,0.0019356725146198,0.0,0.0122319688109161,0.0
2014-12-08 04:00:00,0.1412267441860465,0.00834496124031,0.0498546511627907,0.0,0.0,0.0,0.0019496124031007,0.0,0.0122616279069767,0.0
2014-12-08 05:00:00,0.0769200779727095,0.0084366471734892,0.0,0.0,0.0,0.0,0.0019512670565302,0.0,0.0122261208576998,0.0
2014-12-08 06:00:00,0.077197265625,0.01627734375,0.0,0.0,0.0,0.0,0.00172265625,0.0,0.01219140625,0.0
2014-12-08 07:00:00,0.1025300970873786,0.0025087378640776,0.0,0.0,0.0,0.0,0.0016563106796116,0.0,0.0121320388349514,0.0
2014-12-08 08:00:00,0.2367417475728155,0.0150932038834951,0.0389825242718446,0.0,0.0,0.0,0.0016737864077669,0.0,0.0121417475728155,0.0
2014-12-08 09:00:00,0.16388693957115,0.0118109161793372,0.017448343079922,0.0,0.0,0.0,0.0018070175438596,0.0,0.0120955165692007,0.0
2014-12-08 10:00:00,0.8299360465116279,0.0051744186046511,0.0,0.0,0.5464399224806201,0.0,0.0017945736434108,0.1490562015503876,0.0121511627906976,0.008172480620155
2014-12-08 11:00:00,0.80279296875,0.016119140625,0.0,0.0,0.63103515625,0.0,0.00187890625,0.0,0.01216796875,0.0
2014-12-08 12:00:00,0.4239122807017544,0.0,0.0,0.0,0.0,0.0,0.001896686159844,0.0,0.0121871345029239,0.0
2014-12-08 13:00:00,0.2574446601941747,0.0176,0.0589300970873786,0.0,0.0001883495145631,0.0,0.0019300970873786,0.0,0.0121805825242718,0.0
2014-12-08 14:00:00,0.1349142300194931,0.0025204678362573,0.0,3.118908382066277e-05,0.0,0.0,0.0018947368421052,0.0,0.0121988304093567,0.0
2014-12-08 15:00:00,0.114431067961165,0.0132699029126213,0.0,0.0,0.0,0.0,0.0018252427184466,0.0,0.012157281553398,0.0
2014-12-08 16:00:00,0.073787109375,0.00983203125,0.0,0.0,0.0,0.0,0.00155078125,0.0,0.0121328125,0.0
2014-12-08 17:00:00,0.1647996146435452,0.0065298651252408,0.0163680154142581,0.0,0.0,0.0,0.0015934489402697,0.0,0.0121098265895953,0.0
2014-12-08 18:00:00,0.4966976744186047,0.0175872093023255,0.0462790697674418,0.0,0.0,0.0,0.0017616279069767,0.1029709302325581,0.0121356589147286,0.0
2014-12-08 19:00:00,0.1054893203883495,0.0,0.0,0.0,0.0,0.0,0.0017631067961165,0.0,0.0121165048543689,0.0
2014-12-08 20:00:00,0.0828732943469785,0.0157368421052631,0.0,0.0,0.0,0.0,0.0018752436647173,0.0,0.0121559454191033,0.0
2014-12-08 21:00:00,0.2568146718146718,0.0127432432432432,0.0,0.0,0.0,0.0,0.095011583011583,0.065073359073359,0.0121428571428571,0.0047818532818532
2014-12-08 22:00:00,0.2717743190661479,0.0027140077821011,0.019828793774319,0.0,0.0,0.0,0.0017198443579766,0.109249027237354,0.0121867704280155,0.0
2014-12-08 23:00:00,0.1472248062015504,0.0177093023255813,0.0393527131782945,0.0,0.0,0.0,0.0019263565891472,0.0,0.0121957364341085,0.0
2014-12-09 00:00:00,0.1012441860465116,0.0043391472868217,0.0,0.0,0.0,0.0,0.0019127906976744,0.0,0.012218992248062,0.0
2014-12-09 01:00:00,0.344172480620155,0.0133042635658914,0.0,0.0,0.0,0.0,0.0019321705426356,0.2389360465116279,0.0121705426356589,0.0
2014-12-09 02:00:00,0.0820914396887159,0.0144571984435797,0.0,0.0,0.0,0.0,0.0018579766536964,0.0,0.012192607003891,0.0
2014-12-09 03:00:00,0.0871089494163424,0.0031673151750972,0.0173560311284046,0.0,0.0,0.0,0.0018210116731517,0.0,0.0121828793774319,0.0
2014-12-09 04:00:00,0.1369186046511628,0.0167248062015503,0.0434767441860465,0.0,0.0,0.0,0.0018934108527131,0.0,0.0121899224806201,0.0
2014-12-09 05:00:00,0.0648098039215686,0.0,0.0,0.0,0.0,0.0,0.0018823529411764,0.0,0.0121901960784313,0.0
2014-12-09 06:00:00,0.07854296875,0.016220703125,0.0,0.0,0.0,0.0,0.001716796875,0.0,0.012166015625,0.0
2014-12-09 07:00:00,0.1002787524366471,0.0,0.0,0.0,0.0001091617933723,0.0,0.0016413255360623,0.0,0.0121247563352826,0.0
2014-12-09 08:00:00,0.1563891050583657,0.016920233463035,0.0,0.0,0.0,0.0,0.0016225680933852,0.0,0.0121381322957198,0.0
2014-12-09 09:00:00,0.1744111969111969,0.0,0.0407625482625482,0.0,0.0,0.0,0.0016389961389961,0.0,0.0120945945945945,0.0
2014-12-09 10:00:00,0.2209339805825242,0.0168427184466019,0.0192174757281553,0.0001650485436893,0.0,0.0,0.001735922330097,0.0653611650485436,0.0121495145631067,0.0
2014-12-09 11:00:00,0.1285846456692913,0.0,0.0,3.1496062992125985e-05,6.299212598425197e-05,0.0,0.0018346456692913,0.0,0.0121181102362204,0.0
2014-12-09 12:00:00,0.25694140625,0.019201171875,0.0,0.0,0.0,0.0,0.01867578125,0.112408203125,0.0121484375,0.0037109375
2014-12-09 13:00:00,0.2734132553606238,0.004803118908382,0.0,0.0,0.0,0.0,0.0815672514619883,0.0369025341130604,0.0121403508771929,0.0198576998050682
2014-12-09 14:00:00,0.2125555555555555,0.0112923976608187,0.0500994152046783,0.0,0.0,0.0,0.0018557504873294,0.0,0.0121461988304093,0.0195594541910331
2014-12-09 15:00:00,0.3007054263565891,0.0161492248062015,0.0129263565891472,0.0005290697674418,0.0,0.0,0.0017286821705426,0.0879825581395348,0.01209496124031,0.0010193798449612
2014-12-09 16:00:00,0.255624513618677,7.976653696498054e-05,9.33852140077821e-05,0.0,0.0004980544747081,0.0,0.0015817120622568,0.059556420233463,0.0121089494163424,0.0
2014-12-09 17:00:00,0.152687984496124,0.0164205426356589,0.0,0.0,0.0,0.0,0.0016918604651162,0.0,0.0121046511627906,0.0184883720930232
2014-12-09 18:00:00,0.442718992248062,0.0093779069767441,0.016687984496124,0.0,0.0,0.0,0.0018255813953488,0.0734418604651162,0.0121356589147286,0.0196240310077519
2014-12-09 19:00:00,0.4820311284046693,0.0092957198443579,0.0378832684824902,0.0,0.0,0.0,0.0018229571984435,0.081556420233463,0.0121439688715953,0.0196789883268482
2014-12-09 20:00:00,0.2745906432748538,0.0183957115009746,0.0,0.0,0.0,0.0,0.0018615984405458,0.0943684210526315,0.0121598440545808,0.0026764132553606
2014-12-09 21:00:00,0.0896699029126213,0.0,0.0,0.0,0.0,0.0,0.00186213592233,0.0,0.012135922330097,0.0
2014-12-09 22:00:00,0.2229046610169491,0.0162584745762711,0.0247245762711864,0.0,0.0,0.0,0.001875,0.0,0.0121737288135593,0.0
2014-12-09 23:00:00,0.254810546875,0.015513671875,0.027970703125,0.0,0.0,0.0246484375,0.001884765625,0.0659375,0.0121640625,0.0
2014-12-10 00:00:00,0.2963723196881091,0.0065399610136452,0.0,0.0,0.0,0.0234970760233918,0.0019181286549707,0.0,0.0121988304093567,0.0
2014-12-10 01:00:00,0.1702073643410852,0.0105755813953488,0.0,0.0,0.0,0.0072906976744186,0.0282093023255813,0.0,0.0121434108527131,0.0196608527131782
2014-12-10 02:00:00,0.1659514563106796,0.0168174757281553,0.0441417475728155,0.0,0.0,0.0046796116504854,0.0019126213592233,0.0,0.0121708737864077,0.0031922330097087
2014-12-10 03:00:00,0.3119226305609284,0.0126479690522243,0.0066073500967117,0.0,0.0,0.0,0.0019303675048355,0.2029071566731141,0.0121895551257253,0.0
2014-12-10 04:00:00,0.1127972709551656,0.003943469785575,0.0,0.0,0.0,0.0,0.0019278752436647,0.0083781676413255,0.0122027290448343,0.0
2014-12-10 05:00:00,0.0889437984496124,0.0165542635658914,0.0,0.0,0.0,0.0,0.0018643410852713,0.0,0.0121453488372093,0.0
2014-12-10 06:00:00,0.1483469785575049,0.0141461988304093,0.05188693957115,0.0,0.0,0.0,0.0017407407407407,0.0,0.0121481481481481,0.0
2014-12-10 07:00:00,0.1010870406189555,0.0023810444874274,0.0,0.0,0.0,0.0,0.0017137330754352,0.0,0.0121218568665377,0.0
2014-12-10 08:00:00,0.1502222222222222,0.0156081871345029,0.0,0.0,0.0,0.0,0.001849902534113,0.0,0.0121539961013645,0.0
2014-12-10 09:00:00,0.3276563106796116,0.0090291262135922,0.0,0.0,0.0,0.0,0.0017242718446601,0.0720873786407767,0.0121184466019417,0.0073184466019417
2014-12-10 10:00:00,0.8462704280155642,0.0074416342412451,0.0504474708171206,0.0,0.0,0.0,0.0017957198443579,0.0486420233463035,0.0121653696498054,0.0135525291828793
2014-12-10 11:00:00,0.8109395711500974,0.0162495126705653,0.0,0.0003430799220272,0.0,0.0,0.0018343079922027,0.0,0.0121461988304093,0.0
2014-12-10 12:00:00,0.6361611650485437,0.0,0.0,0.0,0.0,0.0,0.0018349514563106,0.0,0.0121844660194174,0.0
2014-12-10 13:00:00,0.2677253384912959,0.0167195357833655,0.0143133462282398,0.0,0.0,0.0,0.0017562862669245,0.0,0.012127659574468,0.0
2014-12-10 14:00:00,0.1701828793774319,0.0098249027237354,0.0368618677042801,0.0,0.0,0.0,0.0017198443579766,0.0,0.0121653696498054,0.0
2014-12-10 15:00:00,0.1070292397660818,0.0064132553606237,0.0,0.0,0.0,0.0,0.0016530214424951,0.0,0.012130604288499,0.0
2014-12-10 16:00:00,0.0775348837209302,0.0167228682170542,0.0,0.0,0.0,0.0,0.0015930232558139,0.0,0.0121356589147286,0.0
2014-12-10 17:00:00,0.1040994152046783,0.0,0.0322163742690058,0.0,0.0,0.0,0.0017426900584795,0.0,0.0121325536062378,0.0
2014-12-10 18:00:00,0.1060799220272904,0.0160701754385964,0.0191345029239766,0.0001539961013645,0.0,0.0,0.0018304093567251,0.0,0.0121559454191033,0.0
2014-12-10 19:00:00,0.0664540117416829,0.0031761252446183,0.0,0.0,0.0,0.0,0.0017886497064579,0.0,0.0121213307240704,0.0
2014-12-10 20:00:00,0.0801796875,0.01407421875,0.0,0.0,0.0,0.0,0.001875,0.0,0.01217578125,0.0
2014-12-10 21:00:00,0.1178576998050682,0.008953216374269,0.0368576998050682,3.118908382066277e-05,0.0,0.0,0.001803118908382,0.0,0.0121754385964912,0.0
2014-12-10 22:00:00,0.0913720930232558,0.0075096899224806,0.0160232558139534,0.0,0.0,0.0,0.0018895348837209,0.0,0.0121996124031007,0.0
2014-12-10 23:00:00,0.0778249027237354,0.0145291828793774,0.0,0.0,0.0,0.0,0.0019007782101167,0.0,0.0122178988326848,0.0
2014-12-11 00:00:00,0.0678992248062015,0.0020368217054263,0.0,0.0,0.0,0.0,0.0019573643410852,0.0,0.0122286821705426,0.0
2014-12-11 01:00:00,0.1297906976744186,0.0164282945736434,0.0368391472868217,0.0,0.0,0.0,0.001906976744186,0.0,0.0122209302325581,0.0
2014-12-11 02:00:00,0.0871883495145631,0.0,0.016335922330097,0.0,0.0,0.0,0.0018970873786407,0.0,0.0122038834951456,0.0
2014-12-11 03:00:00,0.0793021442495126,0.0166549707602339,0.0,0.0,0.0,0.0,0.0019610136452241,0.0,0.012224171539961,0.0
2014-12-11 04:00:00,0.0659806576402321,0.0,0.0,0.0,0.0,0.0,0.0019458413926499,0.0,0.0122359767891682,0.0
2014-12-11 05:00:00,0.1102392996108949,0.0167256809338521,0.0246420233463035,0.0,0.0,0.0,0.0018307392996108,0.0,0.0121770428015564,0.0
2014-12-11 06:00:00,0.1054652509652509,0.0,0.0284691119691119,0.0,0.0,0.0,0.0017741312741312,0.0,0.0121833976833976,0.0
2014-12-11 07:00:00,0.0767645914396887,0.0165505836575875,0.0,0.0,0.0,0.0,0.0015175097276264,0.0,0.0121264591439688,0.0
2014-12-11 08:00:00,0.1011342412451361,0.0,0.0,0.0,0.0,0.0,0.0016673151750972,0.0,0.0121381322957198,0.0
2014-12-11 09:00:00,0.1870193423597679,0.0167098646034816,0.0020348162475822,0.0,0.0,0.0,0.0016479690522243,0.0,0.0121508704061895,0.0
2014-12-11 10:00:00,0.8096143410852713,0.0,0.0503062015503876,0.0,0.0,0.0,0.0017093023255813,0.0,0.0121472868217054,0.0
2014-12-11 11:00:00,0.5832112403100775,0.0167945736434108,0.0,0.0,0.0,0.0,0.0017519379844961,0.0,0.0121492248062015,0.0
2014-12-11 12:00:00,0.3247104247104247,0.0,0.0,0.0,0.0,0.0,0.0017007722007722,0.0,0.0121602316602316,0.0
2014-12-11 13:00:00,0.1907728155339805,0.0160951456310679,0.0,0.0,0.0,0.0,0.0017728155339805,0.0,0.0121436893203883,0.0
2014-12-11 14:00:00,0.18817578125,0.0,0.053798828125,0.0,0.0,0.0,0.0017734375,0.0,0.012162109375,0.0
2014-12-11 15:00:00,0.1023067961165048,0.0168873786407767,0.0,0.0,0.0,0.0,0.0017398058252427,0.0,0.0121475728155339,0.0
2014-12-11 16:00:00,0.0636381322957198,0.0,0.0,0.0,0.0,0.0,0.0017743190661478,0.0,0.0121848249027237,0.0
2014-12-11 17:00:00,0.0776129666011787,0.0183320235756385,0.0,6.286836935166993e-05,0.0,0.0,0.0018015717092337,0.0,0.0121552062868369,0.0
2014-12-11 18:00:00,0.1308958742632613,0.0,0.0551571709233791,0.0,0.0,0.0,0.0016954813359528,0.0,0.0121827111984282,0.0
2014-12-11 19:00:00,0.0791019607843137,0.0169980392156862,0.0015039215686274,0.0,0.0,0.0,0.0017509803921568,0.0,0.0121470588235294,0.0
2014-12-11 20:00:00,0.0685196078431372,0.0,0.0,0.0,0.0,0.0,0.0018588235294117,0.0,0.0121901960784313,0.0
2014-12-11 21:00:00,0.0773567251461988,0.0171286549707602,0.0,0.0,0.0,0.0,0.0017602339181286,0.0,0.0121539961013645,0.0
2014-12-11 22:00:00,0.1009593810444874,0.0,0.028568665377176,0.0,0.0,0.0,0.0018955512572533,0.0,0.012164410058027,0.0
2014-12-11 23:00:00,0.1136686046511628,0.01425,0.0281763565891472,0.0,0.0,0.0,0.0019147286821705,0.0,0.0122325581395348,0.0
2014-12-12 00:00:00,0.0742765957446808,0.004568665377176,0.0,0.0,0.0,0.0,0.0019555125725338,0.0,0.0122166344294003,0.0
2014-12-12 01:00:00,0.0710230326295585,0.0075662188099808,0.0,0.0,0.0,0.0,0.0018867562380038,0.0,0.0121708253358925,0.0
2014-12-12 02:00:00,0.0732476007677543,0.0101996161228406,0.0,0.0,0.0,0.0,0.0019059500959692,0.0,0.0122053742802303,0.0
2014-12-12 03:00:00,0.1379320388349514,0.0028,0.0545980582524271,0.0,0.0,0.0,0.0019067961165048,0.0,0.0122019417475728,0.0
2014-12-12 04:00:00,0.0780077821011673,0.0159844357976653,0.0,0.0,0.0,0.0,0.0019124513618677,0.0,0.0122198443579766,0.0
2014-12-12 05:00:00,0.0684111969111969,0.0,0.0,0.0,0.0,0.0,0.0017200772200772,0.0,0.0121621621621621,0.0
2014-12-12 06:00:00,0.0788837209302325,0.0187577519379844,0.0,0.0,0.0,0.0,0.0017965116279069,0.0,0.0121860465116279,0.0
2014-12-12 07:00:00,0.1328660194174757,0.0,0.0546504854368932,0.0,0.0,0.0,0.0016757281553398,0.0,0.0121611650485436,0.0
2014-12-12 08:00:00,0.0921712062256809,0.0167120622568093,0.0,0.0,0.0,0.0,0.0015778210116731,0.0,0.0121614785992217,0.0
2014-12-12 09:00:00,0.1944019417475728,0.0,0.0,0.0,0.0,0.0,0.0018640776699029,0.0,0.0121941747572815,0.0
2014-12-12 10:00:00,0.1674714003944773,0.0143057199211045,0.0,0.0,0.0,0.0,0.0018954635108481,0.0,0.0122426035502958,0.0
2014-12-12 11:00:00,0.2606122047244094,0.0038917322834645,0.0337755905511811,0.0,0.0,0.0,0.0019173228346456,0.0,0.0122047244094488,0.0
2014-12-12 12:00:00,0.3715652173913044,0.0077727272727272,0.0200691699604743,0.0,0.0,0.0,0.0018695652173913,0.0,0.0122213438735177,0.0
2014-12-12 13:00:00,0.1605266272189349,0.0139901380670611,0.0,0.0,0.0,0.0,0.0018007889546351,0.0,0.0121656804733727,0.0
2014-12-12 14:00:00,0.1226274509803921,0.0,0.0,0.0,0.0,0.0,0.0018215686274509,0.0,0.0121980392156862,0.0
2014-12-12 15:00:00,0.13049209486166,0.0185059288537549,0.0182055335968379,0.0,0.0,0.0,0.0017588932806324,0.0,0.0121284584980237,0.0
2014-12-12 16:00:00,0.1085009746588693,0.0,0.0348089668615984,0.0,0.0,0.0,0.0017329434697855,0.0,0.0121520467836257,0.0
2014-12-12 17:00:00,0.0772183235867446,0.0170233918128655,0.0,0.0,0.0,0.0,0.0017290448343079,0.0,0.01217738791423,0.0
2014-12-12 18:00:00,0.064252427184466,0.0014,0.0,0.0,0.0,0.0,0.0017902912621359,0.0,0.0121689320388349,0.0
2014-12-12 19:00:00,0.0709181286549707,0.0048810916179337,0.0,0.0,0.0,0.0,0.0017992202729044,0.0,0.0121481481481481,0.0
2014-12-12 20:00:00,0.1251559454191033,0.0153528265107212,0.0353840155945419,0.0,0.0,0.0,0.0017914230019493,0.0,0.0122007797270955,0.0
2014-12-12 21:00:00,0.0918050682261208,0.0,0.0220955165692007,0.0,0.0,0.0,0.0017485380116959,0.0,0.0121929824561403,0.0
2014-12-12 22:00:00,0.0795621301775147,0.0191814595660749,0.0,0.0,0.0,0.0,0.0018639053254437,0.0,0.0121794871794871,0.0
2014-12-12 23:00:00,0.0640986193293885,0.0,0.0,0.0,0.0,0.0,0.0018796844181459,0.0,0.0121913214990138,0.0
2014-12-13 00:00:00,0.0726573705179282,0.0063227091633466,0.0,0.0,0.0,0.0,0.0017649402390438,0.0,0.0122310756972111,0.0
2014-12-13 01:00:00,0.0743727810650887,0.0134753451676528,0.0,0.0,0.0,0.0,0.0017909270216962,0.0,0.0121854043392504,0.0
2014-12-13 02:00:00,0.1430841487279843,0.0,0.0630410958904109,0.0,0.0,0.0,0.001812133072407,0.0,0.0121956947162426,0.0
2014-12-13 03:00:00,0.0809294117647058,0.0200705882352941,0.0,0.0,0.0,0.0,0.0019156862745098,0.0,0.0122333333333333,0.0
2014-12-13 04:00:00,0.0646799204771371,0.0,0.0,0.0,0.0,0.0,0.001948310139165,0.0,0.0122067594433399,0.0
2014-12-13 05:00:00,0.0688431372549019,0.0,0.0,0.0,0.0,0.0,0.0019019607843137,0.0,0.0122156862745098,0.0
2014-12-13 06:00:00,0.0799135559921414,0.0202200392927308,0.0,0.0,0.0,0.0,0.0017249508840864,0.0,0.0122043222003929,0.0
2014-12-13 07:00:00,0.1015341365461847,0.0,0.0,0.0,0.0,0.0,0.0018714859437751,0.0,0.0122309236947791,0.0
2014-12-13 08:00:00,0.140375,0.0079778225806451,0.001524193548387,0.0,0.0,0.0,0.0018266129032258,0.0,0.0121713709677419,0.0
2014-12-13 09:00:00,0.2946123260437376,0.0129642147117296,0.0629224652087475,0.0,0.0,0.0,0.0018727634194831,0.0,0.0121729622266401,0.0
2014-12-13 10:00:00,0.9215575757575756,0.0,0.0,0.0,0.0,0.0,0.001870707070707,0.0,0.0121757575757575,0.0
2014-12-13 11:00:00,0.8604236947791164,0.0179277108433734,0.0,0.0,0.0,0.0,0.0019277108433734,0.0,0.0122048192771084,0.0
2014-12-13 12:00:00,0.6581666666666667,0.0015381526104417,0.0,0.0,0.0,0.0,0.0019317269076305,0.0,0.0122128514056224,0.0
2014-12-13 13:00:00,0.332234,0.0,0.0,0.0,0.0,0.0,0.001862,0.0,0.0121839999999999,0.0
2014-12-13 14:00:00,0.1253247011952191,0.0205776892430278,0.0,0.0,0.0,0.0,0.0018645418326693,0.0,0.0121972111553784,0.0
2014-12-13 15:00:00,0.1871287128712871,0.0,0.0622019801980198,0.0,0.0,0.0,0.0017603960396039,0.0,0.0121564356435643,0.0
2014-12-13 16:00:00,0.0777520161290322,0.0122338709677419,0.0026814516129032,0.0,0.0,0.0,0.0017842741935483,0.0,0.0121754032258064,0.0
2014-12-13 17:00:00,0.0704328063241106,0.0089446640316205,0.0,0.0,0.0,0.0,0.0018201581027667,0.0,0.0121422924901185,0.0
2014-12-13 18:00:00,0.0681277013752455,0.0,0.0,0.0,0.0,0.0,0.0017917485265225,0.0,0.0121571709233791,0.0
2014-12-13 19:00:00,0.0814645669291338,0.0202480314960629,0.0,0.0,0.0,0.0,0.0018976377952755,0.0,0.0121574803149606,0.0
2014-12-13 20:00:00,0.0639174852652259,0.0,0.0,0.0,0.0,0.0,0.0018565815324165,0.0,0.0122357563850687,0.0
2014-12-13 21:00:00,0.0704268774703557,0.0,0.0060830039525691,0.0,0.0,0.0,0.0018162055335968,0.0,0.0121719367588932,0.0
2014-12-13 22:00:00,0.1546467065868263,0.0201836327345309,0.0585309381237524,0.0,0.0,0.0,0.0018842315369261,0.0,0.0122115768463073,0.0
2014-12-13 23:00:00,0.0692590361445783,0.0,0.0,0.0,0.0,0.0,0.001941767068273,0.0,0.012218875502008,0.0
2014-12-14 00:00:00,0.0726259842519685,0.0084330708661417,0.0,0.0,0.0,0.0,0.0019074803149606,0.0,0.0122972440944881,0.0
2014-12-14 01:00:00,0.0748821218074656,0.0126385068762278,0.0,0.0,0.0,0.0,0.0019489194499017,0.0,0.0122416502946954,0.0
2014-12-14 02:00:00,0.0647217898832684,0.0,0.0,0.0,0.0,0.0,0.0019338521400778,0.0,0.012260700389105,0.0
2014-12-14 03:00:00,0.0825029354207436,0.0151037181996086,0.0,0.0,0.0,0.0,0.0019628180039138,0.0,0.0122446183953033,0.0
2014-12-14 04:00:00,0.1207687747035573,0.0057075098814229,0.0403320158102766,0.0,0.0,0.0,0.0019308300395256,0.0,0.0122193675889328,0.0
2014-12-14 05:00:00,0.0956861598440545,0.0,0.0237426900584795,0.0,0.0,0.0,0.0018674463937621,0.0,0.0121929824561403,0.0
2014-12-14 06:00:00,0.0803754863813229,0.0207587548638132,0.0,0.0,0.0,0.0,0.0016984435797665,0.0,0.0121770428015564,0.0
2014-12-14 07:00:00,0.098808,0.001254,0.0,0.0,0.0,0.0,0.001766,0.0,0.012176,0.0
2014-12-14 08:00:00,0.1455952848722986,0.0,0.0,0.0,0.0,0.0,0.0018762278978388,0.0,0.0121964636542239,0.0
2014-12-14 09:00:00,0.2543091976516634,0.0207553816046966,0.0,0.0,0.0,0.0,0.0018864970645792,0.0,0.0121741682974559,0.0
2014-12-14 10:00:00,0.452204365079365,0.0,0.0259980158730158,0.0,0.0,0.0,0.0018630952380952,0.0,0.0121865079365079,0.0
2014-12-14 11:00:00,0.578987951807229,0.0,0.0354919678714859,0.0,0.0,0.0,0.0017951807228915,0.0,0.0121626506024096,0.0
2014-12-14 12:00:00,0.336945205479452,0.0211819960861056,0.0,0.0,0.0,0.0,0.0018277886497064,0.0,0.0121878669275929,0.0
2014-12-14 13:00:00,0.2340411764705882,0.0,0.0,0.0,0.0,0.0,0.0018235294117647,0.0,0.0121686274509803,0.0
2014-12-14 14:00:00,0.12975442043222,0.0096090373280943,0.0,0.0,0.0,0.0,0.0018428290766208,0.0,0.0122259332023575,0.0
2014-12-14 15:00:00,0.091656188605108,0.0114538310412573,0.0,0.0,0.0,0.0,0.0017603143418467,0.0,0.0121571709233791,0.0
2014-12-14 16:00:00,0.1407797270955165,0.0,0.0610623781676413,0.0,0.0,0.0,0.0016705653021442,0.0,0.0121384015594541,0.0
2014-12-14 17:00:00,0.0824606299212598,0.0190255905511811,0.0,0.0,0.0,0.0,0.0015374015748031,0.0,0.0121338582677165,0.0
2014-12-14 18:00:00,0.062912109375,0.0,0.0,0.0,0.0,0.0,0.001775390625,0.0,0.012181640625,0.0
2014-12-14 19:00:00,0.0631791338582677,0.0003031496062992,0.0,0.0,0.0,0.0,0.0017125984251968,0.0,0.0121515748031496,0.0
2014-12-14 20:00:00,0.0792185039370078,0.0196574803149606,0.0,0.0,0.0,0.0,0.0017795275590551,0.0,0.0121909448818897,0.0
2014-12-14 21:00:00,0.1358886679920477,0.0,0.0577634194831013,0.0,0.0,0.0,0.0017634194831013,0.0,0.0121550695825049,0.0
2014-12-14 22:00:00,0.0754055118110236,0.0096948818897637,0.0033287401574803,0.0,0.0,0.0,0.0017834645669291,0.0,0.0121909448818897,0.0
2014-12-14 23:00:00,0.0736400778210116,0.01068093385214,0.0,0.0,0.0,0.0,0.0018949416342412,0.0,0.0122140077821011,0.0
2014-12-15 00:00:00,0.0647388781431334,0.0,0.0,0.0,0.0,0.0,0.0018839458413926,0.0,0.0122263056092843,0.0
2014-12-15 01:00:00,0.0806878612716762,0.0206377649325626,0.0,0.0,0.0,0.0,0.0018439306358381,0.0,0.012169556840077,0.0
2014-12-15 02:00:00,0.1198776699029126,0.0009320388349514,0.0427242718446602,0.0,0.0,0.0,0.0019203883495145,0.0,0.0122271844660194,0.0
2014-12-15 03:00:00,0.0899282945736434,0.0,0.0188468992248062,0.0,0.0,0.0,0.001968992248062,0.0,0.0122170542635658,0.0
2014-12-15 04:00:00,0.0813365758754863,0.0216964980544747,0.0,0.0,0.0,0.0,0.0019513618677042,0.0,0.0122587548638132,0.0
2014-12-15 05:00:00,0.0638776699029126,0.0,0.0,0.0,0.0,0.0,0.0018757281553398,0.0,0.0121941747572815,0.0
2014-12-15 06:00:00,0.068908203125,0.004505859375,0.0,0.0,0.0,0.0,0.00187890625,0.0,0.012236328125,0.0
2014-12-15 07:00:00,0.0987858546168958,0.015901768172888,0.015475442043222,0.0,0.0,0.0,0.0018231827111984,0.0,0.0121984282907662,0.0
2014-12-15 08:00:00,0.1726252465483234,0.0,0.0445759368836291,0.0,0.0,0.0,0.0019763313609467,0.0,0.012232741617357,0.0
2014-12-15 09:00:00,0.3657078431372549,0.0131941176470588,0.0,0.0,0.0,0.0,0.0019392156862745,0.0,0.012192156862745,0.0
2014-12-15 10:00:00,0.3871751968503937,0.0061614173228346,0.0,0.0,0.0,0.0,0.0018799212598425,0.0,0.0121811023622047,0.0
2014-12-15 11:00:00,0.312101167315175,0.0,0.0,0.0,0.0,0.0,0.0019280155642023,0.0,0.012204280155642,0.0
2014-12-15 12:00:00,0.5340900195694717,0.0204461839530332,0.0057338551859099,0.0,0.0,0.0,0.0019432485322896,0.0,0.0122074363992172,0.0
2014-12-15 13:00:00,0.3427200772200772,0.0,0.056007722007722,0.0,0.0,0.0,0.0019189189189189,0.0,0.0122277992277992,0.0
2014-12-15 14:00:00,0.1917431906614786,0.0,0.0,0.0,0.0,0.0,0.0019241245136186,0.0,0.0122334630350194,0.0
2014-12-15 15:00:00,0.1122163742690058,0.0216393762183235,0.0,0.0,0.0,0.0,0.0018927875243664,0.0,0.0122105263157894,0.0
2014-12-15 16:00:00,0.0639317738791423,0.0,0.0,0.0,0.0,0.0,0.0018265107212475,0.0,0.01217738791423,0.0
2014-12-15 17:00:00,0.0809285714285714,0.0089227799227799,0.0064092664092664,0.0,0.0,0.0,0.0018590733590733,0.0,0.0121949806949806,0.0
2014-12-15 18:00:00,0.1431126213592233,0.0123611650485436,0.0536563106796116,0.0,0.0,0.0,0.0016796116504854,0.0,0.0121456310679611,0.0
2014-12-15 19:00:00,0.1804235294117647,4.117647058823529e-05,0.0,0.0,0.0,0.0,0.014892156862745,0.0,0.0121960784313725,0.0
2014-12-15 20:00:00,0.5045750487329435,0.0189317738791423,0.0,0.0,0.0,0.0,0.2578382066276803,0.1130994152046783,0.0121851851851851,0.0076062378167641
2014-12-15 21:00:00,0.2211837524177949,3.481624758220503e-05,0.0,0.0,0.0,0.0,0.0018104448742746,0.0605841392649903,0.0121257253384912,0.0032901353965183
2014-12-15 22:00:00,0.1921818181818181,0.0116286266924564,0.0,0.0,0.0,0.0,0.0018607350096711,0.0,0.0121489361702127,0.0197872340425531
2014-12-15 23:00:00,0.2664108527131783,0.0091763565891472,0.0596918604651162,0.0,0.0,0.0,0.0018546511627906,0.0,0.0120852713178294,0.0192461240310077
2014-12-16 00:00:00,0.3128711538461538,0.0083557692307692,0.0,0.0,0.0,0.0,0.0019230769230769,0.1087,0.0121365384615384,0.0111653846153846
2014-12-16 01:00:00,0.1843692307692307,0.0102942307692307,0.0,0.0,0.0,0.0,0.0019211538461538,0.0,0.0121096153846153,0.0199576923076923
2014-12-16 02:00:00,0.1787788461538461,0.0023423076923076,0.0,0.0,0.0,0.0,0.0018634615384615,0.0,0.0121076923076923,0.0200692307692307
2014-12-16 03:00:00,0.1859538461538461,0.0153807692307692,0.0,0.0,0.0,0.0,0.0018288461538461,0.0,0.0121134615384615,0.0198134615384615
2014-12-16 04:00:00,0.4831821705426357,0.0001647286821705,0.0499205426356589,0.0,0.0,0.0,0.0018817829457364,0.2507383720930232,0.0121220930232558,0.000953488372093
2014-12-16 05:00:00,0.1266525096525096,0.0173243243243243,0.0125019305019305,0.0,0.0,0.0,0.0017972972972972,0.012007722007722,0.0121003861003861,0.0
2014-12-16 06:00:00,0.0772388349514563,0.0008757281553398,0.0,0.0,0.0,0.0,0.0017553398058252,0.0,0.0121650485436893,0.0
2014-12-16 07:00:00,0.1244825581395348,0.0161841085271317,0.0,0.0,0.0,0.0,0.0017848837209302,0.0,0.0121182170542635,0.0
2014-12-16 08:00:00,0.1455473887814313,0.002090909090909,0.0,0.0,0.0,0.0,0.0018588007736943,0.0,0.0121431334622823,0.0
2014-12-16 09:00:00,0.1580788461538461,0.014551923076923,0.0168538461538461,0.0,0.0,0.0,0.0017326923076923,0.0,0.0121153846153846,0.0
2014-12-16 10:00:00,0.3501553398058252,0.0054815533980582,0.0452135922330097,0.0,0.0,0.0,0.0017417475728155,0.0,0.0121184466019417,0.0
2014-12-16 11:00:00,0.5066042471042471,0.0112451737451737,0.0,0.0,0.0,0.0,0.0018320463320463,0.1198610038610038,0.0121332046332046,0.0010675675675675
2014-12-16 12:00:00,0.3295484496124031,0.0142093023255813,0.0001201550387596,0.0,0.0,0.0,0.0022945736434108,0.0644515503875969,0.0121298449612403,0.0199263565891472
2014-12-16 13:00:00,0.3523050193050193,0.0041254826254826,0.0,0.0,0.0,0.0,0.0018494208494208,0.0681872586872587,0.0121235521235521,0.0198494208494208
2014-12-16 14:00:00,0.2499134615384615,0.0182596153846153,0.0437173076923076,0.0002692307692307,0.0,0.0,0.0018365384615384,0.055751923076923,0.0121288461538461,0.0039173076923076
2014-12-16 15:00:00,0.9879040307101729,0.0078982725527831,0.0111420345489443,0.6541170825335892,0.0,0.0,0.0017312859884836,0.0,0.0121285988483685,0.0
2014-12-16 16:00:00,0.4265077519379845,0.0078003875968992,0.0,0.0875213178294573,0.0,0.0,0.0017131782945736,0.072641472868217,0.0121511627906976,0.0
2014-12-16 17:00:00,0.1284736842105263,0.0167641325536062,0.0,0.0020389863547758,3.118908382066277e-05,0.0,0.0018343079922027,0.0,0.0121539961013645,0.0174424951267056
2014-12-16 18:00:00,0.2633524904214559,0.0032030651340996,0.032183908045977,0.0071015325670498,0.0,0.0,0.001823754789272,0.0,0.0121628352490421,0.0199597701149425
2014-12-16 19:00:00,0.3721663405088062,0.0155694716242661,0.023399217221135,0.0384540117416829,0.0,0.0,0.1011565557729941,0.0515792563600782,0.0120880626223091,0.0105205479452054
2014-12-16 20:00:00,0.0757578125,0.013208984375,0.0,0.00187890625,0.0,0.0,0.00172265625,0.0,0.012158203125,0.0
2014-12-16 21:00:00,0.1229076620825147,0.0056935166994106,0.0,0.0019646365422396,0.0,0.0,0.0018958742632612,0.0,0.0121905697445972,0.0
2014-12-16 22:00:00,0.2206247544204322,0.0195422396856581,0.0143831041257367,0.0019037328094302,0.0,0.0,0.0017897838899803,0.0733536345776031,0.0121571709233791,0.0060785854616895
2014-12-16 23:00:00,0.188279296875,5.859375e-06,0.036029296875,0.001962890625,0.0,0.0,0.001869140625,0.0,0.012173828125,0.0
2014-12-17 00:00:00,0.1959863813229571,0.0176848249027237,0.0,6.225680933852141e-05,0.0,0.0,0.0018599221789883,0.0,0.0121653696498054,0.0
2014-12-17 01:00:00,0.1868943248532289,0.0088297455968688,0.0,0.0,0.0,0.0,0.0017045009784735,0.0,0.0121467710371819,0.0
2014-12-17 02:00:00,0.338505859375,0.007392578125,0.051021484375,0.0,5.46875e-05,0.0,0.0017890625,0.061220703125,0.012158203125,0.0
2014-12-17 03:00:00,0.3175553398058253,0.0161708737864077,0.0,0.0,0.0,0.0,0.0018660194174757,0.194757281553398,0.0121398058252427,0.0
2014-12-17 04:00:00,0.068674373795761,0.0,0.0,0.0,0.0,0.0,0.0018458574181117,0.0,0.0121811175337186,0.0
2014-12-17 05:00:00,0.0824980694980695,0.0160907335907335,0.0027471042471042,0.0,0.0,0.0,0.0018223938223938,0.0,0.0121505791505791,0.0
2014-12-17 06:00:00,0.1353669902912621,0.0109844660194174,0.0487398058252427,0.0,0.0029825242718446,0.0,0.0016543689320388,0.0,0.0121669902912621,0.0
2014-12-17 07:00:00,0.1018131021194605,0.0051888246628131,0.0,0.0,0.0,0.0,0.0016512524084778,0.0,0.0121445086705202,0.0
2014-12-17 08:00:00,0.1554127906976744,0.016656976744186,0.0,0.0,0.0,0.0,0.0017732558139534,0.0,0.0121472868217054,0.0
2014-12-17 09:00:00,0.1382383720930232,0.0,0.0191531007751938,0.0,0.0,0.0,0.0016046511627906,0.0,0.01209496124031,0.0
2014-12-17 10:00:00,0.326406976744186,0.0194670542635658,0.0300658914728682,0.0,0.0,0.0,0.0016841085271317,0.1178197674418604,0.0121375968992248,0.0143391472868217
2014-12-17 11:00:00,0.4948875968992248,0.0105968992248062,0.0,0.0,0.0,0.0,0.0018565891472868,0.0520174418604651,0.0121317829457364,3.682170542635659e-05
2014-12-17 12:00:00,0.2653424124513619,0.0069902723735408,0.0,0.0,0.0,0.0,0.0019319066147859,0.0,0.0121848249027237,0.0
2014-12-17 13:00:00,0.22417738791423,0.0161734892787524,0.0480058479532163,0.0,0.0,0.0,0.0019103313840155,0.0,0.0121715399610136,0.0
2014-12-17 14:00:00,0.1337743190661478,0.0054727626459143,0.0,0.0,0.0,0.0,0.0019241245136186,0.0,0.0121828793774319,0.0
2014-12-17 15:00:00,0.1141705426356589,0.0105852713178294,0.0,0.0,0.0,0.0,0.0018527131782945,0.0,0.0121453488372093,0.0
2014-12-17 16:00:00,0.1341175337186897,0.01552408477842,0.0467379576107899,0.0,0.0,0.0,0.0015394990366088,0.0,0.012131021194605,0.0
2014-12-17 17:00:00,0.1349476744186046,0.0,0.0,0.0,0.0,0.0,0.0015445736434108,0.0,0.0120968992248062,0.0
2014-12-17 18:00:00,0.1163747572815534,0.0168912621359223,0.0,0.0,0.0,0.0,0.0017805825242718,0.0,0.0121495145631067,0.0
2014-12-17 19:00:00,0.1259864864864864,0.0109169884169884,0.0440965250965251,0.0,0.0,0.0,0.0017393822393822,0.0,0.0120945945945945,0.0
2014-12-17 20:00:00,0.1105587668593449,0.0047784200385356,0.003936416184971,0.0,0.0,0.0,0.0239672447013487,0.0,0.012140655105973,0.0
2014-12-17 21:00:00,0.3597684824902724,0.0167548638132295,0.0,0.0,0.0,0.0,0.130431906614786,0.0740719844357976,0.0121264591439688,0.0069474708171206
2014-12-17 22:00:00,0.3435067698259187,0.0117678916827853,0.0388626692456479,0.0,0.0,0.0,0.0017504835589941,0.0,0.0121624758220502,0.0068549323017408
2014-12-17 23:00:00,0.192042471042471,0.0039652509652509,0.0082239382239382,0.0,0.0,0.0002471042471042,0.0018957528957528,0.0696235521235521,0.0121737451737451,0.0199382239382239
2014-12-18 00:00:00,0.1248407766990291,0.0162776699029126,0.0,0.0,0.0,0.0,0.0019300970873786,0.0,0.0122155339805825,0.0198912621359223
2014-12-18 01:00:00,0.3330872093023255,0.0133740310077519,0.0311550387596899,0.0,0.0,0.0,0.0018953488372093,0.1581744186046511,0.0121686046511627,0.00709496124031
2014-12-18 02:00:00,0.1941830443159923,0.0035741811175337,0.0160211946050096,0.0,0.0,0.0,0.0018535645472061,0.085888246628131,0.0121753371868978,0.0
2014-12-18 03:00:00,0.0851400778210116,0.0167957198443579,0.0,0.0,0.0,0.0,0.0019143968871595,0.0,0.012136186770428,0.0
2014-12-18 04:00:00,0.1050405405405405,0.0108397683397683,0.0256756756756756,0.0,0.0,0.0,0.0018397683397683,0.0,0.0121467181467181,0.0
2014-12-18 05:00:00,0.0944233009708737,0.0047611650485436,0.0200291262135922,0.0,0.0,0.0,0.0016699029126213,0.0,0.0121223300970873,0.0
2014-12-18 06:00:00,0.0769474708171206,0.0158832684824902,0.0,0.0,0.0,0.0,0.0017178988326848,0.0,0.0121692607003891,0.0
2014-12-18 07:00:00,0.1366388349514563,0.0015300970873786,0.0296116504854368,0.0,0.0,0.0,0.0016194174757281,0.0,0.0121067961165048,0.0
2014-12-18 08:00:00,0.1806897880539499,0.0137186897880539,0.0158073217726396,0.0,0.0,0.0,0.0017822736030828,0.0,0.0121271676300578,0.0
2014-12-18 09:00:00,0.1552248062015503,0.0144806201550387,0.0,0.0,0.0,0.0,0.0017751937984496,0.0,0.0121046511627906,0.0
2014-12-18 10:00:00,0.3253052208835341,0.0023614457831325,0.0,0.0,0.0,0.0,0.0018473895582329,0.0,0.0121365461847389,0.0
2014-12-18 11:00:00,,,,,,,,,,
2014-12-18 12:00:00,,,,,,,,,,
2014-12-18 13:00:00,,,,,,,,,,
2014-12-18 14:00:00,,,,,,,,,,
2014-12-18 15:00:00,,,,,,,,,,
2014-12-18 16:00:00,,,,,,,,,,
2014-12-18 17:00:00,,,,,,,,,,
2014-12-18 18:00:00,,,,,,,,,,
2014-12-18 19:00:00,,,,,,,,,,
2014-12-18 20:00:00,,,,,,,,,,
2014-12-18 21:00:00,,,,,,,,,,
2014-12-18 22:00:00,,,,,,,,,,
2014-12-18 23:00:00,,,,,,,,,,
2014-12-19 00:00:00,,,,,,,,,,
2014-12-19 01:00:00,,,,,,,,,,
2014-12-19 02:00:00,,,,,,,,,,
2014-12-19 03:00:00,,,,,,,,,,
2014-12-19 04:00:00,,,,,,,,,,
2014-12-19 05:00:00,,,,,,,,,,
2014-12-19 06:00:00,,,,,,,,,,
2014-12-19 07:00:00,,,,,,,,,,
2014-12-19 08:00:00,,,,,,,,,,
2014-12-19 09:00:00,,,,,,,,,,
2014-12-19 10:00:00,0.9148341968911916,0.0,0.0,0.0,0.0,0.0,0.0019170984455958,0.0,0.0120984455958549,0.0
2014-12-19 11:00:00,0.8684662813102119,0.0160847784200385,0.0449942196531791,0.0,0.0,0.0,0.0018689788053949,0.0,0.0121637764932562,0.0
2014-12-19 12:00:00,0.6579961240310077,0.0014515503875968,0.0,0.0,0.0,0.0,0.0018953488372093,0.0,0.0121550387596899,0.0
2014-12-19 13:00:00,0.3172007722007722,0.015100386100386,0.0,0.0,0.0,0.0,0.0017915057915057,0.0,0.0121505791505791,0.0
2014-12-19 14:00:00,0.1787379576107899,0.0156435452793834,0.0454585741811175,0.0,0.0,0.0,0.0017514450867052,0.0,0.012169556840077,0.0
2014-12-19 15:00:00,0.1825183044315992,7.707129094412331e-05,0.0,0.0,0.0,0.0,0.0017032755298651,0.0836705202312138,0.0121445086705202,0.0
2014-12-19 16:00:00,0.0789596928982725,0.0148502879078694,0.0,0.0,0.0,0.0,0.0016641074856046,0.0,0.0121381957773512,0.0
2014-12-19 17:00:00,0.206906976744186,0.0150678294573643,0.0447403100775193,0.0,0.0,0.0,0.0016918604651162,0.0,0.0121356589147286,0.0
2014-12-19 18:00:00,0.0927790476190476,0.0004533333333333,0.0,0.0,0.0,0.0,0.0016723809523809,0.0,0.0121257142857142,0.0
2014-12-19 19:00:00,0.1808030888030888,0.01707722007722,0.0,0.0,0.0,0.0,0.0017818532818532,0.0524903474903474,0.0121235521235521,0.0189362934362934
2014-12-19 20:00:00,0.8874100580270794,0.0124410058027079,0.0472553191489361,0.449916827852998,0.0,0.0,0.0018143133462282,0.0,0.0121566731141199,0.0198974854932301
2014-12-19 21:00:00,0.1137524177949709,0.004963249516441,0.0,0.0004912959381044,0.0,0.0,0.001916827852998,0.0082166344294003,0.0121605415860735,0.0010232108317214
2014-12-19 22:00:00,0.2835568400770712,0.0166878612716763,0.0006165703275529,0.0,0.0,0.0,0.0017726396917148,0.0891579961464354,0.0121868978805395,0.0
2014-12-19 23:00:00,0.1989439071566731,0.0068452611218568,0.0,0.0,0.0,0.0,0.0019206963249516,0.0,0.012174081237911,0.0
2014-12-20 00:00:00,0.2411201550387597,0.0101589147286821,0.0,0.0,0.0,0.0,0.0019360465116279,0.1118333333333333,0.0121996124031007,0.0094728682170542
2014-12-20 01:00:00,0.2429980694980694,0.0167432432432432,0.0,0.0,0.0,0.0,0.0019324324324324,0.0,0.0121679536679536,0.0
2014-12-20 02:00:00,0.1819883945841392,0.0,0.0,0.0,0.0,0.0,0.0019245647969052,0.0,0.0121353965183752,0.0
2014-12-20 03:00:00,0.2385864077669903,0.0150485436893203,0.0,0.0,0.0,0.0,0.0019029126213592,0.0,0.0121398058252427,0.0
2014-12-20 04:00:00,0.2919289827255278,0.0130422264875239,0.0,0.0,0.0,0.0,0.0018867562380038,0.0692168905950096,0.0121669865642994,0.0
2014-12-20 05:00:00,0.3766375968992248,0.0042713178294573,0.0,0.0,0.0,0.0,0.0018856589147286,0.2066686046511627,0.0121434108527131,0.0
2014-12-20 06:00:00,0.1348146718146718,0.0164227799227799,0.0,0.0,0.0,0.0,0.0016100386100386,0.0275135135135135,0.0121351351351351,0.0
2014-12-20 07:00:00,0.0715503875968992,0.0115348837209302,0.0,0.0,0.0,0.0,0.0017732558139534,0.0,0.0121434108527131,0.0
2014-12-20 08:00:00,0.0856038834951456,0.0054427184466019,0.0,0.0,0.0,0.0,0.0017398058252427,0.0,0.0121339805825242,0.0
2014-12-20 09:00:00,0.2078268482490272,0.0165992217898832,0.0,0.0,0.0,0.0,0.0017198443579766,0.0842295719844358,0.0121167315175097,0.0
2014-12-20 10:00:00,0.5801436893203884,0.0130427184466019,0.0,0.0,0.0,0.0,0.0017398058252427,0.0405553398058252,0.0121398058252427,0.0065844660194174
2014-12-20 11:00:00,0.555747591522158,0.0029730250481695,0.0,0.0,0.0,0.0,0.0018497109826589,0.0,0.0121464354527938,0.0
2014-12-20 12:00:00,0.465357281553398,0.0157106796116504,0.0,0.0,0.0,0.0,0.0018466019417475,0.0,0.0122038834951456,0.0
2014-12-20 13:00:00,0.2118197674418604,0.0090620155038759,0.0,0.0015910852713178,0.0,0.0,0.0019244186046511,0.0,0.0121782945736434,0.0
2014-12-20 14:00:00,0.1243352713178294,0.0078953488372093,0.0,0.0005930232558139,0.0,0.0,0.0018875968992248,0.0,0.0122112403100775,0.0
2014-12-20 15:00:00,0.1058339768339768,0.0157818532818532,0.0,0.0007741312741312,0.0,0.0,0.0018416988416988,0.0,0.0121602316602316,0.0
2014-12-20 16:00:00,0.063034749034749,0.0,0.0,0.0,0.0,0.0,0.0016447876447876,0.0,0.0121312741312741,0.0
2014-12-20 17:00:00,0.1495087378640776,0.0162660194174757,0.0,0.0,0.0,0.0,0.0015961165048543,0.0,0.0120932038834951,0.0
2014-12-20 18:00:00,0.1288895348837209,0.0089922480620155,0.0,0.0,0.0,0.0,0.0016957364341085,0.0,0.0121492248062015,0.0030891472868217
2014-12-20 19:00:00,0.5830486381322958,0.0066848249027237,0.0,0.0,0.0,0.0,0.0016712062256809,0.0681789883268482,0.0121225680933852,0.002476653696498
2014-12-20 20:00:00,0.3591274131274131,0.0163803088803088,0.0,0.0,0.0,0.0,0.0017490347490347,0.0436640926640926,0.0121583011583011,0.009069498069498
2014-12-20 21:00:00,0.1573576923076923,0.0122980769230769,0.0,0.0,0.0,0.0,0.0018096153846153,0.057451923076923,0.0121480769230769,0.0048634615384615
2014-12-20 22:00:00,0.290234496124031,0.0046666666666666,0.0535658914728682,0.0,0.0,0.0,0.0018798449612403,0.0,0.0121744186046511,0.0
2014-12-20 23:00:00,0.2622243713733075,0.0162495164410058,0.0651547388781431,0.0,0.0,0.0,0.0019342359767891,0.0698317214700193,0.0121566731141199,0.0
2014-12-21 00:00:00,0.1238568665377176,0.0084061895551257,0.0252940038684719,0.0,0.0,0.0,0.0019226305609284,0.0,0.0122282398452611,0.0
2014-12-21 01:00:00,0.3331254826254826,0.0073571428571428,0.0232644787644787,0.0,0.0,0.0,0.0019266409266409,0.1880405405405405,0.0121660231660231,0.0
2014-12-21 02:00:00,0.268831067961165,0.0170194174757281,0.0231320388349514,0.0,0.0,0.0286815533980582,0.0019300970873786,0.1198349514563106,0.0121883495145631,0.0
2014-12-21 03:00:00,0.113519305019305,0.0,0.012588803088803,0.0,0.0001544401544401,0.0093416988416988,0.0019498069498069,0.0,0.0122046332046332,0.0
2014-12-21 04:00:00,0.1127054263565891,0.0169593023255813,0.0117616279069767,0.0,0.0,0.0075251937984496,0.0019341085271317,0.0,0.0122403100775193,0.0
2014-12-21 05:00:00,0.1251334622823984,0.0124990328820116,0.0271992263056092,0.0,0.0,0.0074970986460348,0.0019419729206963,0.0,0.0121895551257253,0.0
2014-12-21 06:00:00,0.0915923076923077,0.0047096153846153,0.0,0.0,0.0,0.007451923076923,0.0018673076923076,0.0,0.012176923076923,0.0
2014-12-21 07:00:00,0.1556281310211946,0.0158998073217726,0.0287206165703275,0.0,0.0,0.0073352601156069,0.0017129094412331,0.0,0.012150289017341,0.0
2014-12-21 08:00:00,0.1477416829745597,0.0,0.0,0.0,0.0,0.007385518590998,0.0018238747553816,0.0,0.0121702544031311,0.0
2014-12-21 09:00:00,0.2686924564796905,0.0159825918762088,0.0298955512572533,0.0,0.0,0.0072765957446808,0.0017466150870406,0.0,0.0121199226305609,0.0
2014-12-21 10:00:00,0.5491067961165048,0.0056466019417475,0.0,0.0,0.0,0.0072291262135922,0.0016912621359223,0.0999300970873786,0.0121203883495145,0.0
2014-12-21 11:00:00,0.7882466019417476,0.0096291262135922,0.0350388349514563,0.0,0.0,0.0071922330097087,0.0015766990291262,0.0,0.0121223300970873,0.0
2014-12-21 12:00:00,0.5994263565891473,0.014829457364341,0.0,0.0,0.0,0.0072519379844961,0.0016317829457364,0.0,0.0121337209302325,0.0
2014-12-21 13:00:00,0.3934074074074074,0.0,0.0336393762183235,0.0,0.0,0.0074249512670565,0.0019025341130604,0.0,0.0121423001949317,0.0
2014-12-21 14:00:00,0.2265728155339806,0.0155533980582524,0.0,0.0,0.0,0.0074407766990291,0.0019708737864077,0.0909631067961165,0.0122233009708737,0.0
2014-12-21 15:00:00,0.1603592233009708,0.0132466019417475,0.0308873786407767,0.0,0.0,0.0074116504854368,0.0019223300970873,0.0,0.0121922330097087,0.0
2014-12-21 16:00:00,0.0809729729729729,0.0048745173745173,0.0,0.0,0.0,0.0073976833976833,0.0018648648648648,0.0,0.0121737451737451,0.0
2014-12-21 17:00:00,0.1955444015444015,0.0161872586872586,0.0273281853281853,0.0,0.0,0.0073455598455598,0.0018223938223938,0.0,0.0121544401544401,0.0
2014-12-21 18:00:00,0.1968540856031128,0.0,0.0131478599221789,0.0,0.0,0.0073035019455252,0.0018190661478599,0.0,0.0121322957198443,0.0
2014-12-21 19:00:00,0.1575126213592232,0.0153825242718446,0.0163941747572815,0.0,0.0,0.0072504854368932,0.0017223300970873,0.0,0.0121378640776699,0.0
2014-12-21 20:00:00,0.8188155339805825,0.0180019417475728,0.0280446601941747,0.0,0.0,0.0071689320388349,0.0226388349514563,0.1435281553398058,0.0121203883495145,0.0052407766990291
2014-12-21 21:00:00,0.1920893203883495,0.0,0.0,0.0,0.0,0.0072970873786407,0.0018368932038834,0.0,0.0121300970873786,0.0146174757281553
2014-12-21 22:00:00,0.3149263565891473,0.0152015503875969,0.0267480620155038,0.0,0.0,0.0071996124031007,0.0017887596899224,0.0723701550387597,0.012141472868217,0.0
2014-12-21 23:00:00,0.2210329457364341,0.0136492248062015,0.0,0.0,0.0,0.0073120155038759,0.0019186046511627,0.0,0.0121279069767441,0.0
2014-12-22 00:00:00,0.3040699029126213,0.0016174757281553,0.027178640776699,0.0,0.0,0.0073184466019417,0.0019456310679611,0.0699902912621359,0.0121902912621359,0.0115456310679611
2014-12-22 01:00:00,0.7331569767441861,0.0160658914728682,0.0253197674418604,0.0,0.5135697674418604,0.0064437984496124,0.0018798449612403,0.0,0.0121453488372093,0.0
2014-12-22 02:00:00,0.8581715399610137,0.0108089668615984,0.0015497076023391,0.0,0.5997446393762182,0.0,0.001812865497076,0.1781871345029239,0.0121578947368421,0.0
2014-12-22 03:00:00,0.1126640926640926,0.0053397683397683,0.0276872586872586,0.0,0.0,0.0,0.0019131274131274,0.0,0.0121718146718146,0.0
2014-12-22 04:00:00,0.0785203094777562,0.0160676982591876,0.0,0.0,0.0002649903288201,0.0,0.0018974854932301,0.0,0.012174081237911,0.0
2014-12-22 05:00:00,0.1073567251461988,0.0080409356725146,0.0273430799220272,0.0,0.0,0.0,0.0017465886939571,0.0,0.0121364522417154,0.0
2014-12-22 06:00:00,0.103880077369439,0.0068549323017408,0.0256866537717601,0.0,0.0,0.0,0.0017098646034816,0.0,0.0121431334622823,0.0
2014-12-22 07:00:00,0.0804031007751937,0.0142383720930232,0.0010717054263565,0.0,0.0,0.0,0.0018023255813953,0.0,0.0121220930232558,0.0
2014-12-22 08:00:00,0.1429785992217899,0.0074688715953307,0.0277315175097276,0.0,0.0,0.0,0.0016712062256809,0.0,0.0121070038910505,0.0
2014-12-22 09:00:00,0.1814631782945736,0.0066453488372093,0.0,0.0,0.0,0.0,0.0016220930232558,0.0634670542635658,0.0121143410852713,0.0
2014-12-22 10:00:00,0.2188401559454191,0.0158908382066276,0.0270350877192982,0.0,0.0,0.0187115009746588,0.0016393762183235,0.0557056530214424,0.012120857699805,0.0089161793372319
2014-12-22 11:00:00,0.158052427184466,0.0101999999999999,0.0231922330097087,0.0,0.0,0.0082854368932038,0.001557281553398,0.0,0.0121242718446601,0.0
2014-12-22 12:00:00,0.1223864077669903,0.0044582524271844,0.0021126213592233,0.0,0.0,0.0071708737864077,0.0016233009708737,0.0,0.0121514563106796,0.0
2014-12-22 13:00:00,0.1696016096579476,0.0153561368209255,0.0258229376257545,0.0,0.0,0.0072233400402414,0.0017545271629778,0.0,0.0121509054325955,0.0
2014-12-22 14:00:00,0.1367221135029354,0.0103737769080234,0.0117397260273972,0.0,0.0,0.0071878669275929,0.0018414872798434,0.0,0.0121702544031311,0.0
2014-12-22 15:00:00,0.1322397660818713,0.004270955165692,0.0158011695906432,0.0,0.0,0.0072573099415204,0.0018440545808966,0.0,0.0121130604288499,0.0
2014-12-22 16:00:00,0.1193645224171539,0.0147992202729044,0.0254892787524366,0.0,0.0,0.0071715399610136,0.0016179337231968,0.0,0.0121384015594541,0.0
2014-12-22 17:00:00,0.0839903100775193,0.008953488372093,0.0,0.0,0.0,0.0071957364341085,0.001687984496124,0.0,0.0121434108527131,0.0
2014-12-22 18:00:00,0.111375968992248,0.0060116279069767,0.0259612403100775,0.0,0.0,0.0072655038759689,0.0017751937984496,0.0,0.0121550387596899,0.0
2014-12-22 19:00:00,0.1180988372093023,0.0148081395348837,0.0242713178294573,0.0,0.0,0.0072674418604651,0.0017848837209302,0.0,0.0121337209302325,0.0
2014-12-22 20:00:00,0.0809689320388349,0.006209708737864,0.0,0.0,0.0,0.0072291262135922,0.0018077669902912,0.0,0.0121669902912621,0.0
2014-12-22 21:00:00,0.1185214007782101,0.0098326848249027,0.0258735408560311,0.0,0.0,0.0072354085603112,0.0017509727626459,0.0,0.0121731517509727,0.0
2014-12-22 22:00:00,0.1194302325581395,0.0152848837209302,0.0274011627906976,0.0,0.0,0.0072616279069767,0.0018682170542635,0.0,0.0121957364341085,0.0
2014-12-22 23:00:00,0.0775058139534883,0.0,0.0,0.0,0.0,0.0072771317829457,0.0018972868217054,0.0,0.0121356589147286,0.0
2014-12-23 00:00:00,0.1181481481481481,0.0149161793372319,0.0257173489278752,0.0,0.0,0.007261208576998,0.001849902534113,0.0,0.0121851851851851,0.0
2014-12-23 01:00:00,0.1088100775193798,0.0135503875968992,0.0180193798449612,0.0,0.0,0.0073120155038759,0.0018527131782945,0.0,0.0121337209302325,0.0
2014-12-23 02:00:00,0.0921017612524461,0.0018336594911937,0.0078786692759295,0.0,0.0,0.0073170254403131,0.0019138943248532,0.0,0.012211350293542,0.0
2014-12-23 03:00:00,0.1190830115830115,0.0156254826254826,0.0257355212355212,0.0,0.0,0.0073359073359073,0.0019420849420849,0.0,0.0121911196911196,0.0
2014-12-23 04:00:00,0.0885,0.004416015625,0.006341796875,0.0,0.0,0.007392578125,0.001958984375,0.0,0.012224609375,0.0
2014-12-23 05:00:00,0.1104514767932489,0.0102995780590717,0.0213691983122362,0.0,0.0,0.0073270042194092,0.0019261603375527,0.0,0.0121856540084388,0.0
2014-12-23 06:00:00,0.121962890625,0.01600390625,0.02855078125,0.0,0.0,0.00717578125,0.00171484375,0.0,0.01214453125,0.0
2014-12-23 07:00:00,0.0813611650485436,0.0,0.0,0.0,0.0,0.0072660194174757,0.0017825242718446,0.0,0.0121417475728155,0.0
2014-12-23 08:00:00,0.1450658914728682,0.0173100775193798,0.0295348837209302,0.0,0.0,0.0073197674418604,0.0018062015503875,0.0,0.0121492248062015,0.0
2014-12-23 09:00:00,0.1437165048543689,0.0079300970873786,0.0006077669902912,0.0,0.0,0.0072582524271844,0.0018271844660194,0.0,0.0121514563106796,0.0
2014-12-23 10:00:00,0.4449417475728155,0.007335922330097,0.0266932038834951,0.0,0.0,0.0072640776699029,0.0018407766990291,0.0,0.0121708737864077,0.0
2014-12-23 11:00:00,0.5535299806576401,0.0152920696324951,0.0246750483558994,0.0,0.0,0.0072147001934235,0.0018762088974854,0.0,0.0121605415860735,0.0
2014-12-23 12:00:00,0.4295867446393762,0.0,0.0,0.0,0.0,0.0072787524366471,0.0018674463937621,0.0,0.0121637426900584,0.0
2014-12-23 13:00:00,0.2060058252427184,0.0153320388349514,0.0298155339805825,0.0,0.0,0.0072699029126213,0.0018854368932038,0.0,0.0121689320388349,0.0
2014-12-23 14:00:00,0.170625968992248,0.0097441860465116,0.0222732558139534,0.0,0.0,0.0072693798449612,0.0018120155038759,0.0,0.0121802325581395,0.0
2014-12-23 15:00:00,0.1068210116731517,0.0070097276264591,0.003556420233463,0.0,0.0,0.0072937743190661,0.0018540856031128,0.0,0.0121536964980544,0.0
2014-12-23 16:00:00,0.119875968992248,0.0146937984496124,0.0282131782945736,0.0,0.0,0.0071511627906976,0.0015620155038759,0.0,0.0121317829457364,0.0
2014-12-23 17:00:00,0.0811575875486381,0.0,0.0,0.0,0.0,0.0071712062256809,0.0016089494163424,0.0,0.0121050583657587,0.0
2014-12-23 18:00:00,0.2043869047619047,0.0258988095238095,0.0804166666666666,0.0,0.0,0.0070833333333333,0.0013511904761904,0.0,0.0120892857142857,0.0
2014-12-23 19:00:00,0.1181070615034168,0.0121731207289293,0.0252665148063781,0.0,0.0,0.00725284738041,0.0017630979498861,0.0,0.0121435079726651,0.0
2014-12-23 20:00:00,0.0900097465886939,0.0069590643274853,0.0070311890838206,0.0,0.0,0.007224171539961,0.0017738791423001,0.0,0.0121423001949317,0.0
2014-12-23 21:00:00,0.119068359375,0.01662890625,0.026546875,0.0,0.0,0.007287109375,0.00176171875,0.0,0.012140625,0.0
2014-12-23 22:00:00,0.081275390625,0.0,0.0,0.0,0.0,0.007294921875,0.001857421875,0.0,0.012173828125,0.0
2014-12-23 23:00:00,0.1197153996101364,0.0168382066276803,0.0263489278752436,0.0,0.0,0.0073040935672514,0.001896686159844,0.0,0.0121598440545808,0.0
2014-12-24 00:00:00,0.1092748538011695,0.0062670565302144,0.0258752436647173,0.0,0.0,0.007251461988304,0.001849902534113,0.0,0.0122046783625731,0.0
2014-12-24 01:00:00,0.086244140625,0.010685546875,0.001349609375,0.0,0.0,0.00730078125,0.001875,0.0,0.012173828125,0.0
2014-12-24 02:00:00,0.1222804642166344,0.0146189555125725,0.0291876208897485,0.0,0.0,0.0073442940038684,0.0019574468085106,0.0,0.0122030947775628,0.0
2014-12-24 03:00:00,0.077896887159533,0.0010291828793774,0.0,0.0,0.0,0.0073346303501945,0.0019377431906614,0.0,0.0122198443579766,0.0
2014-12-24 04:00:00,0.1259728155339805,0.0158737864077669,0.0281126213592233,0.0,0.0,0.0072582524271844,0.00186213592233,0.0,0.0121747572815533,0.0
2014-12-24 05:00:00,0.090178640776699,0.0,0.012283495145631,0.0,0.0,0.0072077669902912,0.0017728155339805,0.0,0.0121611650485436,0.0
2014-12-24 06:00:00,0.1091673151750972,0.0157412451361867,0.0170778210116731,0.0,0.0,0.0071906614785992,0.0017217898832684,0.0,0.0121536964980544,0.0
2014-12-24 07:00:00,0.1061436893203883,0.0057184466019417,0.022504854368932,0.0,0.0,0.0072679611650485,0.0018194174757281,0.0,0.0121592233009708,0.0
2014-12-24 08:00:00,0.1157848837209302,0.0113934108527131,0.0069089147286821,0.0,0.0,0.0073352713178294,0.0018372093023255,0.0,0.0121589147286821,0.0
2014-12-24 09:00:00,0.1800155038759689,0.0126550387596899,0.0276763565891472,0.0,0.0,0.0072655038759689,0.0017790697674418,0.0,0.0121550387596899,0.0
2014-12-24 10:00:00,0.6485490196078431,0.0038470588235294,0.0024294117647058,0.0,0.0,0.0072666666666666,0.0018470588235294,0.0,0.0121705882352941,0.0
2014-12-24 11:00:00,0.8544573643410853,0.0162906976744186,0.0296821705426356,0.0,0.0,0.0072906976744186,0.0018546511627906,0.0,0.012172480620155,0.0
2014-12-24 12:00:00,0.6813482490272373,0.0,0.0,0.0,0.0,0.0073112840466926,0.0018249027237354,0.0,0.0121945525291828,0.0
2014-12-24 13:00:00,0.3732081712062257,0.0157976653696498,0.028101167315175,0.0,0.0,0.0072451361867704,0.0018210116731517,0.0,0.0121478599221789,0.0
2014-12-24 14:00:00,0.1330873786407767,0.0,0.0,0.0,0.0,0.0073417475728155,0.0018660194174757,0.0,0.0121689320388349,0.0
2014-12-24 15:00:00,0.1599765625,0.016048828125,0.029783203125,0.0,0.0,0.007275390625,0.001798828125,0.0,0.012140625,0.0
2014-12-24 16:00:00,0.0781689320388349,0.0013223300970873,0.0,0.0,0.0,0.0072446601941747,0.0017300970873786,0.0,0.0121514563106796,0.0
2014-12-24 17:00:00,0.1234902723735408,0.0148424124513618,0.0310836575875486,0.0,0.0,0.0071984435797665,0.0016673151750972,0.0,0.012124513618677,0.0
2014-12-24 18:00:00,0.0804932038834951,0.0066582524271844,0.0,0.0010737864077669,0.0,0.0070970873786407,0.0014427184466019,0.0,0.0121184466019417,0.0
2014-12-24 19:00:00,0.1254444444444444,0.0098888888888888,0.0318206627680311,0.0,0.0,0.0071423001949317,0.0016101364522417,0.0,0.012130604288499,0.0
2014-12-24 20:00:00,0.0867134502923976,0.0114639376218323,0.0,0.0,0.0,0.0071598440545808,0.0016140350877192,0.0,0.0121345029239766,0.0
2014-12-24 21:00:00,0.1008715953307392,0.0058482490272373,0.0173910505836575,0.0,0.0,0.0073715953307392,0.0018871595330739,0.0,0.0121653696498054,0.0
2014-12-24 22:00:00,0.1069903100775193,0.0130251937984496,0.0156550387596899,0.0,0.0,0.0073817829457364,0.0019302325581395,0.0,0.0122364341085271,0.0
2014-12-24 23:00:00,0.0832713178294573,0.0035038759689922,0.0,0.0,0.0,0.0074166666666666,0.0019573643410852,0.0,0.0122093023255813,0.0
2014-12-25 00:00:00,0.1272529182879377,0.0145836575875486,0.0316517509727626,0.0,0.0,0.0074163424124513,0.0019494163424124,0.0,0.0122431906614785,0.0
2014-12-25 01:00:00,0.07900390625,0.00218359375,0.0,0.0,0.0,0.00742578125,0.001970703125,0.0,0.012212890625,0.0
2014-12-25 02:00:00,0.1300544747081712,0.0153210116731517,0.0352568093385214,0.0,0.0,0.007396887159533,0.0019552529182879,0.0,0.0122334630350194,0.0
2014-12-25 03:00:00,0.0793391812865497,0.0023801169590643,0.0,0.0,0.0,0.0074327485380116,0.0019415204678362,0.0,0.0122163742690058,0.0
2014-12-25 04:00:00,0.092111328125,0.01343359375,0.0,0.0,0.0,0.00746484375,0.00196875,0.0,0.01230078125,0.0
2014-12-25 05:00:00,0.125504854368932,0.0041300970873786,0.0421728155339805,0.0,0.0,0.0074485436893203,0.0019631067961165,0.0,0.0122233009708737,0.0
2014-12-25 06:00:00,0.0840721247563352,0.0096140350877192,0.0,0.0,0.0,0.0073099415204678,0.0018167641325536,0.0,0.0121871345029239,0.0
2014-12-25 07:00:00,0.0913152804642166,0.007284332688588,0.0080502901353965,0.0,0.0,0.0073075435203094,0.0018413926499032,0.0,0.0121547388781431,0.0
2014-12-25 08:00:00,0.1376842105263157,0.0054054580896686,0.0286998050682261,0.0,0.0,0.0073996101364522,0.0018908382066276,0.0,0.0122417153996101,0.0
2014-12-25 09:00:00,0.181474609375,0.01192578125,0.0,0.0,0.0,0.007341796875,0.001880859375,0.0,0.0121796875,0.0
2014-12-25 10:00:00,0.47583984375,0.001,0.03112109375,0.0,0.0,0.007357421875,0.001875,0.0,0.0121953125,0.0
2014-12-25 11:00:00,0.2739961013645224,0.0173099415204678,0.0060877192982456,0.0,0.0,0.0072846003898635,0.0018167641325536,0.0,0.0121481481481481,0.0
2014-12-25 12:00:00,0.4063262548262548,0.0,0.0,0.0,0.0,0.0073146718146718,0.0018127413127413,0.0,0.0121660231660231,0.0
2014-12-25 13:00:00,0.3120019342359768,0.0177117988394584,0.0398858800773694,0.0,0.0,0.0073945841392649,0.0019032882011605,0.0,0.0121934235976789,0.0
2014-12-25 14:00:00,0.1265883495145631,0.0,0.0,0.0,0.0,0.0073844660194174,0.0018446601941747,0.0,0.0121980582524271,0.0
2014-12-25 15:00:00,0.1193533980582524,0.0177766990291262,0.0,0.0,0.0,0.0073281553398058,0.0018485436893203,0.0,0.0121747572815533,0.0
2014-12-25 16:00:00,0.1196517509727626,0.0,0.0374124513618677,0.0,0.0,0.0072957198443579,0.0017568093385214,0.0,0.0121789883268482,0.0
2014-12-25 17:00:00,0.0838359375,0.01076171875,0.0,0.0,0.0,0.007359375,0.00177734375,0.0,0.012150390625,0.0
2014-12-25 18:00:00,0.0866459143968871,0.0080953307392996,0.0,0.0,0.0,0.0072976653696498,0.0016887159533073,0.0,0.0121673151750972,0.0
2014-12-25 19:00:00,0.1175087719298245,0.0,0.03570955165692,0.0,0.0,0.0075964912280701,0.0017855750487329,0.0,0.0121656920077972,0.0
2014-12-25 20:00:00,0.090177734375,0.017990234375,0.0,0.0,0.0,0.007552734375,0.001791015625,0.0,0.0121875,0.0
2014-12-25 21:00:00,0.076852427184466,0.0,0.0,0.0,0.0,0.0076233009708737,0.0018873786407766,0.0,0.0121611650485436,0.0
2014-12-25 22:00:00,0.1362776699029126,0.0185611650485436,0.0387864077669902,0.0,0.0,0.007735922330097,0.0018873786407766,0.0,0.0122349514563106,0.0
2014-12-25 23:00:00,0.081922480620155,0.0,0.0,0.0,0.0,0.0077422480620155,0.0019728682170542,0.0,0.0122364341085271,0.0
2014-12-26 00:00:00,0.0843274853801169,0.0099688109161793,0.0,0.0,0.0,0.0077465886939571,0.0019766081871345,0.0,0.0122222222222222,0.0
2014-12-26 01:00:00,0.1303891050583657,0.0101303501945525,0.0381420233463035,0.0,0.0,0.0077295719844357,0.0019785992217898,0.0,0.0122315175097276,0.0
2014-12-26 02:00:00,0.0764498069498069,0.0,0.0,0.0,0.0,0.0075752895752895,0.0017548262548262,0.0,0.0121911196911196,0.0
2014-12-26 03:00:00,0.0910271317829457,0.0189418604651162,0.0,0.0,0.0,0.0075523255813953,0.0017906976744186,0.0,0.0121666666666666,0.0
2014-12-26 04:00:00,0.107908560311284,0.0,0.0258988326848249,0.0,0.0,0.0076089494163424,0.0018443579766536,0.0,0.0122023346303501,0.0
2014-12-26 05:00:00,0.1070796116504854,0.0113203883495145,0.0189902912621359,0.0,0.0,0.0076155339805825,0.0018563106796116,0.0,0.0121883495145631,0.0
2014-12-26 06:00:00,0.0828832684824902,0.0089027237354085,0.0,0.0,0.0,0.0075544747081712,0.0017276264591439,0.0,0.0122081712062256,0.0
2014-12-26 07:00:00,0.1075642023346303,0.0,0.0,0.0,0.0,0.0074922178988326,0.0017217898832684,0.0,0.0121031128404669,0.0
2014-12-26 08:00:00,0.2161964980544747,0.0190466926070038,0.0410817120622568,0.0,0.0,0.0076284046692607,0.0018346303501945,0.0,0.0121964980544747,0.0
2014-12-26 09:00:00,0.1307941747572815,0.0,0.0037320388349514,0.0,0.0,0.0075592233009708,0.0018213592233009,0.0,0.0121766990291262,0.0
2014-12-26 10:00:00,0.1696351351351351,0.0076235521235521,0.0,0.0,0.0,0.0076891891891891,0.0019247104247104,0.0,0.0121853281853281,0.0
2014-12-26 11:00:00,0.203552734375,0.010603515625,0.0,0.0,0.0,0.007708984375,0.001900390625,0.0,0.0121953125,0.0
2014-12-26 12:00:00,0.2206510721247563,0.0,0.0439571150097465,0.0,0.0,0.0076081871345029,0.0018343079922027,0.0,0.0122066276803118,0.0
2014-12-26 13:00:00,0.1382319688109161,0.0188362573099415,0.0,0.0,0.0,0.0076218323586744,0.0018810916179337,0.0,0.0121812865497076,0.0
2014-12-26 14:00:00,0.1211011673151751,0.0,0.0,0.0,0.0,0.0076303501945525,0.0019280155642023,0.0,0.0122159533073929,0.0
2014-12-26 15:00:00,0.101408560311284,0.0129785992217898,0.0027198443579766,0.0,0.0,0.0076653696498054,0.0018735408560311,0.0,0.0121634241245136,0.0
2014-12-26 16:00:00,0.1322504854368932,0.0060815533980582,0.0427825242718446,0.0,0.0,0.0076485436893203,0.0018796116504854,0.0,0.0122155339805825,0.0
2014-12-26 17:00:00,0.1430760233918128,0.0,0.0,0.0,0.0,0.007625730994152,0.0018284600389863,0.0,0.0121539961013645,0.0
2014-12-26 18:00:00,0.0938549323017408,0.0211237911025145,0.0,0.0,0.0,0.0076382978723404,0.0018704061895551,0.0,0.0121798839458413,0.0
2014-12-26 19:00:00,0.0998599221789883,0.0,0.0196887159533073,0.0,0.0,0.0077101167315175,0.0019260700389105,0.0,0.0122023346303501,0.0
2014-12-26 20:00:00,0.1230678294573643,0.0162480620155038,0.0269961240310077,0.0,0.0,0.0076240310077519,0.0019244186046511,0.0,0.0121957364341085,0.0
2014-12-26 21:00:00,0.0830582524271844,0.0028737864077669,0.0,0.0,0.0,0.0075106796116504,0.0017864077669902,0.0,0.0121495145631067,0.0
2014-12-26 22:00:00,0.0785380116959064,0.0005224171539961,0.0,0.0,0.0,0.0076861598440545,0.001896686159844,0.0,0.0122163742690058,0.0
2014-12-26 23:00:00,0.0947145631067961,0.0188194174757281,0.0030233009708737,0.0,0.0,0.0077592233009708,0.0019669902912621,0.0,0.0122019417475728,0.0
2014-12-27 00:00:00,0.136027079303675,0.0,0.048237911025145,0.0,0.0,0.007779497098646,0.0019767891682785,0.0,0.012237911025145,0.0
2014-12-27 01:00:00,0.0893825242718446,0.0173242718446601,0.0,0.0,0.0,0.0077436893203883,0.0019514563106796,0.0,0.0122388349514563,0.0
2014-12-27 02:00:00,0.084367816091954,0.0036666666666666,0.0,0.0,0.0,0.0077375478927203,0.0019329501915708,0.0,0.0122222222222222,0.0
2014-12-27 03:00:00,0.0772431906614786,0.0,0.0,0.0,0.0,0.0077140077821011,0.0019377431906614,0.0,0.0122373540856031,0.0
2014-12-27 04:00:00,0.1114795321637426,0.0212729044834308,0.0152085769980506,0.0,0.0,0.0077251461988304,0.0019571150097465,0.0,0.0122787524366471,0.0
2014-12-27 05:00:00,0.1205311284046692,0.0,0.0355778210116731,0.0,0.0,0.0076848249027237,0.0019357976653696,0.0,0.0122237354085603,0.0
2014-12-27 06:00:00,0.0862466019417475,0.0037067961165048,0.0,0.0,0.0,0.0077553398058252,0.0019203883495145,0.0,0.0122427184466019,0.0
2014-12-27 07:00:00,0.1216802325581395,0.0165038759689922,0.0,0.0,0.0,0.0075310077519379,0.0017519379844961,0.0,0.0121492248062015,0.0
2014-12-27 08:00:00,0.1327251461988304,0.0,0.0,0.0,0.0,0.0076062378167641,0.0018362573099415,0.0,0.0121812865497076,0.0
2014-12-27 09:00:00,0.1164504854368932,0.0111961165048543,0.0149067961165048,0.0,0.0,0.0074640776699029,0.0016893203883495,0.0,0.0121300970873786,0.0
2014-12-27 10:00:00,0.1758657587548638,0.00968093385214,0.0370311284046692,0.0,0.0,0.0074805447470817,0.0017392996108949,0.0,0.0121575875486381,0.0
2014-12-27 11:00:00,0.2487801556420233,0.0,0.0,0.0,0.0,0.0075019455252918,0.0016945525291828,0.0,0.0121167315175097,0.0
2014-12-27 12:00:00,0.5556149425287356,0.0193390804597701,0.0,0.0,0.0,0.007455938697318,0.0017164750957854,0.0,0.012147509578544,0.0
2014-12-27 13:00:00,0.3576108949416342,0.0,0.0,0.0,0.0,0.0075175097276264,0.0017684824902723,0.0,0.0121342412451361,0.0
2014-12-27 14:00:00,0.1911818181818181,0.0,0.0468568665377176,0.0,0.0,0.0075261121856866,0.0017911025145067,0.0,0.0121798839458413,0.0
2014-12-27 15:00:00,0.1216019417475728,0.0197165048543689,0.0034796116504854,0.0,0.0,0.0074932038834951,0.0017029126213592,0.0,0.0121398058252427,0.0
2014-12-27 16:00:00,0.0773671875,0.0,0.0,0.0,0.0,0.007482421875,0.00170703125,0.0,0.012177734375,0.0
2014-12-27 17:00:00,0.1257980582524271,0.01046213592233,0.0,0.0,0.0,0.0074815533980582,0.0016504854368932,0.0,0.0121203883495145,0.0
2014-12-27 18:00:00,0.1119864864864864,0.0092722007722007,0.0,0.0,0.0,0.0074961389961389,0.0017471042471042,0.0,0.0121332046332046,0.0
2014-12-27 19:00:00,0.1134166666666666,0.0,0.0323546511627906,0.0,0.0,0.0075503875968992,0.0017810077519379,0.0,0.0121434108527131,0.0
2014-12-27 20:00:00,0.1195875486381322,0.0210252918287937,0.0226050583657587,0.0,0.0,0.0076381322957198,0.001908560311284,0.0,0.0121770428015564,0.0
2014-12-27 21:00:00,0.0764970760233918,0.0,0.0,0.0,0.0,0.0075945419103313,0.0018635477582846,0.0,0.0122027290448343,0.0
2014-12-27 22:00:00,0.0813430799220272,0.0,0.0,0.0,0.0,0.0076276803118908,0.0018927875243664,0.0,0.0122105263157894,0.0
2014-12-27 23:00:00,0.0928382066276803,0.0204873294346978,0.0,0.0,0.0,0.0077017543859649,0.0019766081871345,0.0,0.0122202729044834,0.0
2014-12-28 00:00:00,0.0767258687258687,0.0,0.0,0.0,0.0,0.0076583011583011,0.0019285714285714,0.0,0.0122220077220077,0.0
2014-12-28 01:00:00,0.1496718446601941,0.0067864077669902,0.0570330097087378,0.0,0.0,0.0076330097087378,0.0018796116504854,0.0,0.0121902912621359,0.0
2014-12-28 02:00:00,0.0910077519379845,0.0128875968992248,0.0,0.0,0.0,0.0077073643410852,0.0019244186046511,0.0,0.012218992248062,0.0
2014-12-28 03:00:00,0.07709375,0.0,0.0,0.0,0.0,0.007705078125,0.001916015625,0.0,0.01223046875,0.0
2014-12-28 04:00:00,0.0882898272552783,0.0146602687140115,0.0,0.0,0.0,0.0076967370441458,0.0019328214971209,0.0,0.0122303262955854,0.0
2014-12-28 05:00:00,0.0817582846003898,0.0060662768031189,0.0,0.0,0.0,0.0077407407407407,0.0019668615984405,0.0,0.0122202729044834,0.0
2014-12-28 06:00:00,0.0769552529182879,0.0,0.0,0.0,0.0,0.0076848249027237,0.0019007782101167,0.0,0.0122315175097276,0.0
2014-12-28 07:00:00,0.1647228682170542,0.016,0.0303856589147286,0.0,0.0,0.0076744186046511,0.0019011627906976,0.0,0.0121918604651162,0.0
2014-12-28 08:00:00,0.2009122807017543,0.0051013645224171,0.0344405458089668,0.0,0.0,0.0076179337231968,0.001849902534113,0.0,0.0122085769980506,0.0
2014-12-28 09:00:00,0.1537281323877068,0.0,0.0,0.0,0.0,0.0075035460992907,0.0017683215130023,0.0,0.0121252955082742,0.0
2014-12-28 10:00:00,0.7055223300970874,0.0148407766990291,0.0,0.0,0.0,0.0074233009708737,0.0016407766990291,0.0,0.0121378640776699,0.0
2014-12-28 11:00:00,0.7892665369649806,0.0057451361867704,0.0,0.0,0.0,0.0074280155642023,0.0016381322957198,0.0,0.0121303501945525,0.0
2014-12-28 12:00:00,0.6522297297297297,0.0,0.0,0.0,0.0,0.0073223938223938,0.0014594594594594,0.0,0.0121409266409266,0.0
2014-12-28 13:00:00,0.3634873786407767,0.0171145631067961,0.0,0.0,0.0,0.0073961165048543,0.0016213592233009,0.0,0.0121281553398058,0.0
2014-12-28 14:00:00,0.1713333333333333,0.0034186046511627,0.0308856589147286,0.0,0.0,0.0074573643410852,0.0017422480620155,0.0,0.0121550387596899,0.0
2014-12-28 15:00:00,0.1542884615384615,0.0,0.0325576923076923,0.0,0.0,0.0074288461538461,0.0016711538461538,0.0,0.012126923076923,0.0
2014-12-28 16:00:00,0.0960251450676982,0.0199941972920696,0.0,0.0,0.0,0.0075261121856866,0.0017137330754352,0.0,0.0121663442940038,0.0
2014-12-28 17:00:00,0.143104854368932,0.0006271844660194,0.0,0.0,0.0,0.0074893203883495,0.001683495145631,0.0,0.012157281553398,0.0
2014-12-28 18:00:00,0.084852998065764,0.0,0.0,0.0,0.0,0.0075435203094777,0.0018181818181818,0.0,0.0121257253384912,0.0
2014-12-28 19:00:00,0.094,0.0220754352030947,0.0,0.0,0.0,0.0076615087040618,0.0019187620889748,0.0,0.0121895551257253,0.0
2014-12-28 20:00:00,0.0768643410852713,0.0,0.0,0.0,0.0,0.0076782945736434,0.001922480620155,0.0,0.0122151162790697,6.201550387596899e-05
2014-12-28 21:00:00,0.2015514563106796,0.0,0.0,0.0,0.0,0.0076466019417475,0.0018776699029126,0.0819165048543689,0.0121922330097087,0.0
2014-12-28 22:00:00,0.2823641618497109,0.0209229287090558,0.0553275529865125,0.0,0.0,0.0077167630057803,0.0019595375722543,0.0,0.0122215799614643,0.0200115606936416
2014-12-28 23:00:00,0.3106034816247582,0.0,0.0118239845261121,0.0,0.0,0.0076769825918762,0.0019226305609284,0.1066615087040619,0.0122185686653771,0.0203365570599613
2014-12-29 00:00:00,0.1851201550387597,0.0,0.0,0.0,0.0,0.0076143410852713,0.0019244186046511,0.0,0.0121705426356589,0.0203740310077519
2014-12-29 01:00:00,0.4555639534883721,0.0210077519379844,0.0,0.0,0.0,0.0075445736434108,0.0019186046511627,0.2290930232558139,0.0121220930232558,0.0203236434108527
2014-12-29 02:00:00,0.2940815533980582,0.0,0.0,0.0,0.0,0.0282815533980582,0.001926213592233,0.045431067961165,0.0122019417475728,0.020526213592233
2014-12-29 03:00:00,0.2507228682170542,0.020313953488372,0.0,0.0,0.0,0.0030387596899224,0.0019418604651162,0.0532616279069767,0.0121860465116279,0.0202538759689922
2014-12-29 04:00:00,0.1767848837209302,0.0,0.0,0.0,0.0,0.0,0.0019593023255813,0.0,0.0121976744186046,0.0204282945736434
2014-12-29 05:00:00,0.2502046332046332,0.0142548262548262,0.0516756756756756,0.0,0.0,0.0,0.0018687258687258,0.0,0.0121389961389961,0.0161949806949806
2014-12-29 06:00:00,0.1712217898832684,0.0051264591439688,0.0144260700389105,0.0,0.0,0.0,0.0017937743190661,0.0,0.0121575875486381,0.0
2014-12-29 07:00:00,0.1516100386100386,0.0067509652509652,0.0,0.0,0.0,0.0,0.0018088803088803,0.0,0.012096525096525,0.0
2014-12-29 08:00:00,0.1587321772639691,0.0109229287090558,0.0,0.0,0.0,0.0,0.0019229287090558,0.0,0.0121387283236994,0.0
2014-12-29 09:00:00,0.1838543689320388,0.0046252427184466,0.0,0.0,0.0,0.0,0.0018233009708737,0.0,0.0121281553398058,0.0
2014-12-29 10:00:00,0.6940233463035019,0.014044747081712,0.0,0.0,0.0,0.0,0.0017529182879377,0.0,0.0121381322957198,0.0
2014-12-29 11:00:00,0.7699922178988327,0.0023268482490272,0.0,0.0,0.0,0.0,0.0017412451361867,0.0,0.0121108949416342,0.0
2014-12-29 12:00:00,0.6177693798449613,0.0154399224806201,0.0138372093023255,0.0,0.0,0.0,0.0018003875968992,0.0,0.0121375968992248,0.0
2014-12-29 13:00:00,0.523011650485437,0.0103650485436893,0.0478388349514563,0.0,0.0,0.0,0.00186213592233,0.1217631067961165,0.0121029126213592,0.0105825242718446
2014-12-29 14:00:00,0.1432181467181467,0.0076891891891891,0.0,0.0,0.0,0.0,0.0019227799227799,0.0,0.0121737451737451,0.0092046332046332
2014-12-29 15:00:00,0.2759903100775194,0.0191356589147286,0.0,0.0,0.0,0.0,0.0018585271317829,0.0646841085271317,0.0120968992248062,0.0037403100775193
2014-12-29 16:00:00,0.1538023255813953,0.0018992248062015,0.0,0.0,0.0,0.0,0.0017538759689922,0.0,0.0121201550387596,0.0010426356589147
2014-12-29 17:00:00,0.2862413127413127,0.0172528957528957,0.0,0.0,0.0,0.0,0.0016640926640926,0.0549362934362934,0.0121081081081081,0.0047239382239382
2014-12-29 18:00:00,0.4452490196078431,0.0020313725490196,0.0072607843137254,0.0,0.0,0.0,0.0017313725490196,0.0081431372549019,0.0121196078431372,0.0202509803921568
2014-12-29 19:00:00,0.6272718052738337,0.0150892494929006,0.0517464503042596,0.0,0.0,0.0,0.0017119675456389,0.1266267748478702,0.0121115618661257,0.019868154158215
2014-12-29 20:00:00,0.2433380566801619,0.0127874493927125,0.0,0.0,0.0,0.0,0.0018825910931174,0.0597105263157894,0.0121396761133603,0.0201234817813765
2014-12-29 21:00:00,1.1957354085603114,0.0047159533073929,0.0,0.9795642023346304,0.0,0.0,0.0017898832684824,0.0,0.0121459143968871,0.0199669260700389
2014-12-29 22:00:00,0.4485473887814313,0.0170986460348162,0.0,0.1662630560928433,0.0,0.0,0.0018626692456479,0.0532224371373307,0.0121876208897485,0.0201237911025145
2014-12-29 23:00:00,0.17,0.0,0.0,0.0273056092843326,0.0,0.0,0.0019303675048355,0.0,0.0121972920696324,0.0203578336557059
2014-12-30 00:00:00,0.2977519379844961,0.0183585271317829,0.0416686046511627,0.0360988372093023,0.0,0.0,0.0019651162790697,0.0,0.0122403100775193,0.0202732558139534
2014-12-30 01:00:00,0.3525338491295938,0.0050386847195357,0.0118220502901353,0.0267234042553191,0.0,0.0,0.0019245647969052,0.1833404255319149,0.0122340425531914,0.0051818181818181
2014-12-30 02:00:00,0.1803307543520309,0.0124893617021276,0.0,0.0,0.0,0.0,0.0019323017408123,0.0658104448742746,0.0122572533849129,0.0
2014-12-30 03:00:00,0.0842658959537572,0.0104527938342967,0.0,0.0,0.0,0.0,0.0019614643545279,0.0,0.0121984585741811,0.0
2014-12-30 04:00:00,0.0836588693957115,0.0083898635477582,0.0,0.0,0.0,0.0,0.0019376218323586,0.0,0.0122300194931773,0.0
2014-12-30 05:00:00,0.1376499032882011,0.0078723404255319,0.0470328820116054,0.0,0.0,0.0,0.0019013539651837,0.0,0.0121934235976789,0.0
2014-12-30 06:00:00,0.0969789272030651,0.0100134099616858,0.0112298850574712,0.0,0.0,0.0,0.0017950191570881,0.0,0.0121666666666666,0.0
2014-12-30 07:00:00,0.1105562015503876,0.0026802325581395,0.0,0.0,0.0,0.0,0.0015872093023255,0.0,0.012110465116279,0.0
2014-12-30 08:00:00,0.156963249516441,0.0153249516441005,0.0,0.0,0.0,0.0,0.0017620889748549,0.0,0.0121450676982591,0.0
2014-12-30 09:00:00,0.1449418604651162,0.0,0.0,0.0,0.0,0.0,0.0018313953488372,0.0,0.0121124031007751,0.0
2014-12-30 10:00:00,0.83752408477842,0.0177456647398843,0.0,0.0,0.0,0.0,0.0018535645472061,0.0,0.0121714836223506,0.0
2014-12-30 11:00:00,0.93626103646833,3.2629558541266795e-05,0.0,0.0,0.0,0.0,0.001831094049904,0.1085451055662188,0.0121190019193857,0.0
2014-12-30 12:00:00,0.6698019417475729,0.0176660194174757,0.0516155339805825,0.0,0.0,0.0,0.0018077669902912,0.0,0.0121533980582524,0.0
2014-12-30 13:00:00,0.4141744186046512,0.0,0.0094825581395348,0.0,0.0,0.0,0.0018798449612403,0.0769127906976744,0.0121162790697674,0.0
2014-12-30 14:00:00,0.3491737451737451,0.0171158301158301,0.0,0.0,0.0,0.0,0.0018629343629343,0.0,0.0121254826254826,0.0
2014-12-30 15:00:00,0.1464922480620155,0.0,0.0,0.0,0.0,0.0,0.0018740310077519,0.0,0.0120910852713178,0.0
2014-12-30 16:00:00,0.150483495145631,0.0173844660194174,0.0,0.0,0.0,0.0,0.0017184466019417,0.0,0.0120873786407766,0.0
2014-12-30 17:00:00,0.143964980544747,0.0,0.0,0.0,0.0,0.0,0.0015583657587548,0.0,0.0120856031128404,0.0
2014-12-30 18:00:00,0.5104554263565891,0.0197538759689922,0.0542693798449612,0.0,0.0,0.0,0.0016531007751937,0.0,0.0121182170542635,0.0
2014-12-30 19:00:00,0.1786840077071291,0.0017495183044315,0.002179190751445,0.0,0.0,0.0,0.0017148362235067,0.0,0.0121021194605009,0.0020732177263969
2014-12-30 20:00:00,0.4580407766990291,0.0242466019417475,0.0001184466019417,0.0,0.0,0.0,0.0017553398058252,0.0,0.0120970873786407,0.0
2014-12-30 21:00:00,1.024073500967118,0.3764970986460348,0.0,0.0,0.0,0.0,0.0017872340425531,0.0,0.0121295938104448,0.0
2014-12-30 22:00:00,0.237409708737864,0.0058951456310679,0.0,0.0,0.0,0.0,0.0018912621359223,0.0,0.0121592233009708,0.0
2014-12-30 23:00:00,0.3320562015503875,0.0143410852713178,0.0378895348837209,0.0,0.0,0.0,0.0019147286821705,0.0,0.0121356589147286,0.0078391472868217
2014-12-31 00:00:00,0.1669747572815534,0.0206466019417475,0.0211436893203883,0.0,0.0,0.0,0.0019300970873786,0.0,0.0121844660194174,0.0106330097087378
2014-12-31 01:00:00,0.3532456813819578,0.01857773512476,0.0,0.0,0.0,0.0219923224568138,0.0018291746641074,0.0,0.012172744721689,0.0
2014-12-31 02:00:00,0.1144050387596899,0.0020310077519379,0.0,0.0,0.0,0.0266046511627906,0.0019186046511627,0.0,0.0122131782945736,0.0
2014-12-31 03:00:00,0.0883071017274472,0.0153550863723608,0.0,0.0,0.0,0.0,0.0019558541266794,0.0,0.0121804222648752,0.0
2014-12-31 04:00:00,0.0874480769230769,0.0173865384615384,0.0,0.0,0.0,0.0,0.0019192307692307,0.0,0.0122134615384615,0.0
2014-12-31 05:00:00,0.1523527131782945,0.0,0.0445600775193798,0.0,0.0,0.0,0.0018953488372093,0.0,0.0121666666666666,0.0
2014-12-31 06:00:00,0.2669710424710425,0.0181042471042471,0.0146814671814671,0.0,0.0,0.0,0.0016776061776061,0.0,0.0121274131274131,0.0
2014-12-31 07:00:00,0.1057286821705426,0.0110232558139534,0.0,0.0,0.0,0.0,0.0016162790697674,0.0,0.0121298449612403,0.0
2014-12-31 08:00:00,0.1523771760154738,0.0088046421663442,0.0,0.0,0.0,0.0,0.0017911025145067,0.0,0.0121392649903288,0.0
2014-12-31 09:00:00,0.1438158914728682,0.0159593023255813,0.0,0.0,0.0,0.0,0.0018391472868217,0.0,0.0121124031007751,0.0
2014-12-31 10:00:00,0.3858858800773694,0.0007311411992263,0.0,0.0,0.0,0.0,0.0018085106382978,0.0,0.0121353965183752,0.0
2014-12-31 11:00:00,0.7835992217898833,0.0191945525291828,0.0418774319066147,0.0,0.0,0.0,0.0018035019455252,0.0,0.0121459143968871,0.0
2014-12-31 12:00:00,0.6267664092664093,0.0,0.0165057915057915,0.0,0.0,0.0,0.0017972972972972,0.0,0.0121621621621621,0.0
2014-12-31 13:00:00,0.3293127413127413,0.0184015444015444,0.0,0.0,0.013096525096525,0.0,0.0108590733590733,0.0,0.0121389961389961,0.0
2014-12-31 14:00:00,0.2939535783365571,0.0095067698259187,0.0,0.0,0.0027234042553191,0.0,0.0608297872340425,0.0,0.012174081237911,0.0
2014-12-31 15:00:00,0.2383711538461538,0.0098730769230769,0.0,0.0,0.0,0.0,0.0260326923076923,0.0,0.0121038461538461,0.0
2014-12-31 16:00:00,0.9789226305609284,0.0159883945841392,0.0145473887814313,0.0,0.0,0.0,0.0014816247582205,0.0,0.0121160541586073,0.0
2014-12-31 17:00:00,0.3551381322957198,0.0022665369649805,0.041317120622568,0.0,0.0,0.0,0.0016089494163424,0.0,0.0121186770428015,0.0
2014-12-31 18:00:00,0.1764787644787644,0.0141235521235521,0.0,0.0,0.0,0.0,0.0017471042471042,0.0,0.0121196911196911,0.0
2014-12-31 19:00:00,0.6324197292069632,0.0140096711798839,3.288201160541586e-05,0.0,0.0,0.0,0.0017466150870406,0.0,0.0121102514506769,0.0051392649903288
2014-12-31 20:00:00,0.2408352713178294,0.0058740310077519,0.0,0.0,0.0,0.0064089147286821,0.0017829457364341,0.0,0.0121395348837209,0.0
2014-12-31 21:00:00,0.2928491295938105,0.0209709864603481,0.0450425531914893,0.0,0.0,0.006485493230174,0.0018471953578336,0.0,0.012127659574468,0.0
2014-12-31 22:00:00,0.2107872340425532,0.013201160541586,0.0050212765957446,0.0,0.0,0.0,0.0018781431334622,6.189555125725339e-05,0.0121605415860735,0.0
2014-12-31 23:00:00,0.2294970873786407,0.0033825242718446,0.0,0.0,0.0,0.0,0.0232563106796116,0.0,0.0121864077669902,0.0
2015-01-01 00:00:00,0.206501923076923,0.0163134615384615,0.0,0.0,0.0,0.0,0.0019230769230769,0.0,0.0121673076923076,0.0
2015-01-01 01:00:00,0.2222104247104247,0.0122683397683397,0.0162741312741312,0.0,0.0,0.0,0.0018706563706563,0.0,0.0121332046332046,0.0
2015-01-01 02:00:00,0.6259046692607004,0.0078249027237354,0.0341673151750972,0.0,0.0,0.0,0.0018579766536964,0.0,0.0121673151750972,0.0
2015-01-01 03:00:00,0.4009208494208494,0.016596525096525,0.0001853281853281,0.0,0.0,0.0,0.0018996138996138,0.0,0.0121718146718146,0.0
2015-01-01 04:00:00,0.1345241779497098,0.0164100580270793,0.0375841392649903,0.0,0.0,0.0,0.0019342359767891,0.0,0.0121528046421663,0.0
2015-01-01 05:00:00,0.0705673076923077,0.0049076923076923,0.0,0.0,0.0,0.0,0.0019326923076923,0.0,0.0121903846153846,0.0
2015-01-01 06:00:00,0.0755938104448742,0.0123829787234042,0.0,0.0,0.0,0.0,0.001880077369439,0.0,0.0121953578336557,0.0
2015-01-01 07:00:00,0.1641872586872587,0.0159478764478764,0.0471737451737451,0.0,0.0,0.0,0.0019054054054054,0.0,0.0121602316602316,0.0
2015-01-01 08:00:00,0.1434489402697495,0.0,0.0,0.0,0.0,0.0,0.0018805394990366,0.0,0.0121753371868978,0.0
2015-01-01 09:00:00,0.152421359223301,0.014978640776699,0.0,0.0,0.0,0.0,0.0017514563106796,0.0,0.0121126213592233,0.0
2015-01-01 10:00:00,0.1852882011605415,0.0168955512572533,0.0404661508704061,0.0,0.0,0.0,0.0018355899419729,0.0,0.0121508704061895,0.0
2015-01-01 11:00:00,0.2665348837209302,0.0001860465116279,0.0,0.0,0.0,0.0,0.0017015503875968,0.1041453488372093,0.0121143410852713,0.0
2015-01-01 12:00:00,0.2362538759689922,0.016218992248062,3.1007751937984497e-05,0.0,0.0,0.0,0.0015968992248062,0.0433953488372093,0.0121531007751938,0.0
2015-01-01 13:00:00,0.5302951456310679,0.0124427184466019,0.0395669902912621,0.0,0.0,0.0,0.0016990291262135,0.1023844660194174,0.0121223300970873,0.0
2015-01-01 14:00:00,0.2058042635658914,0.0072945736434108,5.232558139534884e-05,0.0,0.0,0.0,0.0016453488372093,0.0439147286821705,0.0121453488372093,0.0
2015-01-01 15:00:00,0.2802859922178988,0.0151848249027237,0.0222120622568093,0.0,0.0,0.0,0.0014980544747081,0.051636186770428,0.012101167315175,0.0
2015-01-01 16:00:00,0.3282104247104247,0.0086312741312741,0.0139073359073359,0.0,0.0,0.0,0.0017258687258687,0.0918474903474903,0.0121003861003861,0.0
2015-01-01 17:00:00,1.562093023255814,0.965217054263566,0.0,0.0,0.178468992248062,0.0,0.0015581395348837,0.0,0.0121279069767441,0.0141763565891472
2015-01-01 18:00:00,2.29780701754386,0.8080994152046784,0.0333937621832358,0.0,0.9435380116959065,0.0,0.0016003898635477,0.0880818713450292,0.012130604288499,0.0191150097465886
2015-01-01 19:00:00,1.177701550387597,0.5738759689922481,2.9069767441860463e-05,0.0,0.0026666666666666,0.0,0.0016666666666666,0.1079670542635658,0.0121220930232558,0.0157887596899224
2015-01-01 20:00:00,0.2023801169590643,0.0042436647173489,0.0304132553606237,0.0,0.0002280701754385,0.0,0.0018654970760233,0.0,0.0121520467836257,0.0
2015-01-01 21:00:00,0.2250739299610895,0.0167568093385214,0.0,0.0,0.0,0.0,0.0017645914396887,0.0332412451361867,0.012112840466926,0.0
2015-01-01 22:00:00,0.2914135922330097,0.0159009708737864,0.0355417475728155,0.0,0.0,0.0,0.0017203883495145,0.1077009708737864,0.0121378640776699,0.0
2015-01-01 23:00:00,0.1798740310077519,0.0153507751937984,0.0170833333333333,0.0,0.0,0.0,0.001906976744186,0.0,0.0121918604651162,0.0
2015-01-02 00:00:00,0.3266756756756757,0.0088687258687258,0.0107857142857142,0.0,0.0,0.0,0.0019266409266409,0.1787837837837837,0.0122084942084942,0.0
2015-01-02 01:00:00,0.3145930232558139,0.0085717054263565,0.0305833333333333,0.0,0.0,0.0,0.001829457364341,0.1418740310077519,0.0121492248062015,0.0
2015-01-02 02:00:00,0.0841907514450867,0.0133468208092485,0.0,0.0,0.0,0.0,0.0018651252408477,0.0,0.0121714836223506,0.0
2015-01-02 03:00:00,0.1198679611650485,0.0154660194174757,0.032883495145631,0.0,0.0,0.0,0.0018990291262135,0.0,0.0121844660194174,0.0
2015-01-02 04:00:00,0.1039157088122605,0.0154310344827586,0.0,0.0,0.0,0.0,0.0019386973180076,0.0,0.0122183908045977,0.0
2015-01-02 05:00:00,0.1565830115830116,0.0012799227799227,0.0311988416988416,0.0,0.0,0.0,0.0019594594594594,0.0,0.0122277992277992,0.0
2015-01-02 06:00:00,0.0879633911368015,0.0169576107899807,0.0,0.0,0.0,0.0,0.0018516377649325,0.0,0.0121714836223506,0.0
2015-01-02 07:00:00,0.1527557692307692,0.015776923076923,0.0340461538461538,0.0,0.0,0.0,0.0016538461538461,0.0,0.0121153846153846,0.0
2015-01-02 08:00:00,0.1450405405405405,0.0,0.0,0.0,0.0,6.177606177606178e-05,0.0018513513513513,0.0,0.0121332046332046,0.0
2015-01-02 09:00:00,0.1758899613899614,0.0155212355212355,0.0348532818532818,0.0,0.0,0.0,0.0016138996138996,0.0,0.0121119691119691,0.0
2015-01-02 10:00:00,0.7281199226305609,0.0160077369439071,0.0001508704061895,0.0,0.0,0.0,0.0016460348162475,0.1159032882011605,0.0121257253384912,0.0016711798839458
2015-01-02 11:00:00,0.8751486486486486,0.0003532818532818,0.0206602316602316,0.0,0.0,0.0,0.001573359073359,0.1463532818532818,0.0121235521235521,0.0053494208494208
2015-01-02 12:00:00,0.6525533980582525,0.0164873786407767,0.0117902912621359,0.0,0.0,0.0,0.0016194174757281,0.0157844660194174,0.0120815533980582,0.0
2015-01-02 13:00:00,0.3792611218568665,0.0163675048355899,0.0084738878143133,0.0,0.0,0.0,0.0016634429400386,0.0,0.0121063829787234,0.0
2015-01-02 14:00:00,0.1677009708737864,0.0039533980582524,0.0258893203883495,0.0,0.0,0.0,0.0017203883495145,0.0,0.0121320388349514,0.0
2015-01-02 15:00:00,0.1519515503875969,0.0125562015503875,0.0,0.0,0.0,0.0,0.0016608527131782,0.0,0.0121124031007751,0.0
2015-01-02 16:00:00,0.1891825242718446,0.0167087378640776,0.0324601941747572,0.0,0.0,0.0,0.0016252427184466,0.0,0.0121029126213592,0.0
2015-01-02 17:00:00,0.1366335282651072,0.0008284600389863,0.0,0.0,0.0,0.0,0.0017270955165692,0.0,0.0121052631578947,0.0
2015-01-02 18:00:00,0.1912291262135922,0.014326213592233,0.035926213592233,0.0,0.0,0.0,0.0017184466019417,0.0,0.0121456310679611,0.0
2015-01-02 19:00:00,0.1492966601178781,0.01775442043222,0.0,0.0,0.0,0.0,0.0017445972495088,0.0,0.0121119842829076,0.0
2015-01-02 20:00:00,0.0922211350293542,0.0,0.0,0.0,0.0,0.0,0.0018062622309197,0.0,0.0121604696673189,0.0
2015-01-02 21:00:00,0.1272455795677799,0.0160078585461689,0.0382278978388998,0.0,0.0,0.0,0.0018605108055009,0.0,0.0121355599214145,0.0
2015-01-02 22:00:00,0.0753747572815534,0.0112271844660194,0.0,0.0,0.0,0.0,0.0018349514563106,0.0,0.0121650485436893,0.0
2015-01-02 23:00:00,0.2598803088803089,0.0047451737451737,0.022527027027027,0.0,0.0,0.0,0.0019633204633204,0.0940559845559845,0.0121833976833976,0.0
2015-01-03 00:00:00,0.4017587548638132,0.0158463035019455,0.0171439688715953,0.0,0.0,0.0,0.0018638132295719,0.2302782101167315,0.0121848249027237,0.004988326848249
2015-01-03 01:00:00,0.1944826254826255,0.0066177606177606,0.0,0.0,0.0,0.0,0.0017876447876447,0.0977586872586872,0.0121602316602316,0.0
2015-01-03 02:00:00,0.1296266924564797,0.0107137330754352,0.0379458413926499,0.0,0.0,0.0001237911025145,0.0018588007736943,0.0,0.0122050290135396,0.0
2015-01-03 03:00:00,0.0912135922330097,0.0173650485436893,0.0,0.0,0.0,0.0,0.0019087378640776,0.0,0.0122019417475728,0.0
2015-01-03 04:00:00,0.0697640232108317,0.0,0.0,0.0,0.0,0.0,0.0019477756286266,0.0,0.0122243713733075,0.0
2015-01-03 05:00:00,0.1318349514563107,0.016504854368932,0.0401825242718446,0.0,0.0,0.0,0.0019417475728155,0.0,0.0122019417475728,0.0
2015-01-03 06:00:00,0.0780096711798839,0.0026943907156673,0.0,0.0,0.0,0.0,0.0017852998065764,0.0,0.0121914893617021,0.0
2015-01-03 07:00:00,0.1563326923076923,0.0144692307692307,0.0,0.0,0.0,0.0,0.0015788461538461,0.0,0.0121115384615384,0.0
2015-01-03 08:00:00,0.2545106382978723,0.0090116054158607,0.0405396518375241,0.0,0.0,0.0,0.0017350096711798,0.0,0.0121431334622823,0.0
2015-01-03 09:00:00,0.5097825242718447,0.0073009708737864,2.912621359223301e-05,0.0,0.0,0.0,0.0019378640776699,0.1601223300970873,0.0121475728155339,0.0
2015-01-03 10:00:00,0.1742707930367505,0.0178278529980657,0.0,0.0,0.0,0.0,0.0018626692456479,0.0604738878143133,0.0121702127659574,0.0
2015-01-03 11:00:00,0.1878227360308285,0.0,0.0399190751445086,0.0,0.0,0.0,0.0018111753371868,0.0,0.0121368015414258,0.0
2015-01-03 12:00:00,0.1758815533980582,0.016209708737864,0.0,0.0,0.0,0.0,0.001757281553398,0.0524563106796116,0.0121669902912621,0.0
2015-01-03 13:00:00,0.2223817829457364,0.0171957364341085,0.0107170542635658,0.0,0.0,0.0,0.0018624031007751,0.0286453488372093,0.0121453488372093,0.0170426356589147
2015-01-03 14:00:00,0.2138880308880309,0.0,0.0264710424710424,0.0,0.0,0.0,0.0019150579150579,0.0,0.0121988416988416,0.0197741312741312
2015-01-03 15:00:00,1.1059303675048358,0.0171102514506769,6.189555125725339e-05,0.7339342359767892,0.0,0.0,0.0018336557059961,0.1098336557059961,0.0121450676982591,0.0196537717601547
2015-01-03 16:00:00,0.4172233201581027,0.0029604743083003,0.0341837944664031,0.0787786561264822,0.0,0.0,0.0017193675889328,0.0,0.0121383399209486,0.0193280632411067
2015-01-03 17:00:00,0.1153980582524271,0.0133689320388349,0.0,0.0053029126213592,0.0,0.0,0.0016116504854368,0.0,0.012126213592233,0.0192893203883495
2015-01-03 18:00:00,0.1560078585461689,0.0110471512770137,0.0,0.0019901768172888,0.0,0.0,0.0016836935166994,0.0,0.012139489194499,0.0195049115913556
2015-01-03 19:00:00,0.9347362204724408,0.006763779527559,0.0395649606299212,0.039003937007874,0.0,0.0,0.0017185039370078,0.0,0.0121279527559055,0.0194842519685039
2015-01-03 20:00:00,0.859884765625,0.016662109375,0.0,0.001642578125,0.0,0.0,0.001787109375,0.0,0.012138671875,0.019552734375
2015-01-03 21:00:00,0.6964031311154599,0.0112074363992172,0.028986301369863,0.0,0.0,0.0,0.0018356164383561,0.1092837573385518,0.0121350293542074,0.0195244618395303
2015-01-03 22:00:00,0.1875717054263566,0.0070813953488372,0.0041240310077519,0.0,0.0,0.0,0.0280058139534883,0.0399573643410852,0.0121666666666666,0.0195562015503876
2015-01-03 23:00:00,0.1301883495145631,0.0179339805825242,0.0088660194174757,0.0,0.0,0.0,0.0019106796116504,0.0,0.0122194174757281,0.0196796116504854
2015-01-04 00:00:00,0.139612840466926,0.0,0.0246848249027237,0.0,0.0,0.0,0.0019396887159533,0.0,0.0122003891050583,0.0199727626459143
2015-01-04 01:00:00,0.2645880077369439,0.0181702127659574,0.0,0.0,0.0,0.0,0.0019226305609284,0.1477388781431334,0.0121856866537717,0.012495164410058
2015-01-04 02:00:00,0.3060077369439071,0.0072998065764023,0.0382514506769825,0.0,0.0,0.0,0.0019303675048355,0.1596905222437137,0.0122417794970986,0.0
2015-01-04 03:00:00,0.0834633204633204,0.0097799227799227,0.0017355212355212,0.0,0.0,0.0,0.0019401544401544,0.0,0.0121988416988416,0.0
2015-01-04 04:00:00,0.0760990291262136,0.0129087378640776,0.0,0.0,0.0,0.0,0.0019456310679611,0.0,0.012209708737864,0.0
2015-01-04 05:00:00,0.0959184466019417,0.0043980582524271,0.0218077669902912,0.0,0.0,0.0,0.0019631067961165,0.0,0.0122330097087378,0.0
2015-01-04 06:00:00,0.1122926356589147,0.0171841085271317,0.0225251937984496,0.0,0.0,0.0,0.0019360465116279,0.0,0.0122093023255813,0.0
2015-01-04 07:00:00,0.0979592233009708,0.0012912621359223,0.0,0.0,0.0,0.0,0.0019281553398058,0.0,0.0122271844660194,0.0
2015-01-04 08:00:00,0.1584119922630561,0.0170676982591876,0.0,0.0,0.0,0.0,0.0019226305609284,0.0,0.0121682785299806,0.0
2015-01-04 09:00:00,0.2254826254826255,0.0014555984555984,0.0147837837837837,0.0,0.0,0.0,0.0037432432432432,0.0876544401544401,0.0121158301158301,0.0027258687258687
2015-01-04 10:00:00,0.4398781431334623,0.0173578336557059,0.0324255319148936,0.0,0.0,0.0,0.001733075435203,0.0824274661508704,0.0121411992263056,0.0115667311411992
2015-01-04 11:00:00,0.4643275193798449,0.0,0.0,0.0,0.0,0.0,0.0018837209302325,0.0,0.0121666666666666,0.0075910852713178
2015-01-04 12:00:00,0.3999902912621359,0.01926213592233,0.0,0.0,0.0,0.0,0.0016485436893203,0.0,0.0121611650485436,0.0
2015-01-04 13:00:00,0.2713030888030888,0.0,0.0,0.0,0.0,0.0,0.0017548262548262,0.0,0.0121216216216216,0.0
2015-01-04 14:00:00,0.1961915322580645,0.0171048387096774,0.0440141129032258,0.0,0.0,0.0,0.0018649193548387,0.0,0.0121834677419354,0.0
2015-01-04 15:00:00,0.2884575289575289,0.0,0.0,0.0,0.0,0.0,0.0019150579150579,0.1737451737451737,0.0121911196911196,0.0
2015-01-04 16:00:00,0.0798754863813229,0.015101167315175,0.0,0.0,0.0,0.0,0.0016517509727626,0.0,0.0121264591439688,0.0
2015-01-04 17:00:00,0.135509765625,0.003087890625,0.0,0.0,0.0,0.0,0.001494140625,0.0,0.0121015625,0.0
2015-01-04 18:00:00,0.205013698630137,0.0063111545988258,0.0495675146771037,0.0,0.0,0.0,0.0016144814090019,0.0,0.0121311154598825,0.0
2015-01-04 19:00:00,0.1486306483300589,0.0122848722986247,0.0,0.0,0.0,0.0,0.0017445972495088,0.0,0.0120982318271119,0.0
2015-01-04 20:00:00,0.3171692913385827,0.007263779527559,0.0,0.0,0.0,0.0,0.0017913385826771,0.1058149606299212,0.0121220472440944,0.0084980314960629
2015-01-04 21:00:00,0.8005529411764706,0.0163588235294117,0.0001725490196078,0.0,0.0,0.0,0.0018705882352941,0.0,0.0121470588235294,0.0197156862745098
2015-01-04 22:00:00,1.0654139264990328,0.0098646034816247,0.0380058027079303,0.0,0.0,0.0,0.0018375241779497,0.089742746615087,0.0121450676982591,0.019669245647969
2015-01-04 23:00:00,0.8273599221789883,0.009044747081712,0.0,0.0,0.0,0.0,0.0018988326848249,0.0,0.0121634241245136,0.0196964980544747
2015-01-05 00:00:00,1.0550657640232108,0.0142959381044487,0.031247582205029,1.9342359767891685e-05,0.0,0.0,0.0019148936170212,0.2501489361702128,0.0122340425531914,0.0198568665377176
2015-01-05 01:00:00,0.6808430232558139,0.0032558139534883,0.0,0.4203740310077519,0.0,0.0,0.0018779069767441,0.0204127906976744,0.0121686046511627,0.0009961240310077
2015-01-05 02:00:00,0.3356970873786408,0.0175611650485436,0.032809708737864,0.1005747572815534,0.0,0.0,0.0019300970873786,0.0,0.0122135922330097,0.0
2015-01-05 03:00:00,0.0734061895551257,0.0,0.0,0.0033539651837524,0.0,0.0,0.0019651837524177,0.0,0.0122166344294003,0.0
2015-01-05 04:00:00,0.0883565891472868,0.0175368217054263,0.0040019379844961,0.0019941860465116,0.0,0.0,0.0019457364341085,0.0,0.0122732558139534,0.0
2015-01-05 05:00:00,0.1060621359223301,0.0,0.0292427184466019,0.001978640776699,0.0,0.0,0.0019184466019417,0.0,0.012178640776699,0.0
2015-01-05 06:00:00,0.0828330097087378,0.0177708737864077,0.0,0.0018854368932038,0.0,0.0,0.0017825242718446,0.0,0.0121650485436893,0.0
2015-01-05 07:00:00,0.1502456479690522,0.0,0.0373655705996131,0.0018491295938104,0.0,0.0,0.0016518375241779,0.0,0.0121334622823984,0.0
2015-01-05 08:00:00,0.1630775193798449,0.0155813953488372,0.0,0.0018488372093023,0.0,0.0,0.0017596899224806,0.0,0.0121395348837209,0.0
2015-01-05 09:00:00,0.2102616279069767,0.0032073643410852,0.0,0.0018779069767441,0.0,0.0,0.0018197674418604,0.0810755813953488,0.0121182170542635,0.0
2015-01-05 10:00:00,0.524013565891473,0.0162674418604651,0.0365542635658914,0.0,0.0,0.0,0.0018100775193798,0.0329031007751938,0.0121375968992248,0.0042480620155038
2015-01-05 11:00:00,0.882590291262136,0.0009631067961165,0.0,0.0,0.0,0.0,0.0018699029126213,0.0,0.0121514563106796,0.0
2015-01-05 12:00:00,0.6212286821705426,0.0146046511627906,0.0127248062015503,0.0,0.0,0.0,0.0018662790697674,0.0,0.0121899224806201,0.0
2015-01-05 13:00:00,0.4288,0.0024912621359223,0.0209689320388349,0.0,0.0,0.0,0.0018582524271844,0.0,0.0121902912621359,0.0
2015-01-05 14:00:00,0.1440097087378641,0.015178640776699,0.0,0.0,0.0,0.0,0.0018252427184466,0.0,0.0121864077669902,0.0
2015-01-05 15:00:00,0.1532901353965183,0.0032940038684719,0.0322940038684719,0.0,0.0,0.0,0.0017195357833655,0.0,0.0121315280464216,0.0
2015-01-05 16:00:00,0.0782887596899224,0.0129418604651162,0.0,0.0,0.0,0.0,0.0014709302325581,0.0,0.0121279069767441,0.0
2015-01-05 17:00:00,0.2721941747572815,0.0040388349514563,0.023935922330097,0.0,0.0,0.0,0.0555669902912621,2.7184466019417475e-05,0.0120699029126213,0.0045941747572815
2015-01-05 18:00:00,0.39725,0.0191686046511627,0.0072965116279069,0.0,0.0,0.0,0.0460310077519379,0.0,0.0121046511627906,0.0142364341085271
2015-01-05 19:00:00,0.113115234375,0.0,0.0,0.0,0.0,0.0,0.00173046875,0.0,0.012099609375,0.0
2015-01-05 20:00:00,0.1259844054580896,0.0163781676413255,0.036120857699805,0.0,0.0,0.0,0.0018382066276803,0.0,0.0121598440545808,0.0
2015-01-05 21:00:00,0.0659651162790697,0.000172480620155,0.0,0.0,0.0,0.0,0.0017364341085271,0.0,0.0121085271317829,0.0
2015-01-05 22:00:00,0.3410154738878143,0.0165164410058027,0.0326866537717601,0.0,0.0,0.0,0.0018336557059961,0.0,0.0121682785299806,0.0055377176015473
2015-01-05 23:00:00,0.1201317829457364,0.0102693798449612,0.0,0.0,0.0,0.0,0.0019282945736434,0.0,0.0121937984496124,0.0198992248062015
2015-01-06 00:00:00,0.2276140350877193,0.0073040935672514,0.0028323586744639,0.0,0.0,0.0,0.0019044834307992,0.0751130604288499,0.0122183235867446,0.019803118908382
2015-01-06 01:00:00,0.4005096525096525,0.0170714285714285,0.0314420849420849,0.0,0.0,0.0,0.0018243243243243,0.2458571428571428,0.0121660231660231,0.0178610038610038
2015-01-06 02:00:00,0.1635116279069767,0.0086647286821705,0.0,0.0,0.0,0.0,0.0018740310077519,0.0713410852713178,0.0121744186046511,0.0
2015-01-06 03:00:00,0.1193217054263565,0.0099864341085271,0.0316647286821705,0.0,0.0,0.0,0.0019127906976744,0.0,0.0121763565891472,0.0
2015-01-06 04:00:00,0.0797562862669245,0.0169651837524177,0.0,0.0,0.0,0.0,0.0018510638297872,0.0,0.0121837524177949,0.0
2015-01-06 05:00:00,0.1017790697674418,0.0,0.0262054263565891,0.0,0.0,0.0,0.0017926356589147,0.0,0.0121705426356589,0.0
2015-01-06 06:00:00,0.0892073643410852,0.0170329457364341,0.0075736434108527,0.0002480620155038,0.0,0.0,0.0018023255813953,0.0,0.0121705426356589,0.0
2015-01-06 07:00:00,0.0952393822393822,0.0,0.0,0.0,0.0,0.0,0.0017471042471042,0.0,0.0121196911196911,0.0
2015-01-06 08:00:00,0.2038359073359073,0.0166274131274131,0.0325289575289575,0.0,0.0,0.0,0.0017548262548262,0.0,0.0121254826254826,0.0
2015-01-06 09:00:00,0.1575077519379845,0.0,0.0,0.0,0.0,0.0,0.001718992248062,0.0,0.0121124031007751,0.0
2015-01-06 10:00:00,0.1657350096711798,0.0176537717601547,0.0318974854932301,0.0,0.0,0.0,0.0018510638297872,0.0,0.0121392649903288,0.0
2015-01-06 11:00:00,0.267126213592233,0.0049436893203883,0.0,0.0,0.0,0.0,0.0018718446601941,0.0840990291262136,0.0121495145631067,0.0053009708737864
2015-01-06 12:00:00,0.3976576402321083,0.012164410058027,0.0177446808510638,0.0,0.0,0.0,0.0018955512572533,0.0644642166344294,0.0121450676982591,0.0128336557059961
2015-01-06 13:00:00,0.3298146718146718,0.0149594594594594,0.0118648648648648,0.0,0.0,0.0,0.0472799227799227,0.0364073359073359,0.0121583011583011,0.0095482625482625
2015-01-06 14:00:00,0.2017782101167315,0.0018599221789883,0.0293832684824902,0.0,0.0,0.0,0.001749027237354,0.0121614785992217,0.0121595330739299,0.0096556420233463
2015-01-06 15:00:00,0.148735922330097,0.0164582524271844,0.003083495145631,0.0,0.0,0.0,0.0018116504854368,0.0,0.0121728155339805,0.0
2015-01-06 16:00:00,0.1384776699029126,0.0,0.0227922330097087,0.0,0.0,0.0,0.0015029126213592,0.0,0.0121067961165048,0.0
2015-01-06 17:00:00,0.0868474903474903,0.0167567567567567,0.0084864864864864,0.0,0.0,0.0,0.0013513513513513,0.0,0.0121003861003861,0.0
2015-01-06 18:00:00,0.874373046875,0.0088828125,0.00312109375,0.0,0.0,0.0,0.001431640625,0.11699609375,0.012130859375,0.0
2015-01-06 19:00:00,0.2892239685658153,0.0088428290766208,0.029459724950884,0.0,0.0,0.0,0.0016699410609037,0.0,0.0121178781925343,0.015614931237721
2015-01-06 20:00:00,0.2080567514677103,0.0162602739726027,0.0,0.002504892367906,0.0,0.0,0.0017808219178082,0.0880371819960861,0.0122309197651663,0.002986301369863
2015-01-06 21:00:00,0.1556803118908382,0.0,0.0321169590643274,0.0,0.0,0.0,0.0019083820662768,0.0,0.0122553606237816,0.0
2015-01-06 22:00:00,0.3778910505836576,0.0169027237354085,3.1128404669260704e-05,0.0,0.0,0.0,0.001817120622568,0.076464980544747,0.0122412451361867,0.0097529182879377
2015-01-06 23:00:00,0.2121566731141199,0.0,0.0219245647969052,0.0,0.0037098646034816,0.0,0.0018646034816247,0.068284332688588,0.0122030947775628,0.0146943907156673
2015-01-07 00:00:00,0.7531252408477842,0.0165510597302504,0.0097687861271676,0.0,0.5752196531791908,0.0,0.0015934489402697,0.0280115606936416,0.012179190751445,0.0
2015-01-07 01:00:00,0.9164660194174756,0.017335922330097,0.0,0.0,0.6000757281553398,0.0,0.0015631067961165,0.2156854368932038,0.0121242718446601,0.0
2015-01-07 02:00:00,0.1823629343629343,0.000565637065637,0.0337142857142857,0.0,0.0002239382239382,0.0,0.0017142857142857,0.0522509652509652,0.0121486486486486,0.0
2015-01-07 03:00:00,0.081394584139265,0.0164255319148936,0.0,0.0,0.0,0.0,0.0017833655705996,0.0,0.012127659574468,0.0
2015-01-07 04:00:00,0.0991417475728155,0.0099941747572815,0.0210970873786407,0.0,0.0,0.0,0.0018155339805825,0.0,0.0121650485436893,0.0
2015-01-07 05:00:00,0.093875,0.0075884615384615,0.0135576923076923,0.0,0.0,0.0,0.0018538461538461,0.0,0.0121480769230769,0.0
2015-01-07 06:00:00,0.0804573643410852,0.0169786821705426,0.0,0.0,0.0,0.0,0.001718992248062,0.0,0.0121860465116279,0.0
2015-01-07 07:00:00,0.1427378640776699,0.0,0.035409708737864,0.0,0.0,0.0,0.0017475728155339,0.0,0.0121281553398058,0.0
2015-01-07 08:00:00,0.1583643410852713,0.016968992248062,0.0,0.0,0.0,0.0,0.0017732558139534,0.0,0.0121550387596899,0.0
2015-01-07 09:00:00,0.1320154738878143,0.0,0.0,0.0,0.0,0.0,0.0017775628626692,0.0,0.0121237911025145,0.0
2015-01-07 10:00:00,0.2854037267080745,0.0029503105590062,0.0120403726708074,0.0,0.0,0.0,0.0018944099378881,0.1518881987577639,0.0121335403726708,0.0
2015-01-07 11:00:00,0.1823662790697674,0.0134670542635658,0.0,0.0,0.0,0.0,0.0019457364341085,0.0042655038759689,0.0121453488372093,0.0144631782945736
2015-01-07 12:00:00,0.2669631067961165,0.0027980582524271,0.0172174757281553,0.0,0.0,0.0,0.0018893203883495,0.0658135922330097,0.0121805825242718,0.0155436893203883
2015-01-07 13:00:00,0.1544255319148936,0.0168027079303675,0.0186615087040618,0.0,0.0,0.0,0.0019090909090909,0.0,0.012164410058027,0.0
2015-01-07 14:00:00,0.1274903100775193,0.0081220930232558,0.0,0.0,0.0,0.0,0.0019186046511627,0.0,0.012172480620155,0.0
2015-01-07 15:00:00,0.1632301740812379,0.0083326885880077,0.0354970986460348,0.0,0.0,0.0,0.0018762088974854,0.0,0.0121605415860735,0.0
2015-01-07 16:00:00,0.0770058027079303,0.0174061895551257,0.0,0.0,0.0,0.0,0.0015976789168278,0.0,0.0121508704061895,0.0
2015-01-07 17:00:00,0.0671320388349514,0.0,0.0,0.0,0.0,0.0,0.0015883495145631,0.0,0.0121126213592233,0.0
2015-01-07 18:00:00,0.121557281553398,0.0163184466019417,0.0356679611650485,0.0,0.0,0.0,0.0017223300970873,0.0,0.0121436893203883,0.0
2015-01-07 19:00:00,0.0631624266144814,0.0,0.0,0.0,0.0,0.0,0.0016497064579256,0.0,0.0121115459882583,0.0
2015-01-07 20:00:00,0.119524557956778,0.0164734774066797,0.0334734774066797,0.0,0.0,0.0,0.0017740667976424,0.0,0.0121493123772102,0.0
2015-01-07 21:00:00,0.066193359375,0.00411328125,0.0,0.0,0.0,0.0,0.001720703125,0.0,0.0121484375,0.0
2015-01-07 22:00:00,0.080557956777996,0.0138271119842829,0.0,0.0,0.0,0.0,0.0018722986247544,0.0,0.0121650294695481,0.0
2015-01-07 23:00:00,0.1136947162426614,0.0059706457925636,0.0334246575342465,0.0,0.0,0.0,0.0019530332681017,0.0,0.0121937377690802,0.0
2015-01-08 00:00:00,0.0742357563850687,0.0109174852652259,0.0,0.0,0.0,0.0,0.0018565815324165,0.0,0.0122239685658153,0.0
2015-01-08 01:00:00,0.1138529411764705,0.0077117647058823,0.0336470588235294,0.0,0.0,0.0,0.0017941176470588,0.0,0.0121490196078431,0.0
2015-01-08 02:00:00,0.0726274509803921,0.0092176470588235,0.0,0.0,0.0,0.0,0.0018627450980392,0.0,0.0121764705882352,0.0
2015-01-08 03:00:00,0.0845700389105058,0.0079435797665369,0.0066498054474708,0.0,0.0,0.0,0.0019435797665369,0.0,0.0122140077821011,0.0
2015-01-08 04:00:00,0.106181640625,0.009173828125,0.02620703125,0.0,0.0,0.0,0.0019140625,0.0,0.01218359375,0.0
2015-01-08 05:00:00,0.0704680851063829,0.0082998065764023,0.0,0.0,0.0,0.0,0.0018588007736943,0.0,0.0121586073500967,0.0
2015-01-08 06:00:00,0.1128178294573643,0.0098662790697674,0.032360465116279,0.0,0.0,0.0,0.0017945736434108,0.0,0.0121860465116279,0.0
2015-01-08 07:00:00,0.0682252427184466,0.0053592233009708,0.0,0.0,0.0,0.0,0.0017495145631067,0.0,0.0121203883495145,0.0
2015-01-08 08:00:00,0.1111802325581395,0.0119437984496124,0.0236666666666666,0.0,0.0,0.0,0.0018062015503875,0.0,0.012156976744186,0.0
2015-01-08 09:00:00,0.1231782945736434,0.0025174418604651,0.0086065891472868,0.0,0.0,0.0,0.0018624031007751,0.0,0.0121550387596899,0.0
2015-01-08 10:00:00,0.1321686046511627,0.0152751937984496,0.0,0.0,0.0,0.0,0.0019011627906976,0.0,0.0122093023255813,0.0
2015-01-08 11:00:00,0.4347013487475915,0.0,0.0336801541425818,0.0,0.0,0.0,0.0136955684007707,0.0,0.0121560693641618,0.0
2015-01-08 12:00:00,0.7134274661508704,0.0177485493230174,0.0,0.0,0.0,0.0,0.0019129593810444,0.0,0.0121972920696324,0.0
2015-01-08 13:00:00,0.452394584139265,0.0,0.0298220502901353,0.0,0.0,0.0,0.0017717601547388,0.0,0.0121566731141199,0.0
2015-01-08 14:00:00,0.1549728682170542,0.0173720930232558,0.0,0.0,0.0,0.0,0.0018856589147286,0.0,0.0121647286821705,0.0
2015-01-08 15:00:00,0.1598612716763006,0.0,0.0315009633911367,0.0,0.0,0.0,0.0018766859344894,0.0,0.0121772639691714,0.0
2015-01-08 16:00:00,0.0814717348927875,0.0176042884990253,0.0,0.0,0.0,0.0,0.0017173489278752,0.0,0.0121656920077972,0.0
2015-01-08 17:00:00,0.0669324324324324,0.0,0.003073359073359,0.0,0.0,0.0,0.0017297297297297,0.0,0.0121274131274131,0.0
2015-01-08 18:00:00,0.1188988326848249,0.0169591439688715,0.0305642023346303,0.0,0.0,0.0,0.0015836575875486,0.0,0.012124513618677,0.0
2015-01-08 19:00:00,0.0634461839530332,0.0004755381604696,0.0,0.0,0.0,0.0,0.0016829745596868,0.0,0.0121369863013698,0.0
2015-01-08 20:00:00,0.11474609375,0.011615234375,0.03350390625,0.0,0.0,0.0,0.001798828125,0.0,0.012181640625,0.0
2015-01-08 21:00:00,0.0694902723735408,0.0061050583657587,0.0,0.0,0.0,0.0,0.0018910505836575,0.0,0.0121984435797665,0.0
2015-01-08 22:00:00,0.0689087378640776,0.0060058252427184,0.0,0.0,0.0,0.0,0.00186213592233,0.0,0.0121766990291262,0.0
2015-01-08 23:00:00,0.1254174757281553,0.0131495145631067,0.0350077669902912,0.0,0.0,0.0,0.0019165048543689,0.0,0.0122174757281553,0.0
2015-01-09 00:00:00,0.0650174081237911,0.0,0.0,0.0,0.0,0.0,0.0017620889748549,0.0,0.0121528046421663,0.0
2015-01-09 01:00:00,0.116703488372093,0.0191860465116279,0.0283565891472868,0.0,0.0,0.0,0.0019011627906976,0.0,0.0121957364341085,0.0
2015-01-09 02:00:00,0.0718407766990291,0.0,0.0049145631067961,0.0,0.0,0.0,0.0018757281553398,0.0,0.0121941747572815,0.0
2015-01-09 03:00:00,0.0803133462282398,0.0182147001934235,0.0,0.0,0.0,0.0,0.0019206963249516,0.0,0.0121779497098646,0.0
2015-01-09 04:00:00,0.1124903100775193,0.0,0.0340910852713178,0.0,0.0,0.0,0.0017868217054263,0.0,0.0121802325581395,0.0
2015-01-09 05:00:00,0.0766057692307692,0.0159173076923076,0.0,0.0,0.0,0.0,0.0017057692307692,0.0,0.0121423076923076,0.0
2015-01-09 06:00:00,0.0944600389863547,0.0020994152046783,0.0233645224171539,0.0,0.0,0.0,0.0018089668615984,0.0,0.0121715399610136,0.0
2015-01-09 07:00:00,0.0875038759689922,0.0063779069767441,0.0125833333333333,0.0,0.0,0.0,0.0016453488372093,0.0,0.0121220930232558,0.0
2015-01-09 08:00:00,0.102411877394636,0.0116111111111111,0.0,0.0,0.0,0.0,0.0017988505747126,0.0,0.0121609195402298,0.0
2015-01-09 09:00:00,0.2280873786407767,0.0,0.0335029126213592,0.0,0.0,0.0,0.0017980582524271,0.0,0.0121398058252427,0.0
2015-01-09 10:00:00,0.8848307392996109,0.0180778210116731,0.0,0.0,0.0,0.0,0.0018579766536964,0.0,0.0121731517509727,0.0
2015-01-09 11:00:00,0.7723281853281854,0.0,0.0102953667953667,0.0,0.0,0.0,0.0018938223938223,0.0,0.0121872586872586,0.0
2015-01-09 12:00:00,0.500734496124031,0.0192519379844961,0.0234748062015503,0.0,0.0,0.0,0.0019244186046511,0.0,0.0122209302325581,0.0
2015-01-09 13:00:00,0.2468466019417475,0.0,0.0,0.0,0.0,0.0,0.0018932038834951,0.0,0.0121902912621359,0.0
2015-01-09 14:00:00,0.1686125244618395,0.0088003913894324,0.0319804305283757,0.0,0.0,0.0,0.0018101761252446,0.0,0.0121956947162426,0.0
2015-01-09 15:00:00,0.1043976833976833,0.0093455598455598,0.0,0.0,0.0,0.0,0.0017548262548262,0.0,0.0121312741312741,0.0
2015-01-09 16:00:00,0.1001264591439688,0.0,0.0302470817120622,0.0,0.0,0.0,0.0015175097276264,0.0,0.0121322957198443,0.0
2015-01-09 17:00:00,0.0787965116279069,0.0185775193798449,0.000891472868217,0.0,0.0,0.0,0.0016782945736434,0.0,0.0121124031007751,0.0
2015-01-09 18:00:00,0.0855136186770428,0.0,0.0153268482490272,0.0,0.0,0.0,0.0018424124513618,0.0,0.0121439688715953,0.0
2015-01-09 19:00:00,0.0971017612524461,0.017931506849315,0.0147475538160469,0.0,0.0,0.0,0.0017964774951076,0.0,0.0121174168297455,0.0
2015-01-09 20:00:00,0.083624266144814,0.0,0.0172935420743639,0.0,0.0,0.0,0.0018610567514677,0.0,0.0122074363992172,0.0
2015-01-09 21:00:00,0.0982577519379845,0.0172403100775193,0.0162945736434108,0.0,0.0,0.0,0.0017926356589147,0.0,0.0121511627906976,0.0
2015-01-09 22:00:00,0.0753404255319148,0.0019787234042553,0.0068858800773694,0.0,0.0,0.0,0.0019071566731141,0.0,0.0121953578336557,0.0
2015-01-09 23:00:00,0.1070909090909091,0.0088452611218568,0.0231876208897485,0.0,0.0,0.0,0.0019032882011605,0.0,0.0121779497098646,0.0
2015-01-10 00:00:00,0.0811902912621359,0.0095883495145631,0.0056893203883495,0.0,0.0,0.0,0.0018912621359223,0.0,0.0121902912621359,0.0
2015-01-10 01:00:00,0.0996589147286821,0.001563953488372,0.0260697674418604,0.0,0.0,0.0,0.0018527131782945,0.0,0.0121705426356589,0.0
2015-01-10 02:00:00,0.0789285714285714,0.0165057915057915,0.0,0.0,0.0,0.0,0.0019169884169884,0.0,0.0121949806949806,0.0
2015-01-10 03:00:00,0.1078427184466019,0.0,0.031157281553398,0.0,0.0,0.0,0.0019087378640776,0.0,0.0122135922330097,0.0
2015-01-10 04:00:00,0.080831067961165,0.0180699029126213,0.0,0.0,0.0,0.0,0.0019106796116504,0.0,0.0122233009708737,0.0
2015-01-10 05:00:00,0.1044305019305019,0.0,0.0298687258687258,0.0,0.0,0.0,0.0018938223938223,0.0,0.0121891891891891,0.0
2015-01-10 06:00:00,0.0811179883945841,0.0189439071566731,0.0019400386847195,0.0,0.0,0.0,0.0018336557059961,0.0,0.0121914893617021,0.0
2015-01-10 07:00:00,0.1019439071566731,0.0,0.0276924564796905,0.0,0.0,0.0,0.0019555125725338,0.0,0.012201160541586,0.0
2015-01-10 08:00:00,0.1108607350096711,0.0177911025145067,0.0085918762088974,0.0,0.0,0.0,0.0019032882011605,0.0,0.0121953578336557,0.0
2015-01-10 09:00:00,0.1805087378640776,0.0,0.0193844660194174,0.0,0.0,0.0,0.0018194174757281,0.0,0.0121475728155339,0.0
2015-01-10 10:00:00,0.739363813229572,0.0116614785992217,0.0218054474708171,0.0,0.0,0.0,0.0018540856031128,0.0,0.0121556420233463,0.0
2015-01-10 11:00:00,0.7812548638132296,0.0063229571984435,0.0061031128404669,0.0,0.0,0.0,0.0019494163424124,0.0,0.0121984435797665,0.0
2015-01-10 12:00:00,0.660375968992248,0.0060717054263565,0.0287151162790697,0.0,0.0,0.0,0.0019127906976744,0.0,0.0121957364341085,0.0
2015-01-10 13:00:00,0.514312015503876,0.0133062015503875,0.0,0.0,0.0,0.0,0.0019360465116279,0.0,0.0122228682170542,0.0
2015-01-10 14:00:00,0.2080466926070039,0.0,0.0296050583657587,0.0,0.0,0.0,0.0019494163424124,0.0,0.0122315175097276,0.0
2015-01-10 15:00:00,0.1326274131274131,0.0184845559845559,0.0,0.0,0.0,0.0,0.0019401544401544,0.0,0.0122297297297297,0.0
2015-01-10 16:00:00,0.1038752436647173,0.0,0.0309746588693957,0.0,0.0,0.0,0.0017797270955165,0.0,0.0121754385964912,0.0
2015-01-10 17:00:00,0.0786594911937377,0.0191859099804305,0.0,0.0,0.0,0.0,0.0016301369863013,0.0,0.0121389432485322,0.0
2015-01-10 18:00:00,0.0913502935420743,0.0,0.0204618395303326,0.0,0.0,0.0,0.001706457925636,0.0,0.0121487279843444,0.0
2015-01-10 19:00:00,0.0966411764705882,0.0173549019607843,0.013435294117647,0.0,0.0,0.0,0.0017274509803921,0.0,0.0121470588235294,0.0
2015-01-10 20:00:00,0.0630609037328094,0.0005677799607072,0.0,0.0,0.0,0.0,0.0016247544204322,0.0,0.0121434184675834,0.0
2015-01-10 21:00:00,0.1124474708171206,0.01,0.0321322957198443,0.0,0.0,0.0,0.0017976653696498,0.0,0.0121400778210116,0.0
2015-01-10 22:00:00,0.0716531791907514,0.0086204238921001,0.0,0.0,0.0,0.0,0.0018959537572254,0.0,0.0122138728323699,0.0
2015-01-10 23:00:00,0.1155106796116504,0.0001533980582524,0.0349417475728155,0.0,0.0,0.0,0.0019242718446601,0.0,0.0122058252427184,0.0
2015-01-11 00:00:00,0.0801141199226305,0.0187466150870406,0.0,0.0,0.0,0.0,0.0019400386847195,0.0,0.0122263056092843,0.0
2015-01-11 01:00:00,0.0654729729729729,0.0,0.0,0.0,0.0,0.0,0.0019227799227799,0.0,0.0122123552123552,0.0
2015-01-11 02:00:00,0.1296204238921002,0.0233179190751445,0.0364277456647398,0.0,0.0,0.0,0.0019248554913294,0.0,0.0122138728323699,0.0
2015-01-11 03:00:00,0.0703565891472868,0.0,0.0,0.0,0.0,0.0,0.0019515503875968,0.0,0.0122325581395348,0.0
2015-01-11 04:00:00,0.0748236434108527,0.0088895348837209,0.0046821705426356,0.0,0.0,0.0,0.0019186046511627,0.0,0.0122151162790697,0.0
2015-01-11 05:00:00,0.119926499032882,0.0116808510638297,0.0358375241779497,0.0,0.0,0.0,0.0018858800773694,0.0,0.0122127659574468,0.0
2015-01-11 06:00:00,0.0633984526112185,0.0,0.0,0.0,0.0,0.0,0.0017582205029013,0.0,0.0121798839458413,0.0
2015-01-11 07:00:00,0.0823178294573643,0.0200755813953488,0.0002228682170542,0.0,0.0,0.0,0.0017984496124031,0.0,0.0121647286821705,0.0
2015-01-11 08:00:00,0.1536174757281553,0.0,0.0372873786407767,0.0,0.0,0.0,0.0018601941747572,0.0,0.0121902912621359,0.0
2015-01-11 09:00:00,0.2400717054263566,0.0067751937984496,0.0,0.0,0.0,0.0,0.0018837209302325,0.0,0.0121899224806201,0.0
2015-01-11 10:00:00,0.7528667953667953,0.0139478764478764,0.0,0.0,0.0,0.0,0.0018532818532818,0.0,0.0121737451737451,0.0
2015-01-11 11:00:00,0.8580678294573644,0.0,0.038329457364341,0.0,0.0,0.0,0.0058313953488372,0.0,0.0121821705426356,0.0
2015-01-11 12:00:00,0.5887350096711799,0.0196711798839458,0.0,0.0,0.0,0.0,0.001880077369439,0.0,0.0121760154738878,0.0
2015-01-11 13:00:00,0.3053957115009746,0.0,0.0068479532163742,0.0,0.0,0.0,0.0018771929824561,0.0,0.0122007797270955,0.0
2015-01-11 14:00:00,0.1754513618677043,0.0068365758754863,0.0310933852140077,0.0,0.0,0.0,0.0019357976653696,0.0,0.0122276264591439,0.0
2015-01-11 15:00:00,0.1028832684824902,0.0151439688715953,0.0,0.0,0.0,0.0,0.0018988326848249,0.0,0.01218093385214,0.0
2015-01-11 16:00:00,0.0860570866141732,0.0,0.0177106299212598,0.0,0.0,0.0,0.0016574803149606,0.0,0.0121476377952755,0.0
2015-01-11 17:00:00,0.2658425196850393,0.0196043307086614,0.0182322834645669,0.0,0.0,0.0,0.0015472440944881,0.1042342519685039,0.0121043307086614,0.0087854330708661
2015-01-11 18:00:00,0.3478051181102362,8.267716535433071e-05,0.0,0.0,0.0,0.0,0.0915452755905511,0.0654311023622047,0.0121633858267716,0.0195590551181102
2015-01-11 19:00:00,0.2345873015873016,0.0138412698412698,0.0316130952380952,0.0,0.0,0.0,0.0018690476190476,0.0,0.0121507936507936,0.0196686507936507
2015-01-11 20:00:00,0.1428880157170923,0.0042416502946954,0.0052593320235756,0.0,0.0,0.0,0.0018055009823182,0.0,0.0121453831041257,0.0194715127701375
2015-01-11 21:00:00,0.2479182879377432,0.0078891050583657,0.0,0.0,0.0,0.0,0.0019377431906614,0.1264922178988326,0.0121692607003891,0.0051381322957198
2015-01-11 22:00:00,0.3133042635658914,0.0107655038759689,0.0374263565891472,0.0,0.0,0.0,0.001875968992248,0.0532751937984496,0.0121782945736434,0.0076337209302325
2015-01-11 23:00:00,0.3880173076923077,0.005401923076923,0.0,0.0,0.0,0.0,0.0018903846153846,0.1714826923076923,0.0121557692307692,0.0197923076923076
2015-01-12 00:00:00,0.2118932038834951,0.0134233009708737,0.0,0.0,0.0,0.0,0.0019067961165048,0.0614446601941747,0.0121708737864077,0.016135922330097
2015-01-12 01:00:00,0.1698115384615384,0.0063423076923076,0.0348365384615384,0.0,0.0,0.0,0.0018653846153846,0.0394480769230769,0.0121634615384615,0.0
2015-01-12 02:00:00,0.0847868217054263,0.0109166666666666,0.0,0.0,0.0,0.0,0.0018895348837209,0.0,0.0121899224806201,0.0
2015-01-12 03:00:00,0.0898585271317829,0.0072209302325581,0.0140717054263565,0.0,0.0,0.0,0.0018895348837209,0.0,0.012156976744186,0.0
2015-01-12 04:00:00,0.0992804642166344,0.0100560928433268,0.0205048355899419,0.0,0.0,0.0,0.0018723404255319,0.0,0.0121895551257253,0.0
2015-01-12 05:00:00,0.0729806949806949,0.0086351351351351,0.0,0.0,0.0,0.0,0.0018861003861003,0.0,0.0121930501930501,0.0
2015-01-12 06:00:00,0.1244651162790697,0.0085077519379844,0.0352073643410852,0.0,0.0,0.0,0.001829457364341,0.0,0.0121627906976744,0.0
2015-01-12 07:00:00,0.1088953488372092,0.0092713178294573,0.0,0.0,0.0,0.0,0.0017131782945736,0.0,0.0121240310077519,0.0
2015-01-12 08:00:00,0.1538236434108527,0.0078682170542635,0.0,0.0,0.0,0.0,0.0016918604651162,0.0,0.0121434108527131,0.0
2015-01-12 09:00:00,0.1910730769230769,0.009576923076923,0.0339865384615384,0.0,0.0,0.0,0.001701923076923,0.0,0.0120980769230769,0.0
2015-01-12 10:00:00,0.1891106796116504,0.0083631067961165,0.0,0.0,0.0,0.0,0.0016718446601941,0.0694407766990291,0.0121203883495145,0.0
2015-01-12 11:00:00,0.3228916827852998,0.0123017408123791,0.035090909090909,0.0,0.0,0.0,0.0017137330754352,0.0,0.0121179883945841,0.0
2015-01-12 12:00:00,0.2964252427184466,0.0044427184466019,0.0,0.0,0.0,0.0,0.0017669902912621,0.0,0.0121223300970873,0.0
2015-01-12 13:00:00,0.2797145631067961,0.0155320388349514,0.0034737864077669,0.0,0.0,0.0,0.0017184466019417,0.0792019417475728,0.012135922330097,0.0
2015-01-12 14:00:00,0.1928934108527131,0.003110465116279,0.0308100775193798,0.0,0.0,0.0,0.0016472868217054,0.0,0.0121201550387596,0.0152616279069767
2015-01-12 15:00:00,0.108329457364341,0.0165910852713178,0.0,0.0,0.0,0.0,0.0016976744186046,0.0,0.0121162790697674,0.0
2015-01-12 16:00:00,0.113031067961165,0.0,0.0322932038834951,0.0,0.0,0.0,0.0016213592233009,0.0,0.0121223300970873,0.0
2015-01-12 17:00:00,0.2673442940038684,0.0176653771760154,0.0,0.0,0.0,0.0,0.0015377176015473,0.0749013539651837,0.0121083172147001,0.0104603481624758
2015-01-12 18:00:00,0.1840626223091976,3.522504892367906e-05,0.0230469667318982,0.0,0.0,0.0,0.0016340508806262,0.0,0.0121095890410958,0.0131272015655577
2015-01-12 19:00:00,0.0870612648221343,0.0163873517786561,0.0068122529644268,0.0,0.0,0.0,0.0018043478260869,0.0,0.0121363636363636,0.0
2015-01-12 20:00:00,0.0732154150197628,0.0,0.0049169960474308,0.0,0.0,0.0,0.0016284584980237,0.0,0.0121205533596837,0.0
2015-01-12 21:00:00,0.2791145631067961,0.0208504854368932,0.0246796116504854,0.0,0.0,0.0,0.001726213592233,0.0565805825242718,0.0121320388349514,0.0
2015-01-12 22:00:00,0.1738497109826589,0.0166897880539499,0.0006339113680154,0.0,0.0,0.0,0.047057803468208,0.0,0.012140655105973,0.014776493256262
2015-01-12 23:00:00,0.118201160541586,0.0016537717601547,0.0297272727272727,0.0,0.0,0.0,0.0018704061895551,0.0,0.0121547388781431,0.0
2015-01-13 00:00:00,0.4420135396518375,0.0153404255319148,0.0,0.0,0.0,0.0,0.001889748549323,0.158348162475822,0.0121914893617021,0.0063462282398452
2015-01-13 01:00:00,0.2297644787644787,0.0178745173745173,0.0322567567567567,0.0,0.0,0.0,0.0018745173745173,0.0,0.0121853281853281,0.0197586872586872
2015-01-13 02:00:00,0.1213825242718446,0.0,0.0,0.0,0.0,0.0,0.0018679611650485,0.0,0.012135922330097,0.0197592233009708
2015-01-13 03:00:00,0.1577504835589942,0.0161682785299806,0.0328974854932301,0.0,0.0,0.0,0.0018723404255319,0.0,0.0121605415860735,0.019669245647969
2015-01-13 04:00:00,0.1651431334622824,0.0144255319148936,0.0,0.0,0.0,0.0,0.0018723404255319,0.0610793036750483,0.0121837524177949,0.0085280464216634
2015-01-13 05:00:00,0.1033106796116504,0.0025883495145631,0.0218349514563106,0.0,0.0,0.0,0.0017533980582524,0.0,0.0121242718446601,0.0
2015-01-13 06:00:00,0.0945658914728682,0.0160368217054263,0.0118430232558139,0.0,0.0,0.0,0.0017635658914728,0.0,0.012172480620155,0.0
2015-01-13 07:00:00,0.1078899613899613,0.0032953667953667,0.0,0.0,0.0,0.0,0.0015444015444015,0.0,0.0120907335907335,0.0
2015-01-13 08:00:00,0.1951744186046511,0.0129205426356589,0.0311531007751937,0.0,0.0,0.0,0.001718992248062,0.0,0.0121220930232558,0.0
2015-01-13 09:00:00,0.1982965116279069,0.0126472868217054,0.0,0.0,0.0,0.0,0.0017151162790697,0.0,0.0121162790697674,0.0
2015-01-13 10:00:00,0.9977206165703276,0.0033795761078998,0.0323198458574181,0.0,0.0,0.0,0.0018439306358381,0.0,0.0121714836223506,0.0
2015-01-13 11:00:00,0.4451326923076923,0.0172576923076923,0.0,0.0,0.0,0.0,0.0017807692307692,0.1122038461538461,0.012126923076923,0.006025
2015-01-13 12:00:00,0.1795941747572815,0.0,0.0129475728155339,0.0,0.0,0.0,0.0017766990291262,0.0322951456310679,0.0121514563106796,0.0025436893203883
2015-01-13 13:00:00,0.2396808510638297,0.0164410058027079,0.0201856866537717,0.0,0.0,0.0,0.0017446808510638,0.0841914893617021,0.0121121856866537,0.0
2015-01-13 14:00:00,0.1491965317919075,0.016402697495183,0.0,0.0,0.0,0.0,0.0016589595375722,0.0,0.0121888246628131,0.0187379576107899
2015-01-13 15:00:00,0.2163810444874274,0.0,0.0338471953578336,0.0,0.0,0.0,0.001806576402321,0.0,0.0122243713733075,0.0022514506769825
2015-01-13 16:00:00,0.5613015564202335,0.0172237354085603,0.0,0.2091556420233463,0.0,0.0,0.0016342412451361,0.068328793774319,0.012192607003891,0.0
2015-01-13 17:00:00,0.243073786407767,0.0084427184466019,0.0259300970873786,0.0221067961165048,0.0,0.0,0.0016349514563106,0.0510815533980582,0.0121961165048543,0.0068718446601941
2015-01-13 18:00:00,0.3383489278752436,0.0093879142300194,0.0056101364522417,0.0019941520467836,0.0,0.0,0.0015808966861598,0.047541910331384,0.0121520467836257,0.0198849902534113
2015-01-13 19:00:00,0.4893934782608696,0.0179152173913043,0.0033673913043478,0.0019760869565217,0.0,0.0,0.0428195652173913,0.0,0.0121760869565217,0.0195717391304347
2015-01-13 20:00:00,0.2274029850746268,0.0164950248756218,0.0250348258706467,0.002,0.0,0.0,0.0017661691542288,0.0417487562189054,0.0121890547263681,0.0141940298507462
2015-01-13 21:00:00,0.1647011494252873,0.0014045977011494,0.0,0.0019954022988505,0.0,0.0,0.0016459770114942,0.0677080459770115,0.0121977011494252,0.0
2015-01-13 22:00:00,0.5073258928571428,0.01790625,0.0341495535714285,0.002,0.0,0.0,0.0018504464285714,0.1984441964285714,0.0122611607142857,0.0122723214285714
2015-01-13 23:00:00,0.1172848605577689,0.0162231075697211,0.0,0.002,0.0,0.0,0.0019243027888446,0.0,0.0123067729083665,0.0114661354581673
2015-01-14 00:00:00,0.114357281553398,0.0007029126213592,0.0012873786407766,0.002,0.0,0.0,0.0019417475728155,0.0,0.0123223300970873,0.0172194174757281
2015-01-14 01:00:00,0.2324247104247104,0.0174227799227799,0.0341467181467181,0.002,0.0,0.0,0.0018880308880308,0.0892200772200772,0.0122837837837837,0.0
2015-01-14 02:00:00,0.0887003891050583,0.0040992217898832,0.0,0.002,0.0,0.0,0.0019046692607003,0.0,0.0122918287937743,0.0
2015-01-14 03:00:00,0.0946893203883495,0.0126757281553398,0.0089689320388349,0.002,0.0,0.0,0.0019203883495145,0.0,0.0122854368932038,0.0
2015-01-14 04:00:00,0.117852427184466,0.0126951456310679,0.029252427184466,0.002,0.0,0.0,0.001831067961165,0.0,0.0122932038834951,0.0
2015-01-14 05:00:00,0.07284496124031,0.005218992248062,0.0,0.0019980620155038,0.0,0.0,0.0017267441860465,0.0,0.0122151162790697,0.0
2015-01-14 06:00:00,0.0828430232558139,0.0160891472868217,0.0,0.0019980620155038,0.0,0.0,0.0018120155038759,0.0,0.0122887596899224,0.0
2015-01-14 07:00:00,0.1519785992217898,0.0011225680933852,0.0385642023346303,0.0019980544747081,0.0,0.0,0.0017237354085603,0.0,0.0122237354085603,0.0
2015-01-14 08:00:00,0.158476653696498,0.0167879377431906,0.0,0.0019961089494163,0.0,0.0,0.0016906614785992,0.0,0.0122256809338521,0.0
2015-01-14 09:00:00,0.2582533849129594,0.000201160541586,0.0,0.0019961315280464,0.0,0.0,0.0016344294003868,0.0,0.0121566731141199,0.0
2015-01-14 10:00:00,1.001230174081238,0.016274661508704,0.0394332688588007,0.0019129593810444,0.0,0.0,0.0017137330754352,0.075495164410058,0.0121992263056092,0.0
2015-01-14 11:00:00,1.0990331384015597,0.0027231968810916,0.0,0.0,0.0,0.0,0.0017387914230019,0.0282962962962963,0.0121968810916179,0.0
2015-01-14 12:00:00,0.6088375241779497,0.0170676982591876,0.0,0.0,0.0,0.0,0.0017485493230174,0.0,0.0122417794970986,0.0
2015-01-14 13:00:00,0.4142529182879377,0.0,0.0315486381322957,0.0,0.0,0.0,0.0017392996108949,0.0,0.0121984435797665,0.0
2015-01-14 14:00:00,0.1949592233009708,0.0179592233009708,0.00886213592233,0.0,0.0,0.0,0.0016970873786407,0.0,0.0122174757281553,0.0
2015-01-14 15:00:00,0.1217485493230174,0.0035570599613152,0.0,0.0,0.0,0.0,0.0016943907156673,0.0,0.0122069632495164,0.0
2015-01-14 16:00:00,0.1026349514563106,0.0165456310679611,0.0143029126213592,0.0,0.0,0.0,0.0015009708737864,0.0,0.0121669902912621,0.0
2015-01-14 17:00:00,0.2673165048543689,0.0063398058252427,0.023378640776699,0.0,0.0,0.0,0.001504854368932,0.0584252427184466,0.0121708737864077,0.0
2015-01-14 18:00:00,0.1467734375,0.011283203125,0.0,0.0,0.0,0.0,0.0016328125,0.0,0.012142578125,0.0
2015-01-14 19:00:00,0.079474609375,0.009013671875,0.002759765625,0.0,0.0,0.0,0.00160546875,0.0,0.01213671875,0.0
2015-01-14 20:00:00,0.1194520547945205,0.0076536203522504,0.0367436399217221,0.0,0.0,0.0,0.0018551859099804,0.0,0.0122778864970645,0.0
2015-01-14 21:00:00,0.0748677042801556,0.0126770428015564,0.0,0.0,0.0,0.0,0.0018054474708171,0.0,0.0122256809338521,0.0
2015-01-14 22:00:00,0.0747891682785299,0.0033191489361702,0.005926499032882,0.0,0.0,0.0,0.0018239845261121,0.0,0.0122591876208897,0.0
2015-01-14 23:00:00,0.3493539651837524,0.0186208897485493,0.0297485493230174,0.0,0.0,0.0,0.1361218568665377,0.016769825918762,0.0122727272727272,0.0158355899419729
2015-01-15 00:00:00,0.3446969111969111,0.0009054054054054,0.0,0.0,0.0,0.0,0.0018590733590733,0.1962934362934363,0.0122895752895752,0.0
2015-01-15 01:00:00,0.1693988326848249,0.0174805447470817,0.0242529182879377,0.0,0.0,0.0,0.0365175097276264,0.0,0.012260700389105,0.0
2015-01-15 02:00:00,0.0892418426103646,0.0,0.01068330134357,0.0,0.0,0.0,0.0018714011516314,0.0,0.0122936660268714,0.0
2015-01-15 03:00:00,0.0802015503875969,0.0177403100775193,0.0,0.0,0.0,0.0,0.0018992248062015,0.0,0.0122674418604651,0.0
2015-01-15 04:00:00,0.1135968992248062,0.003391472868217,0.0346162790697674,0.0,0.0,0.0,0.0018682170542635,0.0,0.0123062015503875,0.0
2015-01-15 05:00:00,0.0815,0.0133638132295719,0.0,0.0,0.0,0.0,0.0017782101167315,0.0,0.0122626459143968,0.0
2015-01-15 06:00:00,0.0684729729729729,0.0058108108108108,0.0,0.0,0.0,0.0,0.0017818532818532,0.0,0.0122915057915057,0.0
2015-01-15 07:00:00,0.1537054263565891,0.0122848837209302,0.0354418604651162,0.0,0.0,0.0,0.0016472868217054,0.0,0.0122093023255813,0.0
2015-01-15 08:00:00,0.1445675675675675,0.0032509652509652,0.0,0.0,0.0,0.0,0.0017142857142857,0.0,0.0121911196911196,0.0
2015-01-15 09:00:00,0.2915533980582524,0.0136563106796116,0.0125378640776699,0.0,0.0,0.0,0.0016330097087378,0.0,0.0121689320388349,0.0
2015-01-15 10:00:00,1.3155029013539652,0.0091257253384912,0.0230657640232108,1.163386847195358,0.0,0.0,0.0014603481624758,0.1534100580270793,0.012164410058027,0.0133617021276595
2015-01-15 11:00:00,1.291843023255814,0.008360465116279,0.0,1.2028682170542635,0.0,0.0,0.0014554263565891,0.0,0.0121550387596899,0.0004496124031007
2015-01-15 12:00:00,0.6205988372093023,0.0087558139534883,0.0356976744186046,0.0804496124031007,0.0,0.0,0.0017151162790697,0.0,0.0121686046511627,0.0
2015-01-15 13:00:00,0.3109050387596899,0.0128934108527131,0.0001492248062015,0.0,0.0,0.0,0.0016686046511627,0.0519709302325581,0.0121782945736434,0.0125445736434108
2015-01-15 14:00:00,0.2293579766536965,0.0093832684824902,0.0260894941634241,0.0,0.0,0.0168482490272373,0.0016614785992217,0.0,0.0121848249027237,0.0137976653696498
2015-01-15 15:00:00,0.1302804642166344,0.0071044487427466,0.0028220502901353,0.0,0.000247582205029,0.0264719535783365,0.0016789168278529,0.0,0.0121876208897485,0.0
2015-01-15 16:00:00,0.264351923076923,0.0142365384615384,0.0184326923076923,0.0,0.0,0.01465,0.0016673076923076,0.0589538461538461,0.0122442307692307,0.0
2015-01-15 17:00:00,0.1454737864077669,0.002452427184466,0.0127495145631067,0.0,0.0,0.0408058252427184,0.0016543689320388,0.0,0.0121922330097087,0.0
2015-01-15 18:00:00,0.1172163742690058,0.0174210526315789,0.0,0.0,0.0,0.0260662768031189,0.0018284600389863,0.0,0.0122436647173489,0.0
2015-01-15 19:00:00,0.1452504892367906,0.0,0.034518590998043,0.0,0.0,0.012706457925636,0.0016810176125244,0.0,0.0121956947162426,0.0
2015-01-15 20:00:00,0.1210799220272904,0.0177348927875243,0.0,0.0,0.0,0.0126939571150097,0.0017115009746588,0.0,0.0122124756335282,0.0
2015-01-15 21:00:00,0.0958927875243664,0.0,0.010317738791423,0.0,0.0,0.0127894736842105,0.0018576998050682,0.0,0.0122378167641325,0.0
2015-01-15 22:00:00,0.1263495145631068,0.0166233009708737,0.0242932038834951,0.0,0.0,0.0128349514563106,0.0019281553398058,0.0,0.012326213592233,0.0
2015-01-15 23:00:00,0.2196291262135922,0.0,0.0,0.0,0.0,0.012809708737864,0.0019339805825242,0.0993669902912621,0.0123106796116504,0.0
2015-01-16 00:00:00,0.4248339768339768,0.0199671814671814,0.029565637065637,0.0,0.0,0.0133223938223938,0.0018088803088803,0.2108532818532818,0.0122548262548262,0.0197683397683397
2015-01-16 01:00:00,0.1588740310077519,0.0,0.0062112403100775,0.0,0.0,0.012125968992248,0.0016666666666666,0.0618081395348837,0.0121957364341085,0.0021162790697674
2015-01-16 02:00:00,0.0998146718146718,0.0168127413127413,0.0,0.0,0.0,0.0121274131274131,0.0017509652509652,0.0,0.0122239382239382,0.0
2015-01-16 03:00:00,0.1255183752417795,0.0,0.0342456479690522,0.0,0.0,0.0121702127659574,0.0018588007736943,0.0,0.0122688588007736,0.0
2015-01-16 04:00:00,0.1025523255813953,0.0181143410852713,0.0,0.0,0.0,0.0122015503875969,0.001860465116279,0.0,0.0122868217054263,0.0
2015-01-16 05:00:00,0.0840699029126213,0.0,0.0,0.0,0.0,0.0121922330097087,0.0017592233009708,0.0,0.012231067961165,0.0
2015-01-16 06:00:00,0.1407081712062256,0.0174182879377431,0.0372023346303501,0.0,0.0,0.0122821011673151,0.0018618677042801,0.0,0.0122859922178988,0.0
2015-01-16 07:00:00,0.1154197292069632,0.0,0.0,0.0,0.0,0.0121663442940038,0.0015938104448742,0.0,0.0121876208897485,0.0
2015-01-16 08:00:00,0.1687961165048543,0.0163456310679611,0.0,0.0,0.0,0.0121708737864077,0.0016893203883495,0.0,0.0121902912621359,0.0
2015-01-16 09:00:00,0.2260717054263566,0.0,0.0379903100775193,0.0,0.0,0.0120988372093023,0.0016647286821705,0.0,0.0121453488372093,0.0
2015-01-16 10:00:00,0.6914679611650486,0.017431067961165,0.0,0.0,0.0,0.0120776699029126,0.0017650485436893,0.0636582524271844,0.0121766990291262,0.0064116504854368
2015-01-16 11:00:00,0.8132693798449613,7.751937984496124e-06,0.0,0.0,0.0,0.0120678294573643,0.0017558139534883,0.0280775193798449,0.0121531007751938,0.0200813953488372
2015-01-16 12:00:00,0.8366905222437138,0.0167446808510638,0.0387775628626692,0.0,0.0,0.0120290135396518,0.0369148936170212,0.0907872340425531,0.0121605415860735,0.0197292069632495
2015-01-16 13:00:00,0.3301351351351351,0.0009034749034749,0.0008918918918918,0.0,0.0,0.0120830115830115,0.0018610038610038,0.0,0.0122027027027027,0.0201409266409266
2015-01-16 14:00:00,0.3389555125725338,0.0167736943907156,0.0,0.0729226305609284,0.0,0.0120831721470019,0.0018336557059961,0.0889032882011605,0.0122495164410058,0.0137195357833655
2015-01-16 15:00:00,0.7826441005802708,0.0035435203094777,0.0401837524177949,0.4082591876208897,0.0,0.0120657640232108,0.0016441005802707,0.0,0.0121702127659574,0.0
2015-01-16 16:00:00,0.4228974854932302,0.0134622823984526,0.0,0.0981508704061895,0.0,0.0120406189555125,0.0015647969052224,0.0873191489361702,0.0121663442940038,0.0
2015-01-16 17:00:00,0.2153067961165048,0.0089029126213592,0.0,0.0029961165048543,0.0,0.0120640776699029,0.0016116504854368,0.0632543689320388,0.0121475728155339,0.0033961165048543
2015-01-16 18:00:00,0.2011252446183953,0.0090450097847358,0.0364657534246575,0.0018238747553816,0.0,0.0120704500978473,0.0016594911937377,0.0,0.0122054794520547,0.0201389432485322
2015-01-16 19:00:00,0.1935812133072407,0.0113033268101761,0.0,7.240704500978473e-05,0.0,0.012078277886497,0.0016066536203522,0.0,0.0121624266144814,0.0061604696673189
2015-01-16 20:00:00,0.1006279527559055,0.0051456692913385,0.0,0.0,0.0,0.0121043307086614,0.001759842519685,0.0,0.0121476377952755,0.0
2015-01-16 21:00:00,0.1455193798449612,0.0159360465116279,0.0388391472868217,0.0,0.0,0.0120813953488372,0.0017887596899224,0.0,0.0122170542635658,0.0
2015-01-16 22:00:00,0.099580078125,0.00169921875,0.0,0.0,0.0,0.01209765625,0.001775390625,0.0,0.01222265625,0.0
2015-01-16 23:00:00,0.1110077369439071,0.0169593810444874,0.0,0.0,0.0,0.0121934235976789,0.0019477756286266,0.0,0.0123036750483559,0.0
2015-01-17 00:00:00,0.2280751445086705,0.0,0.0362369942196531,0.0,0.0,0.0121888246628131,0.001897880539499,0.0732235067437379,0.0123506743737957,0.010757225433526
2015-01-17 01:00:00,0.2939903660886319,0.0169441233140655,0.005635838150289,0.0,0.0,0.0122177263969171,0.001878612716763,0.166009633911368,0.0122890173410404,0.0
2015-01-17 02:00:00,0.1235125725338491,0.0,0.0,0.0,0.0,0.0246905222437137,0.0018820116054158,0.0,0.0122959381044487,0.0
2015-01-17 03:00:00,0.1134291262135922,0.0170776699029126,0.0,0.0,0.0,0.0,0.0016854368932038,0.0,0.0121902912621359,0.0
2015-01-17 04:00:00,0.212656976744186,2.9069767441860463e-05,0.042563953488372,0.0,0.0,0.0,0.0017422480620155,0.0873275193798449,0.0122519379844961,0.0
2015-01-17 05:00:00,0.0853720930232558,0.0171492248062015,0.0,0.0,0.0,0.0,0.0017403100775193,0.0,0.0122325581395348,0.0
2015-01-17 06:00:00,0.0657717601547388,0.0,0.0,0.0,0.0,0.0,0.0018471953578336,0.0,0.012311411992263,0.0
2015-01-17 07:00:00,0.1129727626459144,0.0177762645914396,0.0,0.0,0.0,0.0,0.0018988326848249,0.0,0.0123249027237354,0.0
2015-01-17 08:00:00,0.2133636363636363,0.0,0.0393442940038684,0.0,0.0,0.0,0.0019284332688588,0.0,0.0123230174081237,0.0
2015-01-17 09:00:00,0.2969362934362934,0.0144555984555984,0.0,0.0,0.0,0.0,0.0019169884169884,0.0,0.0122374517374517,0.0
2015-01-17 10:00:00,0.7189249999999999,0.0028980769230769,0.0,0.0,0.0,0.0,0.0018134615384615,0.0604480769230769,0.012201923076923,0.0
2015-01-17 11:00:00,1.0293385214007782,0.0157354085603112,0.0044552529182879,0.0,0.0,0.0,0.0019163424124513,0.0660097276264591,0.0122704280155642,0.0054124513618677
2015-01-17 12:00:00,0.9145841392649904,0.0037408123791102,0.038348162475822,0.0,0.0,0.0,0.0018220502901353,0.1408259187620889,0.0122688588007736,0.0
2015-01-17 13:00:00,0.5615505836575876,0.0182470817120622,0.0,0.0,0.0,0.0,0.0018560311284046,0.0,0.0122295719844357,0.0
2015-01-17 14:00:00,0.1718190661478599,0.0,0.0,0.0,0.0,0.0,0.0018151750972762,0.0,0.0122879377431906,0.0
2015-01-17 15:00:00,0.1881730769230769,0.0169326923076923,0.0417115384615384,0.0,0.0,0.0,0.0018673076923076,0.0,0.0122461538461538,0.0
2015-01-17 16:00:00,0.0782665369649805,0.0,0.0011225680933852,0.0,0.0,0.0,0.0017470817120622,0.0,0.0122392996108949,0.0
2015-01-17 17:00:00,0.1481883495145631,0.0166776699029126,0.0,0.0,0.0,0.0,0.0015223300970873,0.0,0.0121592233009708,0.0
2015-01-17 18:00:00,0.1381532416502947,0.0,0.0,0.0,0.0,0.0,0.0015952848722986,0.0,0.0121493123772102,0.0
2015-01-17 19:00:00,0.157861932938856,0.0186351084812623,0.0424378698224852,0.0,0.0,0.0,0.001749506903353,0.0,0.0121479289940828,0.0
2015-01-17 20:00:00,0.06365234375,0.0,0.0,0.0,0.0,0.0,0.001783203125,0.0,0.012236328125,0.0
2015-01-17 21:00:00,0.0781052631578947,0.0170818713450292,0.0,0.0,0.0,0.0,0.0018713450292397,0.0,0.0122319688109161,0.0
2015-01-17 22:00:00,0.0657156862745098,0.0,0.0,0.0,0.0,0.0,0.001913725490196,0.0,0.0123686274509803,0.0
2015-01-17 23:00:00,0.1373040935672514,0.0169688109161793,0.0432261208576998,0.0,0.0,0.0,0.0019512670565302,0.0,0.0123489278752436,0.0
2015-01-18 00:00:00,0.0703112840466926,0.0002704280155642,0.0,0.0,0.0,0.0,0.001908560311284,0.0,0.0123210116731517,0.0
2015-03-02 00:00:00,0.1316763005780346,0.016252408477842,0.0,0.0,0.0,0.0377475915221579,0.0018092485549132,0.0,0.012252408477842,0.0
2015-03-02 01:00:00,0.1549691714836223,0.0131714836223506,0.0302157996146435,0.0,0.0,0.0336050096339113,0.0016223506743737,0.0,0.0122003853564547,0.0
2015-03-02 02:00:00,0.1252034548944337,0.003936660268714,0.0,0.0,0.0,0.0346698656429942,0.0018080614203454,0.0,0.012257197696737,0.0
2015-03-02 03:00:00,0.2040096153846154,0.0170961538461538,0.0300615384615384,0.0,7.692307692307692e-06,0.0077730769230769,0.0127942307692307,0.0642384615384615,0.0122673076923076,0.0
2015-03-02 04:00:00,0.0748104448742746,0.0,0.0,0.0,0.0,0.0049245647969052,0.0018742746615087,0.0,0.0122572533849129,0.0
2015-03-02 05:00:00,0.0995899419729207,0.0170116054158607,0.0087176015473887,0.0,0.0,0.0049032882011605,0.0018085106382978,0.0,0.0122688588007736,0.0
2015-03-02 06:00:00,0.1063263358778626,0.0040534351145038,0.0219961832061068,0.0,0.0,0.0049160305343511,0.0017099236641221,0.0,0.012267175572519,0.0
2015-03-02 07:00:00,0.1301065891472868,0.0130930232558139,0.0,0.0,0.0,0.0049302325581395,0.001718992248062,0.0,0.0122015503875969,0.0
2015-03-02 08:00:00,1.0871192307692308,0.0068365384615384,0.0317192307692307,0.0,0.0,0.0049211538461538,0.0016557692307692,0.0,0.0121961538461538,0.0
2015-03-02 09:00:00,1.4354299424184265,0.0103646833013435,0.0,0.0,0.0,0.0049232245681381,0.0015854126679462,0.0,0.0121477927063339,0.0
2015-03-02 10:00:00,1.3879710424710423,0.0068030888030888,0.0116814671814671,0.0,0.0,0.0048822393822393,0.0017181467181467,0.0,0.0121930501930501,0.0
2015-03-02 11:00:00,1.1215106382978723,0.0106034816247582,0.0199555125725338,0.0,0.0,0.0048742746615087,0.0016711798839458,0.0792166344294003,0.0121702127659574,0.0108607350096711
2015-03-02 12:00:00,0.8890425531914893,0.0140444874274661,0.0,0.0,0.0,0.0048278529980657,0.0016905222437137,0.0,0.0121528046421663,0.0
2015-03-02 13:00:00,0.7538869395711502,0.0042105263157894,0.031485380116959,0.0,0.0,0.0048810916179337,0.0016276803118908,0.0,0.0121461988304093,0.0
2015-03-02 14:00:00,0.5634824902723735,0.0171420233463035,0.0,0.0,0.0,0.004896887159533,0.0017373540856031,0.0,0.012204280155642,0.0
2015-03-02 15:00:00,0.265718992248062,0.0,0.0322751937984496,0.0,0.0,0.004937984496124,0.0017655038759689,0.0,0.0122383720930232,0.0
2015-03-02 16:00:00,0.1450406976744186,0.0172151162790697,0.0007732558139534,0.0,0.0,0.0049282945736434,0.0018023255813953,0.0,0.0122073643410852,0.0
2015-03-02 17:00:00,0.1521271676300578,0.0,0.0,0.0,0.0,0.0048689788053949,0.0018111753371868,0.0,0.0122215799614643,0.0
2015-03-02 18:00:00,0.181595744680851,0.0173558994197292,0.0331760154738878,0.0,0.0,0.004852998065764,0.0015299806576402,0.0,0.0121295938104448,0.0
2015-03-02 19:00:00,0.1916846153846154,2.884615384615385e-05,0.0,0.0,0.0,0.0049365384615384,0.0017980769230769,0.0676403846153846,0.0121653846153846,0.0141999999999999
2015-03-02 20:00:00,0.3263923076923076,0.0194346153846153,0.0222076923076923,0.0,0.0,0.0048942307692307,0.030101923076923,0.0,0.0121884615384615,0.019976923076923
2015-03-02 21:00:00,0.1293295019157088,0.0074827586206896,0.014331417624521,0.0,0.0,0.0049367816091954,0.0018256704980842,0.0,0.0122605363984674,0.0131245210727969
2015-03-02 22:00:00,0.5395604606525911,0.0095201535508637,0.0,0.0,0.0,0.0049097888675623,0.001809980806142,0.2478675623800383,0.0122648752399232,0.0201554702495201
2015-03-02 23:00:00,0.1653723608445297,0.0171381957773512,0.0314664107485604,0.0,0.0,0.0049193857965451,0.0018291746641074,0.0,0.0122341650671785,0.0199923224568138
2015-03-03 00:00:00,0.1243166023166023,0.0027664092664092,0.0045830115830115,0.0,0.0,0.0049420849420849,0.0017316602316602,0.0,0.0122683397683397,0.0199806949806949
2015-03-03 01:00:00,0.2566370656370656,0.0143629343629343,0.0,0.0,0.0,0.0046216216216216,0.0173918918918918,0.0950675675675675,0.0122895752895752,0.0087046332046332
2015-03-03 02:00:00,0.1271676646706586,0.0122215568862275,0.0319041916167664,0.0,0.0,0.0,0.0019800399201596,0.0,0.012379241516966,0.0
2015-03-03 03:00:00,0.0868528037383177,0.0065,0.0037242990654205,0.0,0.0,0.0,0.0018691588785046,0.0,0.012357476635514,0.0
2015-03-03 04:00:00,0.0901505791505791,0.0189806949806949,0.0,0.0,0.0,0.0,0.0018397683397683,0.0,0.0122972972972972,0.0
2015-03-03 05:00:00,0.0987321772639691,0.0005876685934489,0.0252986512524084,0.0,0.0,0.0,0.0017341040462427,0.0,0.0122254335260115,0.0
2015-03-03 06:00:00,0.0946069364161849,0.0174932562620423,0.0087456647398843,0.0,0.0,0.0,0.0017225433526011,0.0,0.0122312138728323,0.0
2015-03-03 07:00:00,0.1653403846153846,2.115384615384616e-05,0.0,0.0,0.0,0.0,0.001801923076923,0.0,0.0122615384615384,0.0
2015-03-03 08:00:00,1.222699421965318,0.0145279383429672,0.0261522157996146,0.0,0.0,0.0,0.0018497109826589,0.0,0.0122543352601156,0.0
2015-03-03 09:00:00,1.5249575289575288,0.003061776061776,0.0112432432432432,0.0,0.0,0.0,0.0018378378378378,0.0,0.0122084942084942,0.0
2015-03-03 10:00:00,1.7716763565891471,0.0089186046511627,0.0,0.0,0.0,0.0,0.0018720930232558,0.0,0.012203488372093,0.0
2015-03-03 11:00:00,2.0475692307692306,0.0086692307692307,0.0353365384615384,0.0,0.0,0.0,0.0018653846153846,0.0,0.0122057692307692,0.0
2015-03-03 12:00:00,1.4688404669260702,0.00934046692607,0.0,0.6942898832684825,0.0,0.0,0.0018132295719844,0.1015136186770428,0.0122431906614785,0.0072237354085603
2015-03-03 13:00:00,1.051141153081511,0.0091809145129224,0.0,0.086168986083499,0.0,0.0,0.0018369781312127,0.0,0.0122922465208747,0.0
2015-03-03 14:00:00,0.6697504950495049,0.0079881188118811,0.0311465346534653,0.0372336633663366,0.0399801980198019,0.0,0.0018079207920792,0.0537920792079207,0.0122514851485148,0.0058514851485148
2015-03-03 15:00:00,0.9359473684210526,0.0104405458089668,0.0,0.002,0.9768830409356724,0.0,0.0016471734892787,0.0,0.0121832358674463,0.0
2015-03-03 16:00:00,0.3067882562277579,0.0084199288256227,0.0326832740213523,0.002,0.1705693950177935,0.0,0.0016120996441281,0.0,0.0121850533807829,0.0
2015-03-03 17:00:00,0.3956409266409266,0.007057915057915,0.0,0.002,0.0002490347490347,0.00203861003861,0.0015173745173745,0.0818359073359073,0.0121833976833976,0.0
2015-03-03 18:00:00,0.4579691714836224,0.0157533718689788,0.0140327552986512,0.002,0.0,0.0,0.0017013487475915,0.0,0.0121888246628131,0.0
2015-03-03 19:00:00,0.0955310077519379,0.0017596899224806,0.0201279069767441,0.002,0.0,0.0,0.0018507751937984,0.0,0.012203488372093,0.0
2015-03-03 20:00:00,0.0930116279069767,0.0171356589147286,0.0,0.002,0.0,0.0,0.0017848837209302,0.0,0.0122306201550387,0.0
2015-03-03 21:00:00,0.2896923076923077,0.0,0.0339692307692307,0.002,0.0,0.0,0.0017730769230769,0.0,0.0122326923076923,0.0
2015-03-03 22:00:00,0.3233371868978805,0.0187687861271676,0.0,0.0430308285163776,0.0,0.0,0.0018766859344894,0.081504816955684,0.0122601156069364,0.0168689788053949
2015-03-03 23:00:00,0.1254429400386847,0.0,0.0,0.0019709864603481,0.0,0.0,0.0019284332688588,0.0,0.012321083172147,0.0204332688588007
2015-03-04 00:00:00,0.4682741312741312,0.0187644787644787,0.0351544401544401,0.0019671814671814,0.0,0.015584942084942,0.0019131274131274,0.2397451737451737,0.0122799227799227,0.0034169884169884
2015-03-04 01:00:00,0.302988416988417,6.37065637065637e-05,0.0,0.0016756756756756,0.0,0.0123359073359073,0.0776254826254826,0.0911023166023166,0.0122857142857142,0.0
2015-03-04 02:00:00,0.1519173076923077,0.0189942307692307,0.0,0.0,0.0,0.0119403846153846,0.0169923076923076,0.0364096153846153,0.0122846153846153,0.0
2015-03-04 03:00:00,0.1234797687861271,0.0075279383429672,0.0404470134874759,0.0,0.0,0.0,0.0018709055876685,0.0,0.0122485549132948,0.0
2015-03-04 04:00:00,0.0738307692307692,0.009925,0.0,0.0,0.0,0.0,0.0018442307692307,0.0,0.0123057692307692,0.0
2015-03-04 05:00:00,0.0799189189189189,0.0134440154440154,0.0,0.0,0.0,0.0,0.0017142857142857,0.0,0.0122104247104247,0.0
2015-03-04 06:00:00,0.1284526112185686,0.0052823984526112,0.0373230174081237,0.0,0.0,0.0,0.0017891682785299,0.0,0.0122553191489361,0.0
2015-03-04 07:00:00,0.2283761996161228,0.0125738963531669,0.0,0.0,0.0,0.0,0.0017120921305182,0.0,0.012236084452975,0.0
2015-03-04 08:00:00,0.8195451055662188,0.0052284069097888,0.0,0.0,0.0,0.0,0.0019251439539347,0.0,0.0122245681381957,0.0
2015-03-04 09:00:00,1.1055134615384616,0.0088923076923076,0.0387230769230769,0.0,0.0,0.0,0.0018923076923076,0.0,0.0122288461538461,0.0
2015-03-04 10:00:00,1.752578846153846,0.0102230769230769,0.0,0.0,0.0,0.0,0.0019115384615384,0.1134596153846154,0.0121846153846153,0.0025730769230769
2015-03-04 11:00:00,1.5974903474903477,0.0046949806949806,0.0,0.0,0.0,0.0,0.0018996138996138,0.0,0.0122200772200772,0.0
2015-03-04 12:00:00,1.1347818532818532,0.0129903474903474,0.0332895752895752,0.0,0.0,0.0,0.0019054054054054,0.0,0.0122972972972972,0.0
2015-03-04 13:00:00,1.138196881091618,0.0,0.0,0.0,0.0,0.0,0.0017758284600389,0.0,0.012251461988304,0.0
2015-03-04 14:00:00,0.7466744639376218,0.0174717348927875,0.0101072124756335,0.0,0.0,0.0,0.001803118908382,0.0,0.0121890838206627,0.0
2015-03-04 15:00:00,0.2706870078740158,0.0,0.0258818897637795,0.0,0.0,0.0,0.00176968503937,0.0,0.0121673228346456,0.0
2015-03-04 16:00:00,0.1388143133462282,0.0185338491295938,0.0,0.0,0.0,0.0,0.0016963249516441,0.0,0.0121856866537717,0.0
2015-03-04 17:00:00,0.1915992292870905,0.0,0.030684007707129,0.0,0.0,0.0,0.0016339113680154,0.0,0.0121888246628131,0.0
2015-03-04 18:00:00,0.1558742746615087,0.0174255319148936,0.0,0.0,0.0,0.0,0.0016557059961315,0.0080735009671179,0.0121508704061895,0.0005454545454545
2015-03-04 19:00:00,0.2530873786407767,0.0006213592233009,0.0127844660194174,0.0,0.0,0.0,0.0016699029126213,0.1239456310679611,0.0121592233009708,0.0198194174757281
2015-03-04 20:00:00,0.1678236434108527,0.0174825581395348,0.0223856589147286,0.0,0.0,0.0,0.001579457364341,0.0132713178294573,0.0121666666666666,0.0198217054263565
2015-03-04 21:00:00,0.1167926356589147,0.0046782945736434,0.0,0.0,0.0,0.0,0.0018720930232558,0.0,0.0122422480620155,0.0202519379844961
2015-03-04 22:00:00,0.4077098646034816,0.0120967117988394,0.0259206963249516,0.0,0.0,0.0,0.0017582205029013,0.1966769825918762,0.0122243713733075,0.0200793036750483
2015-03-04 23:00:00,0.287100580270793,0.0068104448742746,0.0090348162475822,0.0,0.0,0.0,0.0018839458413926,0.1340038684719535,0.0122862669245647,0.0204835589941972
2015-03-05 00:00:00,0.1130076923076923,0.010625,0.0,0.0,0.0,0.0,0.0018673076923076,0.0,0.0122711538461538,0.0201961538461538
2015-03-05 01:00:00,0.2532380038387716,0.0110729366602687,0.032046065259117,0.0,0.0,0.0,0.0108637236084452,0.1159942418426103,0.0121996161228406,0.0015815738963531
2015-03-05 02:00:00,0.0827504798464491,0.0079270633397312,0.0031074856046065,0.0,0.0,0.0,0.0018406909788867,0.0,0.0122898272552783,0.0
2015-03-05 03:00:00,0.0722851637764932,0.0103564547206165,0.0,0.0,0.0,0.0,0.0018940269749518,0.0,0.0122890173410404,0.0
2015-03-05 04:00:00,0.1008905950095969,0.0072111324376199,0.0256871401151631,0.0,0.0,0.0,0.0019251439539347,0.0,0.0123109404990403,0.0
2015-03-05 05:00:00,0.0859153846153846,0.0096403846153846,0.012126923076923,0.0,0.0,0.0,0.0017288461538461,0.0,0.0122288461538461,0.0
2015-03-05 06:00:00,0.0855714285714285,0.0082664092664092,0.0,0.0,0.0,0.0,0.0017915057915057,0.0,0.0122142857142857,0.0
2015-03-05 07:00:00,0.2899344894026975,0.0058188824662813,0.0,0.0,0.0,0.0,0.0017109826589595,0.0,0.0122292870905587,0.0
2015-03-05 08:00:00,0.3004884615384615,0.011725,0.0394730769230769,0.0,0.0,0.0,0.0017134615384615,0.0,0.0121807692307692,0.0
2015-03-05 09:00:00,0.5363699421965319,0.0,0.0,0.0,0.0,0.0,0.0018940269749518,0.0,0.0122273603082851,0.0
2015-03-05 10:00:00,0.3309143968871595,0.0167431906614786,0.0,0.0,0.0,0.0,0.0018326848249027,0.0,0.0122354085603112,0.0
2015-03-05 11:00:00,0.4486526315789473,0.0,0.033528947368421,0.0,0.0,0.0,0.0018315789473684,0.0,0.0121763157894736,0.0
2015-03-05 12:00:00,0.4735830039525692,0.0178715415019762,0.0,0.0,0.0,0.0,0.0018715415019762,0.0701521739130434,0.0122272727272727,0.0146442687747035
2015-03-05 13:00:00,0.320259765625,0.0,0.0,0.0,0.0,0.0,0.001791015625,0.061837890625,0.01223828125,0.020228515625
2015-03-05 14:00:00,0.3187490272373541,0.0168677042801556,0.0374260700389105,0.0,0.0,0.0129902723735408,0.0016789883268482,0.0,0.0121887159533073,0.0049221789883268
2015-03-05 15:00:00,0.224159922928709,0.0014335260115606,0.0,0.0,0.0,0.0205260115606936,0.0017186897880539,0.0555722543352601,0.0121926782273603,0.0
2015-03-05 16:00:00,0.1921802325581395,0.0178934108527131,0.0127364341085271,0.0,0.0,0.0050058139534883,0.0016356589147286,0.0400930232558139,0.0122093023255813,0.0156220930232558
2015-03-05 17:00:00,0.1753725868725869,0.0072355212355212,0.0223687258687258,0.0,0.0,0.0196100386100386,0.0014922779922779,0.0,0.0121274131274131,0.0197413127413127
2015-03-05 18:00:00,0.2539823182711198,0.0120058939096267,0.0,0.0,0.0,0.009475442043222,0.0016227897838899,0.0838251473477406,0.0121571709233791,0.0202102161100196
2015-03-05 19:00:00,0.4076062378167641,0.0193255360623781,0.0348148148148148,0.0,0.0,0.0071384015594541,0.0796003898635477,0.0520526315789473,0.012167641325536,0.0198070175438596
2015-03-05 20:00:00,0.1385310077519379,0.0040096899224806,0.0,0.0,0.0,0.0071841085271317,0.0017751937984496,0.0,0.012187984496124,0.0162868217054263
2015-03-05 21:00:00,0.1706208897485493,0.0121160541586073,0.0,0.0,0.0,0.0072398452611218,0.0018646034816247,0.0,0.012201160541586,0.0
2015-03-05 22:00:00,0.4354189189189189,0.0163088803088803,0.0355791505791505,0.0,0.0,0.0071814671814671,0.0018494208494208,0.0733223938223938,0.0121930501930501,0.009027027027027
2015-03-05 23:00:00,0.4056131528046421,0.0034506769825918,0.0,0.0,0.0,0.0036924564796905,0.0018955512572533,0.2564835589941973,0.0122398452611218,0.0016073500967117
2015-03-06 00:00:00,0.1606583011583011,0.0149343629343629,0.0264131274131274,0.0,0.0,0.0,0.0018378378378378,0.0286100386100386,0.0122065637065637,0.0
2015-03-06 01:00:00,0.0861290944123314,0.0162562620423892,0.0087533718689788,0.0,0.0,0.0,0.0018265895953757,0.0,0.0122427745664739,0.0
2015-03-06 02:00:00,0.0671627906976744,0.0,0.0,0.0,0.0,0.0,0.0018972868217054,0.0,0.0122829457364341,0.0
2015-03-06 03:00:00,0.117831094049904,0.0176449136276391,0.0342706333973128,0.0,0.0,0.0,0.0019289827255278,0.0,0.0122936660268714,0.0
2015-03-06 04:00:00,0.0711271676300578,0.0104566473988439,0.0,0.0,0.0,0.0,0.001897880539499,0.0,0.0122870905587668,0.0
2015-03-06 05:00:00,0.0928942307692307,0.0059,0.0219961538461538,0.0,0.0,0.0,0.0017673076923076,0.0,0.01225,0.0
2015-03-06 06:00:00,0.0918593448940269,0.0165452793834296,0.0108111753371868,0.0,0.0,0.0,0.0018227360308285,0.0,0.0122427745664739,0.0
2015-03-06 07:00:00,0.1202669245647969,0.0,0.0,0.0,0.0,0.0,0.0017543520309477,0.0,0.0122205029013539,0.0
2015-03-06 08:00:00,0.248963601532567,0.0161647509578544,0.0336628352490421,0.0,0.0,0.0,0.0017624521072796,0.0,0.0121973180076628,0.0
2015-03-06 09:00:00,0.5867046332046332,0.0040907335907335,0.0,0.0,0.0,0.0,0.0017471042471042,0.0,0.0121718146718146,0.0
2015-03-06 10:00:00,1.0308146718146718,0.0120984555984555,0.0306196911196911,0.0,6.177606177606178e-05,0.0,0.0017200772200772,0.0680945945945945,0.0121833976833976,0.0074517374517374
2015-03-06 11:00:00,1.32011753371869,0.0158285163776493,0.0006685934489402,0.0,0.0,0.0,0.0017148362235067,0.0280616570327553,0.0121734104046242,0.0032832369942196
2015-03-06 12:00:00,1.4026500000000002,1.730769230769231e-05,0.0180942307692307,0.0,0.0,0.0,0.0018480769230769,0.0,0.0122288461538461,0.0
2015-03-06 13:00:00,1.0228568665377176,0.016027079303675,0.0125493230174081,0.0,0.0,0.0,0.0018936170212765,0.0,0.0122456479690522,0.0
2015-03-06 14:00:00,0.6667649325626204,0.0081290944123314,0.018169556840077,0.0,0.0,0.0,0.0019248554913294,0.0,0.0122504816955684,0.0
2015-03-06 15:00:00,0.4349827255278311,0.0090268714011516,0.0113128598848368,0.0,0.0,0.0,0.0018387715930902,0.0636660268714011,0.0122399232245681,0.0
2015-03-06 16:00:00,0.2117293666026871,0.0156698656429942,0.0262533589251439,0.0,0.0,0.0,0.0016046065259117,0.0,0.0121746641074856,0.0
2015-03-06 17:00:00,0.145584942084942,0.0,0.0,0.0,0.0,0.0,0.0014903474903474,0.0,0.0121872586872586,0.0
2015-03-06 18:00:00,0.1792906976744186,0.0157015503875969,0.0258352713178294,0.0,0.001984496124031,0.0,0.0016899224806201,0.0,0.0121802325581395,0.0
2015-03-06 19:00:00,0.1395844660194174,0.0086349514563106,0.0,0.0,0.0,0.0,0.0017087378640776,0.0,0.0121611650485436,0.0
2015-03-06 20:00:00,0.1253996138996139,0.0080637065637065,0.0287123552123552,0.0,0.0,0.0,0.0018397683397683,0.0,0.0121737451737451,0.0
2015-03-06 21:00:00,0.1711445086705202,0.0171560693641618,0.0,0.0,0.0,0.0,0.001776493256262,0.0793757225433526,0.0122138728323699,0.0
2015-03-06 22:00:00,0.2611505791505791,0.0,0.0272027027027027,0.0,0.0,0.0,0.0018262548262548,0.1615733590733591,0.0122355212355212,0.0
2015-03-06 23:00:00,0.1720773694390715,0.016027079303675,0.0021798839458413,0.0,0.0,0.0238491295938104,0.0018878143133462,0.0285009671179883,0.0122765957446808,0.000926499032882
2015-03-07 00:00:00,0.2582395437262357,0.010190114068441,0.0252452471482889,0.0,0.0,0.0065133079847908,0.045009505703422,0.0688593155893536,0.0122699619771863,0.007296577946768
2015-03-07 01:00:00,0.1712292870905587,0.0067976878612716,0.0095818882466281,0.0,0.0,0.0,0.0018670520231213,0.0656820809248555,0.0122658959537572,0.0
2015-03-07 02:00:00,0.164496138996139,0.0159710424710424,0.0203436293436293,0.0,0.0,0.0,0.0086621621621621,0.0287702702702702,0.0122586872586872,0.0
2015-03-07 03:00:00,0.0831332046332046,0.0027181467181467,0.0063571428571428,0.0,0.0,0.0,0.0019111969111969,0.0,0.0122702702702702,0.0
2015-03-07 04:00:00,0.1096069364161849,0.0142504816955684,0.0235298651252408,0.0,0.0,0.0,0.001917148362235,0.0,0.012300578034682,0.0
2015-03-07 05:00:00,0.0795606936416185,0.012057803468208,0.0,0.0,0.0,0.0,0.0018805394990366,0.0,0.0122986512524084,0.0
2015-03-07 06:00:00,0.1095212355212355,0.0037355212355212,0.0282857142857142,0.0,0.0,0.0,0.0016660231660231,0.0,0.0122027027027027,0.0
2015-03-07 07:00:00,0.1737065637065637,0.0161254826254826,0.0,0.0,0.0,0.0,0.0017953667953667,0.0,0.0122625482625482,0.0
2015-03-07 08:00:00,0.9429730250481696,0.0,0.0293294797687861,0.0,0.0,0.0,0.0018805394990366,0.0,0.0122832369942196,0.0
2015-03-07 09:00:00,0.8350328820116054,0.0160986460348162,0.0,0.0,0.0,0.0,0.0017969052224371,0.0839419729206963,0.0121624758220502,0.0129458413926499
2015-03-07 10:00:00,1.4001453154875716,0.0071931166347992,0.0278929254302103,0.0,0.0,0.0,0.0019369024856596,0.044302103250478,0.0122294455066921,0.0014703632887189
2015-03-07 11:00:00,1.896713725490196,0.008056862745098,0.013813725490196,0.0,0.0,0.0,0.0018509803921568,0.0,0.0122274509803921,0.0
2015-03-07 12:00:00,1.6210019305019303,0.0155135135135135,0.012007722007722,0.0,0.0,0.0,0.0018667953667953,0.0,0.0122239382239382,0.0
2015-03-07 13:00:00,1.178082217973231,0.0,0.0251625239005736,0.0,0.0,0.0,0.0019024856596558,0.0,0.0122810707456978,0.0
2015-03-07 14:00:00,0.5951888246628131,0.0159055876685934,0.0,0.0,0.0,0.0,0.0018921001926782,0.0,0.0122504816955684,0.0
2015-03-07 15:00:00,0.2269883945841392,0.0075551257253384,0.0248704061895551,0.0,0.0,0.0,0.0018665377176015,0.0,0.0122321083172147,0.0
2015-03-07 16:00:00,0.1610442307692307,0.0080307692307692,0.0254134615384615,0.0,0.0,0.0,0.00175,0.0,0.0122326923076923,0.0
2015-03-07 17:00:00,0.1615684007707129,0.0153314065510597,0.0001849710982658,0.0,0.0,0.0,0.0017129094412331,0.0,0.0121830443159922,0.0
2015-03-07 18:00:00,0.2631312741312741,0.0,0.0243648648648648,0.0,0.0,0.0,0.0017413127413127,0.086569498069498,0.0121911196911196,0.0
2015-03-07 19:00:00,0.2095192307692307,0.0196038461538461,0.0052346153846153,0.0,0.0,0.0,0.0017673076923076,0.0,0.0121826923076923,0.0
2015-03-07 20:00:00,0.9665213178294574,0.0156531007751937,0.020203488372093,0.0,0.0,0.0,0.0016124031007751,0.2146279069767442,0.0121957364341085,0.0
2015-03-07 21:00:00,0.987670520231214,0.0075953757225433,0.0249094412331406,0.0,0.0,0.0,0.0017418111753371,0.1555125240847784,0.0121657032755298,0.0
2015-03-07 22:00:00,0.4848717948717949,0.0135877712031558,0.0,0.0,0.0,0.0,0.0017258382642998,0.0,0.0121242603550295,0.0053944773175542
2015-03-07 23:00:00,0.3723346153846154,0.0196826923076923,0.0239807692307692,0.0,6.153846153846154e-05,0.0,0.0018673076923076,0.2318980769230769,0.0121980769230769,0.0013307692307692
2015-03-08 00:00:00,0.2022629558541266,0.0189731285988483,0.0142514395393474,0.0,0.0,0.0062130518234165,0.0018694817658349,0.072063339731286,0.0122533589251439,0.0
2015-03-08 01:00:00,0.1934181117533718,0.0194682080924855,0.0107129094412331,0.0,0.0,0.0,0.0107687861271676,0.0608709055876686,0.0122581888246628,0.0
2015-03-08 02:00:00,0.1170674373795761,0.0162100192678227,0.025169556840077,0.0,0.0,0.0,0.0018805394990366,0.0,0.0122697495183044,0.0
2015-03-08 03:00:00,0.0820134615384615,0.0159557692307692,0.0,0.0,0.0,0.0,0.0018788461538461,0.0,0.0123096153846153,0.0
2015-03-08 04:00:00,0.1170212355212355,0.0084864864864864,0.0274054054054054,0.0,0.0,0.0,0.0019324324324324,0.0,0.0122876447876447,0.0
2015-03-08 05:00:00,0.0787816091954023,0.0078295019157088,0.0037337164750957,0.0,0.0,0.0,0.0019348659003831,0.0,0.0122969348659003,0.0
2015-03-08 06:00:00,0.1214386973180076,0.0157030651340996,0.0221704980842911,0.0,0.0,0.0,0.001919540229885,0.0,0.012287356321839,0.0
2015-03-08 07:00:00,0.1728903846153846,0.0160884615384615,0.0266096153846153,0.0,0.0,0.0,0.0019153846153846,0.0,0.0123307692307692,0.0
2015-03-08 08:00:00,0.4771044487427466,0.0,0.0045203094777562,0.0,0.0,0.0,0.0017408123791102,0.0,0.0121953578336557,0.0
2015-03-08 09:00:00,1.3522615384615386,0.016851923076923,0.0278615384615384,0.0,0.0,0.0,0.0018173076923076,0.0681903846153846,0.0122192307692307,0.0
2015-03-08 10:00:00,0.8182374517374517,0.0169401544401544,0.0,0.0,0.0019768339768339,0.0,0.0017644787644787,0.0,0.0121872586872586,0.0
2015-03-08 11:00:00,0.7534702495201535,0.0110076775431861,0.0254952015355086,0.0,0.0,0.0,0.0017831094049904,0.0,0.0122034548944337,0.0
2015-03-08 12:00:00,0.3843468208092485,0.0059653179190751,0.0162601156069364,0.0,0.0,0.0,0.0019132947976878,0.0,0.0122967244701348,0.0
2015-03-08 13:00:00,0.3844797687861271,0.0157225433526011,0.0072447013487475,0.0,0.0,0.0,0.0018497109826589,0.0,0.0122678227360308,0.0
2015-03-08 14:00:00,0.6036942307692308,0.0146673076923076,0.023351923076923,0.0,0.0,0.0,0.0017538461538461,0.0,0.0122115384615384,0.0
2015-03-08 15:00:00,0.4951972920696325,0.0020077369439071,0.0109323017408123,0.0,0.0059419729206963,0.0,0.0017988394584139,0.0,0.0122727272727272,0.0
2015-03-08 16:00:00,0.2042312138728323,0.0168034682080924,0.0128728323699421,0.0,0.0,0.0,0.0017283236994219,0.0,0.0122003853564547,0.0
2015-03-08 17:00:00,0.1542173076923076,0.0114846153846153,0.024825,0.0,0.0,0.0,0.00165,0.0,0.0121923076923076,0.0
2015-03-08 18:00:00,0.0672456813819577,0.0039232245681381,0.0,0.0,0.0,0.0,0.0016276391554702,0.0,0.0121785028790786,0.0
2015-03-08 19:00:00,0.1070655105973025,0.0156897880539499,0.0278921001926782,0.0,0.0,0.0,0.0016396917148362,0.0,0.0121849710982658,0.0
2015-03-08 20:00:00,0.1002741312741312,0.005061776061776,0.0263262548262548,0.0,0.0,0.0,0.0017490347490347,0.0,0.0122316602316602,0.0
2015-03-08 21:00:00,0.0765570599613152,0.010806576402321,0.0012166344294003,0.0,0.0,0.0,0.0018143133462282,0.0,0.0122263056092843,0.0
2015-03-08 22:00:00,0.1186339113680154,0.0161290944123314,0.0287129094412331,0.0,0.0,0.0,0.0018805394990366,0.0,0.0123429672447013,0.0
2015-03-08 23:00:00,0.0667471264367816,0.0,0.0,0.0,0.0,0.0,0.0018218390804597,0.0,0.0122471264367816,0.0
2015-03-09 00:00:00,0.1199633204633204,0.0162953667953667,0.0279826254826254,0.0,0.0,0.0,0.0019034749034749,0.0,0.0122972972972972,0.0
2015-03-09 01:00:00,0.068455938697318,0.0013256704980842,0.0,0.0,0.0,0.0,0.0019444444444444,0.0,0.0123141762452107,0.0
2015-03-09 02:00:00,0.117225,0.0152596153846153,0.0294961538461538,0.0,0.0,0.0,0.001876923076923,0.0,0.0122788461538461,0.0
2015-03-09 03:00:00,0.0791384615384615,0.0094807692307692,0.0,0.0,0.0,0.0,0.0018692307692307,0.0,0.0122903846153846,0.0
2015-03-09 04:00:00,0.115065637065637,0.008507722007722,0.0307992277992278,0.0,0.0,0.0,0.0018957528957528,0.0,0.0122895752895752,0.0
2015-03-09 05:00:00,0.0775153846153846,0.0134865384615384,0.0,0.0,0.0,0.0,0.001876923076923,0.0,0.0122692307692307,0.0
2015-03-09 06:00:00,0.1062533849129593,0.0032688588007736,0.0050773694390715,0.0,0.0,0.0,0.0018336557059961,0.0,0.0122282398452611,0.0
2015-03-09 07:00:00,0.7086640926640927,0.0165598455598455,0.0271949806949806,0.0,0.0,0.0,0.0017606177606177,0.0,0.0122297297297297,0.0
2015-03-09 08:00:00,0.3537842003853564,0.0003256262042389,0.0,0.0,0.0,0.0,0.001766859344894,0.0,0.0122331406551059,0.0
2015-03-09 09:00:00,0.5999922630560929,0.0168916827852998,0.0312978723404255,0.0,0.0,0.0,0.0017156673114119,0.0,0.0122069632495164,0.0
2015-03-09 10:00:00,0.4073243243243243,0.0,0.0,0.0,0.0,0.0,0.0018571428571428,0.0,0.0122355212355212,0.0
2015-03-09 11:00:00,0.2291403846153846,0.0180346153846153,0.027425,0.0,0.0,0.0,0.0018461538461538,0.0,0.0122403846153846,0.0
2015-03-09 12:00:00,0.2117046332046332,0.0,0.0066332046332046,0.0,0.0,0.0,0.0018532818532818,0.0,0.0122876447876447,0.0
2015-03-09 13:00:00,0.4137490347490347,0.0180752895752895,0.0,0.0,0.0,0.0,0.0018262548262548,0.0,0.0122393822393822,0.0
2015-03-09 14:00:00,0.276015444015444,0.0,0.0314015444015444,0.0,0.0,0.0,0.0017664092664092,0.0,0.0122220077220077,0.0
2015-03-09 15:00:00,0.1670402298850574,0.0154904214559386,0.0,0.0,0.0,0.0,0.0017547892720306,0.0,0.0122298850574712,0.0
2015-03-09 16:00:00,0.1720290135396518,0.0015183752417794,0.0304680851063829,0.0,0.0,0.0,0.0016595744680851,0.0,0.0122050290135396,0.0
2015-03-09 17:00:00,0.1149593023255814,0.0128953488372093,0.0,0.0,0.0,0.0,0.0017325581395348,0.0,0.0122112403100775,0.0
2015-03-09 18:00:00,0.1112980769230769,0.0039461538461538,0.0311538461538461,0.0,0.0,0.0,0.0014826923076923,0.0,0.0121884615384615,0.0
2015-03-09 19:00:00,0.0743173076923077,0.0100326923076923,0.0,0.0,0.0,0.0,0.001751923076923,0.0,0.012226923076923,0.0
2015-03-09 20:00:00,0.1086737451737451,0.0073416988416988,0.0284787644787644,0.0,0.0,0.0,0.0018610038610038,0.0,0.0122625482625482,0.0
2015-03-09 21:00:00,0.0738557692307692,0.0076307692307692,0.0026673076923076,0.0,0.0,0.0,0.0017730769230769,0.0,0.0122423076923076,0.0
2015-03-09 22:00:00,0.3746146435452793,0.0129441233140655,0.0081483622350674,0.0,0.0,0.0,0.0018574181117533,0.2400462427745665,0.01231021194605,0.0129826589595375
2015-03-09 23:00:00,0.2189712643678161,0.0066111111111111,0.0262011494252873,0.0,0.0,0.0,0.0019214559386973,0.0647681992337164,0.0122892720306513,0.013007662835249
2015-03-10 00:00:00,0.1243448940269749,0.0134431599229287,0.0,0.0,0.0,0.0,0.0019499036608863,0.0,0.012412331406551,0.0203815028901734
2015-03-10 01:00:00,0.2641899224806202,0.0080717054263565,0.0314593023255814,0.0,0.0,0.0,0.0221763565891472,0.0829767441860465,0.0123430232558139,0.0009457364341085
2015-03-10 02:00:00,0.0828452611218568,0.0095009671179883,0.0,0.0,0.0,0.0,0.00184332688588,0.0,0.0123017408123791,0.0
2015-03-10 03:00:00,0.1028803088803088,0.0085752895752895,0.0226969111969112,0.0,0.0,0.0,0.0019459459459459,0.0,0.0123455598455598,0.0
2015-03-10 04:00:00,0.0954894026974951,0.0115394990366088,0.0108863198458574,0.0,0.0,0.0,0.0019094412331406,0.0,0.0123294797687861,0.0
2015-03-10 05:00:00,0.0681196911196911,0.0008783783783783,0.0,0.0,0.0,0.0,0.0019015444015444,0.0,0.0123030888030888,0.0
2015-03-10 06:00:00,0.1713030888030888,0.0171447876447876,0.033084942084942,0.0,0.0,0.0,0.0019131274131274,0.0,0.0122934362934362,0.0
2015-03-10 07:00:00,0.6766003861003861,0.0,0.0,0.0,0.0,0.0,0.0018667953667953,0.0,0.0122374517374517,0.0
2015-03-10 08:00:00,1.3038861003861004,0.0174131274131274,0.0106389961389961,0.0,0.0,0.0,0.0018262548262548,0.0,0.0121969111969111,0.0
2015-03-10 09:00:00,1.7305703275529865,0.0,0.0246473988439306,0.0,0.0,0.0,0.0019152215799614,0.0,0.0122100192678227,0.0
2015-03-10 10:00:00,1.9127692307692308,0.017375,0.0,0.0,0.0,0.0,0.0019442307692307,0.0774173076923076,0.0122480769230769,0.0
2015-03-10 11:00:00,1.931852427184466,0.0,0.0342951456310679,0.0,0.0,0.0,0.0019029126213592,0.0,0.0122757281553398,0.0
2015-03-10 12:00:00,1.4758976833976831,0.0161023166023166,0.0,0.0,0.0,0.0,0.0019459459459459,0.0779845559845559,0.0123030888030888,0.0052683397683397
2015-03-10 13:00:00,1.3190058139534884,0.0016027131782945,0.0290600775193798,0.0,0.0,0.0,0.0019011627906976,0.0127209302325581,0.0122771317829457,0.020313953488372
2015-03-10 14:00:00,0.6831937984496124,0.017079457364341,0.0013875968992248,0.0,0.0,0.0,0.0018817829457364,0.0,0.0122306201550387,0.0199263565891472
2015-03-10 15:00:00,0.4087630057803468,0.0,0.0253583815028901,0.0,0.0,0.0,0.0018458574181117,0.0,0.0122543352601156,0.0199691714836223
2015-03-10 16:00:00,0.2196724470134874,0.0176917148362235,0.0033680154142581,0.0,0.0,0.0,0.0016165703275529,0.0194566473988439,0.0121868978805395,0.019635838150289
2015-03-10 17:00:00,0.2867751937984496,0.0015329457364341,0.0287965116279069,0.0,0.0,0.0,0.0016763565891472,0.07075,0.0121841085271317,0.0198624031007751
2015-03-10 18:00:00,0.1834390715667311,0.015027079303675,0.0016595744680851,0.0,0.0,0.0,0.0016750483558994,0.0698143133462282,0.0121353965183752,0.016448742746615
2015-03-10 19:00:00,0.1067919075144508,0.0144104046242774,0.0244874759152215,0.0,0.0,0.0,0.0017630057803468,0.0,0.0122023121387283,0.0
2015-03-10 20:00:00,0.0785465116279069,0.0033585271317829,0.0063720930232558,0.0,0.0,0.0,0.0018720930232558,0.0,0.0122674418604651,0.0
2015-03-10 21:00:00,0.0942940038684719,0.0166228239845261,0.0096750483558994,0.0,0.0,0.0,0.0017272727272727,0.0,0.0121895551257253,0.0
2015-03-10 22:00:00,0.5368143133462282,0.008669245647969,0.0212282398452611,0.0,0.0,0.0,0.0018684719535783,0.2235106382978723,0.0122166344294003,0.0026344294003868
2015-03-10 23:00:00,0.176875,0.009075,0.0,0.0,0.0,0.0,0.0017057692307692,0.0563192307692307,0.0122403846153846,0.0198442307692307
2015-03-11 00:00:00,0.1628805394990366,0.0167302504816955,0.0339903660886319,0.0,0.0,0.0,0.0018304431599229,0.0,0.0122138728323699,0.0198535645472061
2015-03-11 01:00:00,0.1100907335907336,0.0001216216216216,0.0,0.0,0.0,0.0,0.0017760617760617,0.0,0.0122162162162162,0.0200752895752895
2015-03-11 02:00:00,0.2706416184971098,0.0179614643545279,0.0198516377649325,0.0,0.0,0.0,0.0083545279383429,0.1319556840077071,0.0122408477842003,0.0118169556840077
2015-03-11 03:00:00,0.1016827852998065,0.0,0.0133442940038684,0.0,0.0,0.0,0.0049090909090909,0.0,0.0122437137330754,0.0
2015-03-11 04:00:00,0.085007722007722,0.0182664092664092,0.0,0.0,0.0,0.0,0.0022451737451737,0.0,0.0122413127413127,0.0
2015-03-11 05:00:00,0.1153701550387596,0.0031182170542635,0.0369147286821705,0.0,0.0,0.0,0.0017868217054263,0.0,0.0122596899224806,0.0
2015-03-11 06:00:00,0.1060115384615384,0.0153057692307692,0.0,0.0,0.0,0.0,0.0016673076923076,0.0,0.0122076923076923,0.0
2015-03-11 07:00:00,0.7049071566731142,0.0052533849129593,0.0,0.0,0.0,0.0,0.0017756286266924,0.0,0.0122243713733075,0.0
2015-03-11 08:00:00,1.3412003853564547,0.0130173410404624,0.03504816955684,0.0,0.0,0.0,0.0017976878612716,0.0,0.0121888246628131,0.0
2015-03-11 09:00:00,1.7151872586872587,0.0108339768339768,0.0,0.0,0.0,0.0,0.0017799227799227,0.0967335907335907,0.0122239382239382,0.0129189189189189
2015-03-11 10:00:00,1.798769825918762,0.0074603481624758,0.0294874274661508,0.0516595744680851,0.0,0.0,0.0018994197292069,0.0451953578336557,0.0122417794970986,0.0050444874274661
2015-03-11 11:00:00,1.2925212355212354,0.0148590733590733,0.0019131274131274,0.4607065637065637,0.0,0.0,0.0017220077220077,0.0,0.0121621621621621,0.0
2015-03-11 12:00:00,1.2906293436293437,0.0028610038610038,0.0227355212355212,0.002,0.0,0.0,0.0018281853281853,0.0,0.0122277992277992,0.0
2015-03-11 13:00:00,0.6036317829457364,0.0174825581395348,0.0072170542635658,0.0020038759689922,0.0,0.0,0.001718992248062,0.0,0.0121782945736434,0.0
2015-03-11 14:00:00,0.2959784735812132,0.0,0.0254520547945205,0.0020019569471624,0.0,0.0,0.0016634050880626,0.0,0.012197651663405,0.0
2015-03-11 15:00:00,0.2741362763915547,0.0164875239923224,0.0034740882917466,0.002,0.0,0.0,0.0019942418426103,0.0,0.0121861804222648,0.0
2015-03-11 16:00:00,0.2456924564796905,0.0,0.0279806576402321,0.0020019342359767,0.0,0.0,0.0015493230174081,0.0,0.0121914893617021,0.0
2015-03-11 17:00:00,0.1667528957528957,0.0176486486486486,0.0,0.002007722007722,0.0,0.0,0.0018513513513513,0.0,0.0121911196911196,0.0
2015-03-11 18:00:00,0.1434691119691119,0.0,0.0277972972972973,0.002,0.0,0.0,0.0017162162162162,0.0,0.0121370656370656,0.0
2015-03-11 19:00:00,0.0830194174757281,0.0162504854368932,0.0,0.0020019417475728,0.0,0.0,0.0017708737864077,0.0,0.0121456310679611,0.0
2015-03-11 20:00:00,0.1127214700193423,0.0,0.0267872340425531,0.0020058027079303,0.0,0.0,0.001642166344294,0.0,0.0121876208897485,0.0
2015-03-11 21:00:00,0.2494673076923076,0.0174038461538461,0.0,0.0020134615384615,0.0,0.0,0.0018576923076923,0.068476923076923,0.0122230769230769,0.0
2015-03-11 22:00:00,0.1583713733075435,0.0060851063829787,0.0287659574468085,0.0020096711798839,0.0,0.0,0.0018181818181818,0.0,0.0122243713733075,0.0192978723404255
2015-03-11 23:00:00,0.1650903846153846,0.0116884615384615,0.0,0.0020134615384615,0.0,0.0,0.0019038461538461,0.0,0.0122942307692307,0.0206346153846153
2015-03-12 00:00:00,1.0667220077220076,0.0109980694980694,0.0251081081081081,0.002011583011583,0.0,0.0,0.0019247104247104,0.7733030888030888,0.0123166023166023,0.0204401544401544
2015-03-12 01:00:00,0.2312027027027027,0.0056563706563706,0.0259362934362934,0.0020057915057915,0.0,0.0,0.0019131274131274,0.0527779922779922,0.0122664092664092,0.0206409266409266
2015-03-12 02:00:00,0.1965741811175337,0.0167475915221579,0.0,0.0020038535645472,0.0,0.0,0.0084778420038535,0.0716281310211946,0.0122774566473988,0.0133236994219653
2015-03-12 03:00:00,0.1177543186180422,0.0039328214971209,0.025641074856046,0.0020153550863723,0.0,0.0,0.0018426103646833,0.0,0.0122610364683301,0.0
2015-03-12 04:00:00,0.096795761078998,0.0127071290944123,0.0105317919075144,0.0020019267822736,0.0,0.0,0.0019383429672447,0.0,0.0123429672447013,0.0
2015-03-12 05:00:00,0.0978568665377176,0.0114932301740812,0.0134197292069632,0.0020019342359767,0.0,0.0,0.0018104448742746,0.0,0.0122727272727272,0.0
2015-03-12 06:00:00,0.1333766730401529,0.0049942638623326,0.0262753346080305,0.0020057361376673,0.0,0.0,0.0018833652007648,0.0,0.0122753346080305,0.0
2015-03-12 07:00:00,0.1365261121856866,0.01642166344294,0.0,0.002,0.0,0.0,0.001642166344294,0.0,0.0122030947775628,0.0
2015-03-12 08:00:00,0.2749864603481625,0.0,0.0263172147001934,0.0020038684719535,0.0,0.0,0.0018471953578336,0.0,0.0122321083172147,0.0
2015-03-12 09:00:00,0.9526254826254826,0.0164111969111969,0.0109054054054054,0.002007722007722,0.0,0.0,0.0018069498069498,0.0,0.0121949806949806,0.0
2015-03-12 10:00:00,1.26538416988417,4.633204633204633e-05,0.0140521235521235,0.002,0.0,0.0,0.0018088803088803,0.1186467181467181,0.0122123552123552,0.0
2015-03-12 11:00:00,1.1614147286821703,0.0165348837209302,0.0259127906976744,0.002,0.0,0.0,0.0017810077519379,0.0,0.0121841085271317,0.0
2015-03-12 12:00:00,0.9384038461538462,0.0078923076923076,0.0,0.0332942307692307,0.0,0.0,0.0017749999999999,0.0569826923076923,0.0121807692307692,0.0
2015-03-12 13:00:00,0.8524152046783625,0.0095204678362573,0.0253040935672514,0.0,0.0,0.0,0.0018050682261208,0.0,0.0122105263157894,0.0175126705653021
2015-03-12 14:00:00,0.6735217391304348,0.0166699604743083,0.0224802371541502,0.0,0.0,0.0,0.0018399209486166,0.1029762845849802,0.0122292490118577,0.0060296442687747
2015-03-12 15:00:00,0.4401984435797665,0.0,0.0040894941634241,0.0,0.0,0.0,0.0018035019455252,0.0763832684824902,0.0122315175097276,0.0
2015-03-12 16:00:00,0.1814797687861271,0.0174181117533718,0.019179190751445,0.0,0.0,0.0,0.0015279383429672,0.0,0.0121772639691714,0.0
2015-03-12 17:00:00,0.1803961538461538,0.0051692307692307,0.0228980769230769,0.0,0.0,0.0,0.0015942307692307,0.0,0.012175,0.0
2015-03-12 18:00:00,0.0894330097087378,0.0106233009708737,0.012231067961165,0.0,0.0,0.0,0.0016893203883495,0.0,0.0121611650485436,0.0
2015-03-12 19:00:00,0.0933411306042884,0.015578947368421,0.0120701754385964,0.0,0.0,0.0,0.0016374269005847,0.0,0.0121754385964912,0.0
2015-03-12 20:00:00,0.0950718446601941,0.0003436893203883,0.0229300970873786,0.0,0.0,0.0,0.0017126213592233,0.0,0.0122058252427184,0.0
2015-03-12 21:00:00,0.1062072936660268,0.0161880998080614,0.0189846449136276,0.0,0.0,0.0,0.0019193857965451,0.0,0.0122821497120921,0.0
2015-03-12 22:00:00,0.2100134874759152,0.0017784200385356,0.0034161849710982,0.0,0.0,0.0,0.0018728323699421,0.1218593448940269,0.0122736030828516,0.0063121387283236
2015-03-12 23:00:00,0.1534748062015504,0.0147984496124031,0.0221996124031007,0.0,0.0,0.0,0.0019127906976744,0.0,0.0122887596899224,0.0202558139534883
2015-03-13 00:00:00,0.1555163776493256,0.0153815028901734,0.0237129094412331,0.0,0.0,0.0,0.0019152215799614,0.0,0.0123236994219653,0.0202543352601156
2015-03-13 01:00:00,0.1118867562380038,0.0009558541266794,0.0,0.0,0.0,0.0,0.0018867562380038,0.0,0.0122802303262955,0.0203992322456813
2015-03-13 02:00:00,0.1511240310077519,0.0162248062015503,0.0245813953488372,0.0,0.0,0.0,0.0019127906976744,0.0,0.0123197674418604,0.0205445736434108
2015-03-13 03:00:00,0.1445173745173745,0.0038513513513513,0.0236428571428571,0.0,0.0,0.0,0.0018841698841698,0.0,0.0122644787644787,0.0204131274131274
2015-03-13 04:00:00,0.3698088803088803,0.0120135135135135,0.0,0.0,0.0,0.0,0.0019420849420849,0.2377393822393822,0.0123436293436293,0.0058494208494208
2015-03-13 05:00:00,0.1495775193798449,0.0165310077519379,0.0260251937984496,0.0,0.0,0.0,0.0217112403100775,0.0,0.0122926356589147,0.0
2015-03-13 06:00:00,0.0776473988439306,0.0,0.0037495183044315,0.0,0.0,0.0,0.0018728323699421,0.0,0.0122543352601156,0.0
2015-03-13 07:00:00,0.1709439071566731,0.0173887814313346,0.02305415860735,0.0,0.0,0.0,0.0016885880077369,0.0,0.0121972920696324,0.0
2015-03-13 08:00:00,0.1721094049904031,0.0,0.0232399232245681,0.0,0.0,0.0,0.0016698656429942,0.0,0.0121823416506717,0.0
2015-03-13 09:00:00,0.2642553191489362,0.0160831721470019,0.0041179883945841,0.0,0.0,0.0,0.0018259187620889,0.0,0.012201160541586,0.0
2015-03-13 10:00:00,0.6013005780346821,0.0087591522157996,0.0242061657032755,0.0,0.0354836223506743,0.0,0.0018477842003853,0.0770366088631984,0.0122080924855491,0.0
2015-03-13 11:00:00,0.8553256262042389,0.0082196531791907,0.0,0.0,0.8936319845857419,0.0,0.0018073217726396,0.0,0.0122100192678227,0.0
2015-03-13 12:00:00,1.2995087040618956,0.0158239845261121,0.0247021276595744,0.0,0.1539090909090909,0.0,0.001880077369439,0.0,0.0122611218568665,0.0
2015-03-13 13:00:00,1.155811650485437,3.4951456310679615e-05,0.0237203883495145,0.0,0.000335922330097,0.0,0.0018155339805825,0.1202135922330097,0.0122427184466019,0.0076543689320388
2015-03-13 14:00:00,0.6990836575875486,0.0185155642023346,0.0,0.0,0.0,0.0,0.0018735408560311,0.0570116731517509,0.0122198443579766,0.0137237354085603
2015-03-13 15:00:00,0.4044444444444444,0.0088697318007662,0.025051724137931,0.0,0.0,0.0273295019157088,0.0018371647509578,0.0,0.0122528735632183,0.0
2015-03-13 16:00:00,0.2197302504816956,0.006776493256262,0.0182331406551059,0.0,0.0,0.0081907514450867,0.0017071290944123,0.0,0.0122157996146435,0.0
2015-03-13 17:00:00,0.1569748549323017,0.0156557059961315,0.0061760154738878,0.0,0.0,0.0074506769825918,0.0016228239845261,0.0,0.0121972920696324,0.0
2015-03-13 18:00:00,0.1086873786407767,0.0,0.0260776699029126,0.0,0.0,0.007504854368932,0.0016932038834951,0.0,0.0121864077669902,0.0
2015-03-13 19:00:00,0.0916608863198458,0.0156165703275529,0.001159922928709,0.0,0.0,0.0076030828516377,0.0017899807321772,0.0,0.0122119460500963,0.0
2015-03-13 20:00:00,0.1140988372093023,0.0060503875968992,0.0256608527131782,0.0,0.0,0.0076182170542635,0.0018236434108527,0.0,0.0122461240310077,0.0
2015-03-13 21:00:00,0.1150096525096525,0.0101061776061776,0.0236351351351351,0.0,0.0,0.007584942084942,0.0018648648648648,0.0,0.0122528957528957,0.0
2015-03-13 22:00:00,0.0990116279069767,0.0153875968992248,0.0023972868217054,0.0,0.0,0.0076182170542635,0.0018720930232558,0.0,0.0122441860465116,0.0
2015-03-13 23:00:00,0.1125444015444015,0.0007972972972972,0.0270289575289575,0.0,0.0,0.0076351351351351,0.0018803088803088,0.0,0.0122625482625482,0.0
2015-03-14 00:00:00,0.0931876208897485,0.0163384912959381,0.0,0.0,0.0,0.0076189555125725,0.0019245647969052,0.0,0.0122998065764023,0.0
2015-03-14 01:00:00,0.1145692307692307,0.0,0.0280230769230769,0.0,0.0,0.007651923076923,0.0018923076923076,0.0,0.012301923076923,0.0
2015-03-14 02:00:00,0.0930984555984556,0.0165057915057915,0.0,0.0,0.0,0.0076100386100386,0.0019227799227799,0.0,0.0123011583011583,0.0
2015-03-14 03:00:00,0.1189094412331406,0.0005722543352601,0.0284431599229287,0.0,0.0,0.0076570327552986,0.001907514450867,0.0,0.0122793834296724,0.0
2015-03-14 04:00:00,0.0928552123552123,0.0161467181467181,0.0,0.0,0.0,0.0076776061776061,0.0019247104247104,0.0,0.0123108108108108,0.0
2015-03-14 05:00:00,0.1180870406189555,0.0045377176015473,0.0292437137330754,0.0,0.0,0.0076885880077369,0.0019245647969052,0.0,0.0122649903288201,0.0
2015-03-14 06:00:00,0.1032972972972973,0.0117779922779922,0.0,0.0,0.0,0.0076293436293436,0.0018629343629343,0.0,0.0122664092664092,0.0
2015-03-14 07:00:00,0.1746921606118547,0.0074608030592734,0.0296118546845124,0.0,0.0,0.0075430210325047,0.001774378585086,0.0,0.0122485659655831,0.0
2015-03-14 08:00:00,0.5738560460652591,0.0088157389635316,0.0,0.0,0.0,0.0076295585412667,0.0019117082533589,0.0,0.0122303262955854,0.0
2015-03-14 09:00:00,0.2277509652509652,0.0091138996138996,0.0205907335907335,0.0,0.0,0.007565637065637,0.0018494208494208,0.0,0.0121891891891891,0.0
2015-03-14 10:00:00,0.1792389210019267,0.0072389210019267,0.0124007707129094,0.0,0.0,0.0075606936416184,0.0018092485549132,0.0,0.0121868978805395,0.0
2015-03-14 11:00:00,0.1595615384615384,0.0125384615384615,0.0,0.0,0.0,0.0074576923076923,0.0017749999999999,0.0,0.0121903846153846,0.0
2015-03-14 12:00:00,0.204140655105973,0.0041657032755298,0.0320597302504816,0.0,0.0,0.0075279383429672,0.0018381502890173,0.0,0.0122485549132948,0.0
2015-03-14 13:00:00,0.4473624031007752,0.0155232558139534,0.0,0.0,0.0,0.0076705426356589,0.0019437984496124,0.0,0.012313953488372,0.0
2015-03-14 14:00:00,0.6005421455938696,0.0011436781609195,0.0281724137931034,0.0,0.0,0.0076015325670498,0.0018659003831417,0.0,0.0122471264367816,0.0
2015-03-14 15:00:00,0.3833575525812619,0.0165258126195028,0.0,0.0,0.0,0.0074818355640535,0.0018202676864244,0.0,0.0122007648183556,0.0
2015-03-14 16:00:00,0.2088706563706563,0.0,0.0294324324324324,0.0,0.0,0.0074613899613899,0.0017316602316602,0.0,0.0122142857142857,0.0
2015-03-14 17:00:00,0.159561776061776,0.0163108108108108,0.0,0.0,0.0,0.0074517374517374,0.0017220077220077,0.0,0.0121911196911196,0.0
2015-03-14 18:00:00,0.160771484375,0.0,0.02915234375,0.0,0.0,0.0074765625,0.001724609375,0.0,0.0121953125,0.0
2015-03-14 19:00:00,0.092611328125,0.018384765625,0.0,0.0,0.0,0.00743359375,0.00174609375,0.0,0.012205078125,1.5625e-05
2015-03-14 20:00:00,0.1160662768031189,0.0,0.0313118908382066,0.0,0.0,0.0075399610136452,0.0018635477582846,0.0,0.0122261208576998,0.0
2015-03-14 21:00:00,0.0926228239845261,0.0165377176015473,0.0,0.0,0.0,0.0076518375241779,0.0019052224371373,0.0,0.0122978723404255,0.0
2015-03-14 22:00:00,0.0818192307692307,0.0,0.0047365384615384,0.0,0.0,0.0076115384615384,0.0019192307692307,0.0,0.0122480769230769,0.0
2015-03-14 23:00:00,0.1323121387283237,0.0166242774566473,0.0289210019267822,0.0,0.0,0.0076416184971098,0.0019460500963391,0.0,0.0123391136801541,0.0
2015-03-15 00:00:00,0.0804702495201535,0.0,0.0,0.0,0.0,0.0076084452975047,0.0018809980806142,0.0,0.0123128598848368,0.0
2015-03-15 01:00:00,0.129063829787234,0.0178704061895551,0.0326073500967118,0.0,0.0,0.0074700193423597,0.001733075435203,0.0,0.0122437137330754,0.0
2015-03-15 02:00:00,0.0790019342359767,0.0,0.0,0.0,0.0,0.0074603481624758,0.0017659574468085,0.0,0.0122437137330754,0.0
2015-03-15 03:00:00,0.1164642166344294,0.0168588007736943,0.0187195357833655,0.0,0.0,0.0075822050290135,0.0018994197292069,0.0,0.0123056092843326,0.0
2015-03-15 04:00:00,0.0985876685934489,0.0,0.013281310211946,0.0,0.0,0.0076107899807321,0.0019094412331406,0.0,0.0123025048169556,0.0
2015-03-15 05:00:00,0.09526204238921,0.0171830443159922,0.0,0.0,0.0,0.0075876685934489,0.001907514450867,0.0,0.0123121387283236,0.0
2015-03-15 06:00:00,0.1256115384615384,0.0,0.036825,0.0,0.0029538461538461,0.007626923076923,0.0019038461538461,0.0,0.0122961538461538,0.0
2015-03-15 07:00:00,0.1464554263565891,0.017079457364341,0.0,0.0,0.0,0.0076182170542635,0.0019127906976744,0.0,0.0123100775193798,0.0
2015-03-15 08:00:00,0.250383429672447,0.0,0.0129961464354527,0.0,0.0,0.0075780346820809,0.0018631984585741,0.0,0.0122562620423892,0.0
2015-03-15 09:00:00,0.3713817829457365,0.0166841085271317,0.0201589147286821,0.0,0.0,0.007453488372093,0.0017364341085271,0.0,0.0121821705426356,0.0
2015-03-15 10:00:00,0.8610435643564357,0.0,0.0,0.0,0.0,0.007409900990099,0.0017405940594059,0.0,0.0121683168316831,0.0
2015-03-15 11:00:00,0.4840963391136801,0.0165587668593448,0.0328246628131021,0.0,0.0,0.0074643545279383,0.0016666666666666,0.0,0.0121946050096339,0.0
2015-03-15 12:00:00,0.3307953216374269,0.0,0.0,0.0,0.0,0.0074717348927875,0.0017368421052631,0.0,0.0122046783625731,0.0
2015-03-15 13:00:00,0.2052578125,0.01784375,0.029314453125,0.0,0.0,0.007419921875,0.00175390625,0.0,0.01223046875,0.0
2015-03-15 14:00:00,0.159281007751938,0.0,0.0030542635658914,0.0,0.0,0.0074263565891472,0.0017558139534883,0.0,0.0122209302325581,0.0
2015-03-15 15:00:00,0.2378718446601941,0.0184815533980582,0.0012155339805825,0.0,0.0,0.0074466019417475,0.0017592233009708,0.0,0.0122213592233009,0.0
2015-03-15 16:00:00,0.1584031007751938,0.0,0.0281143410852713,0.0,0.0,0.0073837209302325,0.0016531007751937,0.0,0.012187984496124,0.0
2015-03-15 17:00:00,0.1625914396887159,0.0165097276264591,0.0,0.0,0.0,0.0074513618677042,0.0017509727626459,0.0,0.0122256809338521,0.0
2015-03-15 18:00:00,0.1894196078431372,0.0,0.0334764705882352,0.0,0.0,0.0074274509803921,0.0017,0.0,0.0121745098039215,0.0
2015-03-15 19:00:00,0.0976653465346534,0.0174811881188118,0.0,0.0,0.0,0.0074435643564356,0.0017128712871287,0.0,0.0121524752475247,0.0
2015-03-15 20:00:00,0.1068058823529411,0.0,0.0261098039215686,0.0,0.0,0.0074,0.0017588235294117,0.0,0.012178431372549,0.0
2015-03-15 21:00:00,0.1083899613899613,0.016596525096525,0.012569498069498,0.0,0.0,0.007554054054054,0.0018513513513513,0.0,0.0122471042471042,0.0
2015-03-15 22:00:00,0.0800406976744186,0.0,0.0,0.0,0.0,0.0075968992248062,0.001906976744186,0.0,0.0123178294573643,0.0
2015-03-15 23:00:00,0.1319576107899807,0.0167899807321772,0.031635838150289,0.0,0.0,0.0076435452793834,0.001926782273603,0.0,0.0123217726396917,0.0
2015-03-16 00:00:00,0.0858959537572254,0.0,0.0,0.0,0.0,0.0076242774566473,0.0019518304431599,0.0,0.0123217726396917,0.0
2015-03-16 01:00:00,0.1080502901353965,0.0166363636363636,0.0119980657640232,0.0,0.0,0.0075667311411992,0.0018742746615087,0.0,0.0122765957446808,0.0
2015-03-16 02:00:00,0.1045788461538461,0.0,0.0207153846153846,0.0,0.0,0.0075115384615384,0.0018653846153846,0.0,0.0122596153846153,0.011076923076923
2015-03-16 03:00:00,0.093507722007722,0.0170637065637065,0.0,0.0,0.0,0.0075675675675675,0.0018938223938223,0.0,0.0122934362934362,0.0076602316602316
2015-03-16 04:00:00,0.1208104448742746,0.0,0.0337214700193423,0.0,0.0,0.007595744680851,0.0019206963249516,0.0,0.0122630560928433,0.0
2015-03-16 05:00:00,0.0967619961612284,0.0170134357005758,0.0,0.0,0.0,0.007489443378119,0.0017619961612284,0.0,0.012236084452975,0.0
2015-03-16 06:00:00,0.0884816955684007,0.0,0.0,0.0,0.0,0.0075491329479768,0.0017552986512524,0.0,0.0122350674373795,0.0
2015-03-16 07:00:00,0.1745086705202312,0.0165105973025048,0.0317379576107899,0.0,0.0,0.0075260115606936,0.0017649325626204,0.0,0.0122331406551059,0.0
2015-03-16 08:00:00,0.1511370656370656,0.000546332046332,0.0,0.0,0.0,0.0074884169884169,0.0016795366795366,0.0,0.0121833976833976,0.0
2015-03-16 09:00:00,0.4457720306513409,0.0142643678160919,0.0339157088122605,0.0,0.0,0.0074137931034482,0.0016551724137931,0.0,0.0121590038314176,0.0
2015-03-16 10:00:00,0.5833094777562863,0.0044777562862669,0.0,0.0,0.0,0.0075454545454545,0.0018491295938104,0.0,0.0121953578336557,0.0
2015-03-16 11:00:00,0.6582553191489362,0.0104661508704061,0.0,0.0,0.0,0.0075531914893617,0.0018471953578336,0.0,0.0122417794970986,0.0
2015-03-16 12:00:00,0.2870368932038835,0.0061631067961165,0.0331922330097087,0.0,0.0,0.0075087378640776,0.0018737864077669,0.0,0.0121825242718446,0.0
2015-03-16 13:00:00,0.509345703125,0.010103515625,0.0,0.0,0.0,0.007541015625,0.001806640625,0.0,0.012232421875,0.0
2015-03-16 14:00:00,0.4942534113060429,0.0064346978557504,0.0296276803118908,0.0,0.0,0.0074366471734892,0.0017153996101364,0.0,0.0122222222222222,0.0
2015-03-16 15:00:00,0.3264324324324325,0.0107915057915057,0.0,0.0,0.0,0.0074208494208494,0.0017644787644787,0.0,0.0122007722007722,0.0
2015-03-16 16:00:00,0.1994549098196393,0.0070761523046092,0.0323987975951903,0.0,0.0,0.0073927855711422,0.0016072144288577,0.0,0.0121422845691382,0.0
2015-03-16 17:00:00,0.2673718689788054,0.0126127167630057,0.0,0.0,0.0,0.0074874759152215,0.0018304431599229,0.0840944123314065,0.0122312138728323,0.0095587668593448
2015-03-16 18:00:00,0.1978455598455598,0.0038996138996139,0.0124768339768339,0.0,0.0,0.0074942084942084,0.0018146718146718,0.0,0.0121776061776061,0.0154227799227799
2015-03-16 19:00:00,0.1297732558139535,0.012672480620155,0.0203895348837209,0.0,0.0,0.0073895348837209,0.0016996124031007,0.0,0.0121686046511627,0.0
2015-03-16 20:00:00,0.0880076923076923,0.0034942307692307,0.0,0.0,0.0,0.0075,0.0018288461538461,0.0,0.0122115384615384,0.0
2015-03-16 21:00:00,0.1388996138996139,0.0156042471042471,0.0290057915057915,0.0,0.0,0.0074729729729729,0.0018494208494208,0.0,0.0122297297297297,0.0
2015-03-16 22:00:00,0.4172959381044487,0.0049400386847195,0.0,0.0,0.0,0.007448742746615,0.0018394584139264,0.2736170212765957,0.0122205029013539,0.0158297872340425
2015-03-16 23:00:00,0.1697730769230769,0.0165,0.0306115384615384,0.0,0.0,0.007575,0.001926923076923,0.0,0.0122884615384615,0.0202653846153846
2015-03-17 00:00:00,0.1804111969111969,0.0012335907335907,0.0,0.0,0.0,0.0076158301158301,0.0019459459459459,0.0703455598455598,0.0122972972972972,0.0090521235521235
2015-03-17 01:00:00,0.1822054263565891,0.0155562015503875,0.0260135658914728,0.0,0.0,0.0075755813953488,0.0387887596899224,0.0,0.0123042635658914,0.0
2015-03-17 02:00:00,0.1054084778420038,0.0076435452793834,0.008533718689788,0.0,0.0,0.0076531791907514,0.0019460500963391,0.0,0.0122793834296724,0.0
2015-03-17 03:00:00,0.086674373795761,0.0091637764932562,0.0,0.0,0.0,0.0076782273603082,0.0019306358381502,0.0,0.0123044315992292,0.0
2015-03-17 04:00:00,0.1332934362934363,0.011588803088803,0.0332277992277992,0.0,0.0,0.0076370656370656,0.0028957528957528,0.0,0.0123030888030888,0.0
2015-03-17 05:00:00,0.0825335892514395,0.0053608445297504,0.0,0.0,0.0,0.0075930902111324,0.001809980806142,0.0,0.012299424184261,0.0
2015-03-17 06:00:00,0.0964266409266409,0.0143455598455598,0.0,0.0,0.0,0.007542471042471,0.0018185328185328,0.0,0.0122471042471042,0.0
2015-03-17 07:00:00,0.1799961240310077,0.0041434108527131,0.032891472868217,0.0,0.0,0.0076337209302325,0.0017596899224806,0.0,0.0122810077519379,0.0
2015-03-17 08:00:00,0.2359498069498069,0.0128899613899613,0.0,0.0,0.0,0.0074285714285714,0.0017374517374517,0.0,0.0121930501930501,0.0
2015-03-17 09:00:00,0.5223159922928708,0.0049441233140655,0.0332543352601156,0.0,0.0,0.0074682080924855,0.0017842003853564,0.0,0.0121926782273603,0.0
2015-03-17 10:00:00,0.6921091954022989,0.011323754789272,0.0004923371647509,0.0,0.0,0.0075996168582375,0.0018812260536398,0.0,0.012227969348659,0.0
2015-03-17 11:00:00,0.5561907514450867,0.0054296724470134,0.0064643545279383,0.0,0.0,0.0075491329479768,0.0018843930635838,0.0,0.0122369942196531,0.0
2015-03-17 12:00:00,0.4994865384615385,0.0124673076923076,0.0268057692307692,0.0,0.0,0.0075192307692307,0.0018961538461538,0.0,0.0122153846153846,0.0
2015-03-17 13:00:00,0.6296628131021195,0.0040327552986512,0.0,0.0,0.0,0.0074739884393063,0.0018131021194605,0.0992851637764932,0.0121348747591522,0.0184990366088632
2015-03-17 14:00:00,0.6793398058252427,0.0162271844660194,0.029683495145631,0.0,0.0,0.0075475728155339,0.0018271844660194,0.0,0.0121747572815533,0.0140990291262135
2015-03-17 15:00:00,0.3412258687258687,0.0003281853281853,0.0,0.0,0.0,0.0074710424710424,0.0018667953667953,0.0,0.0122953667953667,0.0
2015-03-17 16:00:00,0.1883268858800773,0.0165996131528046,0.031137330754352,0.0,0.0,0.0074255319148936,0.0017195357833655,0.0,0.0122727272727272,0.0
2015-03-17 17:00:00,0.1522192307692307,0.0,0.0,0.0,0.0,0.0073923076923076,0.0017288461538461,0.0,0.0122153846153846,0.0
2015-03-17 18:00:00,0.5501352549889135,0.0938181818181818,0.0290421286031042,0.0,0.0,0.007410199556541,0.0016629711751662,0.1672239467849224,0.012170731707317,0.0
2015-03-17 19:00:00,0.4882149321266968,0.2156855203619909,0.0,0.0,0.0,0.0074343891402714,0.0017828054298642,0.0830045248868778,0.0122420814479638,0.0100882352941176
2015-03-17 20:00:00,0.1386911764705882,0.0152289915966386,0.0313319327731092,0.0,0.0,0.0074138655462184,0.0017605042016806,0.0,0.0121953781512605,0.0
2015-03-17 21:00:00,0.09220703125,0.01694921875,0.0,0.0,0.0,0.007509765625,0.001876953125,0.0,0.012291015625,0.0
2015-03-17 22:00:00,0.1095766990291262,0.0,0.0260446601941747,0.0,0.0,0.00746213592233,0.0018640776699029,0.0,0.012283495145631,0.0
2015-03-17 23:00:00,0.1009044834307992,0.0167115009746588,0.0069005847953216,0.0,0.0,0.0075341130604288,0.001896686159844,0.0,0.012307992202729,0.0
2015-03-18 00:00:00,0.0832649402390438,0.0010517928286852,0.0,0.0,0.0,0.0074681274900398,0.001800796812749,0.0,0.0122569721115537,0.0
2015-03-18 01:00:00,0.1266673151750972,0.0154027237354085,0.0341031128404669,0.0,0.0,0.0075,0.0017023346303501,0.0,0.0122237354085603,0.0
2015-03-18 02:00:00,0.0838752436647173,0.0058713450292397,0.0,0.0,0.0,0.0074463937621832,0.0018557504873294,0.0,0.0122729044834308,0.0
2015-03-18 03:00:00,0.1108421052631579,0.0111325536062378,0.020906432748538,0.0,0.0,0.0075808966861598,0.0019083820662768,0.0,0.0123274853801169,0.0
2015-03-18 04:00:00,0.102673786407767,0.0073708737864077,0.0149029126213592,0.0,0.0,0.0075941747572815,0.0018990291262135,0.0,0.0123223300970873,0.0
2015-03-18 05:00:00,0.0897106796116505,0.0095941747572815,0.0,0.0,0.0,0.0075883495145631,0.0018271844660194,0.0,0.0123067961165048,0.0
2015-03-18 06:00:00,0.1487914230019493,0.0065458089668615,0.0329083820662768,0.0,0.0,0.0074990253411306,0.0017758284600389,0.0,0.0122690058479532,0.0
2015-03-18 07:00:00,0.517013671875,0.0109296875,0.003962890625,0.0,0.0,0.0074765625,0.001744140625,0.0,0.012224609375,0.0
2015-03-18 08:00:00,1.095843444227006,0.0023013698630136,0.0,0.0,0.0,0.0074500978473581,0.001692759295499,0.0,0.0121800391389432,0.0
2015-03-18 09:00:00,1.5638062015503875,0.0146279069767441,0.034156976744186,0.0,0.0,0.007329457364341,0.0016317829457364,0.0,0.0121802325581395,0.0
2015-03-18 10:00:00,1.600990328820116,0.0,0.001705996131528,0.0,0.0,0.0074042553191489,0.0017969052224371,0.0,0.0121876208897485,0.0
2015-03-18 11:00:00,1.5791618497109825,0.0182235067437379,0.0,0.0,0.0,0.0074701348747591,0.0018150289017341,0.0,0.0122196531791907,0.0
2015-03-18 12:00:00,1.548448076923077,0.0,0.0315961538461538,0.0,0.0,0.0074365384615384,0.0018461538461538,0.0,0.0122115384615384,0.0
2015-03-18 13:00:00,0.6785290697674419,0.0178527131782945,0.0,0.0,0.0,0.0074321705426356,0.0018197674418604,0.0,0.0122422480620155,0.0
2015-03-18 14:00:00,0.5592441860465116,0.0,0.0333507751937984,0.0,0.0,0.00734496124031,0.0016899224806201,0.1276434108527131,0.0121821705426356,0.0
2015-03-18 15:00:00,0.3557148362235067,0.0170500963391136,0.0,0.0,0.0,0.0074450867052023,0.0017533718689788,0.0550057803468208,0.0121965317919075,0.0
2015-03-18 16:00:00,0.193176923076923,0.0032115384615384,0.0282423076923076,0.0,0.0,0.0072384615384615,0.0224615384615384,0.0,0.0121480769230769,0.0
2015-03-18 17:00:00,0.1666339113680154,0.0134431599229287,0.0,0.0,0.0,0.0072793834296724,0.0014836223506743,0.0,0.0121753371868978,0.0
2015-03-18 18:00:00,0.1638174757281553,0.0042873786407766,0.023652427184466,0.0,0.0,0.0073106796116504,0.0016019417475728,0.0,0.012157281553398,0.0
2015-03-18 19:00:00,0.0943795761078998,0.01204816955684,0.0062177263969171,0.0,0.0,0.0073737957610789,0.0016473988439306,0.0,0.0121637764932562,0.0
2015-03-18 20:00:00,0.1017941747572815,0.0080563106796116,0.0153689320388349,0.0,0.0,0.0073805825242718,0.0017436893203883,0.0,0.012178640776699,0.0
2015-03-18 21:00:00,0.1060560928433268,0.0096595744680851,0.0147640232108317,0.0,0.0,0.007485493230174,0.0019303675048355,0.0,0.0122591876208897,0.0
2015-03-18 22:00:00,0.2362480769230769,0.0169884615384615,0.0047846153846153,0.0,0.0,0.007525,0.001875,0.0882576923076923,0.0122634615384615,0.0182423076923076
2015-03-18 23:00:00,0.1517664092664092,0.0,0.027554054054054,0.0,0.0,0.007523166023166,0.0019092664092664,0.0,0.0122722007722007,0.0204942084942084
2015-03-19 00:00:00,0.3017876447876448,0.0169787644787644,0.0,0.0,0.0,0.0076544401544401,0.0019478764478764,0.1848359073359073,0.0123146718146718,0.014596525096525
2015-03-19 01:00:00,0.3112065637065637,0.0,0.0324362934362934,0.0,0.0,0.0075830115830115,0.0019343629343629,0.1382972972972972,0.0123397683397683,0.0
2015-03-19 02:00:00,0.1574807692307692,0.0166557692307692,0.0,0.0,0.0,0.007526923076923,0.0306711538461538,0.0,0.0122884615384615,0.0
2015-03-19 03:00:00,0.1142170542635658,0.0,0.0289399224806201,0.0,0.0,0.0075465116279069,0.0019127906976744,0.0,0.0122577519379844,0.0
2015-03-19 04:00:00,0.0968164435946462,0.0182523900573613,0.0039464627151051,0.0,0.0,0.0075449330783938,0.0019196940726577,0.0,0.012302103250478,0.0
2015-03-19 05:00:00,0.0785714285714285,0.0,0.0,0.0,0.0,0.007546332046332,0.0018301158301158,0.0,0.0122934362934362,0.0
2015-03-19 06:00:00,0.1423346228239845,0.017063829787234,0.0314758220502901,0.0,0.0,0.0075473887814313,0.0018297872340425,0.0,0.0122611218568665,0.0
2015-03-19 07:00:00,0.1297244701348747,0.0,0.0,0.0,0.0,0.0074759152215799,0.0017379576107899,0.0,0.0122369942196531,0.0
2015-03-19 08:00:00,0.1619078694817658,0.0180019193857965,0.0293493282149712,0.0,0.0,0.0073454894433781,0.0015873320537428,0.0,0.0121765834932821,0.0
2015-03-19 09:00:00,0.4412563106796117,0.0031475728155339,0.0067864077669902,0.0,0.0,0.0075067961165048,0.0018660194174757,0.1449398058252427,0.012178640776699,0.0
2015-03-19 10:00:00,0.4127777777777778,0.0140478927203065,0.0,0.0,0.0,0.00755938697318,0.0019157088122605,0.0,0.0122471264367816,0.0
2015-03-19 11:00:00,0.3778359073359073,0.0146196911196911,0.0322586872586872,0.0,0.0,0.0074498069498069,0.0018262548262548,0.0,0.0121949806949806,0.0
2015-03-19 12:00:00,0.354579457364341,0.004422480620155,0.0,0.0,0.0,0.0074980620155038,0.0018158914728682,0.0,0.0121976744186046,0.0
2015-03-19 13:00:00,0.3475261121856866,0.0173694390715667,0.0313558994197292,0.0,0.0,0.0075203094777562,0.0018781431334622,0.0,0.0122591876208897,0.0
2015-03-19 14:00:00,0.1927766990291262,0.0,0.0,0.0,0.0,0.0074757281553398,0.0018116504854368,0.0,0.0122543689320388,0.0
2015-03-19 15:00:00,0.1631003861003861,0.0174517374517374,0.0184420849420849,0.0,0.0,0.0074498069498069,0.0017606177606177,0.0,0.0121911196911196,0.0
2015-03-19 16:00:00,0.1379017341040462,0.0,0.0140674373795761,0.0,0.0,0.0073314065510597,0.0015626204238921,0.0,0.0121888246628131,0.0
2015-03-19 17:00:00,0.1714341085271317,0.0162713178294573,0.0,0.0,0.0,0.0073468992248062,0.0015678294573643,0.0,0.0121744186046511,0.0
2015-03-19 18:00:00,0.1894058252427184,0.0049611650485436,0.0305941747572815,0.0,0.0,0.0073398058252427,0.00166213592233,0.0,0.0122077669902912,0.0
2015-03-19 19:00:00,0.0898565815324165,0.0124852652259332,0.0,0.0,0.0,0.0074518664047151,0.0017485265225933,0.0,0.0121905697445972,0.0
2015-03-19 20:00:00,0.1225922330097087,0.0099126213592233,0.0316970873786407,0.0,0.0,0.0074815533980582,0.0018271844660194,0.0,0.0122135922330097,0.0
2015-03-19 21:00:00,0.1183673076923076,0.0077096153846153,0.0,0.0,0.0,0.0075192307692307,0.001875,0.0322615384615384,0.0122576923076923,0.0012826923076923
2015-03-19 22:00:00,0.4521692307692307,0.015475,0.019925,0.0,0.0,0.0074423076923076,0.001825,0.1922211538461538,0.0122442307692307,0.017175
2015-03-19 23:00:00,0.1199382239382239,0.0011447876447876,0.0149189189189189,0.0,0.0,0.00753861003861,0.0019247104247104,0.0,0.0122953667953667,0.0
2015-03-20 00:00:00,0.2528513513513513,0.0175328185328185,0.0,0.0,0.0,0.0075405405405405,0.0105868725868725,0.1067509652509652,0.0123011583011583,0.0
2015-03-20 01:00:00,0.1207980769230769,0.0,0.0329,0.0,0.0,0.0074865384615384,0.0018615384615384,0.0,0.0122865384615384,0.0
2015-03-20 02:00:00,0.0926544401544401,0.016588803088803,0.0,0.0,0.0,0.0075945945945945,0.0018976833976833,0.0,0.0122895752895752,0.0
2015-03-20 03:00:00,0.09381106870229,0.0,0.0119847328244274,0.0,0.0,0.007574427480916,0.0018854961832061,0.0,0.0123435114503816,0.0
2015-03-20 04:00:00,0.1226903846153846,0.0171326923076923,0.0241346153846153,0.0,0.0,0.0076173076923076,0.0019230769230769,0.0,0.0123384615384615,0.0
2015-03-20 05:00:00,0.0830767754318618,0.0,0.0,0.0,0.0,0.0075642994241842,0.0019136276391554,0.0,0.0122879078694817,0.0
2015-03-20 06:00:00,0.1562061657032755,0.0170250481695568,0.0244161849710982,0.0,0.0,0.0075741811175337,0.0018593448940269,0.0,0.0123198458574181,0.0
2015-03-20 07:00:00,0.3965675675675675,0.0,0.011061776061776,0.0,0.0,0.0074652509652509,0.0017586872586872,0.0,0.0122413127413127,0.0
2015-03-20 08:00:00,1.0965338491295935,0.0168646034816247,0.0,0.0,0.0,0.0074177949709864,0.0017504835589941,0.0,0.0122263056092843,0.0
2015-03-20 09:00:00,0.5191431334622825,0.0,0.0347098646034816,0.0,0.0,0.0073791102514506,0.001742746615087,0.0,0.0121953578336557,0.0
2015-03-20 10:00:00,1.5963314065510597,0.0188516377649325,0.0,0.0,0.0,0.0074990366088631,0.0018728323699421,0.0848709055876685,0.0122369942196531,0.0105163776493256
2015-03-20 11:00:00,1.608426923076923,0.0,0.0073173076923076,0.0,0.0,0.0074865384615384,0.0018826923076923,0.0406173076923076,0.012251923076923,0.003325
2015-03-20 12:00:00,0.9032030947775628,0.0166015473887814,0.0227485493230174,0.0,0.0,0.0075261121856866,0.0019129593810444,0.0,0.0122533849129593,0.0
2015-03-20 13:00:00,1.0227393822393822,0.0,0.0047625482625482,0.0,0.0,0.0074922779922779,0.0019324324324324,0.0,0.0122664092664092,0.0
2015-03-20 14:00:00,0.7932374517374516,0.0169884169884169,0.0244691119691119,0.0,0.0,0.0074285714285714,0.0018378378378378,0.1243745173745173,0.0122413127413127,0.0
2015-03-20 15:00:00,0.5877408123791102,0.0,0.0102340425531914,0.0,0.0,0.0074758220502901,0.0018704061895551,0.0724719535783365,0.0122765957446808,0.0
2015-03-20 16:00:00,0.868484496124031,0.0163682170542635,0.0167422480620155,0.6380833333333333,0.0,0.0073643410852713,0.0017984496124031,0.0279108527131782,0.0122151162790697,0.0
2015-03-20 17:00:00,0.1674932562620424,0.0023949903660886,0.0314913294797687,0.0020019267822736,0.0,0.0073680154142581,0.0017341040462427,0.0,0.0122312138728323,0.0
2015-03-20 18:00:00,0.1121057692307692,0.0137076923076923,0.0006884615384615,0.002,0.0,0.0073115384615384,0.001726923076923,0.0039865384615384,0.0121961538461538,0.0
2015-03-20 19:00:00,0.4556182170542635,0.0165368217054263,0.0266375968992248,0.002,0.0,0.0073720930232558,0.0017054263565891,0.0838992248062015,0.0121627906976744,0.0200232558139534
2015-03-20 20:00:00,0.260373795761079,0.0029229287090558,0.0,0.0020134874759152,0.0,0.0074682080924855,0.0018843930635838,0.0440231213872832,0.0122215799614643,0.0214585741811175
2015-03-20 21:00:00,0.3743826923076923,0.0163076923076923,0.0296942307692307,0.0265384615384615,0.0,0.0073980769230769,0.0281,0.2029211538461538,0.0122096153846153,0.0112596153846153
2015-03-20 22:00:00,0.2655396518375241,0.016852998065764,0.0,0.0021431334622823,0.0,0.0074448742746615,0.040816247582205,0.0683984526112185,0.0122437137330754,0.0141586073500967
2015-03-20 23:00:00,0.1583907156673114,0.0008781431334622,0.0311721470019342,0.0,0.0,0.0074410058027079,0.0018297872340425,0.0,0.0122553191489361,0.022090909090909
2015-03-21 00:00:00,0.1357049808429118,0.0169482758620689,0.0,0.0,0.0,0.0075823754789272,0.0019655172413793,0.0,0.012367816091954,0.022823754789272
2015-03-21 01:00:00,0.2729729206963249,0.0169690522243713,0.0308201160541586,0.0,0.0,0.007568665377176,0.0262437137330754,0.0778936170212766,0.0123172147001934,0.0117678916827853
2015-03-21 02:00:00,0.0855965250965251,0.0014749034749034,0.0,0.0,0.0,0.0075328185328185,0.0019247104247104,0.0,0.0122953667953667,0.0
2015-03-21 03:00:00,0.1324285714285714,0.0165714285714285,0.0307644787644787,0.0,0.0,0.0075212355212355,0.0018918918918918,0.0,0.0123166023166023,0.0
2015-03-21 04:00:00,0.0828285163776493,0.0051021194605009,0.0,0.0,0.0,0.0075895953757225,0.0019210019267822,0.0,0.012300578034682,0.0
2015-03-21 05:00:00,0.1226634615384615,0.0115749999999999,0.0299788461538461,0.0,0.0,0.0075,0.0019115384615384,0.0,0.0122884615384615,0.0
2015-03-21 06:00:00,0.0995279383429672,0.0137283236994219,0.0,0.0,0.0,0.0075510597302504,0.0018709055876685,0.0,0.0122639691714836,0.0
2015-03-21 07:00:00,0.168373795761079,0.0029421965317919,0.0329845857418111,0.0,0.0,0.0075394990366088,0.001917148362235,0.0,0.0122986512524084,0.0
2015-03-21 08:00:00,0.1365615384615384,0.0166557692307692,0.0,0.0,0.0,0.0075211538461538,0.0018634615384615,0.0,0.0122076923076923,0.0
2015-03-21 09:00:00,0.4434371373307543,0.0,0.0274235976789168,0.0,0.0,0.0074642166344294,0.0018259187620889,0.0,0.0122359767891682,0.0
2015-03-21 10:00:00,0.7713815028901735,0.0163198458574181,0.0,0.0,0.0,0.0074566473988439,0.0018362235067437,0.100664739884393,0.0122235067437379,0.0
2015-03-21 11:00:00,0.7071988416988416,2.3166023166023165e-05,0.0283861003861003,0.0,0.0,0.0074922779922779,0.0018494208494208,0.0313552123552123,0.0122065637065637,0.0061177606177606
2015-03-21 12:00:00,0.9037225433526012,0.0159614643545279,0.0093815028901734,0.0,0.0,0.007533718689788,0.0019402697495183,0.0,0.0122947976878612,0.0002003853564547
2015-03-21 13:00:00,0.7137321772639692,0.0181734104046242,0.0206994219653179,0.0,0.0,0.0073025048169556,0.0016897880539499,0.0514258188824662,0.0121888246628131,0.0113506743737957
2015-03-21 14:00:00,0.5189344894026975,0.00104816955684,0.015169556840077,0.0,0.0,0.0073526011560693,0.0018073217726396,0.0,0.0122177263969171,0.0200789980732177
2015-03-21 15:00:00,0.4345298651252408,0.0151348747591522,0.0127263969171483,0.0,0.0,0.0073603082851637,0.001795761078998,0.0799421965317919,0.0122273603082851,0.0200867052023121
2015-03-21 16:00:00,0.1862365384615384,0.0159403846153846,0.0251403846153846,0.0,0.0,0.0073096153846153,0.0016942307692307,0.0,0.0122057692307692,0.002275
2015-03-21 17:00:00,0.1588,0.0003442307692307,0.0029230769230769,0.0,0.0,0.0074192307692307,0.0018384615384615,0.0,0.0122288461538461,0.0133096153846153
2015-03-21 18:00:00,0.2150886319845857,0.0171156069364161,0.0308921001926782,0.0,0.0,0.0074142581888246,0.0018188824662813,0.0,0.0122023121387283,0.0
2015-03-21 19:00:00,0.4478359073359073,0.0179305019305019,0.0,0.0,0.0,0.0073339768339768,0.0016872586872586,0.0678050193050193,0.0122046332046332,0.0103127413127413
2015-03-21 20:00:00,0.1536698841698841,0.0,0.026565637065637,0.0,0.0,0.0073513513513513,0.0017760617760617,0.0,0.0121988416988416,0.0199498069498069
2015-03-21 21:00:00,0.2304585741811175,0.0180423892100192,0.0,0.0,0.0,0.0074643545279383,0.0018747591522157,0.075664739884393,0.0122581888246628,0.0098747591522158
2015-03-21 22:00:00,0.1624902723735408,0.0135933852140077,0.0285486381322957,0.0,0.0,0.0074844357976653,0.001896887159533,0.0,0.0122645914396887,0.0203346303501945
2015-03-21 23:00:00,0.1133694390715667,0.0029980657640232,0.0,0.0,0.0,0.0074932301740812,0.0019555125725338,0.0,0.0122765957446808,0.010733075435203
2015-03-22 00:00:00,0.4495915221579962,0.0171541425818882,0.03026204238921,0.0,0.0,0.0075067437379576,0.0019383429672447,0.2339633911368015,0.01226204238921,0.0
2015-03-22 01:00:00,0.2507258687258687,0.0053455598455598,0.0,0.0,0.0,0.0075212355212355,0.019511583011583,0.0697644787644787,0.0122007722007722,0.0
2015-03-22 02:00:00,0.1983217054263566,0.0113779069767441,0.0259922480620155,0.0,0.0,0.0074903100775193,0.0018701550387596,0.0,0.0121899224806201,0.0
2015-03-22 03:00:00,0.2414,0.0151485714285714,0.0013009523809523,0.0,0.0,0.0400038095238095,0.0406647619047619,0.0,0.0121809523809523,0.0
2015-03-22 04:00:00,0.1428740458015267,0.0021545801526717,0.0262786259541984,0.0,0.0,0.0161908396946564,0.0019312977099236,0.0,0.0122977099236641,0.0
2015-03-22 05:00:00,0.099201160541586,0.0165667311411992,0.0029226305609284,0.0,0.0,0.0072920696324951,0.0019013539651837,0.0,0.0123133462282398,0.0
2015-03-22 06:00:00,0.1244720616570327,0.0,0.0108709055876685,0.0,0.0,0.0073487475915221,0.0019576107899807,0.0,0.0123526011560693,0.0
2015-03-22 07:00:00,0.1934846153846154,0.0167480769230769,0.0190192307692307,0.0,0.0,0.0071730769230769,0.0017730769230769,0.0,0.0122846153846153,0.0
2015-03-22 08:00:00,0.3564492753623188,0.0,0.0,0.0,0.0,0.0072826086956521,0.0019347826086956,0.0,0.0124202898550724,0.0
2015-03-22 09:00:00,,,,,,,,,,
2015-03-22 10:00:00,,,,,,,,,,
2015-03-22 11:00:00,,,,,,,,,,
2015-03-22 12:00:00,,,,,,,,,,
2015-03-22 13:00:00,,,,,,,,,,
2015-03-22 14:00:00,,,,,,,,,,
2015-03-22 15:00:00,,,,,,,,,,
2015-03-22 16:00:00,,,,,,,,,,
2015-03-22 17:00:00,,,,,,,,,,
2015-03-22 18:00:00,,,,,,,,,,
2015-03-22 19:00:00,,,,,,,,,,
2015-03-22 20:00:00,,,,,,,,,,
2015-03-22 21:00:00,,,,,,,,,,
2015-03-22 22:00:00,,,,,,,,,,
2015-03-22 23:00:00,,,,,,,,,,
2015-03-23 00:00:00,,,,,,,,,,
2015-03-23 01:00:00,,,,,,,,,,
2015-03-23 02:00:00,,,,,,,,,,
2015-03-23 03:00:00,,,,,,,,,,
2015-03-23 04:00:00,,,,,,,,,,
2015-03-23 05:00:00,,,,,,,,,,
2015-03-23 06:00:00,,,,,,,,,,
2015-03-23 07:00:00,,,,,,,,,,
2015-03-23 08:00:00,,,,,,,,,,
2015-03-23 09:00:00,,,,,,,,,,
2015-03-23 10:00:00,,,,,,,,,,
2015-03-23 11:00:00,,,,,,,,,,
2015-03-23 12:00:00,,,,,,,,,,
2015-03-23 13:00:00,,,,,,,,,,
2015-03-23 14:00:00,,,,,,,,,,
2015-03-23 15:00:00,,,,,,,,,,
2015-03-23 16:00:00,,,,,,,,,,
2015-03-23 17:00:00,,,,,,,,,,
2015-03-23 18:00:00,,,,,,,,,,
2015-03-23 19:00:00,,,,,,,,,,
2015-03-23 20:00:00,,,,,,,,,,
2015-03-23 21:00:00,,,,,,,,,,
2015-03-23 22:00:00,,,,,,,,,,
2015-03-23 23:00:00,,,,,,,,,,
2015-03-24 00:00:00,,,,,,,,,,
2015-03-24 01:00:00,,,,,,,,,,
2015-03-24 02:00:00,,,,,,,,,,
2015-03-24 03:00:00,,,,,,,,,,
2015-03-24 04:00:00,,,,,,,,,,
2015-03-24 05:00:00,,,,,,,,,,
2015-03-24 06:00:00,,,,,,,,,,
2015-03-24 07:00:00,,,,,,,,,,
2015-03-24 08:00:00,,,,,,,,,,
2015-03-24 09:00:00,,,,,,,,,,
2015-03-24 10:00:00,,,,,,,,,,
2015-03-24 11:00:00,,,,,,,,,,
2015-03-24 12:00:00,,,,,,,,,,
2015-03-24 13:00:00,,,,,,,,,,
2015-03-24 14:00:00,,,,,,,,,,
2015-03-24 15:00:00,0.3847757009345794,0.0154392523364485,0.0,0.0,0.0,0.0071214953271028,0.0018130841121495,0.0,0.0121526479750778,0.020018691588785
2015-03-24 16:00:00,0.2836204238921002,0.0073140655105973,0.0270520231213872,0.0,3.853564547206165e-06,0.0071387283236994,0.0017360308285163,0.0802755298651252,0.0121926782273603,0.0011541425818882
2015-03-24 17:00:00,0.2040747126436781,0.0159674329501915,0.0,0.0,0.0,0.0259444444444444,0.001743295019157,0.0,0.0122298850574712,0.0
2015-03-24 18:00:00,0.6236441005802708,0.0060328820116054,0.0272765957446808,0.0,0.0,0.0271798839458413,0.0016827852998065,0.1149709864603481,0.0121721470019342,0.0
2015-03-24 19:00:00,0.2511634241245136,0.0114299610894941,0.0,0.0,0.0,0.0110350194552529,0.0015894941634241,0.0639708171206225,0.0121478599221789,0.0153385214007782
2015-03-24 20:00:00,0.2582447013487476,0.016028901734104,0.0282003853564547,0.0,0.0,0.0078709055876685,0.0017495183044315,0.0810558766859344,0.0121907514450867,0.0200115606936416
2015-03-24 21:00:00,0.1638178294573643,0.0071143410852713,0.0,0.0,0.0,0.0318468992248062,0.0018236434108527,0.0323313953488372,0.0122170542635658,0.0054825581395348
2015-03-24 22:00:00,0.1732616279069767,0.0116860465116279,0.0299341085271317,0.0,0.0,0.035703488372093,0.0018236434108527,0.0,0.012218992248062,0.0102131782945736
2015-03-24 23:00:00,0.3564662813102119,0.0176165703275529,0.0,0.0,0.0,0.0126820809248554,0.0019190751445086,0.2052562620423892,0.01231021194605,0.0204084778420038
2015-03-25 00:00:00,0.1635822050290135,0.0019226305609284,0.0308007736943907,0.0,0.0,0.0157040618955512,0.0019342359767891,0.0,0.0123288201160541,0.0032127659574468
2015-03-25 01:00:00,0.1908841698841699,0.014061776061776,0.0,0.0,0.0,0.0386698841698841,0.0018745173745173,0.0533185328185328,0.0122644787644787,0.0
2015-03-25 02:00:00,0.1459460500963391,0.0164258188824662,0.0068651252408477,0.0,0.0,0.0020366088631984,0.0197109826589595,0.0165953757225433,0.0122774566473988,0.0
2015-03-25 03:00:00,0.0992980769230769,0.0,0.0232557692307692,0.0,0.0,0.0,0.0018730769230769,0.0,0.0122711538461538,0.0
2015-03-25 04:00:00,0.0801192307692307,0.0162538461538461,0.0,0.0,0.0,0.0,0.0017826923076923,0.0,0.0122461538461538,0.0
2015-03-25 05:00:00,0.109,0.0,0.0326872586872586,0.0,0.0,0.0,0.0017895752895752,0.0,0.0122471042471042,0.0
2015-03-25 06:00:00,0.1384285714285714,0.0210073891625615,0.0,0.0,0.0,0.0,0.0017783251231527,0.0,0.0121995073891625,0.0
2015-03-25 07:00:00,0.5008197674418604,0.0018081395348837,0.0,0.0,0.0,0.0,0.0017441860465116,0.0,0.0122054263565891,0.0
2015-03-25 08:00:00,1.2578793774319066,0.0146731517509727,0.0319941634241245,0.0,0.0,0.0,0.0016284046692607,0.0,0.0121789883268482,0.0
2015-03-25 09:00:00,1.5550213178294574,0.0036046511627906,0.0,0.0,0.0013178294573643,0.0,0.0017112403100775,0.0,0.012172480620155,0.0
2015-03-25 10:00:00,1.530393063583815,0.0137360308285163,0.03031021194605,0.0,0.0,0.0,0.0017013487475915,0.1114104046242774,0.0121657032755298,0.0051001926782273
2015-03-25 11:00:00,1.3478,0.0133941747572815,0.0,0.0,0.0,0.0,0.0019184466019417,0.0452058252427184,0.0122718446601941,0.0
2015-03-25 12:00:00,0.9016434108527132,0.0028972868217054,0.0282713178294573,0.0,0.0,0.0,0.0018585271317829,0.0,0.0122093023255813,0.0
2015-03-25 13:00:00,0.8453410404624278,0.0184605009633911,0.0037090558766859,0.0,0.0,3.853564547206165e-06,0.0368497109826589,0.0,0.0122639691714836,0.0109344894026974
2015-03-25 14:00:00,0.6366957364341086,0.0028817829457364,0.0213430232558139,0.0,0.0,0.0,0.0018585271317829,0.1317364341085271,0.0122325581395348,0.0080872093023255
2015-03-25 15:00:00,0.5445642023346303,0.0131225680933852,0.0083210116731517,0.0,0.0,0.0,0.0017996108949416,0.0,0.0122470817120622,0.0
2015-03-25 16:00:00,0.31506213592233,0.0116543689320388,0.0172660194174757,0.0,0.0,0.0,0.0018601941747572,0.0,0.0122427184466019,0.0
2015-03-25 17:00:00,0.1610038684719535,0.004384912959381,0.0109381044487427,0.0,0.0,0.0,0.0018239845261121,0.0,0.0122127659574468,0.0
2015-03-25 18:00:00,0.2551695906432749,0.0157076023391812,0.0224502923976608,0.0,0.0,0.0,0.001635477582846,0.0855399610136452,0.0121520467836257,0.0059766081871345
2015-03-25 19:00:00,0.0733599221789883,0.0,0.0065856031128404,0.0,0.0,0.0,0.0015836575875486,0.0,0.0121478599221789,0.0
2015-03-25 20:00:00,0.096984496124031,0.0169244186046511,0.0130562015503875,0.0,0.0,0.0,0.0017887596899224,0.0,0.0121937984496124,0.0
2015-03-25 21:00:00,0.092384912959381,0.0,0.0187098646034816,0.0,0.0,0.0,0.0018239845261121,0.0,0.0122437137330754,0.0
2015-03-25 22:00:00,0.0834670542635658,0.0160775193798449,0.0,0.0,0.0,0.0,0.0018158914728682,0.0,0.0122751937984496,0.0
2015-03-25 23:00:00,0.832171206225681,0.2948190661478599,0.0316147859922179,0.0,0.0,0.0,0.0018385214007782,0.2261653696498054,0.012260700389105,0.0072898832684824
2015-03-26 00:00:00,0.1411453488372093,0.002313953488372,0.0,0.0,0.0,0.0,0.0019089147286821,0.0288934108527131,0.0122732558139534,0.0117170542635658
2015-03-26 01:00:00,0.142978640776699,0.0174252427184466,0.0329203883495145,0.0,0.0,0.0,0.0018116504854368,0.0,0.0122893203883495,0.0
2015-03-26 02:00:00,0.1702243713733075,0.0055009671179883,0.0,0.0,0.0,0.0,0.0218123791102514,0.0575570599613152,0.0122553191489361,0.0
2015-03-26 03:00:00,0.1110544747081712,0.0109163424124513,0.0244610894941634,0.0,0.0,0.0,0.0018949416342412,0.0,0.0122782101167315,0.0
2015-03-26 04:00:00,0.0945542635658914,0.0151298449612403,0.0078100775193798,0.0,0.0,0.0,0.0018527131782945,0.0,0.0122441860465116,0.0
2015-03-26 05:00:00,0.0686165703275529,0.001009633911368,0.0,0.0,0.0,0.0,0.0018554913294797,0.0,0.012281310211946,0.0
2015-03-26 06:00:00,0.1541890838206627,0.0159746588693957,0.0351461988304093,0.0,0.0,0.0,0.001906432748538,0.0,0.0122923976608187,0.0
2015-03-26 07:00:00,0.1437364341085271,0.0,0.0,0.0,0.0,0.0,0.0018527131782945,0.0,0.0122926356589147,0.0
2015-03-26 08:00:00,0.3017918287937743,0.0161303501945525,0.0337801556420233,0.0,0.0,0.0,0.0018346303501945,0.0,0.012249027237354,0.0
2015-03-26 09:00:00,0.4898031189083821,0.0,0.0064541910331384,0.0,0.0,0.0,0.0017953216374269,0.0,0.0122124756335282,0.0
2015-03-26 10:00:00,0.6258582524271844,0.0174155339805825,0.0,0.0,0.0,0.0,0.0017766990291262,0.1084699029126213,0.0121922330097087,0.0082854368932038
2015-03-26 11:00:00,0.920568665377176,0.0026615087040618,0.0307292069632495,0.0,0.0,0.0,0.0017736943907156,0.0,0.0122301740812379,0.0
2015-03-26 12:00:00,1.2018606870229007,0.0129274809160305,0.0,0.0,0.0,0.0,0.0018473282442748,0.0,0.0122480916030534,0.0
2015-03-26 13:00:00,0.6509786821705426,0.0089709302325581,0.0292655038759689,0.0,0.0,0.0,0.0018255813953488,0.0,0.0122519379844961,0.0
2015-03-26 14:00:00,0.6532194174757282,0.0068174757281553,0.0,0.0,0.0,0.0,0.0018058252427184,0.0,0.0122271844660194,0.0
2015-03-26 15:00:00,0.5915480769230769,0.0151961538461538,0.0274961538461538,0.0,0.0,0.0,0.0017807692307692,0.0,0.0122115384615384,0.0
2015-03-26 16:00:00,0.3458218390804597,0.0009980842911877,0.0,0.0,0.0,0.0,0.0466283524904214,0.0,0.0122049808429118,0.0
2015-03-26 17:00:00,0.2161702127659574,0.0157176015473887,0.0282088974854932,0.0,0.0,0.0,0.0017756286266924,0.0,0.0122282398452611,0.0186924564796905
2015-03-26 18:00:00,0.166420233463035,0.0,0.0,0.0,0.0,0.0,0.0016712062256809,0.0,0.0122003891050583,0.0149396887159533
2015-03-26 19:00:00,0.2069615384615384,0.0177173076923076,0.0313096153846153,0.0,0.0,0.0,0.0017076923076923,0.0636576923076923,0.0121942307692307,0.0028461538461538
2015-03-26 20:00:00,0.0716563106796116,0.0,0.0,0.0,0.0,0.0,0.001735922330097,0.0,0.012209708737864,0.0
2015-03-26 21:00:00,0.3512170542635659,0.016829457364341,0.0319980620155038,0.0,0.0,0.0,0.0018430232558139,0.1922054263565891,0.0122538759689922,0.0002596899224806
2015-03-26 22:00:00,0.1936479690522243,0.0156499032882011,0.0026266924564796,0.0,0.0,0.0,0.0019090909090909,0.0528259187620889,0.0122785299806576,0.0200696324951644
2015-03-26 23:00:00,0.2460760233918128,0.0016569200779727,0.0324814814814814,0.0,0.0,0.0,0.0019083820662768,0.0891793372319688,0.0123157894736842,0.0064678362573099
2015-03-27 00:00:00,0.1809458413926499,0.0165203094777562,0.0098568665377176,0.0,0.0,0.0,0.0215203094777562,0.0494235976789168,0.0122901353965183,0.0
2015-03-27 01:00:00,0.1213326923076923,0.0,0.0360961538461538,0.0,0.0,0.0,0.0018673076923076,0.0,0.0122903846153846,0.0
2015-03-27 02:00:00,0.0968092485549133,0.0160770712909441,0.0010019267822736,0.0,0.0,0.0,0.0019094412331406,0.0,0.0123275529865125,0.0
2015-03-27 03:00:00,0.1093801169590643,0.0024463937621832,0.0158713450292397,0.0,0.0,0.0,0.001943469785575,0.0,0.0123274853801169,0.0
2015-03-27 04:00:00,0.1087009708737864,0.0139883495145631,0.0148330097087378,0.0,0.0,0.0,0.0018932038834951,0.0,0.0123126213592233,0.0
2015-03-27 05:00:00,0.0788255813953488,0.007563953488372,0.0,0.0,0.0,0.0,0.0017965116279069,0.0,0.0122713178294573,0.0
2015-03-27 06:00:00,0.1902776699029126,0.0102368932038834,0.0334757281553398,0.0,0.0,0.0,0.0018854368932038,0.0,0.0123106796116504,0.0
2015-03-27 07:00:00,0.4109844660194174,0.0083708737864077,0.0,0.0,0.0,0.0,0.0017456310679611,0.0,0.01226213592233,0.0
2015-03-27 08:00:00,0.8172577519379844,0.0082383720930232,0.0220755813953488,0.0,0.0,0.0,0.001703488372093,0.0,0.0122209302325581,0.0
2015-03-27 09:00:00,1.774062015503876,0.0095523255813953,0.0105348837209302,0.0,0.0,0.0,0.0017248062015503,0.0,0.0121860465116279,0.0
2015-03-27 10:00:00,2.0017001934235976,0.007458413926499,0.0,0.0,0.0,6.189555125725339e-05,0.0017852998065764,0.0924352030947775,0.0121663442940038,0.0056576402321083
2015-03-27 11:00:00,1.5240408560311285,0.016068093385214,0.0336634241245136,0.0,0.0,0.0,0.0017976653696498,0.032420233463035,0.0121614785992217,0.0014163424124513
2015-03-27 12:00:00,1.1970376647834275,0.0,0.0052448210922787,0.0,0.0,0.0,0.0016139359698681,0.0,0.0121638418079096,0.0
2015-03-27 13:00:00,1.3445183752417795,0.0159052224371373,0.031742746615087,0.0,0.0,0.0,0.0017234042553191,0.0,0.0121779497098646,0.0
2015-03-27 14:00:00,0.8597480916030534,0.0,0.0103263358778625,0.0,0.0,0.0,0.0015954198473282,0.0,0.0122041984732824,0.0
2015-03-27 15:00:00,0.5141536964980545,0.0158424124513618,0.0187743190661478,0.0,0.0,0.0,0.0017315175097276,0.0,0.0121867704280155,0.0
2015-03-27 16:00:00,0.351168932038835,0.0003281553398058,0.0252174757281553,0.0,0.0,0.0,0.0016932038834951,0.080557281553398,0.0121980582524271,0.0
2015-03-27 17:00:00,0.5544371373307544,0.0154777562862669,0.0043404255319148,0.0,0.0,0.0,0.0016460348162475,0.0,0.0121528046421663,0.0
2015-03-27 18:00:00,0.2023062015503876,0.0093178294573643,0.0266298449612403,0.0,0.0,0.0,0.0016065891472868,0.0,0.0121802325581395,0.0
2015-03-27 19:00:00,0.1945938104448742,0.0097504835589941,0.0,0.0,0.0,0.0,0.001558994197292,0.0705473887814313,0.0121566731141199,0.008100580270793
2015-03-27 20:00:00,0.3144241245136187,0.0175836575875486,0.0302140077821011,0.0,0.0,0.0,0.0016264591439688,0.0758190661478599,0.0121634241245136,0.018692607003891
2015-03-27 21:00:00,0.0976434262948207,1.195219123505976e-05,0.0,0.0,0.0,0.0,0.0018366533864541,0.0,0.0122390438247011,0.0014960159362549
2015-03-27 22:00:00,0.23190234375,0.01694140625,0.027494140625,0.0,0.0,0.0,0.001798828125,0.068728515625,0.012224609375,0.019859375
2015-03-27 23:00:00,0.2961595330739299,0.0124941634241245,0.0085622568093385,0.0,0.0,0.0,0.0018832684824902,0.1606906614785992,0.0122704280155642,0.0202529182879377
2015-03-28 00:00:00,0.2749126213592233,0.0033844660194174,0.0198446601941747,0.0,0.0,0.0,0.0019223300970873,0.1202116504854368,0.0123300970873786,0.0204368932038834
2015-03-28 01:00:00,0.1915473887814313,0.0172282398452611,0.0179516441005802,0.0,0.0,0.0,0.0221856866537717,0.0364003868471953,0.0122727272727272,0.0081934235976789
2015-03-28 02:00:00,0.0947903846153846,0.0061230769230769,0.0104326923076923,0.0,0.0,0.0,0.0018807692307692,0.0,0.0122942307692307,0.0
2015-03-28 03:00:00,0.1193192307692307,0.010101923076923,0.0269038461538461,0.0,0.0,0.0,0.0019346153846153,0.0,0.0123365384615384,0.0
2015-03-28 04:00:00,0.0890214007782101,0.0161303501945525,0.0025136186770428,0.0,0.0,0.0,0.0019007782101167,0.0,0.0122918287937743,0.0
2015-03-28 05:00:00,0.1158903846153846,0.0,0.029675,0.0,0.0,0.0,0.0019230769230769,0.0,0.0122980769230769,0.0
2015-03-28 06:00:00,0.1198951456310679,0.0158174757281553,0.0015087378640776,0.0,0.0,0.0,0.0017533980582524,0.0,0.01226213592233,0.0
2015-03-28 07:00:00,0.2004941860465116,0.0010736434108527,0.0312558139534883,0.0,0.0,0.0,0.0019399224806201,0.0,0.01234496124031,0.0
2015-03-28 08:00:00,0.1916011673151751,0.0154182879377431,0.0,0.0,0.0,0.0,0.0018132295719844,0.0,0.0122373540856031,0.0
2015-03-28 09:00:00,0.4727799227799228,0.0118725868725868,0.028557915057915,0.0,0.0,0.0,0.0015366795366795,0.0929594594594594,0.0121737451737451,0.0
2015-03-28 10:00:00,0.9483752417794972,0.005384912959381,0.0,0.6166479690522244,0.0,0.0,0.0017137330754352,0.0,0.0121895551257253,0.0
2015-03-28 11:00:00,0.9532011494252872,0.0160977011494252,0.0292030651340996,0.0889406130268199,0.0,0.0,0.0018333333333333,0.0,0.0122049808429118,0.0
2015-03-28 12:00:00,1.8567475728155336,0.0033805825242718,0.0017805825242718,0.0590485436893203,0.0,0.0019883495145631,0.0019456310679611,0.0,0.0123009708737864,0.0
2015-03-28 13:00:00,1.1278015564202335,0.0122081712062256,0.0235836575875486,0.002,0.0,0.0,0.0017159533073929,0.0,0.0122295719844357,0.0
2015-03-28 14:00:00,0.9786274131274132,0.0175289575289575,0.0243069498069498,0.002,0.0,0.0,0.0017123552123552,0.128069498069498,0.0122046332046332,0.0
2015-03-28 15:00:00,0.4368471953578336,0.0,0.0,0.002,0.0,0.0,0.0017369439071566,0.0,0.0122185686653771,0.0
2015-03-28 16:00:00,0.1945891472868217,0.0151705426356589,0.0252422480620155,0.002,0.0,0.0,0.0017732558139534,0.0,0.0122441860465116,0.0
2015-03-28 17:00:00,0.1727538759689922,0.0136627906976744,0.0244728682170542,0.002,0.0,0.0,0.0016220930232558,0.0,0.0121821705426356,0.0
2015-03-28 18:00:00,0.091548828125,0.0027109375,0.0,0.002,0.0,0.0,0.001708984375,0.0,0.01221875,0.0
2015-03-28 19:00:00,0.1875223300970873,0.0152368932038834,0.0278466019417475,0.002,0.0,0.0,0.0016427184466019,0.0,0.0121961165048543,0.0
2015-03-28 20:00:00,0.1557258687258687,0.0047335907335907,0.0229111969111969,0.002,0.0,0.0,0.0014652509652509,0.0,0.0121621621621621,0.0
2015-03-28 21:00:00,0.7136233009708738,0.0125708737864077,0.0031864077669902,0.002,0.0,0.0,0.0165533980582524,0.1454873786407767,0.0121961165048543,0.0117203883495145
2015-03-28 22:00:00,0.2114263862332696,0.0158279158699808,0.0264378585086042,0.002,0.0,0.0,0.0018355640535372,0.0556156787762906,0.012284894837476,0.0203479923518164
2015-03-28 23:00:00,0.2918003875968992,0.0097596899224806,0.0150484496124031,0.002,0.0,0.0,0.0286550387596899,0.0536821705426356,0.0122577519379844,0.0221472868217054
2015-03-29 00:00:00,0.3933560311284046,0.0059980544747081,0.0107898832684824,0.002,0.0,0.016044747081712,0.0018015564202334,0.2125214007782101,0.0122256809338521,0.0202529182879377
2015-03-29 01:00:00,,,,,,,,,,
2015-03-29 02:00:00,0.2080485436893203,0.0151126213592233,0.0243728155339805,0.0019922330097087,0.0,0.0344873786407766,0.001809708737864,0.0,0.0123106796116504,0.0203961165048543
2015-03-29 03:00:00,0.2406589147286821,0.0112286821705426,0.0,0.002,0.0,0.0088158914728682,0.0464748062015503,0.0530232558139534,0.0122577519379844,0.0199883720930232
2015-03-29 04:00:00,0.1877378640776699,0.0044194174757281,0.0246912621359223,0.002,0.0,0.0072718446601941,0.0019165048543689,0.0538213592233009,0.0122990291262135,0.0036815533980582
2015-03-29 05:00:00,0.1303243243243243,0.0168764478764478,0.0266196911196911,0.002,0.0,0.0072799227799227,0.0018571428571428,0.0,0.0122876447876447,0.0
2015-03-29 06:00:00,0.0967693798449612,0.0062209302325581,0.0,0.002,0.0,0.0071705426356589,0.0016996124031007,0.0,0.0122364341085271,0.0
2015-03-29 07:00:00,0.1645797665369649,0.0093560311284046,0.0280914396887159,0.002,0.0,0.0071984435797665,0.0017431906614785,0.0,0.0122159533073929,0.0
2015-03-29 08:00:00,0.1701883495145631,0.0166601941747572,0.0153378640776699,0.002,0.0,0.0071805825242718,0.0016174757281553,0.0,0.0122155339805825,0.0
2015-03-29 09:00:00,0.156953488372093,0.0,0.0106511627906976,0.002,0.0,0.0072228682170542,0.0018042635658914,0.0,0.0122364341085271,0.0
2015-03-29 10:00:00,0.3337403100775193,0.0165193798449612,0.0259050387596899,0.002,0.0,0.0072403100775193,0.0018217054263565,0.1021957364341085,0.0122306201550387,0.0044302325581395
2015-03-29 11:00:00,0.5409902723735408,0.0139610894941634,0.0,0.002,0.0,0.0071848249027237,0.0021595330739299,0.0369824902723735,0.0122470817120622,0.0032237354085603
2015-03-29 12:00:00,0.8687558139534884,0.00159496124031,0.0250755813953488,0.002,0.0,0.0072519379844961,0.0018023255813953,0.0,0.0122422480620155,0.0
2015-03-29 13:00:00,0.6313757225433526,0.0151714836223506,0.0252466281310211,0.0557244701348747,0.0,0.0071868978805394,0.0304104046242774,0.0687013487475915,0.0122504816955684,0.0006705202312138
2015-03-29 14:00:00,0.7457743190661479,0.0129922178988326,0.0,0.0033112840466926,0.0,0.0071400778210116,0.0020466926070038,0.0,0.0122276264591439,0.0193793774319066
2015-03-29 15:00:00,0.5001220930232558,0.0021860465116279,0.0240872093023255,0.0018953488372093,0.0,0.0071511627906976,0.0017422480620155,0.0719457364341085,0.0124457364341085,0.0095445736434108
2015-03-29 16:00:00,0.5211941747572816,0.0158174757281553,0.0233165048543689,0.0018,0.0,0.0071165048543689,0.0015961165048543,0.0550951456310679,0.012209708737864,0.0
2015-03-29 17:00:00,0.1950661478599221,0.0161070038910505,0.0,0.0019046692607003,0.0,0.0072373540856031,0.0017373540856031,0.0,0.0122256809338521,0.0
2015-03-29 18:00:00,0.1905972762645914,0.0009902723735408,0.024317120622568,0.0002276264591439,0.0,0.0072762645914396,0.0018540856031128,0.0,0.0122529182879377,0.0
2015-03-29 19:00:00,0.1614230019493177,0.0156471734892787,0.0224074074074074,0.0,0.0,0.0071734892787524,0.0017329434697855,0.0,0.0121910331384015,0.0
2015-03-29 20:00:00,0.0962446601941747,0.0129087378640776,0.0035145631067961,0.0,0.0,0.0072019417475728,0.0017553398058252,0.0,0.012209708737864,0.0
2015-03-29 21:00:00,0.1151731517509727,0.0025291828793774,0.027601167315175,0.0,0.0,0.007112840466926,0.0016108949416342,0.0,0.0121887159533073,0.0
2015-03-29 22:00:00,0.0998699029126213,0.0151592233009708,0.0,0.0,0.0,0.0071825242718446,0.0017320388349514,0.0,0.0122252427184466,0.0010388349514563
2015-03-29 23:00:00,0.238704854368932,0.0065980582524271,0.0258699029126213,0.0,0.0,0.0072388349514563,0.0019281553398058,0.0124194174757281,0.0122854368932038,0.0196970873786407
2015-03-30 00:00:00,0.2762959381044487,0.0097388781431334,0.0198955512572533,0.0,0.0,0.0072882011605415,0.0019303675048355,0.0575976789168278,0.012311411992263,0.019742746615087
2015-03-30 01:00:00,0.4260350194552529,0.0166692607003891,0.0078249027237354,0.0,0.0,0.0071595330739299,0.0017373540856031,0.2447140077821011,0.0122548638132295,0.0194688715953307
2015-03-30 02:00:00,0.2492776699029126,0.0,0.0288621359223301,0.0,0.0,0.0072077669902912,0.0017922330097087,0.0764854368932038,0.0122504854368932,0.0160135922330097
2015-03-30 03:00:00,0.1829323017408124,0.0161025145067698,0.0,0.0,0.0,0.0072359767891682,0.0285241779497098,0.048595744680851,0.0123017408123791,0.0
2015-03-30 04:00:00,0.1291417475728155,0.0047961165048543,0.0292660194174757,0.0,0.0,0.0072970873786407,0.001926213592233,0.0,0.0122912621359223,0.0
2015-03-30 05:00:00,0.0926372360844529,0.0113320537428023,0.0,0.0,0.0,0.0073493282149712,0.0018848368522072,0.0,0.0122706333973128,0.0
2015-03-30 06:00:00,0.1266903846153846,0.0139673076923076,0.0280096153846153,0.0,0.0,0.0072365384615384,0.0016807692307692,0.0,0.0122096153846153,0.0
2015-03-30 07:00:00,0.1915406976744186,0.0022848837209302,0.0,0.0,0.0,0.0072751937984496,0.0018003875968992,0.0,0.0122713178294573,0.0
2015-03-30 08:00:00,0.717483495145631,0.0162038834951456,0.0287961165048543,0.0,0.0,0.0072601941747572,0.0017320388349514,0.0,0.0122601941747572,0.0
2015-03-30 09:00:00,1.4441980582524272,0.0,0.0,0.0,0.0,0.0072038834951456,0.0017980582524271,0.0,0.0121747572815533,0.0
2015-03-30 10:00:00,1.2643817829457364,0.0158062015503875,0.0277403100775193,0.0,0.0,0.0072112403100775,0.0018081395348837,0.0,0.0121821705426356,0.0
2015-03-30 11:00:00,1.4328188824662813,1.7341040462427742e-05,0.0,0.7552427745664739,0.0,0.0071368015414258,0.0017013487475915,0.0751868978805395,0.0121714836223506,0.0097745664739884
2015-03-30 12:00:00,1.9911165048543689,0.0170368932038834,0.0289398058252427,0.0792427184466019,0.0,0.0071922330097087,0.0018058252427184,0.040778640776699,0.0122368932038834,0.0030970873786407
2015-03-30 13:00:00,1.4274923076923078,0.0068480769230769,0.0213384615384615,0.0174673076923076,0.0,0.007226923076923,0.001826923076923,0.0,0.012226923076923,0.0
2015-03-30 14:00:00,1.3376368932038836,0.0088349514563106,0.0054485436893203,0.002,0.0,0.0071631067961165,0.0017378640776699,0.0,0.0122233009708737,0.0
2015-03-30 15:00:00,0.6754007782101168,0.0155272373540856,0.0247451361867704,0.0019941634241245,0.0,0.00718093385214,0.001772373540856,0.0,0.0121887159533073,0.0
2015-03-30 16:00:00,0.3640214007782101,3.891050583657588e-06,0.0086303501945525,0.002,0.0,0.0071556420233463,0.0017159533073929,0.0,0.0122276264591439,0.0
2015-03-30 17:00:00,0.1660135922330097,0.0155611650485436,0.0148815533980582,0.002,0.0,0.007178640776699,0.0017514563106796,0.0,0.0121844660194174,0.0
2015-03-30 18:00:00,0.5990135658914729,0.0127616279069767,0.0261531007751938,0.004437984496124,0.0,0.0071608527131782,0.0016841085271317,0.0720930232558139,0.0122209302325581,0.0070135658914728
2015-03-30 19:00:00,0.4203565891472868,0.0062325581395348,0.0095135658914728,0.0380755813953488,0.0,0.0071356589147286,0.0017151162790697,0.1207945736434108,0.0121802325581395,0.0207674418604651
2015-03-30 20:00:00,0.2256395348837209,0.0153081395348837,0.015687984496124,0.0,0.0,0.007156976744186,0.0018217054263565,0.0682422480620155,0.0121782945736434,0.021672480620155
2015-03-30 21:00:00,0.3625717054263566,0.0154282945736434,0.0269786821705426,0.0,0.0,0.0072112403100775,0.0019108527131782,0.0934437984496124,0.01225,0.0216124031007751
2015-03-30 22:00:00,0.1738166023166023,0.0101235521235521,0.0036505791505791,0.0,0.0,0.0071776061776061,0.0297895752895752,0.0,0.0122239382239382,0.0219710424710424
2015-03-30 23:00:00,0.1602003853564547,0.0056300578034682,0.0219036608863198,0.0,0.0,0.0072427745664739,0.0019094412331406,0.0,0.0122928709055876,0.0218208092485549
2015-03-31 00:00:00,0.5762451737451737,0.016023166023166,0.0256718146718146,0.0,0.0,0.0071969111969111,0.0017683397683397,0.2422297297297297,0.0122972972972972,0.0017316602316602
2015-03-31 01:00:00,0.1687490347490347,0.0149613899613899,0.0,0.0,0.0,0.0071698841698841,0.0234845559845559,0.0361833976833976,0.0122258687258687,0.0
2015-03-31 02:00:00,0.1139941860465116,0.0009496124031007,0.0239631782945736,0.0,0.0,0.0071279069767441,0.0016143410852713,0.0,0.0122286821705426,0.0
2015-03-31 03:00:00,0.1289807321772639,0.0158439306358381,0.0260423892100192,0.0,0.0,0.0071541425818882,0.0017167630057803,0.0,0.0122312138728323,0.0
2015-03-31 04:00:00,0.0838717948717948,0.0,0.0,0.0,0.0,0.0071179487179487,0.0018,0.0,0.0122974358974358,0.0
2015-03-31 05:00:00,,,,,,,,,,
2015-03-31 06:00:00,,,,,,,,,,
2015-03-31 07:00:00,,,,,,,,,,
2015-03-31 08:00:00,,,,,,,,,,
2015-03-31 09:00:00,,,,,,,,,,
2015-03-31 10:00:00,,,,,,,,,,
2015-03-31 11:00:00,,,,,,,,,,
2015-03-31 12:00:00,,,,,,,,,,
2015-03-31 13:00:00,,,,,,,,,,
2015-03-31 14:00:00,,,,,,,,,,
2015-03-31 15:00:00,,,,,,,,,,
2015-03-31 16:00:00,,,,,,,,,,
2015-03-31 17:00:00,,,,,,,,,,
2015-03-31 18:00:00,,,,,,,,,,
2015-03-31 19:00:00,,,,,,,,,,
2015-03-31 20:00:00,,,,,,,,,,
2015-03-31 21:00:00,,,,,,,,,,
2015-03-31 22:00:00,,,,,,,,,,
2015-03-31 23:00:00,,,,,,,,,,
2015-04-01 00:00:00,,,,,,,,,,
2015-04-01 01:00:00,,,,,,,,,,
2015-04-01 02:00:00,,,,,,,,,,
2015-04-01 03:00:00,,,,,,,,,,
2015-04-01 04:00:00,,,,,,,,,,
2015-04-01 05:00:00,,,,,,,,,,
2015-04-01 06:00:00,,,,,,,,,,
2015-04-01 07:00:00,,,,,,,,,,
2015-04-01 08:00:00,,,,,,,,,,
2015-04-01 09:00:00,,,,,,,,,,
2015-04-01 10:00:00,,,,,,,,,,
2015-04-01 11:00:00,,,,,,,,,,
2015-04-01 12:00:00,,,,,,,,,,
2015-04-01 13:00:00,,,,,,,,,,
2015-04-01 14:00:00,,,,,,,,,,
2015-04-01 15:00:00,,,,,,,,,,
2015-04-01 16:00:00,0.5842088607594936,0.0151835443037974,0.0,0.0,0.0,0.007126582278481,0.0017341772151898,0.0,0.0121202531645569,0.0
2015-04-01 17:00:00,0.4722375886524823,0.0082872340425531,0.0267021276595744,0.0,0.0,0.0071950354609929,0.0018156028368794,0.0669432624113475,0.0122624113475177,0.0
2015-04-01 18:00:00,0.1612568493150685,0.0160034246575342,0.0155308219178082,0.0,0.0,0.00725,0.0019212328767123,0.0,0.0123013698630136,0.0015821917808219
2015-04-01 19:00:00,0.1176085526315789,0.0,0.0128256578947368,0.0,0.0,0.0071907894736842,0.0018059210526315,0.0,0.0122236842105263,0.0
2015-04-01 20:00:00,0.1228907284768212,0.0156456953642384,0.0277880794701986,0.0,0.0,0.0071523178807947,0.0017152317880794,0.0,0.0121754966887417,0.0
2015-04-01 21:00:00,0.0779834983498349,0.0,0.0,0.0,0.0,0.0071287128712871,0.0017491749174917,0.0,0.0122442244224422,0.0
2015-04-01 22:00:00,0.2464186046511627,0.0183421926910299,0.0265415282392026,0.0,0.0,0.0071893687707641,0.0574684385382059,0.0,0.0122259136212624,0.0176146179401993
2015-04-01 23:00:00,0.3939499999999999,0.0115666666666666,0.0,0.0,0.0,0.0072733333333333,0.0018866666666666,0.2178199999999999,0.0122933333333333,0.0049633333333333
2015-04-02 00:00:00,0.2894651162790698,0.0194883720930232,0.0275215946843853,0.0,0.0,0.0072292358803986,0.0018704318936877,0.0,0.0123023255813953,0.0
2015-04-02 01:00:00,0.4346166666666666,0.01829,0.02647,0.0,0.0,0.0071933333333333,0.0203766666666666,0.21539,0.0122066666666666,0.0
2015-04-02 02:00:00,0.1089437086092715,0.0167450331125827,0.0041788079470198,0.0,0.0,0.0071390728476821,0.0017218543046357,0.0,0.0121986754966887,0.0
2015-04-02 03:00:00,0.10779,0.0056433333333333,0.0210633333333333,0.0,0.0,0.0071566666666666,0.0017533333333333,0.0,0.0122433333333333,0.0
2015-04-02 04:00:00,0.1229866666666666,0.01201,0.0266233333333333,0.0,0.0,0.00716,0.0017966666666666,0.0,0.0122666666666666,0.0
2015-04-02 05:00:00,0.0914238410596026,0.0167086092715231,0.0,0.0,0.0,0.0071655629139072,0.0017152317880794,0.0,0.0122384105960264,0.0
2015-04-02 06:00:00,0.1217999999999999,0.0101733333333333,0.0261133333333333,0.0,0.0,0.0072233333333333,0.0018133333333333,0.0,0.0122466666666666,0.0
2015-04-02 07:00:00,0.2049832775919732,0.0067357859531772,0.0265852842809364,0.0,0.0,0.007200668896321,0.0017491638795986,0.0,0.012267558528428,0.0
2015-04-02 08:00:00,0.7683993399339933,0.0169042904290429,0.0008481848184818,0.0,0.0,0.0072409240924092,0.0018712871287128,0.0,0.0122640264026402,0.0
2015-04-02 09:00:00,1.3393666666666666,0.0045833333333333,0.0280433333333333,0.0,0.0,0.0142899999999999,0.0017966666666666,0.1250033333333333,0.0122033333333333,0.0
2015-04-02 10:00:00,1.1729601328903654,0.0122691029900332,0.0,0.0,0.0,0.0,0.0018172757475083,0.1590963455149501,0.0122325581395348,0.0180232558139534
2015-04-02 11:00:00,1.149514950166113,0.0162425249169435,0.0314119601328903,0.0,0.0,0.0,0.0018737541528239,0.1190365448504983,0.0122225913621262,0.0191794019933554
2015-04-02 12:00:00,1.4504900662251654,0.001864238410596,0.016523178807947,0.0,0.0,0.0,0.0018907284768211,0.1167715231788079,0.012228476821192,0.0192218543046357
2015-04-02 13:00:00,1.6049437086092715,0.0150033112582781,0.011751655629139,0.0,0.0,0.0,0.001774834437086,0.0681258278145695,0.0122483443708609,0.0191258278145695
2015-04-02 14:00:00,1.2809331103678931,0.0186454849498327,0.0225451505016722,0.0,0.0,0.0,0.0018595317725752,0.0210702341137123,0.0121939799331103,0.0121036789297658
2015-04-02 15:00:00,0.8870166666666667,0.00535,0.0231566666666666,0.0,0.0,0.0,0.0018733333333333,0.0,0.0122033333333333,0.0
2015-04-02 16:00:00,0.6276084337349398,0.0097048192771084,0.0268734939759036,0.0,0.0,0.0,0.0017801204819277,0.0,0.0122710843373493,0.0
2015-04-02 17:00:00,0.3366525096525096,0.0196428571428571,0.0022200772200772,0.0,0.0,0.0,0.0018243243243243,0.0,0.0122316602316602,0.0
2015-04-02 18:00:00,0.1697461240310077,0.0004011627906976,0.0263624031007751,0.0,0.0,0.0,0.0017790697674418,0.0,0.0122170542635658,0.0
2015-04-02 19:00:00,0.196891472868217,0.0151860465116279,0.0253643410852713,0.0,0.0,0.0,0.0017364341085271,0.0,0.0121763565891472,0.0
2015-04-02 20:00:00,0.4153798449612403,0.0156201550387596,0.0,0.0,0.0,0.0,0.0017713178294573,0.2381085271317829,0.0122131782945736,0.0
2015-04-02 21:00:00,0.3065116279069767,0.0080387596899224,0.0255581395348837,0.0,0.0,0.0,0.0018255813953488,0.073,0.012218992248062,0.0
2015-04-02 22:00:00,0.3614613899613899,0.0113223938223938,0.0232355212355212,0.0,0.0,0.0,0.0018648648648648,0.0856795366795366,0.0122567567567567,0.0072355212355212
2015-04-02 23:00:00,0.1876544401544401,0.0161486486486486,0.0228436293436293,0.0,0.0,0.0,0.0019015444015444,0.0,0.0122374517374517,0.0
2015-04-03 00:00:00,0.1966011560693641,0.010038535645472,0.0,0.0,0.0,0.0,0.0018593448940269,0.0410905587668593,0.0122851637764932,0.013504816955684
2015-04-03 01:00:00,0.5084598930481283,0.007566844919786,0.0310267379679144,0.0,0.0,0.0,0.001735294117647,0.2894251336898396,0.0122620320855614,0.0002058823529411
2015-04-03 02:00:00,,,,,,,,,,
2015-04-03 03:00:00,,,,,,,,,,
2015-04-03 04:00:00,,,,,,,,,,
2015-04-03 05:00:00,,,,,,,,,,
2015-04-03 06:00:00,,,,,,,,,,
2015-04-03 07:00:00,,,,,,,,,,
2015-04-03 08:00:00,,,,,,,,,,
2015-04-03 09:00:00,,,,,,,,,,
2015-04-03 10:00:00,,,,,,,,,,
2015-04-03 11:00:00,,,,,,,,,,
2015-04-03 12:00:00,,,,,,,,,,
2015-04-03 13:00:00,,,,,,,,,,
2015-04-03 14:00:00,,,,,,,,,,
2015-04-03 15:00:00,,,,,,,,,,
2015-04-03 16:00:00,,,,,,,,,,
2015-04-03 17:00:00,,,,,,,,,,
2015-04-03 18:00:00,,,,,,,,,,
2015-04-03 19:00:00,,,,,,,,,,
2015-04-03 20:00:00,,,,,,,,,,
2015-04-03 21:00:00,,,,,,,,,,
2015-04-03 22:00:00,,,,,,,,,,
2015-04-03 23:00:00,,,,,,,,,,
2015-04-04 00:00:00,,,,,,,,,,
2015-04-04 01:00:00,,,,,,,,,,
2015-04-04 02:00:00,,,,,,,,,,
2015-04-04 03:00:00,,,,,,,,,,
2015-04-04 04:00:00,,,,,,,,,,
2015-04-04 05:00:00,,,,,,,,,,
2015-04-04 06:00:00,,,,,,,,,,
2015-04-04 07:00:00,,,,,,,,,,
2015-04-04 08:00:00,,,,,,,,,,
2015-04-04 09:00:00,,,,,,,,,,
2015-04-04 10:00:00,,,,,,,,,,
2015-04-04 11:00:00,,,,,,,,,,
2015-04-04 12:00:00,,,,,,,,,,
2015-04-04 13:00:00,,,,,,,,,,
2015-04-04 14:00:00,,,,,,,,,,
2015-04-04 15:00:00,,,,,,,,,,
2015-04-04 16:00:00,,,,,,,,,,
2015-04-04 17:00:00,,,,,,,,,,
2015-04-04 18:00:00,,,,,,,,,,
2015-04-04 19:00:00,,,,,,,,,,
2015-04-04 20:00:00,,,,,,,,,,
2015-04-04 21:00:00,,,,,,,,,,
2015-04-04 22:00:00,,,,,,,,,,
2015-04-04 23:00:00,,,,,,,,,,
2015-04-05 00:00:00,,,,,,,,,,
