time,main,fridge-freezer,appliance2,appliance3,computer_site,microwave,kettle
2014-06-04 00:00:00,0.15294,0.0517349999999999,0.0047716666666666,0.001,0.0,6.666666666666668e-06,0.0
2014-06-04 01:00:00,0.14326,0.0,0.0051216666666666,0.001,0.0,0.0,0.0
2014-06-04 02:00:00,0.1566416666666666,0.0496533333333333,0.0092916666666666,0.001,0.0,0.0,0.0
2014-06-04 03:00:00,0.14676,0.0167666666666666,0.0047983333333333,0.001,0.0,0.0,0.0
2014-06-04 04:00:00,0.1455566666666666,0.03292,0.004755,0.001,0.0,0.0,0.0
2014-06-04 05:00:00,0.3422433333333333,0.0343583333333333,0.0330683333333333,0.001,0.152625,0.0,0.0
2014-06-04 06:00:00,0.4352136894824708,0.014338898163606,0.004939899833055,0.001,0.0,0.0,0.0
2014-06-04 07:00:00,0.4844816666666667,0.0527466666666666,0.0047366666666666,0.001,0.1010283333333333,0.0,0.0
2014-06-04 08:00:00,0.137585,0.0,0.0047966666666666,0.001,0.0,0.0,0.0
2014-06-04 09:00:00,0.1471483333333333,0.04638,0.0048049999999999,0.0010016666666666,0.0,0.0,0.0
2014-06-04 10:00:00,0.142745,0.0222816666666666,0.0048166666666666,0.001,0.0,0.0,0.0
2014-06-04 11:00:00,0.5836766666666666,0.0243383333333333,0.0048183333333333,0.001,0.12223,0.0,0.0
2014-06-04 12:00:00,0.219150084317032,0.0438212478920742,0.018787521079258,0.0565632377740303,0.0,0.0,0.0
2014-06-04 13:00:00,0.2560806722689075,0.0102974789915966,0.1565663865546218,0.001,0.0,0.0,0.0
2014-06-04 14:00:00,0.4262866666666667,0.0375933333333333,0.1394166666666666,0.001,0.0,0.0,0.0
2014-06-04 15:00:00,0.282,0.04969,0.0477816666666666,0.001,0.090415,0.0,0.0
2014-06-04 16:00:00,0.1745416666666666,0.0425933333333333,0.0365616666666666,0.001,0.0,0.0,0.0
2014-06-04 17:00:00,0.3697354409317804,0.0331247920133111,0.1100183028286189,0.001,0.1338851913477537,0.0,0.0
2014-06-04 18:00:00,0.28824,0.0112383333333333,0.1893616666666666,0.001,0.0,0.0,0.0
2014-06-04 19:00:00,0.2552649999999999,0.04295,0.1137933333333333,0.001,0.0,0.0,0.0
2014-06-04 20:00:00,0.3045738255033557,0.030239932885906,0.063726510067114,0.001,0.0,0.0,0.0
2014-06-04 21:00:00,0.3081277310924369,0.0124134453781512,0.1835512605042016,0.001,0.0,0.0,0.0
2014-06-04 22:00:00,0.2784433333333333,0.042755,0.141785,0.0010016666666666,0.0,0.0,0.0
2014-06-04 23:00:00,0.1542306368330464,0.0030843373493975,0.0226471600688468,0.001,0.0,0.0,0.0
2014-06-05 00:00:00,0.1622906574394463,0.0428321799307958,0.0227179930795847,0.001,0.0,0.0,0.0
2014-06-05 01:00:00,0.1448531468531468,0.0185944055944055,0.0059300699300699,0.0010017482517482,0.0,0.0,0.0
2014-06-05 02:00:00,0.148761658031088,0.0269067357512953,0.009321243523316,0.001,0.0,0.0,0.0
2014-06-05 03:00:00,0.1473823008849557,0.0401964601769911,0.0048371681415929,0.001,0.0,0.0,0.0
2014-06-05 04:00:00,0.2730940170940171,0.0573709401709401,0.0455230769230769,0.001,0.1327230769230769,0.0,0.0
2014-06-05 05:00:00,0.3234199655765921,0.0421927710843373,0.0919741824440619,0.001,0.0541669535283993,0.0,0.0
2014-06-05 06:00:00,0.5111349480968858,0.0253615916955017,0.0050640138408304,0.001,0.1135588235294117,0.0,0.0
2014-06-05 07:00:00,0.744708041958042,0.0164510489510489,0.0048444055944055,0.001,0.0,0.0,0.0
2014-06-05 08:00:00,0.5523410714285715,0.04485,0.0048142857142857,0.0010035714285714,0.0,0.0,0.0
2014-06-05 09:00:00,0.2033487544483986,0.0,0.0048345195729537,0.001,0.0,0.0,0.0
2014-06-05 10:00:00,0.1473232142857142,0.0444160714285714,0.0047857142857142,0.001,0.0,0.0,0.0
2014-06-05 11:00:00,0.4895580985915493,0.0082799295774647,0.0871619718309859,0.0525052816901408,0.1418345070422535,0.0791760563380281,0.0
2014-06-05 12:00:00,0.2463181019332161,0.0385606326889279,0.1198611599297012,0.001,0.0,0.0,0.0
2014-06-05 13:00:00,0.2079812286689419,0.0322645051194539,0.0050238907849829,0.0612508532423208,0.0,0.0,0.0
2014-06-05 14:00:00,0.1471963394342762,0.0168236272878535,0.0047703826955074,0.001,0.0,0.0,0.0
2014-06-05 15:00:00,0.2787512520868113,0.0485375626043405,0.0047762938230383,0.0010367278797996,0.1274190317195325,0.0,0.0
2014-06-05 16:00:00,0.2386143572621035,3.3388981636060096e-05,0.004779632721202,0.0011068447412353,0.0987362270450751,0.0,0.0
2014-06-05 17:00:00,0.22899,0.0474933333333333,0.0047216666666666,0.001,0.0333866666666666,0.0,0.0
2014-06-05 18:00:00,0.3402747068676717,0.0263919597989949,0.0047537688442211,0.001,0.1050536013400335,0.0,0.0
2014-06-05 19:00:00,0.7070042553191489,0.0348595744680851,0.0972,0.0954468085106382,0.0,0.0,0.0
2014-06-05 20:00:00,0.6352979515828677,0.0427355679702048,0.113534450651769,0.001,0.0,0.0,0.0
2014-06-05 21:00:00,0.2837627118644067,0.0031393596986817,0.1741600753295668,0.0010018832391713,0.0,0.0,0.0
2014-06-05 22:00:00,0.1624474123539232,0.0437662771285475,0.0196210350584307,0.001,0.0,0.0,0.0
2014-06-05 23:00:00,0.1603055091819699,0.0352687813021702,0.0221051752921535,0.001,0.0,0.0,0.0
2014-06-06 00:00:00,0.148128762541806,0.0118846153846153,0.0123745819397993,0.001,0.0,0.0,0.0
2014-06-06 01:00:00,0.1495100671140939,0.0445184563758389,0.0051493288590604,0.001,0.0,0.0,0.0
2014-06-06 02:00:00,0.1423535353535353,0.0,0.0093821548821548,0.0010016835016835,0.0,0.0,0.0
2014-06-06 03:00:00,0.14572,0.0431833333333333,0.00483,0.001,0.0,0.0,0.0
2014-06-06 04:00:00,0.3031966666666666,0.0001,0.0333366666666666,0.001,0.1571616666666666,0.0,0.0
2014-06-06 05:00:00,0.2550506756756757,0.0412719594594594,0.0807483108108108,0.001,0.0,0.0,0.0
2014-06-06 06:00:00,1.3820100502512562,0.0324556113902847,0.0049932998324958,0.001,0.0840083752093802,0.0171021775544388,0.0
2014-06-06 07:00:00,1.4867,0.0222683333333333,0.0048,0.001,0.0,0.0367183333333333,0.0
2014-06-06 08:00:00,0.622641414141414,0.0434814814814814,0.0048350168350168,0.0010016835016835,0.0,0.0,0.0
2014-06-06 09:00:00,0.1411049999999999,0.0,0.004825,0.0010016666666666,0.0,0.0,0.0
2014-06-06 10:00:00,0.1494047217537942,0.0445311973018549,0.0048381112984822,0.0010016863406408,0.0,0.0,0.0
2014-06-06 11:00:00,0.3733125,0.0330658783783783,0.0858412162162162,0.0010050675675675,0.1569239864864864,0.0,0.0
2014-06-06 12:00:00,0.1719090909090909,0.0211498316498316,0.0448417508417508,0.001,0.0,0.0,0.0
2014-06-06 13:00:00,0.1790262237762238,0.0437482517482517,0.0448741258741258,0.001,0.0,0.0,0.0
2014-06-06 14:00:00,0.3523675675675675,0.0315819819819819,0.0448882882882882,0.001,0.0,0.0,0.0
2014-06-06 15:00:00,0.3461691176470588,0.0237481617647058,0.0345827205882353,0.001,0.0953566176470588,0.0,0.0
2014-06-06 16:00:00,0.2222212389380531,0.0415699115044247,0.0765787610619469,0.0061256637168141,0.0,0.0,0.0
2014-06-06 17:00:00,0.154713028169014,0.0449084507042253,0.0049172535211267,0.0010017605633802,0.0,0.0,0.0063855633802816
2014-06-06 18:00:00,0.1395053380782918,0.0034128113879003,0.0047526690391459,0.001,0.0,0.0,0.0006370106761565
2014-06-06 19:00:00,0.1468910714285714,0.0401642857142857,0.0047553571428571,0.001,0.0,0.0,0.0
2014-06-06 20:00:00,0.1473007117437722,0.0444234875444839,0.0047864768683274,0.001,0.0,0.0,0.0
2014-06-06 21:00:00,0.1867060869565217,0.0,0.0580069565217391,0.001,0.0,0.0,0.0
2014-06-06 22:00:00,0.1949965753424657,0.0435445205479452,0.0386763698630137,0.001,0.0175342465753424,0.0,0.0
2014-06-06 23:00:00,0.1469949152542373,0.0324864406779661,0.0047627118644067,0.001,0.0001627118644067,0.0,0.0
2014-06-07 00:00:00,0.1410788590604026,0.0117634228187919,0.0047902684563758,0.001,0.0,0.0,0.0
2014-06-07 01:00:00,0.1468232323232323,0.0436885521885521,0.0050993265993265,0.001,0.0,0.0,0.0
2014-06-07 02:00:00,0.1440639032815198,0.0100984455958549,0.0093886010362694,0.001,8.981001727115717e-05,0.0,0.0
2014-06-07 03:00:00,0.1442946273830156,0.0347348353552859,0.0048145580589254,0.001,0.0,0.0,0.0
2014-06-07 04:00:00,0.1467559726962457,0.0398054607508532,0.0048378839590443,0.001,0.0,0.0,0.0
2014-06-07 05:00:00,0.2073424190800681,0.0053560477001703,0.0048109028960817,0.001,0.0634770017035775,0.0,0.0
2014-06-07 06:00:00,0.4386696428571428,0.0619017857142857,0.088984375,0.001,0.1510491071428571,0.0275625,0.0
2014-06-07 07:00:00,1.5489485981308413,0.0726869158878504,0.0145140186915887,0.001,0.1721635514018691,0.0,0.0
2014-06-07 08:00:00,0.8435262267343486,0.04048730964467,0.0191252115059221,0.001,0.0,0.0,0.0
2014-06-07 09:00:00,0.1501475694444444,0.0380833333333333,0.0191232638888888,0.001,0.0,0.0,0.0
2014-06-07 10:00:00,0.3729945454545454,0.0618563636363636,0.1185945454545454,0.001,0.0913818181818181,0.0,0.0199418181818181
2014-06-07 11:00:00,0.4452426850258175,0.0287814113597246,0.1840292598967297,0.001,0.047249569707401,0.0,0.0004182444061962
2014-06-07 12:00:00,0.2977710196779964,0.0236511627906976,0.1876332737030411,0.001,0.0,0.0,0.0
2014-06-07 13:00:00,0.4085351351351351,0.044009009009009,0.1862234234234234,0.001,0.1123099099099099,0.0,0.0
2014-06-07 14:00:00,0.3114187725631769,0.0411768953068592,0.1918212996389891,0.001,0.0,0.0,0.0
2014-06-07 15:00:00,0.2085425330812854,0.0065368620037807,0.0915538752362949,0.001,0.0,0.0,0.0
2014-06-07 16:00:00,0.2927697594501718,0.0472938144329896,0.1457628865979381,0.001,0.0,0.0,0.0
2014-06-07 17:00:00,0.3445514834205933,0.0442286212914485,0.1904153577661431,0.001,0.0,0.0,0.0
2014-06-07 18:00:00,1.1087117903930133,0.0263449781659388,0.1595917030567685,0.001004366812227,0.0,0.0,0.0
2014-06-07 19:00:00,0.6262193436960276,0.0285008635578583,0.1113333333333333,0.001006908462867,0.0,0.0,0.0
2014-06-07 20:00:00,0.825417543859649,0.0464473684210526,0.1760666666666666,0.001,0.0,0.0,0.0
2014-06-07 21:00:00,0.3147546848381601,0.0189965928449744,0.179289608177172,0.001,0.0,0.0,0.0
2014-06-07 22:00:00,0.2193667232597623,0.0244804753820033,0.0814261460101867,0.001,0.0,0.0,0.0
2014-06-07 23:00:00,0.1479742268041237,0.0433848797250859,0.0056254295532646,0.001,0.0059381443298969,0.0,0.0
2014-06-08 00:00:00,0.1428200339558573,0.0156977928692699,0.0047724957555178,0.001,0.0,0.0,0.0
2014-06-08 01:00:00,0.1448293918918919,0.0301418918918918,0.0050996621621621,0.001,0.0,0.0,0.0
2014-06-08 02:00:00,0.1502988115449915,0.0455823429541595,0.009220713073005,0.001,0.0,0.0,0.0
2014-06-08 03:00:00,0.1395743944636678,0.0,0.0047750865051903,0.001,0.0,0.0,0.0
2014-06-08 04:00:00,0.1478054145516074,0.0447174280879864,0.0047884940778341,0.001,0.0,0.0,0.0
2014-06-08 05:00:00,0.1524078498293515,0.0309505119453924,0.0047525597269624,0.001,0.0,0.0,0.0
2014-06-08 06:00:00,0.3207845117845118,0.0254343434343434,0.0800084175084175,0.001,0.1280993265993266,0.0,0.0
2014-06-08 07:00:00,0.5412945205479452,0.0326506849315068,0.0123116438356164,0.0027585616438356,0.1277191780821917,0.1197260273972602,0.0
2014-06-08 08:00:00,0.472139455782313,0.0422397959183673,0.0047176870748299,0.001,0.0,0.0,0.0
2014-06-08 09:00:00,0.601219723183391,0.0433771626297577,0.0144429065743944,0.001,0.1155743944636678,0.0,0.0
2014-06-08 10:00:00,0.3305726495726496,0.0,0.0049931623931623,0.001,0.0,0.0,0.0
2014-06-08 11:00:00,0.664560271646859,0.0444889643463497,0.0047657045840407,0.001,0.0,0.0,0.0053667232597623
2014-06-08 12:00:00,0.2967334525939177,0.0456332737030411,0.0648640429338103,0.001,0.0,0.0,0.0350894454382826
2014-06-08 13:00:00,0.2380703259005145,0.0263053173241852,0.0397358490566037,0.001,0.0,0.0,0.0005008576329331
2014-06-08 14:00:00,0.1417875647668393,0.0180051813471502,0.0047823834196891,0.0010017271157167,0.0,0.0,0.0
2014-06-08 15:00:00,0.1473088737201365,0.0444010238907849,0.0047525597269624,0.001,0.0,0.0,0.0
2014-06-08 16:00:00,0.1439965753424657,0.0244760273972602,0.0047106164383561,0.001,0.0,0.0,0.0
2014-06-08 17:00:00,0.1423182608695652,0.0205286956521739,0.0047599999999999,0.001,0.0,0.0,0.0
2014-06-08 18:00:00,0.2822127659574468,0.0420531914893617,0.1563209219858156,0.001,0.0,0.0,0.0
2014-06-08 19:00:00,0.3123874788494077,0.0116988155668358,0.1906717428087986,0.001,0.0,0.0,0.0
2014-06-08 20:00:00,0.2690436241610738,0.0316275167785234,0.1265671140939597,0.001,0.0,0.0,0.0
2014-06-08 21:00:00,0.308798611111111,0.0519618055555555,0.1498489583333333,0.001,0.0,0.0,0.0
2014-06-08 22:00:00,0.1524117647058823,0.0,0.0049490196078431,0.001,0.0,0.0,0.0
2014-06-08 23:00:00,0.1511044176706827,0.0462389558232931,0.0047550200803212,0.001,0.0,0.0,0.0
2014-06-09 00:00:00,0.1475915492957746,0.0291348088531187,0.0047867203219315,0.001,0.0,0.0,0.0
2014-06-09 01:00:00,0.1448861480075901,0.0153263757115749,0.0051480075901328,0.001,0.0,0.0,0.0
2014-06-09 02:00:00,0.152749498997996,0.0484609218436873,0.0093687374749498,0.001,0.0,0.0,0.0
2014-06-09 03:00:00,0.1391254826254826,0.0049073359073359,0.0048127413127413,0.001003861003861,0.0,0.0,0.0
2014-06-09 04:00:00,0.14656,0.04269,0.004828,0.001,0.0,0.0,0.0
2014-06-09 05:00:00,0.6743935969868173,0.0365856873822975,0.0047796610169491,0.001,0.1351468926553672,0.0,0.0
2014-06-09 06:00:00,2.0855444444444444,0.0111666666666666,0.0047462962962962,0.001,0.0,0.0484333333333333,0.0
2014-06-09 07:00:00,0.5394282560706402,0.0593532008830022,0.071812362030905,0.001,0.0,0.0,0.0
2014-06-09 08:00:00,0.2974078014184397,0.0365780141843971,0.0049964539007092,0.001,0.0,0.0,0.0
2014-06-09 09:00:00,0.1416774193548387,0.0412495755517826,0.0047979626485568,0.0010016977928692,0.0,0.0,0.0
2014-06-09 10:00:00,0.1491239242685025,0.1102478485370051,0.0047693631669535,0.001,0.0,0.0,0.0
2014-06-09 11:00:00,0.1522555066079295,0.0166828193832599,0.0048017621145374,0.001,0.0,0.0,0.0
2014-06-09 12:00:00,0.1566552315608919,0.0222332761578044,0.004754716981132,0.001,0.0,0.0,0.0
2014-06-09 13:00:00,0.1487821428571428,0.0460874999999999,0.0047928571428571,0.001,0.0,0.0,0.0
2014-06-09 14:00:00,0.1449159369527145,0.0113747810858143,0.0047583187390542,0.001,0.0,0.0,0.0
2014-06-09 15:00:00,0.2589626334519573,0.0367562277580071,0.0104430604982206,0.001,0.0997366548042704,0.0,0.0
2014-06-09 16:00:00,0.4137561904761904,0.0503790476190476,0.0189809523809523,0.001,0.0,0.0,0.0
2014-06-09 17:00:00,0.4957446393762183,0.0285672514619883,0.0712105263157894,0.0446608187134502,0.0,0.0,0.0
2014-06-09 18:00:00,0.6710356536502546,0.0216179966044142,0.1775042444821731,0.001,0.0,0.0,0.0
2014-06-09 19:00:00,0.8701465968586387,0.0503036649214659,0.1429877835951134,0.001,0.1155270506108202,0.0,0.0
2014-06-09 20:00:00,0.3721481481481482,0.0281399176954732,0.0654115226337448,0.001,0.0,0.0,0.0
2014-06-09 21:00:00,0.2665334608030592,0.0149082217973231,0.1193652007648183,0.001,0.0,0.0,0.0
2014-06-09 22:00:00,0.1533352826510721,0.0447504873294347,0.0048226120857699,0.001,0.0,0.0,0.0
2014-06-09 23:00:00,0.1574476843910806,0.0240068610634648,0.0168250428816466,0.001,0.0,0.0,0.0
2014-06-10 00:00:00,0.149685,0.0222983333333333,0.0092583333333333,0.001,0.0,0.0,0.0
2014-06-10 01:00:00,0.149078231292517,0.0457380952380952,0.0051700680272108,0.001,0.0,0.0,0.0
2014-06-10 02:00:00,0.1441127946127946,0.0044292929292929,0.0092828282828282,0.001,0.0,0.0,0.0
2014-06-10 03:00:00,0.1470117056856187,0.0409013377926421,0.004705685618729,0.001,0.0,0.0,0.0
2014-06-10 04:00:00,0.1485465313028764,0.0424416243654822,0.0047715736040609,0.001,0.0,0.0,0.0
2014-06-10 05:00:00,0.2820731292517006,0.0024081632653061,0.0059710884353741,0.001,0.1325663265306122,0.0,0.0
2014-06-10 06:00:00,0.8744044750430293,0.0448433734939759,0.0288915662650602,0.001,0.074144578313253,0.0,0.0
2014-06-10 07:00:00,0.3277722602739726,0.0403698630136986,0.0047174657534246,0.001,0.0475479452054794,0.0,0.046597602739726
2014-06-10 08:00:00,0.324874363327674,0.0085993208828522,0.0991782682512733,0.001,0.0525959252971137,0.0,0.0368200339558573
2014-06-10 09:00:00,0.297078853046595,0.0384336917562724,0.1037706093189964,0.0010017921146953,0.0464444444444444,0.0,0.0004462365591397
2014-06-10 10:00:00,0.21007,0.042765,0.0049383333333333,0.001,0.0530066666666666,0.0,0.0
2014-06-10 11:00:00,0.2746260575296108,0.0230355329949238,0.0047749576988155,0.0398714043993231,0.0814890016920473,0.0,0.0
2014-06-10 12:00:00,0.1432065404475043,0.0261497418244406,0.0047607573149741,0.001,0.0,0.0,0.0
2014-06-10 13:00:00,0.1472371681415929,0.0439610619469026,0.0047256637168141,0.001,0.0,0.0,0.0
2014-06-10 14:00:00,0.3645917667238422,0.0424065180102915,0.0561372212692967,0.001,0.127156089193825,0.0,0.0
2014-06-10 15:00:00,0.2615966101694915,0.0066610169491525,0.004893220338983,0.001,0.0,0.0,0.0
2014-06-10 16:00:00,0.2248552915766738,0.0569287257019438,0.0942699784017278,0.001,0.0,0.0,0.0
2014-06-10 17:00:00,0.4699701492537313,0.0247889125799573,0.1046993603411513,0.001,0.0,0.0,0.0
2014-06-10 18:00:00,0.8510136452241716,0.0199844054580896,0.0859454191033138,0.001,0.0,0.0,0.0
2014-06-10 19:00:00,0.2012684426229508,0.0310184426229508,0.0286926229508196,0.0010020491803278,0.0,0.0,0.0
2014-06-10 20:00:00,0.4454480968858131,0.0560363321799307,0.1818875432525951,0.001,0.1127993079584775,0.0,0.0
2014-06-10 21:00:00,0.2502831858407079,0.0088318584070796,0.0792230088495575,0.001,0.0,0.0,0.0350212389380531
2014-06-10 22:00:00,0.1498133333333333,0.0394033333333333,0.00501,0.001,0.0,0.0,0.0004233333333333
2014-06-10 23:00:00,0.1519649415692821,0.0440367278797996,0.0047629382303839,0.001,0.0,0.0,0.0
2014-06-11 00:00:00,0.1411354515050167,0.0,0.0047658862876254,0.001,0.0,0.0,0.0
2014-06-11 01:00:00,0.1473233333333333,0.0437566666666666,0.0051633333333333,0.001,0.0,0.0,0.0
2014-06-11 02:00:00,0.1500333333333333,0.0347783333333333,0.00933,0.001,0.0,0.0,0.0
2014-06-11 03:00:00,0.13979,0.0095266666666666,0.0047316666666666,0.001,0.0,0.0,0.0
2014-06-11 04:00:00,0.14776,0.0438683333333333,0.004755,0.001,0.0,0.0,0.0
2014-06-11 05:00:00,0.2927362270450751,0.0078447412353923,0.0047562604340567,0.001,0.1556410684474123,0.0,0.0
2014-06-11 06:00:00,0.663044142614601,0.0371595925297113,0.0047334465195246,0.001,0.0,0.0,0.0
2014-06-11 07:00:00,0.3142270450751252,0.044669449081803,0.0047929883138564,0.001,0.0,0.0,0.0
2014-06-11 08:00:00,0.1386116666666667,0.0,0.0047683333333333,0.001,0.0,0.0,0.0
2014-06-11 09:00:00,0.1476886632825719,0.0441201353637901,0.0047445008460236,0.001,0.0,0.0,0.0
2014-06-11 10:00:00,0.1449366666666666,0.0297133333333333,0.00479,0.001,0.0,0.0,0.0
2014-06-11 11:00:00,0.1410912162162162,0.0145709459459459,0.004741554054054,0.001,0.0,0.0,0.0
2014-06-11 12:00:00,0.32141,0.04389,0.1440283333333333,0.0506466666666666,0.0,0.0,0.0
2014-06-11 13:00:00,0.1815580589254766,0.0289636048526863,0.0470294627383015,0.0010207972270363,0.0,0.0,0.0
2014-06-11 14:00:00,0.1479447236180904,0.0176917922948073,0.0049698492462311,0.001,0.0,0.0,0.0
2014-06-11 15:00:00,0.3435366666666667,0.0506266666666666,0.0874416666666666,0.0010016666666666,0.113615,0.0,0.0
2014-06-11 16:00:00,0.3268962962962963,0.0229388888888888,0.0970055555555555,0.001,0.0983777777777777,0.0,0.0
2014-06-11 17:00:00,0.6283515625,0.0119609375,0.08968359375,0.001,0.0,0.0,0.0
2014-06-11 18:00:00,0.8837145299145298,0.0435880341880341,0.0049709401709401,0.0761675213675213,0.0,0.0701350427350427,0.0117094017094017
2014-06-11 19:00:00,0.7698987108655617,0.050232044198895,0.0047071823204419,0.001,0.1144088397790055,0.0,0.0005395948434622
2014-06-11 20:00:00,0.3335462328767123,0.0145273972602739,0.0046969178082191,0.001,0.0819914383561643,0.0,0.0
2014-06-11 21:00:00,0.3063093922651934,0.030878453038674,0.1250405156537753,0.001,0.0,0.0,0.0
2014-06-11 22:00:00,0.1569478260869565,0.0430330434782608,0.00836,0.001,0.0,0.0,0.0
2014-06-11 23:00:00,0.1555851602023608,0.0153760539629005,0.0209005059021922,0.001,0.0,0.0,0.0
2014-06-12 00:00:00,0.1439144295302013,0.0280939597315436,0.0047734899328859,0.001,0.0,0.0,0.0
2014-06-12 01:00:00,0.1471739130434782,0.0432207357859531,0.0051872909698996,0.001,0.0,0.0,0.0
2014-06-12 02:00:00,0.1423137583892617,0.0017097315436241,0.0092130872483221,0.001,0.0,0.0,0.0
2014-06-12 03:00:00,0.1460838926174496,0.0410251677852349,0.0048154362416107,0.001,0.0,0.0,0.0
2014-06-12 04:00:00,0.1473575042158516,0.0411922428330522,0.0047436762225969,0.001,0.0,0.0,0.0
2014-06-12 05:00:00,0.1545751879699248,0.0058890977443609,0.0046710526315789,0.001,0.0,0.0,0.0
2014-06-12 06:00:00,0.5069915397631134,0.0451167512690355,0.0047106598984771,0.001,0.2265617597292724,0.0,0.0
2014-06-12 07:00:00,0.148609708737864,0.0332873786407767,0.0047553398058252,0.0010368932038834,0.0,0.0,0.0
2014-06-12 08:00:00,0.1388489871086556,0.0019337016574585,0.0047716390423572,0.0010036832412523,0.0,0.0,0.0
2014-06-12 09:00:00,0.147234521575985,0.0414634146341463,0.0047392120075046,0.001,0.0,0.0004803001876172,0.0
2014-06-12 10:00:00,0.1454566037735849,0.0307981132075471,0.0047867924528301,0.001,0.0,0.0,0.0
2014-06-12 11:00:00,0.1411160337552742,0.0147489451476793,0.0047362869198312,0.0010021097046413,0.0,0.0,0.0
2014-06-12 12:00:00,0.14761875,0.0449458333333333,0.0047229166666666,0.001,0.0,0.0,0.0
2014-06-12 13:00:00,0.1455694444444444,0.0120079365079365,0.0047361111111111,0.001,0.0,0.0,0.0
2014-06-12 14:00:00,0.1506819852941176,0.0285073529411764,0.0047205882352941,0.001,0.0,0.0,0.0
2014-06-12 15:00:00,0.6704099821746881,0.053301247771836,0.004729055258467,0.001,0.109361853832442,0.0,0.0336827094474153
2014-06-12 16:00:00,0.7388568329718005,0.0001887201735357,0.0046919739696312,0.001,0.0,0.0,0.0005162689804772
2014-06-12 17:00:00,0.614460396039604,0.0414430693069306,0.1284702970297029,0.001,0.0,0.0,0.0
2014-06-12 18:00:00,1.172147005444646,0.0569782214156079,0.0360617059891107,0.001076225045372,0.0,0.0003484573502722,0.0
2014-06-12 19:00:00,0.7187480916030534,0.0315248091603053,0.0046583969465648,0.001,0.0,0.0,0.0
2014-06-12 20:00:00,0.3313446215139442,0.0127470119521912,0.130601593625498,0.001,0.0,0.0,0.0
2014-06-12 21:00:00,0.3560912863070539,0.043701244813278,0.19,0.0010871369294605,0.0,0.0,0.0
2014-06-12 22:00:00,0.1822737642585551,0.0350247148288973,0.0385817490494296,0.001,0.0,0.0,0.0
2014-06-12 23:00:00,0.1428155893536121,0.0080285171102661,0.0049201520912547,0.001,0.0,0.0,0.0
2014-06-13 00:00:00,0.1476559546313799,0.0444896030245746,0.0047599243856332,0.001,0.0,0.0,0.0
2014-06-13 01:00:00,0.1450956848030019,0.0304971857410881,0.0050994371482176,0.001,0.0,0.0,0.0
2014-06-13 02:00:00,0.1436857142857142,0.0131219047619047,0.0092342857142857,0.0010038095238095,0.0,0.0,0.0
2014-06-13 03:00:00,0.1474874759152215,0.0469325626204239,0.004776493256262,0.001,0.0,0.0,0.0
2014-06-13 04:00:00,0.2823833017077798,0.0185939278937381,0.0682106261859582,0.001,0.0912390891840607,0.0,0.0
2014-06-13 05:00:00,0.3419630350194553,0.0272140077821011,0.080556420233463,0.001,0.1108463035019455,0.0,0.0
2014-06-13 06:00:00,0.7688330170777989,0.0448728652751423,0.0048216318785578,0.001,0.0,0.0,0.0
2014-06-13 07:00:00,0.3342695035460993,0.0318203309692671,0.0537021276595744,0.001,0.0,0.0,0.0
2014-06-13 08:00:00,0.268625,0.0231268382352941,0.1575514705882353,0.001,0.0,0.0,0.0
2014-06-13 09:00:00,0.1681,0.0458377358490566,0.0304962264150943,0.001,0.0,0.0,0.0
2014-06-13 10:00:00,0.1406972860125261,0.0061127348643006,0.0047640918580375,0.001,0.0,0.0,0.0
2014-06-13 11:00:00,0.2587467652495379,0.039815157116451,0.0047689463955637,0.001,0.1124824399260628,0.0,0.0
2014-06-13 12:00:00,0.3929750479846449,0.0519462571976967,0.0047120921305182,0.001,0.0,0.0,0.0
2014-06-13 13:00:00,0.5745534709193246,0.0732739212007504,0.0046754221388367,0.001,0.0,0.0,0.0
2014-06-13 14:00:00,0.1900989399293286,0.0673621908127208,0.0047120141342756,0.001,0.0,0.0,0.0
2014-06-13 15:00:00,0.1553163265306122,0.0545238095238095,0.0047125850340136,0.001,0.009812925170068,0.0,0.0
2014-06-13 16:00:00,0.4232090909090908,0.0476745454545454,0.088710909090909,0.001,0.1998909090909091,0.0,0.0
2014-06-13 17:00:00,0.9553734513274336,0.034046017699115,0.1835699115044247,0.1482106194690265,0.0,0.0,0.0
2014-06-13 18:00:00,0.7179148580968281,0.0197128547579298,0.1759833055091819,0.001,0.0,0.0,0.0
2014-06-13 19:00:00,0.8326437613019891,0.0369566003616636,0.1864828209764918,0.001,0.0,0.0,0.0048336347197106
2014-06-13 20:00:00,0.3045351851851852,0.0435537037037037,0.1697851851851851,0.001,0.0,0.0,0.0
2014-06-13 21:00:00,0.3239040852575488,0.0471989342806394,0.1759360568383658,0.001,0.0,0.0,0.0
2014-06-13 22:00:00,0.2263719165085389,0.0124193548387096,0.1034421252371916,0.0010018975332068,0.0,0.0,0.0
2014-06-13 23:00:00,0.1523745519713261,0.0470286738351254,0.0049731182795698,0.001,0.0,0.0,0.0
2014-06-14 00:00:00,0.1513723608445297,0.044021113243762,0.0047504798464491,0.001,0.0,0.0,0.0
2014-06-14 01:00:00,0.1449906015037594,0.006360902255639,0.0050300751879699,0.001,0.0,0.0,0.0
2014-06-14 02:00:00,0.1516489563567362,0.0391499051233396,0.0094022770398481,0.001,0.0,0.0,0.0
2014-06-14 03:00:00,0.1479272388059701,0.0490970149253731,0.0047817164179104,0.001,0.0,0.0,0.0
2014-06-14 04:00:00,0.1429245283018868,0.0150566037735849,0.0047490566037735,0.001,0.0,0.0,0.0
2014-06-14 05:00:00,0.3413048128342246,0.0310160427807486,0.097789661319073,0.001,0.1170160427807486,0.007301247771836,0.0
2014-06-14 06:00:00,0.4744954954954955,0.0437693693693693,0.1847045045045045,0.001,0.0967891891891891,0.0691477477477477,0.0
2014-06-14 07:00:00,0.4069837728194726,0.0496876267748478,0.0450709939148073,0.001,0.1027241379310344,0.0,0.0
2014-06-14 08:00:00,0.2868641304347826,0.0142282608695652,0.0046847826086956,0.001,0.0,0.0,0.0
2014-06-14 09:00:00,0.4315101010101009,0.0498838383838383,0.1125824915824915,0.001,0.0947070707070707,0.0,0.0
2014-06-14 10:00:00,0.2683190045248868,0.0495565610859728,0.1096674208144796,0.001,0.0,0.0,0.0179004524886877
2014-06-14 11:00:00,0.3552808764940239,0.0479721115537848,0.0049462151394422,0.001,0.0788366533864542,0.0,0.1122290836653386
2014-06-14 12:00:00,0.3449375,0.0361378676470588,0.0047720588235294,0.001,0.0,0.0,0.0558988970588235
2014-06-14 13:00:00,0.3134054054054054,0.0170830115830115,0.0047297297297297,0.001,0.0,0.0,0.0005752895752895
2014-06-14 14:00:00,0.2634075471698113,0.0334716981132075,0.0046924528301886,0.001,0.0,0.0,0.0
2014-06-14 15:00:00,0.7925948275862068,0.0515637931034482,0.1146620689655172,0.001,0.0,0.0,0.0
2014-06-14 16:00:00,0.4671212765957447,0.0533234042553191,0.1888021276595744,0.001,0.1311212765957446,0.0,0.0
2014-06-14 17:00:00,1.1188366666666665,0.0327866666666666,0.1857383333333333,0.28258,0.0,0.0019199999999999,0.0
2014-06-14 18:00:00,0.2832777777777778,0.0169404761904761,0.1805376984126984,0.001,0.0,0.0,0.0
2014-06-14 19:00:00,0.2926672828096118,0.0417264325323475,0.1749408502772643,0.001,0.0,0.0,0.0
2014-06-14 20:00:00,0.4003326572008113,0.0408559837728194,0.175525354969574,0.001,0.1095152129817444,0.0,0.0
2014-06-14 21:00:00,0.320614849187935,0.0207819025522041,0.1641554524361949,0.001,0.0,0.0,0.0
2014-06-14 22:00:00,0.3607543859649122,0.0226741854636591,0.1706466165413533,0.001,0.0,0.0,0.0
2014-06-14 23:00:00,0.1893345935727788,0.0419262759924385,0.0199735349716446,0.001,0.0,0.0,0.0
2014-06-15 00:00:00,0.1559770723104056,0.0359294532627866,0.0047178130511463,0.001,0.0,0.0,0.0
2014-06-15 01:00:00,0.144924670433145,0.0087043314500941,0.0050828625235404,0.001,0.0,0.0,0.0
2014-06-15 02:00:00,0.1536920222634508,0.0442578849721706,0.0093469387755102,0.001,0.0,0.0,0.0
2014-06-15 03:00:00,0.1482741312741312,0.0356119691119691,0.0047084942084942,0.001,0.0,0.0,0.0
2014-06-15 04:00:00,0.1400653846153846,0.0093673076923076,0.0047384615384615,0.001,0.0,0.0,0.0
2014-06-15 05:00:00,0.1737737881508078,0.0444649910233393,0.0047522441651705,0.001,0.0,0.0,0.0
2014-06-15 06:00:00,0.2933698113207547,0.0259603773584905,0.0047094339622641,0.001,0.1498226415094339,0.0,0.0
2014-06-15 07:00:00,0.5209377431906614,0.0179319066147859,0.0047334630350194,0.001,0.0655214007782101,0.0,0.0508326848249027
2014-06-15 08:00:00,0.2390345454545454,0.0427436363636363,0.0047127272727272,0.001,0.0,0.0,0.0212018181818181
2014-06-15 09:00:00,0.1446115241635687,0.0279293680297397,0.0047788104089219,0.001,0.0,0.0,0.0004758364312267
2014-06-15 10:00:00,0.1408165467625899,0.0156097122302158,0.0047068345323741,0.001,0.0,0.0,0.0
2014-06-15 11:00:00,0.1470751748251748,0.0439178321678321,0.0047604895104895,0.001,0.0,0.0,0.0
2014-06-15 12:00:00,0.1382351885098743,0.0,0.0047468581687612,0.001,0.0,0.0,0.0
2014-06-15 13:00:00,0.6233372287145242,0.0458247078464106,0.1352721202003338,0.001,0.0,0.0,0.0
2014-06-15 14:00:00,0.8867764705882353,0.0332857142857142,0.1714504201680672,0.001,0.1532369747899159,0.0,0.0
2014-06-15 15:00:00,0.268278156996587,0.0163651877133105,0.155636518771331,0.001,0.0,0.0,0.0
2014-06-15 16:00:00,0.3238787313432835,0.0446977611940298,0.1636380597014925,0.001,0.0,0.0,0.0
2014-06-15 17:00:00,1.13010405643739,0.0169400352733686,0.1628624338624338,0.1063439153439153,0.0,0.0,0.0
2014-06-15 18:00:00,0.3082828467153284,0.0270255474452554,0.1760456204379562,0.001,0.0,0.0,0.0
2014-06-15 19:00:00,0.3411673728813559,0.0427436440677966,0.1916673728813559,0.001,0.0,0.0,0.0
2014-06-15 20:00:00,0.4730840517241379,0.0197198275862068,0.1793340517241379,0.001,0.1397715517241379,0.0,0.0
2014-06-15 21:00:00,0.2330634615384615,0.0281692307692307,0.085201923076923,0.001,0.0,0.0,0.0
2014-06-15 22:00:00,0.1542133072407045,0.0443072407045009,0.0048806262230919,0.0010019569471624,0.0,0.0,0.0
2014-06-15 23:00:00,0.1445728155339805,0.0094058252427184,0.0047747572815533,0.001,0.0,0.0,0.0
2014-06-16 00:00:00,0.147487037037037,0.0333407407407407,0.0047833333333333,0.001,0.0,0.0,0.0
2014-06-16 01:00:00,0.1478201680672269,0.0449394957983193,0.0050789915966386,0.001,0.0,0.0,0.0
2014-06-16 02:00:00,0.1417383333333333,0.0,0.0093466666666666,0.001,0.0,0.0,0.0
2014-06-16 03:00:00,0.14732,0.0451633333333333,0.00481,0.001,0.0,0.0,0.0
2014-06-16 04:00:00,0.1419405772495755,0.0136044142614601,0.0048013582342954,0.001,0.0,0.0,0.0
2014-06-16 05:00:00,0.3579262981574539,0.0311055276381909,0.0047805695142378,0.001,0.0,0.0,0.0
2014-06-16 06:00:00,1.3202721202003338,0.0432420701168614,0.0047729549248747,0.001,0.1293305509181969,0.0,0.0
2014-06-16 07:00:00,1.5317495798319327,0.0235361344537815,0.0047613445378151,0.001,0.0,0.0017210084033613,0.0
2014-06-16 08:00:00,0.4900919931856899,0.020366269165247,0.0047274275979557,0.001,0.0,0.0,0.0
2014-06-16 09:00:00,0.3656928327645051,0.0432952218430034,0.0047662116040955,0.001,0.0,0.0,0.0
2014-06-16 10:00:00,0.1387155477031802,0.0,0.0047173144876325,0.001,0.0,1.060070671378092e-05,0.0
2014-06-16 11:00:00,0.2741381118881119,0.0481276223776223,0.0112237762237762,0.001,0.1226048951048951,0.0,0.0
2014-06-16 12:00:00,0.2183136915077989,0.0432201039861351,0.0789982668977469,0.001,0.0,0.0,0.0
2014-06-16 13:00:00,0.2167891682785299,0.0511895551257253,0.0615647969052224,0.001,0.0,0.0,0.0
2014-06-16 14:00:00,1.3084834558823528,0.0511268382352941,0.1105036764705882,0.001,0.0,0.0,0.0
2014-06-16 15:00:00,1.873175182481752,0.0432171532846715,0.1538412408759124,0.001,0.0915255474452554,0.0,0.0
2014-06-16 16:00:00,0.4793701067615659,0.0474252669039145,0.0464715302491103,0.001,0.0,0.0,0.0
2014-06-16 17:00:00,0.6944991596638656,0.0353058823529411,0.1952588235294117,0.1578991596638655,0.1524806722689075,0.0,0.0
2014-06-16 18:00:00,0.3599879310344827,0.0322189655172413,0.1739793103448275,0.001,0.0619620689655172,0.0,0.0
2014-06-16 19:00:00,0.3365161839863714,0.0448909710391822,0.1842453151618398,0.001,0.0,0.0,0.0
2014-06-16 20:00:00,0.3114563758389262,0.0271073825503355,0.1765950782997762,0.001,0.0,0.0,0.0
2014-06-16 21:00:00,0.2307029702970297,0.0037960396039603,0.0997584158415841,0.0010039603960396,0.0,0.0,0.0
2014-06-16 22:00:00,0.1491894197952218,0.0464419795221843,0.0049027303754266,0.001,0.0,0.0,0.0
2014-06-16 23:00:00,0.1463698630136986,0.0372243150684931,0.004722602739726,0.001,0.0,0.0,0.0
2014-06-17 00:00:00,0.139050505050505,0.0067845117845117,0.0047525252525252,0.001,0.0,0.0,0.0
2014-06-17 01:00:00,0.1496030927835051,0.0458264604810996,0.0050532646048109,0.001,0.0,0.0,0.0
2014-06-17 02:00:00,0.1444476021314387,0.0141225577264653,0.0093072824156305,0.001,0.0,0.0,0.0
2014-06-17 03:00:00,0.1434868189806678,0.0314727592267135,0.0048383128295254,0.001,0.0,0.0,0.0
2014-06-17 04:00:00,0.146538062283737,0.0409152249134948,0.0048096885813148,0.001,0.0,0.0,0.0
2014-06-17 05:00:00,0.2722156862745097,0.0036666666666666,0.0214260249554367,0.001,0.1167219251336898,0.0,0.0
2014-06-17 06:00:00,0.8106204379562043,0.0441186131386861,0.0050091240875912,0.001,0.0517937956204379,0.0,0.0
2014-06-17 07:00:00,0.2345309734513274,0.025562831858407,0.0048,0.001,0.0,0.0,0.0
2014-06-17 08:00:00,0.1431841155234657,0.0219530685920577,0.0048194945848375,0.001,0.0,0.0,0.0
2014-06-17 09:00:00,0.1478809523809524,0.0446794871794871,0.0048186813186813,0.001,0.0,0.0,0.0
2014-06-17 10:00:00,0.1389222011385199,0.0,0.0048159392789373,0.001,0.0,0.0,0.0
2014-06-17 11:00:00,0.3262026768642447,0.0539024856596558,0.0048279158699808,0.001,0.1519369024856596,0.0,0.0
2014-06-17 12:00:00,0.22652734375,0.018009765625,0.00480859375,0.001,0.0333125,0.0,0.0
2014-06-17 13:00:00,0.1543887775551102,0.0206713426853707,0.004753507014028,0.001,0.0,0.0,0.0
2014-06-17 14:00:00,0.1685162454873646,0.043985559566787,0.0047653429602888,0.001,0.0,0.0,0.0
2014-06-17 15:00:00,0.2232552816901408,0.0019683098591549,0.004769366197183,0.001,0.0724014084507042,0.0,0.0172165492957746
2014-06-17 16:00:00,0.2679945155393053,0.0506709323583181,0.0534095063985374,0.001,0.0848007312614259,0.0,0.0004936014625228
2014-06-17 17:00:00,0.1709719438877755,0.0294629258517034,0.0048597194388777,0.001,0.0,0.0,0.0
2014-06-17 18:00:00,1.1999553191489365,0.0189872340425531,0.0777,0.001,0.0,0.0,0.0059531914893617
2014-06-17 19:00:00,0.8591092278719398,0.0510075329566855,0.1864030131826742,0.0010075329566854,0.0004821092278719,0.0,0.1038173258003766
2014-06-17 20:00:00,0.9903194103194104,0.0435503685503685,0.1873562653562653,0.001004914004914,0.0,0.0,0.109044226044226
2014-06-17 21:00:00,0.4200836909871244,0.013901287553648,0.1685665236051502,0.001,0.0,0.0,0.1087017167381974
2014-06-17 22:00:00,0.3314828973843058,0.0495975855130784,0.0912334004024144,0.001,0.0,0.0,0.0609517102615694
2014-06-17 23:00:00,0.1524656771799628,0.0196400742115027,0.0049016697588126,0.001,0.0,0.0,0.0005640074211502
2014-06-18 00:00:00,0.1478921389396709,0.026981718464351,0.0047824497257769,0.001,0.0,0.0,0.0
2014-06-18 01:00:00,0.1524396226415094,0.0466867924528301,0.0051698113207547,0.0010037735849056,0.0,0.0,0.0
2014-06-18 02:00:00,0.1494633699633699,0.0016410256410256,0.0094212454212454,0.001,0.0,0.0,0.0
2014-06-18 03:00:00,0.1543806104129264,0.0481956912028725,0.0048132854578096,0.001,0.0,0.0,0.0
2014-06-18 04:00:00,0.1424217311233885,0.0,0.0047421731123388,0.001,0.0,0.0,0.0
2014-06-18 05:00:00,0.2834612326043738,0.0461471172962226,0.0047753479125248,0.001,0.1004930417495029,0.0,0.0
2014-06-18 06:00:00,0.3269371534195933,0.031358595194085,0.0047781885397412,0.001,0.0623789279112754,0.0,0.0
2014-06-18 07:00:00,0.215473786407767,0.0173514563106796,0.0047281553398058,0.001,0.0,0.0,0.0
2014-06-18 08:00:00,0.2508313953488372,0.0478255813953488,0.0047403100775193,0.001,0.1088197674418604,0.0,0.0
2014-06-18 09:00:00,0.161025974025974,8.348794063079778e-05,0.0047588126159554,0.001,0.0108831168831168,0.0,0.0
2014-06-18 10:00:00,0.2339032258064516,0.0473763440860215,0.0047419354838709,0.001,0.0,0.0,0.0
2014-06-18 11:00:00,0.3327232323232323,0.0284585858585858,0.0197393939393939,0.001,0.1210262626262626,0.0,0.0
2014-06-18 12:00:00,0.2509981818181818,0.0274018181818181,0.1022218181818181,0.0010018181818181,0.0,0.0,0.0
2014-06-18 13:00:00,0.1709245283018867,0.0501150943396226,0.0049981132075471,0.001,0.0,0.0,0.0
2014-06-18 14:00:00,0.8251163636363636,0.0153072727272727,0.097730909090909,0.001,0.0,0.0,0.0
2014-06-18 15:00:00,0.304563829787234,0.0396205673758865,0.0119663120567375,0.001,0.1086702127659574,0.0,0.0
2014-06-18 16:00:00,0.2187562277580071,0.0512135231316725,0.0311174377224199,0.001,0.0,0.0,0.0
2014-06-18 17:00:00,0.1520328151986183,0.0001036269430051,0.0048998272884283,0.001,0.0,0.0,0.0
2014-06-18 18:00:00,1.0375741088180113,0.0432251407129455,0.1127786116322701,0.2695121951219512,0.0,0.0,0.0084709193245778
2014-06-18 19:00:00,0.3166594982078853,0.0508602150537634,0.1894175627240143,0.001,0.0,0.0,0.0
2014-06-18 20:00:00,0.2939467140319716,0.0,0.1872930728241563,0.001,0.0,0.0,0.0
2014-06-18 21:00:00,0.443941947565543,0.0484794007490636,0.177440074906367,0.0134119850187265,0.0,0.0,0.1023614232209737
2014-06-18 22:00:00,0.1608970331588132,0.0298638743455497,0.0227225130890052,0.001001745200698,0.0,0.0,0.0005305410122164
2014-06-18 23:00:00,0.1467743682310469,0.0206173285198555,0.0094819494584837,0.001,0.0,0.0,0.0
2014-06-19 00:00:00,0.1493390476190476,0.0501771428571428,0.0047295238095238,0.001,0.0,0.0,0.0
2014-06-19 01:00:00,0.1399847328244274,0.0,0.0051660305343511,0.001,0.0,0.0,0.0
2014-06-19 02:00:00,0.1531138059701492,0.0502444029850746,0.0093694029850746,0.001,0.0,0.0,0.0
2014-06-19 03:00:00,0.1441539923954372,0.0072661596958174,0.0047186311787072,0.001,0.0,0.0,0.0
2014-06-19 04:00:00,0.1439257246376811,0.0302898550724637,0.0047463768115942,0.001,0.0,0.0,0.0
2014-06-19 05:00:00,0.458498031496063,0.0481811023622047,0.004759842519685,0.001,0.1538996062992126,0.0,0.0
2014-06-19 06:00:00,0.6859279112754159,0.0144343807763401,0.0047597042513863,0.001,0.0,0.0,0.0
2014-06-19 07:00:00,1.2477124542124542,0.0726794871794871,0.0046886446886446,0.0010201465201465,0.0,0.0,0.0
2014-06-19 08:00:00,0.1440188356164383,0.0655,0.0047414383561643,0.001,0.0,0.0,0.0
2014-06-19 09:00:00,0.1462942206654991,0.0323940455341506,0.0047653239929947,0.0010035026269702,0.0,0.0,0.0
2014-06-19 10:00:00,0.1504904013961605,0.0651588132635253,0.0047382198952879,0.001,0.0,0.0,0.0
2014-06-19 11:00:00,0.2442743362831858,0.0208097345132743,0.0872743362831858,0.001,0.0,0.0,0.0
2014-06-19 12:00:00,0.735058201058201,0.0445044091710758,0.005010582010582,0.001,0.0,0.0,0.0
2014-06-19 13:00:00,0.2352303571428571,0.0361107142857142,0.0047410714285714,0.001,0.0,0.0,0.0
2014-06-19 14:00:00,0.1516060606060606,0.0138110516934046,0.0047718360071301,0.001,0.0004527629233511,0.0,0.0
2014-06-19 15:00:00,0.2088391608391608,0.0490646853146853,0.0047797202797202,0.001,0.0,0.0,0.0
2014-06-19 16:00:00,1.3581360424028268,0.019964664310954,0.0744628975265017,0.001,0.0,0.0,0.0
2014-06-19 17:00:00,0.457651865008881,0.0352859680284191,0.1354440497335701,0.001,0.0,0.0,0.0
2014-06-19 18:00:00,0.3309859649122806,0.047559649122807,0.0195754385964912,0.0381614035087719,0.0,0.0,0.0
2014-06-19 19:00:00,0.1575055350553505,0.0110774907749077,0.0067066420664206,0.001,0.0,0.0,0.0
2014-06-19 20:00:00,0.2367661870503597,0.0355611510791366,0.0995755395683453,0.001,0.0,0.0,0.0
2014-06-19 21:00:00,0.3034073426573426,0.0423356643356643,0.1822395104895104,0.001,0.0,0.0,0.0
2014-06-19 22:00:00,0.1634162348877375,0.0050604490500863,0.0311796200345423,0.0010017271157167,0.0,0.0,0.0
2014-06-19 23:00:00,0.1485288966725043,0.048938704028021,0.0047478108581436,0.001,0.0,0.0,0.0
2014-06-20 00:00:00,0.1389151943462897,0.0,0.0047208480565371,0.001,0.0,0.0,0.0
2014-06-20 01:00:00,0.1499785330948121,0.0480339892665474,0.0051663685152057,0.001,0.0,0.0,0.0
2014-06-20 02:00:00,0.146632582322357,0.0189722703639514,0.0094644714038128,0.001,0.0,0.0,0.0
2014-06-20 03:00:00,0.1438712522045855,0.0285291005291005,0.004758377425044,0.001,0.0,0.0,0.0
2014-06-20 04:00:00,0.14665820642978,0.035580372250423,0.0047732656514382,0.001,0.0,0.0,0.0
2014-06-20 05:00:00,0.335265625,0.01278125,0.0046979166666666,0.001,0.1660677083333333,0.0,0.0189739583333333
2014-06-20 06:00:00,0.3401893805309734,0.0498424778761062,0.0047823008849557,0.001,0.0745575221238938,0.0,0.0006407079646017
2014-06-20 07:00:00,0.1395847619047619,5.333333333333334e-05,0.0047638095238095,0.001,0.0,0.0,0.0
2014-06-20 08:00:00,0.1488684210526316,0.0444736842105263,0.0047913533834586,0.001,0.0,0.0,0.0
2014-06-20 09:00:00,0.1422220309810671,0.0134027538726333,0.0047521514629948,0.0010017211703958,0.0,0.0,0.0
2014-06-20 10:00:00,0.1462873949579832,0.0359596638655462,0.004763025210084,0.001,0.0,0.0,0.0
2014-06-20 11:00:00,0.1473438016528925,0.0320545454545454,0.0047471074380165,0.001,0.0,0.0,0.0
2014-06-20 12:00:00,0.1427437185929648,0.0212361809045226,0.0047721943048576,0.001003350083752,0.0,0.0,0.0
2014-06-20 13:00:00,0.1491686541737649,0.0496831345826235,0.0047529812606473,0.001,0.0,0.0,0.0
2014-06-20 14:00:00,0.1487066666666666,0.0,0.0047266666666666,0.001,0.0,0.0,0.0
2014-06-20 15:00:00,0.871015,0.05035,0.0047233333333333,0.001,0.0,0.0,0.0
2014-06-20 16:00:00,0.4108616666666667,0.0305483333333333,0.0046783333333333,0.001,0.0,0.0,0.0455033333333333
2014-06-20 17:00:00,0.385535,0.0275383333333333,0.042565,0.0347233333333333,0.0,0.0,0.00534
2014-06-20 18:00:00,0.5320066666666666,0.04758,0.004995,0.001,0.0,0.0,0.00051
2014-06-20 19:00:00,0.5582383333333334,0.042105,0.0047033333333333,0.001,0.0,0.0,0.0
2014-06-20 20:00:00,0.1491252086811352,0.0071953255425709,0.0047312186978297,0.001,0.0,0.0,0.0
2014-06-20 21:00:00,0.2201337907375643,0.0480137221269296,0.0660548885077187,0.001,0.0,0.0,0.0
2014-06-20 22:00:00,0.3141616666666667,0.0159166666666666,0.17019,0.001,0.0,0.0,0.0
2014-06-20 23:00:00,0.26218,0.0335083333333333,0.0897166666666666,0.001,0.0,0.0,0.008625
2014-06-21 00:00:00,0.1580433333333333,0.0462916666666666,0.004925,0.001,0.0,0.0,0.0005383333333333
2014-06-21 01:00:00,0.1495690515806988,0.0030465890183028,0.0051430948419301,0.001,0.0,0.0,0.0
2014-06-21 02:00:00,0.1591502504173622,0.0488547579298831,0.0092420701168614,0.001,0.0,0.0,0.0
2014-06-21 03:00:00,0.1501430948419301,0.0046539101497504,0.0047770382695507,0.001,0.0,0.0,0.0
2014-06-21 04:00:00,0.15552,0.044675,0.0047483333333333,0.001,0.0,0.0,0.0
2014-06-21 05:00:00,0.1536466666666666,0.02903,0.004725,0.001,0.0,0.0,0.0
2014-06-21 06:00:00,0.4522207357859532,0.0214464882943143,0.0968745819397993,0.001,0.1433595317725752,0.0701170568561872,0.0
2014-06-21 07:00:00,0.2292066666666666,0.0507566666666666,0.0048983333333333,0.001,0.0,0.02605,0.030735
2014-06-21 08:00:00,0.8972562396006656,0.0205457570715474,0.0047570715474209,0.001,0.0,0.0,0.0005391014975041
2014-06-21 09:00:00,0.153475,0.0272766666666666,0.00473,0.001,0.0,0.0001066666666666,0.0
2014-06-21 10:00:00,0.15733,0.0483516666666666,0.0047433333333333,0.001,0.00016,0.0,0.0
2014-06-21 11:00:00,0.150485,0.0012233333333333,0.0047366666666666,0.001,0.0,0.0,0.0
2014-06-21 12:00:00,0.1579516666666666,0.050805,0.0047866666666666,0.0010016666666666,0.0,0.0,0.0
2014-06-21 13:00:00,0.1550566666666666,0.0345633333333333,0.0047566666666666,0.0010049999999999,8.333333333333334e-06,0.0,0.0
2014-06-21 14:00:00,0.1559733333333333,0.016075,0.004735,0.001,0.0,0.0,0.0
2014-06-21 15:00:00,0.4899015025041736,0.0575375626043405,0.029220367278798,0.001,0.0,0.0,0.0
2014-06-21 16:00:00,0.7781247892074199,0.0479561551433389,0.0842715008431703,0.001,0.1166205733558178,0.0,0.0
2014-06-21 17:00:00,0.2837254575707155,0.0072911813643926,0.1771181364392678,0.001,0.0,0.0,0.0
2014-06-21 18:00:00,0.3004888507718696,0.0471372212692967,0.1732521440823327,0.001,0.0,0.0,0.0
2014-06-21 19:00:00,0.3027479131886478,0.0456110183639398,0.1773355592654424,0.001,0.0,0.0,0.0
2014-06-21 20:00:00,0.2885066666666666,0.025505,0.1621316666666666,0.001,0.0,0.0,0.0
2014-06-21 21:00:00,0.3035033333333333,0.0214983333333333,0.0838116666666666,0.001,0.0,0.0,0.0562816666666666
2014-06-21 22:00:00,0.1539765886287625,0.0476404682274247,0.0049832775919732,0.001,0.0,0.0,0.0004214046822742
2014-06-21 23:00:00,0.1510836120401337,0.0226571906354515,0.0047357859531772,0.001,0.0,0.0,0.0
2014-06-22 00:00:00,0.15011,0.0255283333333333,0.0047616666666666,0.001,0.0,0.0,0.0
2014-06-22 01:00:00,0.1538866666666666,0.0480933333333333,0.005135,0.001,0.0,0.0,0.0
2014-06-22 02:00:00,0.1506966666666666,0.0,0.0092383333333333,0.001,0.0,0.0,0.0
2014-06-22 03:00:00,0.1542416666666666,0.0496433333333333,0.0047983333333333,0.001,0.0,0.0,0.0
2014-06-22 04:00:00,0.3735366666666667,0.0205933333333333,0.1136183333333333,0.001,0.1452516666666666,0.0,0.0
2014-06-22 05:00:00,0.325163025210084,0.0311529411764705,0.1715310924369748,0.0010050420168067,0.009653781512605,0.0,0.0
2014-06-22 06:00:00,0.26118,0.0471383333333333,0.0139816666666666,0.001,0.0843866666666666,0.0,0.0
2014-06-22 07:00:00,0.6069500000000001,0.0292716666666666,0.0190616666666666,0.001,0.0,0.0,0.0
2014-06-22 08:00:00,0.39864,0.0179016666666666,0.0100683333333333,0.001,0.09472,0.0,0.0
2014-06-22 09:00:00,0.193237061769616,0.0490283806343906,0.0047562604340567,0.001,0.0,0.0319632721202003,0.0
2014-06-22 10:00:00,0.1885387840670859,0.0493438155136268,0.0047274633123689,0.001,0.0,0.0,0.0098322851153039
2014-06-22 11:00:00,0.1713916666666667,0.101935,0.0046866666666666,0.001,0.0,0.0,0.0035083333333333
2014-06-22 12:00:00,0.1624059900166389,0.0667138103161397,0.0047720465890183,0.001,0.0,0.0,0.0
2014-06-22 13:00:00,0.16527,0.0986316666666666,0.004715,0.001,0.0,0.0,0.0
2014-06-22 14:00:00,0.1848602693602693,0.0670892255892255,0.0047037037037037,0.001,0.0,0.0,0.0
2014-06-22 15:00:00,0.34446,0.038665,0.086945,0.1012983333333333,0.0,0.0,0.0
2014-06-22 16:00:00,0.5044342762063228,0.0571680532445923,0.0049783693843594,0.001,0.0,0.0,0.0
2014-06-22 17:00:00,0.362889816360601,0.0662103505843071,0.0046761268781302,0.001,0.0,0.0,0.0
2014-06-22 18:00:00,0.3836283333333333,0.0273516666666666,0.0046916666666666,0.001,0.0,0.0,0.0
2014-06-22 19:00:00,0.2885845070422535,0.0351549295774647,0.1704225352112676,0.001,0.0,0.0,0.0
2014-06-22 20:00:00,0.3237254575707154,0.0603677204658901,0.185026622296173,0.001,0.0,0.0,0.0
2014-06-22 21:00:00,0.2821933333333333,0.0328616666666666,0.163595,0.001,0.0,0.0,0.0
2014-06-22 22:00:00,0.1930266666666666,0.0247733333333333,0.04359,0.001,0.0,0.0,0.0
2014-06-22 23:00:00,0.1578302828618968,0.0574559068219633,0.0047171381031613,0.001,0.0,0.0,0.0
2014-06-23 00:00:00,0.1531033333333333,0.0223783333333333,0.0047133333333333,0.001,0.0,0.0,0.0
2014-06-23 01:00:00,0.153845,0.0357783333333333,0.0050883333333333,0.001,0.0,0.0,0.0
2014-06-23 02:00:00,0.1597291666666666,0.055875,0.0091423611111111,0.001,0.0,0.0,0.0
2014-06-23 03:00:00,0.1492683333333333,0.0004566666666666,0.0047316666666666,0.001,0.0,0.0,0.0
2014-06-23 04:00:00,0.1576465661641541,0.0584991624790619,0.0047386934673366,0.001,0.0,0.0,0.0
2014-06-23 05:00:00,0.3356516666666666,0.0343566666666666,0.0319983333333333,0.001,0.1431349999999999,0.0,0.0
2014-06-23 06:00:00,0.3374823529411765,0.023890756302521,0.0049663865546218,0.001,0.0,0.0,0.0
2014-06-23 07:00:00,1.916289517470882,0.0559966722129783,0.0047886855241264,0.001,0.0,0.0,0.0
2014-06-23 08:00:00,0.4205949579831933,0.0,0.0047159663865546,0.001,0.0,0.0,0.0
2014-06-23 09:00:00,0.339481543624161,0.0560167785234899,0.0047080536912751,0.001,0.0,0.0,0.0
2014-06-23 10:00:00,0.1555135593220339,0.0286389830508474,0.0047084745762711,0.001,0.0,0.0,0.0
2014-06-23 11:00:00,0.2455333333333333,0.03103,0.004755,0.001,0.10087,0.0,0.0
2014-06-23 12:00:00,0.1579388794567063,0.0597792869269949,0.0047130730050933,0.0010033955857385,0.0,0.0,0.0
2014-06-23 13:00:00,0.2051010101010101,0.0256094276094276,0.0419478114478114,0.001,0.0,0.0,0.0
2014-06-23 14:00:00,0.2806365313653136,0.0330535055350553,0.1364612546125461,0.001,0.0,0.0,0.0
2014-06-23 15:00:00,0.1678710801393728,0.0583937282229965,0.0049111498257839,0.001,0.0,0.0,0.0
2014-06-23 16:00:00,0.1492474747474747,0.0003535353535353,0.0047070707070707,0.001,0.0,0.0,0.0
2014-06-23 17:00:00,0.4983076923076923,0.0879765886287625,0.004638795986622,0.001,0.0,0.0969397993311036,0.0
2014-06-23 18:00:00,0.3410930626057529,0.0315296108291032,0.0046565143824027,0.001,0.1044247038917089,0.0,0.0
2014-06-23 19:00:00,0.31159,0.0292183333333333,0.0047483333333333,0.001085,0.0,0.0,0.0116216666666666
2014-06-23 20:00:00,0.8230524475524476,0.0564895104895104,0.004770979020979,0.001,0.0,0.0,0.0354055944055944
2014-06-23 21:00:00,0.4181286449399656,0.0455111492281303,0.0046792452830188,0.001,0.1101337907375643,0.0,0.0774459691252144
2014-06-23 22:00:00,0.2251161616161616,0.0459612794612794,0.0046952861952861,0.001,0.0,0.0,0.068584175084175
2014-06-23 23:00:00,0.1677554806070826,0.0648296795952782,0.0047537942664418,0.001,0.0,0.0,0.0003996627318718
2014-06-24 00:00:00,0.1530550918196995,0.0152387312186978,0.0047278797996661,0.001,0.0,0.0,0.0
2014-06-24 01:00:00,0.1590455311973018,0.0621315345699831,0.0050927487352445,0.001,0.0,0.0,0.0
2014-06-24 02:00:00,0.1601895973154362,0.0459429530201342,0.0092550335570469,0.001,0.0,0.0,0.0
2014-06-24 03:00:00,0.1506124161073825,0.0164412751677852,0.0047634228187919,0.0010016778523489,0.0,0.0,0.0
2014-06-24 04:00:00,0.159044404973357,0.0623374777975133,0.0047744227353463,0.001,0.0,0.0,0.0
2014-06-24 05:00:00,0.2528903436988543,0.0338281505728314,0.0047594108019639,0.001,0.0832078559738134,0.0,0.0
2014-06-24 06:00:00,0.3138552188552189,0.0269949494949494,0.0379377104377104,0.001,0.0097979797979797,0.0254074074074074,0.0
2014-06-24 07:00:00,0.1589151943462897,0.0599151943462897,0.0048710247349823,0.001,0.0,0.0,0.0
2014-06-24 08:00:00,0.153673721340388,0.0277830687830687,0.0047072310405643,0.001,0.0,0.0,0.0
2014-06-24 09:00:00,0.1516850921273032,0.0266063651591289,0.0046750418760469,0.001,0.0,0.0,0.0
2014-06-24 10:00:00,0.1577054794520548,0.0495787671232876,0.0047482876712328,0.0010017123287671,0.0,0.0,0.0
2014-06-24 11:00:00,0.1529137323943662,0.0268996478873239,0.004769366197183,0.0010035211267605,0.0,0.0,0.0
2014-06-24 12:00:00,0.1514601769911504,0.0270442477876106,0.0047451327433628,0.001,0.0,0.0,0.0
2014-06-24 13:00:00,0.1566384892086331,0.0500863309352518,0.00468345323741,0.001,0.0,0.0,0.0
2014-06-24 14:00:00,0.169266550522648,0.0227700348432055,0.004691637630662,0.001,0.0,0.0,0.0
2014-06-24 15:00:00,0.2383496376811594,0.0306612318840579,0.0046648550724637,0.001,0.0852427536231884,0.0,0.0
2014-06-24 16:00:00,0.6646263736263736,0.0498241758241758,0.1723278388278388,0.001,0.0,0.0,0.0
2014-06-24 17:00:00,1.453262118491921,0.0542513464991023,0.0123411131059245,0.001,0.0,0.0,0.0
2014-06-24 18:00:00,0.8632554347826088,0.0233695652173913,0.0046648550724637,0.001,0.0,0.0,0.0036739130434782
2014-06-24 19:00:00,0.3377044917257683,0.0506382978723404,0.0502884160756501,0.001,0.0,0.0,0.0004586288416075
2014-06-24 20:00:00,0.3926211293260473,0.0511074681238615,0.1750892531876138,0.001,0.0,0.0,0.079495446265938
2014-06-24 21:00:00,0.5727147887323943,0.0421390845070422,0.1830827464788732,0.001,0.1145334507042253,0.0,0.1103309859154929
2014-06-24 22:00:00,0.3166813996316759,0.0116445672191528,0.1262173112338858,0.001,0.0,0.0,0.0756206261510128
2014-06-24 23:00:00,0.1554542056074766,0.0466971962616822,0.0050056074766355,0.001,0.0,0.0,0.0006392523364485
2014-06-25 00:00:00,0.1553260473588342,0.0485883424408014,0.0047395264116575,0.001,0.0,0.0,0.0
2014-06-25 01:00:00,0.1503768382352941,0.0085,0.0051525735294117,0.001,0.0,0.0,0.0
2014-06-25 02:00:00,0.1577239488117001,0.0391243144424131,0.0091243144424131,0.001,0.0,0.0,0.0
2014-06-25 03:00:00,0.1552453874538745,0.0483634686346863,0.0047915129151291,0.001,0.0,0.0,0.0
2014-06-25 04:00:00,0.1488287292817679,0.0042265193370165,0.0047771639042357,0.001,0.0,0.0,0.0
2014-06-25 05:00:00,0.3078007518796992,0.0459718045112781,0.045046992481203,0.001,0.1172161654135338,0.0,0.0
2014-06-25 06:00:00,0.3779699812382739,0.0430281425891182,0.0049005628517823,0.001,0.121452157598499,0.0,0.0
2014-06-25 07:00:00,0.4935512367491166,0.0079328621908127,0.0047685512367491,0.001,0.0,0.0,0.0
2014-06-25 08:00:00,0.5818477508650519,0.0470276816608996,0.0047439446366782,0.001,0.0,0.0,0.0
2014-06-25 09:00:00,0.1549188255613126,0.0315647668393782,0.0047737478411053,0.001,0.0,0.0,0.0
2014-06-25 10:00:00,0.1510340715502555,0.0169642248722316,0.0047563884156729,0.001,0.0,0.0,0.0
2014-06-25 11:00:00,0.2287478108581436,0.065970227670753,0.0047530647985989,0.001,0.0908914185639229,0.0,0.0
2014-06-25 12:00:00,0.1517362637362637,0.0133868131868131,0.0047802197802197,0.001,0.0,0.0,0.0
2014-06-25 13:00:00,0.1545302013422818,0.0386325503355704,0.004744966442953,0.001,0.0,0.0,0.0
2014-06-25 14:00:00,0.177822934232715,0.0487504215851602,0.0047504215851602,0.001,0.0,0.0,0.0
2014-06-25 15:00:00,0.1693758389261745,0.0155251677852348,0.0047164429530201,0.001,0.0,0.0,0.014496644295302
2014-06-25 16:00:00,0.1784168096054888,0.0355523156089193,0.0046689536878216,0.001,0.0,0.0,0.0005145797598627
2014-06-25 17:00:00,0.3995737122557726,0.0522255772646536,0.1314138543516873,0.001,0.0,0.0,0.0
2014-06-25 18:00:00,0.2486471698113207,0.0274283018867924,0.1237094339622641,0.001,0.0,0.0,0.0
2014-06-25 19:00:00,0.1526879562043795,0.0255401459854014,0.0049251824817518,0.0010036496350364,0.0,0.0,0.0
2014-06-25 20:00:00,0.1577368421052631,0.0521960072595281,0.0047386569872958,0.001,0.0,0.0,0.0
2014-06-25 21:00:00,0.2253023679417121,0.0237668488160291,0.017127504553734,0.001,0.0,0.0,0.0
2014-06-25 22:00:00,0.2766660079051383,0.0275,0.1350098814229249,0.001,0.0,0.0,0.0
2014-06-25 23:00:00,0.1586558558558558,0.0457567567567567,0.0055531531531531,0.001,0.0,0.0,0.0
2014-06-26 00:00:00,0.1565623869801085,0.0305949367088607,0.0047341772151898,0.001,0.0,0.0,0.0
2014-06-26 01:00:00,0.1534764492753623,0.0276721014492753,0.0049927536231884,0.001,0.0,0.0,0.0
2014-06-26 02:00:00,0.1599892473118279,0.0475806451612903,0.0091917562724014,0.001,0.0,0.0,0.0
2014-06-26 03:00:00,0.150673835125448,0.0035860215053763,0.0047437275985663,0.001,0.0,0.0,0.0
2014-06-26 04:00:00,0.1566463195691202,0.0440628366247755,0.0047217235188509,0.001,0.0,0.0,0.0
2014-06-26 05:00:00,0.2910543293718167,0.0463039049235993,0.0047113752122241,0.001,0.1240577249575551,0.0,0.0
2014-06-26 06:00:00,0.7129949748743719,0.0100703517587939,0.0159128978224455,0.001,5.527638190954774e-05,0.0,0.0
2014-06-26 07:00:00,0.2571285475792988,0.0488781302170283,0.0048864774624373,0.001,0.0,0.0,0.0
2014-06-26 08:00:00,0.1557762938230384,0.0422838063439065,0.004779632721202,0.001,0.0,0.0,0.0
2014-06-26 09:00:00,0.1501346801346801,0.0086397306397306,0.0047525252525252,0.001,0.0,0.0,0.0
2014-06-26 10:00:00,0.156705,0.0476633333333333,0.0047566666666666,0.001,0.0,0.0,0.0
2014-06-26 11:00:00,0.151915,0.0148033333333333,0.0047433333333333,0.001,0.0,0.0,0.0
2014-06-26 12:00:00,0.1539525423728813,0.035393220338983,0.0047322033898305,0.001,0.0,0.0,0.0
2014-06-26 13:00:00,0.3642375886524822,0.0499255319148936,0.1274326241134751,0.0858812056737588,0.0,0.0,0.0
2014-06-26 14:00:00,0.2631641791044776,0.0345223880597014,0.0984328358208955,0.001,0.0,0.0,0.0
2014-06-26 15:00:00,0.4365076660988075,0.0325349233390119,0.0692385008517887,0.001,0.1462606473594548,0.0,0.0
2014-06-26 16:00:00,0.2320780141843971,0.0507251773049645,0.0049556737588652,0.001,0.0809361702127659,0.0,0.001950354609929
2014-06-26 17:00:00,0.1950342465753425,0.0444606164383561,0.0047123287671232,0.001,0.0,0.0,0.0422876712328767
2014-06-26 18:00:00,0.1497183333333333,0.00433,0.0047233333333333,0.001,0.0,0.0,0.000495
2014-06-26 19:00:00,0.1571933333333333,0.0489533333333333,0.0047616666666666,0.00101,0.0,0.0,0.0
2014-06-26 20:00:00,0.4793397212543554,0.0513170731707317,0.1424442508710801,0.0359477351916376,6.968641114982578e-06,0.0,0.0869808362369338
2014-06-26 21:00:00,0.3024983333333333,0.0154533333333333,0.1052049999999999,0.001,0.0,0.0,0.0613699999999999
2014-06-26 22:00:00,0.1561064891846922,0.0334126455906821,0.0057687188019966,0.001,0.0,0.0,0.000440931780366
2014-06-26 23:00:00,0.1561993299832496,0.0475929648241206,0.0047051926298157,0.001,0.0,0.0,0.0
2014-06-27 00:00:00,0.1483211314475873,0.0011198003327787,0.0047088186356073,0.001,0.0,0.0,0.0
2014-06-27 01:00:00,0.1563439065108514,0.0471368948247078,0.0051335559265442,0.001,0.0,0.0,0.0
2014-06-27 02:00:00,0.1583833333333333,0.03834,0.0092733333333333,0.001,0.0,0.0,0.0
2014-06-27 03:00:00,0.1497062937062937,0.0102657342657342,0.0047657342657342,0.001,0.0,0.0,0.0
2014-06-27 04:00:00,0.1559490662139219,0.0478047538200339,0.0047792869269949,0.001,0.0,0.0,0.0
2014-06-27 05:00:00,0.34995,0.0192283333333333,0.0585133333333333,0.001,0.1481183333333333,0.0,0.0
2014-06-27 06:00:00,0.3980450751252086,0.0284323873121869,0.0755776293823038,0.001,0.0858764607679465,0.0,0.0
2014-06-27 07:00:00,0.6303941979522184,0.0625102389078498,0.0049795221843003,0.001,0.0,0.0,0.0
2014-06-27 08:00:00,0.5759246231155779,0.0,0.0047621440536013,0.001,0.0,0.0,0.0
2014-06-27 09:00:00,0.1579204152249134,0.0589446366782006,0.0046920415224913,0.001,0.0,0.0,0.0
2014-06-27 10:00:00,0.1482677304964539,0.0003971631205673,0.0047429078014184,0.0010053191489361,0.0,0.0,0.0
2014-06-27 11:00:00,0.3822808510638298,0.0674617021276595,0.0047659574468085,0.0778723404255319,0.1622063829787234,0.0,0.0
2014-06-27 12:00:00,0.2235474956822107,0.0557530224525043,0.0047564766839378,0.023887737478411,0.0,0.0,0.0
2014-06-27 13:00:00,0.1947309027777777,0.0060642361111111,0.0047777777777777,0.001,0.0,0.0,0.0560486111111111
2014-06-27 14:00:00,0.3960821643286573,0.0417575150300601,0.0059679358717434,0.001002004008016,0.15950501002004,0.0,0.0815250501002004
2014-06-27 15:00:00,0.226577441077441,0.0483619528619528,0.005094276094276,0.001,0.0428080808080808,0.0,0.0192676767676767
2014-06-27 16:00:00,0.1562928452579035,0.009198003327787,0.0095773710482529,0.001,0.0,0.0,0.0001996672212978
2014-06-27 17:00:00,0.2982955974842767,0.0688490566037735,0.0191928721174004,0.001,0.0,0.0,0.0131111111111111
2014-06-27 18:00:00,0.3837089678510998,0.0389509306260575,0.0189390862944162,0.087155668358714,0.0,0.0,0.0004788494077834
2014-06-27 19:00:00,0.2832842809364548,0.0227474916387959,0.1362993311036789,0.001,0.0,0.0,0.0
2014-06-27 20:00:00,0.3364893617021277,0.0537872340425531,0.1891329787234042,0.001,0.0,0.0,0.0
2014-06-27 21:00:00,0.2962932203389831,0.031257627118644,0.1150491525423728,0.001,0.0,0.0,0.0434983050847457
2014-06-27 22:00:00,0.1561335559265442,0.0251051752921535,0.0049849749582637,0.0010016694490818,0.0,0.0,0.0005442404006677
2014-06-27 23:00:00,0.1567316666666666,0.0478866666666666,0.0047366666666666,0.001,0.0,0.0,0.0
2014-06-28 00:00:00,0.1495166666666667,0.0054583333333333,0.0047966666666666,0.001,0.0,0.0,0.0
2014-06-28 01:00:00,0.1567429048414023,0.0552570951585976,0.0051018363939899,0.001,0.0,0.0,0.0
2014-06-28 02:00:00,0.1522079866888519,0.0,0.0093078202995008,0.001,0.0,0.0,0.0
2014-06-28 03:00:00,0.1565285234899329,0.0552768456375838,0.0047869127516778,0.001,0.0,0.0,0.0
2014-06-28 04:00:00,0.1487746243739565,0.0,0.0047662771285475,0.0010016694490818,0.0,0.0,0.0
2014-06-28 05:00:00,0.1776133333333333,0.053545,0.00482,0.001,0.0,0.0,0.0
2014-06-28 06:00:00,0.1475641891891892,0.0,0.0047702702702702,0.001,0.0,0.0,0.0
2014-06-28 07:00:00,0.3167269624573379,0.0565341296928327,0.0047627986348122,0.001,0.1516109215017065,0.0,0.0
2014-06-28 08:00:00,0.7493566666666667,0.0047883333333333,0.0047683333333333,0.001,0.05064,0.0,0.0
2014-06-28 09:00:00,0.3979470085470085,0.0492495726495726,0.0047435897435897,0.001,0.0,0.0,0.0
2014-06-28 10:00:00,0.1501780366056572,0.0079850249584026,0.0047570715474209,0.001,0.0,0.0,0.0
2014-06-28 11:00:00,0.1556160267111853,0.0475175292153589,0.004779632721202,0.001,0.0,0.0,0.0
2014-06-28 12:00:00,0.1496156405990016,0.0030116472545757,0.0048186356073211,0.001,0.0,0.0,0.0
2014-06-28 13:00:00,0.4120784641068448,0.0567996661101836,0.0721903171953255,0.001,0.1055158597662771,0.0,0.0
2014-06-28 14:00:00,0.1541480865224625,0.0,0.004963394342762,0.001,0.0,0.0,0.0
2014-06-28 15:00:00,0.1688480801335559,0.0553005008347245,0.0047529215358931,0.001,0.0,0.0,0.0
2014-06-28 16:00:00,0.14806,0.0,0.004745,0.001,0.0,0.0,0.0
2014-06-28 17:00:00,0.1584083333333333,0.0545716666666666,0.0047966666666666,0.001,0.0,0.0,0.0
2014-06-28 18:00:00,0.5462416666666666,0.0105716666666666,0.0453583333333333,0.001,0.1325166666666666,0.0569416666666666,0.0
2014-06-28 19:00:00,0.3129041095890411,0.0528133561643835,0.1788167808219178,0.001,0.0,0.0,0.0
2014-06-28 20:00:00,0.3414333333333333,0.0071157894736842,0.1727070175438596,0.001,0.0,0.0,0.0
2014-06-28 21:00:00,0.8244624781849913,0.0504415357766143,0.1605636998254799,0.001,0.0,0.0,0.0
2014-06-28 22:00:00,0.6504624373956595,0.0,0.068813021702838,0.001,0.0,0.0,0.0
2014-06-28 23:00:00,0.1618561872909699,0.0544665551839464,0.0050969899665551,0.001,0.0,0.0,0.0
2014-06-29 00:00:00,0.1529883333333333,0.0,0.004785,0.001,0.0,0.0,0.0
2014-06-29 01:00:00,0.161915,0.05546,0.0051416666666666,0.001,0.0,0.0,0.0
2014-06-29 02:00:00,0.160686143572621,0.0,0.0093272120200333,0.001,0.0,0.0,0.0
2014-06-29 03:00:00,0.1630016666666666,0.05391,0.0048049999999999,0.001,0.0,0.0,0.0
2014-06-29 04:00:00,0.1534126455906821,0.0,0.0048186356073211,0.001,0.0,0.0,0.0
2014-06-29 05:00:00,0.16741,0.0386866666666666,0.0048183333333333,0.001,0.0,0.0,0.0
2014-06-29 06:00:00,0.1553517587939698,0.0183082077051926,0.0048056951423785,0.001,0.0,0.0,0.0
2014-06-29 07:00:00,0.4837670549084858,0.0161264559068219,0.0048019966722129,0.001,0.14622462562396,0.0,0.0477071547420965
2014-06-29 08:00:00,0.3578566666666666,0.0434683333333333,0.0047916666666666,0.001,0.079915,0.0,0.1105483333333333
2014-06-29 09:00:00,0.3515692821368948,0.0376260434056761,0.00479632721202,0.001,0.0,0.0472020033388981,0.028719532554257
2014-06-29 10:00:00,0.3192752688172043,0.0207010752688172,0.0047655913978494,0.001,0.148668817204301,0.0,0.0287720430107526
2014-06-29 11:00:00,0.1570665557404326,0.0517371048252911,0.0047803660565723,0.001,3.327787021630616e-06,5.490848585690516e-05,0.0
2014-06-29 12:00:00,0.1493455759599332,0.001787979966611,0.0048030050083472,0.0010016694490818,0.0,0.0,0.0
2014-06-29 13:00:00,0.946070351758794,0.047857621440536,0.0047705192629815,0.001,0.1197688442211055,0.0,0.0
2014-06-29 14:00:00,2.0415297202797205,0.0620244755244755,0.004791958041958,0.001,0.0,0.0,0.0
2014-06-29 15:00:00,1.712404710920771,0.0754047109207708,0.0047387580299785,0.001,0.0,0.0,0.0
2014-06-29 16:00:00,1.168702213279678,0.012963782696177,0.0993199195171026,0.0012112676056338,0.0,0.0,0.0
2014-06-29 17:00:00,0.6982375690607735,0.037305709023941,0.0050073664825046,0.001,0.0,0.0,0.0
2014-06-29 18:00:00,0.2279301164725457,0.0547454242928452,0.004765391014975,0.001,0.0,0.0,0.0
2014-06-29 19:00:00,0.3037239057239057,0.0086548821548821,0.0641851851851851,0.001,0.0612003367003367,0.0,0.0
2014-06-29 20:00:00,0.4563149741824441,0.0450895008605852,0.1899432013769363,0.001,0.0865679862306368,0.0,0.0
2014-06-29 21:00:00,0.3827533333333333,0.035825,0.184595,0.001,0.0,0.0,0.0101883333333333
2014-06-29 22:00:00,0.17826,0.01789,0.0224533333333333,0.0010049999999999,0.0,0.0,0.0
2014-06-29 23:00:00,0.1617483333333333,0.0549583333333333,0.004775,0.001,0.0,0.0,0.0
2014-06-30 00:00:00,0.15175,0.003595,0.00475,0.001,0.0,0.0,0.0
2014-06-30 01:00:00,0.1579314381270903,0.0545602006688963,0.0051622073578595,0.001,0.0,0.0,0.0
2014-06-30 02:00:00,0.153475,0.0,0.0093283333333333,0.001,0.0,0.0,0.0
2014-06-30 03:00:00,0.1575433333333333,0.0522633333333333,0.0047816666666666,0.001,0.0,0.0,0.0
2014-06-30 04:00:00,0.1500883333333333,0.0018283333333333,0.0048066666666666,0.001,0.0,0.0,0.0
2014-06-30 05:00:00,0.2107083333333333,0.0421316666666666,0.004735,0.001,0.0,0.0,0.0
2014-06-30 06:00:00,0.4437898305084745,0.0128677966101694,0.0048016949152542,0.0010016949152542,0.1267457627118644,0.0,0.0
2014-06-30 07:00:00,1.8392534722222225,0.0504201388888888,0.0047447916666666,0.0010486111111111,0.0,0.0,0.0
2014-06-30 08:00:00,0.3678157453936348,0.0046951423785594,0.0047956448911222,0.001,0.0,0.0,0.0
2014-06-30 09:00:00,0.3426290598290598,0.0563931623931623,0.0430188034188034,0.0325521367521367,0.0,0.0,0.0
2014-06-30 10:00:00,0.218750472589792,0.008461247637051,0.091054820415879,0.0010037807183364,0.0,0.0,0.0
2014-06-30 11:00:00,0.3797915742793791,0.0498093126385809,0.0324434589800443,0.0253592017738359,0.1768181818181818,0.0,0.0
2014-06-30 12:00:00,0.2810777777777777,0.0,0.1833259259259259,0.001,0.0,0.0,0.0
2014-06-30 13:00:00,0.2948056603773585,0.056066037735849,0.1608754716981132,0.001,0.0,0.0,0.0
2014-06-30 14:00:00,0.2840596745027124,0.0,0.162884267631103,0.001,0.0,0.0,0.0
2014-06-30 15:00:00,0.3077042253521127,0.0567922535211267,0.1651021126760563,0.001,0.0,0.0,0.0
2014-06-30 16:00:00,0.3180930232558139,0.0042289803220035,0.0735652951699463,0.0500536672629695,0.0,0.0,0.0
2014-06-30 17:00:00,0.1596856649395509,0.0508842832469775,0.0098445595854922,0.001,0.0,0.0,0.0
2014-06-30 18:00:00,0.8790770547945206,0.0353253424657534,0.0221489726027397,0.001,0.0,0.0,0.0
2014-06-30 19:00:00,0.8115380710659899,0.0315837563451776,0.0493384094754653,0.0056395939086294,0.0,0.0,0.0643079526226734
2014-06-30 20:00:00,0.9448116883116884,0.0369978354978354,0.1710909090909091,0.0210324675324675,0.0,0.0,0.1113398268398268
2014-06-30 21:00:00,0.4082800687285223,0.0134810996563573,0.1187302405498281,0.001,0.0,0.0,0.1099175257731958
2014-06-30 22:00:00,0.2119616666666666,0.0596033333333333,0.004885,0.001,0.0,0.0,0.0564416666666666
2014-06-30 23:00:00,0.1568473154362416,0.0045385906040268,0.0047802013422818,0.001,0.0,0.0,0.000494966442953
2014-07-01 00:00:00,0.162135,0.061145,0.0047416666666666,0.001,0.0,0.0,0.0
2014-07-01 01:00:00,0.1506971713810316,0.0,0.0051281198003327,0.001,0.0,0.0,0.0
2014-07-01 02:00:00,0.1617946577629382,0.0593288814691151,0.0092888146911519,0.001,0.0,0.0,0.0
2014-07-01 03:00:00,0.1500616666666666,0.0,0.0047683333333333,0.001,0.0,0.0,0.0
2014-07-01 04:00:00,0.1588033333333333,0.0580866666666666,0.0047966666666666,0.001,0.0,0.0,0.0
2014-07-01 05:00:00,0.3059188712522046,0.0003880070546737,0.0255026455026455,0.001,0.1336384479717813,0.0,0.0
2014-07-01 06:00:00,0.4817985480943739,0.0562214156079854,0.0623067150635208,0.001,0.0,0.0,0.0
2014-07-01 07:00:00,0.538504215851602,0.0,0.0048701517706576,0.001,0.0,0.0,0.0
2014-07-01 08:00:00,0.1573177257525083,0.0561705685618729,0.0048026755852842,0.001,0.0,0.0,0.0
2014-07-01 09:00:00,0.148504159733777,0.0,0.0047404326123128,0.001,0.0,0.0,0.0
2014-07-01 10:00:00,0.15646,0.05622,0.0047433333333333,0.0010033333333333,0.0,0.0,0.0
2014-07-01 11:00:00,0.1484621621621621,0.0,0.0047297297297297,0.001,0.0,0.0,0.0
2014-07-01 12:00:00,0.1528364779874213,0.0404213836477987,0.0047358490566037,0.001,0.0,0.0,0.0
2014-07-01 13:00:00,0.147855,0.0,0.00528,0.001,0.0,0.0,0.0
2014-07-01 14:00:00,0.1891585976627713,0.0571118530884807,0.0223322203672787,0.001,0.0,0.0,0.0
2014-07-01 15:00:00,1.09,0.0090831946755407,0.022153078202995,0.001,0.1027504159733777,0.0,0.0
2014-07-01 16:00:00,1.214705996131528,0.0553984526112185,0.1130328820116054,0.001,0.257605415860735,0.0,0.0051760154738878
2014-07-01 17:00:00,2.183835593220339,0.0338389830508474,0.1912847457627118,0.001,0.0,0.0,0.0038864406779661
2014-07-01 18:00:00,0.4534716666666667,0.06486,0.1596083333333333,0.0010033333333333,0.0,0.0,0.0
2014-07-01 19:00:00,0.385425,0.0515233333333333,0.1555183333333333,0.0010366666666666,0.0945783333333333,0.0,0.0
2014-07-01 20:00:00,0.787986183074266,0.0183333333333333,0.1878462867012089,0.001,0.1132556131260794,0.0,0.0
2014-07-01 21:00:00,0.7815092592592593,0.0595592592592592,0.1895296296296296,0.001,0.0137481481481481,0.0,0.0
2014-07-01 22:00:00,0.33658,0.0367083333333333,0.1021966666666666,0.001,0.0,0.0,0.0
2014-07-01 23:00:00,0.1525366666666666,0.0219983333333333,0.0050133333333333,0.001,0.0,0.0,0.0
2014-07-02 00:00:00,0.1579883333333333,0.05721,0.0047599999999999,0.001,0.0,0.0,0.0
2014-07-02 01:00:00,0.150475,0.0,0.0051216666666666,0.001,0.0,0.0,0.0
2014-07-02 02:00:00,0.1616235294117647,0.0586588235294117,0.0093159663865546,0.001,0.0,0.0,0.0
2014-07-02 03:00:00,0.1524177852348993,0.0151291946308724,0.0047818791946308,0.001,0.0,0.0,0.0
2014-07-02 04:00:00,0.1542778702163061,0.0381930116472545,0.0047703826955074,0.001,0.0,0.0,0.0
2014-07-02 05:00:00,0.43541,0.030345,0.06673,0.001,0.1338833333333333,0.0,0.0
2014-07-02 06:00:00,0.794901192504259,0.0274122657580919,0.0324735945485519,0.001,0.0,0.0,0.0
2014-07-02 07:00:00,0.3901428571428572,0.0481529175050301,0.004702213279678,0.001,0.0,0.0,0.0
2014-07-02 08:00:00,0.1491744966442953,0.0018372483221476,0.0048036912751677,0.001,0.0,0.0,0.0
2014-07-02 09:00:00,0.233750418760469,0.0534070351758794,0.0231524288107202,0.0554740368509212,0.0,0.0,0.0
2014-07-02 10:00:00,0.2574162348877374,0.0365233160621761,0.1230656303972366,0.001,0.0,0.0,0.0
2014-07-02 11:00:00,0.303085141903172,0.0206744574290484,0.1073706176961602,0.0010100166944908,0.0628464106844741,0.0,0.0
2014-07-02 12:00:00,0.1647971014492753,0.0696542443064182,0.0051138716356107,0.001,0.0,0.0,0.0
2014-07-02 13:00:00,0.2625483333333333,0.0087033333333333,0.1564033333333333,0.0010016666666666,0.0,0.0,0.0
2014-07-02 14:00:00,0.4127145242070116,0.0569499165275459,0.0793405676126878,0.0704090150250417,0.0,0.0,0.0
2014-07-02 15:00:00,0.1865647058823529,0.031181512605042,0.0371663865546218,0.001,0.0,0.0,0.0
2014-07-02 16:00:00,0.2472383333333333,0.025765,0.1255366666666666,0.0011016666666666,0.0,0.0,0.0
2014-07-02 17:00:00,0.2010873949579832,0.0556705882352941,0.0048773109243697,0.001,0.0,0.0,0.0223142857142857
2014-07-02 18:00:00,0.6538674496644294,0.0073775167785234,0.0047197986577181,0.0443674496644295,0.0,0.0,0.0
2014-07-02 19:00:00,0.8607566666666666,0.0481083333333333,0.0047066666666666,0.001,0.0,0.0,0.0
2014-07-02 20:00:00,0.1773910034602075,0.032735294117647,0.0047404844290657,0.001,0.0,0.0,0.0
2014-07-02 21:00:00,0.1654882729211087,0.0050895522388059,0.0047505330490405,0.001,0.0,0.0,0.0
2014-07-02 22:00:00,0.1777733333333333,0.0502083333333333,0.00471,0.001,0.0,0.0,0.0
2014-07-02 23:00:00,0.1483799999999999,0.0707316666666666,0.0047633333333333,0.001,0.0,0.0,0.0
2014-07-03 00:00:00,0.1566683333333333,0.0629166666666666,0.0047366666666666,0.001,0.0,0.0,0.0
2014-07-03 01:00:00,0.1486583333333333,0.06538,0.0051516666666666,0.001,0.0,0.0,0.0
2014-07-03 02:00:00,0.1599016666666666,0.0547516666666666,0.00929,0.001,0.0,0.0,0.0
2014-07-03 03:00:00,0.1485191347753743,0.0,0.0047936772046589,0.001,0.0,0.0,0.0
2014-07-03 04:00:00,0.15631,0.0553933333333333,0.004775,0.001,0.0,0.0,0.0
2014-07-03 05:00:00,0.1739849749582637,0.0,0.0047312186978297,0.001,0.0,0.0,0.0
2014-07-03 06:00:00,0.7945570698466781,0.0591925042589437,0.0047376490630323,0.001,0.1490579216354344,0.0,0.0
2014-07-03 07:00:00,0.4946966666666667,0.016605,0.00474,0.001,0.0,0.0,0.0
2014-07-03 08:00:00,0.1536116666666666,0.0372933333333333,0.0047116666666666,0.0010016666666666,0.0,0.0,0.0
2014-07-03 09:00:00,0.1544133333333333,0.0304433333333333,0.004775,0.001,0.0,0.0,0.0
2014-07-03 10:00:00,0.7164940374787053,0.0279829642248722,0.151289608177172,0.001,0.0,0.0222810902896081,0.0
2014-07-03 11:00:00,0.2274682274247491,0.0310936454849498,0.0220418060200668,0.001,0.0,0.0,0.0
2014-07-03 12:00:00,0.2354514767932489,0.0286308016877637,0.0047383966244725,0.001,0.0836308016877637,0.0,0.0
2014-07-03 13:00:00,0.1581828859060402,0.0611275167785234,0.0047030201342281,0.001,0.0,0.0,0.0
2014-07-03 14:00:00,0.2447013422818792,0.0216308724832214,0.0047181208053691,0.001,0.0,0.0,0.0956912751677852
2014-07-03 15:00:00,0.3509766666666667,0.0444383333333333,0.0046933333333333,0.001,0.1611999999999999,0.0,0.0258916666666666
2014-07-03 16:00:00,0.4725790349417637,0.0473893510815307,0.0602529118136439,0.1534425956738768,0.0612495840266223,0.0,0.0052179700499168
2014-07-03 17:00:00,0.2130489795918367,0.012734693877551,0.0723938775510204,0.001,0.0,0.0,0.0
2014-07-03 18:00:00,0.8521515151515151,0.0673535353535353,0.019550505050505,0.001,0.0,0.0,0.0
2014-07-03 19:00:00,0.328631090487239,0.0029095127610208,0.0205243619489559,0.001368909512761,0.0,0.0,0.0
2014-07-03 20:00:00,0.2499551724137931,0.0639431034482758,0.1046344827586207,0.001,0.0,0.0,0.0
2014-07-03 21:00:00,0.3242690355329949,0.0260050761421319,0.1621590524534686,0.0102774957698815,0.0,0.0,0.0
2014-07-03 22:00:00,0.1770566666666666,0.0346516666666666,0.02944,0.001,0.0,0.0,0.0
2014-07-03 23:00:00,0.1549883333333333,0.0426283333333333,0.0047,0.001,0.0,0.0,0.0
2014-07-04 00:00:00,0.150325,0.0180533333333333,0.0047666666666666,0.001,0.0,0.0,0.0
2014-07-04 01:00:00,0.15721,0.0553266666666666,0.0051266666666666,0.001,0.0,0.0,0.0
2014-07-04 02:00:00,0.1516933333333333,0.008505,0.0092699999999999,0.001,0.0,0.0,0.0
2014-07-04 03:00:00,0.157335,0.0603666666666666,0.0047083333333333,0.001,0.0,0.0,0.0
2014-07-04 04:00:00,0.1560335570469798,0.0,0.0047869127516778,0.001,0.0,0.0,0.0
2014-07-04 05:00:00,0.437315,0.0624066666666666,0.0047133333333333,0.0010016666666666,0.150685,0.0284983333333333,0.0482849999999999
2014-07-04 06:00:00,0.4266615905245347,0.0,0.0046937394247038,0.001,0.0,0.0,0.0005008460236886
2014-07-04 07:00:00,0.19475,0.0634383333333333,0.0047599999999999,0.001,0.0,0.0,0.0
2014-07-04 08:00:00,0.1474716666666666,0.0,0.0047333333333333,0.001,0.0,0.0,0.0
2014-07-04 09:00:00,0.156965,0.0598083333333333,0.0047416666666666,0.001,0.0,0.0,0.0
2014-07-04 10:00:00,0.1474883333333333,0.0,0.004695,0.001,0.0,0.0,0.0
2014-07-04 11:00:00,0.25359,0.0789599999999999,0.0047649999999999,0.001,0.0902766666666666,0.0,0.0
2014-07-04 12:00:00,0.2153423728813559,0.000557627118644,0.0696457627118644,0.001,0.0,0.0,0.0
2014-07-04 13:00:00,0.2976700854700855,0.0595076923076923,0.1633914529914529,0.0010034188034188,0.0,0.0,3.418803418803419e-05
2014-07-04 14:00:00,0.4812577319587628,0.0351443298969072,0.0051587628865979,0.001,0.0,0.0,0.1100494845360824
2014-07-04 15:00:00,0.4224816666666667,0.0492183333333333,0.0047233333333333,0.001,0.1936999999999999,0.0,0.1025033333333333
2014-07-04 16:00:00,0.340118530884808,0.0352153589315525,0.043787979966611,0.001,0.0,0.0,0.0436227045075125
2014-07-04 17:00:00,0.4231702898550724,0.0279873188405797,0.1393532608695652,0.001,0.0,0.0,0.0004148550724637
2014-07-04 18:00:00,0.2256868686868686,0.0494393939393939,0.016053872053872,0.0010387205387205,0.0,0.0,0.0041868686868686
2014-07-04 19:00:00,0.9341107325383304,0.0186780238500851,0.1354037478705281,0.1033304940374787,0.1050664395229983,0.0,0.1118432708688245
2014-07-04 20:00:00,0.2831539763113367,0.0598172588832487,0.0050067681895093,0.001,0.0,0.0,0.1086497461928934
2014-07-04 21:00:00,0.3157370600414078,0.0216997929606625,0.0053333333333333,0.001,0.070455486542443,0.0,0.1084244306418219
2014-07-04 22:00:00,0.406225,0.0475666666666666,0.0221683333333333,0.001,0.1111166666666666,0.0,0.10859
2014-07-04 23:00:00,0.1782383333333333,0.0329766666666666,0.022115,0.001,0.0,0.0,0.007485
2014-07-05 00:00:00,0.1594533333333333,0.0255316666666666,0.0148683333333333,0.001,0.0,0.0,0.0
2014-07-05 01:00:00,0.1569716666666666,0.0494783333333333,0.0051466666666666,0.001,0.0,0.0,0.0
2014-07-05 02:00:00,0.1532016666666666,0.009065,0.0092933333333333,0.001,0.0,0.0,0.0
2014-07-05 03:00:00,0.1580233333333333,0.0603616666666666,0.0047733333333333,0.001,0.0,0.0,0.0
2014-07-05 04:00:00,0.1490218487394957,0.0,0.0047798319327731,0.001,0.0,0.0,0.0
2014-07-05 05:00:00,0.3184224872231687,0.0619795570698466,0.0244889267461669,0.001,0.1247597955706984,0.0,0.0
2014-07-05 06:00:00,0.2430637931034482,0.0003224137931034,0.0689844827586206,0.001,0.044053448275862,0.0,0.0
2014-07-05 07:00:00,0.6342216666666667,0.058485,0.0072699999999999,0.001,0.08283,0.0,0.0
2014-07-05 08:00:00,0.5911283333333334,0.03167,0.019205,0.001,0.0372916666666666,0.0,0.0
2014-07-05 09:00:00,0.901743119266055,0.0289755351681957,0.019262996941896,0.001,0.0,0.0,0.0
2014-07-05 10:00:00,0.5223066666666666,0.047025,0.0192566666666666,0.001,0.0,0.0,0.0
2014-07-05 11:00:00,0.6749832495812396,0.0380804020100502,0.0193299832495812,0.001,0.0587654941373534,0.0,0.0
2014-07-05 12:00:00,0.360985,0.0331749999999999,0.1417016666666666,0.0189733333333333,0.0865816666666666,0.0,0.0
2014-07-05 13:00:00,0.2908199999999999,0.0629316666666666,0.15418,0.001,0.0,0.0,0.0
2014-07-05 14:00:00,0.2717683333333333,0.0019233333333333,0.1462416666666667,0.0010016666666666,0.0,0.0,0.0
2014-07-05 15:00:00,0.4549649999999999,0.073185,0.0272333333333333,0.0854283333333333,0.0711883333333333,0.0,0.0394399999999999
2014-07-05 16:00:00,0.2179166666666666,0.02646,0.0047516666666666,0.001,0.0,0.0,0.0923283333333333
2014-07-05 17:00:00,0.187639751552795,0.0217743271221532,0.0047743271221532,0.001,0.0,0.0,0.0356977225672877
2014-07-05 18:00:00,0.1788833333333333,0.0524083333333333,0.0298616666666666,0.001,0.0,0.0,0.0004783333333333
2014-07-05 19:00:00,0.2796046901172529,0.007110552763819,0.1656750418760469,0.001,0.0,0.0,0.0
2014-07-05 20:00:00,0.3186483333333333,0.0594316666666666,0.16205,0.001,0.0,0.0,0.0
2014-07-05 21:00:00,0.6144149999999999,0.0397683333333333,0.1861033333333333,0.0547383333333333,0.1351383333333333,0.0,0.0
2014-07-05 22:00:00,0.3515679862306368,0.031130808950086,0.1871170395869191,0.001,0.0,0.0,0.0
2014-07-05 23:00:00,0.3011474036850921,0.0618927973199329,0.1352763819095477,0.001,0.0,0.0,0.0
2014-07-06 00:00:00,0.1528080133555926,0.0015826377295492,0.0050467445742904,0.001,0.0,0.0,0.0
2014-07-06 01:00:00,0.1579266666666667,0.0606733333333333,0.0051666666666666,0.001,0.0,0.0,0.0
2014-07-06 02:00:00,0.15872,0.028385,0.00936,0.001,0.0,0.0,0.0
2014-07-06 03:00:00,0.1527016666666666,0.0314616666666666,0.0048416666666666,0.001,0.0,0.0,0.0
2014-07-06 04:00:00,0.156675,0.0531283333333333,0.00482,0.0010016666666666,0.0,0.0,0.0
2014-07-06 05:00:00,0.1551680532445923,0.0041564059900166,0.0048386023294509,0.001,0.0,0.0,0.0
2014-07-06 06:00:00,0.157152027027027,0.0554256756756756,0.0048057432432432,0.001,0.0,0.0,0.0
2014-07-06 07:00:00,0.17228,0.0118016666666666,0.00482,0.001,0.0,0.0,0.0
2014-07-06 08:00:00,0.5160117647058824,0.0493092436974789,0.0752016806722689,0.0236067226890756,0.1473176470588235,0.0330773109243697,0.0
2014-07-06 09:00:00,0.6479583333333334,0.0442083333333333,0.012805,0.001,0.1090766666666666,0.0,0.0
2014-07-06 10:00:00,0.6592361809045226,0.0156700167504187,0.0076331658291457,0.001,0.0800184254606365,0.0,0.0
2014-07-06 11:00:00,1.7603953098827472,0.0672998324958124,0.1067051926298157,0.001,0.0806398659966499,0.0,0.0239815745393634
2014-07-06 12:00:00,2.6209277310924373,0.035090756302521,0.1856235294117647,0.001,0.3928386554621849,0.0,0.1118470588235294
2014-07-06 13:00:00,1.5954814814814815,0.0591026936026936,0.1856161616161616,0.001,0.0,0.0,0.0191616161616161
2014-07-06 14:00:00,0.747205,0.041945,0.1867299999999999,0.0829683333333333,0.0,0.0,0.0
2014-07-06 15:00:00,0.5855143824027073,0.0352402707275803,0.1867851099830795,0.001,0.0,0.0,0.0
2014-07-06 16:00:00,0.5701498316498317,0.0562356902356902,0.1761851851851852,0.0168232323232323,0.0,0.0,0.0
2014-07-06 17:00:00,0.2988717047451669,0.0185764499121265,0.1806379613356766,0.001,0.0,0.0,0.0
2014-07-06 18:00:00,0.3640893760539629,0.0657116357504215,0.1838060708263069,0.001,0.0,0.0,0.0
2014-07-06 19:00:00,0.3770791245791245,0.0023215488215488,0.1708939393939394,0.001,0.0,0.0,0.0
2014-07-06 20:00:00,0.4184068965517241,0.0632586206896551,0.1773637931034482,0.00105,0.0001965517241379,0.0,0.0
2014-07-06 21:00:00,0.3041366223908918,0.0,0.1756204933586337,0.001,0.0,0.0,0.0
2014-07-06 22:00:00,0.1564376039933444,0.0598718801996672,0.0084176372712146,0.001,0.0,0.0,0.0
2014-07-06 23:00:00,0.1424123539232053,0.0085325542570951,0.0047712854757929,0.001,0.0,0.0,0.0
2014-07-07 00:00:00,0.149549084858569,0.0511297836938435,0.0047970049916805,0.001,0.0,0.0,0.0
2014-07-07 01:00:00,0.1448614357262103,0.0166176961602671,0.0051886477462437,0.001,0.0,0.0,0.0
2014-07-07 02:00:00,0.1535584988962472,0.0501788079470198,0.0106688741721854,0.001,0.0,0.0,0.0
2014-07-07 03:00:00,,,,,,,
2014-07-07 04:00:00,,,,,,,
2014-07-07 05:00:00,,,,,,,
2014-07-07 06:00:00,,,,,,,
2014-07-07 07:00:00,,,,,,,
2014-07-07 08:00:00,0.3862096219931271,0.0558591065292096,0.0052817869415807,0.001,0.0,0.0,0.0
2014-07-07 09:00:00,0.403225,0.0326599999999999,0.0984516666666666,0.001,0.0,0.0,0.0
2014-07-07 10:00:00,0.291003350083752,0.0341474036850921,0.1724321608040201,0.001,0.0,0.0,0.0
2014-07-07 11:00:00,0.1767871621621621,0.0274442567567567,0.0380067567567567,0.0010033783783783,0.0,0.0,0.0
2014-07-07 12:00:00,0.2193889816360601,0.0529849749582637,0.0640617696160267,0.001,0.0,0.0,0.0
2014-07-07 13:00:00,0.140395309882747,0.0042211055276381,0.0050502512562814,0.001,0.0,0.0,0.0
2014-07-07 14:00:00,0.1713031825795645,0.0512814070351758,0.021179229480737,0.001001675041876,0.0,0.0,0.0
2014-07-07 15:00:00,0.2391763727121464,0.0384259567387687,0.0320782029950083,0.0667138103161397,0.0,0.0,0.0
2014-07-07 16:00:00,0.4770249584026622,0.0240965058236272,0.0194658901830282,0.0998053244592346,0.117981697171381,0.0,0.0
2014-07-07 17:00:00,0.2779298831385642,0.0561803005008347,0.0584257095158597,0.0254240400667779,0.0,0.0,0.0
2014-07-07 18:00:00,0.6850916666666667,0.0122916666666666,0.00504,0.001,0.0786133333333333,0.0,0.0069566666666666
2014-07-07 19:00:00,0.7341518771331058,0.0400409556313993,0.0048242320819112,0.001,0.0,0.0,0.0368515358361774
2014-07-07 20:00:00,0.3671032148900169,0.0376920473773265,0.0230812182741116,0.001,0.089901861252115,0.0,0.1050219966159052
2014-07-07 21:00:00,0.2140925925925925,0.0171060606060606,0.0216026936026936,0.001,0.0,0.0,0.0699646464646464
2014-07-07 22:00:00,0.1507269624573378,0.0528361774744027,0.0048412969283276,0.001,0.0,0.0,0.0005392491467576
2014-07-07 23:00:00,0.1411697478991596,0.002472268907563,0.0048739495798319,0.0010033613445378,5.378151260504202e-05,0.0,0.0
2014-07-08 00:00:00,0.1507533333333333,0.0559316666666666,0.0048016666666666,0.001,0.0,0.0,0.0
2014-07-08 01:00:00,0.1412053422370617,0.0,0.0052020033388981,0.001,0.0,0.0,0.0
2014-07-08 02:00:00,0.1547166666666666,0.0551766666666666,0.0093949999999999,0.001,0.0,0.0,0.0
2014-07-08 03:00:00,0.1404183333333333,0.0,0.0048533333333333,0.001,0.0,0.0,0.0
2014-07-08 04:00:00,0.1513613445378151,0.0535478991596638,0.0048571428571428,0.001,0.0,0.0,0.0
2014-07-08 05:00:00,0.4204821731748727,0.0012631578947368,0.0048234295415959,0.001,0.1395704584040747,0.0,0.0
2014-07-08 06:00:00,0.4328581687612208,0.0560987432675044,0.0468240574506283,0.001,0.0953375224416517,0.0356481149012567,0.0
2014-07-08 07:00:00,0.1493634812286689,0.0473651877133105,0.0050938566552901,0.001,0.0,0.0,0.0
2014-07-08 08:00:00,0.1393895446880269,0.0063136593591905,0.0048448566610455,0.001,0.0,0.0,0.0
2014-07-08 09:00:00,0.8838695652173912,0.0504173913043478,0.0048104347826086,0.001,0.0,0.0200086956521739,0.1041095652173913
2014-07-08 10:00:00,0.8742574430823118,0.0,0.0048598949211908,0.001,0.0,0.0,0.1100507880910683
2014-07-08 11:00:00,0.4826573426573426,0.056340909090909,0.0444493006993007,0.001,0.137777972027972,0.0,0.0292587412587412
2014-07-08 12:00:00,0.332978417266187,0.0385341726618705,0.1633902877697841,0.0108165467625899,0.0,0.00368345323741,0.0004856115107913
2014-07-08 13:00:00,0.2634609929078014,0.0156418439716312,0.1460390070921985,0.001,0.0,0.0,0.0
2014-07-08 14:00:00,0.3127724137931034,0.0567741379310344,0.00495,0.001,0.1013482758620689,0.0,0.0241913793103448
2014-07-08 15:00:00,1.158323076923077,0.0015692307692307,0.0047982905982905,0.001,0.1260461538461538,0.0,0.0277880341880341
2014-07-08 16:00:00,0.4846016666666667,0.061605,0.0047766666666666,0.001,0.0,0.0,0.0
2014-07-08 17:00:00,0.4496716666666667,0.01642,0.0048133333333333,0.001,0.0,0.0,0.0
2014-07-08 18:00:00,0.5009745762711865,0.0233686440677966,0.0047838983050847,0.001,0.0,0.0,0.0
2014-07-08 19:00:00,0.3416429780033841,0.052072758037225,0.0080964467005076,0.001,0.0,0.0,0.0
2014-07-08 20:00:00,0.3784121996303142,0.0121404805914972,0.1829981515711645,0.001,0.0,0.0,0.0
2014-07-08 21:00:00,0.4033663865546218,0.0444369747899159,0.1668151260504201,0.001,0.0,0.0,0.0712336134453781
2014-07-08 22:00:00,0.1510253378378378,0.0389611486486486,0.0049949324324324,0.001,0.0,0.0,0.0005287162162162
2014-07-08 23:00:00,0.142467336683417,0.0117822445561139,0.0048257956448911,0.001,0.0,0.0,0.0
2014-07-09 00:00:00,0.1501356783919598,0.0532546063651591,0.0048190954773869,0.001,0.0,0.0,0.0
2014-07-09 01:00:00,0.1407898305084745,0.0,0.0051915254237288,0.001,0.0,0.0,0.0
2014-07-09 02:00:00,0.1536661045531197,0.0505025295109612,0.0093760539629005,0.001,0.0,0.0,0.0
2014-07-09 03:00:00,0.1402748735244519,0.0,0.0048516020236087,0.001,0.0,0.0,0.0
2014-07-09 04:00:00,0.1493061224489796,0.0486122448979591,0.0049013605442176,0.0010051020408163,0.0,0.0,0.0
2014-07-09 05:00:00,0.5604737732656514,0.0411285956006768,0.1548121827411167,0.001,0.2172808798646362,0.0653011844331641,0.0
2014-07-09 06:00:00,0.3265277280858676,0.0097084078711985,0.0051037567084078,0.001,0.0449248658318425,0.0,0.0
2014-07-09 07:00:00,0.21637,0.0473483333333333,0.0626716666666666,0.001,0.0,0.0181766666666666,0.0
2014-07-09 08:00:00,0.2754662162162162,0.0073918918918918,0.1779797297297297,0.001,0.0,0.0,0.0
2014-07-09 09:00:00,0.3109076923076923,0.0410222222222222,0.1026666666666666,0.0010017094017094,0.0,0.0,0.0
2014-07-09 10:00:00,0.3028384353741496,0.022406462585034,0.0049880952380952,0.001,0.0,0.0,0.0
2014-07-09 11:00:00,0.1433788395904436,0.0284846416382252,0.0048020477815699,0.001,0.0,0.0,0.0
2014-07-09 12:00:00,0.1461232876712328,0.0335547945205479,0.0048424657534246,0.001,0.0,0.0,0.0
2014-07-09 13:00:00,0.1413439065108514,0.0171752921535893,0.0048464106844741,0.001,0.0,0.0,0.0
2014-07-09 14:00:00,0.2573597972972973,0.0452128378378378,0.0961706081081081,0.001,0.0,0.0,0.0
2014-07-09 15:00:00,0.1519066666666666,0.0088083333333333,0.00505,0.001,0.0,0.0,0.0
2014-07-09 16:00:00,0.2678333333333333,0.0393995726495726,0.1422820512820512,0.001,0.0,0.0,0.0
2014-07-09 17:00:00,0.2684633333333333,0.0065133333333333,0.166425,0.001,0.0,0.0,0.0
2014-07-09 18:00:00,1.2532842105263158,0.0776968421052631,0.1563705263157895,0.001,0.1574568421052631,0.0,0.0
2014-07-09 19:00:00,0.259683241252302,0.0315690607734806,0.0946132596685083,0.001,7.366482504604052e-06,0.0,0.0
2014-07-09 20:00:00,0.3528785578747628,0.0257571157495256,0.1864022770398482,0.001,0.0,0.0,0.0
2014-07-09 21:00:00,0.3294761904761905,0.0567765567765567,0.1891007326007326,0.001003663003663,0.0,0.0,0.0
2014-07-09 22:00:00,0.3069908256880734,0.0087724770642201,0.1846422018348623,0.001,0.0,0.0,0.0
2014-07-09 23:00:00,0.1622274436090225,0.0423421052631578,0.0195601503759398,0.001,0.0,0.0,0.0
2014-07-10 00:00:00,0.1467186311787072,0.0371501901140684,0.0047832699619771,0.001,0.0,0.0,0.0
2014-07-10 01:00:00,0.1411611650485437,0.0158582524271844,0.0051514563106796,0.001,0.0,0.0,0.0
2014-07-10 02:00:00,0.1521224862888482,0.0510731261425959,0.0095173674588665,0.001,0.0,0.0,0.0
2014-07-10 03:00:00,0.1387140287769784,0.0,0.004820143884892,0.001,0.0,0.0,0.0
2014-07-10 04:00:00,0.1481301247771836,0.0498841354723707,0.0048199643493761,0.001,0.0,0.0,0.0
2014-07-10 05:00:00,0.2730793357933579,0.0251051660516605,0.0047915129151291,0.001,0.1248468634686346,0.0,0.0
2014-07-10 06:00:00,0.3084270072992701,0.0267153284671532,0.0047645985401459,0.001,0.0565036496350365,0.0,0.0
2014-07-10 07:00:00,0.1827003610108303,0.0496750902527075,0.0047779783393501,0.001,0.0,0.0,0.0
2014-07-10 08:00:00,0.1380956848030018,0.0,0.0048292682926829,0.0010018761726078,0.0,0.0,0.0
2014-07-10 09:00:00,0.253390243902439,0.0485609756097561,0.1234709193245778,0.001,0.0,0.0,0.0
2014-07-10 10:00:00,0.237134438305709,0.0049097605893186,0.049097605893186,0.001,0.0,0.0,0.0822523020257826
2014-07-10 11:00:00,0.3278780036968576,0.0516081330868761,0.0049815157116451,0.001,0.1077486136783733,0.0,0.1073974121996303
2014-07-10 12:00:00,0.6964659300184162,0.0533259668508287,0.0930147329650092,0.0395303867403314,0.0,0.0,0.0298968692449355
2014-07-10 13:00:00,0.6208627819548872,0.0070563909774436,0.0675958646616541,0.001,0.0,0.0,0.0005
2014-07-10 14:00:00,0.1786623134328358,0.0552220149253731,0.0212369402985074,0.001,0.0,0.0,0.0
2014-07-10 15:00:00,0.342275,0.0156125,0.0484714285714285,0.001,0.0,0.0,0.0357107142857142
2014-07-10 16:00:00,0.9545439252336448,0.0392,0.1026504672897196,0.001,0.1147046728971962,0.0,0.0648897196261682
2014-07-10 17:00:00,0.4130883458646617,0.0552443609022556,0.0048552631578947,0.001,0.0,0.0,0.0004304511278195
2014-07-10 18:00:00,0.1406031195840554,0.0081213171577123,0.0070762564991334,0.001,0.0,0.0,0.0
2014-07-10 19:00:00,0.3659416666666666,0.0535566666666666,0.17803,0.028175,0.0,0.0,0.0
2014-07-10 20:00:00,0.5011583333333334,0.05037,0.1818116666666666,0.001,0.1310533333333333,0.0,0.0
2014-07-10 21:00:00,0.37872,0.0153866666666666,0.1734183333333333,0.001,0.055615,0.0,0.0
2014-07-10 22:00:00,0.1648916666666667,0.05004,0.021855,0.0010033333333333,0.0,0.0,0.0
2014-07-10 23:00:00,0.1476482412060301,0.0433366834170854,0.0048023450586264,0.001,0.0,0.0,0.0
2014-07-11 00:00:00,0.1402946127946127,0.012057239057239,0.0048013468013468,0.001,0.0,0.0,0.0
2014-07-11 01:00:00,0.1497024952015355,0.0535451055662188,0.0050556621880998,0.001,0.0,0.0,0.0
2014-07-11 02:00:00,0.1461072124756335,0.0164678362573099,0.0094327485380116,0.001,0.0,0.0,0.0
2014-07-11 03:00:00,0.1447701612903225,0.0348649193548387,0.0048084677419354,0.001,0.0,0.0,0.0
2014-07-11 04:00:00,0.1477693836978131,0.0439662027833002,0.0048250497017892,0.001,0.0,0.0,0.0
2014-07-11 05:00:00,0.2646729131175468,0.0069778534923339,0.0048296422487223,0.001,0.1205400340715502,0.0,0.0
2014-07-11 06:00:00,0.2992165820642978,0.0554010152284263,0.0333502538071066,0.001,0.0241641285956006,0.0,0.0
2014-07-11 07:00:00,0.387754590984975,0.0581252086811352,0.066033388981636,0.0457445742904841,0.0,0.0,0.0
2014-07-11 08:00:00,0.5686279461279461,0.0302205387205387,0.0050117845117845,0.001,0.0956161616161616,0.0,0.0
2014-07-11 09:00:00,0.5847725752508361,0.0257341137123745,0.0047993311036789,0.001,0.0,0.0,0.0
2014-07-11 10:00:00,0.1587739726027397,0.0531198630136986,0.0048715753424657,0.001,0.0,0.0,0.0
2014-07-11 11:00:00,0.14898,0.0089716666666666,0.00481,0.001,0.0,0.0,0.0
2014-07-11 12:00:00,0.1584766666666666,0.0496,0.0048166666666666,0.001,0.0,0.0,0.0
2014-07-11 13:00:00,0.1565266666666666,0.035225,0.0047916666666666,0.001,0.0,0.0,0.0
2014-07-11 14:00:00,0.159255,0.0190066666666666,0.0048133333333333,0.001,0.0,0.0,0.0
2014-07-11 15:00:00,0.2886356073211314,0.0584542429284525,0.0047953410981697,0.001,0.1293943427620632,0.0,0.0
2014-07-11 16:00:00,0.1818313856427379,0.0001368948247078,0.0047846410684474,0.001,0.0,0.0,0.0
2014-07-11 17:00:00,0.4372190635451505,0.0610351170568561,0.1626387959866221,0.001,0.1068996655518394,0.0,0.0
2014-07-11 18:00:00,1.3044033333333334,0.022965,0.1807233333333333,0.001,0.0,0.0,0.00357
2014-07-11 19:00:00,0.8454378194207837,0.0389437819420783,0.1778841567291312,0.1465247018739352,0.0,0.0,0.0004855195911413
2014-07-11 20:00:00,0.3091225225225225,0.0449531531531531,0.1873405405405405,0.001,0.0,0.0,0.0
2014-07-11 21:00:00,0.2860581196581196,0.0139521367521367,0.1827658119658119,0.001,0.0,0.0,0.0
2014-07-11 22:00:00,0.2752799999999999,0.0525166666666666,0.1256033333333333,0.001,0.0,0.0,0.0
2014-07-11 23:00:00,0.1396472545757071,0.0,0.0050199667221297,0.001,0.0,0.0,0.0
2014-07-12 00:00:00,0.150195,0.0544716666666666,0.0048216666666666,0.001,0.0,0.0,0.0
2014-07-12 01:00:00,0.1416513605442176,0.0088163265306122,0.005219387755102,0.001,0.0,0.0,0.0
2014-07-12 02:00:00,0.1513666666666666,0.0448933333333333,0.0093033333333333,0.001,0.0,0.0,0.0
2014-07-12 03:00:00,0.1456266666666666,0.0266783333333333,0.0048333333333333,0.001,0.0,0.0,0.0
2014-07-12 04:00:00,0.1440901502504173,0.0285225375626043,0.0047996661101836,0.001,0.0,0.0,0.0
2014-07-12 05:00:00,0.1543683333333333,0.039395,0.00481,0.001,0.0,0.0,0.0
2014-07-12 06:00:00,0.313561872909699,0.0154832775919732,0.0741170568561872,0.001,0.1229230769230769,0.0,0.0
2014-07-12 07:00:00,0.2150933333333333,0.0545066666666666,0.0179428571428571,0.001,0.0377466666666666,0.0,0.0
2014-07-12 08:00:00,0.8905074074074074,0.0127111111111111,0.0188925925925925,0.001,0.0,0.0,0.0
2014-07-12 09:00:00,0.3168824662813102,0.0476300578034682,0.0189788053949903,0.001,0.0,0.0,0.0
2014-07-12 10:00:00,0.1489713322091062,0.026052276559865,0.0113962900505902,0.001,0.0,0.0,0.0
2014-07-12 11:00:00,0.283835,0.0304133333333333,0.0126583333333333,0.001,0.151885,0.0,0.0
2014-07-12 12:00:00,0.1573082077051926,0.0602579564489112,0.0126113902847571,0.001,0.0,0.0,0.0
2014-07-12 13:00:00,0.1480999999999999,0.0209116666666666,0.0047566666666666,0.001,0.0,0.0,0.0
2014-07-12 14:00:00,0.1492766666666666,0.040805,0.00474,0.001,0.0,0.0,0.0
2014-07-12 15:00:00,0.1516483333333333,0.0435166666666666,0.0047666666666666,0.001,0.0,0.0,0.0
2014-07-12 16:00:00,0.14418,0.01645,0.00482,0.001,0.0,0.0,0.0
2014-07-12 17:00:00,1.790603993344426,0.0668086522462562,0.0212329450915141,0.001,0.0,0.0,0.0
2014-07-12 18:00:00,0.5794040066777963,0.0069899833055091,0.1697178631051753,0.0254424040066778,0.0,0.0,0.0
2014-07-12 19:00:00,0.5075263157894737,0.0562228070175438,0.1715877192982456,0.001,0.0,0.0,0.0
2014-07-12 20:00:00,0.7413383584589615,0.035500837520938,0.1744036850921272,0.001,0.0,0.0,0.0
2014-07-12 21:00:00,0.302914858096828,0.0212554257095158,0.1632136894824707,0.001,0.0,0.0,0.0
2014-07-12 22:00:00,0.2377016666666666,0.0543716666666666,0.0855433333333333,0.001,0.0,0.0,0.0
2014-07-12 23:00:00,0.1526794657762938,0.0152353923205342,0.005008347245409,0.001,0.0,0.0,0.0
2014-07-13 00:00:00,0.1554390651085142,0.041440734557596,0.0047612687813021,0.001,0.0,0.0,0.0
2014-07-13 01:00:00,0.1571214642262895,0.043549084858569,0.005198003327787,0.001,0.0,0.0,0.0
2014-07-13 02:00:00,0.154567612687813,0.0121969949916527,0.0093021702838063,0.001,0.0,0.0,0.0
2014-07-13 03:00:00,0.158045,0.05672,0.0047916666666666,0.0009983333333333,0.0,0.0,0.0
2014-07-13 04:00:00,0.1518566666666666,0.0044716666666666,0.004795,0.001,0.0,0.0,0.0
2014-07-13 05:00:00,0.1633116666666666,0.0529549999999999,0.0047666666666666,0.001,0.0,0.0,0.0
2014-07-13 06:00:00,0.1554474123539232,0.0296727879799666,0.0047612687813021,0.001,0.0,0.0,0.0
2014-07-13 07:00:00,0.3983533333333333,0.0403549999999999,0.0047316666666666,0.001,0.2404933333333333,0.0,0.01605
2014-07-13 08:00:00,0.2621,0.0556183333333333,0.0047683333333333,0.001,0.0,0.0,0.02597
2014-07-13 09:00:00,0.1491283333333333,0.00249,0.0048,0.001,0.0,0.0,0.0
2014-07-13 10:00:00,0.4187116666666666,0.0637916666666666,0.0976616666666666,0.001,0.1229433333333333,0.068615,0.0
2014-07-13 11:00:00,0.1772,0.027745,0.0049066666666666,0.0010016666666666,0.0,0.0,0.0335683333333333
2014-07-13 12:00:00,0.6252616666666666,0.0306383333333333,0.0047566666666666,0.001,0.0,0.0,0.0005633333333333
2014-07-13 13:00:00,0.6872353923205342,0.0570317195325542,0.0047312186978297,0.001,0.1341452420701168,0.0,0.0
2014-07-13 14:00:00,0.1689466666666666,0.01943,0.00479,0.001,0.0,0.0,0.0
2014-07-13 15:00:00,0.7970667779632721,0.0402353923205342,0.0560050083472454,0.001,0.0,0.0,0.0
2014-07-13 16:00:00,1.1005633333333331,0.0634233333333333,0.1767116666666666,0.001,0.0,0.0,0.0
2014-07-13 17:00:00,0.2780749999999999,0.0103416666666666,0.1645033333333333,0.001,0.0,0.0,0.0
2014-07-13 18:00:00,0.3157959866220736,0.0506354515050167,0.1861789297658863,0.001,0.0,0.0,0.0
2014-07-13 19:00:00,0.3389322799097065,0.0668148984198645,0.188627539503386,0.001,0.0188306997742663,0.0,0.0
2014-07-13 20:00:00,0.7265228873239437,0.0104524647887323,0.1817271126760563,0.001,0.0589330985915493,0.0,0.0
2014-07-13 21:00:00,0.6902974789915967,0.0511243697478991,0.1240100840336134,0.001,0.0,0.0,0.0
2014-07-13 22:00:00,0.1542633333333333,0.0265316666666666,0.004945,0.001,0.0001066666666666,0.0,0.0
2014-07-13 23:00:00,0.1527023411371237,0.0490903010033444,0.0048210702341137,0.001,0.0,0.0,0.0
2014-07-14 00:00:00,0.1572680776014109,0.0597671957671957,0.0047724867724867,0.001,0.0,0.0,0.0
2014-07-14 01:00:00,0.1506247906197655,0.0023986599664991,0.0051474036850921,0.001,0.0,0.0,0.0
2014-07-14 02:00:00,0.159198,0.04781,0.008872,0.001,0.0,0.0,0.0
2014-07-14 03:00:00,0.1539263351749539,0.0268876611418047,0.0048268876611418,0.001,0.0,0.0,0.0
2014-07-14 04:00:00,0.4137162162162162,0.0205482625482625,0.1152934362934362,0.001,0.1837374517374517,0.0,0.0
2014-07-14 05:00:00,0.3722396226415094,0.052766037735849,0.1329301886792452,0.001,0.0697339622641509,0.0,0.0
2014-07-14 06:00:00,0.7090892531876138,0.0256976320582877,0.0049125683060109,0.001,0.0,0.0,0.0
2014-07-14 07:00:00,0.2793760539629005,0.0287588532883642,0.0097706576728499,0.001,0.0,0.0,0.0
2014-07-14 08:00:00,0.1544276094276094,0.0511144781144781,0.0047744107744107,0.001,0.0,0.0,0.0
2014-07-14 09:00:00,0.147068376068376,0.0,0.0047880341880341,0.001,0.0,0.0,0.0
2014-07-14 10:00:00,0.1545873287671233,0.0503561643835616,0.0048013698630136,0.001,0.0,0.0,0.0
2014-07-14 11:00:00,0.1494629629629629,0.0123451178451178,0.0047979797979797,0.001,0.0,0.0,0.0
2014-07-14 12:00:00,0.1522326388888888,0.0389409722222222,0.0048055555555555,0.0010017361111111,0.0,0.0,0.0
2014-07-14 13:00:00,0.1529892857142857,0.0365964285714285,0.0047982142857142,0.0010017857142857,0.0,0.0,0.0
2014-07-14 14:00:00,0.1554494623655913,0.0120043010752688,0.0068451612903225,0.001,0.0,0.0,0.0
2014-07-14 15:00:00,0.4600067226890756,0.0568470588235294,0.0234521008403361,0.001,0.0515512605042016,0.0,0.0
2014-07-14 16:00:00,1.6106866666666668,0.0019416666666666,0.0552533333333333,0.001,8.333333333333334e-06,0.0,0.0101583333333333
2014-07-14 17:00:00,0.4342316666666667,0.0543933333333333,0.005,0.001,0.0,0.0,0.0005316666666666
2014-07-14 18:00:00,0.2836516666666666,0.01201,0.0048033333333333,0.001,0.0,0.0,0.0
2014-07-14 19:00:00,0.266935,0.0437916666666666,0.1411383333333333,0.001,0.0,0.0,0.0
2014-07-14 20:00:00,0.303285,0.0355633333333333,0.1800533333333333,0.001,0.0,3.3333333333333337e-06,0.0
2014-07-14 21:00:00,0.2314449999999999,0.019645,0.1011933333333333,0.001,0.0,0.0,0.0
2014-07-14 22:00:00,0.1623183333333333,0.056945,0.01411,0.001,0.0,0.0,0.0
2014-07-14 23:00:00,0.15906,0.0,0.0221,0.001,0.0,0.0,0.0
2014-07-15 00:00:00,0.162855,0.0551899999999999,0.01447,0.001,0.0,0.0,0.0
2014-07-15 01:00:00,0.1474233333333333,0.00019,0.0051983333333333,0.0010033333333333,0.0,0.0,0.0
2014-07-15 02:00:00,0.1589966666666666,0.0538333333333333,0.00932,0.001,0.0,0.0,0.0
2014-07-15 03:00:00,0.1509283333333333,0.020985,0.0048183333333333,0.001,0.0,0.0,0.0
2014-07-15 04:00:00,0.1515501672240802,0.0322274247491638,0.0047859531772575,0.001,0.0,0.0,0.0
2014-07-15 05:00:00,0.2992396006655574,0.0394059900166389,0.0048119800332778,0.0010016638935108,0.0902279534109816,0.0,0.0557088186356073
2014-07-15 06:00:00,0.359,0.0162386554621848,0.0047932773109243,0.001,0.0994621848739495,0.0,0.0241899159663865
2014-07-15 07:00:00,0.155571906354515,0.052391304347826,0.0047709030100334,0.001,0.0,0.0,0.0
2014-07-15 08:00:00,0.1466833333333333,0.0,0.0048116666666666,0.001,0.0,0.0,0.0
2014-07-15 09:00:00,0.1556955074875207,0.0532712146422629,0.0047820299500831,0.001,0.0,0.0,0.0
2014-07-15 10:00:00,0.1493222036727879,0.0115475792988313,0.0048096828046744,0.001,0.0,0.0,0.0
2014-07-15 11:00:00,0.1529916666666666,0.0413833333333333,0.0048366666666666,0.001,0.0,0.0,0.0
2014-07-15 12:00:00,0.1528084033613445,0.0386336134453781,0.0048084033613445,0.0010050420168067,0.0,0.0,0.0
2014-07-15 13:00:00,0.3045083333333333,0.0356166666666666,0.0086533333333333,0.001,0.109845,0.0,0.0
2014-07-15 14:00:00,0.2686941176470588,0.048798319327731,0.0193042016806722,0.0014672268907563,0.043253781512605,0.0,0.0
2014-07-15 15:00:00,0.7788864774624373,0.0547696160267111,0.0190818030050083,0.001,0.0933622704507512,0.0,0.0
2014-07-15 16:00:00,0.2442130872483221,0.0055755033557046,0.0191140939597315,0.001,0.0672147651006711,0.0,0.0
2014-07-15 17:00:00,0.158905,0.0621666666666666,0.0190133333333333,0.001,0.0,0.0,0.0
2014-07-15 18:00:00,1.0956040268456375,0.0448607382550335,0.0189177852348993,0.001,0.0754429530201342,0.0,0.0
2014-07-15 19:00:00,0.6553933333333333,0.02487,0.11715,0.00109,0.05168,0.0,0.0
2014-07-15 20:00:00,0.583765,0.0470033333333333,0.1876916666666666,0.001035,0.0,0.0,0.0
2014-07-15 21:00:00,0.5299506641366224,0.054573055028463,0.1845692599620493,0.0010056925996204,0.0,0.0,0.0
2014-07-15 22:00:00,0.2386426116838488,0.0135996563573883,0.1174432989690721,0.001,0.0,0.0,0.0
2014-07-15 23:00:00,0.1551719532554257,0.0417095158597662,0.0050300500834724,0.001,0.0,0.0,0.0
2014-07-16 00:00:00,0.1587623966942148,0.063944214876033,0.0048285123966942,0.001,0.0,0.0,0.0
2014-07-16 01:00:00,0.150785,0.0044,0.005225,0.001,0.0,0.0,0.0
2014-07-16 02:00:00,0.1597733333333333,0.0482166666666666,0.0093466666666666,0.001,0.0,0.0,0.0
2014-07-16 03:00:00,0.1558016666666666,0.0428633333333333,0.0048466666666666,0.001,0.0,0.0,0.0
2014-07-16 04:00:00,0.1505516666666666,0.0098366666666666,0.004835,0.001,0.0,0.0,0.0
2014-07-16 05:00:00,0.4595058236272878,0.0526788685524126,0.1299051580698835,0.001,0.1698136439267886,0.0,0.0
2014-07-16 06:00:00,0.311123745819398,0.0150568561872909,0.0049548494983277,0.001,0.0,0.0,0.0
2014-07-16 07:00:00,0.1688681135225375,0.0359348914858096,0.00479632721202,0.001,0.0,0.0,0.0
2014-07-16 08:00:00,0.2833116666666667,0.0465766666666666,0.0048266666666666,0.001,0.1287333333333333,0.0,0.0
2014-07-16 09:00:00,0.1495583333333333,0.0122633333333333,0.0048383333333333,0.001,0.0,0.0,0.0
2014-07-16 10:00:00,0.1556921797004991,0.0527188019966722,0.0048569051580698,0.001,0.0,0.0,0.0
2014-07-16 11:00:00,0.6727643097643098,0.0356380471380471,0.0048400673400673,0.0010016835016835,0.0,0.0,0.0
2014-07-16 12:00:00,0.8666483126110125,0.0285683836589698,0.1393268206039076,0.009797513321492,0.1129005328596802,0.0,0.0
2014-07-16 13:00:00,0.8343691756272401,0.0591272401433691,0.1525304659498207,0.0010071684587813,0.0,0.0,0.0
2014-07-16 14:00:00,0.4286666666666667,0.0253133333333333,0.0517266666666666,0.001,0.1149383333333333,0.0,0.0
2014-07-16 15:00:00,0.3910782029950083,0.0324376039933444,0.0814692179700499,0.001,0.0,0.0,0.0
2014-07-16 16:00:00,0.2176510851419031,0.0540584307178631,0.0050016694490818,0.001,0.0232821368948247,0.0,0.0
2014-07-16 17:00:00,0.98217,0.0302966666666666,0.1650033333333333,0.001,0.1296583333333333,0.0,0.0
2014-07-16 18:00:00,0.2953991596638655,0.0215966386554621,0.1837521008403361,0.001,0.0,0.0,0.0
2014-07-16 19:00:00,0.3346518010291595,0.0538987993138936,0.1753156089193825,0.001,0.0,0.0,0.0
2014-07-16 20:00:00,0.3017175043327556,0.0093968804159445,0.1876308492201039,0.001,0.0,0.0,0.0
2014-07-16 21:00:00,0.3415097001763668,0.0426402116402116,0.1429559082892416,0.001,0.0,0.0,0.0
2014-07-16 22:00:00,0.1764163822525597,0.0479709897610921,0.0049880546075085,0.001,0.0,0.0,0.0
2014-07-16 23:00:00,0.155372287145242,0.0065008347245409,0.0047762938230383,0.001,0.0,0.0,0.0
2014-07-17 00:00:00,0.1638435940099833,0.0521547420965058,0.0047853577371048,0.001,0.0,0.0,0.0
2014-07-17 01:00:00,0.1553,0.0171216666666666,0.0051933333333333,0.001,0.0,0.0,0.0
2014-07-17 02:00:00,0.1572404006677796,0.0363055091819699,0.0093188647746243,0.001,0.0,0.0,0.0
2014-07-17 03:00:00,0.1549933110367893,0.0412441471571906,0.0048511705685618,0.001,0.0,0.0,0.0
2014-07-17 04:00:00,0.1502268907563025,0.0125781512605042,0.0048252100840336,0.001,0.0,0.0,0.0
2014-07-17 05:00:00,0.3485806988352745,0.0556605657237936,0.0047620632279534,0.001,0.0955174708818635,0.0,0.0798419301164725
2014-07-17 06:00:00,0.9134565217391304,0.0131471571906354,0.0048160535117056,0.001,0.1310735785953177,0.0,0.0004648829431438
2014-07-17 07:00:00,0.2223622704507512,0.0400150250417362,0.0048030050083472,0.001,0.0,0.0,0.0
2014-07-17 08:00:00,0.1608358714043993,0.0400067681895093,0.0096903553299492,0.001,0.0,0.0,0.0
2014-07-17 09:00:00,0.1524292845257903,0.01361231281198,0.0161564059900166,0.001,0.0,0.0,0.0
2014-07-17 10:00:00,0.5057554076539101,0.0534475873544093,0.0059783693843594,0.001,0.0,0.0,0.0
2014-07-17 11:00:00,0.5472387312186978,0.0083088480801335,0.0047979966611018,0.001,0.0,0.0,0.0
2014-07-17 12:00:00,0.156759385665529,0.0482201365187713,0.0047662116040955,0.001,0.0,0.0,0.0
2014-07-17 13:00:00,0.1563030303030303,0.0377023172905525,0.0048092691622103,0.001,0.0,0.0,0.0
2014-07-17 14:00:00,0.1569017857142857,0.0221285714285714,0.0048017857142857,0.001,0.0,0.0,0.0
2014-07-17 15:00:00,0.1616654411764705,0.0591323529411764,0.0047720588235294,0.001,0.0,0.0,0.0
2014-07-17 16:00:00,0.4965361010830325,0.0277888086642599,0.0047129963898916,0.001,0.0,0.0,0.0
2014-07-17 17:00:00,0.7249012567324955,0.0456481149012567,0.004718132854578,0.001,0.0,0.0,0.0258725314183123
2014-07-17 18:00:00,0.3016214405360133,0.0600536013400335,0.1480117252931323,0.001,0.0,0.0,0.0005443886097152
2014-07-17 19:00:00,0.3530275387263339,0.0029380378657487,0.1805593803786574,0.001,0.0,0.0,0.0
2014-07-17 20:00:00,0.3467071057192374,0.0599098786828422,0.1854142114384748,0.001,0.0,0.0,0.0
2014-07-17 21:00:00,0.18721815008726,0.0377294938917975,0.0199511343804537,0.0010034904013961,0.0,0.0,0.0205479930191972
2014-07-17 22:00:00,0.1502212978369384,0.0202196339434276,0.0047321131447587,0.001,0.0,0.0,0.0004808652246256
2014-07-17 23:00:00,0.1570733333333333,0.0555316666666666,0.0047666666666666,0.001,0.0,0.0,0.0
2014-07-18 00:00:00,0.1497085427135678,0.0118911222780569,0.0047855946398659,0.001,0.0,0.0,0.0
2014-07-18 01:00:00,0.1546878130217028,0.0427378964941569,0.0051636060100166,0.001,0.0,0.0,0.0
2014-07-18 02:00:00,0.1593277870216306,0.0485391014975041,0.0092845257903494,0.001,0.0,0.0,0.0
2014-07-18 03:00:00,0.1485242070116861,0.0079248747913188,0.0047996661101836,0.001,0.0,0.0002136894824707,0.0
2014-07-18 04:00:00,0.3541733333333333,0.05963,0.1071599999999999,0.001,0.1050883333333333,0.0,0.0
2014-07-18 05:00:00,0.3730133333333333,0.0131133333333333,0.145645,0.001,0.10044,0.0,0.0
2014-07-18 06:00:00,0.4893566433566433,0.0429440559440559,0.0254842657342657,0.001,0.0,0.0,0.0
2014-07-18 07:00:00,0.583635,0.0512766666666666,0.0487683333333333,0.001,0.132525,0.0,0.0
2014-07-18 08:00:00,0.324825,0.015445,0.0192416666666666,0.001,2.666666666666667e-05,0.0,0.0
2014-07-18 09:00:00,0.28325,0.041385,0.019175,0.001,0.0,0.0,0.0
2014-07-18 10:00:00,0.2707982300884956,0.0562,0.0192991150442477,0.001,0.0,0.0,0.0
2014-07-18 11:00:00,0.2177716666666666,0.0068383333333333,0.0192266666666666,0.001,0.0,0.0,0.0
2014-07-18 12:00:00,0.1701580041580041,0.0615363825363825,0.0162079002079002,0.001,0.0,0.0,0.0
2014-07-18 13:00:00,0.1444615384615384,0.0208428093645484,0.0047642140468227,0.001,0.0,0.0,0.0
2014-07-18 14:00:00,0.5805816666666667,0.05669,0.0047883333333333,0.001,0.0,0.0,0.0
2014-07-18 15:00:00,0.2979417293233082,0.0376203007518797,0.0046842105263157,0.001,0.0,0.0,0.0
2014-07-18 16:00:00,0.3609745098039216,0.0192450980392156,0.0047509803921568,0.001,0.0,0.0,0.0246215686274509
2014-07-18 17:00:00,0.25367,0.0663483333333333,0.00474,0.025605,0.07954,0.0,0.0004533333333333
2014-07-18 18:00:00,0.1483016666666666,0.00749,0.0047466666666666,0.001,0.0,0.0,0.0
2014-07-18 19:00:00,0.7517694915254237,0.0720271186440678,0.0047542372881355,0.001,0.0,0.0,0.0357796610169491
2014-07-18 20:00:00,0.2579774696707105,0.0170155979202773,0.0047487001733102,0.001,0.0,0.0,0.1082599653379549
2014-07-18 21:00:00,0.264318718381113,0.0485986509274873,0.0047436762225969,0.001,0.0,0.0,0.1054451939291737
2014-07-18 22:00:00,0.166345,0.0424383333333333,0.0047599999999999,0.001,0.0,0.0,0.0005116666666666
2014-07-18 23:00:00,0.1507516666666666,0.0235716666666666,0.0047683333333333,0.001,0.0,0.0,0.0
2014-07-19 00:00:00,0.155965,0.0652166666666666,0.0047183333333333,0.001,0.0,0.0,0.0
2014-07-19 01:00:00,0.1396566666666666,0.0,0.0051216666666666,0.001,0.0,0.0,0.0
2014-07-19 02:00:00,0.1580883333333333,0.0630866666666666,0.00925,0.001,0.0,0.0,0.0
2014-07-19 03:00:00,0.1462583333333333,0.0274816666666666,0.00479,0.001,0.0,0.0,0.0
2014-07-19 04:00:00,0.2107996661101836,0.0352036727879799,0.0834524207011686,0.001,0.0,0.0,0.0
2014-07-19 05:00:00,0.4256402027027027,0.0588209459459459,0.1752027027027027,0.001,0.1195135135135135,0.0,0.0
2014-07-19 06:00:00,0.3256979865771812,0.00398322147651,0.1222701342281879,0.001,0.0849714765100671,0.0,0.0
2014-07-19 07:00:00,0.3094207011686143,0.0667946577629382,0.019151919866444,0.001,0.1395425709515859,0.0,0.0
2014-07-19 08:00:00,0.2405866666666666,0.0202416666666666,0.0189683333333333,0.001,0.0,0.0,0.0
2014-07-19 09:00:00,0.2092751677852349,0.0364714765100671,0.0189194630872483,0.001,0.0,0.0,0.0
2014-07-19 10:00:00,0.2337543859649122,0.0691030701754386,0.0190526315789473,0.001,0.0,0.0,0.0
2014-07-19 11:00:00,0.2155992578849721,0.0028812615955473,0.0083729128014842,0.0335454545454545,0.0,0.0,0.0
2014-07-19 12:00:00,0.9564244186046512,0.063829457364341,0.0609127906976744,0.0011666666666666,0.0,0.0,0.0986356589147286
2014-07-19 13:00:00,0.3359927404718693,0.0559745916515426,0.1016914700544464,0.001,0.0990036297640653,0.0,0.0114827586206896
2014-07-19 14:00:00,0.3183002159827214,0.0402138228941684,0.0049654427645788,0.001,0.0,0.0,0.0006544276457883
2014-07-19 15:00:00,0.6510748175182483,0.0350510948905109,0.004713503649635,0.0059817518248175,0.0853102189781021,0.0,0.0
2014-07-19 16:00:00,0.579744347826087,0.0622608695652173,0.0427304347826087,0.001,0.0,0.0,0.0
2014-07-19 17:00:00,0.43112,0.026425,0.183325,0.0362033333333333,0.0892716666666666,0.0,0.0
2014-07-19 18:00:00,0.294305,0.0329816666666666,0.1738966666666666,0.001,0.0,0.0,0.0
2014-07-19 19:00:00,0.424778947368421,0.0588017543859649,0.1691087719298245,0.040198245614035,0.0734807017543859,0.0,0.0
2014-07-19 20:00:00,0.2840691399662732,0.0039359190556492,0.1699848229342327,0.001,0.0,0.0,0.0
2014-07-19 21:00:00,0.3878175559380378,0.05692082616179,0.1485748709122203,0.001,0.0,0.0,0.0
2014-07-19 22:00:00,0.3276814310051107,0.0419608177172061,0.1388586030664395,0.001,0.0,0.0,0.0
2014-07-19 23:00:00,0.1633929765886287,0.0153511705685618,0.0237023411371237,0.001,0.0,0.0,0.0
2014-07-20 00:00:00,0.1504416666666666,0.0561333333333333,0.00575,0.001,0.0,0.0,0.0
2014-07-20 01:00:00,0.1440415973377704,0.0157620632279534,0.0051480865224625,0.001,0.0,0.0,0.0
2014-07-20 02:00:00,0.1508931552587646,0.0421001669449081,0.0092854757929883,0.001,0.0,0.0,0.0
2014-07-20 03:00:00,0.1489266666666666,0.044805,0.0047716666666666,0.001,0.0,0.0,0.0
2014-07-20 04:00:00,0.14223,0.01337,0.00481,0.001,0.0,0.0,0.0
2014-07-20 05:00:00,0.174455,0.0577733333333333,0.0047716666666666,0.001,0.0,0.0,0.0
2014-07-20 06:00:00,0.3607852348993289,0.0135536912751677,0.0942516778523489,0.001,0.1436459731543624,0.0,0.0
2014-07-20 07:00:00,0.1920493197278911,0.0446666666666666,0.0482125850340136,0.001,0.0,0.0,0.0
2014-07-20 08:00:00,1.078215719063545,0.047061872909699,0.0047709030100334,0.001,0.0,0.0,0.0
2014-07-20 09:00:00,1.9987659932659927,0.0411346801346801,0.0046902356902356,0.001,0.0735824915824915,0.0,0.0
2014-07-20 10:00:00,0.6858321678321678,0.069756993006993,0.004777972027972,0.001,0.1015541958041958,0.0,0.0
2014-07-20 11:00:00,0.5979077181208053,0.0214681208053691,0.0047751677852348,0.001,0.0912114093959731,0.0,0.0
2014-07-20 12:00:00,0.5853400000000001,0.04302,0.004775,0.001,0.0,0.0,0.0
2014-07-20 13:00:00,0.2992916666666667,0.0612416666666666,0.0047533333333333,0.001,0.1550783333333333,0.0,0.0
2014-07-20 14:00:00,0.211349040139616,0.0235078534031413,0.0047242582897033,0.0180855148342059,0.0,0.0,0.0326736474694589
2014-07-20 15:00:00,0.2498316666666666,0.0431266666666666,0.0047383333333333,0.001,0.0894,0.0,0.00053
2014-07-20 16:00:00,0.1553316666666666,0.0613666666666666,0.0047416666666666,0.001,0.0,0.0,0.0
2014-07-20 17:00:00,0.299255,0.030225,0.0366283333333333,0.0202433333333333,0.104575,0.0,0.0
2014-07-20 18:00:00,0.3346916666666666,0.0294933333333333,0.1915783333333333,0.001,0.0,0.0,0.0
2014-07-20 19:00:00,0.2960653465346535,0.0508970297029703,0.0693742574257425,0.001,0.0,0.0,0.0
2014-07-20 20:00:00,0.2487300724637681,0.0089474637681159,0.1088079710144927,0.001,0.0,0.0,0.0
2014-07-20 21:00:00,0.4171516393442623,0.036483606557377,0.1541495901639344,0.001,0.132672131147541,0.0,0.0
2014-07-20 22:00:00,0.1538909395973154,0.0553422818791946,0.0048640939597315,0.001,0.0,0.0,0.0
2014-07-20 23:00:00,0.1395177664974619,0.0034179357021996,0.0047732656514382,0.001,0.0,0.0,0.0
2014-07-21 00:00:00,0.1484227504244482,0.051981324278438,0.0047385398981324,0.001,0.0,0.0,0.0
2014-07-21 01:00:00,0.1470983333333333,0.040835,0.0051166666666666,0.001,0.0,0.0,0.0
2014-07-21 02:00:00,0.1444647651006711,0.0153338926174496,0.0093389261744966,0.001,0.0,0.0,0.0
2014-07-21 03:00:00,0.1482752136752136,0.052851282051282,0.0047487179487179,0.001,0.0,0.0,0.0
2014-07-21 04:00:00,0.14216,0.0149933333333333,0.0048,0.001,0.0,0.0,0.0
2014-07-21 05:00:00,0.6796905158069884,0.0387504159733777,0.0047787021630615,0.001,0.1035790349417637,0.0,0.0076988352745424
2014-07-21 06:00:00,0.8243344537815126,0.0585411764705882,0.0109663865546218,0.001,0.141744537815126,0.0,0.0430319327731092
2014-07-21 07:00:00,1.4341495798319326,0.0136302521008403,0.0951428571428571,0.001,0.0,0.0,0.0006
2014-07-21 08:00:00,0.5387371134020619,0.0411718213058419,0.1476907216494845,0.001,0.0,0.0,0.0
2014-07-21 09:00:00,0.2973902847571189,0.0464991624790619,0.0049430485762144,0.001,0.0,0.0,0.0
2014-07-21 10:00:00,0.1456996587030716,0.0191433447098976,0.0047815699658703,0.001,0.0,0.0,0.0
2014-07-21 11:00:00,0.288,0.0708986254295532,0.0047147766323024,0.001,0.1247422680412371,0.0,0.0
2014-07-21 12:00:00,0.3355254988913525,0.0339578713968957,0.1227827050997782,0.001,0.0748381374722838,0.0,0.0
2014-07-21 13:00:00,0.3037330960854092,0.0296565836298932,0.1043362989323843,0.001,0.0822633451957295,0.0,0.0
2014-07-21 14:00:00,0.3272521891418564,0.0448493870402802,0.1694413309982486,0.0088528896672504,0.0040455341506129,0.0,0.0
2014-07-21 15:00:00,0.4822357859531772,0.0642591973244147,0.1316521739130434,0.001,0.2030066889632107,0.0,0.0
2014-07-21 16:00:00,1.0255175292153589,0.0356878130217028,0.1668681135225375,0.001,0.0,0.0,0.0
2014-07-21 17:00:00,1.0716217162872153,0.061339754816112,0.0049737302977232,0.0858949211908931,0.0,0.0,0.0
2014-07-21 18:00:00,0.5683930041152263,0.0519506172839506,0.0874465020576131,0.0323806584362139,0.0,0.0,0.0
2014-07-21 19:00:00,0.2063935264054514,0.0318279386712095,0.0215332197614991,0.0172844974446337,0.0,0.0,0.0
2014-07-21 20:00:00,0.2694487394957983,0.0281932773109243,0.1482436974789916,0.001,0.0,0.0,0.0
2014-07-21 21:00:00,0.3216163194444444,0.054640625,0.1731440972222222,0.001,0.0,0.0,0.0
2014-07-21 22:00:00,0.2110483333333333,0.04302,0.05714,0.001,0.0,0.0,0.0
2014-07-21 23:00:00,0.1409116666666666,0.01095,0.005655,0.001,0.0,0.0,0.0
2014-07-22 00:00:00,0.148683860232945,0.0549567387687188,0.0047487520798668,0.001,0.0,0.0,0.0
2014-07-22 01:00:00,0.1475083892617449,0.0470704697986577,0.0051627516778523,0.001,0.0,0.0,0.0
2014-07-22 02:00:00,0.142865,0.0069783333333333,0.009265,0.001,0.0,0.0,0.0
2014-07-22 03:00:00,0.1478569051580698,0.0525158069883527,0.0048036605657237,0.001,0.0,0.0,0.0
2014-07-22 04:00:00,0.1476494156928214,0.0448697829716193,0.0048247078464106,0.001,0.0,0.0,0.0
2014-07-22 05:00:00,0.1391297836938436,0.0083277870216306,0.0047420965058236,0.001,0.0,0.0,0.0
2014-07-22 06:00:00,0.3996379018612521,0.0543045685279187,0.1170879864636209,0.001,0.1054331641285956,0.0,0.0513282571912013
2014-07-22 07:00:00,0.3706260434056761,0.0333439065108514,0.1363455759599332,0.001,0.1065559265442404,0.0,0.000889816360601
2014-07-22 08:00:00,0.8256581196581196,0.0208564102564102,0.0049299145299145,0.001,0.0,0.0,0.0
2014-07-22 09:00:00,0.6786996644295302,0.0569228187919463,0.00475,0.0010016778523489,0.0577785234899328,0.0,0.0
2014-07-22 10:00:00,0.15027,0.0128283333333333,0.0047966666666666,0.001,0.0,0.0,0.0
2014-07-22 11:00:00,0.1554616666666666,0.0412783333333333,0.0047599999999999,0.0010083333333333,0.0,0.0,0.0
2014-07-22 12:00:00,0.1566688851913477,0.0495657237936772,0.0047054908485856,0.001,0.0,0.0,0.0
2014-07-22 13:00:00,0.1433606010016694,0.0065141903171953,0.0047479131886477,0.0010033388981636,0.0,0.0,0.0
2014-07-22 14:00:00,0.255975,0.06624,0.0047483333333333,0.0010016666666666,0.070945,0.0,0.0
2014-07-22 15:00:00,0.3145110356536502,0.0410797962648556,0.1512665534804753,0.001,0.0,0.0,0.0265857385398981
2014-07-22 16:00:00,0.2776996587030717,0.0198088737201365,0.0149692832764505,0.001,0.1103037542662116,0.0,0.0004539249146757
2014-07-22 17:00:00,1.309686507936508,0.0831845238095238,0.0176865079365079,0.0405198412698412,0.0,0.0,0.006640873015873
2014-07-22 18:00:00,0.5636690017513134,0.0471068301225919,0.0191208406304728,0.001,0.0,0.0,0.0
2014-07-22 19:00:00,0.2958076256499133,0.0821213171577123,0.0225615251299826,0.001,0.0,0.0,0.0
2014-07-22 20:00:00,0.313378892733564,0.0157647058823529,0.0367750865051903,0.001,0.1351089965397924,0.0,0.0
2014-07-22 21:00:00,0.3253367346938775,0.0537448979591836,0.1151649659863945,0.001,0.0,0.0,0.0
2014-07-22 22:00:00,0.1689733777038269,0.0256222961730449,0.0049384359400998,0.001,0.0,0.0,0.0
2014-07-22 23:00:00,0.1554540901502504,0.0315475792988313,0.0047495826377295,0.001,0.0,0.0,0.0
2014-07-23 00:00:00,0.15766,0.057145,0.00475,0.0010033333333333,0.0,0.0,0.0
2014-09-01 00:00:00,,,,,,,
2014-09-01 01:00:00,,,,,,,
2014-09-01 02:00:00,,,,,,,
2014-09-01 03:00:00,,,,,,,
2014-09-01 04:00:00,,,,,,,
2014-09-01 05:00:00,,,,,,,
2014-09-01 06:00:00,,,,,,,
2014-09-01 07:00:00,,,,,,,
2014-09-01 08:00:00,,,,,,,
2014-09-01 09:00:00,,,,,,,
2014-09-01 10:00:00,,,,,,,
2014-09-01 11:00:00,,,,,,,
2014-09-01 12:00:00,,,,,,,
2014-09-01 13:00:00,,,,,,,
2014-09-01 14:00:00,,,,,,,
2014-09-01 15:00:00,,,,,,,
2014-09-01 16:00:00,1.8981142857142856,0.0264285714285714,0.0046857142857142,0.001,0.0,0.0,0.0
2014-09-01 17:00:00,0.8612954545454545,0.0272295454545454,0.0685954545454545,0.001,0.0960068181818181,0.0,0.0
2014-09-01 18:00:00,0.6703340961098398,0.0308627002288329,0.1870114416475972,0.001,0.0934508009153318,0.0,0.0
2014-09-01 19:00:00,0.5966492027334851,0.0565170842824601,0.0713189066059225,0.0009977220956719,0.0,0.0,0.0
2014-09-01 20:00:00,0.1437630979498861,0.0,0.0049157175398633,0.001,0.0,0.0,0.0
2014-09-01 21:00:00,0.1542295454545454,0.0552568181818181,0.0082522727272727,0.001,0.0,0.0,0.0
2014-09-01 22:00:00,0.3028871331828442,0.0477291196388261,0.1518510158013544,0.001,0.0,0.0,0.0
2014-09-01 23:00:00,0.2407945205479452,0.0097602739726027,0.1141141552511415,0.001,0.0,0.0,0.0
2014-09-02 00:00:00,0.1491809954751131,0.0551131221719457,0.0049276018099547,0.001,0.0,0.0,0.0
2014-09-02 01:00:00,0.1442961275626423,0.0203553530751708,0.0048109339407744,0.001,0.0,0.0,0.0
2014-09-02 02:00:00,0.1450179948586118,0.0377120822622108,0.0047429305912596,0.001,0.0,0.0,0.0
2014-09-02 03:00:00,0.1499740566037735,0.0418891509433962,0.009254716981132,0.001,0.0,0.0,0.0
2014-09-02 04:00:00,0.1404259681093394,0.0119043280182232,0.0048519362186788,0.001002277904328,0.0,0.0,0.0
2014-09-02 05:00:00,0.148695652173913,0.0529244851258581,0.0048100686498855,0.001,0.0,0.0,0.0
2014-09-02 06:00:00,0.2682351598173516,0.0002351598173515,0.0047579908675799,0.001,0.1219520547945205,0.0,0.0
2014-09-02 07:00:00,0.3076583143507972,0.0553735763097949,0.0048314350797266,0.0009977220956719,0.0,0.0,0.0
2014-09-02 08:00:00,0.5508551724137931,0.0001011494252873,0.0048114942528735,0.001,0.0973563218390804,0.0,0.0
2014-09-02 09:00:00,0.6135409090909091,0.0567840909090909,0.0290704545454545,0.0196954545454545,0.0,0.0,0.0
2014-09-02 10:00:00,0.1427460317460317,0.0157868480725623,0.0051156462585034,0.001,0.0,0.0,0.0
2014-09-02 11:00:00,0.1465799086757991,0.040579908675799,0.0048493150684931,0.001,0.0,0.0,0.0
2014-09-02 12:00:00,0.3261480637813211,0.0292323462414578,0.0047972665148063,0.0473621867881549,0.1266947608200455,0.0,0.0
2014-09-02 13:00:00,0.1920159090909091,0.0420136363636363,0.0048431818181818,0.001,0.0519454545454545,0.0,0.0
2014-09-02 14:00:00,0.1464255813953488,0.0400255813953488,0.0048116279069767,0.001,0.0,0.0,0.0
2014-09-02 15:00:00,0.1472318181818181,0.0126204545454545,0.0047931818181818,0.001,0.0,0.0,0.0
2014-09-02 16:00:00,0.1530778032036613,0.0560892448512585,0.0047688787185354,0.001,0.0,0.0,0.0
2014-09-02 17:00:00,0.3095535307517084,0.0089316628701594,0.0047653758542141,0.001,0.1499658314350797,0.0,0.0186560364464692
2014-09-02 18:00:00,0.2335068807339449,0.047591743119266,0.0047339449541284,0.001,0.0,0.0,0.1116743119266055
2014-09-02 19:00:00,0.1581156462585034,0.0276621315192743,0.0047913832199546,0.001,0.0,0.0,0.022015873015873
2014-09-02 20:00:00,0.3086859122401847,0.0287528868360277,0.1769237875288683,0.001,0.0,0.0,0.0
2014-09-02 21:00:00,0.3314920273348519,0.0475580865603644,0.1824783599088838,0.001,0.0,0.0,0.0
2014-09-02 22:00:00,0.3913348519362187,0.006881548974943,0.0420888382687927,0.001,0.1135558086560364,0.0,0.0907471526195899
2014-09-02 23:00:00,0.1513325740318906,0.053507972665148,0.0082847380410022,0.001,0.0,0.0,0.0006400911161731
2014-09-03 00:00:00,0.1462636363636363,0.0281977272727272,0.004840909090909,0.001,0.0,0.0,0.0
2014-09-03 01:00:00,0.1426666666666666,0.0251531531531531,0.0048333333333333,0.001,0.0,0.0,1.126126126126126e-05
2014-09-03 02:00:00,0.1486213151927437,0.0497800453514739,0.0051814058956916,0.001,0.0,0.0,0.0
2014-09-03 03:00:00,0.1428424657534246,0.0041438356164383,0.0093424657534246,0.001,0.0,0.0,0.0
2014-09-03 04:00:00,0.1480911161731207,0.0568063781321184,0.0047790432801822,0.001,0.0,0.0,0.0
2014-09-03 05:00:00,0.1382090909090909,0.0,0.0047886363636363,0.001,0.0014545454545454,0.0,0.0
2014-09-03 06:00:00,0.3112068181818181,0.0530545454545454,0.0048045454545454,0.001,0.1203454545454545,0.0,0.0
2014-09-03 07:00:00,0.9256467889908258,0.0288348623853211,0.0047935779816513,0.001,0.0904243119266055,0.0,0.0
2014-09-03 08:00:00,0.1481643835616438,0.0252374429223744,0.004824200913242,0.001,0.0,0.0,0.0
2014-09-03 09:00:00,0.1483143507972665,0.0454601366742596,0.0048542141230068,0.001,0.0,0.0,0.0
2014-09-03 10:00:00,0.2000686498855835,0.0069588100686498,0.0842677345537757,0.0010183066361556,0.0,0.0,0.0
2014-09-03 11:00:00,0.1756961451247165,0.0555079365079365,0.0375396825396825,0.0010022675736961,0.0,0.0,0.0
2014-09-03 12:00:00,0.1390774487471526,0.0,0.0048291571753986,0.001,0.0,0.0,0.0
2014-09-03 13:00:00,0.1497671232876712,0.0552146118721461,0.0048127853881278,0.001,0.0,0.0,0.0
2014-09-03 14:00:00,0.1478276643990929,0.0,0.0165079365079365,0.0010022675736961,0.0,0.0,0.0
2014-09-03 15:00:00,0.258025,0.056775,0.1053818181818181,0.001,0.0,0.0,0.0
2014-09-03 16:00:00,0.1969438202247191,0.000126404494382,0.005188202247191,0.0537921348314606,0.0,0.0,0.0
2014-09-03 17:00:00,0.4773584474885844,0.0558789954337899,0.0945730593607306,0.1223881278538812,0.1092077625570776,0.0,0.0
2014-09-03 18:00:00,0.3010022831050228,0.0356963470319634,0.1824954337899543,0.001,0.0,0.0,0.0
2014-09-03 19:00:00,0.3357868480725623,0.0220816326530612,0.1805374149659863,0.001,0.0,0.0,0.0
2014-09-03 20:00:00,0.7843401360544218,0.0501088435374149,0.1853356009070295,0.001,0.098517006802721,0.0,0.0
2014-09-03 21:00:00,0.3955148063781321,0.0106013667425968,0.0365421412300683,0.001,0.0,0.0,0.0
2014-09-03 22:00:00,0.7355467289719626,0.0616682242990654,0.1630887850467289,0.001,0.0,0.0,0.0
2014-09-03 23:00:00,0.3005633802816901,0.0361854460093896,0.1605305164319249,0.001,0.0,0.0,0.0
2014-09-04 00:00:00,0.1501705069124423,0.0248801843317972,0.0049193548387096,0.001,0.0,0.0,0.0
2014-09-04 01:00:00,0.1578009259259259,0.0567893518518518,0.0048032407407407,0.001,0.0,0.0,0.0
2014-09-04 02:00:00,0.1435609195402299,0.0018344827586206,0.005071264367816,0.001,0.0,0.0,0.0
2014-09-04 03:00:00,0.1539153318077803,0.0567116704805492,0.0094118993135011,0.001,0.0,0.0,0.0
2014-09-04 04:00:00,0.1390706150341685,0.0,0.004760820045558,0.001,0.0,0.0,0.0
2014-09-04 05:00:00,0.1493090909090909,0.0557863636363636,0.0047454545454545,0.001,0.0,0.0,0.0
2014-09-04 06:00:00,0.1499661399548532,0.0125124153498871,0.0047516930022573,0.001,0.0,0.0,0.0
2014-09-04 07:00:00,0.4760936073059361,0.0454611872146118,0.0047374429223744,0.001,0.1402168949771689,0.0,0.0
2014-09-04 08:00:00,0.1999321266968325,0.0289049773755656,0.0439366515837104,0.001,0.0,0.0,0.0
2014-09-04 09:00:00,0.1426357466063348,0.0249547511312217,0.0049343891402714,0.001,0.0,0.0,0.0
2014-09-04 10:00:00,0.1409723320158102,0.0,0.0048043478260869,0.001,0.0,0.0,0.0
2014-09-04 11:00:00,0.344917089678511,0.0505566835871404,0.0048071065989847,0.001,0.1368477157360406,0.0387157360406091,0.0
2014-09-04 12:00:00,0.1416147260273972,0.0236986301369863,0.0048047945205479,0.001,0.0,0.0,0.0
2014-09-04 13:00:00,0.1487603993344425,0.0564908485856905,0.004828618968386,0.0010016638935108,0.0,0.0,0.0
2014-09-04 14:00:00,0.1453976705490848,0.0,0.0048019966722129,0.001,0.0,0.0,0.0
2014-09-04 15:00:00,0.165377133105802,0.0545136518771331,0.0047883959044368,0.001,0.0,0.0,0.0
2014-09-04 16:00:00,1.0349658848614072,0.0490724946695095,0.0047718550106609,0.001,0.0,0.0,0.0
2014-09-04 17:00:00,0.2081176470588235,0.0186016806722689,0.0047529411764705,0.001,0.0685512605042016,0.0,0.0
2014-09-04 18:00:00,0.6225283333333334,0.0635016666666666,0.0047783333333333,0.001,0.0,0.0,0.0
2014-09-04 19:00:00,0.88675,0.0503033333333333,0.0082133333333333,0.001,0.1081833333333333,0.0,0.0
2014-09-04 20:00:00,0.5172652027027027,0.0217719594594594,0.0222820945945945,0.001,0.0998445945945945,0.0,0.0
2014-09-04 21:00:00,0.4153456998313659,0.0487908937605396,0.0142580101180438,0.001,0.0,0.0,0.0
2014-09-04 22:00:00,0.3439433333333333,0.0516583333333333,0.0865233333333333,0.001,0.0,0.0,0.0
2014-09-04 23:00:00,0.1386883333333333,0.00277,0.0050433333333333,0.001,0.0,0.0,0.0
2014-09-05 00:00:00,0.1480966666666666,0.0539433333333333,0.00478,0.001,0.0,0.0,0.0
2014-09-05 01:00:00,0.1442567114093959,0.0207969798657718,0.0051442953020134,0.001,0.0,0.0,0.0
2014-09-05 02:00:00,0.1472883333333333,0.0333133333333333,0.009355,0.001,0.0,0.0,0.0
2014-09-05 03:00:00,0.1458668885191347,0.0393860232945091,0.0047803660565723,0.001,0.0,0.0,0.0
2014-09-05 04:00:00,0.1398697829716193,0.0147462437395659,0.0048146911519198,0.001,0.0,0.0,0.0
2014-09-05 05:00:00,0.1649320557491289,0.0493205574912892,0.0048205574912891,0.001,0.0,0.0,0.0
2014-09-05 06:00:00,0.4804597902097902,0.0030681818181818,0.0048566433566433,0.001,0.1977622377622377,0.0,0.0
2014-09-05 07:00:00,0.6167731092436974,0.0554924369747899,0.0048016806722689,0.001,0.0437647058823529,0.0,0.0
2014-09-05 08:00:00,0.6739916387959867,0.0014548494983277,0.0757692307692307,0.030938127090301,0.0,0.0,0.0
2014-09-05 09:00:00,0.2389479865771812,0.0516795302013422,0.1105687919463087,0.001,0.0,0.0,0.0
2014-09-05 10:00:00,0.1865274542429284,0.0038585690515806,0.0691647254575707,0.001,0.0,0.0,0.0
2014-09-05 11:00:00,0.1939563758389261,0.0600922818791946,0.0051375838926174,0.001,0.052739932885906,0.0,0.0
2014-09-05 12:00:00,0.2918266666666667,0.0516266666666666,0.0052466666666666,0.016935,0.0894916666666666,0.0470833333333333,0.0
2014-09-05 13:00:00,0.1376033333333333,0.00613,0.0052916666666666,0.001,0.0,0.0,0.0
2014-09-05 14:00:00,0.227890756302521,0.0639008403361344,0.0048100840336134,0.0108873949579831,0.0,0.0431731092436974,0.0
2014-09-05 15:00:00,0.2561318864774624,0.0001252086811352,0.004829716193656,0.001,0.1250267111853088,0.0,0.0
2014-09-05 16:00:00,0.1472,0.0504709677419354,0.004716129032258,0.001,0.0,0.0,0.0
2014-09-05 17:00:00,0.4397314974182444,0.0086557659208261,0.0573012048192771,0.132407917383821,0.0590189328743545,0.0,0.0327160068846815
2014-09-05 18:00:00,1.0944863731656185,0.0418658280922431,0.02620964360587,0.2766394129979035,0.0,0.0593731656184486,0.0
2014-09-05 19:00:00,0.354115,0.0310866666666666,0.1539883333333333,0.0013116666666666,0.0002133333333333,0.0429483333333333,0.0
2014-09-05 20:00:00,0.3172457627118644,0.0321796610169491,0.1846830508474576,0.0009983050847457,0.0,0.0,6.779661016949153e-06
2014-09-05 21:00:00,0.6923339041095891,0.0544640410958904,0.1300393835616438,0.001,0.0,0.0,0.0
2014-09-05 22:00:00,0.5776083333333334,0.0072533333333333,0.005,0.001,0.0,0.0,0.0
2014-09-05 23:00:00,0.1515466666666666,0.06043,0.0048266666666666,0.0010016666666666,0.0,0.0,0.0
2014-09-06 00:00:00,0.1418849999999999,0.0088383333333333,0.004865,0.001,0.0,0.0,0.0
2014-09-06 01:00:00,0.1489966666666666,0.0514783333333333,0.00513,0.001,0.0,0.0,0.0
2014-09-06 02:00:00,0.1498433333333333,0.0293116666666666,0.0093033333333333,0.001,0.0,0.0,0.0
2014-09-06 03:00:00,0.1440766666666666,0.0290583333333333,0.0048166666666666,0.001,0.0,0.0,0.0
2014-09-06 04:00:00,0.1508481228668942,0.0467866894197952,0.0047815699658703,0.001,0.0,0.0,0.0
2014-09-06 05:00:00,0.1457222222222222,0.0099208754208754,0.0047356902356902,0.001,0.0,0.0,0.0
2014-09-06 06:00:00,0.4883671742808798,0.0557884940778341,0.0048274111675126,0.001,0.1532301184433164,0.0,0.0
2014-09-06 07:00:00,0.319226510067114,0.0109479865771812,0.0393909395973154,0.001,0.0896812080536912,0.0,0.0596845637583892
2014-09-06 08:00:00,0.2817266666666667,0.0464549999999999,0.0049299999999999,0.001,0.06529,0.0,0.0004466666666666
2014-09-06 09:00:00,0.3088933333333333,0.0285383333333333,0.0047883333333333,0.001,0.0,0.0,0.0
2014-09-06 10:00:00,0.1500875,0.0327791666666666,0.0048479166666666,0.001,0.0,0.0,0.0
2014-09-06 11:00:00,0.146467336683417,0.0447202680067001,0.0048157453936348,0.001,0.0,0.0,0.0
2014-09-06 12:00:00,0.2387979966611018,0.0126594323873121,0.0072854757929883,0.001,0.0961135225375626,0.0,0.0
2014-09-06 13:00:00,0.148731543624161,0.0566174496644295,0.0126392617449664,0.001,0.0,0.0,0.0
2014-09-06 14:00:00,0.138045,0.0,0.0048133333333333,0.001,0.0,0.0,0.0
2014-09-06 15:00:00,0.3317716666666666,0.065745,0.0048133333333333,0.001,0.12515,0.0,0.0596633333333333
2014-09-06 16:00:00,0.1649138655462184,0.0366932773109243,0.0047647058823529,0.0009978991596638,0.0,0.0,0.0087857142857142
2014-09-06 17:00:00,0.3214340659340659,0.0291684981684981,0.0047857142857142,0.0234706959706959,0.1343058608058608,0.0,0.0157930402930402
2014-09-06 18:00:00,1.0844312080536913,0.0596107382550335,0.107,0.017234899328859,0.0,0.0,0.0
2014-09-06 19:00:00,0.3447001795332136,0.0083482944344703,0.1826193895870736,0.001,0.0,0.0,0.0
2014-09-06 20:00:00,0.4502568306010929,0.0539016393442622,0.1779799635701275,0.001,0.0852495446265938,0.0,0.0
2014-09-06 21:00:00,0.3489174664107485,0.0326161228406909,0.171214971209213,0.001,0.0,0.0,0.0
2014-09-06 22:00:00,0.2080932835820895,0.0204757462686567,0.0623694029850746,0.001,0.0,0.0,0.0
2014-09-06 23:00:00,0.1485163636363636,0.054110909090909,0.005110909090909,0.001,0.0,0.0,0.0
2014-09-07 00:00:00,0.1384877622377622,0.0,0.0048111888111888,0.001,0.0,0.0,0.0
2014-09-07 01:00:00,0.1483933823529412,0.0540753676470588,0.0052297794117647,0.001,0.0,0.0,0.0
2014-09-07 02:00:00,0.141878842676311,0.0,0.0091717902350813,0.001,0.0,0.0,0.0
2014-09-07 03:00:00,0.1597077205882353,0.05775,0.0047996323529411,0.0110698529411764,0.0,0.0,0.0
2014-09-07 04:00:00,0.1416048689138576,0.0127865168539325,0.0047752808988764,0.001,0.0,0.0,0.0
2014-09-07 05:00:00,0.1709910873440285,0.0440748663101604,0.004837789661319,0.001,0.0,0.0,0.0
2014-09-07 06:00:00,0.1884829443447037,0.0177055655296229,0.0056660682226211,0.0107899461400359,0.0,0.0,0.0492441651705565
2014-09-07 07:00:00,0.6672275042444822,0.0463599320882852,0.1016943972835314,0.001,0.1418607809847198,0.0,0.0276044142614601
2014-09-07 08:00:00,1.1646192109777016,0.0446963979416809,0.0069742710120068,0.001,0.075271012006861,0.0488181818181818,0.0004802744425385
2014-09-07 09:00:00,0.3701845018450185,0.0106974169741697,0.0192656826568265,0.0285756457564575,0.141350553505535,0.0,0.0
2014-09-07 10:00:00,1.051631118881119,0.0842412587412587,0.019277972027972,0.0010017482517482,0.0,0.0,0.0
2014-09-07 11:00:00,0.7887404844290657,0.01819723183391,0.0214377162629757,0.0010034602076124,0.0,0.0,0.0466297577854671
2014-09-07 12:00:00,0.7761476510067113,0.0645151006711409,0.0192617449664429,0.001,0.1098322147651006,0.0,0.088748322147651
2014-09-07 13:00:00,0.267246644295302,0.0305,0.019234899328859,0.001,0.0572617449664429,0.0,0.043738255033557
2014-09-07 14:00:00,0.2814510250569476,0.0609726651480637,0.0192687927107061,0.0133735763097949,0.1048952164009111,0.0,0.0003667425968109
2014-09-07 15:00:00,0.169232269503546,0.0572234042553191,0.0192216312056737,0.001,0.0,0.0,0.0
2014-09-07 16:00:00,1.2973636363636365,0.0275488850771869,0.0190240137221269,0.001,0.0,0.0,0.0
2014-09-07 17:00:00,1.9825300546448088,0.070271402550091,0.1127322404371584,0.001,0.0,0.0,0.0
2014-09-07 18:00:00,0.7913669724770642,0.0134568807339449,0.0873100917431192,0.0509779816513761,3.669724770642202e-06,0.0,0.0
2014-09-07 19:00:00,0.8235889679715303,0.0651459074733096,0.1666512455516014,0.001,0.0,0.0,0.0
2014-09-07 20:00:00,0.5203615107913668,0.0297104316546762,0.1260665467625899,0.0224262589928057,0.0,0.0,0.0
2014-09-07 21:00:00,0.1799442307692307,0.0316346153846153,0.0227615384615384,0.001,0.0,0.0,0.0
2014-09-07 22:00:00,0.1651597744360902,0.0550112781954887,0.0088421052631578,0.001,0.0,0.0,0.0
2014-09-07 23:00:00,0.1503157894736842,0.0075607287449392,0.0047955465587044,0.001,0.0,0.0,0.0
2014-09-08 00:00:00,0.1580883458646616,0.0613740601503759,0.0048176691729323,0.001,0.0,0.0,0.0
2014-09-08 01:00:00,0.1497606382978723,0.0,0.0052163120567375,0.0010017730496453,0.0,0.0,0.0
2014-09-08 02:00:00,0.1608069852941176,0.0556176470588235,0.0093088235294117,0.0010036764705882,0.0,0.0,0.0
2014-09-08 03:00:00,0.1517163375224416,0.0065116696588868,0.0048258527827648,0.001,0.0,0.0,0.0
2014-09-08 04:00:00,0.1557527075812274,0.0485018050541516,0.0047797833935018,0.001,0.0,0.0,0.0
2014-09-08 05:00:00,0.2864606365159128,0.0123718592964824,0.0048123953098827,0.001,0.1358659966499162,0.0,0.0
2014-09-08 06:00:00,0.438559265442404,0.0440951585976627,0.004813021702838,0.0010868113522537,0.1025659432387312,0.0,0.0
2014-09-08 07:00:00,1.9171011804384488,0.0560826306913996,0.0048094435075885,0.001,0.0,0.0312698145025295,0.0
2014-09-08 08:00:00,0.423829431438127,0.0,0.004814381270903,0.001,0.0,0.0,0.0
2014-09-08 09:00:00,0.3184779661016949,0.0565949152542372,0.0048355932203389,0.001,0.0,0.0,0.0
2014-09-08 10:00:00,0.1478151260504201,0.0,0.004853781512605,0.0010033613445378,0.0,0.0,0.0
2014-09-08 11:00:00,0.1558051724137931,0.0563689655172413,0.0048258620689655,0.0010068965517241,0.0,0.0,0.0
2014-09-08 12:00:00,0.1487614991482112,0.006655877342419,0.0048109028960817,0.001,0.0,0.0,0.0
2014-09-08 13:00:00,0.1551333333333333,0.0533149999999999,0.0048216666666666,0.001,0.0,0.0,0.0
2014-09-08 14:00:00,0.1609533333333333,0.011595,0.004825,0.001,0.0,0.0,0.0
2014-09-08 15:00:00,0.4018319327731092,0.0468184873949579,0.0047714285714285,0.070635294117647,0.1605109243697479,0.0,0.0
2014-09-08 16:00:00,1.0752840336134455,0.0363495798319327,0.0047966386554621,0.001,0.0,0.0,0.0849798319327731
2014-09-08 17:00:00,0.3100862944162437,0.0251302876480541,0.0048409475465313,0.001,0.0,0.0,0.0005313028764805
2014-09-08 18:00:00,0.4386266666666666,0.0545733333333333,0.1779133333333333,0.001,0.11495,0.0,0.0
2014-09-08 19:00:00,0.2958210332103321,0.0013450184501845,0.1879022140221402,0.001,0.0,0.0,0.0
2014-09-08 20:00:00,0.3887029360967184,0.0598894645941278,0.1874455958549223,0.001,0.0,0.0,0.0
2014-09-08 21:00:00,0.3941195286195286,0.0,0.1267659932659932,0.001,0.0,0.0,0.0
2014-09-08 22:00:00,0.385900166389351,0.0581564059900166,0.0086555740432612,0.001,0.1120599001663893,0.0,0.0729617304492512
2014-09-08 23:00:00,0.1497915966386554,0.0,0.0047915966386554,0.001,0.0,0.0,0.0005411764705882
2014-09-09 00:00:00,0.1563136593591905,0.0571922428330522,0.0048735244519392,0.001,0.0,0.0,0.0
2014-09-09 01:00:00,0.1478703703703703,0.0,0.0051801346801346,0.001,0.0,0.0,0.0
2014-09-09 02:00:00,0.1592166666666666,0.05947,0.0092566666666666,0.001,0.0,0.0,0.0
2014-09-09 03:00:00,0.1474133333333333,0.0,0.0047866666666666,0.001,0.0,0.0,0.0
2014-09-09 04:00:00,0.1585110356536502,0.0563310696095076,0.0048132427843803,0.001,0.0,0.0,0.0
2014-09-09 05:00:00,0.1552469982847341,0.0,0.0048130360205831,0.001,0.0,0.0,0.0
2014-09-09 06:00:00,0.394140350877193,0.0545701754385964,0.004798245614035,0.001,0.1281912280701754,0.0,0.0
2014-09-09 07:00:00,0.1823797250859106,0.0001546391752577,0.0048556701030927,0.001,0.0,0.0,0.0
2014-09-09 08:00:00,0.1555666074600355,0.0558525754884547,0.004817051509769,0.001,0.0,0.0,0.0
2014-09-09 09:00:00,1.0763224137931031,0.0001724137931034,0.0907637931034482,0.001,0.0,0.0,0.0
2014-09-09 10:00:00,0.6038846153846154,0.0557150349650349,0.0051398601398601,0.001,0.0,0.0,0.0
2014-09-09 11:00:00,0.1492218430034129,0.0022986348122866,0.0048276450511945,0.001,0.0,0.0,0.0
2014-09-09 12:00:00,0.2701958762886598,0.0649570446735395,0.0048573883161512,0.001,0.108733676975945,0.0,0.0
2014-09-09 13:00:00,0.1512659932659932,0.0141868686868686,0.0048063973063973,0.001,0.0,0.0,0.0
2014-09-09 14:00:00,0.1584536256323777,0.0473490725126475,0.004831365935919,0.001,0.0,0.0,0.0
2014-09-09 15:00:00,0.1542692307692307,0.0280468227424749,0.0048428093645484,0.001,0.0,0.0,0.0
2014-09-09 16:00:00,0.7236543209876543,0.0393403880070546,0.0420405643738977,0.001,0.0,0.0,0.0
2014-09-09 17:00:00,0.7043269565217392,0.0522417391304347,0.1567043478260869,0.001,0.0,0.0,0.0232991304347826
2014-09-09 18:00:00,0.4418876811594203,0.0151847826086956,0.1791159420289855,0.001,0.1398731884057971,0.0,0.0003043478260869
2014-09-09 19:00:00,0.6275656324582338,0.060272076372315,0.1812744630071599,0.0011145584725536,0.0,0.0,0.0
2014-09-09 20:00:00,0.4456209813874788,0.0308832487309644,0.1785532994923857,0.001,0.0,0.0,0.0
2014-09-09 21:00:00,0.2939243697478991,0.0279680672268907,0.0291495798319327,0.001,0.096072268907563,0.0,0.0
2014-09-09 22:00:00,0.162625,0.0558733333333333,0.0083866666666666,0.001,0.0,0.0,0.0
2014-09-09 23:00:00,0.1488283333333333,0.0100983333333333,0.0048016666666666,0.001,0.0,0.0,0.0
2014-09-10 00:00:00,0.1538833333333333,0.0462183333333333,0.00478,0.001,0.0,0.0,0.0
2014-09-10 01:00:00,0.1532252100840336,0.0301378151260504,0.0051932773109243,0.001,0.0,0.0,0.0
2014-09-10 02:00:00,0.1544847972972973,0.0254695945945945,0.0094239864864864,0.001,0.0,0.0,0.0
2014-09-10 03:00:00,0.178405,0.043835,0.0366066666666666,0.001,0.0,0.0,0.0
2014-09-10 04:00:00,0.1782366666666666,0.01147,0.0448766666666666,0.001,0.0,0.0,0.0
2014-09-10 05:00:00,0.3645666666666666,0.0510533333333333,0.0450516666666666,0.001,0.1205866666666666,0.0,0.0
2014-09-10 06:00:00,0.3617126050420168,0.0128605042016806,0.0449747899159663,0.001,0.0,0.0,0.0
2014-09-10 07:00:00,0.2087591973244147,0.0521588628762541,0.0470568561872909,0.001,0.0,0.0204030100334448,0.0
2014-09-10 08:00:00,0.146463986599665,0.0,0.0050301507537688,0.001001675041876,0.0,0.0,0.0
2014-09-10 09:00:00,0.1547233333333333,0.0545099999999999,0.00482,0.001,0.0,0.0,0.0
2014-09-10 10:00:00,0.1459861830742659,0.0,0.0048272884283246,0.001,0.0,0.0,0.0
2014-09-10 11:00:00,0.2305453020134228,0.0588154362416107,0.0835687919463087,0.001,0.0,0.0,0.0
2014-09-10 12:00:00,0.1464698996655518,0.0,0.0050167224080267,0.001,0.0,0.0,0.0
2014-09-10 13:00:00,0.1558883333333333,0.0604766666666666,0.0048333333333333,0.0010016666666666,0.0,0.0,0.0
2014-09-10 14:00:00,0.3992402707275804,0.023321489001692,0.1142250423011844,0.1248984771573604,0.0,0.0,0.0
2014-09-10 15:00:00,0.2095183333333333,0.0381466666666666,0.005755,0.001,0.0,0.0,0.0
2014-09-10 16:00:00,0.3909411764705882,0.049126050420168,0.0048050420168067,0.001,0.131635294117647,0.0,0.0796184873949579
2014-09-10 17:00:00,0.1830316139767055,0.009206322795341,0.0047404326123128,0.001,0.0,0.0,0.0244193011647254
2014-09-10 18:00:00,0.2099782971619365,0.0565442404006677,0.0396160267111853,0.001,0.0,0.0,0.0291953255425709
2014-09-10 19:00:00,0.8354285714285714,0.0043792517006802,0.0049948979591836,0.001,0.0,0.0,0.0002891156462585
2014-09-10 20:00:00,0.7581460101867572,0.0585144312393887,0.0247130730050933,0.001,0.0,0.0,0.0
2014-09-10 21:00:00,0.8256515912897823,0.0201306532663316,0.1541541038525963,0.001001675041876,0.0,0.0330351758793969,0.0
2014-09-10 22:00:00,0.2194,0.0388372881355932,0.0499966101694915,0.001,0.0,0.0,0.0
2014-09-10 23:00:00,0.1775740432612312,0.0295790349417637,0.022485856905158,0.001,0.0,0.0,2.6622296173044925e-05
2014-09-11 00:00:00,0.1684390651085142,0.0304808013355592,0.0172387312186978,0.001,0.0,0.0,0.0
2014-09-11 01:00:00,0.1564941569282137,0.0338831385642737,0.0051502504173622,0.001,0.0,0.0,0.0
2014-09-11 02:00:00,0.1567391304347826,0.0245217391304347,0.0093060200668896,0.001,0.0,0.0,0.0
2014-09-11 03:00:00,0.156,0.0360605042016806,0.0048487394957983,0.001,0.0,0.0,0.0
2014-09-11 04:00:00,0.1517316666666666,0.0206966666666666,0.0047933333333333,0.001,0.0,0.0,0.0
2014-09-11 05:00:00,0.32665,0.0420333333333333,0.0048183333333333,0.001,0.1225366666666666,0.0,0.0
2014-09-11 06:00:00,0.9226939799331104,0.0164882943143812,0.0273729096989966,0.001,0.103886287625418,0.0,0.0
2014-09-11 07:00:00,0.2823677966101695,0.0539915254237288,0.0556135593220339,0.001,0.0,0.0223389830508474,0.0
2014-09-11 08:00:00,0.1470066666666666,0.0,0.0050383333333333,0.001,0.0,0.0,0.0
2014-09-11 09:00:00,0.1560716666666666,0.0557433333333333,0.0048133333333333,0.001,0.0,0.0,0.0
2014-09-11 10:00:00,0.1471228956228956,0.0,0.0048670033670033,0.001,0.0,0.0,0.0
2014-09-11 11:00:00,0.1555383333333333,0.0616466666666666,0.00481,0.0010016666666666,0.0,0.0,0.0
2014-09-11 12:00:00,0.1472966666666666,0.0,0.0048266666666666,0.001,0.0,0.0,0.0
2014-09-11 13:00:00,0.1558133333333333,0.0592883333333333,0.0048083333333333,0.001,0.0,0.0,0.0
2014-09-11 14:00:00,0.1527299999999999,0.0,0.0048083333333333,0.001,0.0,0.0,0.0
2014-09-11 15:00:00,0.3550831946755408,0.0661680532445923,0.064720465890183,0.001,0.140675540765391,0.0,0.0
2014-09-11 16:00:00,0.3187255892255892,0.0371616161616161,0.1749208754208754,0.001,0.0,0.0176228956228956,0.0
2014-09-11 17:00:00,0.2759365079365079,0.0229329805996472,0.1601446208112874,0.001,0.0,0.0,0.0
2014-09-11 18:00:00,0.312556506849315,0.0609212328767123,0.0685787671232876,0.0056523972602739,0.0,0.0319948630136986,0.0048373287671232
2014-09-11 19:00:00,0.3366428571428572,0.011156462585034,0.1888554421768707,0.0033265306122448,0.0,0.0,0.000406462585034
2014-09-11 20:00:00,0.354493288590604,0.0609429530201342,0.1799010067114094,0.001,0.0,0.0,0.0
2014-09-11 21:00:00,0.3340514579759863,9.777015437392795e-05,0.1749691252144082,0.001,0.0,0.0,0.0
2014-09-11 22:00:00,0.1675246179966044,0.0583089983022071,0.0090475382003395,0.001,0.0,0.0,0.0
2014-09-11 23:00:00,0.1503516666666666,0.004045,0.0047933333333333,0.0010016666666666,0.0,0.0,0.0
2014-09-12 00:00:00,0.155535,0.0529583333333333,0.0048216666666666,0.001,0.0,0.0,0.0
2014-09-12 01:00:00,0.15083,0.01249,0.005195,0.001,0.0,0.0,0.0
2014-09-12 02:00:00,0.1577696160267112,0.0448564273789649,0.0092120200333889,0.001,0.0,0.0,0.0
2014-09-12 03:00:00,0.15092,0.01543,0.0047933333333333,0.001,6.666666666666668e-06,0.0,0.0
2014-09-12 04:00:00,0.1767707979626485,0.0388981324278438,0.0355772495755517,0.001,0.0,0.0,0.0002716468590831
2014-09-12 05:00:00,0.4307239057239057,0.0205521885521885,0.1530942760942761,0.001,0.159010101010101,0.0,0.0
2014-09-12 06:00:00,0.3704165261382799,0.0376627318718381,0.0050118043844856,0.001,0.0,0.0,0.0
2014-09-12 07:00:00,0.2743616666666666,0.028545,0.0978816666666666,0.001,0.0,0.0,0.0
2014-09-12 08:00:00,0.166169877408056,0.0183415061295971,0.0227775831873905,0.001,0.0,0.0,0.0
2014-09-12 09:00:00,0.1529083333333333,0.0326983333333333,0.0048316666666666,0.001,0.0,0.0,0.0
2014-09-12 10:00:00,0.1498697829716193,0.0221202003338898,0.0048564273789649,0.001,0.0,0.0,0.0
2014-09-12 11:00:00,0.240415,0.03478,0.0048166666666666,0.0010033333333333,0.0675233333333333,0.0,0.0
2014-09-12 12:00:00,0.1640933333333333,0.0265333333333333,0.00482,0.001,0.0,0.0,0.0
2014-09-12 13:00:00,0.15347,0.03781,0.0048366666666666,0.0010016666666666,0.0,0.0,0.0
2014-09-12 14:00:00,0.2050283333333333,0.0175766666666666,0.0383466666666666,0.001,0.0,0.0,0.0
2014-09-12 15:00:00,0.26649,0.060535,0.11578,0.001,0.0,0.0,0.0008
2014-09-12 16:00:00,0.213251256281407,0.0006968174204355,0.0814505862646566,0.001,0.0,0.0,0.0
2014-09-12 17:00:00,0.1902066666666667,0.0547933333333333,0.0049633333333333,0.001,0.0,0.0,0.0126
2014-09-12 18:00:00,0.1461932773109243,0.0,0.0047596638655462,0.001,0.0,0.0,0.0
2014-09-12 19:00:00,0.1550651085141903,0.0541335559265442,0.0047979966611018,0.001,0.0,0.0,0.0
2014-09-12 20:00:00,0.1870562180579216,0.0165860306643952,0.0047512776831345,0.001,0.0,0.0,0.0
2014-09-12 21:00:00,0.4222090301003344,0.040757525083612,0.1046605351170568,0.0009966555183946,0.0,0.0,0.0
2014-09-12 22:00:00,0.2780339558573854,0.0223480475382003,0.0087724957555178,0.001,0.0,0.0,0.1085806451612903
2014-09-12 23:00:00,0.1798566666666666,0.0322666666666666,0.0048383333333333,0.0010033333333333,0.0,0.0,0.0223366666666666
2014-09-13 00:00:00,0.152855,0.0268183333333333,0.0048216666666666,0.0010016666666666,0.0,0.0,0.0
2014-09-13 01:00:00,0.1509733333333333,0.0272666666666666,0.005165,0.001,0.0,0.0,0.0
2014-09-13 02:00:00,0.1669783333333333,0.030275,0.0093516666666666,0.001,0.0,0.0,0.0187349999999999
2014-09-13 03:00:00,0.15094,0.0273016666666666,0.0048233333333333,0.001,0.0,0.0,0.00045
2014-09-13 04:00:00,0.151535,0.0250933333333333,0.0048133333333333,0.001,0.0,0.0,0.0
2014-09-13 05:00:00,0.2931812080536912,0.0277114093959731,0.0048020134228187,0.001,0.1135469798657718,0.0,0.0236342281879194
2014-09-13 06:00:00,0.4387931623931624,0.0405059829059829,0.0048205128205128,0.0171709401709401,0.0726358974358974,0.0,0.1126358974358974
2014-09-13 07:00:00,0.8503883333333333,0.02387,0.0441183333333333,0.0517783333333333,0.0,0.0,0.0706783333333333
2014-09-13 08:00:00,0.5327920133111481,0.0337321131447587,0.0511447587354409,0.001,0.0,0.0,0.0005124792013311
2014-09-13 09:00:00,0.2964257095158597,0.0202136894824707,0.0048347245409015,0.0010016694490818,0.0,0.0,0.0
2014-09-13 10:00:00,0.3584916666666666,0.04412,0.0048133333333333,0.001,0.1185383333333333,0.043665,0.0
2014-09-13 11:00:00,1.059966499162479,0.0045510887772194,0.0073919597989949,0.001,0.0814338358458961,0.0,0.0
2014-09-13 12:00:00,0.1779034334763948,0.0364399141630901,0.0193712446351931,0.001,0.0,0.0,0.0
2014-09-13 13:00:00,0.29117,0.040895,0.0141166666666666,0.001,0.1045433333333333,0.033555,0.0
2014-09-13 14:00:00,0.1493083333333333,0.0052833333333333,0.004825,0.001,0.0,0.0,0.0
2014-09-13 15:00:00,0.1571421404682274,0.0454515050167224,0.0047692307692307,0.001,0.0,0.0,0.0
2014-09-13 16:00:00,0.2717491694352159,0.0170199335548172,0.0048106312292358,0.001,0.1212840531561461,0.0,0.0
2014-09-13 17:00:00,1.51828810720268,0.0351524288107202,0.0596398659966499,0.001,0.0,0.0,0.01828810720268
2014-09-13 18:00:00,0.4446212121212121,0.0473299663299663,0.137506734006734,0.001,0.125496632996633,0.0,0.0004713804713804
2014-09-13 19:00:00,0.2779796672828096,0.0,0.1704731977818854,0.001,0.0,0.0,0.0
2014-09-13 20:00:00,0.3676296296296296,0.0478253968253968,0.1777583774250441,0.001,0.0,0.0,0.0
2014-09-13 21:00:00,0.340834179357022,0.0428815566835871,0.1663147208121827,0.001,0.0,0.0,0.0
2014-09-13 22:00:00,0.2864216666666667,0.004505,0.1784083333333333,0.0010016666666666,0.0,0.0,0.0
2014-09-13 23:00:00,0.2747145242070116,0.0459833055091819,0.1331035058430718,0.001,0.0,0.0,0.0
2014-09-14 00:00:00,0.1637746243739566,0.0112437395659432,0.0227662771285475,0.001,0.0,0.0,0.0
2014-09-14 01:00:00,0.1760718038528896,0.0329316987740805,0.0225586690017513,0.001,0.0,0.0,0.0
2014-09-14 02:00:00,0.1662683333333333,0.037585,0.0164266666666666,0.001,0.0,0.0,0.0
2014-09-14 03:00:00,0.1502849915682967,0.0095598650927487,0.0048499156829679,0.001,0.0,0.0,0.0
2014-09-14 04:00:00,0.1560133333333333,0.0468066666666666,0.00481,0.001,0.0,0.0,0.0
2014-09-14 05:00:00,0.1547171381031614,0.0,0.0048452579034941,0.001,0.0,0.0,0.0
2014-09-14 06:00:00,0.2355484949832775,0.047329431438127,0.0198561872909699,0.001,0.0824264214046822,0.0,0.0
2014-09-14 07:00:00,0.4251986644407345,0.0269532554257095,0.1293889816360601,0.001,0.019041736227045,0.0,0.0
2014-09-14 08:00:00,2.339633333333333,0.03664,0.0554716666666666,0.0615233333333333,0.074875,0.0438133333333333,0.0
2014-09-14 09:00:00,3.5677344537815125,0.0749731092436974,0.0192756302521008,0.001,1.3445378151260504e-05,0.0,0.0
2014-09-14 10:00:00,0.7289201331114809,0.0137104825291181,0.019026622296173,0.001,0.0,0.0,0.0
2014-09-14 11:00:00,0.7276293823038398,0.0428163606010016,0.1140567612687813,0.001,0.1399348914858096,0.0339966611018364,0.0
2014-09-14 12:00:00,0.291735,0.0454283333333333,0.015935,0.001,0.0,0.0,0.0139233333333333
2014-09-14 13:00:00,0.2031064891846921,0.0299351081530782,0.0496638935108153,0.001,0.0,0.0,0.0005391014975041
2014-09-14 14:00:00,0.3870016694490818,0.0255425709515859,0.0417395659432387,0.001,0.0,0.0,0.0
2014-09-14 15:00:00,1.6457936772046589,0.0457903494176372,0.0792046589018302,0.001,0.1320149750415973,0.0,0.0
2014-09-14 16:00:00,1.4142732240437157,0.0434590163934426,0.1890036429872495,0.0010382513661202,0.0,0.0,0.0
2014-09-14 17:00:00,2.6966575342465755,0.0387174657534246,0.1145530821917808,0.2444623287671233,0.0,0.0,0.0
2014-09-14 18:00:00,0.8059149305555555,0.0177170138888888,0.1198559027777777,0.0408472222222222,0.0,0.0,0.0
2014-09-14 19:00:00,0.7640268907563026,0.0423126050420168,0.1504033613445378,0.001,0.0,0.0,0.0
2014-09-14 20:00:00,0.4432816666666667,0.048185,0.1645766666666666,0.001,0.101495,0.0,0.0
2014-09-14 21:00:00,0.2202170283806344,0.0240701168614357,0.074041736227045,0.001,0.0,0.0,0.0
2014-09-14 22:00:00,0.1537766666666666,0.0255033333333333,0.0069016666666666,0.001,0.0,0.0,0.0
2014-09-14 23:00:00,0.1556139767054908,0.0458236272878535,0.0048352745424292,0.0010016638935108,0.0,0.0,0.0
2014-09-15 00:00:00,0.1532916666666666,0.0298966666666666,0.0048416666666666,0.001,0.0,0.0,0.0
2014-09-15 01:00:00,0.1508586030664395,0.016778534923339,0.0052521294718909,0.001,0.0,0.0,0.0
2014-09-15 02:00:00,0.1586393989983305,0.0456160267111853,0.0093572621035058,0.001,0.0,0.0,0.0
2014-09-15 03:00:00,0.1533627287853577,0.0284259567387687,0.0048136439267886,0.001,0.0,0.0,0.0
2014-09-15 04:00:00,0.1497966666666666,0.0180516666666666,0.0047916666666666,0.001,0.0,0.0,0.0
2014-09-15 05:00:00,0.31235,0.0472916666666666,0.004795,0.001,0.149005,0.0,0.0
2014-09-15 06:00:00,0.2963228621291448,0.0217347294938917,0.00482722513089,0.001,0.0,0.0,0.0
2014-09-15 07:00:00,1.9523616666666668,0.0269583333333333,0.0048016666666666,0.001,0.0,0.0,0.0
2014-09-15 08:00:00,0.4843683333333333,0.0443533333333333,0.004835,0.001,0.0,0.0,0.0
2014-09-15 09:00:00,0.2960866666666666,0.0,0.0047916666666666,0.001,0.0,0.0,0.0
2014-09-15 10:00:00,0.1604459234608985,0.0439500831946755,0.0114109816971713,0.001,6.655574043261231e-06,0.0,0.0
2014-09-15 11:00:00,0.2049333333333333,0.0400419047619047,0.0143333333333333,0.0193904761904761,0.0,0.0,0.0
2014-09-15 12:00:00,0.3923887915936953,0.0046654991243432,0.0519719789842381,0.0674203152364273,0.095185639229422,0.0,0.0
2014-09-15 13:00:00,0.1708671209540034,0.0447052810902896,0.0050425894378194,0.001,0.0,0.0,0.0
2014-09-15 14:00:00,0.1821747088186356,0.0296722129783693,0.0048153078202995,0.001,0.0,0.0,0.0
2014-09-15 15:00:00,0.2090044052863436,0.0232665198237885,0.0048017621145374,0.001,0.0503546255506607,0.0,0.0
2014-09-15 16:00:00,0.252657237936772,0.0457886855241264,0.0048435940099833,0.001,0.099702163061564,0.0,0.0
2014-09-15 17:00:00,0.3196607142857143,0.0108829365079365,0.1075198412698412,0.001,0.0,0.0,0.0
2014-09-15 18:00:00,0.2158983050847457,0.0189728813559322,0.0049627118644067,0.001,0.0,0.0,0.0
2014-09-15 19:00:00,0.2586885521885522,0.0474696969696969,0.0470555555555555,0.001,0.0,0.0,0.0
2014-09-15 20:00:00,0.2717111853088481,0.0,0.1600634390651085,0.001,0.0,0.0,0.0
2014-09-15 21:00:00,0.4824823529411765,0.0449596638655462,0.1688470588235294,0.001,0.1091058823529411,0.0,0.0
2014-09-15 22:00:00,0.2997171381031614,0.0443810316139767,0.1617038269550748,0.001,0.0110748752079866,0.0,0.0
2014-09-15 23:00:00,0.2408983333333333,0.0015216666666666,0.1100316666666666,0.001,0.0,0.00448,0.0
2014-09-16 00:00:00,0.1558624161073825,0.0461157718120805,0.0050721476510067,0.001,0.0,0.0,0.0
2014-09-16 01:00:00,0.1514806722689075,0.0174840336134453,0.0051378151260504,0.001,0.0,0.0,0.0
2014-09-16 02:00:00,0.1554283333333333,0.02952,0.0093583333333333,0.001,0.0,0.0,0.0
2014-09-16 03:00:00,0.1544116666666666,0.0455166666666666,0.0048449999999999,0.001,0.0,0.0,0.0
2014-09-16 04:00:00,0.1467520798668885,0.001053244592346,0.0048153078202995,0.001,0.0,0.0,0.0
2014-09-16 05:00:00,0.1846410684474123,0.0456026711185308,0.0047929883138564,0.001,0.0,0.0,0.0
2014-09-16 06:00:00,0.3793999999999999,0.0353566666666666,0.0048116666666666,0.001,0.0826633333333333,0.0,0.0
2014-09-16 07:00:00,0.6097883959044368,0.0325955631399317,0.0701877133105802,0.001,0.0,0.0201006825938566,0.0
2014-09-16 08:00:00,0.6059151414309485,0.0537188019966722,0.0052678868552412,0.001,0.0,0.0,0.0
2014-09-16 09:00:00,0.1476277128547579,0.0062270450751252,0.0048530884808013,0.0010016694490818,0.0,0.0,0.0
2014-09-16 10:00:00,0.155945,0.0646083333333333,0.0047683333333333,0.001,0.0,0.0,0.0
2014-09-16 11:00:00,0.1467866666666666,0.0,0.0048033333333333,0.001,0.0,0.0,0.0
2014-09-16 12:00:00,0.1563216666666666,0.063635,0.0048449999999999,0.001,0.0,0.0,0.0
2014-09-16 13:00:00,0.1471731748726655,0.0,0.0048505942275042,0.001,0.0,0.0,0.0
2014-09-16 14:00:00,0.2808308207705192,0.0616348408710217,0.1239564489112227,0.001,0.0,1.340033500837521e-05,0.0
2014-09-16 15:00:00,0.2632508361204013,0.0318411371237458,0.0082491638795986,0.001,0.0992224080267558,0.0,0.0
2014-09-16 16:00:00,0.3401930116472546,0.0321331114808652,0.1643078202995008,0.0527587354409317,0.0,0.0,0.0
2014-09-16 17:00:00,0.5527161936560936,0.0493171953255425,0.0613889816360601,0.1422737896494157,0.1050033388981636,0.0,0.0142003338898163
2014-09-16 18:00:00,0.286465661641541,0.0144489112227805,0.1786046901172529,0.001,0.0,0.0,0.0005845896147403
2014-09-16 19:00:00,0.4228989898989899,0.0577323232323232,0.1714528619528619,0.001,0.0,0.0,0.1034764309764309
2014-09-16 20:00:00,0.4195202702702703,0.0,0.1734780405405405,0.001,0.0,0.0,0.1094189189189189
2014-09-16 21:00:00,0.3086293823038397,0.0598714524207011,0.0051051752921535,0.001,0.0680016694490818,0.0,0.0611285475792988
2014-09-16 22:00:00,0.1459483333333333,0.0030416666666666,0.0048133333333333,0.001,0.0,0.0,0.0004466666666666
2014-09-16 23:00:00,0.1545983333333333,0.058715,0.0048033333333333,0.001,0.0,0.0,0.0
2014-09-17 00:00:00,0.1475433333333333,0.006155,0.0048499999999999,0.001,0.0,0.0,0.0
2014-09-17 01:00:00,0.154055,0.053005,0.0052183333333333,0.001,0.0,0.0,0.0
2014-09-17 02:00:00,0.1518036605657237,0.0089284525790349,0.0093277870216306,0.001,0.0,0.0,0.0
2014-09-17 03:00:00,0.1531716666666666,0.0494133333333333,0.0048133333333333,0.001,0.0,0.0,0.0
2014-09-17 04:00:00,0.1672233333333333,0.0100183333333333,0.0283633333333333,0.001,0.0,0.0,0.0
2014-09-17 05:00:00,0.17708,0.0479783333333333,0.0048633333333333,0.001,0.0,0.0,0.0
2014-09-17 06:00:00,0.4256991596638655,0.0259226890756302,0.004798319327731,0.001,0.0996117647058823,0.0,0.0
2014-09-17 07:00:00,0.99927,0.0392766666666666,0.0048066666666666,0.001,0.0,0.0,0.0
2014-09-17 08:00:00,0.1535866666666666,0.0254583333333333,0.0047783333333333,0.001,0.0,0.0,0.0
2014-09-17 09:00:00,0.1514,0.0355666666666666,0.0047966666666666,0.001,0.0,0.0,0.0
2014-09-17 10:00:00,0.1510615640599001,0.0215391014975041,0.0047953410981697,0.001,0.0,0.0,0.0
2014-09-17 11:00:00,0.2259565943238731,0.0367595993322203,0.0064557595993322,0.0010033388981636,0.0910734557595993,0.0,0.0
2014-09-17 12:00:00,0.522765,0.0544383333333333,0.0048216666666666,0.001,0.0,0.0,0.0
2014-09-17 13:00:00,0.514555,0.0048883333333333,0.004815,0.001,0.0,0.0,0.0
2014-09-17 14:00:00,0.2182133333333333,0.06063,0.0048383333333333,0.001,0.0,0.0,0.0
2014-09-17 15:00:00,0.3099166666666667,0.00322,0.0787833333333333,0.001,0.1050083333333333,0.0,0.0
2014-09-17 16:00:00,0.6815983333333333,0.0578183333333333,0.076565,0.001,0.0434266666666666,0.0,0.00704
2014-09-17 17:00:00,1.3184742096505824,0.0124425956738768,0.1214442595673876,0.0077337770382695,0.120567387687188,0.0,0.0262412645590682
2014-09-17 18:00:00,0.3299324324324325,0.0528293918918919,0.1819527027027027,0.0010472972972972,0.0,0.0,0.0
2014-09-17 19:00:00,0.6294336734693877,0.0233622448979591,0.0352278911564625,0.001,0.0,0.0,0.1016598639455782
2014-09-17 20:00:00,0.8889577167019028,0.0447441860465116,0.0230063424947145,0.001,0.0,0.0,0.1093572938689217
2014-09-17 21:00:00,0.2758140350877193,0.0310350877192982,0.0052263157894736,0.001,0.0,0.0,0.1094
2014-09-17 22:00:00,0.1558189368770764,0.0303621262458471,0.0048056478405315,0.001,0.0,0.0,0.0021312292358803
2014-09-17 23:00:00,0.1503939899833055,0.0216210350584307,0.0047946577629382,0.0010033388981636,0.0,0.0,0.0
2014-09-18 00:00:00,0.1513271812080537,0.0409278523489932,0.0048204697986577,0.001,0.0,0.0,0.0
2014-09-18 01:00:00,0.1485749999999999,0.0052466666666666,0.0052066666666666,0.001,0.0,0.0,0.0
2014-09-18 02:00:00,0.1581183333333333,0.0576683333333333,0.009385,0.001,0.0,0.0,0.0
2014-09-18 03:00:00,0.1466599999999999,0.0,0.0048366666666666,0.001,0.0,0.0,0.0
2014-09-18 04:00:00,0.1552845257903494,0.0620415973377703,0.0048435940099833,0.001,0.0,0.0,0.0
2014-09-18 05:00:00,0.3172470784641068,0.0002203672787979,0.0047212020033388,0.001,0.1447462437395659,0.0,0.0
2014-09-18 06:00:00,0.7358377926421404,0.0592775919732441,0.0048160535117056,0.001,0.0,0.0,0.0
2014-09-18 07:00:00,0.4539750415973378,0.0002995008319467,0.0048202995008319,0.001,0.0,0.0,0.0
2014-09-18 08:00:00,0.1740283333333333,0.0617983333333333,0.0048566666666666,0.001,0.0,0.0200766666666666,0.0
2014-09-18 09:00:00,0.1468799999999999,0.0,0.00483,0.001,0.0,0.0,0.0
2014-09-18 10:00:00,0.222715,0.0640566666666666,0.0750333333333333,0.001,0.0,0.0,0.0
2014-09-18 11:00:00,0.2497813021702838,0.0048163606010016,0.1133956594323873,0.001,0.0,0.0174941569282136,0.0
2014-09-18 12:00:00,0.2852983333333333,0.0537,0.1533116666666666,0.001,0.0,0.0,0.0
2014-09-18 13:00:00,0.2091524288107202,0.0114924623115577,0.0672010050251256,0.001,0.0,0.0,0.0
2014-09-18 14:00:00,0.2101568296795953,0.0637048903878583,0.0456779089376053,0.001,0.0,0.0,0.0
2014-09-18 15:00:00,0.1501344537815126,0.0,0.004781512605042,0.001,0.0,0.0,0.0
2014-09-18 16:00:00,0.1549864498644986,0.0502791327913279,0.0061192411924119,0.001,0.0,0.0,0.0
2014-09-18 17:00:00,0.1470116666666666,0.011095,0.0195216666666666,0.001,0.0,0.0,0.0
2014-09-18 18:00:00,1.624275,0.0748766666666666,0.0192683333333333,0.001,0.0,0.0,0.0125266666666666
2014-09-18 19:00:00,0.66761,0.0001,0.1348283333333333,0.001,0.0,0.0,0.0005133333333333
2014-09-18 20:00:00,0.7709214046822742,0.0624063545150501,0.1590652173913043,0.001,0.0,0.0,0.0
2014-09-18 21:00:00,0.270295,0.0011033333333333,0.1303983333333333,0.001,0.0,0.0,0.0
2014-09-18 22:00:00,0.1659966666666666,0.0622316666666666,0.0049666666666666,0.001,0.0,0.0,0.0
2014-09-18 23:00:00,0.152885,0.0007416666666666,0.0047916666666666,0.001,0.0,0.0,0.0
2014-09-19 00:00:00,0.1569733333333333,0.062015,0.0056766666666666,0.001,0.0,0.0,0.0
2014-09-19 01:00:00,0.1491783333333333,0.0,0.0051816666666666,0.001,0.0,0.0,0.0
2014-09-19 02:00:00,0.1601816666666666,0.06207,0.0093049999999999,0.001,0.0,0.0,0.0
2014-09-19 03:00:00,0.1479,0.0,0.0047583333333333,0.001,0.0,0.0,0.0
2014-09-19 04:00:00,0.1566866666666666,0.0655183333333333,0.0047916666666666,0.001,0.0,0.0,0.0
2014-09-19 05:00:00,0.2739430485762144,0.0001926298157453,0.0047420435510887,0.001,0.1104237855946398,0.0,0.0
2014-09-19 06:00:00,0.4099248747913189,0.0656677796327212,0.0048263772954924,0.001,0.0,0.0,0.0
2014-09-19 07:00:00,0.3636473029045643,0.0001161825726141,0.0512987551867219,0.001,0.0,0.0,0.0
2014-09-19 08:00:00,0.1854745417515274,0.0567169042769857,0.0373238289205702,0.001,0.0,0.0,0.0
2014-09-19 09:00:00,0.1463166666666666,0.0,0.0048033333333333,0.001,0.0,0.0,0.0
2014-09-19 10:00:00,0.1555583333333333,0.0603,0.0047966666666666,0.001,0.0,0.0,0.0
2014-09-19 11:00:00,0.2399134775374376,0.0006788685524126,0.0415806988352745,0.001,0.0707454242928452,0.0,0.0
2014-09-19 12:00:00,0.2853662207357859,0.0608846153846153,0.1271889632107023,0.001,0.0,0.0,0.0
2014-09-19 13:00:00,0.1495241264559068,0.0,0.0050648918469217,0.001,0.0,0.0,0.0
2014-09-19 14:00:00,0.1664691151919866,0.0627946577629382,0.004804674457429,0.001,0.0,0.0,0.0
2014-09-19 15:00:00,0.2609664310954063,0.0355494699646643,0.0047985865724381,0.001,0.1023233215547703,0.0003957597173144,0.0
2014-09-19 16:00:00,0.2950783333333333,0.027735,0.00479,0.001,0.10939,0.0,0.0
2014-09-19 17:00:00,0.2647706576728499,0.0637689713322091,0.0508718381112984,0.001,0.0,0.0,0.017397976391231
2014-09-19 18:00:00,1.0268344481605352,0.0194147157190635,0.1818979933110368,0.0739448160535117,0.0,0.0,0.0006003344481605
2014-09-19 19:00:00,0.3957059800664452,0.0612674418604651,0.1768803986710963,0.0011777408637873,0.0,0.0,0.0
2014-09-19 20:00:00,0.3331041666666667,0.0284427083333333,0.1865677083333333,0.001,0.0,0.0,0.0
2014-09-19 21:00:00,0.3669538461538461,0.0376905982905982,0.1635367521367521,0.001,0.0,0.0,0.0
2014-09-19 22:00:00,0.1551916666666666,0.045175,0.0048833333333333,0.001,0.0,0.0,0.0
2014-09-19 23:00:00,0.1491896838602329,0.0250632279534109,0.0047870216306156,0.001,0.0,0.0,0.0
2014-09-20 00:00:00,0.155205,0.0591733333333333,0.00479,0.001,0.0,0.0,0.0
2014-09-20 01:00:00,0.1479081803005008,0.0100434056761268,0.0051702838063439,0.001,0.0,0.0,0.0
2014-09-20 02:00:00,0.1593333333333333,0.0737966666666666,0.0093499999999999,0.001,0.0,0.0,0.0
2014-09-20 03:00:00,0.146865,0.0050966666666666,0.0047983333333333,0.001,0.0,0.0,0.0
2014-09-20 04:00:00,0.1816133333333333,0.0646483333333333,0.0330933333333333,0.001,0.0,0.0,0.0
2014-09-20 05:00:00,0.4072146422628951,0.0002462562396006,0.1751048252911813,0.001,0.0945906821963394,0.0025557404326123,0.0
2014-09-20 06:00:00,0.2292934232715008,0.0597284991568296,0.004973018549747,0.001,0.0,0.0,0.0
2014-09-20 07:00:00,0.3876505016722408,0.0,0.0048010033444816,0.001,0.0,0.0,0.0
2014-09-20 08:00:00,0.5798057921635434,0.0660136286201022,0.0047802385008517,0.0346541737649063,0.1388006814310051,0.0,0.0
2014-09-20 09:00:00,0.146,0.0,0.0048274706867671,0.001,0.0,0.0,0.0
2014-09-20 10:00:00,0.1558266666666666,0.0596216666666666,0.0048166666666666,0.001,0.0,0.0,0.0
2014-09-20 11:00:00,0.2330632279534109,0.0092445923460898,0.1105740432612312,0.001,0.0,0.0,0.0
2014-09-20 12:00:00,0.2554585448392555,0.0484839255499153,0.1127715736040609,0.001,0.0,0.0,0.0
2014-09-20 13:00:00,0.1500831946755407,0.0191713810316139,0.0050831946755407,0.001,0.0,0.0,0.0
2014-09-20 14:00:00,0.194719532554257,0.0418747913188647,0.004829716193656,0.001,0.0,0.0,0.0
2014-09-20 15:00:00,0.1566402027027027,0.0244611486486486,0.0047956081081081,0.001,0.0,0.0,0.0
2014-09-20 16:00:00,0.15025,0.0297583333333333,0.0047766666666666,0.001,0.0,0.0,0.0
2014-09-20 17:00:00,0.7157934595524957,0.0325146299483648,0.0049036144578313,0.001,0.0,0.0,0.0265111876075731
2014-09-20 18:00:00,0.689247491638796,0.028819397993311,0.1382307692307692,0.001,0.0,0.0,0.0004816053511705
2014-09-20 19:00:00,0.3265412186379928,0.0520716845878136,0.1755143369175627,0.001,0.0,0.0,0.0
2014-09-20 20:00:00,0.304625,0.0002142857142857,0.1805142857142857,0.001,0.0,0.0,0.0
2014-09-20 21:00:00,0.7764078498293515,0.0528617747440273,0.1603412969283276,0.001,0.0,0.0,0.0
2014-09-20 22:00:00,0.6974492512479202,0.0357787021630615,0.0768585690515807,0.001,0.0,0.0,0.0
2014-09-20 23:00:00,0.1557679465776293,0.0153622704507512,0.0050517529215358,0.001,0.0,0.0,0.0
2014-09-21 00:00:00,0.1555242070116861,0.0517579298831385,0.0048397328881469,0.001,0.0,0.0,0.0
2014-09-21 01:00:00,0.1481916666666666,0.00095,0.0052033333333333,0.001,0.0,0.0,0.0
2014-09-21 02:00:00,0.1599733333333333,0.0557449999999999,0.009335,0.001,0.0,0.0,0.0
2014-09-21 03:00:00,0.1485440931780366,0.0047770382695507,0.0048435940099833,0.001,0.0,0.0,0.0
2014-09-21 04:00:00,0.1537649999999999,0.0457749999999999,0.0047983333333333,0.001,0.0,0.0,0.0
2014-09-21 05:00:00,0.1571569282136894,0.017245409015025,0.0048714524207011,0.001,0.0,0.0,0.0
2014-09-21 06:00:00,0.2665486577181208,0.031488255033557,0.0048187919463087,0.001,0.1089379194630872,0.0,0.0
2014-09-21 07:00:00,1.1013716666666666,0.050935,0.004835,0.001,0.1179033333333333,0.0,0.0779983333333333
2014-09-21 08:00:00,0.6895333333333333,0.0178466666666666,0.0048416666666666,0.001,0.0632716666666666,0.0,0.000435
2014-09-21 09:00:00,0.6397913188647747,0.0324290484140233,0.0048747913188647,0.001,0.0,0.0,0.0
2014-09-21 10:00:00,0.5913591905564924,0.0397436762225969,0.0048448566610455,0.0010067453625632,0.1379983136593592,0.0,0.0
2014-09-21 11:00:00,0.266474123539232,0.0119883138564273,0.0048380634390651,0.0010016694490818,0.0,0.0,0.0
2014-09-21 12:00:00,0.2481863560732113,0.0518752079866888,0.0048702163061564,0.001,0.0874043261231281,0.0,0.0
2014-09-21 13:00:00,0.2568030050083473,0.0120383973288814,0.004889816360601,0.0010016694490818,0.0907095158597662,0.0,0.0387779632721202
2014-09-21 14:00:00,0.3078166666666667,0.0402299999999999,0.0048116666666666,0.001,0.0,0.0,0.0004583333333333
2014-09-21 15:00:00,0.3347316666666667,0.026475,0.132915,0.0010033333333333,0.0,0.0,0.0
2014-09-21 16:00:00,1.49809,0.0315466666666666,0.1979133333333333,0.001,0.0,0.0,0.0
2014-09-21 17:00:00,1.6622563237774028,0.0549713322091062,0.1937622259696458,0.001,0.0944283305227655,0.0,0.0
2014-09-21 18:00:00,2.6580316666666666,0.01823,0.1890716666666666,0.001,0.0,0.0,0.0
2014-09-21 19:00:00,0.746819397993311,0.0581872909698996,0.2001822742474916,0.0455334448160535,0.0,0.0,1.6722408026755853e-06
2014-09-21 20:00:00,0.3603461538461538,0.0388528428093645,0.194510033444816,0.001,0.0,0.0,0.0
2014-09-21 21:00:00,0.3327154742096506,0.010936772046589,0.1522346089850249,0.001,0.0,0.0,0.0169850249584026
2014-09-21 22:00:00,0.1517866666666666,0.0495016666666666,0.0162166666666666,0.001,0.0,0.0,0.0004516666666666
2014-09-21 23:00:00,0.1386783333333333,0.0,0.0159783333333333,0.001,0.0,0.0,0.0
2014-09-22 00:00:00,0.1496293823038397,0.0490550918196995,0.0159699499165275,0.001,0.0,0.0,0.0
2014-09-22 01:00:00,0.1424433333333333,0.015365,0.0163316666666666,0.001,0.0,0.0,0.0
2014-09-22 02:00:00,0.14933,0.0333133333333333,0.02051,0.001,0.0,0.0,0.0
2014-09-22 03:00:00,0.1440866666666666,0.0244866666666666,0.0160116666666666,0.001,0.0,0.0,0.0
2014-09-22 04:00:00,0.1561783333333333,0.0229233333333333,0.015935,0.001,0.0,0.0,0.0
2014-09-22 05:00:00,0.7866183333333333,0.0392533333333333,0.0158116666666666,0.001,0.14016,0.0,0.03657
2014-09-22 06:00:00,1.183663879598662,0.0075133779264214,0.0158678929765886,0.001,0.0,0.0,0.000448160535117
2014-09-22 07:00:00,1.9079183333333327,0.04458,0.0157883333333333,0.001,0.0,0.0555733333333333,0.0
2014-09-22 08:00:00,0.6403949999999999,0.0045983333333333,0.0159766666666666,0.001,0.0,0.0,0.0
2014-09-22 09:00:00,0.366815,0.0382999999999999,0.016085,0.0010083333333333,0.0,0.0,0.0
2014-09-22 10:00:00,0.1419916666666666,0.010295,0.0160916666666666,0.001,0.0,0.0,0.0
2014-09-22 11:00:00,0.1767376344086021,0.0350043010752688,0.0160537634408602,0.025363440860215,0.0,0.0,0.0
2014-09-22 12:00:00,0.1471880199667221,0.0168269550748752,0.0160299500831946,0.001,0.0,0.0,0.0
2014-09-22 13:00:00,0.1494924369747899,0.049053781512605,0.0160638655462184,0.0010016806722689,0.0,0.0,0.0
2014-09-22 14:00:00,0.1468833333333333,0.0,0.0159716666666666,0.001,0.0,0.0,0.0
2014-09-22 15:00:00,0.4066933333333333,0.0541433333333333,0.0159983333333333,0.174175,0.0616283333333333,0.0,0.0
2014-09-22 16:00:00,0.3172733333333333,0.0,0.07041,0.061535,0.0,0.0,0.0
2014-09-22 17:00:00,0.6912116666666667,0.0494783333333333,0.0220433333333333,0.0010083333333333,0.0875916666666666,0.0,0.0290183333333333
2014-09-22 18:00:00,0.6300950000000001,0.0223033333333333,0.0159066666666666,0.001,0.0,0.0,0.0003016666666666
2014-09-22 19:00:00,0.2836740614334471,0.0241228668941979,0.165438566552901,0.001,0.0,0.0,0.0
2014-09-22 20:00:00,0.4170450751252086,0.0416727879799666,0.1260317195325542,0.001,0.1085626043405676,0.0,0.0
2014-09-22 21:00:00,0.3522412645590682,0.0065141430948419,0.0171381031613976,0.001,0.1224575707154742,0.0,0.0451730449251247
2014-09-22 22:00:00,0.1868729096989966,0.0474732441471571,0.0159063545150501,0.001,0.0,0.0,0.0469013377926421
2014-09-22 23:00:00,0.1382954924874791,0.0,0.0159599332220367,0.0010066777963272,0.0,0.0,0.0003889816360601
2014-09-23 00:00:00,0.150195,0.0490383333333333,0.016045,0.0010016666666666,0.0,0.0,0.0
2014-09-23 01:00:00,0.1383116666666666,0.0,0.0164283333333333,0.001,0.0,0.0,0.0
2014-09-23 02:00:00,0.1536477462437395,0.0487829716193656,0.0205642737896494,0.0010033388981636,0.0,0.0,0.0
2014-09-23 03:00:00,0.1378519134775374,0.0023394342762063,0.0160049916805324,0.001,0.0,0.0,0.0
2014-09-23 04:00:00,0.150205,0.0492633333333333,0.0159466666666666,0.001,0.0,0.0,0.0
2014-09-23 05:00:00,0.1593374340949033,0.0,0.0158471001757469,0.001,0.0,0.0,0.0
2014-09-23 06:00:00,0.5165748709122202,0.049946643717728,0.0159483648881239,0.001,0.1335077452667813,0.0,0.0003098106712564
2014-09-23 07:00:00,0.2334221854304635,0.0189884105960264,0.0441125827814569,0.0105844370860927,0.0,0.0469685430463576,0.0004288079470198
2014-09-23 08:00:00,0.1449066666666666,0.0281849999999999,0.016195,0.001,0.0,0.0,0.0
2014-09-23 09:00:00,0.190427797833935,0.0197779783393501,0.0160992779783393,0.0010216606498194,0.0,0.0,0.0
2014-09-23 10:00:00,0.2290102214650766,0.0312708688245315,0.113717206132879,0.0081260647359454,0.0,0.0,0.0
2014-09-23 11:00:00,0.261908713692946,0.0184875518672199,0.01600622406639,0.00100622406639,0.1333609958506224,0.0,0.0
2014-09-23 12:00:00,0.2085316666666666,0.0277016666666666,0.0682583333333333,0.022365,0.0,0.0,0.0
2014-09-23 13:00:00,0.2922046678635547,0.0504470377019748,0.1624542190305206,0.0109964093357271,0.0,0.0,0.0
2014-09-23 14:00:00,0.5346133567662567,0.0076695957820738,0.1530263620386643,0.0363532513181019,0.077347978910369,0.0,0.0
2014-09-23 15:00:00,0.2593630573248408,0.0542972399150743,0.0160828025477707,0.001,0.060968152866242,0.0,0.0
2014-09-23 16:00:00,0.15047,0.0379233333333333,0.01584,0.001,0.0,0.0,0.0
2014-09-23 17:00:00,0.196675540765391,0.0099484193011647,0.015747088186356,0.001,0.0,0.0,0.0152512479201331
2014-09-23 18:00:00,0.2781919866444073,0.0796293823038397,0.0788080133555926,0.001,0.0,0.0,0.0005008347245409
2014-09-23 19:00:00,0.4011383333333333,0.0775783333333333,0.18231,0.001,0.0,0.0,0.0
2014-09-23 20:00:00,0.298405,0.0272816666666666,0.1593166666666666,0.001,0.0,0.0008,0.0
2014-09-23 21:00:00,0.363415,0.042895,0.1928016666666666,0.001,0.0,0.0,0.0
2014-09-23 22:00:00,0.2747369308600337,0.0520725126475548,0.1411821247892074,0.001,0.0,0.0,0.0
2014-09-23 23:00:00,0.1473660565723793,0.0129234608985024,0.0161780366056572,0.001,0.0,0.0,0.0
2014-09-24 00:00:00,0.15217,0.0618766666666666,0.0159933333333333,0.001,0.0,0.0,0.0
2014-09-24 01:00:00,0.1385,0.0,0.0164216666666666,0.0010033333333333,0.0,0.0,0.0
2014-09-24 02:00:00,0.1554190317195325,0.0606477462437395,0.0205358931552587,0.001,0.0,0.0,0.0
2014-09-24 03:00:00,0.13815,0.0,0.015995,0.0010033333333333,0.0,0.0,0.0
2014-09-24 04:00:00,0.1521633333333333,0.0603683333333333,0.01589,0.001,0.0,0.0,0.0
2014-09-24 05:00:00,0.1512789915966386,0.0,0.0157394957983193,0.001,0.0,0.0,0.0
2014-09-24 06:00:00,0.5385305410122164,0.0610383944153577,0.015739965095986,0.001,0.1556579406631763,0.0,0.0
2014-09-24 07:00:00,1.3392067137809187,0.0007067137809187,0.0159505300353356,0.001,0.0,0.0477773851590106,0.0
2014-09-24 08:00:00,0.7034555353901997,0.0627441016333938,0.0159346642468239,0.001,0.0,0.0,0.0
2014-09-24 09:00:00,0.3604707259953161,0.0132435597189695,0.0160444964871194,0.0010070257611241,0.1887142857142857,0.0,0.0
2014-09-24 10:00:00,0.421274949083503,0.0555030549898167,0.0160366598778004,0.0093421588594704,0.2007902240325865,0.0,0.0
2014-09-24 11:00:00,0.3529981718464351,0.0218866544789762,0.0160091407678244,0.0413510054844606,0.0689579524680073,0.0458427787934186,0.0
2014-09-24 12:00:00,0.3523887884267631,0.0492893309222423,0.081,0.0455750452079566,0.0,0.0,0.0
2014-09-24 13:00:00,0.9890495726495726,0.021251282051282,0.1033008547008547,0.231676923076923,0.0,0.0,0.0
2014-09-24 14:00:00,0.8033672014260249,0.0498663101604278,0.0161586452762923,0.001,0.0,0.0,0.0
2014-09-24 15:00:00,0.4168697123519458,0.0050389170896785,0.0158375634517766,0.001,0.1521116751269035,0.0,0.0
2014-09-24 16:00:00,0.3770743243243243,0.0601942567567567,0.0156824324324324,0.001,0.113277027027027,0.0,0.0
2014-09-24 17:00:00,0.582135,0.0157133333333333,0.071575,0.3097833333333333,0.0,0.0,0.0
2014-09-24 18:00:00,0.4473553008595988,0.0735959885386819,0.1938510028653295,0.001,0.0,0.0,0.0202578796561604
2014-09-24 19:00:00,0.4081553719008264,0.0,0.1983388429752066,0.001,0.0,0.0,0.0005636363636363
2014-09-24 20:00:00,0.500263698630137,0.0682208904109589,0.1671130136986301,0.001,0.0871917808219178,0.0,0.002306506849315
2014-09-24 21:00:00,0.5095582608695652,0.0,0.0161843478260869,0.0010034782608695,0.0,0.0,0.0045373913043478
2014-09-24 22:00:00,0.59965,0.0659916666666666,0.015865,0.001,0.0,0.0,0.0
2014-09-24 23:00:00,0.1492959866220735,0.0,0.0158712374581939,0.001,0.0,0.0,0.0
2014-09-25 00:00:00,0.1601959798994974,0.0553299832495812,0.0158810720268006,0.001,0.0,0.0,0.0
2014-09-25 01:00:00,0.1448864774624374,0.0111302170283806,0.0163188647746243,0.001,0.0,0.0,0.0
2014-09-25 02:00:00,0.161238255033557,0.0387114093959731,0.0204295302013422,0.001,0.0,0.0,0.0
2014-09-25 03:00:00,0.1468,0.025745,0.015985,0.0010016666666666,0.0,0.0,0.0
2014-09-25 04:00:00,0.1460350584307178,0.0153238731218697,0.0158464106844741,0.001,0.0,0.0,0.0
2014-09-25 05:00:00,0.3059233333333333,0.0471066666666666,0.0156516666666666,0.001,0.1258866666666666,0.0,0.0
2014-09-25 06:00:00,0.8195167224080268,0.0,0.0158344481605351,0.001,0.0,0.0,0.0
2014-09-25 07:00:00,0.4321191709844559,0.0731658031088083,0.0158721934369602,0.001,0.0,0.042454231433506,0.0
2014-09-25 08:00:00,0.1396858108108108,0.0,0.0163327702702702,0.001,0.0,0.0,0.0
2014-09-25 09:00:00,0.1479593220338983,0.0288542372881355,0.0160118644067796,0.0010016949152542,0.0,0.0,0.0
2014-09-25 10:00:00,0.1526594323873122,0.0429282136894824,0.0159949916527545,0.001,0.0,0.0,0.0
2014-09-25 11:00:00,0.3587541666666666,0.0004916666666666,0.0777083333333333,0.0010041666666666,0.18840625,0.0,0.0
2014-09-25 12:00:00,0.2346733333333333,0.0732566666666666,0.0930716666666666,0.001,0.0,0.0,0.0
2014-09-25 13:00:00,0.1402469565217391,0.0,0.0161443478260869,0.001,0.0,0.0,0.0
2014-09-25 14:00:00,0.1782617449664429,0.0378708053691275,0.0159228187919463,0.001,0.0,0.0,0.0
2014-09-25 15:00:00,0.1703073770491803,0.0478299180327868,0.0158975409836065,0.001,0.0,0.0,0.0
2014-09-25 16:00:00,0.1403066666666666,0.0,0.0159566666666666,0.0010033333333333,0.0,0.0,0.0
2014-09-25 17:00:00,0.2003662207357859,0.0672274247491638,0.0592458193979933,0.001,0.0,0.0,0.0
2014-09-25 18:00:00,0.2933517587939698,0.0138425460636515,0.1939413735343383,0.001,0.0,0.0,0.0
2014-09-25 19:00:00,0.3137787021630615,0.0294692179700499,0.1938202995008319,0.001,0.0,0.0,0.0
2014-09-25 20:00:00,0.31903,0.0477616666666666,0.190405,0.001,0.0,0.0,0.0
2014-09-25 21:00:00,0.304363939899833,0.0,0.1795208681135225,0.001,0.0,0.0,0.0
2014-09-25 22:00:00,0.3122888513513513,0.0648479729729729,0.1629358108108108,0.001,0.0,0.0,0.0
2014-09-25 23:00:00,0.1821680532445923,0.0062811980033277,0.0365374376039933,0.001,0.0,0.0,0.0
2014-09-26 00:00:00,0.148815,0.0199866666666666,0.0157766666666666,0.001,0.0,0.0,0.0
2014-09-26 01:00:00,0.152385,0.0498783333333333,0.0162233333333333,0.001,0.0,0.0,0.0
2014-09-26 02:00:00,0.1452787979966611,0.0,0.0204123539232053,0.001,0.0,0.0,0.0
2014-09-26 03:00:00,0.1568566666666666,0.0664316666666666,0.0158483333333333,0.001,0.0,0.0,0.0
2014-09-26 04:00:00,0.1421166666666666,0.0044633333333333,0.01581,0.001,0.0,0.0,0.0
2014-09-26 05:00:00,0.1621118530884808,0.0214791318864774,0.0157629382303839,0.001,0.0,0.0,0.0
2014-09-26 06:00:00,0.6080886075949367,0.071632911392405,0.0158050632911392,0.001,0.206126582278481,0.0,0.0
2014-09-26 07:00:00,0.4126100746268657,0.0293283582089552,0.0159347014925373,0.001,0.0,0.0533171641791044,0.0
2014-09-26 08:00:00,0.3443183333333333,0.03477,0.01613,0.001,0.0,0.0,0.0
2014-09-26 09:00:00,0.3116033333333333,0.0,0.0160283333333333,0.0010066666666666,0.0,0.0,0.0
2014-09-26 10:00:00,0.3795883333333333,0.0624099999999999,0.0160083333333333,0.0010016666666666,0.0,0.0,0.0
2014-09-26 11:00:00,0.5403766666666666,0.012335,0.0159633333333333,0.07286,0.0996283333333333,0.0326733333333333,0.0
2014-09-26 12:00:00,0.3335995762711864,0.0246313559322033,0.0158665254237288,0.001,0.0,0.0,0.0
2014-09-26 13:00:00,0.3412372881355932,0.0308966101694915,0.0158830508474576,0.001,0.0,0.0,0.0
2014-09-26 14:00:00,0.3635176470588235,0.0145210084033613,0.0158655462184873,0.001,0.0,0.0,0.0
2014-09-26 15:00:00,0.3757721943048576,0.0586901172529313,0.0246147403685092,0.001,0.0897989949748743,0.0,0.0
2014-09-26 16:00:00,0.3493986013986014,0.0062062937062937,0.1795174825174825,0.001,0.0597220279720279,0.0,0.0
2014-09-26 17:00:00,0.8394183006535948,0.0520980392156862,0.1973267973856209,0.001,0.0,0.0,0.0139825708061002
2014-09-26 18:00:00,0.5919712837837837,0.0107584459459459,0.1906875,0.001,0.0,0.0,0.0004679054054054
2014-09-26 19:00:00,0.3537147887323943,0.0533415492957746,0.1924383802816901,0.001,0.0,0.0,0.0
2014-09-26 20:00:00,0.7256228956228956,0.0213097643097643,0.1834276094276094,0.001,0.0,0.0,0.0
2014-09-26 21:00:00,0.8149032815198618,0.0396891191709844,0.131307426597582,0.001,0.1059067357512953,0.0,0.0
2014-09-26 22:00:00,0.3022690265486725,0.0446991150442477,0.015929203539823,0.001,0.0,0.0,0.0
2014-09-26 23:00:00,0.145806338028169,0.0136073943661971,0.0159102112676056,0.001,0.0,0.0,0.0
2014-09-27 00:00:00,0.1552864963503649,0.0560273722627737,0.0159452554744525,0.001,0.0,0.0,0.0
2014-09-27 01:00:00,0.1426894075403949,0.0039389587073608,0.0163249551166965,0.001,0.0,0.0,0.0
2014-09-27 02:00:00,0.1600452961672474,0.0600522648083623,0.0204512195121951,0.001,0.0,0.0,0.0
2014-09-27 03:00:00,0.1416934931506849,0.0,0.0159948630136986,0.001,0.0,0.0,0.0
2014-09-27 04:00:00,0.1560017035775127,0.0572555366269165,0.0159318568994889,0.001,0.0,0.0,0.0
2014-09-27 05:00:00,0.1512278260869565,0.0,0.0158173913043478,0.001,0.0,0.0,0.0
2014-09-27 06:00:00,0.6062802101576181,0.0569457092819614,0.1484798598949211,0.0506584938704028,0.0992784588441331,0.0,0.0
2014-09-27 07:00:00,0.200123430962343,0.0,0.0176464435146443,0.001,3.3472803347280334e-05,0.0,0.0
2014-09-27 08:00:00,0.3429632721202003,0.0543923205342237,0.0163956594323873,0.001,0.0,0.0,0.0003005008347245
2014-09-27 09:00:00,0.1407533333333333,0.0,0.0165933333333333,0.001,0.0,0.0,0.0
2014-09-27 10:00:00,0.199180904522613,0.0545778894472361,0.0688609715242881,0.001001675041876,0.0,0.0,0.0
2014-09-27 11:00:00,1.241671163575042,0.0325413153456998,0.1891281618887015,0.2042715008431703,0.1147504215851602,0.0,0.0
2014-09-27 12:00:00,0.688262697022767,0.0232206654991243,0.0445043782837127,0.0378809106830122,0.0,0.0,0.0
2014-09-27 13:00:00,0.2360269814502529,0.0494300168634064,0.0164637436762225,0.001,0.0,0.0,0.0
2014-09-27 14:00:00,0.2675611510791366,7.194244604316547e-05,0.0697410071942446,0.001,0.0,0.0,0.0
2014-09-27 15:00:00,0.3491226415094339,0.0,0.1977169811320754,0.001,0.0544339622641509,0.0,0.0
2014-09-27 16:00:00,1.192205985915493,0.0452042253521126,0.1791056338028169,0.001,0.1051760563380281,0.0,0.0
2014-09-27 17:00:00,0.939045871559633,0.0224623853211009,0.1953596330275229,0.001,0.162891743119266,0.0,0.0
2014-09-27 18:00:00,0.3104471830985915,0.0536056338028169,0.1581285211267605,0.001,0.0,0.0,0.0
2014-09-27 19:00:00,0.3062611940298507,0.0267512437810945,0.1721218905472636,0.001,0.0,0.0,0.0
2014-09-27 20:00:00,0.384455223880597,0.0244794776119402,0.1825373134328358,0.001,0.0,0.0,0.0
2014-09-27 21:00:00,0.792,0.0513411764705882,0.1494100840336134,0.001,0.0,0.0,0.0
2014-09-27 22:00:00,0.758157894736842,0.0524380305602716,0.1907113752122241,0.001,0.0,0.0,0.0
2014-09-27 23:00:00,0.198686143572621,0.05089816360601,0.054016694490818,0.001,0.0,0.0,0.0
2014-09-28 00:00:00,0.1504983333333333,0.0339066666666666,0.0164916666666666,0.001,0.0001416666666666,0.0,0.0
2014-09-28 01:00:00,0.1459933333333333,0.0142033333333333,0.01702,0.001,0.0,0.0,0.0
2014-09-28 02:00:00,0.157456081081081,0.046625,0.0213344594594594,0.001,0.0,0.0,0.0
2014-09-28 03:00:00,0.151245,0.0364283333333333,0.0167766666666666,0.001,0.0,0.0,0.0
2014-09-28 04:00:00,0.1450116666666666,0.0112916666666666,0.0166883333333333,0.001,0.0,0.0,0.0
2014-09-28 05:00:00,0.1790587248322147,0.0454496644295302,0.0164681208053691,0.001,0.0,0.0,0.0
2014-09-28 06:00:00,0.1454474123539232,0.0111419031719532,0.0164724540901502,0.001,0.0,0.0,0.0001068447412353
2014-09-28 07:00:00,0.5020692567567567,0.0408496621621621,0.0177584459459459,0.001,0.1307820945945945,0.0,0.0911638513513513
2014-09-28 08:00:00,0.5599682804674457,0.0468247078464106,0.0192036727879799,0.001,0.1197529215358931,0.0,0.0032086811352253
2014-09-28 09:00:00,0.3225468227424749,0.020571906354515,0.0194732441471571,0.001,0.0,0.0,0.0
2014-09-28 10:00:00,0.3876292372881356,0.0339915254237288,0.0196673728813559,0.001,0.0,0.0,0.0
2014-09-28 11:00:00,0.624,0.0557420965058236,0.0196256239600665,0.001,0.0,0.0,0.0
2014-09-28 12:00:00,0.1582184873949579,0.0443394957983193,0.0197176470588235,0.001,0.0,0.0,0.0
2014-09-28 13:00:00,1.524793624161074,0.0251275167785234,0.0196979865771812,0.001,0.1298221476510067,0.0,0.0266946308724832
2014-09-28 14:00:00,0.9520302521008404,0.035544537815126,0.0196151260504201,0.001,0.0,0.0,0.036272268907563
2014-09-28 15:00:00,2.21488,0.05238,0.07485,0.001,0.0,0.0002133333333333,0.0004933333333333
2014-09-28 16:00:00,0.291105,0.03226,0.08759,0.04377,0.0,0.0,0.0
2014-09-28 17:00:00,0.8476549999999999,0.0200133333333333,0.1894883333333333,0.001,0.1119416666666666,0.0,0.0
2014-09-28 18:00:00,1.0026120401337792,0.0508411371237458,0.1661254180602006,0.0143428093645484,0.105128762541806,0.0,0.0
2014-09-28 19:00:00,0.3489275092936803,0.0269739776951672,0.1698289962825278,0.001,0.0,0.0,0.0
2014-09-28 20:00:00,0.3326830985915493,0.0203908450704225,0.1751056338028169,0.001,0.0,0.0,0.0
2014-09-28 21:00:00,0.2048766666666666,0.0475499999999999,0.028515,0.0010016666666666,0.0,0.0,0.0346933333333333
2014-09-28 22:00:00,0.1460865224625623,0.0180332778702163,0.0164692179700499,0.001,0.0,0.0,0.0004891846921797
2014-09-28 23:00:00,0.1484239864864865,0.0309239864864864,0.0163277027027027,0.001,0.0,0.0,0.0
2014-09-29 00:00:00,0.1534383333333333,0.04857,0.01653,0.001,0.0,0.0,0.0
2014-09-29 01:00:00,0.1420483333333333,0.0,0.0169566666666666,0.001,0.0,0.0,0.0
2014-09-29 02:00:00,0.157665,0.048755,0.0211883333333333,0.001,0.0,0.0,0.0
2014-09-29 03:00:00,0.1540733944954128,0.0494036697247706,0.0166788990825688,0.001,0.0,0.0,0.0
2014-09-29 04:00:00,0.1657389885807504,0.019905383360522,0.0162593800978792,0.001,0.0,0.0,0.0
2014-09-29 05:00:00,0.18531,0.0556766666666666,0.016155,0.001,0.0,0.0,0.0
2014-09-29 06:00:00,0.3911512605042017,0.0100016806722689,0.0162487394957983,0.001,0.1232436974789916,0.0,0.0
2014-09-29 07:00:00,0.5697383333333333,0.0453533333333333,0.01632,0.001,0.0,0.0467116666666666,0.0
2014-09-29 08:00:00,0.5760866666666667,0.0446,0.0284266666666666,0.001,0.0,0.0,0.0
2014-09-29 09:00:00,0.1427233333333333,0.0039516666666666,0.0166633333333333,0.001055,0.0,0.0,0.0
2014-09-29 10:00:00,0.154835,0.0501016666666666,0.0164783333333333,0.001,0.0,0.0,0.0
2014-09-29 11:00:00,0.2783381037567083,0.0242200357781753,0.0547692307692307,0.001,0.0919660107334525,0.0,0.0
2014-09-29 12:00:00,0.2691125461254612,0.0264667896678966,0.1233542435424354,0.0267140221402214,0.0,0.0,0.0
2014-09-29 13:00:00,0.4314487895716946,0.0491061452513966,0.0166666666666666,0.001,0.0,0.0,0.0
2014-09-29 14:00:00,0.1579217877094972,0.0,0.0165046554934823,0.001,0.0,0.0,0.0
2014-09-29 15:00:00,0.453714527027027,0.0468733108108108,0.0170405405405405,0.2099476351351351,0.0,0.0,0.0
2014-09-29 16:00:00,1.3263924731182797,0.050589605734767,0.0198620071684587,0.001,0.0668870967741935,0.0,0.0
2014-09-29 17:00:00,1.0566342281879195,0.0014295302013422,0.0240302013422818,0.001,0.1012164429530201,0.0,0.0
2014-09-29 18:00:00,0.6130134453781513,0.0479193277310924,0.0528420168067226,0.001,0.0554974789915966,0.0,0.0
2014-09-29 19:00:00,0.4676934673366834,0.0461591289782244,0.1903283082077052,0.001,0.0,0.0,0.0
2014-09-29 20:00:00,0.2967118353344768,0.0052058319039451,0.1725591766723842,0.001,0.0,0.0,0.0
2014-09-29 21:00:00,0.4970883882149047,0.0498682842287694,0.1812339688041594,0.001,0.1077954939341421,0.0,0.027421143847487
2014-09-29 22:00:00,0.1915602094240837,0.0307923211169284,0.0167068062827225,0.001,0.0,0.0,0.0352129144851657
2014-09-29 23:00:00,0.1558678899082568,0.0192990825688073,0.0163669724770642,0.001,0.0,0.0,0.0004513761467889
2014-09-30 00:00:00,0.1618197573656845,0.0487123050259965,0.0165355285961871,0.001,0.0,0.0,0.0
2014-09-30 01:00:00,0.1441958041958042,0.0,0.016812937062937,0.001,0.0,0.0,0.0
2014-09-30 02:00:00,0.1588096885813148,0.0490588235294117,0.0211937716262975,0.001,0.0,0.0,0.0
2014-09-30 03:00:00,0.1495826235093696,0.0268756388415672,0.0165383304940374,0.001,0.0,0.0,0.0
2014-09-30 04:00:00,0.1466591304347826,0.0213095652173913,0.0162817391304347,0.001,0.0,0.0,0.0
2014-09-30 05:00:00,0.2969722703639514,0.0506689774696707,0.0161767764298093,0.0012218370883882,0.1167192374350086,0.0,0.0
2014-09-30 06:00:00,0.3922232142857143,0.0019446428571428,0.0191017857142857,0.001,0.0986339285714285,0.0,0.0
2014-09-30 07:00:00,0.3304163090128755,0.0417038626609442,0.0235300429184549,0.001,0.0,0.0,0.0
2014-09-30 08:00:00,0.70725,0.01992,0.0164066666666666,0.001,0.0,0.0,0.0
2014-09-30 09:00:00,0.1484916666666666,0.02744,0.0166333333333333,0.001,0.0,0.0,0.0
2014-09-30 10:00:00,0.1525201342281879,0.040736577181208,0.0166291946308724,0.001,0.0,0.0,0.0
2014-09-30 11:00:00,0.3325907407407407,0.0177629629629629,0.0850814814814814,0.001,0.1070981481481481,0.0,0.0
2014-09-30 12:00:00,0.1759,0.0473222222222222,0.0173166666666666,0.001,0.0,0.0,0.0
2014-09-30 13:00:00,0.1486256499133449,0.0299064124783362,0.0164523396880415,0.001,0.0,0.0,0.0
2014-09-30 14:00:00,0.7370282186948853,0.0356807760141093,0.0899770723104056,0.010668430335097,0.0,0.0,0.0
2014-09-30 15:00:00,0.4361708428246014,0.0336856492027334,0.0162915717539863,0.001,0.0,0.0,0.0
2014-09-30 16:00:00,0.2595616666666667,0.0160833333333333,0.016385,0.001,0.0979883333333333,0.0,0.0328483333333333
2014-09-30 17:00:00,0.2310966666666666,0.0624866666666666,0.016265,0.001,0.0,0.0,0.0465083333333333
2014-09-30 18:00:00,0.8618816666666667,0.0348633333333333,0.07375,0.001,0.0,0.0,0.000575
2014-09-30 19:00:00,0.5874065180102916,0.0621715265866209,0.1902229845626072,0.0009982847341337,0.1092761578044596,0.0,0.0825866209262435
2014-09-30 20:00:00,0.4478347826086956,0.0547930434782608,0.1665147826086956,0.001,0.0,0.0,0.1009947826086956
2014-09-30 21:00:00,0.4476882793017456,0.0556134663341645,0.1678104738154613,0.001,0.0,0.0,0.1014987531172069
2014-09-30 22:00:00,0.4127862068965517,0.0265379310344827,0.0356367816091954,0.001,0.1053701149425287,0.0,0.082287356321839
2014-09-30 23:00:00,0.1532334096109839,0.0214759725400457,0.01662471395881,0.001,0.0,0.0,0.0005354691075514
2014-10-01 00:00:00,0.1529363636363636,0.0485363636363636,0.0165545454545454,0.0010022727272727,0.0,0.0,0.0
2014-10-01 01:00:00,0.1508522727272727,0.0377886363636363,0.0166704545454545,0.001,0.0,0.0,0.0
2014-10-01 02:00:00,0.1437022727272727,0.0088113636363636,0.01695,0.0010022727272727,0.0,0.0,0.0
2014-10-01 03:00:00,0.1575342789598108,0.0494089834515366,0.0213191489361702,0.0010023640661938,0.0,0.0,0.0
2014-10-01 04:00:00,0.1500663265306122,0.0315816326530612,0.0166632653061224,0.001,0.0,0.0,0.0
2014-10-01 05:00:00,0.1455489749430524,0.0192482915717539,0.0162756264236902,0.001,0.0,0.0,0.0
2014-10-01 06:00:00,0.3403461538461538,0.0480723981900452,0.0162194570135746,0.001,0.1324343891402715,0.0,0.0196923076923076
2014-10-01 07:00:00,0.3048571428571428,0.0373617511520737,0.0164953917050691,0.001,0.1181152073732718,0.0242626728110599,0.0004884792626728
2014-10-01 08:00:00,0.3264525139664804,0.0150391061452513,0.0163128491620111,0.001,0.0,0.0,0.0
2014-10-01 09:00:00,0.6118295454545455,0.0466295454545454,0.0165454545454545,0.001,0.0,0.0,0.0
2014-10-01 10:00:00,0.1476818181818182,0.0197522727272727,0.0167318181818181,0.0010022727272727,0.0,0.0,0.0
2014-10-01 11:00:00,0.2273371559633027,0.0279701834862385,0.1119220183486238,0.001,0.0,0.0,0.0
2014-10-01 12:00:00,0.3566587112171838,0.0593579952267303,0.1179546539379475,0.0010095465393794,0.1171957040572792,0.0,0.0
2014-10-01 13:00:00,0.1992059496567505,0.0077688787185354,0.0836887871853546,0.001,0.0,0.0,0.0
2014-10-01 14:00:00,0.8116712328767124,0.0551392694063926,0.0777488584474885,0.001,0.0,0.0,0.0
2014-10-01 15:00:00,0.3479932279909706,0.0487133182844243,0.1639006772009029,0.001,0.0,0.0,0.0
2014-10-01 16:00:00,0.2689725400457666,0.0127459954233409,0.0488192219679633,0.001,0.0982265446224256,0.0,0.0
2014-10-01 17:00:00,0.3348274231678487,0.038354609929078,0.0513049645390071,0.001,0.1153995271867612,0.0,0.0098156028368794
2014-10-01 18:00:00,1.0215295454545454,0.0516931818181818,0.1005181818181818,0.073575,0.0,0.0,0.0215772727272727
2014-10-01 19:00:00,0.493766439909297,0.0365396825396825,0.0165102040816326,0.001,0.0,0.0,0.0
2014-10-01 20:00:00,1.231740318906606,0.0162892938496583,0.0195968109339407,0.001,0.0,0.0,0.0
2014-10-01 21:00:00,0.9600816326530612,0.0477619047619047,0.0343696145124716,0.001,0.0,0.0,0.0
2014-10-01 22:00:00,0.8313675799086758,0.0235981735159817,0.1280251141552511,0.001,0.1290867579908675,0.0,0.0
2014-10-01 23:00:00,0.162837899543379,0.0248858447488584,0.0189817351598173,0.001,0.0,0.0,0.0
2014-10-02 00:00:00,0.162831797235023,0.0513870967741935,0.0164838709677419,0.001,0.0,0.0,0.0
2014-10-02 01:00:00,0.1467409090909091,0.0,0.0164545454545454,0.001,0.0,0.0,0.0
2014-10-02 02:00:00,0.1535844748858447,0.0477283105022831,0.0168310502283105,0.0009977168949771,0.0,0.0,0.0
2014-10-02 03:00:00,0.1459817767653758,0.0,0.0212164009111617,0.001,0.0,0.0,0.0
2014-10-02 04:00:00,0.1531552511415524,0.0493401826484018,0.0166415525114155,0.0010022831050228,0.0,0.0,0.0
2014-10-02 05:00:00,0.1562776412776412,0.0112678132678132,0.0164742014742014,0.001,0.0,0.0,0.0
2014-10-02 06:00:00,0.3202488584474886,0.0380365296803653,0.0163356164383561,0.001,0.1138698630136986,0.0,0.0130205479452054
2014-10-02 07:00:00,0.3789384965831435,0.0356423690205011,0.0163986332574031,0.001,0.0704510250569476,0.0,0.0004077448747152
2014-10-02 08:00:00,0.1944009111617312,0.017132118451025,0.016250569476082,0.001,0.0,0.0386241457858769,0.0
2014-10-02 09:00:00,0.1533447488584475,0.0475365296803653,0.0163424657534246,0.001,0.0,0.0,0.0
2014-10-02 10:00:00,0.3761926605504587,0.02275,0.10525,0.0351880733944954,0.12425,0.0,0.0
2014-10-02 11:00:00,0.2502671232876712,0.0241894977168949,0.1392031963470319,0.001,0.0,0.0,0.0
2014-10-02 12:00:00,0.3135034013605442,0.0448072562358276,0.0418526077097505,0.0103514739229024,0.0773333333333333,0.0408072562358276,0.0
2014-10-02 13:00:00,0.2614096109839817,0.0092860411899313,0.1404027459954233,0.001,0.0,0.0,0.0
2014-10-02 14:00:00,0.441073732718894,0.0472511520737327,0.1517649769585253,0.0685829493087557,0.0836981566820276,0.0,0.0
2014-10-02 15:00:00,0.22423623853211,0.0031766055045871,0.0835366972477064,0.001,0.0,0.0,0.0
2014-10-02 16:00:00,0.1892625570776255,0.046824200913242,0.022783105022831,0.001,0.0,0.0,0.0
2014-10-02 17:00:00,0.5373356164383561,0.0820753424657534,0.0051917808219178,0.0009977168949771,0.1425205479452055,0.0,0.0636278538812785
2014-10-02 18:00:00,0.9600408163265306,0.0264399092970521,0.0047392290249433,0.0444943310657596,0.0767800453514739,0.0,0.0005578231292517
2014-10-02 19:00:00,0.3035649202733484,0.035250569476082,0.1647995444191344,0.0010501138952164,0.0,0.0,0.0
2014-10-02 20:00:00,0.4260547945205479,0.047458904109589,0.1898744292237443,0.001,0.0899566210045662,0.0,0.0
2014-10-02 21:00:00,0.312421875,0.0407321428571428,0.1810758928571428,0.001,0.0,0.0,0.0
2014-10-02 22:00:00,0.3887409090909091,0.0051863636363636,0.17525,0.001,0.0,0.0,0.0539022727272727
2014-10-02 23:00:00,0.1792984054669704,0.046136674259681,0.0180637813211845,0.001,0.0,0.0,0.0004328018223234
2014-10-03 00:00:00,0.1679,0.0422181818181818,0.0221818181818181,0.001,0.0,0.0,0.0
2014-10-03 01:00:00,0.1608721461187214,0.0068287671232876,0.0197853881278538,0.001,0.0,0.0,0.0
2014-10-03 02:00:00,0.1556127562642369,0.0495466970387243,0.0050205011389521,0.001,0.0,0.0,0.0
2014-10-03 03:00:00,0.1563981693363844,0.0127002288329519,0.0095171624713958,0.0010022883295194,0.0,0.0,0.0
2014-10-03 04:00:00,0.1534704545454545,0.034275,0.004825,0.001,0.0,0.0,0.0
2014-10-03 05:00:00,0.1543447488584475,0.0365388127853881,0.0048424657534246,0.001,0.0,0.0,0.0
2014-10-03 06:00:00,0.1570865603644647,0.011250569476082,0.0047949886104783,0.001,0.0,0.0,0.0
2014-10-03 07:00:00,0.7926568181818181,0.0479022727272727,0.0484704545454545,0.001,0.1465522727272727,0.0,0.0
2014-10-03 08:00:00,1.0008223234624145,0.0134031890660592,0.0335353075170842,0.001,0.0,0.0433462414578587,0.0
2014-10-03 09:00:00,0.6178764302059496,0.0838535469107551,0.0558718535469107,0.001,0.0,0.0,0.0
2014-10-03 10:00:00,0.1525239179954441,0.0286765375854214,0.0050842824601366,0.001,0.0,0.0,0.0
2014-10-03 11:00:00,0.1831735159817351,0.0,0.0469109589041095,0.0010022831050228,0.0,0.0,0.0
2014-10-03 12:00:00,0.2331708428246013,0.0796514806378132,0.0835466970387243,0.001,0.0,0.0,0.0
2014-10-03 13:00:00,0.1525727272727272,0.0338931818181818,0.005040909090909,0.001,0.0,0.0,0.0
2014-10-03 14:00:00,0.1509068181818181,0.0,0.0048136363636363,0.0010068181818181,0.0,0.0,0.0
2014-10-03 15:00:00,0.2607995337995338,0.0675337995337995,0.086053613053613,0.001,0.0,0.0,0.0
2014-10-03 16:00:00,0.28275,0.0537757009345794,0.0048551401869158,0.001,0.1266355140186916,0.0,0.0
2014-10-03 17:00:00,0.1541235697940503,0.026533180778032,0.0047917620137299,0.001,0.0,0.0,0.0
2014-10-03 18:00:00,0.3738535469107551,0.0835286041189931,0.0514096109839816,0.001,0.1206407322654462,0.0,0.0
2014-10-03 19:00:00,1.3643112128146453,0.0764942791762013,0.177720823798627,0.2176064073226544,0.0,0.0,0.0135034324942791
2014-10-03 20:00:00,0.3068374717832957,0.0236207674943566,0.1683589164785553,0.001,0.0,0.0,0.0005417607223476
2014-10-03 21:00:00,0.3257972350230415,0.0477718894009216,0.1736267281105991,0.0010023041474654,0.0,0.0,0.0
2014-10-03 22:00:00,0.3874493087557603,0.0926912442396313,0.1811267281105991,0.001,0.0,0.0,0.0
2014-10-03 23:00:00,0.3772892938496583,0.0890455580865603,0.1610751708428246,0.001,0.0,0.0,0.0
2014-10-04 00:00:00,0.3422305936073059,0.0347488584474885,0.1548493150684931,0.001,0.0,0.0,0.0
2014-10-04 01:00:00,0.1759584295612009,0.0511662817551963,0.0196327944572748,0.0010023094688221,0.0,0.0,0.0
2014-10-04 02:00:00,0.1740697674418604,0.0785651162790697,0.0221674418604651,0.001,0.0,0.0,0.0
2014-10-04 03:00:00,0.1577692307692307,0.0154382284382284,0.0129417249417249,0.001,0.0,0.0,0.0
2014-10-04 04:00:00,0.1556488372093023,0.0673162790697674,0.0048348837209302,0.001,0.0,0.0,0.0
2014-10-04 05:00:00,0.1503055555555555,0.0504004629629629,0.0047708333333333,0.001,0.0,0.0,0.0
2014-10-04 06:00:00,0.4235883720930233,0.0246046511627907,0.1003813953488372,0.001,0.1379372093023256,0.0,0.0
2014-10-04 07:00:00,0.3214483568075117,0.0798333333333333,0.1090962441314554,0.001,0.0660704225352112,0.0,0.0
2014-10-04 08:00:00,0.1982746478873239,0.0213028169014084,0.0567417840375586,0.001093896713615,0.0,0.0,0.0
2014-10-04 09:00:00,0.2661547911547912,0.0506486486486486,0.005017199017199,0.001,0.0,0.0,0.0
2014-10-04 10:00:00,0.3405958904109589,0.0595730593607305,0.1554497716894977,0.0285182648401826,0.0,0.0,0.0
2014-10-04 11:00:00,0.2708993135011441,0.0,0.1613226544622425,0.001,0.0,0.0,0.0
2014-10-04 12:00:00,0.3520478359908883,0.0741161731207289,0.0312892938496583,0.001,0.1694920273348519,0.0,0.0
2014-10-04 13:00:00,0.8896454545454545,0.0371090909090909,0.1445181818181818,0.1085727272727272,0.0966386363636363,0.0,0.0
2014-10-04 14:00:00,0.7422214611872145,0.0209840182648401,0.0765616438356164,0.0102054794520547,0.0708858447488584,0.0,0.0
2014-10-04 15:00:00,0.2855057208237986,0.0804988558352402,0.0050251716247139,0.001,0.0,0.0,0.0
2014-10-04 16:00:00,0.2324301075268817,0.0008960573476702,0.0048602150537634,0.001,0.0,0.0,0.0
2014-10-04 17:00:00,1.1856560846560846,0.0714761904761904,0.0047804232804232,0.1122380952380952,0.0995396825396825,0.0,0.0
2014-10-04 18:00:00,0.8022581395348838,0.0781627906976744,0.064906976744186,0.001,0.0,0.0,0.0
2014-10-04 19:00:00,0.4719463869463869,0.0096456876456876,0.1711934731934732,0.001,0.1122727272727272,0.0,0.0
2014-10-04 20:00:00,0.3226075650118203,0.0537281323877068,0.1745981087470449,0.001,0.0,0.0,0.0
2014-10-04 21:00:00,0.31807962529274,0.0462107728337236,0.1787728337236534,0.001,0.0,0.0,0.0
2014-10-04 22:00:00,0.3045255813953488,0.0152674418604651,0.1435209302325581,0.001,0.0,0.0,0.0
2014-10-04 23:00:00,0.1629184149184149,0.0784195804195804,0.0184522144522144,0.001,0.0,0.0,0.0
2014-10-05 00:00:00,0.1406177156177156,0.0,0.0048251748251748,0.001002331002331,0.0,0.0,0.0
2014-10-05 01:00:00,0.1438767441860465,0.0311255813953488,0.0048837209302325,0.001,0.0001860465116279,0.0,0.0
2014-10-05 02:00:00,0.1439463869463869,0.0627575757575757,0.0049184149184149,0.001,0.0,0.0,0.0
2014-10-05 03:00:00,0.1432720930232558,0.0,0.0096395348837209,0.001013953488372,0.0,0.0,0.0
2014-10-05 04:00:00,0.143053613053613,0.0238951048951048,0.0048578088578088,0.001,0.0,0.0,0.0
2014-10-05 05:00:00,0.1631585014409221,0.0726887608069164,0.0048587896253602,0.001,0.0,0.0,0.0
2014-10-05 06:00:00,0.1499722863741339,0.0,0.0048775981524249,0.001,0.0,0.0,0.0
2014-10-05 07:00:00,0.5035986078886311,0.0014245939675174,0.1629118329466357,0.001,0.24430626450116,0.0,0.0
2014-10-05 08:00:00,0.3384592074592074,0.0852097902097902,0.1954988344988344,0.001,0.0,0.0,0.0
2014-10-05 09:00:00,1.2092068965517242,0.0018666666666666,0.0519563218390804,0.001,0.0,0.0287057471264367,0.0
2014-10-05 10:00:00,0.6409726651480638,0.0047152619589977,0.0175148063781321,0.001,0.0779886104783599,0.0,0.0
2014-10-05 11:00:00,0.9055349887133184,0.0850135440180586,0.0196839729119638,0.0010270880361173,0.1230970654627539,0.0,0.0075869074492099
2014-10-05 12:00:00,0.1594715261958997,0.0039453302961275,0.0081503416856492,0.001,0.0,0.0,0.0248724373576309
2014-10-05 13:00:00,0.1399863325740318,0.0,0.0048656036446469,0.001,0.0,0.0,0.0
2014-10-05 14:00:00,0.1510886363636363,0.066865909090909,0.0048545454545454,0.001,0.0,0.0,0.0
2014-10-05 15:00:00,0.1675431818181818,0.030665909090909,0.0214227272727272,0.001,0.0,0.0,0.0
2014-10-05 16:00:00,0.4097813211845102,0.0002050113895216,0.1696651480637813,0.001,0.1180979498861047,0.0,0.0
2014-10-05 17:00:00,0.798743119266055,0.062993119266055,0.165144495412844,0.001,0.0,0.0,0.0
2014-10-05 18:00:00,0.2219109589041095,0.0376232876712328,0.050986301369863,0.001,0.0,0.0,0.0
2014-10-05 19:00:00,0.1660205479452055,0.0,0.0222351598173515,0.001,0.0,0.0,0.0
2014-10-05 20:00:00,0.1713219178082191,0.0232077625570776,0.0052214611872146,0.001,0.0,0.0,0.0
2014-10-05 21:00:00,0.328447247706422,0.0785091743119266,0.1335894495412844,0.001,0.0,0.0,0.0
2014-10-05 22:00:00,0.1775228310502283,0.0,0.0205342465753424,0.001,0.0,0.0,0.0
2014-10-05 23:00:00,0.1615652173913043,0.0,0.0221533180778032,0.001,0.0,0.0,0.0
2014-10-06 00:00:00,0.1619181818181818,0.0514136363636363,0.0221318181818181,0.0010022727272727,0.0,0.0,0.0
2014-10-06 01:00:00,0.1442818181818181,0.0483954545454545,0.0050045454545454,0.001,0.0,0.0,0.0
2014-10-06 02:00:00,0.1407785388127854,0.0,0.0048744292237442,0.001,0.0,0.0,0.0
2014-10-06 03:00:00,0.1425590909090909,0.0,0.0097090909090909,0.001,0.0,0.0,0.0
2014-10-06 04:00:00,0.1486077097505669,0.0662380952380952,0.0048798185941043,0.001,0.0,0.0,0.0
2014-10-06 05:00:00,0.1416802721088435,0.0355487528344671,0.0048526077097505,0.001,0.0,0.0,0.0
2014-10-06 06:00:00,0.1472607709750567,0.0,0.0048117913832199,0.001,0.0,0.0003628117913832,0.0
2014-10-06 07:00:00,0.4716185101580135,0.0028171557562076,0.0048803611738148,0.001,0.1345756207674943,0.0,0.0
2014-10-06 08:00:00,0.2004932126696832,0.0852239819004524,0.0048823529411764,0.001,0.0,0.0,0.0
2014-10-06 09:00:00,0.2331571753986332,0.0170159453302961,0.0048428246013667,0.001,0.0,0.0,0.0
2014-10-06 10:00:00,0.154766439909297,0.0,0.0048866213151927,0.001,0.0,0.0,0.0
2014-10-06 11:00:00,0.1383325791855203,0.0,0.0048552036199095,0.0010022624434389,0.0,0.0,0.0
2014-10-06 12:00:00,0.3213525345622119,0.0748847926267281,0.0455668202764976,0.0010023041474654,0.0990299539170506,0.0,0.0
2014-10-06 13:00:00,0.3378363636363636,0.0366840909090909,0.0990636363636363,0.0104727272727272,0.0973795454545454,0.0,0.0
2014-10-06 14:00:00,0.2530521541950113,0.0,0.1532675736961451,0.001,0.0,0.0,0.0
2014-10-06 15:00:00,0.2038669724770642,0.0272706422018348,0.0304311926605504,0.0105848623853211,0.0,0.0,0.0
2014-10-06 16:00:00,0.2318974943052391,0.075501138952164,0.0333280182232346,0.001,0.0,0.0,0.0
2014-10-06 17:00:00,0.375248291571754,0.0009088838268792,0.039002277904328,0.001,0.1274783599088838,0.0,0.0
2014-10-06 18:00:00,0.92621768707483,0.0282993197278911,0.1882335600907029,0.001,0.0,0.0,0.0094557823129251
2014-10-06 19:00:00,0.8425172413793104,0.0814988505747126,0.1837011494252873,0.0442390804597701,0.0,0.0,0.0005080459770114
2014-10-06 20:00:00,0.8508584474885845,0.0385616438356164,0.1706552511415525,0.001,0.0,0.0,0.0
2014-10-06 21:00:00,0.8471720183486239,0.0007568807339449,0.0304243119266055,0.001,0.1453119266055046,0.0,0.0
2014-10-06 22:00:00,0.4695862068965517,0.062287356321839,0.1282896551724138,0.0010022988505747,0.0664344827586206,0.0,0.0554919540229885
2014-10-06 23:00:00,0.206472850678733,0.0664570135746606,0.0437420814479638,0.001,0.0,0.0,0.0003914027149321
2014-10-07 00:00:00,0.1510273348519362,0.0,0.0049043280182232,0.001004555808656,0.0,0.0,0.0
2014-10-07 01:00:00,0.1487031963470319,0.0,0.0048493150684931,0.0009977168949771,0.0,0.0,0.0
2014-10-07 02:00:00,0.1564885844748858,0.0433036529680365,0.0048424657534246,0.0010022831050228,0.0,0.0,0.0
2014-10-07 03:00:00,0.1588863636363636,0.0808136363636363,0.0097113636363636,0.001,0.0,0.0,0.0
2014-10-07 04:00:00,0.1489365079365079,0.0060839002267573,0.0048548752834467,0.001,0.0,0.0,0.0
2014-10-07 05:00:00,0.1481708428246013,0.0,0.0054555808656036,0.0010364464692482,0.0,0.0,0.0
2014-10-07 06:00:00,0.1800387243735763,0.0,0.0048496583143507,0.001,0.0,0.0,0.0
2014-10-07 07:00:00,0.6249429223744293,0.0813013698630137,0.0305022831050228,0.0322511415525114,0.2022009132420091,0.0,0.0
2014-10-07 08:00:00,0.2155091743119266,0.0442660550458715,0.005038990825688,0.010447247706422,0.0,0.0,0.0
2014-10-07 09:00:00,0.1482630385487528,0.0,0.0048662131519274,0.001,0.0,0.0,0.0
2014-10-07 10:00:00,0.1487363636363636,0.0,0.0048681818181818,0.0010090909090909,0.0,0.0,0.0
2014-10-07 11:00:00,0.1645599078341013,0.0336728110599078,0.0049216589861751,0.0010092165898617,0.0,0.0001382488479262,0.0
2014-10-07 12:00:00,0.5114419134396355,0.0814988610478359,0.0409954441913439,0.0943097949886104,0.105,0.07425284738041,0.0
2014-10-07 13:00:00,0.952195945945946,0.02409009009009,0.1552004504504504,0.0010495495495495,0.0,0.0,0.0
2014-10-07 14:00:00,0.3644508009153318,0.0001029748283752,0.0835057208237986,0.0010045766590389,0.0,0.0,0.0
2014-10-07 15:00:00,0.2989103448275861,0.0754436781609195,0.005151724137931,0.0122091954022988,0.0732114942528735,0.0,0.0
2014-10-07 16:00:00,0.3091075514874142,0.0559656750572082,0.0095423340961098,0.001,0.1321876430205949,0.0,0.0
2014-10-07 17:00:00,0.290365296803653,0.000404109589041,0.0080547945205479,0.001,0.0977442922374429,0.0,0.0654269406392694
2014-10-07 18:00:00,0.4209704545454545,0.0531386363636363,0.1923363636363636,0.0163045454545454,0.0,0.0,0.0305181818181818
2014-10-07 19:00:00,0.9769909706546276,0.0523724604966139,0.1787945823927765,0.001,0.1748306997742663,0.0,0.0004108352144469
2014-10-07 20:00:00,0.326975,0.0,0.1731977272727272,0.001,0.0,0.0,0.0
2014-10-07 21:00:00,0.3802420814479638,0.0331357466063348,0.17320814479638,0.001,0.0,0.0,0.0
2014-10-07 22:00:00,0.5036658986175115,0.0800253456221198,0.1784447004608295,0.001,0.0713824884792626,0.0,0.0
2014-10-07 23:00:00,0.2261526195899772,0.0,0.0895671981776765,0.001,0.0,0.0,0.0
2014-10-08 00:00:00,0.1467113636363636,0.0,0.0051522727272727,0.001,0.0,0.0,0.0
2014-10-08 01:00:00,0.1568099547511312,0.0642058823529411,0.0048438914027149,0.001,2.262443438914028e-06,0.0,0.0
2014-10-08 02:00:00,0.1509136363636363,0.043325,0.0052045454545454,0.001,0.0,0.0,0.0
2014-10-08 03:00:00,0.1510250569476082,0.0,0.009378132118451,0.001,0.0,0.0,0.0
2014-10-08 04:00:00,0.149875,0.0,0.0048680555555555,0.001,0.0,0.0,0.0
2014-10-08 05:00:00,0.1565275229357798,0.0616926605504587,0.0048761467889908,0.001,0.0,0.0,0.0
2014-10-08 06:00:00,0.3684748858447488,0.0472146118721461,0.0048515981735159,0.0164977168949771,0.1395228310502283,0.0,0.0
2014-10-08 07:00:00,0.969891454965358,0.0002794457274826,0.0048267898383371,0.001,0.1334803695150115,0.0282448036951501,0.0
2014-10-08 08:00:00,1.7425381062355658,0.0605612009237875,0.0048706697459584,0.001,0.0,0.0,0.0
2014-10-08 09:00:00,0.2283056872037915,0.0399715639810426,0.0681753554502369,0.0139052132701421,0.0,0.0,0.0
2014-10-08 10:00:00,0.2064064039408867,0.0002931034482758,0.0775172413793103,0.0010024630541871,0.0,0.0,0.0
2014-10-08 11:00:00,0.1547050691244239,0.0271036866359447,0.0050875576036866,0.001,0.0,0.0,0.0
2014-10-08 12:00:00,0.373632183908046,0.0806137931034482,0.0533080459770115,0.0541931034482758,0.1193264367816091,0.0,0.0
2014-10-08 13:00:00,0.2377413394919168,0.0016327944572748,0.0669884526558891,0.001,0.0336466512702078,0.0,0.0
2014-10-08 14:00:00,0.1493210161662817,0.0,0.005108545034642,0.0010023094688221,0.0,0.0,0.0
2014-10-08 15:00:00,0.1846412037037036,0.0503958333333333,0.0048796296296296,0.0010023148148148,0.0,0.0,0.0
2014-10-08 16:00:00,1.7641480637813214,0.0626013667425968,0.0087904328018223,0.001,0.1301002277904328,0.0,0.0
2014-10-08 17:00:00,2.2914050343249426,0.000787185354691,0.019345537757437,0.0871647597254004,0.1874942791762013,0.0,0.0
2014-10-08 18:00:00,1.9935537757437072,0.055787185354691,0.163695652173913,0.0127185354691075,0.0947826086956521,0.0,0.0946270022883295
2014-10-08 19:00:00,0.3494118993135011,0.0542585812356979,0.0129656750572082,0.001,0.0,0.0,0.1117620137299771
2014-10-08 20:00:00,0.3307844036697248,0.0001032110091743,0.1688967889908257,0.0014013761467889,0.0,0.0,0.0102316513761467
2014-10-08 21:00:00,0.3869128440366973,0.0180022935779816,0.0365688073394495,0.0010321100917431,0.0,0.0,0.0935573394495412
2014-10-08 22:00:00,0.2355243619489559,0.0826960556844547,0.00807656612529,0.001,0.0,0.0,0.0775754060324826
2014-10-08 23:00:00,0.1481002277904328,0.0047744874715261,0.0048405466970387,0.001,0.0,0.0,0.0004738041002277
2014-10-09 00:00:00,0.1473120728929385,0.0,0.004879271070615,0.001009111617312,0.0,0.0,0.0
2014-10-09 01:00:00,0.155630979498861,0.0282460136674259,0.0048656036446469,0.001,0.0,0.0,0.0
2014-10-09 02:00:00,0.155125,0.0813909090909091,0.0052295454545454,0.001,0.0,0.0,0.0
2014-10-09 03:00:00,0.1518200455580865,0.0038496583143507,0.0094464692482915,0.001,0.0,0.0,0.0
2014-10-09 04:00:00,0.1477739726027397,0.0,0.0049200913242009,0.001,0.0,0.0,0.0
2014-10-09 05:00:00,0.1467191780821918,0.0,0.0048767123287671,0.001,0.0,0.0,0.0
2014-10-09 06:00:00,0.3653895216400911,0.0553895216400911,0.0048587699316628,0.001,0.1454965831435079,0.0,0.0
2014-10-09 07:00:00,0.2777328767123287,0.0702534246575342,0.0048424657534246,0.001,0.0,0.0,0.0
2014-10-09 08:00:00,0.8659427917620137,0.0002356979405034,0.0048718535469107,0.001,0.0935057208237986,0.0,0.0
2014-10-09 09:00:00,0.6320205479452056,0.0,0.0048698630136986,0.001,0.0,0.0,0.0
2014-10-09 10:00:00,0.1599954648526077,0.0388662131519274,0.0049024943310657,0.001,0.0,0.0,0.0
2014-10-09 11:00:00,0.9716338672768878,0.0805766590389016,0.0048695652173913,0.0259244851258581,0.0,0.0,0.0
2014-10-09 12:00:00,0.6025671981776766,0.0233439635535307,0.0840911161731207,0.0802984054669704,0.1674601366742596,0.1072756264236901,0.0
2014-10-09 13:00:00,0.2631697247706421,0.0509655963302752,0.1291674311926605,0.001,0.0,0.0,0.0
2014-10-09 14:00:00,0.3038064516129032,0.0611059907834101,0.1650783410138248,0.001,0.0,0.0,0.0
2014-10-09 15:00:00,0.1775046082949308,0.0,0.0260414746543778,0.001,0.0,0.0,0.0
2014-10-09 16:00:00,0.2399155251141552,0.0353082191780821,0.0328470319634703,0.001,0.0,0.0,0.0
2014-10-09 17:00:00,1.3602004555808656,0.0282824601366742,0.1534282460136674,0.001,0.1444100227790433,0.0,0.0
2014-10-09 18:00:00,0.8942699530516431,0.0226737089201877,0.1884483568075117,0.001,0.1004107981220657,0.0,0.0
2014-10-09 19:00:00,0.968460975609756,0.0231146341463414,0.1857780487804878,0.001,0.0,0.0,0.0
2014-10-09 20:00:00,0.4444861111111111,0.0263958333333333,0.1837048611111111,0.001,0.0,0.0,0.01365625
2014-10-09 21:00:00,0.4367319347319348,0.0142167832167832,0.184076923076923,0.001,0.0,0.0,0.1135617715617715
2014-10-09 22:00:00,0.2748922018348623,0.0460848623853211,0.0258302752293578,0.001,0.0,0.0,0.1108096330275229
2014-10-09 23:00:00,0.1531863636363636,0.0,0.0050863636363636,0.001,0.0,0.0002181818181818,0.0020454545454545
2014-10-10 00:00:00,0.1575147392290249,0.0480770975056689,0.0048480725623582,0.0010090702947845,0.0,7.256235827664399e-05,0.0
2014-10-10 01:00:00,0.1494086757990867,0.0,0.0048584474885844,0.001,0.0,0.0,0.0
2014-10-10 02:00:00,0.1559068181818181,0.0533795454545454,0.0051227272727272,0.0010068181818181,0.0,0.0,0.0
2014-10-10 03:00:00,0.1533122171945701,0.0,0.0094841628959276,0.001,0.0,0.0,0.0
2014-10-10 04:00:00,0.155917808219178,0.0439041095890411,0.0048926940639269,0.0010045662100456,0.0,0.0,0.0
2014-10-10 05:00:00,0.1642379862700228,0.006345537757437,0.0048489702517162,0.001,0.0,0.0,0.0
2014-10-10 06:00:00,0.1588159090909091,0.0191590909090909,0.0047681818181818,0.001,0.0,0.0,0.0
2014-10-10 07:00:00,1.0375675057208238,0.0330366132723112,0.0048810068649885,0.001,0.153324942791762,0.0,0.0
2014-10-10 08:00:00,0.3303576309794989,0.040006833712984,0.0048701594533029,0.001002277904328,0.0976469248291571,0.0,0.0
2014-10-10 09:00:00,0.1495194508009153,0.0125995423340961,0.0048627002288329,0.0010068649885583,0.0,0.0,0.0
2014-10-10 10:00:00,0.1554782608695652,0.0334187643020594,0.0048604118993135,0.0010091533180778,0.0,0.0,0.0
2014-10-10 11:00:00,0.1495522727272727,0.0164386363636363,0.0048545454545454,0.0010045454545454,0.0,0.0,0.0
2014-10-10 12:00:00,0.4405590909090909,0.027540909090909,0.0404772727272727,0.044275,0.115265909090909,0.0825613636363636,0.0
2014-10-10 13:00:00,0.375675057208238,0.0325766590389016,0.1859176201372997,0.001,0.0783821510297482,0.0,0.0
2014-10-10 14:00:00,0.2373477272727272,0.0322818181818181,0.1103363636363636,0.0010068181818181,0.0,0.0,0.0
2014-10-10 15:00:00,0.3702990867579909,0.021079908675799,0.0050639269406392,0.0784794520547945,0.1327305936073059,0.0,0.0
2014-10-10 16:00:00,0.2884077448747152,0.0372961275626423,0.0048542141230068,0.001,0.1053963553530751,0.0,0.0
2014-10-10 17:00:00,1.6609111617312071,0.0140387243735763,0.0644897494305239,0.0501958997722095,0.1109521640091116,0.0,0.0
2014-10-10 18:00:00,0.5082824074074074,0.0577777777777777,0.1873587962962963,0.001,0.1333680555555555,0.0,0.0
2014-10-10 19:00:00,0.2962320185614849,0.0020556844547563,0.1746032482598608,0.001,0.0,0.0,0.0
2014-10-10 20:00:00,0.5243447488584475,0.0491757990867579,0.1831963470319635,0.001,0.0,0.0,0.0623972602739726
2014-10-10 21:00:00,0.3553849658314351,0.0140227790432801,0.1485307517084282,0.001,0.0,0.0,0.02401138952164
2014-10-10 22:00:00,0.394310502283105,0.039796803652968,0.1650707762557077,0.001,0.0,0.0,0.0249109589041095
2014-10-10 23:00:00,0.2534829931972789,0.0488049886621315,0.053734693877551,0.001,0.0,0.0,0.0460453514739229
2014-10-11 00:00:00,0.1491894977168949,0.0001917808219178,0.005134703196347,0.001,0.0,0.0,0.0003584474885844
2014-10-11 01:00:00,0.154675,0.0496068181818181,0.0048363636363636,0.001,0.0,0.0,0.0
2014-10-11 02:00:00,0.1481814058956916,0.0,0.0050521541950113,0.001,0.0,0.0,0.0
2014-10-11 03:00:00,0.158296803652968,0.0493972602739726,0.0096118721461187,0.0010022831050228,0.0,0.0,0.0
2014-10-11 04:00:00,0.1489272727272727,0.0063590909090909,0.0048613636363636,0.0009977272727272,0.0,0.0,0.0
2014-10-11 05:00:00,0.15362100456621,0.0255114155251141,0.0054360730593607,0.001,0.0,0.0,0.0
2014-10-11 06:00:00,0.4412126696832579,0.0282443438914027,0.1436719457013574,0.001,0.1158438914027149,0.0,0.0
2014-10-11 07:00:00,0.5158054919908467,0.0180983981693363,0.005045766590389,0.001,0.1176842105263158,0.0,0.0181922196796338
2014-10-11 08:00:00,1.0464988558352402,0.0332219679633867,0.0048489702517162,0.001,0.0539679633867276,0.0,0.0004736842105263
2014-10-11 09:00:00,0.966722095671982,0.008753986332574,0.0048200455580865,0.001,0.04450569476082,0.0,0.0
2014-10-11 10:00:00,0.2015466970387243,0.0421890660592255,0.004876993166287,0.001,0.0,0.0,0.0
2014-10-11 11:00:00,0.1493881278538812,0.0,0.0048538812785388,0.001,0.0,0.0,0.0
2014-10-11 12:00:00,0.1575456621004566,0.0532442922374429,0.0048561643835616,0.0010022831050228,0.0,0.0,0.0
2014-10-11 13:00:00,0.1495639269406392,0.0,0.0048652968036529,0.001,0.0,0.0,0.0
2014-10-11 14:00:00,0.3012260273972603,0.0515662100456621,0.0613287671232876,0.001,0.0977031963470319,0.0,0.0
2014-10-11 15:00:00,0.1550730593607305,0.0023721461187214,0.005079908675799,0.0010022831050228,0.0,0.0,0.0
2014-10-11 16:00:00,0.1709545454545454,0.0279954545454545,0.0048272727272727,0.0010022727272727,0.0,0.0,0.0
2014-10-11 17:00:00,0.5538477272727274,0.0281181818181818,0.0177840909090909,0.001,0.0590772727272727,0.0,0.0
2014-10-11 18:00:00,0.4178162291169451,0.037016706443914,0.1700310262529832,0.001,0.0,0.0,0.0
2014-10-11 19:00:00,1.378607894736842,0.0135105263157894,0.0377473684210526,0.001,0.0,0.0,0.0
2014-10-11 20:00:00,0.3353917995444191,0.0545353075170842,0.1698314350797266,0.001,0.0,0.0,0.0
2014-10-11 21:00:00,0.283875,0.0,0.1610454545454545,0.001,0.0,0.0,0.0
2014-10-11 22:00:00,0.3076802721088436,0.051517006802721,0.1501904761904762,0.001,0.0,0.0,0.0
2014-10-11 23:00:00,0.1622687927107061,0.0,0.0050273348519362,0.001002277904328,0.0,0.0,0.0
2014-10-12 00:00:00,0.1608295454545454,0.0524340909090909,0.0048545454545454,0.0010022727272727,0.0,0.0,0.0
2014-10-12 01:00:00,0.1482471655328798,0.0,0.0048730158730158,0.001,0.0,0.0,0.0
2014-10-12 02:00:00,0.1557022727272727,0.0524636363636363,0.0049840909090909,0.0010068181818181,0.0,0.0,0.0
2014-10-12 03:00:00,0.1516666666666666,0.0,0.0100608272506082,0.0010024330900243,0.0,0.0,0.0
2014-10-12 04:00:00,0.1558295454545454,0.0526931818181818,0.0048818181818181,0.001,0.0,0.0,0.0
2014-10-12 05:00:00,0.1471363636363636,0.0,0.0048886363636363,0.001,0.0,0.0,0.0
2014-10-12 06:00:00,0.2005854214123006,0.0540159453302961,0.0048473804100227,0.001,0.0,0.0,0.0
2014-10-12 07:00:00,0.2824713958810068,0.0005423340961098,0.0048283752860411,0.017649885583524,0.0906338672768878,0.0,0.0
2014-10-12 08:00:00,0.546919540229885,0.0538620689655172,0.0061241379310344,0.001,0.2107908045977011,0.0,0.0
2014-10-12 09:00:00,0.4325162037037037,0.0003333333333333,0.019224537037037,0.001,0.0267129629629629,0.0,0.0
2014-10-12 10:00:00,0.3389331797235023,0.0567442396313364,0.0190645161290322,0.0010023041474654,0.0,0.0,0.0
2014-10-12 11:00:00,2.189623556581986,0.0150392609699769,0.0190554272517321,0.0198175519630484,0.1374341801385681,0.0,0.0
2014-10-12 12:00:00,0.5423093023255814,0.0428186046511627,0.0230581395348837,0.001006976744186,0.0,0.0,0.0
2014-10-12 13:00:00,0.7089832402234637,0.058572625698324,0.2010223463687151,0.001,0.151268156424581,0.0,0.0
2014-10-12 14:00:00,0.7535481651376147,0.0191674311926605,0.1874587155963303,0.001,0.0,0.0,0.0
2014-10-12 15:00:00,1.5070844748858447,0.0589360730593607,0.1900388127853881,0.001,0.0,0.0,0.0230753424657534
2014-10-12 16:00:00,1.8393789954337896,0.0161643835616438,0.1869429223744292,0.001,0.0,0.0,0.0520365296803653
2014-10-12 17:00:00,1.5706529680365298,0.0683447488584474,0.1883310502283104,0.001,0.1149657534246575,0.0,0.0654246575342465
2014-10-12 18:00:00,0.3541594533029613,0.0129635535307517,0.1869931662870159,0.001,0.0,0.0,0.0004282460136674
2014-10-12 19:00:00,0.8304151376146789,0.0647454128440366,0.1725252293577981,0.0010481651376146,0.0,0.0,0.0
2014-10-12 20:00:00,0.7992186788154897,0.0164123006833712,0.0710523917995444,0.0011457858769931,0.0,0.0,0.0910615034168565
2014-10-12 21:00:00,0.1948122171945701,0.0453778280542986,0.0050226244343891,0.001,0.0,0.0,0.0236018099547511
2014-10-12 22:00:00,0.1556902050113895,0.0291822323462414,0.0048473804100227,0.001,0.0,0.0,0.0
2014-10-12 23:00:00,0.1535740318906606,0.0314533029612756,0.0048519362186788,0.001,0.0,0.0,0.0
2014-10-13 00:00:00,0.1559977220956719,0.0345922551252847,0.0048656036446469,0.001002277904328,0.0,0.0,0.0
2014-10-13 01:00:00,0.1525694760820045,0.0240341685649202,0.004879271070615,0.001,0.0,0.0,0.0
2014-10-13 02:00:00,0.1554441913439635,0.0328564920273348,0.0049043280182232,0.001,0.0,0.0,0.0
2014-10-13 03:00:00,0.1564646924829157,0.0244009111617312,0.0096810933940774,0.001002277904328,0.0,0.0,0.0
2014-10-13 04:00:00,0.1543909090909091,0.025575,0.0048613636363636,0.001,0.0,0.0,0.0
2014-10-13 05:00:00,0.1529794988610478,0.0327152619589977,0.0048747152619589,0.001,0.0,0.0,0.0
2014-10-13 06:00:00,0.1718393665158371,0.0125927601809954,0.0048257918552036,0.001,0.0,0.0,0.0
2014-10-13 07:00:00,0.3939499999999999,0.0471681818181818,0.0048454545454545,0.001,0.1511704545454545,0.0,0.0
2014-10-13 08:00:00,0.2772237442922374,0.0351735159817351,0.0048630136986301,0.001,0.0,0.0,0.0
2014-10-13 09:00:00,0.2036101321585903,0.0307863436123348,0.0048810572687224,0.001,0.0,0.0,0.0
2014-10-13 10:00:00,0.1763382624768946,0.0286931608133086,0.0049408502772643,0.001,0.0,0.0,0.0
2014-10-13 11:00:00,0.151104247104247,0.0286447876447876,0.0048667953667953,0.001,0.0,0.0,0.0
2014-10-13 12:00:00,0.2721381733021077,0.0243489461358313,0.0048454332552693,0.001,0.0923957845433255,0.0,0.0
2014-10-13 13:00:00,0.2552612612612612,0.0503543543543543,0.0048408408408408,0.001,0.0537597597597597,0.0,0.0
2014-10-13 14:00:00,0.185976653696498,0.0007062256809338,0.0548054474708171,0.001,0.0,0.0,0.0
2014-10-13 15:00:00,0.2612932038834951,0.0574233009708737,0.1078951456310679,0.001,0.0,0.0,0.0
2014-10-13 16:00:00,0.6428631984585742,0.0244605009633911,0.0050404624277456,0.0434238921001926,0.3358073217726396,0.0,0.0
2014-10-13 17:00:00,0.2674352030947775,0.0369129593810444,0.0051586073500967,0.0168974854932301,0.0799787234042553,0.0,0.0
2014-10-13 18:00:00,0.4229325626204239,0.0236531791907514,0.1398843930635838,0.1171329479768786,0.0,0.0,0.0
2014-10-13 19:00:00,0.5205499021526419,0.0403659491193737,0.1069491193737769,0.0500117416829745,0.1068708414872798,0.0,0.0
2014-10-13 20:00:00,0.494410358565737,0.042410358565737,0.1805876494023904,0.001,0.0,0.0,0.0279780876494023
2014-10-13 21:00:00,0.5767650485436893,0.017935922330097,0.1316563106796116,0.001,0.1344543689320388,0.0,0.0037087378640776
2014-10-13 22:00:00,0.2959630350194552,0.0566400778210116,0.1025953307392996,0.0010019455252918,0.0,0.0,0.0
2014-10-13 23:00:00,0.1485387596899224,0.0,0.0051220930232558,0.001,0.0,0.0,0.0
2014-10-14 00:00:00,0.1566821705426356,0.0558042635658914,0.0048895348837209,0.0010038759689922,0.0,0.0,0.0
2014-10-14 01:00:00,0.1469980620155039,0.0030736434108527,0.0048468992248062,0.001,0.0,0.0,0.0
2014-10-14 02:00:00,0.1533320463320463,0.0361505791505791,0.0048822393822393,0.001,0.0,0.0,0.0
2014-10-14 03:00:00,0.1544941860465116,0.0256201550387596,0.0097965116279069,0.001,0.0,0.0,0.0
2014-10-14 04:00:00,0.1476330097087378,0.0,0.0048582524271844,0.0010019417475728,0.0,0.0,0.0
2014-10-14 05:00:00,0.1565574712643678,0.0618141762452107,0.004831417624521,0.001,0.0,0.0,0.0
2014-10-14 06:00:00,0.2967852998065764,0.0001934235976789,0.004852998065764,0.001,0.1296576402321083,0.0,0.0
2014-10-14 07:00:00,0.4111511627906977,0.0595503875968992,0.0048217054263565,0.001,0.0,0.0,0.0121899224806201
2014-10-14 08:00:00,1.4013151750972763,0.0001750972762645,0.0048599221789883,0.0569513618677042,0.0,0.0,0.0
2014-10-14 09:00:00,0.5727234042553191,0.0593791102514506,0.0048510638297872,0.001,0.0,0.0,0.0
2014-10-14 10:00:00,0.436009708737864,0.0001650485436893,0.0152291262135922,0.0010019417475728,0.0,0.0,0.0
2014-10-14 11:00:00,0.3430293542074364,0.0411898238747553,0.1559765166340508,0.001,0.0,0.0,0.0
2014-10-14 12:00:00,0.4424324324324324,0.0207490347490347,0.0523339768339768,0.063084942084942,0.1208030888030887,0.0441718146718146,0.0
2014-10-14 13:00:00,0.2237398058252427,0.0221184466019417,0.0048854368932038,0.001,0.0,0.0,0.0
2014-10-14 14:00:00,0.1522616279069767,0.0363062015503876,0.0048585271317829,0.001,0.0,0.0,0.0
2014-10-14 15:00:00,0.1529474708171206,0.0,0.0048696498054474,0.001,0.0,0.0,0.0
2014-10-14 16:00:00,1.2194113060428848,0.0675555555555555,0.0265594541910331,0.001,0.1274639376218323,0.0,0.0
2014-10-14 17:00:00,2.1636964285714284,0.0007559523809523,0.1611825396825396,0.001,0.1006944444444444,0.0,0.0
2014-10-14 18:00:00,1.6071490196078433,0.0537176470588235,0.1288509803921568,0.0606156862745098,0.0,0.0,0.0370764705882352
2014-10-14 19:00:00,1.0853521400778212,0.0337217898832684,0.17984046692607,0.001,0.0,0.0,0.0003249027237354
2014-10-14 20:00:00,0.7740623781676413,0.021625730994152,0.1796705653021442,0.001,0.0,0.0,0.0
2014-10-14 21:00:00,0.968458089668616,0.0494249512670565,0.1828148148148148,0.001,0.1031617933723196,0.0,0.0
2014-10-14 22:00:00,0.3408936170212766,0.0,0.187247582205029,0.001,0.0,0.0,0.0
2014-10-14 23:00:00,0.1695818882466281,0.0456820809248554,0.0117495183044316,0.001,0.0,0.0,0.0
2014-10-15 00:00:00,0.1499073359073359,0.0096505791505791,0.0048590733590733,0.0010019305019305,0.0,0.0,0.0
2014-10-15 01:00:00,0.1536909788867562,0.0363071017274472,0.0048445297504798,0.001,0.0,0.0,0.0
2014-10-15 02:00:00,0.1515261121856866,0.018779497098646,0.0048568665377176,0.001,0.0,0.0,0.0
2014-10-15 03:00:00,0.1567364341085271,0.0292151162790697,0.0097364341085271,0.001,0.0,0.0,0.0
2014-10-15 04:00:00,0.1519302325581395,0.01909496124031,0.0048468992248062,0.0010019379844961,0.0,0.0,0.0
2014-10-15 05:00:00,0.1519421965317919,0.0282023121387283,0.0048304431599229,0.0009980732177263,0.0,0.0,0.0
2014-10-15 06:00:00,0.1617408123791102,0.0134700193423597,0.0048181818181818,0.001,0.0,0.0,0.0
2014-10-15 07:00:00,0.9585844930417496,0.0404294234592445,0.0048230616302186,0.001,0.1403618290258449,0.0,0.0
2014-10-15 08:00:00,0.8320863723608445,0.0460537428023032,0.037046065259117,0.0801381957773512,0.1021689059500959,0.0,0.0
2014-10-15 09:00:00,0.1514513618677043,0.0056264591439688,0.0051284046692607,0.001,0.0,0.0,0.0
2014-10-15 10:00:00,0.1566330097087378,0.0395436893203883,0.0048349514563106,0.001,0.0,0.0,0.0
2014-10-15 11:00:00,0.1537760617760617,0.0216100386100386,0.0048378378378378,0.001,0.0,0.0,0.0
2014-10-15 12:00:00,0.2944790419161676,0.0232335329341317,0.0148063872255489,0.0808522954091816,0.0,0.0493353293413173,0.0
2014-10-15 13:00:00,0.4678648018648018,0.0581701631701631,0.1882517482517482,0.001,0.1487365967365967,0.0,0.0
2014-10-15 14:00:00,0.2620539906103286,0.0,0.1372558685446009,0.001,0.0,0.0,0.016556338028169
2014-10-15 15:00:00,0.1878223938223938,0.0449980694980695,0.0049903474903474,0.001,0.0,0.0,0.0331930501930501
2014-10-15 16:00:00,0.2973779069767442,7.945736434108528e-05,0.0048100775193798,0.001,0.1359496124031008,0.0,0.0004573643410852
2014-10-15 17:00:00,0.2210886319845857,0.0474277456647398,0.0047996146435452,0.001,0.0004932562620423,0.0,0.0
2014-10-15 18:00:00,0.6081467889908257,0.0500795107033639,0.1452201834862385,0.1652660550458715,0.0,0.0,0.0
2014-10-15 19:00:00,0.3779362934362935,0.0135,0.1778185328185328,0.001,0.0,0.0,0.0
2014-10-15 20:00:00,0.193151923076923,0.0453115384615384,0.0207673076923076,0.001,0.0,0.0,0.0
2014-10-15 21:00:00,0.192383877159309,0.0010268714011516,0.0384165067178502,0.001,0.0,0.0,0.0
2014-10-15 22:00:00,0.2548992248062015,0.0473875968992248,0.0223992248062015,0.0010058139534883,0.0,0.0,0.0691375968992248
2014-10-15 23:00:00,0.1590723809523809,0.0,0.0048247619047619,0.001,0.0,0.0,0.0005790476190476
2014-10-16 00:00:00,0.1574103053435114,0.047706106870229,0.0048530534351145,0.0010019083969465,0.0,0.0,0.0
2014-10-16 01:00:00,0.1478517110266159,0.0,0.0048479087452471,0.001,0.0,0.0,0.0
2014-10-16 02:00:00,0.155264258555133,0.054361216730038,0.0048631178707224,0.001,0.0,0.0,0.0
2014-10-16 03:00:00,0.1508451242829828,0.0823422562141491,0.009717017208413,0.0010019120458891,0.0,0.0,0.0
2014-10-16 04:00:00,0.1555774378585086,0.0536156787762906,0.0048489483747609,0.001,0.0,0.0,0.0
2014-10-16 05:00:00,0.1463697318007663,0.0,0.0048563218390804,0.001,0.0,0.0,0.0
2014-10-16 06:00:00,0.2124704761904761,0.0437104761904761,0.0048361904761904,0.001,0.0,0.0,0.0
2014-10-16 07:00:00,1.0117923076923077,0.0061634615384615,0.0048192307692307,0.001,0.1385788461538461,0.0,0.0
2014-10-16 08:00:00,0.3905194552529183,0.0465116731517509,0.0048443579766536,0.001,0.0,0.0,0.0
2014-10-16 09:00:00,0.1545058139534883,0.0376899224806201,0.0048062015503875,0.001,0.0,0.0,0.0
2014-10-16 10:00:00,0.147772373540856,0.0071653696498054,0.0048501945525291,0.0010019455252918,0.0,0.0,0.0
2014-10-16 11:00:00,0.1553314065510597,0.0452504816955684,0.0048285163776493,0.001,0.0,0.0,0.0
2014-10-16 12:00:00,0.3414584178498985,0.0109249492900608,0.0048478701825557,0.0010040567951318,0.1494888438133874,0.0493022312373225,0.0
2014-10-16 13:00:00,0.5751281553398059,0.0357883495145631,0.004852427184466,0.001,0.0,0.0,0.0
2014-10-16 14:00:00,0.6753184466019417,0.0373961165048543,0.0254252427184466,0.0614349514563106,0.0,0.0,0.0
2014-10-16 15:00:00,0.2396407766990291,0.0183980582524271,0.1049223300970873,0.001,0.0,0.0,0.0
2014-10-16 16:00:00,0.2704194174757282,0.0536019417475728,0.0093320388349514,0.001,0.1157184466019417,0.0007456310679611,0.0
2014-10-16 17:00:00,0.373178640776699,0.0066155339805825,0.0817747572815534,0.001,0.1017203883495145,0.0,0.0
2014-10-16 18:00:00,1.8108112840466928,0.0500058365758754,0.0183482490272373,0.001,0.0,0.0,0.0144357976653696
2014-10-16 19:00:00,0.6009767441860465,0.0265581395348837,0.0191550387596899,0.001,0.0,0.0,0.0004922480620155
2014-10-16 20:00:00,0.3205407925407925,0.0321794871794871,0.0193170163170163,0.001,0.1272074592074592,0.0,0.0
2014-10-16 21:00:00,0.3026100386100386,0.0467683397683397,0.1185328185328185,0.001,0.0,0.0,0.0
2014-10-16 22:00:00,0.440515503875969,0.0,0.1811375968992248,0.001,0.0,0.0,0.0
2014-10-16 23:00:00,0.3558862745098039,0.0485235294117647,0.1639607843137255,0.001,0.0,0.0,0.0
2014-10-17 00:00:00,0.1668888888888889,0.0,0.0233160919540229,0.0010038314176245,0.0,0.0,0.0
2014-10-17 01:00:00,0.1650307692307692,0.0285,0.0226961538461538,0.001,0.0,0.0,0.0
2014-10-17 02:00:00,0.1666893203883495,0.0371145631067961,0.0214815533980582,0.001,0.0,0.0,0.0
2014-10-17 03:00:00,0.1535174418604651,0.0102422480620155,0.0097751937984496,0.0010019379844961,0.0,0.0,0.0
2014-10-17 04:00:00,0.1556305609284332,0.047411992263056,0.0048259187620889,0.001,0.0,0.0,0.0
2014-10-17 05:00:00,0.1475813953488372,0.0,0.0048081395348837,0.001,0.0,0.0,0.0
2014-10-17 06:00:00,0.34784496124031,0.0587732558139534,0.0048081395348837,0.001,0.1346046511627907,0.0,0.0
2014-10-17 07:00:00,0.371484496124031,0.0,0.0048430232558139,0.001,0.0606240310077519,0.0,0.0148527131782945
2014-10-17 08:00:00,1.0462102161100195,0.0474813359528487,0.0048290766208251,0.0010039292730844,0.0,0.0,0.0004715127701375
2014-10-17 09:00:00,0.1771431334622824,0.0276479690522243,0.0048259187620889,0.001,0.0,0.0,0.0
2014-10-17 10:00:00,0.15373046875,0.01708984375,0.004837890625,0.001,0.0,0.0,0.0
2014-10-17 11:00:00,0.252672480620155,0.0458217054263565,0.0048643410852713,0.001,0.0,0.0,0.0
2014-10-17 12:00:00,0.4489824902723735,0.0019435797665369,0.0416634241245136,0.0010019455252918,0.1397178988326848,0.0607198443579766,0.0
2014-10-17 13:00:00,0.294553376906318,0.0537276688453159,0.1591045751633986,0.001,0.0,0.0,0.0
2014-10-17 14:00:00,0.6709194630872484,0.0427046979865771,0.0228366890380313,0.001,0.0,0.0,0.0
2014-10-17 15:00:00,0.6296070038910506,0.0075350194552529,0.0228151750972762,0.001,0.0,0.0,0.0
2014-10-17 16:00:00,0.3923530805687203,0.0458222748815165,0.0202061611374407,0.001,0.1762061611374407,0.0,0.0
2014-10-17 17:00:00,0.2417223300970873,0.0,0.0048155339805825,0.001,0.0,0.0,0.0221631067961165
2014-10-17 18:00:00,0.1714716981132075,0.034938679245283,0.0047995283018867,0.001,0.0,0.0,0.0013231132075471
2014-10-17 19:00:00,0.1660770712909441,0.0197090558766859,0.0048111753371868,0.001,0.0,0.0,0.0
2014-10-17 20:00:00,0.1619496124031008,0.0264631782945736,0.0048217054263565,0.001,0.0,0.0,0.0
2014-10-17 21:00:00,0.2355,0.0404557692307692,0.0073403846153846,0.001,0.0,0.0,0.0487057692307692
2014-10-17 22:00:00,0.2546807692307692,0.0078711538461538,0.0222442307692307,0.001,0.0,0.0,0.0770480769230769
2014-10-17 23:00:00,0.1670404624277456,0.0473680154142581,0.0054431599229287,0.001,0.0,0.0,0.0004258188824662
2014-10-18 00:00:00,0.1584346153846154,0.0,0.0048153846153846,0.001,0.0,0.0,0.0
2014-10-18 01:00:00,0.1640250965250965,0.0466351351351351,0.0048416988416988,0.001,0.0,0.0,0.0
2014-10-18 02:00:00,0.1586030828516377,0.0,0.0048554913294797,0.001,0.0,7.70712909441233e-06,0.0
2014-10-18 03:00:00,0.167951923076923,0.0485596153846153,0.0097192307692307,0.001,0.0,0.0,0.0
2014-10-18 04:00:00,0.1586326923076923,0.0,0.0048442307692307,0.001,0.0,0.0,0.0
2014-10-18 05:00:00,0.1631858237547893,0.0494482758620689,0.0048275862068965,0.001,0.0,0.0,0.0
2014-10-18 06:00:00,0.1629787644787644,0.0,0.0048050193050193,0.001,0.0,3.861003861003861e-06,0.0
2014-10-18 07:00:00,0.6172697495183045,0.0564566473988439,0.142393063583815,0.001,0.2612177263969171,0.0308034682080924,0.0
2014-10-18 08:00:00,0.2863829787234043,0.027733075435203,0.0049671179883945,0.001,0.0,0.0,0.0
2014-10-18 09:00:00,1.0738217054263566,0.0193120155038759,0.0048003875968992,0.001,0.0,0.0,0.0
2014-10-18 10:00:00,0.2078192307692307,0.044475,0.0048288461538461,0.001,0.0,0.0,0.0
2014-10-18 11:00:00,0.1585067437379576,0.0021290944123314,0.0048304431599229,0.001,0.0,0.0,0.0
2014-10-18 12:00:00,0.2032514506769825,0.0478858800773694,0.0492611218568665,0.001,0.0,0.0,0.0
2014-10-18 13:00:00,0.209110465116279,0.0,0.0253178294573643,0.001,0.0,0.0,0.0
2014-10-18 14:00:00,0.2823833333333333,0.0431857142857142,0.0196380952380952,0.001,0.0,0.0,0.0
2014-10-18 15:00:00,0.6807926356589147,0.0378275193798449,0.0458023255813953,0.001,0.0,0.0,0.0458798449612403
2014-10-18 16:00:00,0.4389787234042553,0.0096264775413711,0.0876359338061465,0.0148274231678487,0.0,0.0001513002364066,0.110853427895981
2014-10-18 17:00:00,0.2377009708737864,0.0459922330097087,0.0050330097087378,0.0010427184466019,0.0,0.0,0.0552776699029126
2014-10-18 18:00:00,0.1588092485549133,0.0182408477842003,0.0047687861271676,0.001,0.0,0.0,0.00052408477842
2014-10-18 19:00:00,0.2967548638132296,0.0278112840466926,0.0047879377431906,0.001,0.1306186770428015,0.0,0.0
2014-10-18 20:00:00,0.3490355029585799,0.0463905325443787,0.1678994082840236,0.001,0.0,0.0,0.0
2014-10-18 21:00:00,0.3159176470588235,0.0017588235294117,0.1798,0.001,0.0,0.0,0.0
2014-10-18 22:00:00,0.4300562015503876,0.0441918604651162,0.1777112403100775,0.001,0.0,0.0,0.0
2014-10-18 23:00:00,0.3583346228239845,0.0245377176015473,0.1640328820116054,0.001,0.0,0.0,0.0
2014-10-19 00:00:00,0.3749152215799614,0.0223853564547206,0.172766859344894,0.0010019267822736,0.0,0.0,0.0
2014-12-01 00:00:00,0.1708970873786408,0.0499436893203883,0.0048407766990291,0.001,0.0,0.0,0.0
2014-12-01 01:00:00,0.1653442940038684,0.0,0.0048491295938104,0.001,0.0,3.868471953578337e-06,0.0
2014-12-01 02:00:00,0.1704474708171206,0.0483268482490272,0.0049474708171206,0.001,0.0,0.0,0.0
2014-12-01 03:00:00,0.1689864603481624,0.0,0.0096982591876208,0.0010019342359767,0.0,0.0,0.0
2014-12-01 04:00:00,0.1704679611650485,0.0496601941747572,0.0048912621359223,0.001,0.0,0.0,0.0
2014-12-01 05:00:00,0.164624513618677,0.0,0.0048190661478599,0.001,0.0,0.0,0.0
2014-12-01 06:00:00,0.3778410852713178,0.0414418604651162,0.0048081395348837,0.001,0.1585503875968992,0.0,0.0
2014-12-01 07:00:00,0.4840912621359223,0.0121611650485436,0.0048485436893203,0.001,0.114231067961165,0.0,0.0
2014-12-01 08:00:00,0.3402568093385214,0.0621206225680933,0.0048715953307392,0.001,0.0,0.0,0.0
2014-12-01 09:00:00,0.1724208494208494,0.0,0.0048629343629343,0.001,0.0,0.0,0.0
2014-12-01 10:00:00,0.180057803468208,0.0537148362235067,0.0048824662813102,0.001,0.0,0.0,0.0
2014-12-01 11:00:00,0.1690461538461538,0.0,0.0048538461538461,0.001,0.0,0.0,0.0
2014-12-01 12:00:00,0.3221800766283524,0.0596130268199233,0.0048639846743295,0.001,0.1311532567049808,0.0,0.0
2014-12-01 13:00:00,0.5847418738049713,0.0,0.0048833652007648,0.001,0.0,0.0,0.0
2014-12-01 14:00:00,0.6667414829659318,0.0410480961923847,0.0048697394789579,0.001,0.0,0.0,0.0
2014-12-01 15:00:00,0.2183429203539822,0.0104623893805309,0.0048495575221238,0.001,0.0,0.0,0.0
2014-12-01 16:00:00,0.4975083135391924,0.027,0.0048147268408551,0.0550332541567695,0.0964774346793349,0.0,0.0
2014-12-01 17:00:00,0.455673786407767,0.038104854368932,0.1201223300970873,0.0010077669902912,0.0,0.0,0.0
2014-12-01 18:00:00,0.5459628180039139,0.0287945205479452,0.0967495107632093,0.001,0.0,0.0,0.0
2014-12-01 19:00:00,0.4708388349514563,0.0351398058252427,0.0192368932038834,0.001,0.0910504854368932,0.0,0.0
2014-12-01 20:00:00,0.5001087378640777,0.0225456310679611,0.0048174757281553,0.0386174757281553,0.0270970873786407,0.0,0.1110854368932038
2014-12-01 21:00:00,0.4137032755298651,0.0319653179190751,0.004795761078998,0.001,0.0,0.0,0.1114084778420038
2014-12-01 22:00:00,0.5589150579150579,0.016007722007722,0.0048513513513513,0.0010019305019305,0.0821428571428571,0.0,0.0815135135135135
2014-12-01 23:00:00,0.231249027237354,0.0345019455252918,0.0048482490272373,0.0010077821011673,0.0,0.0,0.046964980544747
2014-12-02 00:00:00,0.1660194552529182,0.0,0.0048929961089494,0.001,0.0,0.0,0.0005272373540856
2014-12-02 01:00:00,0.1709554263565891,0.0506647286821705,0.0048817829457364,0.001,0.0,0.0,0.0
2014-12-02 02:00:00,0.1656543689320388,0.0,0.0048970873786407,0.001,0.0,0.0,0.0
2014-12-02 03:00:00,0.1736537717601547,0.0527156673114119,0.0098201160541586,0.001,0.0,0.0,0.0
2014-12-02 04:00:00,0.1656990291262136,4.077669902912621e-05,0.0048815533980582,0.001,0.0,0.0,0.0
2014-12-02 05:00:00,0.1651223300970873,0.0002349514563106,0.0048446601941747,0.001,0.0,0.0,0.0
2014-12-02 06:00:00,0.3357704280155642,0.052624513618677,0.0048463035019455,0.001,0.1244552529182879,0.0,0.0
2014-12-02 07:00:00,0.4436998050682261,0.0001130604288499,0.0048343079922027,0.001,0.0646335282651072,0.0,0.0
2014-12-02 08:00:00,0.954569498069498,0.0471583011583011,0.0048494208494208,0.0174729729729729,0.0,0.0,0.0
2014-12-02 09:00:00,0.1926038461538461,0.0,0.004875,0.001,0.0,0.0,0.0
2014-12-02 10:00:00,0.1717848837209302,0.0558895348837209,0.0048895348837209,0.001,0.0,0.0,0.0
2014-12-02 11:00:00,0.3570980769230769,0.0001961538461538,0.0761153846153846,0.001,0.1425942307692307,0.0,0.0
2014-12-02 12:00:00,0.3542972972972973,0.0318532818532818,0.0331100386100386,0.0486081081081081,0.1051621621621621,0.0,0.0
2014-12-02 13:00:00,0.7420769230769231,0.0152027972027972,0.0048857808857808,0.001,0.0,0.0,0.0
2014-12-02 14:00:00,0.4480523255813953,0.026329457364341,0.0048856589147286,0.001,0.1518643410852713,0.0,0.0
2014-12-02 15:00:00,0.3255067961165048,0.0211941747572815,0.0048815533980582,0.001,0.0,0.0,0.0
2014-12-02 16:00:00,0.5409607843137255,0.0477490196078431,0.0048411764705882,0.001,0.0664078431372549,0.0,0.0
2014-12-02 17:00:00,0.5025553359683794,0.0079169960474308,0.0048339920948616,0.001,0.0753794466403162,0.0,0.0
2014-12-02 18:00:00,1.1718058252427184,0.0483223300970873,0.0703436893203883,0.0346990291262135,0.0573514563106796,0.0,0.0148407766990291
2014-12-02 19:00:00,0.7449555984555984,0.003096525096525,0.1043436293436293,0.001,0.0,0.0,0.0004266409266409
2014-12-02 20:00:00,0.5622973568281938,0.0561740088105726,0.0196145374449339,0.001,0.0,0.0,0.012215859030837
2014-12-02 21:00:00,1.2566950549450548,0.0005302197802197,0.0971236263736263,0.1213406593406593,0.0,0.0,0.0
2014-12-02 22:00:00,0.8942319688109163,0.048625730994152,0.1180311890838206,0.001,0.0,0.0,0.0
2014-12-02 23:00:00,0.1682280701754386,0.0,0.005756335282651,0.0010097465886939,0.0,0.0,0.0
2014-12-03 00:00:00,0.1706796116504854,0.0476873786407767,0.004904854368932,0.001,0.0,0.0,0.0
2014-12-03 01:00:00,0.166953488372093,0.0,0.0049127906976744,0.0010038759689922,0.0,0.0,0.0
2014-12-03 02:00:00,0.1711061776061776,0.0499729729729729,0.0049015444015444,0.001,0.0,0.0,0.0
2014-12-03 03:00:00,0.1704892787524366,0.0,0.0096374269005847,0.0010038986354775,0.0,0.0,0.0
2014-12-03 04:00:00,0.1699747572815534,0.0290601941747572,0.004904854368932,0.0010019417475728,0.0,0.0,0.0
2014-12-03 05:00:00,0.16773828125,0.020486328125,0.004916015625,0.001,0.0,0.0,0.0
2014-12-03 06:00:00,0.4717938342967244,0.0001734104046242,0.0793333333333333,0.001,0.1656994219653179,0.0,0.0
2014-12-03 07:00:00,0.3832665369649806,0.0478696498054474,0.0050661478599221,0.0009980544747081,0.1131867704280155,0.0,0.0
2014-12-03 08:00:00,0.2926724137931034,0.0001666666666666,0.0048697318007662,0.001,0.0,0.0,0.0
2014-12-03 09:00:00,0.1704194174757281,0.0482058252427184,0.0049009708737864,0.001,0.0,0.0,0.0
2014-12-03 10:00:00,0.1652340425531915,0.0,0.004926499032882,0.0010135396518375,0.0,0.0,0.0
2014-12-03 11:00:00,0.1677153996101364,0.0184619883040935,0.0048947368421052,0.001,0.0,0.0,0.0
2014-12-03 12:00:00,0.3703359223300971,0.032557281553398,0.0048932038834951,0.0596582524271844,0.1431417475728155,0.0,0.0
2014-12-03 13:00:00,0.3316284046692607,0.0,0.1450038910505836,0.0010077821011673,0.0,0.0,0.0
2014-12-03 14:00:00,0.2988011695906433,0.0475672514619883,0.0052339181286549,0.0010019493177387,0.0,0.0,0.0
2014-12-03 15:00:00,0.2915105386416862,0.0,0.0049086651053864,0.0010023419203747,0.0,0.0,0.0
2014-12-03 16:00:00,0.2067757009345794,0.0311752336448598,0.0048341121495327,0.001,0.0,0.0,0.0
2014-12-03 17:00:00,0.5211461988304094,0.0281520467836257,0.0048635477582846,0.001,0.1738947368421052,0.0,0.0531130604288499
2014-12-03 18:00:00,1.3162898832684826,0.0478346303501945,0.0369221789883268,0.0429844357976653,0.0,0.0,0.0198326848249027
2014-12-03 19:00:00,0.9438326848249028,0.0009260700389105,0.1779474708171206,0.001,0.0,0.0,0.0004727626459143
2014-12-03 20:00:00,1.0922147001934237,0.0529613152804642,0.1701044487427466,0.001,0.1328336557059961,0.0,0.0
2014-12-03 21:00:00,1.1429649122807015,0.0003840155945419,0.1665224171539961,0.001,0.1186569200779727,0.0,0.0015828460038986
2014-12-03 22:00:00,0.3152421875,0.050435546875,0.038908203125,0.001,0.0,0.0,0.090076171875
2014-12-03 23:00:00,0.1686795366795366,0.0,0.0048803088803088,0.0010057915057915,0.0,0.0,0.0004903474903474
2014-12-04 00:00:00,0.1710793036750483,0.0485473887814313,0.0048878143133462,0.001,0.0,0.0,0.0
2014-12-04 01:00:00,0.1655272373540856,0.0,0.0049260700389105,0.001,0.0,0.0,0.0
2014-12-04 02:00:00,0.1702915057915058,0.0472220077220077,0.0049150579150579,0.001003861003861,0.0,0.0,0.0
2014-12-04 03:00:00,0.1688062015503875,0.0,0.0097751937984496,0.0010019379844961,0.0,0.0,0.0
2014-12-04 04:00:00,0.1675282651072124,0.0163898635477582,0.0049044834307992,0.001,0.0,0.0,0.0
2014-12-04 05:00:00,0.1678446601941747,0.0325669902912621,0.0048912621359223,0.001,0.0,0.0,0.0
2014-12-04 06:00:00,0.1724767441860465,0.0,0.0048662790697674,0.001,0.0,0.0,0.0
2014-12-04 07:00:00,1.1450135922330096,0.0506427184466019,0.0594718446601941,0.001,0.163831067961165,0.0,0.0
2014-12-04 08:00:00,0.9535204678362572,0.0023333333333333,0.0050955165692007,0.001,0.1076452241715399,0.0,0.0
2014-12-04 09:00:00,0.2335697399527186,0.0,0.0048817966903073,0.001,0.0,0.0,0.0
2014-12-04 10:00:00,0.2074153846153846,0.0515846153846153,0.0048846153846153,0.001,0.0,0.0,0.0
2014-12-04 11:00:00,0.4706116504854369,0.0005223300970873,0.1060504854368932,0.001,0.0986796116504854,0.0418582524271844,0.0
2014-12-04 12:00:00,0.3762782101167315,0.045260700389105,0.0051070038910505,0.0464513618677042,0.1399241245136186,0.0,0.0
2014-12-04 13:00:00,0.1768485436893204,0.0094368932038834,0.0049145631067961,0.001,5.436893203883495e-05,0.0,0.0
2014-12-04 14:00:00,0.7317276264591439,0.0,0.004908560311284,0.001,0.0,0.0,0.0
2014-12-04 15:00:00,0.2977239382239382,0.0499401544401544,0.0049131274131274,0.001,0.0,0.0,0.0
2014-12-04 16:00:00,0.6678826923076923,0.0004980769230769,0.1785923076923077,0.001,0.1603423076923076,0.0059076923076923,0.0
2014-12-04 17:00:00,0.7411821705426356,0.0514457364341085,0.1468527131782945,0.001,0.1927751937984496,0.0,0.0
2014-12-04 18:00:00,1.2778271844660194,0.0015009708737864,0.1807864077669903,0.001,0.0,0.0,0.0
2014-12-04 19:00:00,3.8345283757338553,0.0562426614481409,0.1601878669275929,0.045,0.0,0.0,0.0
2014-12-04 20:00:00,1.005514563106796,8.737864077669904e-05,0.1776252427184466,0.001,0.0,0.0,0.0
2014-12-04 21:00:00,0.4726801541425819,0.0492947976878612,0.1534816955684007,0.001,0.0,0.0,0.0
2014-12-04 22:00:00,0.3644710424710425,0.0001100386100386,0.0199169884169884,0.0010019305019305,0.0961776061776061,0.0,0.0556119691119691
2014-12-04 23:00:00,0.1740502901353965,0.048164410058027,0.0048471953578336,0.0010019342359767,0.0,0.0,0.0003829787234042
2014-12-05 00:00:00,0.1670990566037735,0.0,0.0048537735849056,0.001,0.0,0.0,0.0
2014-12-05 01:00:00,0.168631067961165,0.0103456310679611,0.0049087378640776,0.001,0.0,0.0,0.0
2014-12-05 02:00:00,0.1721165048543689,0.0420135922330097,0.0048893203883495,0.0010019417475728,0.0,0.0,0.0
2014-12-05 03:00:00,0.1713391136801541,0.0,0.0097591522157996,0.0010019267822736,0.0,0.0,0.0
2014-12-05 04:00:00,0.1717592233009708,0.0309242718446601,0.0048815533980582,0.001,0.0,0.0,0.0
2014-12-05 05:00:00,0.1686556420233463,0.0229396887159533,0.0048910505836575,0.001,0.0,0.0,0.0
2014-12-05 06:00:00,0.309495126705653,0.000167641325536,0.0048654970760233,0.001,0.1178109161793372,0.0,0.0
2014-12-05 07:00:00,0.5550875486381323,0.0577062256809338,0.0048618677042801,0.001,0.123647859922179,0.0,0.0
2014-12-05 08:00:00,1.3485883495145632,0.0002796116504854,0.0048155339805825,0.001,0.0,0.0,0.0
2014-12-05 09:00:00,0.4110504854368932,0.0118368932038834,0.0048679611650485,0.001,0.0,0.0,0.0
2014-12-05 10:00:00,0.4739071566731141,0.0392940038684719,0.0048994197292069,0.001,0.0,0.0,0.0
2014-12-05 11:00:00,0.1665009708737864,0.0,0.0049203883495145,0.0010019417475728,0.0002970873786407,0.0,0.0
2014-12-05 12:00:00,0.1696905222437137,0.0262030947775628,0.0049071566731141,0.001,0.0,0.0,0.0
2014-12-05 13:00:00,0.16854802259887,0.02854802259887,0.0049020715630885,0.001,0.0,0.0,0.0
2014-12-05 14:00:00,0.1662038834951456,0.0,0.0048990291262135,0.001,0.0111844660194174,7.766990291262136e-06,0.0
2014-12-05 15:00:00,0.1907248062015503,0.0260232558139534,0.0049205426356589,0.001,0.0,0.0,0.0
2014-12-05 16:00:00,0.6214554263565891,0.0293062015503875,0.0048798449612403,0.0628042635658914,0.1593352713178294,0.0,0.0
2014-12-05 17:00:00,0.5130290697674419,0.015422480620155,0.0211182170542635,0.001,0.0892364341085271,0.0,0.0
2014-12-05 18:00:00,0.3842890173410404,0.0360500963391136,0.0049980732177263,0.001,0.0,0.0,0.0
2014-12-05 19:00:00,1.5423618677042803,0.0267023346303501,0.1707373540856031,0.021636186770428,0.1003151750972762,0.0,0.0407178988326848
2014-12-05 20:00:00,0.6879191919191919,0.0242262626262626,0.173670707070707,0.0010020202020202,0.1037818181818181,0.0,0.0004828282828282
2014-12-05 21:00:00,0.4575945945945945,0.0368725868725868,0.1553918918918919,0.001,0.0,0.0,0.0
2014-12-05 22:00:00,0.4581046511627907,0.0147751937984496,0.1777093023255814,0.001,0.0,0.0,0.0
2014-12-05 23:00:00,0.4580755813953488,0.0001162790697674,0.1436686046511627,0.001,0.0,0.003968992248062,0.0
2014-12-06 00:00:00,0.1806058252427184,0.0552077669902912,0.0049805825242718,0.001,0.0,0.0,0.0
2014-12-06 01:00:00,0.1666382978723404,0.0,0.0048394584139264,0.001,0.0,0.0,0.0
2014-12-06 02:00:00,0.1671653696498054,0.0052178988326848,0.0052509727626459,0.001,0.0,0.0,0.0
2014-12-06 03:00:00,0.1745058139534883,0.0510251937984496,0.0094011627906976,0.0010038759689922,0.0,0.0,0.0
2014-12-06 04:00:00,0.1662174757281553,0.0,0.004904854368932,0.0010038834951456,0.0,0.0,0.0
2014-12-06 05:00:00,0.1657495145631068,0.0,0.0049009708737864,0.001,0.0,0.0,0.0
2014-12-06 06:00:00,0.2182422480620155,0.0582286821705426,0.004875968992248,0.001,7.751937984496124e-06,0.0,0.0
2014-12-06 07:00:00,0.7007432432432432,0.0003474903474903,0.0053841698841698,0.001,0.1390057915057915,0.0,0.0
2014-12-06 08:00:00,0.9316271844660194,0.035178640776699,0.0939320388349514,0.001,0.0,0.027252427184466,0.0
2014-12-06 09:00:00,2.926259842519685,0.0313976377952755,0.0819744094488189,0.001,0.0,0.1124606299212598,0.0
2014-12-06 10:00:00,0.5730251450676983,0.0,0.0050502901353965,0.001,0.0,0.1146499032882011,0.0
2014-12-06 11:00:00,0.346468992248062,0.0565213178294573,0.0048875968992248,0.001,0.0,0.1174399224806201,0.0
2014-12-06 12:00:00,0.3069785992217899,0.0,0.0048774319066147,0.0010058365758754,0.0,0.1176750972762646,0.0
2014-12-06 13:00:00,0.356150289017341,0.0491868978805394,0.0048824662813102,0.001,0.0,0.1164335260115606,0.0
2014-12-06 14:00:00,0.5647162698412699,0.009563492063492,0.0988809523809523,0.001,0.1241607142857142,0.1168928571428571,0.0
2014-12-06 15:00:00,0.851526213592233,0.0363087378640776,0.0330873786407766,0.001,0.1130815533980582,0.1145359223300971,0.0
2014-12-06 16:00:00,0.758875,0.0221653225806451,0.1574637096774193,0.001,0.0,0.1134334677419354,0.0
2014-12-06 17:00:00,1.595377952755905,0.0500570866141732,0.1825472440944881,0.3578858267716536,0.0,0.005273622047244,0.0
2014-12-06 18:00:00,1.1200135658914727,0.0037325581395348,0.1820019379844961,0.001,0.0,0.0,0.0
2014-12-06 19:00:00,0.7089708737864078,0.0371611650485436,0.1590543689320388,0.0010077669902912,0.0,0.0,0.1122446601941747
2014-12-06 20:00:00,0.7377797270955166,0.0156803118908382,0.162317738791423,0.001,0.113083820662768,0.0,0.0933274853801169
2014-12-06 21:00:00,0.4822077669902912,0.0358660194174757,0.1568330097087378,0.001,0.0,0.0,0.0585436893203883
2014-12-06 22:00:00,0.359015503875969,0.0145523255813953,0.130048449612403,0.001,0.0,0.0,0.000484496124031
2014-12-06 23:00:00,0.1516912621359223,0.0087708737864077,0.0049883495145631,0.0010019417475728,0.0,0.0,0.0
2014-12-07 00:00:00,0.1510116504854368,0.0435747572815534,0.0048699029126213,0.001,0.0,0.0,0.0
2014-12-07 01:00:00,0.1445242718446602,0.0,0.0048990291262135,0.0011631067961165,0.0,0.0,0.0
2014-12-07 02:00:00,0.1525077821011673,0.0507626459143968,0.0051653696498054,0.001,0.0,9.72762645914397e-06,0.0
2014-12-07 03:00:00,0.1483416988416988,0.0,0.0094478764478764,0.001,0.0,0.0,0.0
2014-12-07 04:00:00,0.145036750483559,0.0006982591876208,0.0049090909090909,0.0010019342359767,0.0,0.0,0.0
2014-12-07 05:00:00,0.1517470817120622,0.0538754863813229,0.0049182879377431,0.0009980544747081,0.0,0.0,0.0
2014-12-07 06:00:00,0.1617015503875969,0.0,0.0048720930232558,0.0012771317829457,0.0,0.0,0.0
2014-12-07 07:00:00,0.1580736434108527,0.0475426356589147,0.0048740310077519,0.001,0.0,0.0,0.0
2014-12-07 08:00:00,0.3469586614173228,0.0048937007874015,0.0048582677165354,0.001,0.13751968503937,0.0,0.0733956692913385
2014-12-07 09:00:00,0.5869824902723735,0.0487198443579766,0.0048618677042801,0.001,0.14668093385214,0.0,0.0051186770428015
2014-12-07 10:00:00,1.67919,0.019934,0.004846,0.049948,0.0,0.0,0.0
2014-12-07 11:00:00,0.7037089108910891,0.0426079207920792,0.0048415841584158,0.001,0.0,0.0,0.0
2014-12-07 12:00:00,0.3225185185185185,0.0154814814814814,0.0048460038986354,0.001,0.0,0.0,0.0
2014-12-07 13:00:00,0.2107115009746588,0.0600896686159844,0.0048576998050682,0.001,0.0,0.0,0.0
2014-12-07 14:00:00,0.3037930367504836,0.0006266924564796,0.0048568665377176,0.0194100580270793,0.1041972920696324,0.0,0.0
2014-12-07 15:00:00,0.1688252427184466,0.0567126213592233,0.0048485436893203,0.001,0.0,0.0,0.0
2014-12-07 16:00:00,0.1578910505836575,0.0,0.0047937743190661,0.001,0.0,0.0,0.0
2014-12-07 17:00:00,0.1681378640776699,0.0538679611650485,0.0048155339805825,0.001,0.0,0.0,0.0
2014-12-07 18:00:00,0.3895406976744185,0.0006608527131782,0.0176453488372093,0.0009980620155038,0.151906976744186,0.0,0.0
2014-12-07 19:00:00,0.5488089668615985,0.0565633528265107,0.0462066276803118,0.0449239766081871,0.0,0.0,0.0
2014-12-07 20:00:00,0.56748828125,5.6640625e-05,0.188185546875,0.04477734375,0.0,0.0,0.0
2014-12-07 21:00:00,0.4972874493927126,0.0564068825910931,0.1719210526315789,0.001,0.0,0.0,0.0
2014-12-07 22:00:00,0.3169285714285714,0.0,0.1060250965250965,0.001,0.0,0.0,0.0
2014-12-07 23:00:00,0.1661789883268482,0.0545661478599221,0.0050778210116731,0.001,0.0,0.0,0.0
2014-12-08 00:00:00,0.1569470588235294,0.0,0.0049078431372549,0.0010019607843137,0.0,0.0,0.0
2014-12-08 01:00:00,0.160557281553398,0.0256213592233009,0.0054854368932038,0.001,0.0,0.0,0.0
2014-12-08 02:00:00,0.1600369649805447,0.0260194552529182,0.0052937743190661,0.001,0.0,0.0,0.0
2014-12-08 03:00:00,0.1600214007782101,0.0,0.0094046692607003,0.001,0.0,0.0,0.0
2014-12-08 04:00:00,0.1636363636363636,0.0536750483558994,0.0049323017408123,0.0010019342359767,0.0,0.0,0.0
2014-12-08 05:00:00,0.1553929961089494,0.0,0.0048891050583657,0.001,0.0,0.0,0.0
2014-12-08 06:00:00,0.3906155339805825,0.0009514563106796,0.0048815533980582,0.001,0.1664970873786407,0.0,0.0
2014-12-08 07:00:00,0.4151052631578947,0.0526764132553606,0.0048693957115009,0.001,0.0795438596491228,0.0,0.0
2014-12-08 08:00:00,1.706197265625,0.000248046875,0.004861328125,0.038072265625,0.0,0.0,0.0
2014-12-08 09:00:00,0.6283590733590734,0.0519806949806949,0.0390250965250965,0.0139942084942084,0.0,0.0,0.0
2014-12-08 10:00:00,0.3585860735009671,0.0,0.0051353965183752,0.001,0.0,0.0,0.0
2014-12-08 11:00:00,0.1580598455598455,0.0,0.0049150579150579,0.001,0.0,0.0,0.0
2014-12-08 12:00:00,0.3927543520309478,0.0566750483558994,0.0048820116054158,0.0328394584139265,0.0823384912959381,0.0363636363636363,0.0
2014-12-08 13:00:00,0.1557246653919694,0.0,0.004887189292543,0.0010133843212237,0.0,0.0,0.0
2014-12-08 14:00:00,0.1557942857142857,0.0010438095238095,0.0048838095238095,0.001,0.0,0.0,0.0
2014-12-08 15:00:00,0.1865883495145631,0.0523436893203883,0.0048893203883495,0.001,0.0,0.0,0.0
2014-12-08 16:00:00,0.5870390625,0.000591796875,0.0048515625,0.001,0.21890234375,0.0,0.0
2014-12-08 17:00:00,0.7133339805825243,0.0497495145631067,0.0048427184466019,0.001,0.0,0.0,0.0
2014-12-08 18:00:00,1.1168188976377953,0.0004488188976377,0.0048405511811023,0.1036397637795275,0.1275767716535433,0.0,0.0
2014-12-08 19:00:00,1.0287529644268776,0.0508023715415019,0.1693102766798419,0.0116284584980237,0.1298814229249011,0.0,0.0
2014-12-08 20:00:00,0.6346515151515151,0.0,0.1613831168831168,0.001,0.0,0.0,0.0
2014-12-08 21:00:00,0.387691304347826,0.0503434782608695,0.0334434782608695,0.001,0.0,0.0,0.0
2014-12-08 22:00:00,0.4141319587628866,0.0003690721649484,0.0225752577319587,0.0010020618556701,0.1108309278350515,0.0,0.0
2014-12-08 23:00:00,0.2834163424124513,0.0494727626459143,0.0100019455252918,0.001,0.0497101167315175,0.0,0.0603443579766537
2014-12-09 00:00:00,0.1559516441005802,6.769825918762088e-05,0.0048723404255319,0.0011528046421663,0.0,0.0,0.0004506769825918
2014-12-09 01:00:00,0.1550272373540856,0.0,0.0049241245136186,0.001,0.0,0.0,0.0
2014-12-09 02:00:00,0.1636011560693641,0.1394624277456647,0.0052427745664739,0.0010038535645472,0.0,0.0,0.0
2014-12-09 03:00:00,0.158638671875,0.0,0.009416015625,0.002,0.0,0.0,0.0
2014-12-09 04:00:00,0.1554922178988327,0.0,0.0048677042801556,0.001,0.0,0.0,0.0
2014-12-09 05:00:00,0.1639288461538461,0.0412826923076923,0.0048826923076923,0.001,0.0,0.0,0.0
2014-12-09 06:00:00,0.4739571984435798,0.0119980544747081,0.0647120622568093,0.087,0.113476653696498,0.0,0.0
2014-12-09 07:00:00,1.0774349514563106,0.0154019417475728,0.00506213592233,0.0010058252427184,0.1215708737864077,0.0,0.0
2014-12-09 08:00:00,0.9381821705426356,0.0348100775193798,0.0936453488372092,0.0399457364341085,0.0,0.0,0.0
2014-12-09 09:00:00,0.3663720930232558,0.0,0.0051337209302325,0.001,0.0,0.0,0.0
2014-12-09 10:00:00,0.4586058252427184,0.0185495145631067,0.0049009708737864,0.001,0.0,0.0,0.0
2014-12-09 11:00:00,0.1629448818897638,0.0365984251968503,0.0048799212598425,0.001,0.0,0.0,0.0
2014-12-09 12:00:00,0.4608410852713178,0.0004166666666666,0.0048856589147286,0.0347596899224806,0.0953643410852713,0.0368488372093023,0.0
2014-12-09 13:00:00,0.4436712062256809,0.0534260700389105,0.0837451361867704,0.0975272373540856,0.0,0.0,0.0
2014-12-09 14:00:00,0.2757081712062257,0.0029182879377431,0.1072217898832684,0.001,0.0,0.0,0.0
2014-12-09 15:00:00,0.2045096899224806,0.0177267441860465,0.0231957364341085,0.001,0.0,0.0,0.0
2014-12-09 16:00:00,0.543,0.0372970873786407,0.0247087378640776,0.001,0.0912621359223301,0.0,0.0
2014-12-09 17:00:00,0.4820142857142857,0.0040119047619047,0.0190619047619047,0.001,0.0,0.0,0.0
2014-12-09 18:00:00,1.1824332688588008,0.0462707930367504,0.0051721470019342,0.0600212765957446,0.1041025145067698,0.0,0.0
2014-12-09 19:00:00,1.1706214285714287,0.0420619047619047,0.1565738095238095,9.523809523809524e-05,0.0,0.0,0.0
2014-12-09 20:00:00,0.8189429735234216,0.0159205702647657,0.1879613034623218,0.0032993890020366,0.1427922606924643,0.0,0.0
2014-12-09 21:00:00,0.4777549019607843,0.0363098039215686,0.1845960784313725,0.0,0.0,0.0,0.0
2014-12-09 22:00:00,0.3115954356846473,0.0157240663900414,0.0990165975103734,0.0,0.0,0.0,0.0
2014-12-09 23:00:00,0.1600019493177387,0.007943469785575,0.0050818713450292,0.0,0.0,0.0,0.0
2014-12-10 00:00:00,0.16364453125,0.04267578125,0.004857421875,0.0,0.0,0.0,0.0
2014-12-10 01:00:00,0.1588035019455252,0.0,0.0048618677042801,0.0,0.0,0.0,0.0
2014-12-10 02:00:00,0.1646491228070175,0.0509610136452241,0.0052436647173489,0.0,0.0,0.0,0.0
2014-12-10 03:00:00,0.1620503875968992,0.0,0.0094089147286821,0.0,0.0,0.0,0.0
2014-12-10 04:00:00,0.1589549019607843,0.0,0.0049019607843137,0.0,0.0,0.0,0.0
2014-12-10 05:00:00,0.1642893203883495,0.0520233009708737,0.004883495145631,0.0,0.0,0.0,0.0
2014-12-10 06:00:00,0.1678618677042801,0.0,0.0048443579766536,0.0,0.0,0.0,0.0
2014-12-10 07:00:00,0.492326171875,0.0504609375,0.004849609375,0.0,0.137189453125,0.0,0.0
2014-12-10 08:00:00,0.1985486381322957,0.0,0.00484046692607,0.0129221789883268,0.0,0.0,0.0
2014-12-10 09:00:00,0.1598336557059961,0.0168878143133462,0.0048452611218568,0.0,0.0,0.0,0.0
2014-12-10 10:00:00,0.1632084942084942,0.0376525096525096,0.0048880308880308,0.0009884169884169,0.0,0.0,0.0
2014-12-10 11:00:00,0.159515294117647,0.0,0.0049341176470588,0.0,0.0,0.0,0.0
2014-12-10 12:00:00,1.617021359223301,0.063431067961165,0.004904854368932,0.0664368932038835,0.269157281553398,0.0,0.0
2014-12-10 13:00:00,0.7912720156555774,0.0001467710371819,0.1070430528375733,0.0,0.0,0.0,0.0
2014-12-10 14:00:00,0.7465369649805448,0.0522529182879377,0.0287003891050583,0.0,0.0,0.0,0.0
2014-12-10 15:00:00,0.1886841085271317,0.0081821705426356,0.0224709302325581,0.0,0.0,0.0,0.0
2014-12-10 16:00:00,0.2871957364341085,0.0334941860465116,0.0133313953488372,0.0,0.0,0.0,0.0
2014-12-10 17:00:00,0.35524609375,0.025724609375,0.004779296875,0.0,0.11096875,0.0,0.051486328125
2014-12-10 18:00:00,0.2050930232558139,0.0243100775193798,0.0047829457364341,0.0,0.0,0.0,0.0229922480620155
2014-12-10 19:00:00,0.3933745173745174,0.031027027027027,0.0584594594594594,0.0,0.0982277992277992,0.0,0.056092664092664
2014-12-10 20:00:00,0.2823346693386773,0.0479258517034068,0.0466132264529058,0.0,0.0,0.0,0.0003967935871743
2014-12-10 21:00:00,0.2158272357723577,0.0004186991869918,0.0048333333333333,0.0,0.0,0.0,0.0
2014-12-10 22:00:00,0.4258160469667319,0.028197651663405,0.0703894324853229,0.0,0.1309119373776908,0.0,0.0
2014-12-10 23:00:00,0.178031067961165,0.0237747572815534,0.0050737864077669,0.0,0.0,0.0,0.0
2014-12-11 00:00:00,0.1650309477756286,0.0,0.0048820116054158,0.0,0.0,0.0,0.0
2014-12-11 01:00:00,0.1731618497109826,0.0500404624277456,0.0048959537572254,0.0,0.0,0.0,0.0
2014-12-11 02:00:00,0.1608679611650485,0.0,0.0051844660194174,0.0,0.0,0.0,0.0
2014-12-11 03:00:00,0.1656679611650485,0.0238951456310679,0.0094951456310679,0.0,0.0,0.0,0.0
2014-12-11 04:00:00,0.1631833976833976,0.0318841698841698,0.0049054054054054,0.0,0.0,0.0,0.0
2014-12-11 05:00:00,0.1582553191489361,0.0,0.0048839458413926,0.0,0.0,0.0,0.0
2014-12-11 06:00:00,0.2123699421965317,0.0287263969171483,0.0048921001926782,0.0,0.0157726396917148,0.0,0.0
2014-12-11 07:00:00,0.581577380952381,0.0309742063492063,0.0048571428571428,0.0,0.1454404761904762,0.0,0.0
2014-12-11 08:00:00,0.3821745098039216,0.0006980392156862,0.0048490196078431,0.08,0.050256862745098,0.0,0.0
2014-12-11 09:00:00,0.1721136801541425,0.0506531791907514,0.0048805394990366,0.0,0.0,0.0,0.0
2014-12-11 10:00:00,0.1577067961165048,0.0,0.0049009708737864,0.0,0.0,0.0,0.0
2014-12-11 11:00:00,0.2190970873786407,0.0,0.0840873786407767,0.0,0.0,0.0,0.0
2014-12-11 12:00:00,0.4223636363636364,0.0646673114119922,0.0920676982591876,0.0500135396518375,0.1084893617021276,0.0,0.0
2014-12-11 13:00:00,0.2416957364341085,0.0,0.0798158914728682,0.0,0.0,0.0,0.0
2014-12-11 14:00:00,0.1663197674418604,0.0328178294573643,0.0050368217054263,0.0,0.0,1.937984496124031e-06,0.0
2014-12-11 15:00:00,0.1778058252427184,0.0280757281553398,0.004852427184466,0.0,0.0,0.0,0.0
2014-12-11 16:00:00,0.9071631067961164,0.0001941747572815,0.0478912621359223,0.0379067961165048,0.1100466019417475,0.0,0.0214796116504854
2014-12-11 17:00:00,1.1580254901960785,0.069656862745098,0.0195254901960784,0.0130764705882352,0.0879333333333333,0.0,0.0244313725490196
2014-12-11 18:00:00,0.7610447470817121,7.392996108949417e-05,0.0196050583657587,0.0246828793774319,0.0,0.0,0.0108501945525291
2014-12-11 19:00:00,1.564515503875969,0.0511317829457364,0.0198624031007751,0.0096686046511627,0.0996666666666666,0.0,0.0
2014-12-11 20:00:00,1.516312377210216,0.0036129666011787,0.1760884086444007,0.0,0.0,0.0,0.0
2014-12-11 21:00:00,0.4724294117647059,0.0,0.1718921568627451,0.0,0.0,0.0,0.0
2014-12-11 22:00:00,0.2269710424710424,0.0572200772200772,0.0051505791505791,0.0,0.0,0.0,0.0658397683397683
2014-12-11 23:00:00,0.1517887596899224,0.0,0.0048488372093023,0.0,0.0,0.0,0.0004748062015503
2014-12-12 00:00:00,0.1528718446601941,0.0066019417475728,0.0048640776699029,0.0,0.0,0.0,0.0
2014-12-12 01:00:00,0.1599671179883945,0.0526170212765957,0.0049090909090909,0.0,0.0,0.0,0.0
2014-12-12 02:00:00,0.1514874759152215,0.0,0.0052504816955684,0.0,0.0,0.0,0.0
2014-12-12 03:00:00,0.1558912621359223,0.0057126213592233,0.0094291262135922,0.0,0.0,0.0,0.0
2014-12-12 04:00:00,0.1602147001934236,0.0536808510638297,0.0049284332688588,0.0,0.0,0.0,0.0
2014-12-12 05:00:00,0.1512245681381957,0.0,0.0048963531669865,0.0,0.0,0.0,0.0
2014-12-12 06:00:00,0.4491911196911197,0.003596525096525,0.0093339768339768,0.052569498069498,0.1583262548262548,0.0001235521235521,0.0
2014-12-12 07:00:00,0.439458413926499,0.0566808510638297,0.0358607350096711,0.0358549323017408,0.0,0.0,0.0
2014-12-12 08:00:00,1.20129718875502,0.000941767068273,0.0048473895582329,0.0001004016064257,0.0,0.0,0.0
2014-12-12 09:00:00,0.1748,0.0503823529411764,0.0048666666666666,0.0,0.0,0.0,0.0
2014-12-12 10:00:00,0.1581949317738791,0.0,0.0048986354775828,0.0,0.0,0.0,0.0
2014-12-12 11:00:00,0.1605901960784313,0.0162058823529411,0.0048980392156862,0.0,0.0,0.0,0.0
2014-12-12 12:00:00,0.2669065217391304,0.0413652173913043,0.0049021739130434,0.0,0.1099065217391304,0.0,0.0
2014-12-12 13:00:00,0.1640673913043478,0.0,0.0048847826086956,0.0,0.0,0.0,0.0
2014-12-12 14:00:00,0.1694793713163064,0.0210078585461689,0.0049076620825147,0.0,0.0,0.0,0.0
2014-12-12 15:00:00,0.1753917322834645,0.0328937007874015,0.0048877952755905,0.0,0.0,0.0,0.0
2014-12-12 16:00:00,0.4582896281800391,8.414872798434442e-05,0.0048669275929549,0.0,0.144252446183953,0.0,0.0
2014-12-12 17:00:00,1.2945591715976332,0.0651390532544378,0.1127248520710059,0.2488816568047337,0.0,0.0688343195266272,0.0
2014-12-12 18:00:00,0.5776019607843137,0.0028588235294117,0.1825509803921568,0.0,0.0,0.0,0.0
2014-12-12 19:00:00,0.5479375,0.042908203125,0.16626171875,0.0,0.0,0.0,0.0
2014-12-12 20:00:00,0.4648245614035087,0.0078908382066276,0.075,0.0,0.0,0.0,0.0
2014-12-12 21:00:00,0.3356782945736434,0.0284437984496124,0.0083042635658914,0.0,0.0,0.0,0.0
2014-12-12 22:00:00,0.3339843444227006,0.0217651663405088,0.0217181996086105,0.0,0.0,0.0,0.0
2014-12-12 23:00:00,0.2148843137254902,0.0,0.0212411764705882,0.0,0.0,0.0,0.0
2014-12-13 00:00:00,0.1649332023575638,0.0502848722986247,0.0049155206286836,0.0,0.0,0.0,0.0
2014-12-13 01:00:00,0.1598671875,0.0,0.004912109375,0.0,0.0,0.0,0.0
2014-12-13 02:00:00,0.1613988212180746,0.010565815324165,0.0051964636542239,0.0,0.0,0.0,0.0
2014-12-13 03:00:00,0.1675204678362573,0.0417777777777777,0.0095341130604288,0.0,0.0,0.0,0.0
2014-12-13 04:00:00,0.1598339920948616,0.0,0.0049051383399209,0.0,0.0,0.0,0.0
2014-12-13 05:00:00,0.1597181996086105,0.0026418786692759,0.0048982387475538,0.0,0.0,0.0,0.0
2014-12-13 06:00:00,0.1963796477495107,0.0520998043052837,0.0048806262230919,0.0,0.0,0.0,0.0
2014-12-13 07:00:00,0.3360181451612903,0.0010100806451612,0.0049133064516129,0.0,0.1351370967741935,0.0,0.0
2014-12-13 08:00:00,0.6368760330578512,0.0478595041322314,0.0048739669421487,0.0068863636363636,0.108198347107438,0.0379938016528925,0.0862789256198347
2014-12-13 09:00:00,0.4054595959595959,0.0037297979797979,0.0048939393939393,0.0001212121212121,0.0,0.0,0.1074419191919192
2014-12-13 10:00:00,0.2420182555780933,0.0344766734279918,0.0424868154158215,0.0,0.0,0.0,0.0005760649087221
2014-12-13 11:00:00,0.165379241516966,0.0,0.0049860279441117,0.0,0.0,0.0,0.0
2014-12-13 12:00:00,0.185469306930693,0.0518673267326732,0.0125287128712871,0.0,0.0,0.0,0.0
2014-12-13 13:00:00,0.3798212851405622,0.00014859437751,0.1533775100401606,0.0,0.0943875502008032,0.0,0.0
2014-12-13 14:00:00,0.1818941908713693,0.0510684647302904,0.0050435684647302,0.0,0.0,0.0,0.0
2014-12-13 15:00:00,0.33837109375,8.7890625e-05,0.004802734375,0.147791015625,0.0,0.0,0.0
2014-12-13 16:00:00,0.286426326129666,0.0566267190569744,0.0048330058939096,0.0,0.0,0.0,0.0
2014-12-13 17:00:00,0.212935166994106,0.0,0.004852652259332,0.0,0.0,0.0,0.0
2014-12-13 18:00:00,0.744521568627451,0.0407941176470588,0.0765431372549019,0.2497411764705882,0.0,0.0621372549019607,0.0
2014-12-13 19:00:00,1.1013567251461989,0.016990253411306,0.1647777777777777,6.627680311890837e-05,0.1222690058479532,0.0,0.0
2014-12-13 20:00:00,0.9659560878243512,0.0222614770459081,0.1458283433133732,0.0,0.0,0.0,0.0
2014-12-13 21:00:00,0.5898752436647173,0.0290077972709551,0.1671851851851852,0.0,0.0,0.0029941520467836,0.0
2014-12-13 22:00:00,0.316818540433925,0.0475088757396449,0.0798027613412228,0.0086962524654832,0.0,0.0,0.0
2014-12-13 23:00:00,0.1596205533596837,0.0015592885375494,0.0050810276679841,0.0,0.0,0.0,0.0
2014-12-14 00:00:00,0.1621520467836257,0.0199883040935672,0.0048947368421052,0.0,0.0,0.0,0.0
2014-12-14 01:00:00,0.1622583170254403,0.0304031311154598,0.004904109589041,0.0,0.0,0.0,0.0
2014-12-14 02:00:00,0.1592743190661478,0.0,0.0051536964980544,0.0,0.0,0.0,0.0
2014-12-14 03:00:00,0.1686718446601942,0.0503398058252427,0.0095495145631067,0.0,0.0,0.0,0.0
2014-12-14 04:00:00,0.1592874015748031,0.0,0.0049173228346456,0.0,0.0,0.0,0.0
2014-12-14 05:00:00,0.158704854368932,0.0,0.0048970873786407,0.0,0.0,0.0,0.0
2014-12-14 06:00:00,0.211557281553398,0.0542990291262135,0.0048796116504854,0.0,0.0,0.0,0.0
2014-12-14 07:00:00,0.822443137254902,0.0002058823529411,0.0049039215686274,0.0,0.1337058823529411,0.0,0.0272333333333333
2014-12-14 08:00:00,1.0240803921568626,0.0342686274509803,0.0224980392156862,0.0696098039215686,0.1083607843137254,0.0,0.0544666666666666
2014-12-14 09:00:00,0.2973764705882353,0.0221078431372549,0.0050294117647058,0.0126,0.0,0.0,0.0309666666666666
2014-12-14 10:00:00,0.1604457593688363,0.0,0.0048599605522682,0.0,0.0,0.0,0.0006469428007889
2014-12-14 11:00:00,0.1676483300589391,0.0503457760314341,0.0048624754420432,0.0,0.0,0.0,0.0
2014-12-14 12:00:00,0.1632607843137254,0.0,0.004856862745098,0.0,0.0,0.0,0.0
2014-12-14 13:00:00,1.1194109589041097,0.0545029354207436,0.0142465753424657,7.632093933463796e-05,0.1184774951076321,0.0,0.0
2014-12-14 14:00:00,1.623142578125,0.0003203125,0.0194609375,0.0,0.043830078125,0.0,0.0
2014-12-14 15:00:00,0.4731515748031496,0.0544488188976377,0.0192893700787401,0.0609153543307086,0.0,0.0,0.0
2014-12-14 16:00:00,0.5449448441247002,0.0016882494004796,0.1135227817745803,0.0630599520383693,0.0,0.0,0.0
2014-12-14 17:00:00,0.8901135029354208,0.0558923679060665,0.1593776908023483,0.0,0.1848923679060665,0.0,0.0
2014-12-14 18:00:00,0.5749862745098039,0.0016490196078431,0.1847117647058823,0.0,0.0,0.0,0.0
2014-12-14 19:00:00,0.6750120967741935,0.0452278225806451,0.1667399193548387,0.0,0.0999314516129032,0.0,0.0
2014-12-14 20:00:00,0.4509014373716632,0.0158685831622176,0.1579691991786447,0.0,0.0,0.0,0.0
2014-12-14 21:00:00,0.5947912524850895,0.0498687872763419,0.1589284294234592,0.0,0.0,0.0,0.0
2014-12-14 22:00:00,0.5909312377210216,0.0022829076620825,0.1687406679764243,0.0,0.0,0.0,0.0
2014-12-14 23:00:00,0.6617572254335261,0.0439672447013487,0.149917148362235,5.009633911368015e-05,0.1054585741811175,0.0,0.0
2014-12-15 00:00:00,0.7258236434108527,0.009922480620155,0.0050988372093023,0.0,0.0949127906976744,0.0,0.0
2014-12-15 01:00:00,0.6494688715953307,0.0429182879377431,0.0048871595330739,0.0,0.0,0.0,0.0
2014-12-15 02:00:00,0.1598217054263566,0.0061918604651162,0.0050290697674418,0.0,0.0,0.0,0.0
2014-12-15 03:00:00,0.1661996124031008,0.0247713178294573,0.009579457364341,0.0,0.0,0.0,0.0
2014-12-15 04:00:00,0.1622334630350194,0.0252256809338521,0.0049105058365758,0.0,0.0,0.0,0.0
2014-12-15 05:00:00,0.1583590733590733,0.0,0.0048590733590733,0.0,0.0,0.0,0.0
2014-12-15 06:00:00,0.2019904214559387,0.0476800766283524,0.0048486590038314,0.0,0.0,0.0,0.0
2014-12-15 07:00:00,0.6056502946954813,0.0001925343811394,0.0048428290766208,0.0,0.1343909626719057,0.0,0.0
2014-12-15 08:00:00,0.6248770685579197,0.0384255319148936,0.0048770685579196,0.0471867612293144,0.0,0.0,0.0
2014-12-15 09:00:00,0.1580935672514619,0.0,0.0048206627680311,0.0,0.0,0.0,0.0
2014-12-15 10:00:00,0.1642239685658153,0.0421905697445972,0.0048310412573673,0.0,0.0,0.0,0.0
2014-12-15 11:00:00,0.1591964636542239,0.008418467583497,0.0048683693516699,0.0,0.0,0.0,0.0
2014-12-15 12:00:00,0.2384145383104126,0.0021964636542239,0.0048644400785854,0.0477387033398821,0.0,0.0261237721021611,0.0
2014-12-15 13:00:00,0.1667734375,0.0499140625,0.0048671875,0.0,0.0,0.0,0.0
2014-12-15 14:00:00,0.1580951456310679,0.0,0.0048776699029126,0.0,0.0,0.0,0.0
2014-12-15 15:00:00,0.1929396887159533,0.0375252918287937,0.0048599221789883,0.0,0.0,0.0,0.0
2014-12-15 16:00:00,0.5743237410071943,0.0175659472422062,0.1370359712230215,0.0392997601918465,0.0736642685851318,0.0,0.0
2014-12-15 17:00:00,0.5348929961089495,0.0513579766536965,0.1174727626459144,0.0,0.0383073929961089,0.0,0.0
2014-12-15 18:00:00,0.7713249027237353,0.0001653696498054,0.0049708171206225,4.280155642023346e-05,0.1292120622568093,0.0,0.0
2014-12-15 19:00:00,2.381200392927308,0.0521944990176817,0.1159469548133595,0.0521335952848723,0.0,0.0,0.0
2014-12-15 20:00:00,1.4857193675889329,0.0002490118577075,0.1668339920948616,0.0,0.0,0.0,0.0
2014-12-15 21:00:00,0.7845,0.0541313725490196,0.178313725490196,0.0,0.1154215686274509,0.0,0.0
2014-12-15 22:00:00,0.3539691714836223,0.0,0.0975549132947976,0.0,0.0,0.0,0.0
2014-12-15 23:00:00,0.1643242718446602,0.0461650485436893,0.0051203883495145,0.0,0.0,0.0,0.0
2014-12-16 00:00:00,0.1583069498069498,0.0051447876447876,0.0048610038610038,0.0,0.0,0.0,0.0
2014-12-16 01:00:00,0.1590525291828793,0.0085408560311284,0.0048735408560311,0.0,0.0,0.0,0.0
2014-12-16 02:00:00,0.1636046511627907,0.0441201550387596,0.0049961240310077,0.0,0.0,0.0,0.0
2014-12-16 03:00:00,0.1615057692307692,0.0,0.0096903846153846,0.0,0.0,0.0,0.0
2014-12-16 04:00:00,0.163674373795761,0.0425992292870905,0.004888246628131,0.0,0.0,0.0,0.0
2014-12-16 05:00:00,0.1570581395348837,0.008313953488372,0.0048875968992248,0.0,0.0,0.0,0.0
2014-12-16 06:00:00,0.1665600775193798,0.0,0.0048488372093023,0.0,0.0,0.0,0.0
2014-12-16 07:00:00,0.6166291262135922,0.0548932038834951,0.0048407766990291,0.040609708737864,0.152052427184466,0.0373339805825242,0.0
2014-12-16 08:00:00,0.3649300970873786,6.213592233009709e-05,0.0048679611650485,0.0001339805825242,0.0,0.0,0.0
2014-12-16 09:00:00,0.1633941747572815,0.0356058252427184,0.0048640776699029,0.0,0.0,0.0,0.0
2014-12-16 10:00:00,0.6140368932038835,0.0159669902912621,0.004926213592233,0.0,0.0,0.0,0.0
2014-12-16 11:00:00,0.2467378640776699,0.0447281553398058,0.0048893203883495,0.0,0.0,0.0,0.0
2014-12-16 12:00:00,0.3159630350194553,0.0048249027237354,0.0048929961089494,0.0,0.1695836575875486,0.0,0.0
2014-12-16 13:00:00,0.2717698259187621,0.0532127659574468,0.075522243713733,0.0,0.0490406189555125,0.0,0.0
2014-12-16 14:00:00,0.296579766536965,0.014908560311284,0.1724260700389105,0.0,0.0,0.0,0.0
2014-12-16 15:00:00,0.321431067961165,0.0301145631067961,0.1609941747572815,0.0,0.0,0.0,0.0
2014-12-16 16:00:00,1.6504108527131782,0.0465232558139534,0.039672480620155,0.0,0.1185213178294573,0.0,0.0195988372093023
2014-12-16 17:00:00,1.345524366471735,0.0013742690058479,0.0719239766081871,0.0,0.0,0.0,0.0928070175438596
2014-12-16 18:00:00,1.317,0.045302734375,0.00505078125,0.0,0.0,0.0,0.038521484375
2014-12-16 19:00:00,0.9143627450980392,0.0472156862745098,0.1621294117647058,0.0,0.0,0.0,0.0086392156862745
2014-12-16 20:00:00,0.6727069306930693,0.0085564356435643,0.1669485148514851,0.0,0.0,0.0,0.0
2014-12-16 21:00:00,0.5147799607072692,0.035697445972495,0.1864597249508841,0.0,0.0,0.0,0.0
2014-12-16 22:00:00,0.38891015625,0.031365234375,0.03178125,0.0,0.124802734375,0.0,0.062923828125
2014-12-16 23:00:00,0.1638490196078431,0.0148058823529411,0.0102823529411764,0.0,0.0,0.0,0.0005647058823529
2014-12-17 00:00:00,0.1630799220272904,0.025270955165692,0.0048849902534113,0.0,0.0,0.0,0.0
2014-12-17 01:00:00,0.160640625,0.021515625,0.00488671875,0.0,0.0,0.0,0.0
2014-12-17 02:00:00,0.1590058708414873,0.0,0.0049686888454011,0.0,0.0,0.0,0.0
2014-12-17 03:00:00,0.1673805825242718,0.0484796116504854,0.0096563106796116,0.0,0.0,0.0,0.0
2014-12-17 04:00:00,0.1592480620155038,0.0,0.004922480620155,0.0,0.0,0.0,0.0
2014-12-17 05:00:00,0.1636550387596899,0.0469980620155038,0.0049089147286821,0.0,0.0,0.0,0.0
2014-12-17 06:00:00,0.1672760617760617,0.0029594594594594,0.0048899613899613,0.0,0.0,0.0,0.0
2014-12-17 07:00:00,0.4463463035019455,0.0271147859922179,0.0048696498054474,0.0,0.1637568093385214,0.0,0.0
2014-12-17 08:00:00,0.5915933852140077,0.0231381322957198,0.0048638132295719,0.013101167315175,0.0960622568093385,0.0,0.0
2014-12-17 09:00:00,0.1647814313346228,0.0455976789168278,0.0049090909090909,0.0,0.0,0.0,0.0
2014-12-17 10:00:00,0.1575106796116505,0.0,0.0048796116504854,0.0,0.0,0.0,0.0
2014-12-17 11:00:00,0.1656833976833976,0.0231583011583011,0.0048648648648648,0.0,0.0,0.0,0.0
2014-12-17 12:00:00,0.1530348837209302,0.0243837209302325,0.0048643410852713,0.0,0.0,0.0,0.0
2014-12-17 13:00:00,0.4313184466019417,0.0102252427184466,0.1097766990291262,0.059904854368932,0.1361456310679611,0.0,0.0
2014-12-17 14:00:00,0.3474315789473683,0.0338021052631579,0.1633642105263157,0.0,0.0083536842105263,0.0,0.0
2014-12-17 15:00:00,0.2776957364341085,0.0013391472868217,0.0281589147286821,0.0,0.0,0.0,0.0
2014-12-17 16:00:00,0.4446027131782945,0.0527248062015503,0.0222422480620155,0.0,0.0854980620155038,0.0,0.0
2014-12-17 17:00:00,0.2368757281553398,0.0,0.0138213592233009,0.0,0.0,0.0,0.0231864077669902
2014-12-17 18:00:00,0.1616453488372093,0.0502422480620155,0.0047945736434108,0.0,0.0,0.0,0.0001472868217054
2014-12-17 19:00:00,0.1516170212765957,0.0,0.0047911025145067,0.0,0.0,0.0,0.0
2014-12-17 20:00:00,0.2206015473887814,0.0504835589941973,0.0048510638297872,0.0252591876208897,0.0,0.0,0.0
2014-12-17 21:00:00,1.5956511627906975,0.0003100775193798,0.004860465116279,6.589147286821706e-05,0.1144806201550387,0.0,0.0764903100775193
2014-12-17 22:00:00,0.7612198443579766,0.0484435797665369,0.004852140077821,0.0,0.0,0.0,0.0323813229571984
2014-12-17 23:00:00,0.1615764023210831,0.0,0.0048820116054158,0.0,0.0,0.0,0.0002591876208897
2014-12-18 00:00:00,0.1679066147859922,0.0493677042801556,0.0048677042801556,0.0,0.0027392996108949,0.0,0.0
2014-12-18 01:00:00,0.1610290697674418,0.0,0.0048817829457364,0.0,0.0,0.0,0.0
2014-12-18 02:00:00,0.1672422480620155,0.0492674418604651,0.0048953488372093,0.0,0.0,0.0,0.0
2014-12-18 03:00:00,0.1651830443159923,0.0006782273603082,0.0097321772639691,0.0,0.0,0.0,0.0
2014-12-18 04:00:00,0.164156976744186,0.0228062015503875,0.0048817829457364,0.0,0.0,0.0,0.0
2014-12-18 05:00:00,0.1637013487475915,0.027684007707129,0.0048420038535645,0.0,0.0,0.0,0.0
2014-12-18 06:00:00,0.3646776699029126,0.0185398058252427,0.0048330097087378,0.0,0.1305126213592232,0.0,0.0
2014-12-18 07:00:00,0.446531007751938,0.0298197674418604,0.0048410852713178,0.0402926356589147,0.0,0.0,0.0
2014-12-18 08:00:00,1.4385239234449765,0.0305023923444976,0.0048708133971291,0.0,0.0,0.0,0.0
2014-12-18 09:00:00,0.2419728682170542,0.0231279069767441,0.00484496124031,0.0,0.0,0.0,0.0
2014-12-18 10:00:00,0.1649032258064516,0.0,0.004875,0.0,0.0,0.0,0.0
2014-12-18 11:00:00,,,,,,,
2014-12-18 12:00:00,,,,,,,
2014-12-18 13:00:00,,,,,,,
2014-12-18 14:00:00,,,,,,,
2014-12-18 15:00:00,,,,,,,
2014-12-18 16:00:00,,,,,,,
2014-12-18 17:00:00,,,,,,,
2014-12-18 18:00:00,,,,,,,
2014-12-18 19:00:00,,,,,,,
2014-12-18 20:00:00,,,,,,,
2014-12-18 21:00:00,,,,,,,
2014-12-18 22:00:00,,,,,,,
2014-12-18 23:00:00,,,,,,,
2014-12-19 00:00:00,,,,,,,
2014-12-19 01:00:00,,,,,,,
2014-12-19 02:00:00,,,,,,,
2014-12-19 03:00:00,,,,,,,
2014-12-19 04:00:00,,,,,,,
2014-12-19 05:00:00,,,,,,,
2014-12-19 06:00:00,,,,,,,
2014-12-19 07:00:00,,,,,,,
2014-12-19 08:00:00,,,,,,,
2014-12-19 09:00:00,,,,,,,
2014-12-19 10:00:00,0.1578238341968912,0.0,0.0048031088082901,0.0,0.0,0.0,0.0
2014-12-19 11:00:00,0.2844459459459459,0.0,0.0048725868725868,0.0,0.1371853281853282,0.0,0.0
2014-12-19 12:00:00,0.298044921875,0.04820703125,0.0673671875,0.0,0.084591796875,0.0,0.0
2014-12-19 13:00:00,0.165765503875969,0.0141957364341085,0.0050775193798449,0.0,0.0,0.0,0.0
2014-12-19 14:00:00,0.1631634615384615,0.0796365384615384,0.0048557692307692,0.0,0.0,0.0,0.0
2014-12-19 15:00:00,0.3586003898635477,0.0162397660818713,0.0157076023391812,0.0158888888888888,0.1383391812865497,0.0,0.0
2014-12-19 16:00:00,0.4488484251968503,0.0321909448818897,0.0222185039370078,0.0,0.0544409448818897,0.0,0.0
2014-12-19 17:00:00,0.5891946050096339,0.0307784200385356,0.1339826589595375,0.0063410404624277,0.0,0.0,0.0189730250481695
2014-12-19 18:00:00,1.156346978557505,0.0182339181286549,0.1801461988304093,0.1072280701754386,0.117120857699805,0.0,0.0004834307992202
2014-12-19 19:00:00,0.5520389105058366,0.044896887159533,0.176476653696498,0.0094357976653696,0.0,0.0,0.0
2014-12-19 20:00:00,0.5204260355029586,0.0228027613412228,0.1629763313609467,0.0,0.0697968441814595,0.0,0.0
2014-12-19 21:00:00,0.4343813229571984,0.0240077821011673,0.1612295719844358,0.0,0.0,0.0,0.0
2014-12-19 22:00:00,0.4523752417794971,0.0340889748549323,0.1676595744680851,0.0,0.0,0.0,0.0
2014-12-19 23:00:00,0.3311087378640777,0.015157281553398,0.1015165048543689,0.0,0.0,0.0,0.0
2014-12-20 00:00:00,0.1628413926499033,0.0246034816247582,0.0050696324951644,0.0,0.0,0.0,0.0
2014-12-20 01:00:00,0.1608728323699421,0.0222697495183044,0.0048516377649325,0.0,0.0,0.0,0.0
2014-12-20 02:00:00,0.1594321705426356,0.0027751937984496,0.0052461240310077,0.0,0.0,0.0,0.0
2014-12-20 03:00:00,0.1674864864864864,0.044503861003861,0.0093976833976833,0.0,0.0,0.0,0.0
2014-12-20 04:00:00,0.1584786821705426,0.0,0.0048701550387596,0.0,0.0,0.0,0.0
2014-12-20 05:00:00,0.1643455598455598,0.0479845559845559,0.0048957528957528,0.0,0.0,0.0,0.0
2014-12-20 06:00:00,0.1664197292069632,0.0,0.0048646034816247,0.0,0.0,0.0,0.0
2014-12-20 07:00:00,1.1872583170254405,0.0324618395303326,0.0048297455968688,0.000133072407045,0.1236477495107632,0.0,0.003692759295499
2014-12-20 08:00:00,0.8699071566731141,0.02,0.0213017408123791,0.0,0.1252514506769826,0.0,0.1139013539651837
2014-12-20 09:00:00,0.405776493256262,0.0464084778420038,0.0210115606936416,0.0,0.0,0.0,0.070402697495183
2014-12-20 10:00:00,0.3179154929577465,0.0,0.0250234741784037,0.0,0.0,0.0,0.0581525821596244
2014-12-20 11:00:00,0.290648,0.04911,0.036036,0.0,0.0,0.0,0.0172079999999999
2014-12-20 12:00:00,0.6525431372549019,0.0145980392156862,0.1355176470588235,0.0,0.194013725490196,0.0767745098039215,0.0
2014-12-20 13:00:00,0.4546970873786408,0.0374504854368932,0.1676077669902912,0.0344737864077669,0.0,0.0,0.0
2014-12-20 14:00:00,0.4650232558139535,0.0439767441860465,0.1457771317829457,0.1055775193798449,0.0,0.0,0.0
2014-12-20 15:00:00,0.3012375296912114,0.0038218527315914,0.077,0.0241520190023752,0.0,0.0,0.0
2014-12-20 16:00:00,0.2002340425531915,0.0460812379110251,0.0127408123791102,0.0,0.0,0.0,0.0
2014-12-20 17:00:00,0.2088062015503876,0.0003720930232558,0.0223895348837209,0.0,0.0,0.0,0.0
2014-12-20 18:00:00,0.6265444015444016,0.0454478764478764,0.1657374517374517,0.0249536679536679,0.0,0.0,0.0
2014-12-20 19:00:00,0.6664294003868472,0.027642166344294,0.1662127659574468,0.0,0.1284912959381044,0.0,0.0
2014-12-20 20:00:00,0.5815096525096525,0.0168918918918918,0.1542277992277992,0.1217277992277992,0.0,0.0,0.0
2014-12-20 21:00:00,0.939447638603696,0.0472689938398357,0.1663572895277207,0.0,0.1268932238193018,0.0,0.0
2014-12-20 22:00:00,0.6449961315280465,6.576402321083172e-05,0.1613558994197292,0.0,0.0,0.0,0.0
2014-12-20 23:00:00,0.9979845261121856,0.047348162475822,0.1646634429400386,0.0,0.0,0.0,0.0
2014-12-21 00:00:00,0.2038957528957529,0.0,0.0483108108108108,0.0,0.0,0.0,0.0
2014-12-21 01:00:00,0.1728502879078694,0.0448272552783109,0.0051151631477927,0.0,0.0,0.0,0.0
2014-12-21 02:00:00,0.1681025145067698,0.0016885880077369,0.0051586073500967,0.0,0.0,0.0,0.0
2014-12-21 03:00:00,0.1748817829457364,0.0271686046511627,0.0094922480620155,0.0,0.0,0.0,0.0
2014-12-21 04:00:00,0.1695445736434108,0.0191317829457364,0.0048856589147286,0.0,0.0,0.0,0.0
2014-12-21 05:00:00,0.1675519230769231,0.0,0.0048942307692307,0.0,0.0,0.0,0.0
2014-12-21 06:00:00,0.3789287090558767,0.0489055876685934,0.004878612716763,0.0280924855491329,0.1352369942196531,0.0,0.0
2014-12-21 07:00:00,0.2061151631477927,0.0,0.0048368522072936,0.0227351247600767,0.0,0.0,0.0093819577735124
2014-12-21 08:00:00,0.6936125907990315,0.0593317191283293,0.0048353510895883,0.0,0.0,0.0,0.1131646489104116
2014-12-21 09:00:00,0.392621359223301,0.0001320388349514,0.0048330097087378,0.0125825242718446,0.0967980582524271,0.0,0.1049805825242718
2014-12-21 10:00:00,0.479157281553398,0.0504368932038834,0.0099961165048543,0.122135922330097,0.1143650485436893,0.0399805825242718,0.0004796116504854
2014-12-21 11:00:00,0.7684571984435797,0.0010622568093385,0.1024474708171206,0.0,0.1294027237354085,0.0,0.0
2014-12-21 12:00:00,1.7893766990291262,0.0498466019417475,0.0176427184466019,0.0,0.0,0.040704854368932,0.0
2014-12-21 13:00:00,0.2093742690058479,0.0067290448343079,0.0192456140350877,0.0,0.0,0.0,0.0
2014-12-21 14:00:00,0.2254805447470817,0.0426653696498054,0.0190505836575875,0.0,0.0,0.0,0.0
2014-12-21 15:00:00,0.3434058252427184,0.025978640776699,0.0189029126213592,0.0,0.0987766990291262,0.0,0.0
2014-12-21 16:00:00,0.5332450980392157,0.0232823529411764,0.0911725490196078,0.1563078431372549,0.0,0.0,0.0
2014-12-21 17:00:00,0.4344852071005917,0.0454260355029585,0.1360433925049309,0.0,0.0,0.0,0.0
2014-12-21 18:00:00,0.9387568093385216,0.0272101167315175,0.1683560311284047,0.0408035019455252,0.0,0.0,0.0
2014-12-21 19:00:00,0.3625938104448743,0.0177446808510638,0.0452823984526112,0.0,0.0,0.0,0.0
2014-12-21 20:00:00,0.4607509881422925,0.046598814229249,0.0730158102766798,0.0,0.0,0.0,0.0
2014-12-21 21:00:00,0.418652427184466,0.00026213592233,0.165031067961165,0.0,0.0,0.0,0.0
2014-12-21 22:00:00,0.2425847953216374,0.0458479532163742,0.0598167641325536,0.0,0.0,0.0,0.0
2014-12-21 23:00:00,0.1676046511627907,0.0,0.0051007751937984,0.0,0.0,0.0,0.0
2014-12-22 00:00:00,0.1733127413127413,0.0471119691119691,0.0048513513513513,0.0,0.0,0.0,0.0
2014-12-22 01:00:00,0.1682073643410852,0.0028585271317829,0.0048798449612403,0.0,0.0,0.0,0.0
2014-12-22 02:00:00,0.1728494208494208,0.0450637065637065,0.0051138996138996,0.0,0.0,0.0,0.0
2014-12-22 03:00:00,0.171157281553398,0.0,0.0095514563106796,0.0,0.0,0.0,0.0
2014-12-22 04:00:00,0.1728430232558139,0.0487596899224806,0.004860465116279,0.0,0.0,0.0,0.0
2014-12-22 05:00:00,0.3431322957198444,0.0010116731517509,0.0048638132295719,0.0095739299610894,0.1480817120622568,0.0,0.0
2014-12-22 06:00:00,0.2316271844660194,0.050104854368932,0.0048388349514563,9.902912621359223e-05,0.0,0.0,0.0
2014-12-22 07:00:00,1.0880793036750482,0.0066363636363636,0.0146808510638297,9.284332688588008e-05,0.1044100580270793,0.0,0.0577021276595744
2014-12-22 08:00:00,0.5963139534883721,0.0409127906976744,0.0177538759689922,0.0912577519379845,0.068468992248062,0.0,0.000422480620155
2014-12-22 09:00:00,0.7598093385214009,0.0259533073929961,0.086896887159533,0.0124338521400778,0.0217451361867704,0.0,0.0
2014-12-22 10:00:00,0.6571899224806201,0.0197015503875969,0.0049864341085271,0.0,0.0,0.0,0.0
2014-12-22 11:00:00,0.1738582524271844,0.0271592233009708,0.004852427184466,0.0,0.0,0.0,0.0
2014-12-22 12:00:00,0.2756530214424951,0.0204541910331384,0.0048148148148148,0.0,0.0984561403508771,0.0,0.0
2014-12-22 13:00:00,0.244251953125,0.0287578125,0.09379296875,0.0,0.0,0.0,0.0
2014-12-22 14:00:00,0.1684244186046511,0.0159709302325581,0.0050290697674418,0.0,0.0,0.0,0.0
2014-12-22 15:00:00,0.2069843444227005,0.0191585127201565,0.0048297455968688,0.0,0.0,0.0,0.0
2014-12-22 16:00:00,0.4668470588235294,0.0290156862745098,0.0048078431372549,0.0,0.0,0.0,0.0
2014-12-22 17:00:00,0.2907933723196881,0.0191461988304093,0.0048011695906432,0.0,0.0,0.0,0.0
2014-12-22 18:00:00,0.1716550387596899,0.0289476744186046,0.0048042635658914,0.0,0.0,0.0,0.0
2014-12-22 19:00:00,0.1878100775193798,0.0087810077519379,0.0048003875968992,0.0,0.0,0.0,0.0
2014-12-22 20:00:00,0.9913035019455252,0.0421848249027237,0.1805583657587548,0.0,0.1476420233463035,0.0,0.0
2014-12-22 21:00:00,0.5161793372319688,0.008345029239766,0.1810506822612085,0.0,0.0,0.0,0.0
2014-12-22 22:00:00,0.2052147001934235,0.0421470019342359,0.0109187620889748,0.0,0.0,0.0,0.0
2014-12-22 23:00:00,0.172647859922179,0.0,0.0048151750972762,0.0,0.0,0.0,0.0
2014-12-23 00:00:00,0.1752301740812379,0.0491218568665377,0.0048181818181818,0.0,0.0,0.0,0.0
2014-12-23 01:00:00,0.1671547388781431,0.0,0.0048413926499032,0.0,0.0,0.0,0.0
2014-12-23 02:00:00,0.1728436293436293,0.0501177606177606,0.005050193050193,0.0,0.0,0.0,0.0
2014-12-23 03:00:00,0.1708576998050682,0.0,0.0096218323586744,0.0,0.0,0.0,0.0
2014-12-23 04:00:00,0.1845435203094777,0.0356305609284332,0.0048742746615087,0.0,0.0,0.0,0.0
2014-12-23 05:00:00,0.3647236286919831,0.0144556962025316,0.0048333333333333,0.0073987341772151,0.1128586497890295,0.0,0.0160611814345991
2014-12-23 06:00:00,1.811617021276596,0.0464603481624758,0.1579516441005802,0.0,0.0287640232108317,0.0,0.0001856866537717
2014-12-23 07:00:00,1.2391902912621358,0.0001941747572815,0.1438932038834951,8.349514563106795e-05,0.0862601941747572,0.0,0.0
2014-12-23 08:00:00,0.6269806201550387,0.0497170542635658,0.0049709302325581,0.038734496124031,0.0,0.0,0.0
2014-12-23 09:00:00,0.4181957364341085,0.0001124031007751,0.0175193798449612,0.0,0.1631046511627907,0.0,0.0
2014-12-23 10:00:00,0.9976912621359224,0.0470932038834951,0.0122951456310679,0.0001708737864077,0.0,1.5533980582524273e-05,0.0
2014-12-23 11:00:00,0.1707965116279069,0.0,0.0048798449612403,0.0,0.0,0.0,0.0
2014-12-23 12:00:00,0.1750972762645914,0.0392762645914396,0.0048540856031128,0.0,0.0006225680933852,0.0,0.0
2014-12-23 13:00:00,0.1668109161793372,0.0101442495126705,0.0048401559454191,0.0,0.0,0.0,0.0
2014-12-23 14:00:00,0.2270947775628626,0.0174371373307543,0.0048375241779497,0.0,0.0,0.0,0.0
2014-12-23 15:00:00,0.1994601941747572,0.0317864077669902,0.0047805825242718,0.0,0.0,0.0,0.0
2014-12-23 16:00:00,0.1710870406189555,0.0,0.0048259187620889,0.0,0.0,0.0,0.0
2014-12-23 17:00:00,0.1713540856031128,0.0491284046692607,0.0047684824902723,0.0,0.0,0.0,0.0
2014-12-23 18:00:00,0.1671616766467066,0.0,0.0049281437125748,0.0,0.0,0.0,0.0
2014-12-23 19:00:00,0.5090982367758187,0.0103954659949622,0.0152921914357682,0.0,0.0,0.0,0.0633047858942065
2014-12-23 20:00:00,0.7592131782945736,0.051703488372093,0.0777325581395348,0.2188352713178294,3.875968992248062e-05,0.0,0.0081744186046511
2014-12-23 21:00:00,0.5016023166023166,0.0118667953667953,0.1601872586872587,0.0,0.0,0.0,0.0
2014-12-23 22:00:00,0.475966796875,0.053103515625,0.180431640625,0.0,0.0,0.0,0.0
2014-12-23 23:00:00,0.4198588007736943,0.0040444874274661,0.1586170212765957,0.0,0.0,0.0,0.0
2014-12-24 00:00:00,0.1811766990291262,0.0478873786407767,0.0050446601941747,0.0,0.0,0.0,0.0
2014-12-24 01:00:00,0.1685891472868217,0.0189166666666666,0.0048313953488372,0.0,0.0,0.0,0.0
2014-12-24 02:00:00,0.1695087378640776,0.0327592233009708,0.0049553398058252,0.0,0.0,0.0,0.0
2014-12-24 03:00:00,0.1732616279069767,0.0262751937984496,0.0096589147286821,0.0,0.0,0.0,0.0
2014-12-24 04:00:00,0.1686135922330097,0.0262349514563106,0.0048660194174757,0.0,0.0,0.0,0.0
2014-12-24 05:00:00,0.1692596899224806,0.0231124031007751,0.0048391472868217,0.0,0.0,0.0,0.0
2014-12-24 06:00:00,0.3825350701402805,0.0286753507014028,0.0048296593186372,0.0,0.1461623246492986,0.0,0.0
2014-12-24 07:00:00,0.8003913894324853,0.0437142857142857,0.0084011741682974,0.0033776908023483,0.0922426614481408,0.0,0.038945205479452
2014-12-24 08:00:00,1.3189396887159532,0.0072859922178988,0.0226887159533073,4.669260700389105e-05,0.1347821011673151,0.0,0.0544474708171206
2014-12-24 09:00:00,0.911734496124031,0.0531511627906976,0.0220271317829457,0.0259011627906976,0.0,0.0,0.0004941860465116
2014-12-24 10:00:00,1.4444310679611652,0.0093747572815533,0.0191980582524271,0.0,0.1236485436893203,0.0857805825242718,0.0
2014-12-24 11:00:00,0.5016368038740919,0.0503341404358353,0.0220193704600484,0.0044745762711864,0.2134794188861985,0.0,0.0
2014-12-24 12:00:00,0.4045938104448743,0.0438220502901353,0.0253771760154738,0.0097137330754352,0.0,0.0,0.0
2014-12-24 13:00:00,0.2346848249027237,0.0079377431906614,0.0048210116731517,0.0,0.0,0.0,0.0
2014-12-24 14:00:00,0.1814533073929961,0.0484727626459143,0.0048385214007782,0.0,0.0,0.0,0.0
2014-12-24 15:00:00,0.3777037914691943,0.0011303317535545,0.0047796208530805,0.0,0.1345521327014218,0.0,0.0
2014-12-24 16:00:00,0.5954532710280375,0.0635303738317757,0.1633130841121495,0.0,0.0323411214953271,0.0,0.0
2014-12-24 17:00:00,0.769943137254902,0.0307960784313725,0.1813137254901961,0.0,0.1106274509803921,0.0,0.0
2014-12-24 18:00:00,0.6526509803921569,0.0158411764705882,0.1827117647058823,0.0,0.0962823529411764,0.0,0.0
2014-12-24 19:00:00,0.8085387596899225,0.0486356589147286,0.1610852713178294,0.0,0.0,0.0,0.0626240310077519
2014-12-24 20:00:00,1.3534007707129094,0.0183352601156069,0.1587186897880539,0.1426107899807321,0.0,0.0,0.0081811175337186
2014-12-24 21:00:00,0.4473801169590643,0.0324834307992202,0.1508635477582846,0.0,0.0,0.0,0.0
2014-12-24 22:00:00,0.4467775628626692,0.0402920696324951,0.1473655705996131,0.0,0.0,0.0,0.0
2014-12-24 23:00:00,0.1627615384615384,0.0089634615384615,0.0050442307692307,0.0,0.0,0.0,0.0
2014-12-25 00:00:00,0.1670614203454894,0.0466871401151631,0.0048694817658349,0.0,0.0,0.0,0.0
2014-12-25 01:00:00,0.1581076923076923,0.0002557692307692,0.0048615384615384,0.0,0.0,0.0,0.0
2014-12-25 02:00:00,0.1634073359073359,0.0450984555984556,0.0049247104247104,0.0039536679536679,0.0,0.0,0.0
2014-12-25 03:00:00,0.1622007722007722,0.0039169884169884,0.0097084942084942,0.0,0.0,0.0,0.0
2014-12-25 04:00:00,0.1636177606177606,0.0267316602316602,0.0048687258687258,0.0,0.0,0.0,0.0
2014-12-25 05:00:00,0.2038077669902912,0.0221378640776699,0.0590932038834951,0.0,0.0,0.0,0.0
2014-12-25 06:00:00,0.5380881763527054,0.0001523046092184,0.1841482965931863,0.0,0.1472104208416833,0.0,0.0
2014-12-25 07:00:00,0.5825515873015873,0.0501309523809523,0.1138690476190476,0.0,0.0998630952380952,0.0,0.0
2014-12-25 08:00:00,0.8431104651162791,0.0060813953488372,0.0192015503875969,0.0,0.1123333333333333,0.0,0.0
2014-12-25 09:00:00,0.7514235976789169,0.0821315280464216,0.0200967117988394,4.25531914893617e-05,0.0,0.0124970986460348,0.0
2014-12-25 10:00:00,0.8427577519379845,5.813953488372093e-05,0.0226705426356589,0.0126492248062015,0.0,0.0,0.0
2014-12-25 11:00:00,1.869874031007752,0.0766531007751937,0.1236027131782945,0.0,0.0107558139534883,0.0,0.0041027131782945
2014-12-25 12:00:00,1.2816467780429592,0.0327136038186157,0.1486062052505966,0.0,0.0,0.0,0.0006730310262529
2014-12-25 13:00:00,2.5244892787524367,0.054317738791423,0.1836881091617933,0.0,0.1085048732943469,0.0,0.0
2014-12-25 14:00:00,1.9558015564202336,0.0517431906614786,0.1171945525291828,0.2258015564202334,0.0,0.0,0.0
2014-12-25 15:00:00,0.6582058252427184,0.0236252427184466,0.0244252427184466,0.1573825242718446,0.0,0.0,0.0
2014-12-25 16:00:00,0.7778325242718447,0.0725315533980582,0.0230825242718446,0.0,0.1833713592233009,0.0,0.0
2014-12-25 17:00:00,0.7235471698113207,0.0096957547169811,0.1616556603773584,0.0,0.0,0.0,0.0
2014-12-25 18:00:00,0.6027616822429906,0.0466518691588785,0.1498831775700934,0.0,0.0,0.0,0.0
2014-12-25 19:00:00,0.5773058823529411,0.0347372549019607,0.1554156862745098,0.0,0.0,0.0,0.0
2014-12-25 20:00:00,0.5458346613545817,0.0230936254980079,0.1451454183266932,0.0,0.0,0.0,0.0
2014-12-25 21:00:00,0.517401185770751,0.0505830039525691,0.1561225296442688,0.0,0.0,0.0,0.0
2014-12-25 22:00:00,0.4919015444015444,0.0049111969111969,0.1414131274131274,8.687258687258688e-05,0.0,0.0,0.0
2014-12-25 23:00:00,0.2906627906976744,0.0579302325581395,0.0233546511627906,0.0,0.0,0.0,0.0076976744186046
2014-12-26 00:00:00,0.1775581395348837,0.0033565891472868,0.0183972868217054,0.0,0.0,0.0,0.0004903100775193
2014-12-26 01:00:00,0.1677826923076923,0.0472115384615384,0.0048576923076923,0.0,0.0,0.0,0.0
2014-12-26 02:00:00,0.1631798839458414,0.0208704061895551,0.0048684719535783,0.0,0.0,3.0947775628626695e-05,0.0
2014-12-26 03:00:00,0.1678742746615087,0.0316808510638297,0.0097736943907156,0.0,0.0,0.0,0.0
2014-12-26 04:00:00,0.1630426356589147,0.0209709302325581,0.0049011627906976,0.0,0.0,0.0,0.0
2014-12-26 05:00:00,0.1635531914893617,0.0303617021276595,0.0048549323017408,0.0,0.0,0.0,0.0
2014-12-26 06:00:00,0.1803333333333333,0.0086878612716763,0.0048709055876685,0.0,0.0,0.0,0.0
2014-12-26 07:00:00,0.2085473887814313,0.0446963249516441,0.0378297872340425,0.0,0.0,0.0,0.0
2014-12-26 08:00:00,0.3739253438113949,0.0002043222003929,0.066516699410609,0.0,0.1467288801571709,0.0,0.0
2014-12-26 09:00:00,0.3557964071856287,0.0552335329341317,0.0050958083832335,0.0,0.078377245508982,0.0,0.0279221556886227
2014-12-26 10:00:00,0.5108507751937984,0.0004418604651162,0.1165581395348837,0.0,0.0502945736434108,0.0233992248062015,0.0761705426356589
2014-12-26 11:00:00,0.6878660194174757,0.0623475728155339,0.0217203883495145,0.0,0.0965941747572815,0.007483495145631,0.0159650485436893
2014-12-26 12:00:00,1.5491586073500967,0.0,0.0181450676982591,0.0,0.0,0.0,0.0
2014-12-26 13:00:00,0.4026511627906977,0.046218992248062,0.0212170542635658,0.0,0.0,0.0,0.0
2014-12-26 14:00:00,0.1784506769825919,0.0115667311411992,0.0181044487427466,0.0,0.0,0.0,0.0
2014-12-26 15:00:00,0.3193895348837209,0.0045910852713178,0.1018972868217054,0.0,0.0,0.0,0.0
2014-12-26 16:00:00,0.5444181117533718,0.0544393063583815,0.1863545279383429,0.0,0.0,0.0,0.0
2014-12-26 17:00:00,0.8584941860465116,0.0006027131782945,0.1822015503875969,0.1593275193798449,0.1212635658914728,0.0,0.0
2014-12-26 18:00:00,1.4532838541666668,0.0767942708333333,0.1848776041666666,0.1135364583333333,0.0,0.0,0.0
2014-12-26 19:00:00,1.1126032064128255,0.0,0.1810561122244489,0.0,0.0,0.0,0.0
2014-12-26 20:00:00,0.6315725490196079,0.0509509803921568,0.1854156862745098,0.0,0.0,0.0,0.0
2014-12-26 21:00:00,0.4491968810916179,0.0112904483430799,0.1858986354775828,0.0,0.0,0.0,0.0
2014-12-26 22:00:00,0.4175450901803607,9.018036072144288e-05,0.1716693386773547,4.008016032064128e-05,0.0,0.0,0.0
2014-12-26 23:00:00,0.2327195357833655,0.0597640232108317,0.039963249516441,0.0,0.0,0.0,0.0
2014-12-27 00:00:00,0.1695310077519379,0.0,0.0048313953488372,0.0,0.0,0.0,0.0
2014-12-27 01:00:00,0.1699073359073359,0.0118918918918918,0.0048571428571428,0.0,0.0,0.0,0.0
2014-12-27 02:00:00,0.1723268858800773,0.0487736943907156,0.0048936170212765,0.0,0.0,0.0,0.0
2014-12-27 03:00:00,0.1721899224806201,0.0,0.00975,0.0,0.0,0.0,0.0
2014-12-27 04:00:00,0.1687548638132295,0.0,0.0048832684824902,0.0,0.0,0.0,0.0
2014-12-27 05:00:00,0.1741353965183752,0.0626441005802708,0.0048820116054158,0.0,0.0,0.0,0.0
2014-12-27 06:00:00,0.1756388349514563,0.0,0.0048757281553398,0.0,0.0,0.0,0.0
2014-12-27 07:00:00,0.1707801556420233,0.0,0.0048501945525291,0.0,0.0,0.0,0.0
2014-12-27 08:00:00,0.3697470588235294,0.0559764705882352,0.0048666666666666,0.0,0.1161392156862745,0.0,0.0315117647058823
2014-12-27 09:00:00,0.4093666666666666,0.0091176470588235,0.0102803921568627,0.0,0.1037549019607843,0.0,0.0884294117647058
2014-12-27 10:00:00,0.330352140077821,8.754863813229571e-05,0.0193210116731517,0.0,0.0,0.0,0.0004319066147859
2014-12-27 11:00:00,0.3326073500967118,0.0636537717601547,0.0191914893617021,0.0378916827852998,0.0,0.0,0.0
2014-12-27 12:00:00,0.1687123552123552,0.0,0.0049729729729729,0.0,0.0,0.0,0.0
2014-12-27 13:00:00,0.1925519230769231,0.0180038461538461,0.004826923076923,0.0,0.0,0.0,0.0
2014-12-27 14:00:00,0.184064453125,0.047376953125,0.00478515625,0.006615234375,0.0,0.0,0.0
2014-12-27 15:00:00,1.015714566929134,0.0009370078740157,0.0048444881889763,0.0,0.0,0.0,0.0
2014-12-27 16:00:00,0.6217413127413127,0.066084942084942,0.084,0.0,0.1186602316602316,0.0401930501930501,0.0
2014-12-27 17:00:00,0.4935365384615384,0.0003615384615384,0.1492576923076923,0.0,0.0,0.0,0.0
2014-12-27 18:00:00,0.5420271317829457,0.06009496124031,0.1425,0.0280697674418604,0.0,0.0,0.0
2014-12-27 19:00:00,0.957228515625,2.9296875e-05,0.147728515625,0.0,0.0,0.0,0.0
2014-12-27 20:00:00,0.7037764227642276,0.0409491869918699,0.1438963414634146,0.0,0.0,0.0,0.0
2014-12-27 21:00:00,0.7908204592901878,0.0194091858037578,0.1637014613778705,0.0,0.0,0.0,0.0
2014-12-27 22:00:00,0.4676291262135922,0.0,0.1646737864077669,0.0,0.0,0.0,0.0
2014-12-27 23:00:00,0.2849538461538461,0.0587211538461538,0.092026923076923,0.0,0.0,0.0,0.0
2014-12-28 00:00:00,0.1685833333333333,0.0,0.0049883720930232,0.0,0.0,0.0,0.0
2014-12-28 01:00:00,0.1672851637764932,0.0,0.0048497109826589,0.0,0.0,0.0,0.0
2014-12-28 02:00:00,0.17263249516441,0.0612127659574468,0.0048723404255319,0.0,0.0,0.0,0.0
2014-12-28 03:00:00,0.1708007736943907,0.0,0.0097814313346228,0.0,0.0,0.0,0.0
2014-12-28 04:00:00,0.1674197292069632,0.0,0.0048878143133462,0.0,0.0,0.0,0.0
2014-12-28 05:00:00,0.1691194605009633,0.0128824662813102,0.0048670520231213,0.0,0.0,0.0,0.0
2014-12-28 06:00:00,0.202081081081081,0.0498030888030888,0.0048880308880308,0.0,0.0,0.0,0.0
2014-12-28 07:00:00,0.1702901353965183,0.0,0.0048839458413926,0.0,0.0,0.0,0.0
2014-12-28 08:00:00,1.028216796875,0.00073828125,0.00484765625,0.0,0.1261484375,0.0,0.0
2014-12-28 09:00:00,0.4545405405405405,0.0702432432432432,0.0519864864864864,0.0,0.1248667953667953,0.019523166023166,0.0
2014-12-28 10:00:00,0.7447649325626204,0.0005780346820809,0.0344951830443159,0.0,0.1533757225433526,0.0,0.0
2014-12-28 11:00:00,0.3607117988394584,0.057816247582205,0.1670560928433269,0.0,0.0,0.0,0.0014661508704061
2014-12-28 12:00:00,0.3606737451737451,5.791505791505792e-05,0.0411235521235521,0.0,0.0,0.0,0.0162779922779922
2014-12-28 13:00:00,1.5149526066350711,0.0197274881516587,0.0255758293838862,0.0,0.0,0.0,0.1130568720379146
2014-12-28 14:00:00,1.3507606177606175,0.048019305019305,0.019073359073359,0.0,0.1183204633204633,0.0436911196911196,0.1110521235521235
2014-12-28 15:00:00,1.2567775423728813,0.0806694915254237,0.1399194915254237,0.0,0.1298686440677966,0.1716101694915254,0.0010974576271186
2014-12-28 16:00:00,0.5551583514099783,0.0233882863340564,0.1705075921908893,0.0,0.0,0.0394208242950108,0.0
2014-12-28 17:00:00,1.2741089108910892,0.0533801980198019,0.1888277227722772,0.0,0.053429702970297,0.0506336633663366,0.0
2014-12-28 18:00:00,0.5750952380952381,0.0373650793650793,0.1489662698412698,0.0,0.0,0.0,0.0
2014-12-28 19:00:00,0.6341262135922331,0.0385592233009708,0.1845242718446602,0.0,0.0,0.0,0.0
2014-12-28 20:00:00,1.2013149606299212,0.0311909448818897,0.1790452755905511,0.0,0.1256515748031496,0.0,0.0544921259842519
2014-12-28 21:00:00,1.2801011673151752,0.0336167315175097,0.1809727626459144,0.0,0.0,0.0,0.1115272373540856
2014-12-28 22:00:00,0.8593190661478599,0.0303774319066147,0.1179785992217898,0.0,0.0823424124513618,0.0,0.1107412451361867
2014-12-28 23:00:00,0.2553365570599613,0.0137214700193423,0.0113791102514506,0.0,0.0,0.0,0.0935493230174081
2014-12-29 00:00:00,0.1703069498069498,0.0473262548262548,0.0048687258687258,0.0,0.0,0.0,0.000527027027027
2014-12-29 01:00:00,0.1659691714836223,0.0,0.0048631984585741,0.0,0.0,0.0,0.0
2014-12-29 02:00:00,0.171360465116279,0.0648488372093023,0.0048934108527131,0.0,0.0,0.0,0.0
2014-12-29 03:00:00,0.1698394584139265,0.0037717601547388,0.0097485493230174,0.0,0.0,0.0,0.0
2014-12-29 04:00:00,0.16678916827853,0.0,0.0049187620889748,0.0,0.0,0.0,0.0
2014-12-29 05:00:00,0.1722335907335907,0.0562471042471042,0.0049189189189189,0.0,0.0,0.0,0.0
2014-12-29 06:00:00,0.1751566731141199,0.0013636363636363,0.0048762088974854,0.0,0.0,0.0,0.0
2014-12-29 07:00:00,0.4883682170542635,0.0440852713178294,0.0048643410852713,0.0,0.1895406976744185,0.0,0.0200542635658914
2014-12-29 08:00:00,1.1541666666666668,0.0161821705426356,0.0048565891472868,0.037563953488372,0.0753313953488372,0.0,0.0003662790697674
2014-12-29 09:00:00,0.3279766990291262,0.0497203883495145,0.0048194174757281,0.0,0.0,0.0,0.0
2014-12-29 10:00:00,0.2944263565891473,0.0119612403100775,0.004829457364341,0.0,0.0,0.0,0.0
2014-12-29 11:00:00,0.1683883495145631,0.0013300970873786,0.0048252427184466,0.0,0.0,0.0,0.0
2014-12-29 12:00:00,0.4760809248554913,0.0585626204238921,0.0048323699421965,0.0,0.1714200385356454,0.0,0.0
2014-12-29 13:00:00,0.3051177606177606,0.0,0.0048610038610038,0.0,0.0,0.0,0.0
2014-12-29 14:00:00,0.3496174757281553,0.0379805825242718,0.0048776699029126,0.0,0.0,0.0,0.0
2014-12-29 15:00:00,0.3830813953488372,0.0224883720930232,0.0048236434108527,0.0,0.027391472868217,0.0,0.0
2014-12-29 16:00:00,0.5565544747081712,0.000272373540856,0.0048035019455252,0.0,0.0870875486381322,0.0,0.0
2014-12-29 17:00:00,0.5787914230019493,0.0613528265107212,0.0047797270955165,0.0001013645224171,0.0651033138401559,0.0,0.0168888888888888
2014-12-29 18:00:00,0.1703025540275049,0.0,0.0047917485265225,0.0,0.0,0.0,0.0005992141453831
2014-12-29 19:00:00,0.1716188524590163,0.0281823770491803,0.0048135245901639,0.0,0.0,0.0,0.0
2014-12-29 20:00:00,0.1870910973084886,0.0314140786749482,0.0048219461697722,0.0,0.0,0.0,0.0
2014-12-29 21:00:00,0.1688343195266272,0.0,0.0048106508875739,0.0,0.0,0.0,0.0
2014-12-29 22:00:00,0.1737523992322457,0.0424030710172744,0.0048464491362763,0.0,0.0012284069097888,0.0,0.0
2014-12-29 23:00:00,0.1731624758220502,0.0206943907156673,0.0048839458413926,0.0,0.0,0.0,0.0
2014-12-30 00:00:00,0.1676899224806201,0.0,0.004875968992248,0.0,0.0,0.0,0.0
2014-12-30 01:00:00,0.1663980582524271,0.0,0.0048893203883495,0.0,0.0,0.0,0.0
2014-12-30 02:00:00,0.1710096899224806,0.0633488372093023,0.0048972868217054,0.0,0.0,0.0,0.0
2014-12-30 03:00:00,0.1698213592233009,0.0,0.0097708737864077,0.0,0.0,0.0,0.0
2014-12-30 04:00:00,0.1663740310077519,0.0,0.0049166666666666,0.0,0.0,0.0,0.0
2014-12-30 05:00:00,0.1659767441860465,0.0,0.0049108527131782,0.0,0.0,0.0,0.0
2014-12-30 06:00:00,0.3470854368932039,0.0653650485436893,0.0049242718446601,0.0,0.099831067961165,0.0,0.0254912621359223
2014-12-30 07:00:00,0.4303512974051896,0.0001197604790419,0.0048862275449101,0.0,0.1252095808383233,0.0,0.0372055888223552
2014-12-30 08:00:00,0.5666893203883495,0.0003203883495145,0.0150233009708737,0.0382330097087378,0.0398135922330097,0.0001242718446601,0.0004873786407766
2014-12-30 09:00:00,0.3084631782945736,0.0635329457364341,0.0522713178294573,0.0,0.0,0.0,0.0
2014-12-30 10:00:00,2.188704854368932,0.0,0.1767339805825243,0.0,0.0,0.0,0.0
2014-12-30 11:00:00,0.6285272373540857,0.0245778210116731,0.0822217898832684,1.945525291828794e-05,0.0838988326848249,0.0,0.0
2014-12-30 12:00:00,0.3381295938104449,0.039495164410058,0.0066363636363636,0.0,0.0,0.0,0.0
2014-12-30 13:00:00,0.1687258687258687,0.0,0.0048571428571428,0.0,0.0,0.0,0.0
2014-12-30 14:00:00,0.1845406976744186,0.055187984496124,0.004829457364341,0.0,0.0,0.0,0.0
2014-12-30 15:00:00,0.4170928433268859,0.006595744680851,0.0617601547388781,0.0,0.1095899419729207,0.0863675048355899,0.0
2014-12-30 16:00:00,0.9909649122807018,0.0,0.1675204678362573,0.0,0.0,0.1749142300194932,0.0
2014-12-30 17:00:00,1.6413084479371316,0.0755461689587426,0.183320235756385,0.0515874263261296,0.1137151277013752,0.1029980353634577,0.0
2014-12-30 18:00:00,0.308357314148681,3.117505995203837e-05,0.0232853717026378,0.0,0.0,0.0,0.0
2014-12-30 19:00:00,0.3584784688995215,0.0224354066985645,0.0047440191387559,0.0,0.0,0.0,0.1127583732057416
2014-12-30 20:00:00,0.3623895348837209,0.0463856589147286,0.1524302325581395,0.0,0.0,0.0,0.0055813953488372
2014-12-30 21:00:00,0.327992277992278,0.0001428571428571,0.1704845559845559,0.0,0.0,0.0,0.0
2014-12-30 22:00:00,0.4833992248062015,0.0605116279069767,0.0100736434108527,0.0006472868217054,0.1203430232558139,0.0,0.0704360465116279
2014-12-30 23:00:00,0.2187659574468085,0.001201160541586,0.004816247582205,0.0,0.0,0.001485493230174,0.0534274661508704
2014-12-31 00:00:00,0.1747509727626459,0.0,0.0048677042801556,0.0,0.0,0.0,0.0004143968871595
2014-12-31 01:00:00,0.1715521235521235,0.028011583011583,0.0048416988416988,0.0,0.0,0.0,0.0
2014-12-31 02:00:00,0.1706158301158301,0.0412953667953667,0.0048803088803088,0.0,0.0051891891891891,0.0,0.0
2014-12-31 03:00:00,0.1710269749518304,0.0,0.009776493256262,0.0,0.0,0.0025895953757225,0.0
2014-12-31 04:00:00,0.1677586872586872,0.0,0.0048822393822393,0.0,0.0,0.0,0.0
2014-12-31 05:00:00,0.1682471042471042,0.0074227799227799,0.0049015444015444,0.0,0.0,0.0,0.0
2014-12-31 06:00:00,0.3878875968992248,0.0610968992248062,0.0048837209302325,0.0,0.180984496124031,0.0,0.0
2014-12-31 07:00:00,0.1773822393822394,5.405405405405406e-05,0.0048861003861003,0.0,0.0,0.0,0.0
2014-12-31 08:00:00,0.3321052631578947,0.000261208576998,0.0048674463937621,0.0,0.1640038986354776,0.0,0.0
2014-12-31 09:00:00,0.3382718253968254,0.0727222222222222,0.0048253968253968,0.0,0.0920138888888888,0.0269742063492063,0.0
2014-12-31 10:00:00,0.295625730994152,0.0,0.004859649122807,0.0,0.0,0.0,0.0
2014-12-31 11:00:00,1.3161574074074074,0.0300208333333333,0.0816203703703703,0.0530208333333333,0.0,0.0,0.0
2014-12-31 12:00:00,2.444153696498055,0.0466342412451361,0.1645291828793774,0.0841887159533073,0.077249027237354,0.0,0.0
2014-12-31 13:00:00,1.061449806949807,0.0403011583011583,0.1572451737451737,0.0353455598455598,0.1254826254826254,0.0,0.0
2014-12-31 14:00:00,0.4997673076923076,0.0253615384615384,0.1436423076923077,5.76923076923077e-06,0.0860192307692307,0.0,0.0
2014-12-31 15:00:00,0.8919653846153847,0.0653846153846153,0.184075,0.0,0.0,0.0009846153846153,0.0
2014-12-31 16:00:00,1.052194605009634,0.0048843930635838,0.1687244701348747,0.0,0.1226589595375722,0.0,0.0
2014-12-31 17:00:00,0.5293096153846154,0.0633653846153846,0.1423442307692307,0.0,0.0,0.0,0.0
2014-12-31 18:00:00,0.2338618042226487,0.0,0.0227101727447216,0.0,0.0,0.0,0.0
2014-12-31 19:00:00,0.1665523255813953,0.0383275193798449,0.0065872093023255,0.0,0.0,0.0,0.0
2014-12-31 20:00:00,0.1629190751445086,0.0225491329479768,0.0071136801541425,0.0,0.0,0.0,0.0
2014-12-31 21:00:00,0.1723745173745174,0.0,0.0223204633204633,0.0,0.0,0.0,0.0
2014-12-31 22:00:00,0.1828023255813953,0.0642984496124031,0.0223275193798449,0.0,0.0,0.0,0.0
2014-12-31 23:00:00,0.1634023210831721,0.0,0.0105647969052224,0.0,0.0,0.0,0.0
2015-01-01 00:00:00,0.1677509652509652,0.0,0.0160598455598455,0.0,0.0,0.0,0.0
2015-01-01 01:00:00,0.1802301740812379,0.0544448742746615,0.0223442940038684,0.0,0.0,0.0,0.0
2015-01-01 02:00:00,0.1667625482625482,0.0107084942084942,0.0125482625482625,0.0,0.0,0.0,0.0
2015-01-01 03:00:00,0.1632818532818532,0.0,0.0098146718146718,0.0,0.0,0.0,0.0
2015-01-01 04:00:00,0.1606743295019157,0.0048256704980842,0.0048888888888888,0.0,0.0,0.0,0.0
2015-01-01 05:00:00,0.1672760617760617,0.0636216216216216,0.0048976833976833,0.0,0.0,0.0,0.0
2015-01-01 06:00:00,0.1703211538461538,0.0,0.004875,0.0,0.0,0.0,0.0
2015-01-01 07:00:00,0.1634779270633397,0.0,0.004831094049904,0.0,0.0,0.0,0.0
2015-01-01 08:00:00,0.169373795761079,0.0634759152215799,0.0048342967244701,0.0,0.0,0.0,0.0
2015-01-01 09:00:00,0.1603397683397683,0.0063069498069498,0.0048397683397683,0.0,0.0,0.0,0.0
2015-01-01 10:00:00,0.1613660886319846,0.0,0.0071522157996146,0.0,0.0,0.0,0.0
2015-01-01 11:00:00,0.1721714836223506,0.0,0.0224065510597302,0.0,0.0,0.0,0.0
2015-01-01 12:00:00,0.1858742746615087,0.0730754352030947,0.0222359767891682,0.0,0.0,0.0,0.0
2015-01-01 13:00:00,0.1723701550387597,0.0,0.022234496124031,0.0,0.0,0.0,0.0
2015-01-01 14:00:00,0.1815568400770713,0.0,0.0222042389210019,0.0,0.0,0.0,0.0
2015-01-01 15:00:00,0.5533625730994152,0.0488518518518518,0.1320253411306043,0.0,0.1533586744639376,0.0,0.0
2015-01-01 16:00:00,0.5215126213592233,0.0274951456310679,0.0469747572815534,0.0,0.0,0.0,0.0
2015-01-01 17:00:00,0.4228779069767442,0.0,0.0189961240310077,0.0,0.0,0.0,0.0
2015-01-01 18:00:00,0.5107106796116505,0.0536679611650485,0.1090427184466019,0.0,0.0,0.0292135922330097,0.0
2015-01-01 19:00:00,0.5158507751937984,0.0352093023255814,0.1663158914728682,0.0,0.0,0.0,0.0
2015-01-01 20:00:00,0.4538004032258064,0.0,0.1659052419354838,0.0,0.0,0.0,0.0
2015-01-01 21:00:00,0.4694047151277014,0.073524557956778,0.1679783889980353,0.0,0.0,0.0,0.0
2015-01-01 22:00:00,0.3638203592814371,0.0,0.1756646706586826,0.0,0.0,0.0,0.0
2015-01-01 23:00:00,0.3177007722007722,0.0020907335907335,0.1821756756756756,0.0,0.0,0.0,0.0
2015-01-02 00:00:00,0.2476319845857418,0.068402697495183,0.0766300578034682,0.0,0.0,0.0,0.0
2015-01-02 01:00:00,0.1636660268714011,0.0,0.0050537428023032,0.0,0.0,0.0,0.0
2015-01-02 02:00:00,0.1606076923076923,0.0009134615384615,0.0048423076923076,0.0,0.0,0.0,0.0
2015-01-02 03:00:00,0.1691566731141199,0.0690290135396518,0.009733075435203,0.0,0.0,0.0,0.0
2015-01-02 04:00:00,0.1586196911196911,0.0,0.0048687258687258,0.0,0.0,0.0,0.0
2015-01-02 05:00:00,0.158069498069498,0.0,0.0048185328185328,0.0,0.0,0.0,0.0
2015-01-02 06:00:00,0.2136763005780346,0.0682870905587668,0.0048227360308285,0.0,0.0,0.0,0.0
2015-01-02 07:00:00,0.3282166344294004,0.004769825918762,0.0048085106382978,0.0,0.1517969052224371,0.0,0.0
2015-01-02 08:00:00,0.9962162162162164,0.0001196911196911,0.0047683397683397,0.0,0.0587567567567567,0.0,0.0
2015-01-02 09:00:00,0.4784575289575289,0.0792625482625482,0.0047992277992278,0.0,0.0,0.0,0.0
2015-01-02 10:00:00,0.3236391554702495,0.000172744721689,0.0179213051823416,0.0,0.1275047984644913,0.0430422264875239,0.0
2015-01-02 11:00:00,0.317458413926499,0.022411992263056,0.0190464216634429,0.0,0.1438588007736944,0.0,0.0
2015-01-02 12:00:00,0.3192528957528958,0.0654787644787644,0.0167586872586872,0.0,0.1302123552123552,0.0,0.0
2015-01-02 13:00:00,0.712484555984556,0.0,0.0047779922779922,0.0,0.0,0.0,0.0
2015-01-02 14:00:00,0.664179190751445,0.0419807321772639,0.0048362235067437,0.0,0.0,0.0,0.0
2015-01-02 15:00:00,0.2228471953578336,0.0339729206963249,0.0649303675048355,0.0,0.0,0.0,0.0
2015-01-02 16:00:00,0.2005667311411992,0.0,0.0470851063829787,0.0,0.0,0.0,0.0
2015-01-02 17:00:00,0.4047814313346228,0.0584506769825918,0.0047408123791102,0.0,0.0,0.0,0.0043733075435203
2015-01-02 18:00:00,0.2013320463320463,0.0162953667953667,0.0047876447876447,0.0,0.0,0.0,0.0005559845559845
2015-01-02 19:00:00,0.1730802348336595,0.0,0.0048003913894324,0.0,0.0,0.0,0.0
2015-01-02 20:00:00,0.3760492125984251,0.0732322834645669,0.0047401574803149,0.0,0.0,0.0,0.0
2015-01-02 21:00:00,0.323560546875,0.0076328125,0.07974609375,0.0,0.0,0.0,0.0
2015-01-02 22:00:00,0.2379554263565891,0.0037790697674418,0.0608158914728682,0.0,0.0,0.0,0.0
2015-01-02 23:00:00,0.1737195357833655,0.0658626692456479,0.0051141199226305,0.0,0.0,0.0,0.0
2015-01-03 00:00:00,0.1674894026974951,0.0,0.0048188824662813,0.0,0.0,0.0,0.0
2015-01-03 01:00:00,0.1670230769230769,0.0,0.0048211538461538,0.0,0.0,0.0,0.0
2015-01-03 02:00:00,0.1728510638297872,0.0697852998065764,0.0048626692456479,0.0,0.0,0.0,0.0
2015-01-03 03:00:00,0.1707972972972972,0.0,0.0097220077220077,0.0,0.0,0.0,0.0
2015-01-03 04:00:00,0.1680404624277456,0.0,0.0049036608863198,0.0,0.0,0.0,0.0
2015-01-03 05:00:00,0.1697076923076923,0.0197846153846153,0.0048923076923076,0.0,0.0,0.0,0.0
2015-01-03 06:00:00,0.1947098646034816,0.0514235976789168,0.0048181818181818,0.0,0.0,0.0,0.0
2015-01-03 07:00:00,0.3765538461538462,5.192307692307693e-05,0.004826923076923,0.0,0.1362942307692307,0.0,0.0116134615384615
2015-01-03 08:00:00,0.3359961538461538,0.0080596153846153,0.004825,0.0494788461538461,0.0,0.0,0.0583961538461538
2015-01-03 09:00:00,0.2073942307692307,0.0590980769230769,0.0117134615384615,0.0,0.0,0.0,0.0206423076923076
2015-01-03 10:00:00,0.2237162426614481,0.0,0.0306125244618395,0.0,0.0,0.0,0.0
2015-01-03 11:00:00,0.20616015625,0.0,0.00484375,0.0,0.0,0.0,0.0
2015-01-03 12:00:00,0.2130292397660818,0.0394658869395711,0.0048654970760233,0.0251910331384015,0.0,0.0,0.0
2015-01-03 13:00:00,0.1796186770428015,0.0301984435797665,0.0048443579766536,0.0,0.0,0.0,0.0
2015-01-03 14:00:00,0.1811272015655577,0.0002270058708414,0.0048649706457925,0.0,0.0,0.0,0.0
2015-01-03 15:00:00,0.2207728155339805,0.0059067961165048,0.0048563106796116,0.0,0.0,0.0,0.0
2015-01-03 16:00:00,0.3028372549019608,0.0698725490196078,0.0048254901960784,0.0,0.0,0.0,0.0
2015-01-03 17:00:00,0.2976764132553606,0.0004152046783625,0.0048089668615984,0.0,0.0,0.0,0.0457894736842105
2015-01-03 18:00:00,0.5629922480620155,0.0392829457364341,0.0654825581395349,0.0,0.1832829457364341,0.0,0.0574593023255814
2015-01-03 19:00:00,0.4560309523809523,0.0281238095238095,0.1549190476190476,0.0,0.0,0.0,0.0007380952380952
2015-01-03 20:00:00,0.5432188099808061,0.0246775431861804,0.1671151631477927,0.0,0.0854664107485604,0.0,0.0166583493282149
2015-01-03 21:00:00,0.4041744186046512,0.0333410852713178,0.1500465116279069,0.0,0.0,0.0,0.0004282945736434
2015-01-03 22:00:00,0.5096917148362236,0.0313468208092485,0.1126473988439306,0.0,0.1044431599229287,0.0,0.0
2015-01-03 23:00:00,0.2244412331406551,0.02378612716763,0.005,0.0,0.0,0.0078921001926782,0.0
2015-01-04 00:00:00,0.1667109826589595,0.0,0.0048574181117533,0.0,0.0,3.082851637764932e-05,0.0
2015-01-04 01:00:00,0.1706254826254826,0.0554150579150579,0.0048706563706563,0.0,0.0,7.722007722007722e-06,0.0
2015-01-04 02:00:00,0.1662702702702702,0.0,0.0048996138996139,0.0,0.0,0.0,0.0
2015-01-04 03:00:00,0.1700751445086705,0.0035298651252408,0.0097899807321772,0.0,0.0,0.0,0.0
2015-01-04 04:00:00,0.1704277456647399,0.0539845857418111,0.0049055876685934,0.0,0.0,0.0,0.0
2015-01-04 05:00:00,0.1661057692307692,0.0,0.0048826923076923,0.0,0.0,0.0,0.0
2015-01-04 06:00:00,0.427007722007722,8.301158301158302e-05,0.0666428571428571,0.0,0.1419633204633204,0.0,0.0
2015-01-04 07:00:00,0.4928912213740458,0.0606068702290076,0.1709389312977099,0.0,0.1018053435114503,0.0001374045801526,0.0
2015-01-04 08:00:00,1.116754826254826,8.687258687258688e-05,0.0064208494208494,0.0378416988416988,0.0,0.0,0.0
2015-01-04 09:00:00,0.9341631067961164,0.0179300970873786,0.0098932038834951,5.2427184466019416e-05,0.0,1.941747572815534e-06,0.0
2015-01-04 10:00:00,0.26204816955684,0.0432119460500963,0.0048188824662813,0.0,0.0,0.0,0.0
2015-01-04 11:00:00,0.1730173076923077,0.0,0.0048096153846153,0.0,0.0,0.0,0.0
2015-01-04 12:00:00,0.1876763005780346,0.0502312138728323,0.0048420038535645,0.0,0.0,0.0,0.0
2015-01-04 13:00:00,0.3309788461538461,0.0116634615384615,0.0048596153846153,0.0250403846153846,0.1179076923076923,0.0,0.0
2015-01-04 14:00:00,0.2231418439716312,0.0102955082742316,0.014224586288416,0.0,0.0,0.0,0.0
2015-01-04 15:00:00,0.8885595238095239,0.0422738095238095,0.0190761904761904,0.0001809523809523,0.0,0.0,0.0
2015-01-04 16:00:00,2.197198058252427,0.0001883495145631,0.0568543689320388,0.0,0.1309184466019417,1.941747572815534e-05,0.0
2015-01-04 17:00:00,2.1485291828793773,0.0648715953307393,0.1884319066147859,0.0,0.0,0.0,0.0191439688715953
2015-01-04 18:00:00,0.93174609375,0.000705078125,0.17508203125,0.0,0.0,0.0,0.000587890625
2015-01-04 19:00:00,0.9193261296660118,0.0606247544204322,0.1711335952848723,0.0,0.0,0.0,0.0
2015-01-04 20:00:00,1.0735988372093022,0.0003158914728682,0.1513856589147287,0.0,0.1032441860465116,0.0,0.0
2015-01-04 21:00:00,0.411187134502924,0.0591637426900584,0.151214424951267,0.0,0.0,0.0,0.0
2015-01-04 22:00:00,0.3368452611218568,0.0,0.1718549323017408,0.0,0.0,0.0,0.0
2015-01-04 23:00:00,0.1800715667311412,0.0387736943907156,0.0076015473887814,0.0,0.0,0.0,0.0
2015-01-05 00:00:00,0.1701605415860735,0.0199497098646034,0.0048626692456479,0.0,0.0,0.0,0.0
2015-01-05 01:00:00,0.1677277992277992,0.0,0.0048996138996139,0.0,0.0,0.0,0.0
2015-01-05 02:00:00,0.1727471264367816,0.0528218390804597,0.0048965517241379,0.0,0.0,0.0,0.0
2015-01-05 03:00:00,0.1718281853281853,0.0080096525096525,0.0099092664092664,0.0,0.0,0.0,0.0
2015-01-05 04:00:00,0.167880077369439,0.0,0.0049148936170212,0.0,0.0,0.0,0.0
2015-01-05 05:00:00,0.1716846153846154,0.0337192307692307,0.0048673076923076,0.0,0.0,0.0,0.0
2015-01-05 06:00:00,0.2207239382239382,0.0279324324324324,0.0048629343629343,0.0,0.0,0.0,0.0
2015-01-05 07:00:00,0.8442420814479638,0.0003733031674208,0.0047963800904977,0.0499321266968325,0.1746674208144796,0.0,0.0
2015-01-05 08:00:00,1.829222222222222,0.0562222222222222,0.004837037037037,0.0,0.0,0.0,0.0
2015-01-05 09:00:00,0.6137367387033399,0.0,0.1162652259332023,0.0,0.0,0.0,0.0
2015-01-05 10:00:00,0.961765503875969,0.0276085271317829,0.094610465116279,0.0,0.1535833333333333,0.0,0.0
2015-01-05 11:00:00,1.5430135396518376,0.0313056092843326,0.00505415860735,0.0,0.0,0.0,0.0
2015-01-05 12:00:00,0.5548901869158879,0.0071331775700934,0.04303738317757,0.015553738317757,0.1793364485981308,0.0,0.0
2015-01-05 13:00:00,0.4157644787644788,0.05307722007722,0.0889247104247104,0.0,0.0,0.0,0.0
2015-01-05 14:00:00,0.1625634615384615,0.0,0.0050115384615384,0.0,0.0,0.0,0.0
2015-01-05 15:00:00,0.2123134615384615,0.031601923076923,0.018851923076923,0.0,0.0,0.0,0.0
2015-01-05 16:00:00,1.5915166297117516,0.0544833702882483,0.0624767184035476,0.0,0.1064368070953436,0.0,0.0
2015-01-05 17:00:00,0.7426203319502075,0.0304315352697095,0.0047842323651452,0.0,0.0983589211618257,0.0,0.0
2015-01-05 18:00:00,0.3613961538461538,0.0265557692307692,0.0123480769230769,0.0,0.0,0.0,0.0
2015-01-05 19:00:00,0.4455791505791505,0.0312355212355212,0.1886158301158301,0.0,0.0,0.0,0.0
2015-01-05 20:00:00,0.5048394584139265,0.0268781431334622,0.1875705996131528,0.0,0.1058510638297872,0.0,0.0
2015-01-05 21:00:00,0.3699235294117647,0.0332058823529411,0.1871490196078431,0.0,0.0,0.0,0.0
2015-01-05 22:00:00,0.5162572533849129,0.0246402321083172,0.0758452611218568,0.0,0.1042572533849129,0.0,0.0929555125725338
2015-01-05 23:00:00,0.1791489361702127,0.012531914893617,0.0050425531914893,0.0,0.0,0.0,0.0052707930367504
2015-01-06 00:00:00,0.1728843930635838,0.044421965317919,0.0048554913294797,0.0,0.0,0.0,0.0
2015-01-06 01:00:00,0.1646467181467181,0.0,0.0048532818532818,0.0,0.0,0.0,0.0
2015-01-06 02:00:00,0.1678725868725868,0.0548416988416988,0.0048494208494208,0.0,0.0,0.0,0.0
2015-01-06 03:00:00,0.16351051625239,0.0028107074569789,0.0097705544933078,0.0,0.0,0.0,0.0
2015-01-06 04:00:00,0.1592768031189083,0.0,0.0048284600389863,0.0,0.0,0.0,0.0
2015-01-06 05:00:00,0.1673121387283237,0.0605183044315992,0.0048265895953757,0.0,0.0,0.0,0.0
2015-01-06 06:00:00,0.1623918918918919,0.0,0.0048262548262548,0.0,0.0,0.0,0.0
2015-01-06 07:00:00,0.5050957854406131,0.0169425287356321,0.0048371647509578,0.0,0.1508026819923371,0.0,0.0
2015-01-06 08:00:00,1.6714324324324326,0.0485675675675675,0.0497490347490347,0.0001312741312741,0.0,0.0374111969111969,0.0
2015-01-06 09:00:00,0.7107842003853565,0.0,0.0050809248554913,0.0,0.0,0.0,0.0
2015-01-06 10:00:00,0.1688918918918919,0.0385328185328185,0.0048803088803088,0.0,0.0,0.0,0.0
2015-01-06 11:00:00,0.1635298651252408,0.022543352601156,0.0048323699421965,0.0,0.0,0.0,0.0
2015-01-06 12:00:00,0.1621326923076923,0.0,0.0048230769230769,0.0,1.5384615384615384e-05,0.0,0.0
2015-01-06 13:00:00,0.7572282352941176,0.0505741176470588,0.0744635294117647,0.0271647058823529,0.0,0.0048941176470588,0.0
2015-01-06 14:00:00,0.3111941747572815,0.0203650485436893,0.1731825242718446,0.0067728155339805,0.0,0.0,0.0
2015-01-06 15:00:00,0.3135562015503876,0.0,0.1870445736434108,0.0,0.0,0.0,0.0
2015-01-06 16:00:00,0.1920656370656371,0.0464266409266409,0.0147162162162162,0.0,0.0,0.0,0.0
2015-01-06 17:00:00,0.3481252446183953,0.0203209393346379,0.0047945205479452,0.0,0.1069628180039139,0.0,0.0293131115459882
2015-01-06 18:00:00,1.2913464566929134,0.0126122047244094,0.0046889763779527,0.0071692913385826,0.0,0.0,0.0939763779527559
2015-01-06 19:00:00,0.7648636363636364,0.0626166007905138,0.0047747035573122,0.1992549407114624,0.0,0.0,0.0005276679841897
2015-01-06 20:00:00,0.9057351778656126,0.0001185770750988,0.0048181818181818,0.0,0.1039347826086956,0.0,0.0
2015-01-06 21:00:00,0.950972602739726,0.0637045009784735,0.0047945205479452,0.0,0.0879197651663405,0.0,0.0079706457925636
2015-01-06 22:00:00,0.3445708418891171,0.0,0.004788501026694,0.0,0.0,0.0,0.1138151950718685
2015-01-06 23:00:00,0.1803346228239845,0.0099206963249516,0.004816247582205,0.0,0.0,0.0,0.0226266924564796
2015-01-07 00:00:00,0.1665116279069767,0.0527945736434108,0.0048197674418604,0.0,0.0,0.0,0.0
2015-01-07 01:00:00,0.1597524177949709,0.0,0.0048684719535783,0.0,0.0,0.0,0.0
2015-01-07 02:00:00,0.159825918762089,0.0,0.004880077369439,0.0,0.0,0.0,0.0
2015-01-07 03:00:00,0.1724332688588007,0.0666441005802707,0.0097678916827853,0.0,0.0,0.0,0.0
2015-01-07 04:00:00,0.1594076923076923,0.0,0.0048480769230769,0.0,0.0,0.0,0.0
2015-01-07 05:00:00,0.1594354527938342,0.0,0.0048940269749518,0.0,0.0,0.0,0.0
2015-01-07 06:00:00,0.3393230174081238,0.0368123791102514,0.0048239845261121,0.0,0.1545241779497098,0.0,0.0
2015-01-07 07:00:00,0.6236042471042471,0.0300135135135135,0.0048590733590733,0.0,0.2962084942084942,0.0177779922779922,0.0
2015-01-07 08:00:00,0.981852427184466,0.0005650485436893,0.0334213592233009,0.0,0.0,0.0,0.0
2015-01-07 09:00:00,0.2638039215686275,0.0660435729847494,0.0322592592592592,0.0,0.0,0.0,0.0
2015-01-07 10:00:00,0.1613673469387755,0.0,0.004812925170068,0.0,0.0,0.0008979591836734,0.0
2015-01-07 11:00:00,0.2273430232558139,0.0,0.0838817829457364,0.0,0.0,0.0,0.0
2015-01-07 12:00:00,0.459009708737864,0.0739980582524271,0.1179456310679611,0.0104427184466019,0.1201980582524271,0.0,0.0
2015-01-07 13:00:00,0.4488665377176015,0.0005454545454545,0.1574622823984526,0.0999323017408123,0.0,0.0,0.0
2015-01-07 14:00:00,0.167875,0.0493634615384615,0.0050403846153846,0.0,0.0,0.0,0.0
2015-01-07 15:00:00,0.1624594594594594,0.0123899613899613,0.0048281853281853,0.0,3.861003861003861e-06,0.0,0.0
2015-01-07 16:00:00,0.3316271186440678,0.0,0.0048135593220338,0.0,0.0938411016949152,0.0,0.0
2015-01-07 17:00:00,0.4560940170940171,0.0728696581196581,0.004767094017094,0.0,0.1415299145299145,0.0,0.0
2015-01-07 18:00:00,0.5911332046332046,0.0004478764478764,0.0777490347490347,0.0759652509652509,0.0,0.0,0.0178610038610038
2015-01-07 19:00:00,0.7759292730844795,0.0558113948919449,0.1677878192534381,0.0,0.0,0.0,0.0005461689587426
2015-01-07 20:00:00,0.4442492401215805,0.0189422492401215,0.0439817629179331,7.598784194528875e-05,0.0,0.0,0.0
2015-01-07 21:00:00,0.4701201550387596,0.0468042635658914,0.0222286821705426,3.875968992248062e-06,0.1003953488372093,0.0,0.0805930232558139
2015-01-07 22:00:00,0.2541867704280156,0.0167704280155642,0.0050077821011673,0.0,0.0,0.0,0.0751381322957198
2015-01-07 23:00:00,0.1767533980582524,0.0083106796116504,0.0048019417475728,0.0,9.320388349514564e-05,0.0,0.0004699029126213
2015-01-08 00:00:00,0.1677911025145067,0.054458413926499,0.0048220502901353,0.0,0.0,0.0,0.0
2015-01-08 01:00:00,0.1595598455598455,0.0,0.0048378378378378,0.0,0.0009884169884169,0.0,0.0
2015-01-08 02:00:00,0.1662466019417475,0.044409708737864,0.0051669902912621,0.0,0.0,0.0,0.0
2015-01-08 03:00:00,0.165031067961165,0.0171203883495145,0.0093611650485436,0.0,0.0020815533980582,0.0,0.0
2015-01-08 04:00:00,0.1593643410852713,0.0,0.0048236434108527,0.0,0.0,0.0,0.0
2015-01-08 05:00:00,0.1680134099616858,0.059287356321839,0.0048007662835249,0.0,0.0,0.0,4.597701149425287e-05
2015-01-08 06:00:00,0.5935173076923077,0.0017788461538461,0.004776923076923,0.0,0.3129538461538461,0.0,0.0
2015-01-08 07:00:00,0.4719672447013487,0.025674373795761,0.0047880539499036,0.009300578034682,0.1337726396917148,0.0,0.0
2015-01-08 08:00:00,0.8474459459459459,0.039519305019305,0.0048050193050193,0.0305444015444015,0.0,0.0392393822393822,0.0
2015-01-08 09:00:00,0.6589691714836224,0.0,0.0048304431599229,0.0,0.0,0.0,0.0
2015-01-08 10:00:00,0.1691389961389961,0.0511583011583011,0.0048610038610038,0.0,0.0,0.0,0.0
2015-01-08 11:00:00,0.6149903474903475,0.009519305019305,0.0288745173745173,0.0001158301158301,7.722007722007722e-06,0.0,0.0
2015-01-08 12:00:00,0.2935454545454545,0.015485493230174,0.1456170212765957,0.0,0.0,0.0,0.0
2015-01-08 13:00:00,0.6194166666666666,0.0481046511627906,0.1439476744186046,0.0,0.0,0.0,0.0
2015-01-08 14:00:00,0.28785,0.0,0.1713730769230769,0.0,0.0,0.0,0.0
2015-01-08 15:00:00,0.3279287090558767,0.0412543352601156,0.0606339113680154,0.0,0.0,0.0,0.0
2015-01-08 16:00:00,0.2488803088803088,0.0228745173745173,0.005034749034749,0.0,0.0,0.0,0.0
2015-01-08 17:00:00,0.5361120943952802,0.0040825958702064,0.0047728613569321,0.0,0.0637433628318584,0.0,0.0831415929203539
2015-01-08 18:00:00,1.5287930367504834,0.0696615087040619,0.0047137330754352,0.0,0.1201334622823984,0.0,0.0571566731141199
2015-01-08 19:00:00,1.038191616766467,0.0009780439121756,0.0047724550898203,0.0,0.0,0.0,0.1091736526946107
2015-01-08 20:00:00,0.9049119496855348,0.0610482180293501,0.004733752620545,0.0,0.0228553459119496,0.0,0.1108113207547169
2015-01-08 21:00:00,0.6327364341085271,0.02375,0.0047693798449612,0.0,0.0995775193798449,0.0,0.1089108527131783
2015-01-08 22:00:00,0.2646137667304015,0.0357151051625239,0.0048221797323135,0.0,0.0,0.0,0.0765506692160611
2015-01-08 23:00:00,0.1630423076923077,0.0111903846153846,0.004826923076923,0.0,0.0,0.0,0.0003442307692307
2015-01-09 00:00:00,0.167574144486692,0.0491235741444866,0.004838403041825,0.0,3.8022813688212926e-06,0.0,0.0003650190114068
2015-01-09 01:00:00,0.1606100386100386,0.0,0.0048552123552123,0.0,0.0,0.0,0.0
2015-01-09 02:00:00,0.1685384615384615,0.0583923076923076,0.0051423076923076,0.0,0.0,0.0,0.0
2015-01-09 03:00:00,0.1652335907335907,0.00207722007722,0.0094922779922779,0.0,0.0,0.0,0.0
2015-01-09 04:00:00,0.1614065510597302,0.0,0.0048554913294797,0.0,0.0,0.0,0.0
2015-01-09 05:00:00,0.1686449136276391,0.0596180422264875,0.0048234165067178,0.0,1.5355086372360844e-05,0.0,0.0033320537428023
2015-01-09 06:00:00,0.3858359073359073,0.0,0.0048050193050193,0.0,0.1289671814671814,0.0,0.0208436293436293
2015-01-09 07:00:00,0.5925722543352602,0.0428709055876685,0.0048015414258188,0.0,0.2114238921001927,0.0,0.0064874759152215
2015-01-09 08:00:00,0.3512007722007721,0.0169343629343629,0.0048474903474903,0.0,0.0,0.0,0.0
2015-01-09 09:00:00,0.1604470134874759,0.0001156069364161,0.0048901734104046,0.0,0.0,0.0,0.0
2015-01-09 10:00:00,0.1667384615384615,0.0608923076923076,0.0048634615384615,0.0,0.0,0.0,0.0
2015-01-09 11:00:00,0.1604990403071017,0.0,0.0048675623800383,0.0,0.0039424184261036,0.0,0.0
2015-01-09 12:00:00,0.3175268199233717,0.0200363984674329,0.0554176245210727,0.0,0.1040210727969348,0.0,0.0
2015-01-09 13:00:00,0.2485980769230769,0.0399326923076923,0.0886,0.0,0.0,0.0,0.0
2015-01-09 14:00:00,0.2616497064579256,0.0,0.1393816046966731,0.0,2.348336594911937e-05,0.0,0.0
2015-01-09 15:00:00,0.5223508353221957,0.04454415274463,0.1849331742243436,0.0,0.156689737470167,0.0,0.0
2015-01-09 16:00:00,0.3573100775193798,0.0207655038759689,0.1812810077519379,0.0,6.201550387596899e-05,0.0,0.0
2015-01-09 17:00:00,1.4197286821705426,0.0558430232558139,0.0427073643410852,0.0,0.1363255813953488,0.0,0.0
2015-01-09 18:00:00,0.6965776031434185,0.0182455795677799,0.0910235756385068,0.0,0.0,0.0,0.05275442043222
2015-01-09 19:00:00,0.8176513944223107,0.063207171314741,0.1673545816733067,0.0,0.0772928286852589,0.0,0.0007290836653386
2015-01-09 20:00:00,0.9060687622789784,0.0052357563850687,0.1672200392927308,0.0,0.0275363457760314,0.0,0.0
2015-01-09 21:00:00,0.3927762376237623,0.0576851485148514,0.1787881188118812,0.0,0.0,0.0,0.0
2015-01-09 22:00:00,0.2918648648648648,0.0039806949806949,0.1471814671814671,0.0,0.0,0.0,0.0
2015-01-09 23:00:00,0.1667972972972972,0.0421100386100386,0.0049826254826254,0.0,0.0,0.0,0.0
2015-01-10 00:00:00,0.162054054054054,0.0167393822393822,0.0047992277992278,0.0,1.1583011583011582e-05,0.0,0.0
2015-01-10 01:00:00,0.1630172413793103,0.0067931034482758,0.0047835249042145,0.0,4.980842911877394e-05,0.0,0.0
2015-01-10 02:00:00,0.1669923224568138,0.0548752399232245,0.0050690978886756,0.0,0.0,0.0,0.0
2015-01-10 03:00:00,0.1646973180076628,0.0,0.0094674329501915,0.0,0.0,0.0,0.0
2015-01-10 04:00:00,0.1668253358925144,0.0460345489443378,0.0048387715930902,0.0,3.2629558541266795e-05,0.0,0.0
2015-01-10 05:00:00,0.1614455066921606,0.0163422562141491,0.0048240917782026,0.0,0.0,0.0,0.0
2015-01-10 06:00:00,0.3706130268199233,8.42911877394636e-05,0.0306628352490421,0.0,0.1464750957854406,0.0,0.0
2015-01-10 07:00:00,1.4952664092664092,0.0641891891891892,0.1079324324324324,0.0,0.0718359073359073,0.0341891891891891,0.0
2015-01-10 08:00:00,0.4621098265895954,0.0156878612716763,0.054674373795761,0.0,0.0,0.0145838150289017,0.0299730250481695
2015-01-10 09:00:00,0.3149013539651837,0.0668588007736943,0.0103926499032882,0.0,0.1210599613152804,0.0,0.0004874274661508
2015-01-10 10:00:00,0.1599596928982725,0.0,0.0047447216890595,0.0,0.0,0.0,0.0
2015-01-10 11:00:00,0.1675028901734104,0.0648285163776493,0.004805394990366,0.0,0.0,0.0,0.0
2015-01-10 12:00:00,0.2163730769230769,0.0001730769230769,0.0759788461538461,0.0,0.0,0.0,0.0
2015-01-10 13:00:00,0.307990328820116,0.0600290135396518,0.1619864603481624,0.0,0.0,0.0,0.0
2015-01-10 14:00:00,0.2867302504816956,0.0027919075144508,0.0171714836223506,0.0597341040462427,0.0,0.0,0.0
2015-01-10 15:00:00,0.3457283236994219,0.0371888246628131,0.0048188824662813,0.0,0.1209441233140655,0.0,0.0
2015-01-10 16:00:00,0.2020446601941747,0.0241514563106796,0.0047883495145631,0.0,0.0,0.0,0.0
2015-01-10 17:00:00,0.181304854368932,0.0,0.0047514563106796,0.0,0.0,0.0,0.0
2015-01-10 18:00:00,0.213275390625,0.06453515625,0.00474609375,0.0,0.0,0.0,0.0
2015-01-10 19:00:00,0.3810882352941176,0.0001411764705882,0.0964921568627451,0.0,0.0,0.0,0.0
2015-01-10 20:00:00,0.4497274509803922,0.0654294117647058,0.1642450980392157,0.0,0.0240941176470588,0.0,0.0
2015-01-10 21:00:00,0.3586521739130435,0.0007747035573122,0.1746442687747035,0.0,0.0,0.0,0.0
2015-01-10 22:00:00,0.2554566473988439,0.0327225433526011,0.110888246628131,0.0,0.0002466281310211,0.0,0.0
2015-01-10 23:00:00,0.1765830115830116,0.031061776061776,0.0228320463320463,0.0,0.0,0.0,0.0
2015-01-11 00:00:00,0.1736628352490421,0.0,0.0228927203065134,0.0,0.0,0.0,0.0
2015-01-11 01:00:00,0.1684662813102119,0.0522947976878612,0.0076666666666666,0.0,0.0,0.0,0.0
2015-01-11 02:00:00,0.1606949806949807,0.0092277992277992,0.0049845559845559,0.0,0.0,0.0,0.0
2015-01-11 03:00:00,0.1638535645472061,0.0,0.0095741811175337,0.0,0.0,0.0,0.0
2015-01-11 04:00:00,0.1657225433526011,0.0388073217726396,0.0048477842003853,0.0,0.0,0.0,0.0
2015-01-11 05:00:00,0.1617630057803468,0.0251233140655105,0.0048747591522158,0.0,0.0,0.0,0.0
2015-01-11 06:00:00,0.3117504873294346,0.0001169590643274,0.0048460038986354,0.0,0.1271578947368421,0.0,0.0
2015-01-11 07:00:00,0.4352312138728323,0.0136589595375722,0.0048670520231213,0.0,0.1560346820809248,0.0,0.0721175337186897
2015-01-11 08:00:00,0.44675,0.0570465116279069,0.0048100775193798,0.0,0.0900213178294573,0.0,0.0004825581395348
2015-01-11 09:00:00,0.1873972868217054,8.139534883720931e-05,0.0048236434108527,0.0,0.0,0.0,0.0016375968992248
2015-01-11 10:00:00,0.1798143133462282,0.0303810444874274,0.0048220502901353,0.0,0.0,0.0,0.0005087040618955
2015-01-11 11:00:00,1.5179961089494165,0.033352140077821,0.0438346303501945,0.0529299610894941,0.1733988326848249,0.0,0.0
2015-01-11 12:00:00,0.3275725338491295,0.0,0.0379806576402321,0.0,0.0,0.0,0.0
2015-01-11 13:00:00,1.0086435452793834,0.0601368015414258,0.0223217726396917,0.0,0.1384065510597302,0.0,0.0
2015-01-11 14:00:00,0.2626284046692607,0.0033677042801556,0.0222295719844357,0.0,0.0,0.0,0.0
2015-01-11 15:00:00,1.3018912621359222,0.0001864077669902,0.0471145631067961,0.0,0.1542660194174757,0.0,0.0
2015-01-11 16:00:00,3.164486328125,0.07008984375,0.181,0.18077734375,0.0,0.0,0.0
2015-01-11 17:00:00,1.7497607003891051,0.0089533073929961,0.0838677042801556,0.0922373540856031,0.0,0.0,0.0
2015-01-11 18:00:00,0.964836291913215,0.0531183431952662,0.0885009861932938,9.467455621301776e-05,0.0,0.0,0.0
2015-01-11 19:00:00,0.937084812623274,0.0134832347140039,0.1852406311637081,0.0,0.0,0.0,0.0
2015-01-11 20:00:00,0.5753193612774451,0.0247944111776447,0.1862135728542914,0.0,0.0,0.0,0.0
2015-01-11 21:00:00,0.402131212723658,0.0394512922465208,0.0779383697813121,0.0,0.0,0.0,0.1077196819085487
2015-01-11 22:00:00,0.1910944123314065,0.0,0.0049903660886319,0.0,0.0,0.0,0.0301965317919075
2015-01-11 23:00:00,0.1755562015503876,0.0632461240310077,0.0047906976744186,0.0,0.0,0.0,0.0005523255813953
2015-01-12 00:00:00,0.1630791505791506,0.0,0.0048185328185328,0.0,0.0,0.0,0.0
2015-01-12 01:00:00,0.1619865125240847,0.0,0.0048670520231213,0.0,0.0,0.0,0.0
2015-01-12 02:00:00,0.1697220077220077,0.0620173745173745,0.0049613899613899,0.0,0.0,0.0,0.0
2015-01-12 03:00:00,0.165610465116279,0.0,0.0096550387596899,0.0,0.0,0.0,0.0
2015-01-12 04:00:00,0.161868978805395,0.0,0.004878612716763,0.0,0.0,0.0,0.0
2015-01-12 05:00:00,0.1697586872586872,0.0638243243243243,0.0048243243243243,0.0,0.0,0.0,0.0
2015-01-12 06:00:00,0.3271965317919075,0.0002485549132947,0.0048323699421965,0.0,0.1651560693641618,0.0,0.0
2015-01-12 07:00:00,0.4926666666666667,0.0197810077519379,0.0047984496124031,0.0,0.0751996124031007,0.0,0.0112306201550387
2015-01-12 08:00:00,1.084729411764706,0.0497196078431372,0.0048156862745098,0.0382470588235294,0.0,0.0202686274509803,0.0
2015-01-12 09:00:00,0.9815828460038988,0.0002553606237816,0.0048362573099415,4.093567251461988e-05,0.1527368421052631,0.0,0.0122631578947368
2015-01-12 10:00:00,0.1832664092664092,0.0468880308880308,0.0048127413127413,0.0,0.0,0.0,0.0003146718146718
2015-01-12 11:00:00,0.1618843930635838,0.0142562620423892,0.0048400770712909,0.0,0.0,0.0016184971098265,0.0
2015-01-12 12:00:00,0.2547234042553191,0.000174081237911,0.0048626692456479,0.0,0.0936479690522243,0.0,0.0
2015-01-12 13:00:00,0.317988349514563,0.0667864077669903,0.0048349514563106,0.0,0.0168446601941747,0.0,0.0236504854368932
2015-01-12 14:00:00,0.1598239845261121,0.0,0.0048123791102514,0.0,0.0,0.0,0.0004255319148936
2015-01-12 15:00:00,0.1801428571428571,0.0001602316602316,0.0048378378378378,0.0,0.0,0.0,0.0
2015-01-12 16:00:00,0.2185609284332688,0.0636092843326885,0.0048394584139264,0.0,0.0,0.0,0.0
2015-01-12 17:00:00,0.2446174757281553,0.0001631067961165,0.0047087378640776,0.0460330097087378,0.0,0.0,0.0
2015-01-12 18:00:00,0.7891990171990172,0.0612260442260442,0.1475675675675676,0.1426314496314496,0.1853390663390663,0.0,0.0043488943488943
2015-01-12 19:00:00,0.7203625730994152,0.0001871345029239,0.0296237816764132,0.00053216374269,0.0,0.0,0.1145536062378167
2015-01-12 20:00:00,3.58960970464135,0.0328059071729957,0.1004978902953586,0.0,0.0,0.0,0.1112362869198312
2015-01-12 21:00:00,1.3355511482254696,0.0299895615866388,0.0232881002087682,0.0,0.0,0.0,0.1106617954070981
2015-01-12 22:00:00,0.5148935742971887,0.0002108433734939,0.0063493975903614,0.0,0.0958413654618473,0.0,0.1105401606425702
2015-01-12 23:00:00,0.2344529750479846,0.0626180422264875,0.0048195777351247,0.0,6.142034548944337e-05,0.0,0.0703397312859884
2015-01-13 00:00:00,0.1620729366602687,0.0,0.0048464491362763,0.0,0.0,0.0,0.0003032629558541
2015-01-13 01:00:00,0.1631158301158301,0.0116872586872586,0.0048745173745173,0.0,0.0,0.0,0.0
2015-01-13 02:00:00,0.167174081237911,0.0494352030947775,0.0049245647969052,0.0,0.0,0.0,0.0
2015-01-13 03:00:00,0.165364161849711,0.0,0.0096955684007707,0.0,0.0,0.0,0.0
2015-01-13 04:00:00,0.1627972972972972,0.0052277992277992,0.0048841698841698,0.0,0.0001235521235521,0.0,0.0
2015-01-13 05:00:00,0.1686705202312138,0.0583526011560693,0.0048400770712909,0.0,0.0,0.0,0.0
2015-01-13 06:00:00,0.1672301740812379,0.0,0.0048278529980657,0.0,0.0,0.0,0.0
2015-01-13 07:00:00,0.4882596153846154,0.0284980769230769,0.0048096153846153,0.0,0.1069826923076923,0.0,0.0
2015-01-13 08:00:00,0.973153846153846,0.045325,0.0539846153846153,0.0918961538461538,0.0,0.0194346153846153,0.0
2015-01-13 09:00:00,0.532271676300578,0.0,0.0050173410404624,0.0,0.0,0.0,0.0
2015-01-13 10:00:00,0.413757225433526,0.0479287090558766,0.1106878612716762,0.0,0.0,0.0,0.0
2015-01-13 11:00:00,0.2168304431599229,0.018504816955684,0.0671984585741811,0.0,0.0,0.0,0.0
2015-01-13 12:00:00,0.1656645768025078,0.0,0.0051786833855799,0.0,0.0,0.0,0.0
2015-01-13 13:00:00,0.6884308390022675,0.0579501133786848,0.0048503401360544,0.0,0.0,0.0,0.0
2015-01-13 14:00:00,0.52675,0.0154903100775193,0.0048430232558139,0.0,0.0,0.0,0.0
2015-01-13 15:00:00,0.3115637065637065,0.0,0.0048552123552123,0.0,0.0,0.0,0.0
2015-01-13 16:00:00,0.4457173076923077,0.0445673076923076,0.0865442307692307,0.0,0.1396288461538461,0.0,0.0
2015-01-13 17:00:00,0.4390117416829746,0.0217338551859099,0.1699041095890411,0.0,0.0,0.0,0.0
2015-01-13 18:00:00,0.2916882352941176,0.0,0.0298235294117647,0.0,0.0,0.0,0.0
2015-01-13 19:00:00,1.0631274298056157,0.0573563714902807,0.0506565874730021,0.2015874730021598,0.0,0.0,0.0454794816414686
2015-01-13 20:00:00,0.5352102803738318,0.0096682242990654,0.1888084112149533,0.0,0.1034042056074766,0.0,0.0004392523364485
2015-01-13 21:00:00,0.4028098434004474,0.0142460850111856,0.1801029082774049,0.0,4.474272930648769e-06,0.0,0.0
2015-01-13 22:00:00,0.4560676855895196,0.0504366812227074,0.1605240174672489,0.0,0.1127292576419213,0.0,0.0
2015-01-13 23:00:00,0.1777544554455445,0.0,0.023089108910891,0.0,0.0,0.0,0.0
2015-01-14 00:00:00,0.1790559845559845,0.026561776061776,0.0228706563706563,0.0,0.0,0.0,0.0
2015-01-14 01:00:00,0.1773468208092485,0.0377109826589595,0.0226820809248554,0.0,0.0,0.0,0.0
2015-01-14 02:00:00,0.1614633204633204,0.0,0.0076833976833976,0.0,0.0,0.0,0.0
2015-01-14 03:00:00,0.1629073359073359,0.0,0.0098088803088803,0.0,0.0,0.0,0.0
2015-01-14 04:00:00,0.1670831721470019,0.0646769825918762,0.0048936170212765,0.0,0.0,0.0,0.0
2015-01-14 05:00:00,0.1589113680154142,0.0017822736030828,0.0048824662813102,0.0,0.0,0.0,0.0
2015-01-14 06:00:00,0.1668455598455598,0.0,0.0048494208494208,0.0,0.0,0.0,0.0
2015-01-14 07:00:00,0.5562142857142857,0.033034749034749,0.0048648648648648,0.0,0.159534749034749,0.0,0.0
2015-01-14 08:00:00,0.2521563706563706,0.0356351351351351,0.0048301158301158,0.0377181467181467,0.0,0.0,0.0
2015-01-14 09:00:00,0.1586884615384615,0.0,0.0048596153846153,0.0,0.007876923076923,6.153846153846154e-05,0.0
2015-01-14 10:00:00,0.1595414258188824,0.0,0.0048863198458574,0.0,0.0,2.3121387283236992e-05,0.0
2015-01-14 11:00:00,0.1610541586073501,0.0098413926499032,0.0048820116054158,0.0,6.576402321083172e-05,0.0,0.0
2015-01-14 12:00:00,0.1689980694980695,0.059542471042471,0.0083050193050193,0.0,0.0009884169884169,0.0003706563706563,0.0
2015-01-14 13:00:00,0.4031384615384615,8.653846153846153e-05,0.071775,0.0,0.136325,0.0412865384615384,0.0048788461538461
2015-01-14 14:00:00,0.1973755020080321,9.036144578313252e-05,0.0069216867469879,0.0,0.0,0.0289919678714859,0.0004959839357429
2015-01-14 15:00:00,0.5087615230460922,0.041314629258517,0.1050080160320641,0.0959899799599198,0.0892585170340681,0.0,0.0
2015-01-14 16:00:00,0.4846212424849699,0.0333547094188376,0.1005330661322645,0.0,0.0944248496993988,0.0,0.0
2015-01-14 17:00:00,0.5766572008113591,0.0,0.1697444219066937,0.1147484787018255,0.0,0.0,0.0
2015-01-14 18:00:00,0.7858590998043052,0.0678297455968688,0.1856399217221135,0.2641917808219178,0.0,0.0,0.0
2015-01-14 19:00:00,0.4374378698224851,0.0076232741617357,0.1780907297830375,0.0,0.0,0.0005049309664694,0.0
2015-01-14 20:00:00,0.596178640776699,0.0239009708737864,0.1863242718446602,0.0,0.0,0.0,0.0
2015-01-14 21:00:00,0.5170711382113822,0.0450386178861788,0.1862560975609756,0.0,0.0,0.0,0.0
2015-01-14 22:00:00,0.4222080924855491,0.0003660886319845,0.0703911368015414,0.0,0.0880789980732177,0.0,0.0522928709055876
2015-01-14 23:00:00,0.1802967244701348,0.0618709055876686,0.0193969171483622,0.0,0.0,0.0008631984585741,0.0005183044315992
2015-01-15 00:00:00,0.1596168582375479,0.0011724137931034,0.0048275862068965,0.0,0.0,0.0,0.0
2015-01-15 01:00:00,0.1593282149712092,0.0,0.0048234165067178,0.0,0.0,0.0,0.0
2015-01-15 02:00:00,0.1663088803088803,0.054,0.0048610038610038,0.0,0.0,0.0,0.0
2015-01-15 03:00:00,0.1640445736434108,0.0115717054263565,0.0097596899224806,0.0,0.0,0.0,0.0
2015-01-15 04:00:00,0.1595965583173996,0.0,0.00485086042065,0.0,0.0,0.0,0.0
2015-01-15 05:00:00,0.1612851637764932,0.0009017341040462,0.0048034682080924,0.0,0.0,0.0,0.0
2015-01-15 06:00:00,0.1857707129094412,0.0649344894026975,0.0048188824662813,0.0,0.0,0.0,0.0
2015-01-15 07:00:00,0.480421359223301,0.0002563106796116,0.0048135922330097,0.0,0.1505844660194174,0.0,0.0
2015-01-15 08:00:00,0.923597678916828,0.0194816247582205,0.0668259187620889,0.089779497098646,0.000247582205029,0.0,0.0
2015-01-15 09:00:00,0.3749080459770115,0.0467490421455938,0.0298505747126436,0.0,0.0004904214559386,0.0,0.0
2015-01-15 10:00:00,0.5458115384615385,0.0,0.0048134615384615,0.0,0.0,7.692307692307692e-06,0.0
2015-01-15 11:00:00,0.1598923076923077,0.0,0.0048192307692307,0.0,0.0,0.0,0.0
2015-01-15 12:00:00,0.16842166344294,0.0668278529980657,0.0048665377176015,0.0,0.0,0.0,0.0
2015-01-15 13:00:00,0.4468262548262549,0.0004305019305019,0.0824015444015444,0.0,0.1314305019305019,0.0899092664092664,0.0
2015-01-15 14:00:00,0.1721811175337187,0.0,0.0203988439306358,0.0,0.0,0.0,0.0
2015-01-15 15:00:00,0.3067610789980732,0.0544335260115606,0.0206281310211946,0.0,0.0859383429672447,0.0,0.0
2015-01-15 16:00:00,0.24725,0.013849609375,0.02216796875,0.0,0.0,0.00025,0.0
2015-01-15 17:00:00,0.5080406189555126,0.011090909090909,0.1549284332688588,0.0,0.0929574468085106,0.0,0.0
2015-01-15 18:00:00,1.3932450199203188,0.0630378486055776,0.0765796812749003,0.0287629482071713,0.0602549800796812,0.0,0.0
2015-01-15 19:00:00,0.5501695906432749,0.0,0.0049142300194931,0.0,0.0,0.0,0.0
2015-01-15 20:00:00,0.4234989733059549,0.0577618069815195,0.1712854209445585,0.0,0.0,0.0,0.0
2015-01-15 21:00:00,0.3287504873294347,0.0053840155945419,0.1735555555555555,0.0,0.0,0.0,0.0
2015-01-15 22:00:00,0.3152461538461538,0.0,0.1743096153846154,0.0,0.0,0.0,0.0
2015-01-15 23:00:00,0.1956486486486486,0.0606332046332046,0.0273397683397683,0.0,0.0,0.0,0.0
2015-01-16 00:00:00,0.1635794573643411,0.0,0.0047945736434108,0.0,0.0,0.0,0.0
2015-01-16 01:00:00,0.1595028901734104,0.0,0.0048747591522158,0.0,0.0,0.0,0.0
2015-01-16 02:00:00,0.1662779922779922,0.0537895752895752,0.0048513513513513,0.0,0.0,0.0,0.0
2015-01-16 03:00:00,0.1642042389210019,0.0105992292870905,0.0097475915221579,0.0,0.0,0.0,0.0
2015-01-16 04:00:00,0.1593017408123791,0.0,0.0048646034816247,0.0,0.0,0.0,0.0
2015-01-16 05:00:00,0.1588643410852713,0.0,0.0048178294573643,0.0,0.0,0.0,0.0
2015-01-16 06:00:00,0.2023462282398452,0.0602649903288201,0.004806576402321,0.0,0.0,0.0,0.0
2015-01-16 07:00:00,0.3976897880539499,0.0068535645472061,0.0118593448940269,0.0,0.1265375722543352,0.0,0.0
2015-01-16 08:00:00,1.198299212598425,0.0001751968503937,0.0058090551181102,0.0,0.1037893700787401,0.0,0.0
2015-01-16 09:00:00,0.8947576923076923,0.0497730769230769,0.0048384615384615,0.0,0.0,0.0,0.0
2015-01-16 10:00:00,1.258076923076923,0.0140807692307692,0.0048499999999999,0.0,0.0,0.0,0.0
2015-01-16 11:00:00,0.17645,0.0,0.0048615384615384,0.0,0.0,0.0,0.0245634615384615
2015-01-16 12:00:00,1.240699612403101,0.0400019379844961,0.0048585271317829,0.0,0.1591337209302325,0.0842829457364341,0.0309011627906976
2015-01-16 13:00:00,0.3511216216216216,0.0268223938223938,0.0048011583011583,0.0,0.1190366795366795,0.0,0.0004169884169884
2015-01-16 14:00:00,0.1613648648648648,0.0,0.0048416988416988,0.0,0.0,0.0,0.0
2015-01-16 15:00:00,0.2176434108527132,0.0517616279069767,0.0221608527131782,0.0,0.0,0.0,0.0
2015-01-16 16:00:00,1.282382066276803,0.0132573099415204,0.1201520467836257,0.0,0.1108538011695906,0.0,0.0
2015-01-16 17:00:00,0.7027734939759036,0.0003831325301204,0.0205469879518072,0.0010048192771084,0.1133855421686747,0.0,0.0
2015-01-16 18:00:00,1.3104940944881889,0.0674311023622047,0.1568917322834645,0.2222362204724409,0.0,0.0,0.0
2015-01-16 19:00:00,0.3796788617886178,0.0,0.1780569105691057,0.0,0.0,0.0,0.0
2015-01-16 20:00:00,0.3678942115768463,0.0,0.1541556886227545,0.0,0.0,0.0,0.0
2015-01-16 21:00:00,0.361003937007874,0.0686161417322834,0.1715944881889763,0.0,0.0,0.0,0.0
2015-01-16 22:00:00,0.2628132295719844,0.0,0.0934066147859922,0.0,0.0,0.0,0.0039844357976653
2015-01-16 23:00:00,0.1606900584795321,0.0,0.0051013645224171,0.0,0.0,0.0,0.0
2015-01-17 00:00:00,0.1658899803536345,0.0449803536345776,0.0048428290766208,0.0,0.0,0.0,0.0
2015-01-17 01:00:00,0.1607879377431906,0.022192607003891,0.0048385214007782,0.0,0.0,0.0,0.0119533073929961
2015-01-17 02:00:00,0.1590799220272904,0.0,0.0048362573099415,0.0,0.0,0.0,0.0
2015-01-17 03:00:00,0.1626393762183235,0.0,0.0097816764132553,0.0,0.0,0.0,0.000662768031189
2015-01-17 04:00:00,0.1621311154598825,0.0170802348336594,0.0048845401174168,0.0,0.0,0.0,0.0
2015-01-17 05:00:00,0.164953125,0.054,0.004876953125,0.0,0.0,0.0,0.0
2015-01-17 06:00:00,0.1578982387475538,0.0,0.0048512720156555,0.0,0.0010019569471624,0.0,0.0
2015-01-17 07:00:00,0.5469250493096647,0.0001834319526627,0.0048639053254437,0.0,0.1442386587771203,0.0,0.0
2015-01-17 08:00:00,1.377922619047619,0.0268095238095238,0.004813492063492,6.746031746031745e-05,0.004063492063492,0.0,0.0
2015-01-17 09:00:00,0.8930541082164328,0.0443046092184368,0.0048456913827655,0.0,0.0,0.0,0.0
2015-01-17 10:00:00,0.2513811394891945,0.0,0.0691473477406679,0.0,0.0,0.0,0.0
2015-01-17 11:00:00,0.2519253438113949,0.0081414538310412,0.080557956777996,0.0,0.0,0.0,0.0
2015-01-17 12:00:00,0.1690880626223092,0.0646320939334638,0.0049608610567514,0.0,0.0,0.0,0.0
2015-01-17 13:00:00,0.1608884540117416,0.0,0.0048160469667318,0.0,0.0,0.0,0.0
2015-01-17 14:00:00,2.7692,0.0129450980392156,0.0754843137254901,0.0,0.0782392156862745,0.0,0.0
2015-01-17 15:00:00,1.111561122244489,0.0575250501002004,0.0159438877755511,0.0,0.1369358717434869,0.0,0.0
2015-01-17 16:00:00,0.3524758064516129,0.0,0.0190362903225806,0.0,0.0,0.0,0.0
2015-01-17 17:00:00,0.6265734693877552,0.0346530612244897,0.018869387755102,0.0,0.0,0.0,0.0
2015-01-17 18:00:00,0.4739396378269617,0.0475150905432595,0.0188229376257545,0.0,0.0,0.0,0.0
2015-01-17 19:00:00,0.4273786008230452,0.0002736625514403,0.0953724279835391,0.0,0.141633744855967,0.0,0.0
2015-01-17 20:00:00,0.3731024590163934,0.0683811475409836,0.1694282786885246,0.0,0.0,0.0,0.0
2015-01-17 21:00:00,0.3373246492985972,9.018036072144288e-05,0.1664829659318637,0.0,0.0,0.0,0.0
2015-01-17 22:00:00,0.3723948919449901,0.038844793713163,0.1642946954813359,0.0,0.0,0.0035206286836935,0.0
2015-01-17 23:00:00,0.2639176470588235,0.0289725490196078,0.0847176470588235,0.0,0.0,0.0,0.0
2015-01-18 00:00:00,0.1571666666666666,0.0,0.0049803921568627,0.0,0.0,0.0,0.0
2015-03-02 00:00:00,0.1472559523809523,0.0,0.0168511904761904,0.0,0.0,0.002031746031746,0.0
2015-03-02 01:00:00,0.1565759368836292,0.0331577909270216,0.0168639053254437,0.0,0.0,9.467455621301776e-05,0.0
2015-03-02 02:00:00,0.1538461538461538,0.027585798816568,0.0169704142011834,0.0,0.0,0.0,0.0
2015-03-02 03:00:00,0.151515748031496,0.0,0.0219547244094488,0.0,0.0,0.0,0.0
2015-03-02 04:00:00,0.1475247524752475,0.0,0.0169643564356435,0.0,0.0,0.0,0.0
2015-03-02 05:00:00,0.1647047244094488,0.062501968503937,0.0169015748031496,0.0,0.0,0.0,0.0
2015-03-02 06:00:00,0.1637272727272727,0.0,0.0168715415019762,0.0,0.0,0.0,0.0
2015-03-02 07:00:00,0.5314772277227722,0.0001762376237623,0.0167623762376237,0.0,0.3030673267326733,0.0,0.0
2015-03-02 08:00:00,0.2981660079051383,0.0600454545454545,0.0168735177865612,0.0,0.0326205533596837,0.0,0.0
2015-03-02 09:00:00,0.1490433070866141,0.0,0.017021653543307,0.0,0.0,0.0,0.0
2015-03-02 10:00:00,0.1492312252964427,0.0,0.0170790513833992,0.0,0.0,0.0,0.0
2015-03-02 11:00:00,0.1581043307086614,0.0344429133858267,0.0169763779527559,0.0,0.0,0.0,0.0
2015-03-02 12:00:00,0.1923948412698412,0.0308531746031746,0.0170456349206349,0.0,0.0,0.0,0.0
2015-03-02 13:00:00,0.1489757575757575,0.0,0.0170464646464646,0.0,0.0,0.0,0.0
2015-03-02 14:00:00,0.2316843177189409,0.0259877800407332,0.0170427698574338,0.0,0.0,0.0413788187372708,0.0
2015-03-02 15:00:00,1.0882193158953724,0.0445412474849094,0.0170241448692152,0.0,0.1273521126760563,0.0,0.0
2015-03-02 16:00:00,0.2301778656126482,0.0004446640316205,0.0169782608695652,9.288537549407116e-05,0.0622727272727272,0.0,0.0
2015-03-02 17:00:00,0.3565849802371541,0.0794249011857707,0.0168043478260869,0.0,0.0972490118577075,0.0303122529644268,0.0
2015-03-02 18:00:00,0.6834280078895464,0.0145404339250493,0.1810355029585799,0.0,0.0,0.0347889546351084,0.0
2015-03-02 19:00:00,1.2513568548387095,0.0304778225806451,0.0167439516129032,0.048125,0.0,0.0,0.0
2015-03-02 20:00:00,0.8544838056680162,0.0471336032388664,0.0165607287449392,0.0,0.0,0.0,0.0
2015-03-02 21:00:00,2.082040767386091,0.0003501199040767,0.0167601918465227,0.0,0.1535515587529976,0.0,0.044357314148681
2015-03-02 22:00:00,0.7579980119284294,0.0723836978131212,0.0168747514910536,0.0,0.0,0.0,0.0947773359840954
2015-03-02 23:00:00,0.3120100401606426,0.0,0.0168935742971887,0.0,0.0,0.0,0.0004317269076305
2015-03-03 00:00:00,0.1500294695481336,0.0172868369351669,0.0170058939096267,0.0,0.0,0.0,0.0
2015-03-03 01:00:00,0.1589349112426035,0.0550591715976331,0.0170571992110453,0.0,0.0,0.0,0.0
2015-03-03 02:00:00,0.1449175257731959,0.0,0.0171113402061855,0.0,0.0,0.0,0.0
2015-03-03 03:00:00,0.1528366141732283,0.0112303149606299,0.0219822834645669,0.0,0.0,0.0,0.0
2015-03-03 04:00:00,0.1598821218074656,0.0589115913555992,0.0170039292730844,0.0,0.0,0.0,0.0
2015-03-03 05:00:00,0.1448267716535433,0.0,0.0169291338582677,0.0,0.0,0.0,0.0
2015-03-03 06:00:00,0.5720808678500986,0.0236903353057199,0.0167140039447731,0.0,0.2089368836291913,0.0,0.0
2015-03-03 07:00:00,0.2077992047713717,0.0430298210735586,0.0168608349900596,0.0,0.0,0.0,0.0
2015-03-03 08:00:00,0.1449392156862745,0.0,0.0170078431372549,0.0,0.0,0.0,0.0
2015-03-03 09:00:00,0.1730684104627766,0.0,0.0230845070422535,0.0,0.0,0.0,0.0
2015-03-03 10:00:00,0.1655049701789264,0.065182902584493,0.0173121272365805,0.0,0.0,0.0,0.0
2015-03-03 11:00:00,0.1618452380952381,0.0,0.0170615079365079,0.0,0.0,0.0,0.0
2015-03-03 12:00:00,0.3782937625754527,0.0129255533199195,0.0171187122736418,0.0,0.1118551307847082,0.0,0.0
2015-03-03 13:00:00,0.2659668737060041,0.0572898550724637,0.1142919254658385,0.0,0.0,0.0,0.0
2015-03-03 14:00:00,0.1646630434782608,0.0,0.0172086956521739,0.0,0.0,0.0,0.0
2015-03-03 15:00:00,0.1641546391752577,0.0371154639175257,0.0169567010309278,0.0,0.0,0.0,0.0
2015-03-03 16:00:00,0.1739297597042513,0.0204306839186691,0.0168890942698706,0.0,0.0,0.0,0.0
2015-03-03 17:00:00,0.4387519841269841,0.0337281746031746,0.1045992063492063,0.0,0.1377202380952381,0.0587896825396825,0.0
2015-03-03 18:00:00,0.9622935222672064,0.0242186234817813,0.1978704453441295,0.0,0.0,0.0,0.0
2015-03-03 19:00:00,1.3911094890510949,0.0145377128953771,0.1852384428223844,0.0928394160583941,0.0,0.0,0.0
2015-03-03 20:00:00,0.4574712871287128,0.0473346534653465,0.192229702970297,0.0435663366336633,0.0,0.0,0.0
2015-03-03 21:00:00,0.366640873015873,0.0,0.1871527777777777,0.0,0.0,0.0,0.0
2015-03-03 22:00:00,0.3278379446640316,0.0449545454545454,0.1490889328063241,0.0,0.0,0.0,0.0
2015-03-03 23:00:00,0.1499899396378269,0.0130905432595573,0.0171951710261569,0.0,0.0,0.0,0.0
2015-03-04 00:00:00,0.144422619047619,0.0,0.0169980158730158,0.0,0.0,0.0,0.0
2015-03-04 01:00:00,0.155516765285996,0.0445818540433925,0.0169980276134122,0.0,0.0,0.0,0.0
2015-03-04 02:00:00,0.1471400394477317,0.0147672583826429,0.017422090729783,0.0,0.0,0.0,0.0
2015-03-04 03:00:00,0.1479308300395257,0.0,0.0216343873517786,0.0,0.0,0.0,0.0
2015-03-04 04:00:00,0.1433241106719367,0.0,0.0170316205533596,0.0,0.0,0.0,0.0
2015-03-04 05:00:00,0.160177734375,0.0612421875,0.01691015625,0.0,0.0,0.0,0.0
2015-03-04 06:00:00,0.3964075546719682,0.0005288270377733,0.0168210735586481,5.566600397614314e-05,0.194013916500994,0.0,0.0
2015-03-04 07:00:00,1.0201816367265468,0.0,0.0168542914171656,0.0,0.0,0.0,0.0
2015-03-04 08:00:00,0.6280338164251208,0.0534251207729468,0.0169855072463768,0.0,0.0,0.0,0.0
2015-03-04 09:00:00,0.4978994082840236,0.0,0.0168934911242603,0.0,0.0,0.0,0.0
2015-03-04 10:00:00,0.4237701492537313,0.0007164179104477,0.0171283582089552,0.0,0.2120567164179104,0.0206238805970149,0.0
2015-03-04 11:00:00,0.1611929133858267,0.0596181102362204,0.0170433070866141,0.0,0.0,0.0,0.0
2015-03-04 12:00:00,0.1531848906560636,0.0,0.0171570576540755,0.0,0.0,0.0,0.0
2015-03-04 13:00:00,0.1448643724696356,0.0,0.0169878542510121,0.0,0.0,0.0,0.0
2015-03-04 14:00:00,0.1612530612244898,0.0622428571428571,0.0170530612244897,0.0,0.0,0.0,0.0
2015-03-04 15:00:00,0.1446483739837398,0.0,0.017020325203252,0.0,0.0,0.0,0.0
2015-03-04 16:00:00,0.1888789682539682,8.928571428571429e-05,0.0298630952380952,0.0,0.0,0.0,0.0
2015-03-04 17:00:00,0.5502924901185772,0.0667786561264822,0.1799525691699604,0.0,0.070594861660079,0.0974130434782608,0.0
2015-03-04 18:00:00,0.2264534653465346,0.0001128712871287,0.0785564356435643,0.0,0.0,0.0,0.0
2015-03-04 19:00:00,0.2395818540433925,0.0281183431952662,0.0168165680473372,0.0,0.0,0.0,0.0874832347140039
2015-03-04 20:00:00,0.7490595238095239,0.032906746031746,0.0581904761904761,0.0,0.0,0.0,0.0049206349206349
2015-03-04 21:00:00,0.3240710059171597,0.0,0.1851420118343195,0.0,0.0,0.0,0.0
2015-03-04 22:00:00,0.3697455621301775,0.055094674556213,0.1881163708086785,0.0,0.0,0.0,0.0
2015-03-04 23:00:00,0.1951552062868369,0.0,0.0572966601178781,0.0,0.0,0.0,0.0
2015-03-05 00:00:00,0.1430374753451676,0.0,0.0169526627218934,0.0,0.0,0.0,0.0
2015-03-05 01:00:00,0.1576019607843137,0.0601274509803921,0.0170333333333333,0.0,0.0,0.0,0.0
2015-03-05 02:00:00,0.14313163064833,0.0,0.0173339882121807,0.0,0.0,0.0,0.0
2015-03-05 03:00:00,0.1474173228346456,0.0,0.0216220472440944,0.0,0.0,0.0,0.0
2015-03-05 04:00:00,0.1578310412573673,0.0606522593320235,0.0169783889980353,0.0,0.0,0.0,0.0
2015-03-05 05:00:00,0.1432450980392157,0.0007156862745098,0.0168764705882352,0.0,0.0,0.0,0.0
2015-03-05 06:00:00,0.2033913043478261,0.0,0.0167707509881422,0.0,0.0,0.0,0.0
2015-03-05 07:00:00,1.381259842519685,0.0632125984251968,0.016761811023622,0.0,0.2276003937007874,0.029273622047244,0.0
2015-03-05 08:00:00,0.3181928429423459,0.002703777335984,0.0169821073558648,0.0,0.0,0.0,0.0
2015-03-05 09:00:00,0.1469367588932806,0.0,0.0169802371541502,0.0,0.0,0.0,0.0
2015-03-05 10:00:00,0.1576207584830339,0.0491057884231536,0.0170199600798403,0.0,0.0,0.0,0.0
2015-03-05 11:00:00,0.1480241935483871,0.0136048387096774,0.017024193548387,0.0,0.0,0.0,0.0
2015-03-05 12:00:00,0.4615122448979591,0.0160816326530612,0.0508857142857142,0.0,0.1229897959183673,0.0,0.0
2015-03-05 13:00:00,0.2501612244897959,0.0403877551020408,0.0919285714285714,0.0,0.0,0.0,0.0
2015-03-05 14:00:00,0.1452985685071574,0.0002106339468302,0.0171922290388548,5.112474437627812e-05,0.0,0.0,0.0
2015-03-05 15:00:00,0.1961285140562249,0.0490622489959839,0.0168895582329317,0.0131586345381526,0.0,0.0,0.0
2015-03-05 16:00:00,0.3347735470941884,0.0076573146292585,0.0168296593186372,0.0,0.1291683366733466,0.0,0.0
2015-03-05 17:00:00,1.5667445544554457,0.0541980198019802,0.0165960396039603,0.0,0.0819465346534653,0.0,0.0
2015-03-05 18:00:00,2.162535353535353,0.0145878787878787,0.0164828282828282,0.0227252525252525,0.1571919191919192,0.0,0.0
2015-03-05 19:00:00,0.9968713692946056,0.0357759336099585,0.0201058091286307,8.71369294605809e-05,0.0,0.0,0.0
2015-03-05 20:00:00,0.5022405405405406,0.0259594594594594,0.0344378378378378,0.0,0.0,0.0,0.0
2015-03-05 21:00:00,1.2434779874213835,0.0299454926624737,0.1008343815513626,0.0,0.1228469601677148,0.0,0.0794779874213836
2015-03-05 22:00:00,0.3393090551181102,0.025267716535433,0.1055984251968503,0.0,0.0,0.0,0.1118582677165354
2015-03-05 23:00:00,0.1472102161100196,0.0,0.0170805500982318,0.0,0.0,0.0,0.0014125736738703
2015-03-06 00:00:00,0.159098814229249,0.056199604743083,0.0169426877470355,0.0,0.0,0.0,0.0
2015-03-06 01:00:00,0.1453320235756385,0.0,0.0169960707269155,0.0,0.0,0.0,0.0
2015-03-06 02:00:00,0.1458385826771653,0.0,0.0174350393700787,0.0,0.0,0.0,0.0
2015-03-06 03:00:00,0.1631137254901961,0.0569666666666666,0.0216313725490196,0.0,0.0,0.0,0.0
2015-03-06 04:00:00,0.145456862745098,0.0,0.0170274509803921,0.0,0.0,0.0,0.0
2015-03-06 05:00:00,0.1456399217221135,0.0,0.016917808219178,0.0,0.0,0.0,0.0
2015-03-06 06:00:00,0.2821673306772909,0.0568466135458167,0.0167868525896414,0.0,0.0,0.0,0.0
2015-03-06 07:00:00,0.6360324675324676,0.0026103896103896,0.0168268398268398,0.0,0.2375800865800865,0.0,0.0
2015-03-06 08:00:00,0.1460177777777777,0.0,0.0169133333333333,0.0,0.0,0.0,0.0
2015-03-06 09:00:00,0.2298253968253968,0.060765873015873,0.0169960317460317,0.0131547619047619,0.0,0.0,0.0
2015-03-06 10:00:00,0.1568873720136518,0.0,0.0168532423208191,0.0,0.0,0.0,0.0
2015-03-06 11:00:00,0.1530950495049504,0.0,0.0169504950495049,0.0,0.0,0.0,0.0
2015-03-06 12:00:00,0.2581614173228346,0.0604803149606299,0.0603484251968503,0.0544035433070866,0.0,0.0,0.0
2015-03-06 13:00:00,0.1991809145129224,0.0,0.0820059642147117,0.0,0.0,0.0,0.0
2015-03-06 14:00:00,0.1604223107569721,0.054609561752988,0.0172788844621513,0.0,0.0,0.0,0.0
2015-03-06 15:00:00,0.1507782178217822,0.026479207920792,0.0169445544554455,0.0,0.0,0.0,0.0
2015-03-06 16:00:00,0.3250416666666667,0.0001488095238095,0.1184623015873015,0.0,0.0786944444444444,0.0,0.0
2015-03-06 17:00:00,0.4233465346534654,0.0642831683168316,0.1945584158415841,0.0,6.336633663366337e-05,0.0,0.0
2015-03-06 18:00:00,0.6764325396825397,0.0119027777777777,0.1911805555555555,0.0099900793650793,0.0,6.349206349206349e-05,0.0
2015-03-06 19:00:00,1.069702169625247,0.0275976331360946,0.2000453648915187,0.1449428007889546,0.0,0.0,0.0
2015-03-06 20:00:00,1.057728880157171,0.0544007858546169,0.1830707269155206,0.0,0.0,0.0,0.0
2015-03-06 21:00:00,0.8626489151873767,0.0,0.1959270216962524,0.0,0.0,0.0,0.0
2015-03-06 22:00:00,0.2065750988142292,0.0592766798418972,0.0344209486166007,0.0,0.0,0.0,0.0
2015-03-06 23:00:00,0.150278431372549,0.0214274509803921,0.0168686274509803,0.0,0.0,0.0,0.0
2015-03-07 00:00:00,0.1450841487279843,0.0,0.0169960861056751,0.0,1.9569471624266145e-06,0.0,0.0
2015-03-07 01:00:00,0.1602347140039447,0.0581597633136094,0.0170059171597633,0.0,0.0,0.0,0.0
2015-03-07 02:00:00,0.1499112426035503,0.0223865877712031,0.0173293885601577,0.0,0.0,0.0,0.0
2015-03-07 03:00:00,0.1493023715415019,0.0,0.0216837944664031,0.0,0.0,0.0,0.0
2015-03-07 04:00:00,0.1554457593688362,0.0370414201183431,0.0170177514792899,0.0,0.0,0.0,0.0
2015-03-07 05:00:00,0.1551279527559055,0.0435295275590551,0.0169133858267716,0.0,0.0010866141732283,0.0,0.0
2015-03-07 06:00:00,0.2933708086785009,0.0001794871794871,0.0169151873767258,0.0,0.1473333333333333,0.0,0.0
2015-03-07 07:00:00,0.3670257425742574,0.0233346534653465,0.0168554455445544,0.0,0.117209900990099,0.0,0.0627900990099009
2015-03-07 08:00:00,1.165765625,0.0557109375,0.01688671875,0.0,0.03284375,0.0,0.000681640625
2015-03-07 09:00:00,0.2352750491159135,0.0,0.0168192534381139,6.679764243614931e-05,0.0,0.0,0.0
2015-03-07 10:00:00,0.146511811023622,0.0,0.0168720472440944,0.0,0.0,0.0,0.0
2015-03-07 11:00:00,0.1602434607645875,0.0666338028169014,0.0168269617706237,0.0,0.0,0.0,0.0
2015-03-07 12:00:00,0.2861196754563895,0.0109148073022312,0.1824584178498985,0.0,0.0,0.0,0.0
2015-03-07 13:00:00,0.2641005291005291,0.0626587301587301,0.0172619047619047,0.0,0.0,0.0,0.0
2015-03-07 14:00:00,0.8497695390781563,0.0276232464929859,0.0170240480961923,0.0,0.0,0.0,0.0
2015-03-07 15:00:00,0.318261569416499,0.0070281690140845,0.017056338028169,0.0,0.0,0.0,0.0
2015-03-07 16:00:00,0.8961204819277109,0.0617751004016064,0.0169939759036144,0.0,0.0,0.0,0.0
2015-03-07 17:00:00,0.3279792531120332,0.0,0.2046680497925311,0.0,0.0,0.0,0.0
2015-03-07 18:00:00,1.34015991902834,0.0828421052631578,0.1998198380566801,0.0,0.1413137651821862,0.0,0.0
2015-03-07 19:00:00,1.2488240000000002,0.08914,0.183046,0.0,0.0,0.0,0.0
2015-03-07 20:00:00,0.8999837398373984,0.0865853658536585,0.1228556910569105,0.0,0.0,0.0,0.0
2015-03-07 21:00:00,1.1002991967871485,0.0858755020080321,0.1615421686746987,0.0,0.1242791164658634,0.0,0.0
2015-03-07 22:00:00,0.4934246861924686,0.0844414225941422,0.1521548117154811,0.0,0.0,0.0,0.0
2015-03-07 23:00:00,0.2486498993963782,0.0835452716297786,0.0843158953722334,0.0,0.0,0.0,0.0
2015-03-08 00:00:00,0.1760848484848484,0.083280808080808,0.0356181818181818,0.0,0.0,0.0,0.0
2015-03-08 01:00:00,0.1650542168674698,0.0824899598393574,0.0237449799196787,0.0,0.0,0.0,0.0
2015-03-08 02:00:00,0.1500160320641282,0.0267735470941883,0.0171943887775551,0.0,0.0,0.0,0.0
2015-03-08 03:00:00,0.1501422845691382,0.0,0.0216993987975951,0.0,0.0,0.0,0.0
2015-03-08 04:00:00,0.1454819277108433,0.0,0.0170461847389558,0.0,0.0,0.0,0.0
2015-03-08 05:00:00,0.1453313253012048,0.0,0.0169879518072289,0.0,0.0,0.0,0.0
2015-03-08 06:00:00,0.1453012048192771,0.0,0.0169317269076305,0.0,0.0,0.0,0.0
2015-03-08 07:00:00,0.4104392712550607,0.0770607287449392,0.0169676113360323,0.0,0.1517267206477733,0.0,0.0857246963562753
2015-03-08 08:00:00,0.3276204081632653,0.0967326530612245,0.0170367346938775,0.0,0.0939571428571428,0.0324795918367346,0.0406224489795918
2015-03-08 09:00:00,0.5963616161616162,0.0906323232323232,0.020040404040404,0.0605474747474747,0.1664828282828283,0.0150181818181818,0.0059454545454545
2015-03-08 10:00:00,0.3010865191146881,0.086271629778672,0.0200905432595573,0.0,0.0,0.0,0.0002575452716297
2015-03-08 11:00:00,0.2835584677419355,0.0315040322580645,0.0200100806451612,0.0,0.0,0.0,0.0
2015-03-08 12:00:00,2.39119,0.001186,0.085714,0.125236,0.0,0.0,0.008084
2015-03-08 13:00:00,2.234002016129032,0.0603125,0.1972137096774193,4.637096774193548e-05,0.1538165322580645,0.0,0.0005443548387096
2015-03-08 14:00:00,1.0713247524752476,0.0856356435643564,0.0437366336633663,0.0,0.0064613861386138,0.0,0.0
2015-03-08 15:00:00,0.798454356846473,0.028408713692946,0.185051867219917,0.0,0.0,0.0,0.0
2015-03-08 16:00:00,1.086158004158004,0.0059043659043659,0.1873866943866944,0.0,0.0,0.0,0.0
2015-03-08 17:00:00,0.5496260330578513,0.0906673553719008,0.191849173553719,0.0,0.1398305785123967,0.0,0.0
2015-03-08 18:00:00,0.3301950207468879,0.0122676348547717,0.2015414937759336,0.0,7.053941908713692e-05,0.0,0.0
2015-03-08 19:00:00,0.417741273100616,0.0449199178644763,0.1990841889117043,0.0,0.0,0.0,0.0
2015-03-08 20:00:00,0.3777489711934156,0.0456851851851851,0.1570452674897119,0.0,0.0,0.0,0.0
2015-03-08 21:00:00,0.4001219512195122,9.146341463414634e-05,0.153880081300813,0.0,0.0,0.0,0.0107540650406504
2015-03-08 22:00:00,0.1799596774193548,0.0755342741935483,0.0186995967741935,0.0,1.6129032258064517e-05,0.0,0.0004939516129032
2015-03-08 23:00:00,0.1459263803680981,0.0020674846625766,0.0169079754601227,0.0,0.0,0.0,0.0
2015-03-09 00:00:00,0.1443923541247485,0.0,0.0170080482897384,0.0,0.0,0.0,0.0
2015-03-09 01:00:00,0.1634829659318637,0.0783346693386773,0.0170521042084168,0.0,0.0,0.0,0.0
2015-03-09 02:00:00,0.1446533066132264,0.0098737474949899,0.0172204408817635,0.0,0.0,0.0,0.0
2015-03-09 03:00:00,0.1485774647887323,0.0,0.0218531187122736,0.0,0.0,0.0,0.0
2015-03-09 04:00:00,0.1562690763052208,0.0062570281124497,0.0170763052208835,0.0,0.0,0.0,0.0
2015-03-09 05:00:00,0.1506345381526104,0.0282690763052208,0.017,0.0,0.0,0.0,0.0
2015-03-09 06:00:00,0.3275948103792415,5.9880239520958085e-06,0.0167944111776447,0.0,0.1733093812375249,0.0,0.0
2015-03-09 07:00:00,0.523938369781312,0.0490755467196819,0.016807157057654,0.0516063618290258,0.0389005964214711,0.0,0.0
2015-03-09 08:00:00,2.019277108433734,0.0340160642570281,0.016726907630522,2.610441767068273e-05,0.0,0.0,0.0
2015-03-09 09:00:00,0.4636965376782077,0.0,0.0169572301425661,0.0,0.0,0.0,0.0
2015-03-09 10:00:00,0.2938877755511022,0.0298456913827655,0.0169919839679358,0.0,3.2064128256513025e-05,0.0,0.0
2015-03-09 11:00:00,0.153453629032258,0.039070564516129,0.016953629032258,0.0,0.0,0.0,0.0
2015-03-09 12:00:00,0.1647964071856287,0.0,0.0169560878243512,0.0,0.0,0.0,0.0
2015-03-09 13:00:00,0.1483393939393939,0.0128323232323232,0.0169898989898989,0.0,0.0,0.0,0.0
2015-03-09 14:00:00,0.1602941176470588,0.0586693711967545,0.0169594320486815,0.0,0.0,0.0,0.0
2015-03-09 15:00:00,0.144792,0.0,0.016932,0.0,0.0,0.0,0.0
2015-03-09 16:00:00,0.1756297786720322,0.0,0.0169094567404426,0.0,0.0,4.82897384305835e-05,0.0
2015-03-09 17:00:00,0.5919538152610442,0.0838293172690763,0.1357811244979919,0.0779819277108433,0.1427751004016064,0.0,0.0
2015-03-09 18:00:00,0.3309362139917695,0.031775720164609,0.1952366255144033,0.0,0.0,0.0,0.0
2015-03-09 19:00:00,0.3296584362139917,0.0204300411522633,0.1953415637860082,0.0130946502057613,0.0,0.0,0.0
2015-03-09 20:00:00,0.3500581162324649,0.0571623246492985,0.2010901803607214,0.0,0.0,0.0,0.0
2015-03-09 21:00:00,0.5251270161290323,0.0004879032258064,0.1994879032258064,0.0,0.1089213709677419,0.0,0.0
2015-03-09 22:00:00,0.1760666666666666,0.0595898989898989,0.0299252525252525,0.0,0.0,0.0,0.0
2015-03-09 23:00:00,0.1437327935222672,0.0,0.0168076923076923,0.0,0.0,0.0,0.0
2015-03-10 00:00:00,0.154258064516129,0.0382963709677419,0.016899193548387,0.0,0.0,0.0,0.0
2015-03-10 01:00:00,0.1489058116232465,0.0260601202404809,0.0170340681362725,0.0,0.0,0.0,0.0
2015-03-10 02:00:00,0.1429456740442655,0.0,0.0170865191146881,0.0,0.0,0.0,0.0
2015-03-10 03:00:00,0.1584969818913481,0.0404185110663983,0.0218309859154929,0.0,0.0,0.0,0.0
2015-03-10 04:00:00,0.1473346774193548,0.0202278225806451,0.0169576612903225,0.0,0.0,0.0,0.0
2015-03-10 05:00:00,0.1433614457831325,0.0,0.0168955823293172,0.0,0.0,0.0,0.0
2015-03-10 06:00:00,0.4030873983739837,0.0268373983739837,0.0168211382113821,0.0,0.1979227642276423,0.0,0.0
2015-03-10 07:00:00,1.319463709677419,0.0377459677419354,0.0167681451612903,0.0,0.0,0.0,0.0
2015-03-10 08:00:00,0.3920200400801603,0.0002404809619238,0.0169278557114228,0.0,0.0,0.0,0.0
2015-03-10 09:00:00,0.4058191056910569,0.0188069105691056,0.1852886178861788,0.0,0.0,0.0,0.0
2015-03-10 10:00:00,0.2108346774193548,0.0451633064516129,0.0739294354838709,0.0,0.0,0.0,0.0
2015-03-10 11:00:00,0.1451144578313253,0.0,0.0173554216867469,0.0,0.0,0.0,0.0
2015-03-10 12:00:00,0.3383649193548387,0.017508064516129,0.0170342741935483,0.0514657258064516,0.0998185483870967,0.044891129032258,0.0
2015-03-10 13:00:00,0.2133536585365853,0.0504390243902439,0.0077723577235772,0.0001280487804878,0.0297723577235772,0.0275487804878048,0.0
2015-03-10 14:00:00,0.151040899795501,0.0,0.004883435582822,0.0,0.0,0.0,0.0
2015-03-10 15:00:00,0.1605387755102041,0.0162591836734693,0.0048938775510204,0.0,0.0,0.0,0.0
2015-03-10 16:00:00,0.4013943661971831,0.0539315895372233,0.0048712273641851,0.0,0.0,0.0,0.0
2015-03-10 17:00:00,0.53494918699187,0.0006890243902439,0.0692093495934959,0.1833313008130081,0.1142134146341463,0.0,0.0
2015-03-10 18:00:00,0.255429718875502,0.0629738955823293,0.0431606425702811,0.0,0.0,0.0,0.0
2015-03-10 19:00:00,1.0958822355289422,0.0008423153692614,0.0452854291417165,0.0494111776447105,0.1237405189620758,0.0291337325349301,0.0
2015-03-10 20:00:00,0.6012273641851107,0.0674044265593561,0.0183682092555332,0.0,0.0,0.0,0.0
2015-03-10 21:00:00,0.7177029288702929,0.0449435146443514,0.0222887029288702,0.0,0.0,0.0,0.0035418410041841
2015-03-10 22:00:00,0.2472301425661914,0.0676965376782077,0.0074236252545824,0.0,0.0,0.0,0.080142566191446
2015-03-10 23:00:00,0.1629756592292089,0.025973630831643,0.0048884381338742,0.0,0.0,0.0,0.0004503042596348
2015-03-11 00:00:00,0.1647425149700599,0.0576027944111776,0.0048962075848303,0.0,0.0,0.0,0.0
2015-03-11 01:00:00,0.1598853118712273,0.0558189134808853,0.0049014084507042,0.0,0.0,0.0,0.0
2015-03-11 02:00:00,0.1543876739562624,0.0235964214711729,0.0049184890656063,0.0,0.0,0.0,0.0
2015-03-11 03:00:00,0.1605573440643863,0.0503661971830985,0.0097062374245472,0.0,0.0,0.0,0.0
2015-03-11 04:00:00,0.1581979797979798,0.0570222222222222,0.0048868686868686,0.0,0.0,0.0,0.0
2015-03-11 05:00:00,0.1544497991967871,0.0193132530120481,0.0048755020080321,0.0,0.0,0.0,0.0
2015-03-11 06:00:00,0.16549,0.036876,0.004886,0.0,0.0,0.0,0.0
2015-03-11 07:00:00,1.3779979919678715,0.0489578313253012,0.0048775100401606,0.0492048192771084,0.2577349397590361,0.0,0.0
2015-03-11 08:00:00,0.4630843373493976,0.0345381526104417,0.0048935742971887,0.0,0.0,0.0,0.0
2015-03-11 09:00:00,0.6166392785571143,0.0152865731462925,0.0049058116232464,0.0,0.0,0.0,0.0
2015-03-11 10:00:00,0.1615682730923694,0.0492670682730923,0.0049277108433734,0.0,0.0,0.0,0.0
2015-03-11 11:00:00,0.1558649193548387,0.0002399193548387,0.0073810483870967,0.0,0.0,0.0,0.0
2015-03-11 12:00:00,0.1627657841140529,0.0451466395112016,0.0051099796334012,0.0,0.0,0.0,0.0
2015-03-11 13:00:00,0.2586536082474227,0.0075793814432989,0.142220618556701,0.0,0.0,0.0,0.0
2015-03-11 14:00:00,0.4582987012987013,0.0207099567099567,0.0764480519480519,0.0,0.0,0.0,0.0
2015-03-11 15:00:00,0.2035553235908141,0.0339582463465553,0.0050396659707724,0.0,0.0,0.0,0.0
2015-03-11 16:00:00,0.3065476673427991,0.040393509127789,0.0048843813387423,0.0,0.1272494929006085,0.0,0.0
2015-03-11 17:00:00,0.1546552419354838,0.0157076612903225,0.0048165322580645,0.0,0.0,0.0,0.0
2015-03-11 18:00:00,0.3804247422680412,0.0229670103092783,0.0315876288659793,0.1007670103092783,0.0,0.0,0.0
2015-03-11 19:00:00,0.5076048387096774,0.0359697580645161,0.1457157258064516,3.6290322580645165e-05,0.0,0.0,0.0
2015-03-11 20:00:00,0.4937600806451613,0.0134092741935483,0.1327782258064516,0.0488528225806451,0.0,0.0,0.0188528225806451
2015-03-11 21:00:00,0.3435914634146341,0.0441829268292682,0.1762174796747967,0.0,0.0,0.0,0.0004491869918699
2015-03-11 22:00:00,0.3240423387096774,0.0229798387096774,0.1804415322580645,0.0,0.0,0.0,0.0
2015-03-11 23:00:00,0.3078714859437751,0.0336887550200803,0.1569638554216867,0.0,0.0,0.0,0.0
2015-03-12 00:00:00,0.1503299798792756,0.0,0.0050281690140845,0.0,0.0,0.0,0.0
2015-03-12 01:00:00,0.1579678714859438,0.0588714859437751,0.0048112449799196,0.0,0.0,0.0,0.0
2015-03-12 02:00:00,0.1502124248496994,0.0,0.0048436873747494,0.0,0.0,0.0,0.0
2015-03-12 03:00:00,0.1595642570281124,0.0328915662650602,0.0097489959839357,0.0,0.0,0.0,0.0
2015-03-12 04:00:00,0.153806,0.0305159999999999,0.004894,0.0,0.0,0.0,0.000256
2015-03-12 05:00:00,0.1500120724346076,0.0,0.0048692152917505,0.0,0.0,0.0,0.0
2015-03-12 06:00:00,0.3179412955465587,0.039827935222672,0.0048603238866396,0.0,0.1457854251012145,0.0,0.0
2015-03-12 07:00:00,0.4454514170040486,0.0244635627530364,0.0048846153846153,0.0,0.1660303643724696,0.0,0.0
2015-03-12 08:00:00,0.2567337398373984,0.0001768292682926,0.0048536585365853,0.0,0.0,0.0,0.0
2015-03-12 09:00:00,0.1627575150300601,0.0625511022044088,0.0049238476953907,0.0,0.0,0.0,0.0
2015-03-12 10:00:00,0.1517309236947791,0.0,0.004863453815261,0.0,0.0,0.0,0.0
2015-03-12 11:00:00,0.1513971774193548,0.0,0.0048649193548387,0.0,0.0,0.0,0.0
2015-03-12 12:00:00,0.3011747967479675,0.0650589430894309,0.0048658536585365,8.130081300813008e-05,0.093520325203252,0.0310752032520325,0.0
2015-03-12 13:00:00,0.1515031055900621,0.0068923395445134,0.0048985507246376,0.0,0.0,0.0,0.0
2015-03-12 14:00:00,0.1507354166666666,0.0,0.0048875,0.0,0.0,0.0,0.0
2015-03-12 15:00:00,0.7297609254498715,0.0557763496143958,0.004866323907455,0.0,0.0,0.0,0.0
2015-03-12 16:00:00,0.8276230158730159,0.0,0.0048472222222222,0.0,0.1444007936507936,0.0,0.0
2015-03-12 17:00:00,0.2371647058823529,0.0513980392156862,0.0048333333333333,0.0,0.0,0.0,0.0
2015-03-12 18:00:00,0.9913789682539684,0.0123988095238095,0.0047857142857142,0.0,0.0,0.0,0.0
2015-03-12 19:00:00,1.186255489021956,0.0362095808383233,0.1480499001996008,0.0161317365269461,0.1276067864271457,0.0,0.0
2015-03-12 20:00:00,0.7323144329896908,0.0148685567010309,0.190110824742268,0.0,0.0,0.0,0.0
2015-03-12 21:00:00,0.5649445585215606,0.0229260780287474,0.1887864476386037,0.0,0.0977515400410677,0.0,0.0
2015-03-12 22:00:00,0.3976813627254509,0.0391943887775551,0.1842164328657314,0.0,0.0,0.0,0.0
2015-03-12 23:00:00,0.3171386138613861,0.0001742574257425,0.0093504950495049,0.0,0.0939504950495049,0.0,0.0837782178217821
2015-03-13 00:00:00,0.1615849802371541,0.063193675889328,0.0048359683794466,0.0,0.0,0.0,0.0005
2015-03-13 01:00:00,0.1501909448818897,0.001007874015748,0.0048562992125984,0.0,0.0,0.0,0.0
2015-03-13 02:00:00,0.1511479289940828,0.0,0.0048816568047337,0.0,0.0,0.0,0.0
2015-03-13 03:00:00,0.1661104536489152,0.0616489151873767,0.0097869822485207,0.0,0.0,0.0,0.0
2015-03-13 04:00:00,0.1512381889763779,0.0,0.0048562992125984,0.0,0.0,0.0,0.0
2015-03-13 05:00:00,0.1503458498023715,0.0,0.0048715415019762,0.0,0.0,0.0,0.0
2015-03-13 06:00:00,0.1836876227897839,0.0635638506876227,0.0048644400785854,0.0,0.0,0.0,0.0
2015-03-13 07:00:00,0.6050730478589421,0.0002241813602015,0.0048589420654911,0.0,0.2530755667506297,0.0,0.0
2015-03-13 08:00:00,0.7308303393213573,0.0046087824351297,0.0824151696606786,0.051255489021956,0.0,0.0,0.0
2015-03-13 09:00:00,0.5136771653543307,0.0578011811023622,0.0195964566929133,0.0,0.0,0.0,0.0
2015-03-13 10:00:00,0.3157312252964427,0.0,0.0049011857707509,0.0,0.0,0.0,0.0
2015-03-13 11:00:00,0.1520671936758893,0.0,0.004899209486166,0.0,0.0,0.0,0.0
2015-03-13 12:00:00,0.3789330708661417,0.068263779527559,0.0543917322834645,0.0511574803149606,0.0678956692913385,0.0,0.0
2015-03-13 13:00:00,0.2988574297188754,0.0001265060240963,0.0943092369477911,8.634538152610442e-05,0.0347309236947791,0.0,0.0
2015-03-13 14:00:00,0.150965306122449,0.0,0.0051510204081632,0.0,0.0,0.0,0.0
2015-03-13 15:00:00,0.1624384920634921,0.064813492063492,0.0048591269841269,0.0,0.0,0.0,0.0
2015-03-13 16:00:00,0.3859281437125749,0.0002694610778443,0.106814371257485,0.0,0.1356566866267465,0.0,0.0
2015-03-13 17:00:00,0.5489537223340041,0.0328631790744466,0.1589376257545271,0.0,6.438631790744468e-05,0.0,0.0
2015-03-13 18:00:00,0.6042005076142132,0.0455025380710659,0.0852208121827411,0.0325685279187817,0.0,0.0,0.0
2015-03-13 19:00:00,0.4802485207100591,0.0001775147928994,0.1645660749506903,0.0,0.0,0.0,0.0444319526627218
2015-03-13 20:00:00,0.4171162324649298,0.0637855711422845,0.1637595190380761,0.0,0.0,0.0,0.0003366733466933
2015-03-13 21:00:00,0.3089214145383104,0.0,0.1619135559921414,0.0,0.0,0.0,0.0
2015-03-13 22:00:00,0.366051282051282,0.0587909270216962,0.1841834319526627,0.0,0.0,0.0,0.0
2015-03-13 23:00:00,0.192956607495069,0.0,0.0336923076923076,0.0,0.0,0.0,0.0
2015-03-14 00:00:00,0.1639704142011834,0.0548284023668639,0.0048540433925049,0.0,0.0,0.0,0.0
2015-03-14 01:00:00,0.1507647058823529,0.0039803921568627,0.0048529411764705,0.0,0.0,0.0,0.0
2015-03-14 02:00:00,0.1505615079365079,0.003047619047619,0.0048710317460317,0.0,0.0,0.0,0.0
2015-03-14 03:00:00,0.1639009900990099,0.061069306930693,0.0097504950495049,0.0,0.0,0.0022811881188118,0.0
2015-03-14 04:00:00,0.1503445544554455,0.0,0.0049128712871287,0.0,0.0,0.0243326732673267,0.0
2015-03-14 05:00:00,0.1494624505928853,0.0002312252964426,0.0048715415019762,0.0,0.0,0.0,0.0
2015-03-14 06:00:00,0.3581640625,0.060478515625,0.072556640625,0.0,0.143390625,0.0,0.0
2015-03-14 07:00:00,0.2754462151394422,0.0009203187250996,0.0724083665338645,0.0,0.0509322709163346,0.0,0.0
2015-03-14 08:00:00,0.3626739562624255,0.0039701789264413,0.0050974155069582,0.0,0.0,0.0,0.0
2015-03-14 09:00:00,0.3321754032258064,0.0580504032258064,0.0048649193548387,0.0,0.0,0.0,0.0
2015-03-14 10:00:00,0.1513104125736738,0.0,0.0048467583497053,0.0,0.0,0.0,0.0
2015-03-14 11:00:00,0.1507687747035573,0.0001185770750988,0.0048656126482213,0.0,0.0005691699604743,0.0,0.0
2015-03-14 12:00:00,0.1719108910891089,0.0664336633663366,0.0048673267326732,0.0,0.0,0.0,0.0
2015-03-14 13:00:00,0.1549684418145956,0.0,0.0048915187376725,0.0,0.0,0.0,0.0
2015-03-14 14:00:00,0.1504742063492063,0.0,0.0049007936507936,0.0,6.349206349206349e-05,0.0,0.0
2015-03-14 15:00:00,0.4127814960629921,0.06951968503937,0.0434527559055118,0.0358838582677165,0.1317814960629921,0.0440314960629921,0.0
2015-03-14 16:00:00,0.1804003984063745,0.0039681274900398,0.0050796812749003,0.0,0.0008924302788844,0.0,0.0
2015-03-14 17:00:00,0.348421686746988,0.0306004016064257,0.004863453815261,0.0,0.0899156626506024,0.0,0.0617670682730923
2015-03-14 18:00:00,0.3645984095427435,0.0342922465208747,0.0595288270377733,0.0,0.0,0.0,0.0632942345924453
2015-03-14 19:00:00,0.1623142292490118,0.0,0.0050395256916996,0.0,0.0,0.0,0.0005256916996047
2015-03-14 20:00:00,0.1610392927308448,0.0186424361493123,0.0048683693516699,0.0,0.0,0.0,0.0
2015-03-14 21:00:00,0.2355366336633663,0.0545742574257425,0.004859405940594,0.0,0.0,0.0,0.0510356435643564
2015-03-14 22:00:00,0.221429702970297,0.0,0.0048673267326732,0.0,0.0,0.0,0.0733485148514851
2015-03-14 23:00:00,0.1502642998027613,0.0,0.0048816568047337,0.0,0.0,0.0,0.0084970414201183
2015-03-15 00:00:00,0.1570019723865877,0.0470927021696252,0.0048816568047337,0.0,0.0,0.0,0.0
2015-03-15 01:00:00,0.1531956947162426,0.0293072407045009,0.004917808219178,0.0,0.0,0.0,0.0
2015-03-15 02:00:00,0.1492786561264822,0.0,0.0049308300395256,0.0,0.0,0.0,0.0
2015-03-15 03:00:00,0.15366796875,0.0,0.0097890625,0.0,0.0,0.0,0.0
2015-03-15 04:00:00,0.1502196078431372,0.0004823529411764,0.0048901960784313,0.0,0.0,0.0030117647058823,0.0
2015-03-15 05:00:00,0.3142114624505929,0.0734565217391304,0.004899209486166,0.0001581027667984,0.1350415019762846,0.0,0.0080256916996047
2015-03-15 06:00:00,0.1496066536203522,0.0,0.0049217221135029,0.0,0.0,0.0,0.0
2015-03-15 07:00:00,0.1651693227091633,0.0,0.0049043824701195,0.0,0.0,0.0,0.0
2015-03-15 08:00:00,0.9949684418145956,0.0518264299802761,0.004861932938856,0.0,0.1197731755424063,0.0,0.009214990138067
2015-03-15 09:00:00,0.3641205533596838,0.0207035573122529,0.0048853754940711,0.0,0.0,0.0,0.000498023715415
2015-03-15 10:00:00,0.1501858585858586,0.0,0.0048888888888888,0.0,0.0,0.0,0.0
2015-03-15 11:00:00,0.154090909090909,0.0,0.0048636363636363,0.0,0.0,0.0,0.0
2015-03-15 12:00:00,0.4474386317907444,0.0441649899396378,0.0048651911468812,0.0,0.1396036217303823,0.084225352112676,0.0
2015-03-15 13:00:00,0.4454969325153374,0.0330347648261758,0.1751063394683026,0.0,0.0685705521472392,0.0,0.0
2015-03-15 14:00:00,0.2438752598752598,0.0001517671517671,0.1205758835758835,0.0,4.158004158004158e-06,0.0,0.0
2015-03-15 15:00:00,0.236025,0.0336354166666666,0.0050333333333333,0.0,0.0,0.0,0.0678583333333333
2015-03-15 16:00:00,1.259111336032389,0.0365748987854251,0.1348825910931174,0.0,0.0,0.0,0.0090708502024291
2015-03-15 17:00:00,1.1788142292490118,0.0003616600790513,0.1838715415019763,0.0,0.0,0.0,0.0
2015-03-15 18:00:00,0.6401100000000001,0.061402,0.181392,0.0,0.0,0.0,0.0
2015-03-15 19:00:00,0.678640404040404,0.0,0.1813232323232323,0.0,0.0,0.0,0.0
2015-03-15 20:00:00,0.9522765531062124,0.0456172344689378,0.1523607214428857,0.0,0.0,0.0,0.0
2015-03-15 21:00:00,0.4688915662650602,0.0154738955823293,0.1572329317269076,0.0,0.0,0.0,0.0
2015-03-15 22:00:00,0.348699203187251,0.0276673306772908,0.1434203187250996,0.0,0.0,0.0,0.0
2015-03-15 23:00:00,0.1758224852071006,0.0399723865877712,0.0050887573964497,0.0,0.0,0.0,0.0
2015-03-16 00:00:00,0.1623196078431372,0.0,0.0048588235294117,0.0,0.0,0.0,0.0
2015-03-16 01:00:00,0.16736328125,0.05566015625,0.00487109375,0.0,0.0,0.0,0.0
2015-03-16 02:00:00,0.1528772277227723,0.0034752475247524,0.0048930693069306,0.0,0.0,0.0,0.0
2015-03-16 03:00:00,0.1553346379647749,0.0,0.0097358121330724,0.0,0.0,0.0,0.0
2015-03-16 04:00:00,0.1609862204724409,0.0622460629921259,0.0048700787401574,0.0,0.0,0.0,0.0
2015-03-16 05:00:00,0.1504566929133858,0.0024055118110236,0.0048740157480314,0.0,0.0,0.0,0.0
2015-03-16 06:00:00,0.2846844181459566,0.0003925049309664,0.0048639053254437,0.0,0.1070335305719921,0.0,0.0
2015-03-16 07:00:00,0.4836554455445545,0.0593980198019802,0.0048752475247524,0.0485148514851485,0.1041584158415841,0.0,0.0
2015-03-16 08:00:00,2.047308300395257,0.0,0.0049071146245059,9.486166007905138e-05,0.0,0.0,0.0
2015-03-16 09:00:00,0.454494071146245,0.0106660079051383,0.004897233201581,0.0,0.0010118577075098,0.0005059288537549,0.0
2015-03-16 10:00:00,0.3098508946322067,0.0467614314115308,0.0049025844930417,0.0,0.0,0.0,0.0
2015-03-16 11:00:00,0.1518915187376726,0.0,0.0049033530571992,0.0,0.0,0.0,0.0
2015-03-16 12:00:00,0.2550338645418326,0.0254083665338645,0.026906374501992,0.0,0.0683386454183267,0.0,0.0
2015-03-16 13:00:00,0.249608,0.040976,0.099518,0.0,0.0,0.0,0.0
2015-03-16 14:00:00,0.1510945674044265,0.0,0.0050503018108651,0.0,0.0006599597585513,0.0,0.0
2015-03-16 15:00:00,0.1510238568588469,0.0,0.00489662027833,0.0,0.0,0.0,0.0
2015-03-16 16:00:00,0.3275758196721312,0.0648401639344262,0.0048709016393442,0.0,0.109358606557377,0.0,0.0
2015-03-16 17:00:00,0.3826646942800789,0.0003254437869822,0.0048500986193293,0.0,0.0,0.0,0.0
2015-03-16 18:00:00,1.8833822784810128,0.054086075949367,0.0048177215189873,0.0,0.0,0.0,0.0
2015-03-16 19:00:00,1.0851354581673307,0.0005,0.1403406374501992,0.0,0.0,0.0,0.0015019920318725
2015-03-16 20:00:00,0.9456712871287128,0.0638871287128712,0.0050277227722772,0.0,0.0,0.0,0.114239603960396
2015-03-16 21:00:00,0.645390099009901,0.0001881188118811,0.0583801980198019,0.0273564356435643,0.1073881188118811,0.0,0.0603366336633663
2015-03-16 22:00:00,0.4016235059760956,0.0605936254980079,0.1188565737051792,0.0,0.0,0.0,0.1029302788844621
2015-03-16 23:00:00,0.2224126984126984,0.0,0.0051111111111111,0.0,0.0,0.0,0.1105654761904761
2015-03-17 00:00:00,0.1540841487279843,0.001197651663405,0.0049021526418786,0.0,0.0020039138943248,0.0,0.0023365949119373
2015-03-17 01:00:00,0.1586962524654832,0.061749506903353,0.0048895463510848,0.0,0.0,0.0,0.0
2015-03-17 02:00:00,0.1522509803921568,0.0002509803921568,0.005278431372549,0.0,0.0,0.0,0.0
2015-03-17 03:00:00,0.1564841269841269,0.0034861111111111,0.0094642857142857,0.0,0.0,0.0,0.0
2015-03-17 04:00:00,0.1584023668639053,0.0579605522682445,0.004913214990138,0.0,0.0,0.0,0.0
2015-03-17 05:00:00,0.1505413385826771,0.0,0.0048858267716535,0.0,0.0,0.0,0.0
2015-03-17 06:00:00,0.4267272727272727,0.0034090909090909,0.0048596837944664,0.0,0.2184841897233201,0.0,0.0
2015-03-17 07:00:00,0.3486739130434783,0.0608280632411067,0.004895256916996,0.0,0.0,0.0,0.0
2015-03-17 08:00:00,0.8777069306930694,0.0007881188118811,0.0048534653465346,0.0,0.0,0.0458455445544554,0.0
2015-03-17 09:00:00,0.6769173228346457,0.0382736220472441,0.0049192913385826,0.0,0.0,0.0016377952755905,0.0
2015-03-17 10:00:00,0.2185795677799607,0.0246267190569744,0.0564833005893909,0.0191925343811394,0.0,0.0,0.0
2015-03-17 11:00:00,0.1528915187376726,0.0,0.0077909270216962,0.0,0.0,0.0,0.0
2015-03-17 12:00:00,0.1649148514851485,0.0305049504950495,0.0048970297029702,0.0,0.0,0.0,0.0
2015-03-17 13:00:00,0.200734,0.039882,0.061194,0.0,0.0,0.0,0.0
2015-03-17 14:00:00,0.1819038076152304,0.0,0.0305330661322645,0.0,0.0,0.0,0.0
2015-03-17 15:00:00,0.1525904572564612,0.0080059642147117,0.0049025844930417,0.0,0.0,0.0,0.0
2015-03-17 16:00:00,0.214370808678501,0.0549250493096646,0.0049191321499013,0.0,0.0,0.0,0.0
2015-03-17 17:00:00,0.4698196392785571,0.0096092184368737,0.0544849699398797,0.0,0.1420220440881763,0.0903687374749498,0.0
2015-03-17 18:00:00,1.3212513966480446,0.0385614525139664,0.1156983240223463,0.0,0.1614385474860335,0.0,0.0
2015-03-17 19:00:00,1.0900870535714289,0.0334241071428571,0.0120089285714285,0.0,0.0,0.0,0.006921875
2015-03-17 20:00:00,0.7679496855345911,0.0287442348008385,0.1609979035639412,0.0001530398322851,0.0,0.0,0.1009685534591195
2015-03-17 21:00:00,0.509780198019802,0.0178950495049504,0.1841960396039604,0.0,0.0,0.0,0.1094871287128712
2015-03-17 22:00:00,0.4494431137724551,0.0381117764471057,0.1402734530938123,0.0,0.0892734530938123,0.0,0.0266606786427145
2015-03-17 23:00:00,0.2235597609561753,0.0,0.0050597609561752,0.0,0.0,0.0,0.1120936254980079
2015-03-18 00:00:00,0.1594491017964071,0.0586846307385229,0.0048602794411177,0.0,0.0,0.0,0.0006646706586826
2015-03-18 01:00:00,0.149414342629482,0.0001593625498007,0.004902390438247,0.0,0.0,0.0,0.0
2015-03-18 02:00:00,0.150197628458498,0.0164071146245059,0.0052411067193675,0.0,0.0,0.0,0.0
2015-03-18 03:00:00,0.1623128712871287,0.0545920792079207,0.0094732673267326,0.0,0.0,0.0,0.0
2015-03-18 04:00:00,0.1522306163021869,0.0388787276341948,0.0048986083499005,0.0,0.0,0.0,0.0
2015-03-18 05:00:00,0.1505924453280318,0.0,0.0048846918489065,0.0,0.0,0.0,0.0
2015-03-18 06:00:00,0.7963935091277891,0.0077139959432048,0.0048782961460446,0.0,0.1130973630831643,0.0,0.0
2015-03-18 07:00:00,1.1156825396825398,0.0600496031746031,0.004875,0.0,0.1620615079365079,0.0,0.0
2015-03-18 08:00:00,0.6814901185770751,0.0003201581027667,0.0049150197628458,0.0,0.0,0.031794466403162,0.0
2015-03-18 09:00:00,0.3565992063492063,0.0,0.004890873015873,0.0,0.0,0.0,0.0
2015-03-18 10:00:00,0.4653944773175542,0.063723865877712,0.0048954635108481,0.0,0.0,0.0,0.0
2015-03-18 11:00:00,0.1520413385826771,0.0,0.0049173228346456,0.0,0.0,0.0,0.0
2015-03-18 12:00:00,0.1552103174603174,0.0,0.004890873015873,0.0,0.0,0.0,0.0
2015-03-18 13:00:00,0.1620896414342629,0.0662430278884462,0.004902390438247,0.0,0.0,0.0,0.0
2015-03-18 14:00:00,0.1516310483870967,0.0046391129032258,0.0049032258064516,0.0,0.0,0.0,0.0
2015-03-18 15:00:00,0.1512094861660079,0.0,0.004893280632411,0.0,0.0,0.0,0.0
2015-03-18 16:00:00,0.2033478260869565,0.0423893280632411,0.004899209486166,0.0,0.0,0.0,0.0
2015-03-18 17:00:00,0.468015873015873,0.0253015873015873,0.0842539682539682,0.0607083333333333,0.1306884920634921,0.0,0.0
2015-03-18 18:00:00,0.6037445544554455,0.0,0.005079207920792,0.0252336633663366,0.0,0.0,0.0361465346534653
2015-03-18 19:00:00,0.9665108481262328,0.0655226824457593,0.0048007889546351,0.0,0.0,0.0,0.0005187376725838
2015-03-18 20:00:00,1.1764027504911592,0.0005442043222003,0.1044695481335952,0.0,0.0760766208251473,0.0,0.0
2015-03-18 21:00:00,0.4157459016393443,0.0609733606557377,0.1823422131147541,0.0,6.967213114754098e-05,0.0,0.0
2015-03-18 22:00:00,0.3307416173570019,0.0,0.1689211045364891,0.0,0.0,0.0,0.0
2015-03-18 23:00:00,0.1524802371541501,0.0,0.0050592885375494,0.0,6.324110671936758e-05,0.0,0.0
2015-03-19 00:00:00,0.162029296875,0.0631171875,0.0048671875,0.0,0.0,0.0,0.0
2015-03-19 01:00:00,0.1517760314341847,0.0,0.0048880157170923,0.0,0.0005029469548133,0.0,0.0
2015-03-19 02:00:00,0.1514339250493096,0.0,0.0051262327416173,0.0,0.0,0.0,0.0
2015-03-19 03:00:00,0.1657400793650793,0.0612281746031746,0.0095257936507936,0.0,3.968253968253968e-05,0.0,0.0
2015-03-19 04:00:00,0.151120315581854,0.0,0.0048915187376725,0.0,0.0444339250493096,0.0,0.0
2015-03-19 05:00:00,0.1498408644400785,0.0,0.0048742632612966,0.0,0.0,0.0,0.0
2015-03-19 06:00:00,0.3838343195266272,0.0643037475345167,0.0048500986193293,0.0,0.2457712031558185,0.0,0.0
2015-03-19 07:00:00,0.8799665354330708,0.0008090551181102,0.0048681102362204,0.0,0.1093405511811023,0.0377736220472441,0.0
2015-03-19 08:00:00,0.7582268244575937,0.0,0.0048678500986193,0.0,0.0,0.0,0.0
2015-03-19 09:00:00,0.6219013806706114,0.0052031558185404,0.0049053254437869,0.0,0.0,5.917159763313609e-06,0.0
2015-03-19 10:00:00,0.1597075098814229,0.0618636363636363,0.0049031620553359,0.0,0.0,0.0005059288537549,0.0
2015-03-19 11:00:00,0.1516555772994129,0.0,0.0048825831702544,0.0,0.0,0.0120254403131115,0.0
2015-03-19 12:00:00,0.2355396825396825,0.0095,0.0048968253968253,0.0,0.0742003968253968,0.0,0.0
2015-03-19 13:00:00,0.1605896414342629,0.0556573705179282,0.0049083665338645,0.0,0.0,0.0,0.0
2015-03-19 14:00:00,0.1505100401606425,0.0,0.004867469879518,0.0,0.0,0.0,0.0
2015-03-19 15:00:00,0.159191699604743,0.0,0.004897233201581,0.0,0.0,0.0,0.0
2015-03-19 16:00:00,0.2364595660749507,0.0576962524654832,0.0048994082840236,0.0,0.0,0.0,0.0
2015-03-19 17:00:00,0.8396257425742574,0.0107861386138613,0.004829702970297,0.0,0.0,0.0,0.0
2015-03-19 18:00:00,2.0528210735586483,0.0627872763419483,0.0047872763419483,0.0,0.0,0.0,0.0454592445328031
2015-03-19 19:00:00,0.2416742738589211,0.0,0.0048174273858921,0.0,0.0,0.0,0.0004585062240663
2015-03-19 20:00:00,0.5417267326732673,0.0356237623762376,0.1043623762376237,0.0,0.0994811881188118,0.0,0.042269306930693
2015-03-19 21:00:00,0.4809960396039604,0.0318712871287128,0.1821564356435643,0.0,0.0,0.0,0.1122871287128712
2015-03-19 22:00:00,0.3263411306042885,0.0,0.1347719298245614,0.0,0.0,0.0,0.0354658869395711
2015-03-19 23:00:00,0.1603759842519685,0.054261811023622,0.0051653543307086,0.0,0.0,0.0,0.0006003937007874
2015-03-20 00:00:00,0.1515885826771653,0.0092362204724409,0.0048897637795275,0.0,0.0,0.0,0.0
2015-03-20 01:00:00,0.1507819253438114,0.0,0.004901768172888,0.0,0.0,0.0,0.0
2015-03-20 02:00:00,0.1576883629191321,0.0434003944773175,0.0050788954635108,0.0,0.0,0.0,0.0
2015-03-20 03:00:00,0.1566356435643564,0.0217188118811881,0.0095980198019801,0.0,0.0,0.0,0.0
2015-03-20 04:00:00,0.1511739130434782,0.0,0.0049110671936758,0.0,0.0,0.0,0.0
2015-03-20 05:00:00,0.1499273084479371,0.0,0.004901768172888,0.0,0.0,0.0,0.0
2015-03-20 06:00:00,0.3100547945205479,0.0667475538160469,0.0048845401174168,0.0,0.0872289628180039,0.0043835616438356,0.0
2015-03-20 07:00:00,0.458561122244489,0.0002845691382765,0.0048396793587174,0.0,0.1270721442885771,0.0,0.0
2015-03-20 08:00:00,0.7126178217821783,0.057209900990099,0.0305623762376237,0.0,0.0,0.0,0.0
2015-03-20 09:00:00,0.6883941176470588,0.0,0.0453176470588235,0.0,7.84313725490196e-06,0.0,0.0
2015-03-20 10:00:00,0.179113725490196,0.0,0.0452666666666666,0.0,0.0,0.0,0.0
2015-03-20 11:00:00,0.1909114173228346,0.0661200787401574,0.0451633858267716,0.0,0.0,0.0,0.0
2015-03-20 12:00:00,0.3302905138339921,0.0008162055335968,0.0838142292490118,0.0,0.1128399209486166,0.0,0.0
2015-03-20 13:00:00,0.1949289940828402,0.0154398422090729,0.0570670611439842,0.0,0.0,0.0,0.0
2015-03-20 14:00:00,0.1569108910891089,0.0471168316831683,0.0051405940594059,0.0,0.0,0.0,0.0
2015-03-20 15:00:00,0.1510197238658777,0.0,0.0048678500986193,0.0,0.0,0.0,0.0
2015-03-20 16:00:00,0.4219763779527559,0.0311299212598425,0.0048838582677165,0.0,0.234267716535433,0.0,0.0
2015-03-20 17:00:00,0.2656836935166994,0.0435402750491159,0.0069607072691552,0.0,0.0,0.0,0.0105500982318271
2015-03-20 18:00:00,1.3529761904761903,0.0096349206349206,0.0775059523809523,0.0801845238095238,0.0,0.0,0.0004880952380952
2015-03-20 19:00:00,0.4279821073558648,0.0526302186878727,0.1709940357852882,0.0,0.0,0.0,0.0
2015-03-20 20:00:00,0.3808131212723658,0.0,0.1682703777335984,0.0,0.0,0.0,0.0
2015-03-20 21:00:00,0.4170798403193613,0.0607105788423153,0.1837724550898203,0.0,0.0,0.0,0.0341377245508982
2015-03-20 22:00:00,0.6385669291338583,0.0,0.0342992125984252,6.10236220472441e-05,0.0,0.0,0.0005610236220472
2015-03-20 23:00:00,0.6388333333333334,0.0198313725490196,0.0050607843137254,0.0,0.0,0.0,0.0
2015-03-21 00:00:00,0.1572603550295858,0.0399980276134122,0.0048698224852071,0.0,0.0,0.0,0.0
2015-03-21 01:00:00,0.1514237623762376,0.0,0.0048712871287128,0.0,0.0,0.0,0.0
2015-03-21 02:00:00,0.1605088408644401,0.052188605108055,0.005,0.0,0.0,0.0,0.0
2015-03-21 03:00:00,0.1564901574803149,0.0073307086614173,0.0096220472440944,0.0,0.0,0.0,0.0
2015-03-21 04:00:00,0.1516607495069033,0.0,0.0048856015779092,0.0,0.0,0.0,0.0
2015-03-21 05:00:00,0.1624316831683168,0.0574653465346534,0.0048910891089108,0.0,0.0,0.0,0.0
2015-03-21 06:00:00,0.2807784431137725,0.0001516966067864,0.0048423153692614,0.0,0.0965189620758483,0.0,0.0407185628742515
2015-03-21 07:00:00,0.5250818363273453,0.0303732534930139,0.0123972055888223,0.0,0.1121037924151696,0.0349900199600798,0.0388003992015968
2015-03-21 08:00:00,0.3033853754940711,0.0546363636363636,0.0207549407114624,0.0,0.0,0.1281225296442688,0.0259150197628458
2015-03-21 09:00:00,0.2419033530571992,0.0,0.0048777120315581,0.0,0.0,0.1145719921104536,0.0272366863905325
2015-03-21 10:00:00,0.2663083003952569,0.0,0.004897233201581,0.0,0.0,0.1153715415019762,0.027098814229249
2015-03-21 11:00:00,0.2620059288537549,0.0035415019762845,0.004893280632411,0.0,0.0,0.115796442687747,0.0271284584980237
2015-03-21 12:00:00,0.2442090729783037,0.0189349112426035,0.0048836291913214,0.0,0.0,0.1169723865877711,0.0273017751479289
2015-03-21 13:00:00,0.2725570866141732,0.0069291338582677,0.0048759842519685,0.0,0.0,0.1150374015748031,0.0271515748031496
2015-03-21 14:00:00,0.2632031558185404,0.0124280078895463,0.0048737672583826,0.0,0.0,0.1158915187376725,0.0271045364891518
2015-03-21 15:00:00,0.2441422924901185,0.0052173913043478,0.0048596837944664,0.0,0.0,0.1146719367588932,0.0272193675889328
2015-03-21 16:00:00,0.3140611439842209,0.0332445759368836,0.0048481262327416,0.0,0.0,0.1128934911242603,0.0274635108481262
2015-03-21 17:00:00,0.3148703339882122,0.0338369351669941,0.0171630648330058,0.0,0.0,0.0951984282907662,0.0273732809430255
2015-03-21 18:00:00,0.3884173228346457,0.009505905511811,0.1896791338582677,0.0,0.0,0.0,0.0273700787401574
2015-03-21 19:00:00,0.4455944333996024,0.0507435387673956,0.182976143141153,0.0,0.0,0.0,0.0274194831013916
2015-03-21 20:00:00,0.4221783567134268,0.0,0.1659939879759519,0.0,0.0,0.0,0.0271523046092184
2015-03-21 21:00:00,0.3959388560157791,0.0464358974358974,0.1608717948717948,0.0,0.0,0.0,0.0329763313609467
2015-03-21 22:00:00,0.2084601593625498,0.0152649402390438,0.0550856573705179,0.0,0.0,0.0,0.0003904382470119
2015-03-21 23:00:00,0.1493142292490118,0.0022766798418972,0.0050830039525691,0.0,0.0,0.0,0.0
2015-03-22 00:00:00,0.1586484375,0.059521484375,0.004880859375,0.0,0.0,0.0,0.0
2015-03-22 01:00:00,0.1492952755905511,0.0,0.0048799212598425,0.0,0.0,0.0,0.0
2015-03-22 02:00:00,0.1518915187376726,0.0107613412228796,0.0049230769230769,0.0,0.0,0.0,0.0
2015-03-22 03:00:00,0.1627263779527559,0.0483149606299212,0.0097047244094488,0.0,0.0,0.0,0.0
2015-03-22 04:00:00,0.150396449704142,0.0,0.0049072978303747,0.0,0.0,0.0,0.0
2015-03-22 05:00:00,0.1519108910891089,0.0050079207920792,0.0049009900990099,0.0,0.0,0.0,0.0
2015-03-22 06:00:00,0.2811979591836734,0.0532714285714285,0.0049,0.0,0.1287714285714285,0.0,0.0
2015-03-22 07:00:00,0.4168829365079365,0.0002460317460317,0.0048769841269841,0.0,0.1067202380952381,0.0,0.1127003968253968
2015-03-22 08:00:00,0.2761417910447761,0.0162388059701492,0.0048507462686567,0.0,0.0,0.0,0.112320895522388
2015-03-22 09:00:00,,,,,,,
2015-03-22 10:00:00,,,,,,,
2015-03-22 11:00:00,,,,,,,
2015-03-22 12:00:00,,,,,,,
2015-03-22 13:00:00,,,,,,,
2015-03-22 14:00:00,,,,,,,
2015-03-22 15:00:00,,,,,,,
2015-03-22 16:00:00,,,,,,,
2015-03-22 17:00:00,,,,,,,
2015-03-22 18:00:00,,,,,,,
2015-03-22 19:00:00,,,,,,,
2015-03-22 20:00:00,,,,,,,
2015-03-22 21:00:00,,,,,,,
2015-03-22 22:00:00,,,,,,,
2015-03-22 23:00:00,,,,,,,
2015-03-23 00:00:00,,,,,,,
2015-03-23 01:00:00,,,,,,,
2015-03-23 02:00:00,,,,,,,
2015-03-23 03:00:00,,,,,,,
2015-03-23 04:00:00,,,,,,,
2015-03-23 05:00:00,,,,,,,
2015-03-23 06:00:00,,,,,,,
2015-03-23 07:00:00,,,,,,,
2015-03-23 08:00:00,,,,,,,
2015-03-23 09:00:00,,,,,,,
2015-03-23 10:00:00,,,,,,,
2015-03-23 11:00:00,,,,,,,
2015-03-23 12:00:00,,,,,,,
2015-03-23 13:00:00,,,,,,,
2015-03-23 14:00:00,,,,,,,
2015-03-23 15:00:00,,,,,,,
2015-03-23 16:00:00,,,,,,,
2015-03-23 17:00:00,,,,,,,
2015-03-23 18:00:00,,,,,,,
2015-03-23 19:00:00,,,,,,,
2015-03-23 20:00:00,,,,,,,
2015-03-23 21:00:00,,,,,,,
2015-03-23 22:00:00,,,,,,,
2015-03-23 23:00:00,,,,,,,
2015-03-24 00:00:00,,,,,,,
2015-03-24 01:00:00,,,,,,,
2015-03-24 02:00:00,,,,,,,
2015-03-24 03:00:00,,,,,,,
2015-03-24 04:00:00,,,,,,,
2015-03-24 05:00:00,,,,,,,
2015-03-24 06:00:00,,,,,,,
2015-03-24 07:00:00,,,,,,,
2015-03-24 08:00:00,,,,,,,
2015-03-24 09:00:00,,,,,,,
2015-03-24 10:00:00,,,,,,,
2015-03-24 11:00:00,,,,,,,
2015-03-24 12:00:00,,,,,,,
2015-03-24 13:00:00,,,,,,,
2015-03-24 14:00:00,,,,,,,
2015-03-24 15:00:00,0.1609555555555555,0.0713206349206349,0.0048349206349206,0.0,0.0,0.0,0.0
2015-03-24 16:00:00,0.3507872763419483,0.000572564612326,0.0090258449304174,0.0,0.1958747514910536,0.0,0.0
2015-03-24 17:00:00,0.3422246520874751,0.0530477137176938,0.1652644135188866,0.0,0.0,0.0,0.0
2015-03-24 18:00:00,0.856898,0.000292,0.098322,0.1369079999999999,0.0,0.028578,0.0
2015-03-24 19:00:00,0.5973452380952381,0.0535753968253968,0.0262123015873015,0.0,0.0,0.0,0.0565119047619047
2015-03-24 20:00:00,1.2299462151394422,0.0006274900398406,0.1781474103585657,0.0935278884462151,0.0878326693227091,0.0,0.0755996015936255
2015-03-24 21:00:00,0.476327380952381,0.042938492063492,0.1825297619047619,0.0,0.0,0.0,0.1115615079365079
2015-03-24 22:00:00,0.4136410256410256,0.0104299802761341,0.1805700197238658,0.0,0.0,0.0,0.0808796844181459
2015-03-24 23:00:00,0.1545964566929134,0.0,0.006523622047244,0.0,0.0,0.0,0.0004153543307086
2015-03-25 00:00:00,0.1622811881188118,0.0551009900990099,0.0048910891089108,0.0,0.0,0.0,0.0
2015-03-25 01:00:00,0.1532019801980198,0.0,0.0049049504950495,0.0,0.0,0.0,0.0
2015-03-25 02:00:00,0.1537583497053045,0.0002416502946954,0.0052436149312377,0.0,0.0,0.0,0.0
2015-03-25 03:00:00,0.1658402366863905,0.0563254437869822,0.0094260355029585,0.0,0.0,0.0,0.0
2015-03-25 04:00:00,0.153619801980198,0.0,0.00489900990099,0.0,0.0,0.0,0.0
2015-03-25 05:00:00,0.1512185039370079,0.0,0.0048838582677165,0.0,0.0,0.0,0.0
2015-03-25 06:00:00,1.3157218934911243,0.0597850098619329,0.0135207100591715,0.0001262327416173,0.2015207100591716,0.0,0.0
2015-03-25 07:00:00,0.3444027504911591,0.0012593320235756,0.0051139489194499,0.0,0.1466738703339882,0.0,0.0
2015-03-25 08:00:00,0.2041877470355731,0.0548083003952569,0.0624604743083004,0.0,0.0005059288537549,0.0,0.0
2015-03-25 09:00:00,0.1498059405940593,0.0,0.0051485148514851,0.0,0.0,0.0,0.0
2015-03-25 10:00:00,0.1498234126984127,0.0,0.0049007936507936,0.0,0.0,0.0,0.0
2015-03-25 11:00:00,0.2172445328031809,0.0621153081510934,0.0733280318091451,0.0,0.0040715705765407,0.0,0.0
2015-03-25 12:00:00,0.4389054325955734,0.0007042253521126,0.1910422535211267,0.0425935613682092,0.0808370221327967,0.0,0.0
2015-03-25 13:00:00,0.352930412371134,0.0492989690721649,0.1920927835051546,0.0,0.0,0.0,0.0
2015-03-25 14:00:00,0.1833049504950495,0.0088752475247524,0.0424118811881188,0.0,0.0,0.0,0.0
2015-03-25 15:00:00,0.1560316205533596,0.0,0.0097351778656126,0.0,0.0,0.0,0.0
2015-03-25 16:00:00,0.3204980392156862,0.0655725490196078,0.0048549019607843,0.0,0.1262686274509804,0.0,0.0
2015-03-25 17:00:00,0.3840611439842209,0.000560157790927,0.1042248520710059,4.930966469428008e-05,0.1742899408284023,0.0,0.0
2015-03-25 18:00:00,0.2268653465346534,0.0595742574257425,0.005009900990099,0.0,0.0,0.0,0.0459346534653465
2015-03-25 19:00:00,0.9579195171026156,0.0008028169014084,0.0768329979879275,0.2378531187122736,0.0,8.048289738430584e-06,0.0060704225352112
2015-03-25 20:00:00,0.8304058823529411,0.0619392156862745,0.1593019607843137,0.0,0.0,0.0,0.0
2015-03-25 21:00:00,0.3220039761431411,0.0,0.1803876739562624,0.0,0.0,0.0,0.0
2015-03-25 22:00:00,0.3546811881188119,0.0567465346534653,0.1810158415841584,0.0,0.0,1.9801980198019803e-06,0.0
2015-03-25 23:00:00,0.1879940828402367,0.0,0.0473116370808678,0.0,0.0,0.0,0.0
2015-03-26 00:00:00,0.155956607495069,0.0321380670611439,0.005240631163708,0.0,0.0,0.0,0.0
2015-03-26 01:00:00,0.1521877470355731,0.0234604743083003,0.0048695652173913,0.0,0.0,0.0,0.0
2015-03-26 02:00:00,0.1505976331360947,0.0,0.005145956607495,0.0,0.0,0.0,0.0
2015-03-26 03:00:00,0.1603722772277227,0.0483504950495049,0.0095148514851485,0.0,0.0040554455445544,0.0,0.0
2015-03-26 04:00:00,0.1508478260869565,0.0079387351778656,0.0048774703557312,0.0,3.952569169960474e-06,0.0,0.0
2015-03-26 05:00:00,0.1495265225933202,0.0382239685658153,0.004893909626719,0.0,0.0,0.0,0.0
2015-03-26 06:00:00,0.3113405940594059,0.0338673267326732,0.0048851485148514,0.0,0.0434574257425742,0.0,0.0
2015-03-26 07:00:00,0.6387455268389661,0.0312962226640159,0.021365805168986,0.0,0.1601530815109343,0.0244015904572564,0.0
2015-03-26 08:00:00,0.5821811023622047,0.0,0.0703070866141732,0.0,0.0,0.0,0.0
2015-03-26 09:00:00,0.6704133858267717,0.0504448818897637,0.0051358267716535,0.0,0.0,0.0,0.0
2015-03-26 10:00:00,0.1516326129666012,0.0093222003929273,0.0048801571709233,0.0,0.0,0.0,0.0
2015-03-26 11:00:00,0.1517139959432048,0.0,0.0049148073022312,0.0,0.0335578093306288,0.0,0.0
2015-03-26 12:00:00,0.182060291060291,0.0419896049896049,0.0194095634095634,0.0,0.0,0.0,0.0
2015-03-26 13:00:00,0.2700798403193613,0.0263313373253493,0.1151437125748503,0.0,0.0,0.0,0.0
2015-03-26 14:00:00,0.1587066929133858,0.0,0.0051318897637795,0.0,0.0,0.0042834645669291,0.0
2015-03-26 15:00:00,0.1689071146245059,0.0622272727272727,0.004895256916996,0.0,0.0,5.928853754940711e-06,0.0
2015-03-26 16:00:00,0.3224347826086956,0.0003063241106719,0.0262470355731225,0.0,0.1220177865612648,0.0,0.0
2015-03-26 17:00:00,0.4221161417322834,0.0484212598425196,0.1634173228346456,0.0,0.0786240157480314,0.0,0.0
2015-03-26 18:00:00,0.475781746031746,0.007781746031746,0.1838630952380952,0.0,0.1061448412698412,0.0,0.0
2015-03-26 19:00:00,1.489861932938856,0.0216923076923076,0.1580157790927021,0.0001045364891518,0.0,0.0,0.0
2015-03-26 20:00:00,0.5554990138067061,0.0396272189349112,0.192214990138067,0.0532485207100591,0.0,0.0,0.0
2015-03-26 21:00:00,0.4736167664670658,0.0679980039920159,0.1859061876247504,0.0001497005988023,0.0,0.0,0.0
2015-03-26 22:00:00,0.3694280078895463,0.0488974358974359,0.1775384615384615,0.0,0.0,0.0,0.0
2015-03-26 23:00:00,0.1652579365079365,0.046454365079365,0.0113551587301587,0.0,0.0,0.0,0.0
2015-03-27 00:00:00,0.1566824457593688,0.0411143984220907,0.0048796844181459,0.0,0.0,0.0,0.0
2015-03-27 01:00:00,0.1500138339920948,0.0042727272727272,0.0048675889328063,0.0,0.0,0.0,0.0
2015-03-27 02:00:00,0.157001968503937,0.0470905511811023,0.0050413385826771,0.0,0.0,0.0,0.0
2015-03-27 03:00:00,0.154013725490196,0.0,0.0094607843137254,0.0,0.0,0.0,0.0
2015-03-27 04:00:00,0.1585992063492063,0.0554146825396825,0.004906746031746,0.0,0.0,0.0,0.0
2015-03-27 05:00:00,0.1494098039215686,0.0010666666666666,0.0049196078431372,0.0,0.0,0.0,0.0
2015-03-27 06:00:00,0.595545634920635,0.0189880952380952,0.0673511904761904,0.0826388888888888,0.2094742063492063,0.0,0.0
2015-03-27 07:00:00,0.9492755905511812,0.0368267716535433,0.0221594488188976,0.0,0.0646929133858267,0.0,0.0
2015-03-27 08:00:00,1.0856397637795276,0.0,0.0143503937007874,0.0,0.0,0.0,0.0
2015-03-27 09:00:00,0.6985905511811024,0.0523759842519685,0.0048838582677165,0.0,0.0,0.0,0.0
2015-03-27 10:00:00,0.1548356435643564,0.0,0.0080316831683168,0.0,0.0,0.0,0.0
2015-03-27 11:00:00,0.1680671936758893,0.0099209486166007,0.0224426877470355,0.0,0.0,0.0,0.0
2015-03-27 12:00:00,0.2534554455445544,0.0458039603960396,0.013619801980198,0.0,0.0921148514851485,0.0,0.0
2015-03-27 13:00:00,0.1518974358974358,0.0,0.0049033530571992,0.0,0.0,0.0,0.0
2015-03-27 14:00:00,0.413656188605108,0.0534440078585461,0.0703143418467583,0.0,0.1080039292730844,0.0,0.0
2015-03-27 15:00:00,0.1873043478260869,0.0,0.0050849802371541,0.0,0.0,0.0,0.0114683794466403
2015-03-27 16:00:00,0.1813550295857988,0.030861932938856,0.0048658777120315,0.0,0.0,0.0,0.0
2015-03-27 17:00:00,0.4990764705882353,0.0364078431372549,0.1084431372549019,0.0312490196078431,0.1609156862745098,0.063056862745098,0.0
2015-03-27 18:00:00,0.3875751295336788,0.0,0.1865518134715025,0.0,0.0,0.0,0.0
2015-03-27 19:00:00,0.5983777335984096,0.0589184890656063,0.1838409542743539,0.0628886679920477,0.0,0.0344015904572564,0.0
2015-03-27 20:00:00,0.2992071005917159,0.0,0.1874378698224852,0.0,0.0,0.0,0.0
2015-03-27 21:00:00,0.330754,0.0570279999999999,0.1876779999999999,0.0,0.0,0.0,0.0
2015-03-27 22:00:00,0.3161420118343195,0.0001143984220907,0.1706153846153846,0.0,0.0,0.0,0.0
2015-03-27 23:00:00,0.2435756385068762,0.0122102161100196,0.0890373280943025,0.0,0.0,0.0,0.0
2015-03-28 00:00:00,0.1584842519685039,0.0462874015748031,0.0050807086614173,0.0,0.0,0.0,0.0
2015-03-28 01:00:00,0.1500711462450593,0.0,0.0048695652173913,0.0,2.3715415019762845e-05,0.0,0.0
2015-03-28 02:00:00,0.1570039525691699,0.0352648221343873,0.0049723320158102,0.0,0.0,0.0,0.0
2015-03-28 03:00:00,0.1573557312252964,0.0225177865612648,0.0097252964426877,0.0,0.0,0.0,0.0
2015-03-28 04:00:00,0.1500670611439842,0.0,0.0048777120315581,0.0,0.0,0.0,0.0
2015-03-28 05:00:00,0.1575719921104536,0.0447396449704142,0.0048934911242603,0.0,0.0,0.0,0.0
2015-03-28 06:00:00,0.4802180746561886,0.0158781925343811,0.1313654223968565,0.073459724950884,0.1539685658153241,0.0,0.0
2015-03-28 07:00:00,0.4806369294605809,0.0046058091286307,0.1887904564315352,0.0,0.1752157676348547,0.0,0.0
2015-03-28 08:00:00,0.5248696682464454,0.0375071090047393,0.0050710900473933,0.0,0.0693009478672985,0.0265165876777251,0.0
2015-03-28 09:00:00,0.2764793713163064,0.0,0.0048388998035363,0.0,0.0,0.0,0.0
2015-03-28 10:00:00,0.154803536345776,0.0238192534381139,0.0048467583497053,0.0,0.0,0.0,0.0
2015-03-28 11:00:00,0.1548725490196078,0.0343392156862745,0.0048980392156862,0.0,0.0,0.0,0.0
2015-03-28 12:00:00,0.943595703125,0.000267578125,0.016177734375,0.0,0.0,0.0,0.0
2015-03-28 13:00:00,1.2177810650887575,0.0642761341222879,0.0048856015779092,0.0,0.0,0.0,0.0
2015-03-28 14:00:00,0.5763927855711424,0.0004569138276553,0.0707575150300601,0.0,0.1556973947895791,0.0,0.0
2015-03-28 15:00:00,0.569,0.06548310139165,0.0220775347912524,0.0268389662027833,0.0,0.0,0.0
2015-03-28 16:00:00,0.3850613861386138,0.0168574257425742,0.1405623762376237,0.0,0.0,0.0,0.0
2015-03-28 17:00:00,0.3177724550898204,0.0344011976047904,0.1814630738522954,0.0,0.0,0.0,0.0
2015-03-28 18:00:00,0.4368053278688525,0.0318627049180327,0.1867274590163934,0.0,0.0960266393442623,0.0,0.0
2015-03-28 19:00:00,0.209122736418511,0.0,0.0474024144869215,0.0,0.0,0.0,0.0
2015-03-28 20:00:00,0.342598,0.06514,0.039914,0.0,0.123424,0.000384,0.0
2015-03-28 21:00:00,0.3104615384615384,0.0,0.1770404858299595,0.0,0.0,0.0,0.0
2015-03-28 22:00:00,0.3671830985915493,0.0589557344064386,0.1671287726358149,0.0,0.0020603621730382,1.609657947686117e-05,0.0
2015-03-28 23:00:00,0.1846331360946745,0.0,0.0262485207100591,0.0,0.0,0.0,0.0
2015-03-29 00:00:00,0.1567199211045365,0.0222938856015779,0.0048422090729783,0.0,0.0,0.0,0.0
2015-03-29 01:00:00,,,,,,,
2015-03-29 02:00:00,0.1577106299212598,0.040267716535433,0.0048818897637795,0.0,0.0,0.0,0.0
2015-03-29 03:00:00,0.1521119842829076,0.0050294695481335,0.004852652259332,0.0,0.0,0.0,0.0
2015-03-29 04:00:00,0.163629191321499,0.0473885601577909,0.0097317554240631,0.0,0.0,0.0,0.0
2015-03-29 05:00:00,0.1545069306930693,0.0161980198019802,0.0048970297029702,0.0,0.0,0.0,0.0
2015-03-29 06:00:00,0.1515108481262327,0.0038658777120315,0.0048796844181459,0.0,0.0,0.0,0.0
2015-03-29 07:00:00,0.1616475247524752,0.0531207920792079,0.0048673267326732,0.0,0.0,0.0,0.0
2015-03-29 08:00:00,0.5583359683794467,0.0098814229249011,0.1858181818181818,0.0,0.1551620553359683,0.0369031620553359,0.0187470355731225
2015-03-29 09:00:00,1.3052134387351777,0.0125592885375494,0.1235296442687747,0.0,0.1334347826086956,0.0,0.0313537549407114
2015-03-29 10:00:00,2.0565734126984125,0.0549801587301587,0.0051130952380952,0.0514722222222222,0.0665515873015873,0.0334246031746031,0.008672619047619
2015-03-29 11:00:00,2.456266666666667,0.0507372549019607,0.0048431372549019,0.0,0.1128588235294117,0.0,0.0005156862745098
2015-03-29 12:00:00,1.257405660377359,0.0521344339622641,0.0223537735849056,0.0,0.0521745283018868,0.0,0.0
2015-03-29 13:00:00,1.7921404612159328,0.0588763102725366,0.0838951781970649,0.0169308176100628,0.0,0.0025618448637316,0.0
2015-03-29 14:00:00,2.6777396449704143,0.0251577909270217,0.0893017751479289,0.0612071005917159,0.0,0.0,0.0278994082840236
2015-03-29 15:00:00,4.124788306451613,0.0556108870967741,0.1398568548387096,0.0,0.0,0.0,0.111758064516129
2015-03-29 16:00:00,0.49056,0.01697,0.00495,0.0,0.022272,0.0,0.0928
2015-03-29 17:00:00,0.455662027833002,0.052858846918489,0.1338151093439363,0.0,0.1328031809145129,0.0,0.0004592445328031
2015-03-29 18:00:00,0.2074570858283433,0.0160918163672654,0.0489900199600798,0.0,0.0,0.0,0.0
2015-03-29 19:00:00,0.4355588822355289,0.0357305389221556,0.1903532934131736,0.0,0.0827644710578842,0.0,0.0
2015-03-29 20:00:00,0.4140120481927711,0.0339638554216867,0.1827510040160642,0.0,0.0,0.0,0.0
2015-03-29 21:00:00,0.5094594059405941,0.020239603960396,0.1500831683168317,0.0,0.0,0.0,0.0
2015-03-29 22:00:00,0.3697971887550201,0.0475301204819277,0.1373795180722891,0.0,0.0,0.0,0.0
2015-03-29 23:00:00,0.2254043392504931,0.0,0.0635818540433925,0.0,0.0,0.0,0.0
2015-03-30 00:00:00,0.2085225933202357,0.0477897838899803,0.0579901768172888,0.0,0.0,0.0,0.0
2015-03-30 01:00:00,0.1844920948616601,0.0227648221343873,0.0451699604743082,0.0,0.0,0.0,0.0
2015-03-30 02:00:00,0.1799112426035503,0.0,0.044844181459566,0.0,0.0,0.0,0.0
2015-03-30 03:00:00,0.1973465346534653,0.0419069306930693,0.0509049504950495,0.0,0.0,0.0,0.0
2015-03-30 04:00:00,0.1905677799607072,0.0328762278978389,0.0453123772102161,0.0,0.0,0.0,0.0
2015-03-30 05:00:00,0.179994071146245,0.0,0.0448280632411067,0.0,0.0,0.0,0.0
2015-03-30 06:00:00,0.2954169960474308,0.0,0.0452569169960474,0.0,0.1050375494071146,0.0,0.0
2015-03-30 07:00:00,0.3858320158102767,0.0729150197628458,0.0050494071146245,0.0,0.1806561264822134,0.0,0.0
2015-03-30 08:00:00,1.971301587301588,0.0006547619047619,0.0048869047619047,7.738095238095239e-05,3.968253968253968e-06,0.0,0.0
2015-03-30 09:00:00,0.5788326693227092,0.0,0.0048784860557768,0.0,0.0,0.0,0.0
2015-03-30 10:00:00,0.3315306930693069,0.0657386138613861,0.0048712871287128,0.0,0.0,0.0,0.0
2015-03-30 11:00:00,0.1506039215686274,0.0,0.0048862745098039,0.0,0.0,0.0,0.0
2015-03-30 12:00:00,0.1561527777777777,0.0,0.0049027777777777,0.0,0.0,0.0,0.0
2015-03-30 13:00:00,0.1592998027613412,0.0456311637080867,0.0049092702169625,0.0,0.0,0.0,0.0
2015-03-30 14:00:00,0.255257874015748,0.0272775590551181,0.0049035433070866,0.0,0.0,0.0,0.0
2015-03-30 15:00:00,2.1291830708661417,0.0002913385826771,0.0049015748031496,0.0,0.1343326771653543,0.0,0.0
2015-03-30 16:00:00,0.60649,0.067602,0.004888,0.0,0.0,0.0,0.0
2015-03-30 17:00:00,0.435109126984127,0.0002956349206349,0.0048769841269841,0.0,0.1057797619047619,0.0,0.0
2015-03-30 18:00:00,0.4025905349794239,0.0137037037037037,0.0048477366255144,0.0,0.0,0.0021069958847736,0.0
2015-03-30 19:00:00,0.8078,0.0636019607843137,0.1377,0.0,0.0,0.0,0.0
2015-03-30 20:00:00,0.366452380952381,0.0,0.0050119047619047,0.0,0.0,0.0,0.0
2015-03-30 21:00:00,0.2636540755467197,0.0250099403578528,0.0074075546719681,0.0,0.0,0.0,0.0
2015-03-30 22:00:00,0.4439126984126984,0.0464365079365079,0.0221091269841269,0.0,0.1238472222222222,0.0,0.0408075396825396
2015-03-30 23:00:00,0.1733643564356435,0.0,0.0057009900990099,0.0,0.0,0.0,0.0158910891089108
2015-03-31 00:00:00,0.1593464566929134,0.052009842519685,0.0048503937007874,0.0,0.0,0.0,0.0
2015-03-31 01:00:00,0.1494387351778656,0.0167450592885375,0.0048656126482213,0.0,0.0,0.0,0.0
2015-03-31 02:00:00,0.1468836291913215,0.0,0.0048796844181459,0.0,0.0,0.0,0.0
2015-03-31 03:00:00,0.1606213017751479,0.0476134122287968,0.0096252465483234,0.0,0.0,0.0,0.0
2015-03-31 04:00:00,0.153953125,0.0494791666666666,0.0048854166666666,0.0,0.0,0.0,0.0
2015-03-31 05:00:00,,,,,,,
2015-03-31 06:00:00,,,,,,,
2015-03-31 07:00:00,,,,,,,
2015-03-31 08:00:00,,,,,,,
2015-03-31 09:00:00,,,,,,,
2015-03-31 10:00:00,,,,,,,
2015-03-31 11:00:00,,,,,,,
2015-03-31 12:00:00,,,,,,,
2015-03-31 13:00:00,,,,,,,
2015-03-31 14:00:00,,,,,,,
2015-03-31 15:00:00,,,,,,,
2015-03-31 16:00:00,,,,,,,
2015-03-31 17:00:00,,,,,,,
2015-03-31 18:00:00,,,,,,,
2015-03-31 19:00:00,,,,,,,
2015-03-31 20:00:00,,,,,,,
2015-03-31 21:00:00,,,,,,,
2015-03-31 22:00:00,,,,,,,
2015-03-31 23:00:00,,,,,,,
2015-04-01 00:00:00,,,,,,,
2015-04-01 01:00:00,,,,,,,
2015-04-01 02:00:00,,,,,,,
2015-04-01 03:00:00,,,,,,,
2015-04-01 04:00:00,,,,,,,
2015-04-01 05:00:00,,,,,,,
2015-04-01 06:00:00,,,,,,,
2015-04-01 07:00:00,,,,,,,
2015-04-01 08:00:00,,,,,,,
2015-04-01 09:00:00,,,,,,,
2015-04-01 10:00:00,,,,,,,
2015-04-01 11:00:00,,,,,,,
2015-04-01 12:00:00,,,,,,,
2015-04-01 13:00:00,,,,,,,
2015-04-01 14:00:00,,,,,,,
2015-04-01 15:00:00,,,,,,,
2015-04-01 16:00:00,0.1944585987261146,0.0511719745222929,0.0048471337579617,0.0,0.0,0.0,0.0
2015-04-01 17:00:00,0.1558472222222222,0.0315798611111111,0.0048854166666666,0.0,0.0,0.0,0.0
2015-04-01 18:00:00,0.2630719178082191,0.0002910958904109,0.0447739726027397,0.0710890410958904,0.0,0.0,0.0
2015-04-01 19:00:00,1.5609060773480663,0.0575690607734806,0.0200165745856353,0.0,0.0,0.0,0.0
2015-04-01 20:00:00,0.9922866894197953,0.0001535836177474,0.022938566552901,0.0,0.0,0.0,0.0
2015-04-01 21:00:00,0.3014013605442177,0.0583163265306122,0.0372006802721088,0.0,0.0,0.0,0.0
2015-04-01 22:00:00,0.5124715719063545,0.0140602006688963,0.1819698996655518,0.0,0.1497257525083612,0.0,0.0
2015-04-01 23:00:00,0.2682,0.0223,0.09986,0.0,0.0,0.0,0.0
2015-04-02 00:00:00,0.1554747474747475,0.0409898989898989,0.0049831649831649,0.0,0.0,0.0,0.0
2015-04-02 01:00:00,0.1488020134228188,0.013744966442953,0.0048859060402684,0.0,0.0,0.0,0.0
2015-04-02 02:00:00,0.1563489932885906,0.0409161073825503,0.0053087248322147,0.0,0.0,0.0,0.0
2015-04-02 03:00:00,0.1566397306397306,0.0236060606060606,0.0094747474747474,0.0,0.0,0.0,0.0
2015-04-02 04:00:00,0.149489932885906,0.0,0.0049362416107382,0.0,0.0,0.0,0.0
2015-04-02 05:00:00,0.1539763513513513,0.0253141891891891,0.0048851351351351,0.0,0.0,0.0,0.0
2015-04-02 06:00:00,0.3190200668896321,0.0423645484949832,0.0049197324414715,0.0,0.1225317725752508,0.0,0.0
2015-04-02 07:00:00,0.519043918918919,0.0003479729729729,0.0135168918918918,0.026652027027027,0.1862668918918919,0.0,0.0049391891891891
2015-04-02 08:00:00,0.2185454545454545,0.0664545454545454,0.0191279461279461,0.0003804713804713,0.0002154882154882,0.0,0.0004781144781144
2015-04-02 09:00:00,0.8706520270270269,0.0015405405405405,0.0073547297297297,0.0,0.0,0.0,0.0
2015-04-02 10:00:00,0.2755351170568562,0.0219498327759197,0.0048829431438127,0.0,0.1242408026755852,0.0,0.0
2015-04-02 11:00:00,0.2404779661016949,0.0567389830508474,0.0127322033898305,0.0,0.0590474576271186,0.0,0.0
2015-04-02 12:00:00,0.3932348993288591,0.0364194630872483,0.019476510067114,0.0,0.0679194630872483,0.0,0.0
2015-04-02 13:00:00,0.4859256756756757,0.0513952702702702,0.0192128378378378,0.0,0.0,0.0,0.0
2015-04-02 14:00:00,0.3359393939393939,0.0001414141414141,0.0122457912457912,0.0,0.0,0.0,0.0
2015-04-02 15:00:00,0.1816363636363636,0.0779158249158249,0.0048922558922558,0.0,0.0,0.0,0.0
2015-04-02 16:00:00,0.1637692307692307,0.0,0.0048984615384615,0.0,0.0,0.0,0.0
2015-04-02 17:00:00,0.4928181818181818,0.0301388888888888,0.0841212121212121,0.0,0.2455126262626262,0.0,0.0
2015-04-02 18:00:00,0.6975831622176591,0.0447556468172484,0.005053388090349,0.0,0.0977227926078028,0.0,0.0
2015-04-02 19:00:00,1.3731976190476192,0.0001404761904761,0.1941166666666667,0.0344071428571428,0.0,0.0,0.0
2015-04-02 20:00:00,1.0582027559055118,0.0734409448818897,0.0566791338582677,0.0,0.0867066929133858,0.0,0.0
2015-04-02 21:00:00,0.656794466403162,0.0309703557312252,0.1896284584980237,0.0255237154150197,0.0,0.0,0.0
2015-04-02 22:00:00,0.6636594488188977,8.858267716535432e-05,0.1794606299212598,0.0,0.0,0.0,0.0
2015-04-02 23:00:00,0.7919198312236286,0.0841940928270042,0.1008776371308016,0.0,0.0,0.0,0.0
2015-04-03 00:00:00,0.1654280078895463,0.0,0.0050591715976331,0.0,0.0,0.0,0.0
2015-04-03 01:00:00,0.1554495912806539,0.0,0.0048637602179836,0.0,0.0,0.0,0.0
2015-04-03 02:00:00,,,,,,,
2015-04-03 03:00:00,,,,,,,
2015-04-03 04:00:00,,,,,,,
2015-04-03 05:00:00,,,,,,,
2015-04-03 06:00:00,,,,,,,
2015-04-03 07:00:00,,,,,,,
2015-04-03 08:00:00,,,,,,,
2015-04-03 09:00:00,,,,,,,
2015-04-03 10:00:00,,,,,,,
2015-04-03 11:00:00,,,,,,,
2015-04-03 12:00:00,,,,,,,
2015-04-03 13:00:00,,,,,,,
2015-04-03 14:00:00,,,,,,,
2015-04-03 15:00:00,,,,,,,
2015-04-03 16:00:00,,,,,,,
2015-04-03 17:00:00,,,,,,,
2015-04-03 18:00:00,,,,,,,
2015-04-03 19:00:00,,,,,,,
2015-04-03 20:00:00,,,,,,,
2015-04-03 21:00:00,,,,,,,
2015-04-03 22:00:00,,,,,,,
2015-04-03 23:00:00,,,,,,,
2015-04-04 00:00:00,,,,,,,
2015-04-04 01:00:00,,,,,,,
2015-04-04 02:00:00,,,,,,,
2015-04-04 03:00:00,,,,,,,
2015-04-04 04:00:00,,,,,,,
2015-04-04 05:00:00,,,,,,,
2015-04-04 06:00:00,,,,,,,
2015-04-04 07:00:00,,,,,,,
2015-04-04 08:00:00,,,,,,,
2015-04-04 09:00:00,,,,,,,
2015-04-04 10:00:00,,,,,,,
2015-04-04 11:00:00,,,,,,,
2015-04-04 12:00:00,,,,,,,
2015-04-04 13:00:00,,,,,,,
2015-04-04 14:00:00,,,,,,,
2015-04-04 15:00:00,,,,,,,
2015-04-04 16:00:00,,,,,,,
2015-04-04 17:00:00,,,,,,,
2015-04-04 18:00:00,,,,,,,
2015-04-04 19:00:00,,,,,,,
2015-04-04 20:00:00,,,,,,,
2015-04-04 21:00:00,,,,,,,
2015-04-04 22:00:00,,,,,,,
2015-04-04 23:00:00,,,,,,,
2015-04-05 00:00:00,,,,,,,
