time,main,blender,toaster,chest_freezer,fridge-freezer,washing_machine,dishwasher,television_site,microwave,k_mix
2014-06-04 00:00:00,0.363324459234609,0.0845574043261231,0.0410415973377703,0.0404043261231281,0.0400682196339434,0.0,0.0018502495840266,0.0485757071547421,0.0,0.0
2014-06-04 01:00:00,0.3015175292153589,0.0781903171953255,0.046677796327212,0.0398580968280467,0.0,0.0,0.0017178631051752,0.0486143572621035,0.0,0.0
2014-06-04 02:00:00,0.30188,0.0267616666666666,0.05111,0.0418316666666666,0.03989,0.0,0.0017516666666666,0.0487,0.0,0.0
2014-06-04 03:00:00,0.2353549999999999,0.0,0.0507066666666666,0.0374716666666666,0.0102483333333333,0.0,0.00182,0.0486466666666666,0.0,0.0
2014-06-04 04:00:00,0.2558616666666666,0.0,0.0488283333333333,0.0370799999999999,0.0282116666666666,0.0,0.0017816666666666,0.0483383333333333,0.0,0.0
2014-06-04 05:00:00,0.2811833333333333,0.0,0.0369116666666666,0.0417183333333333,0.0397999999999999,0.0,0.0017433333333333,0.0485316666666666,0.0,0.0
2014-06-04 06:00:00,1.2849060402684562,0.0,0.0591661073825503,0.0450704697986577,0.0,0.0,0.0016275167785234,0.0496224832214765,0.0028104026845637,0.0
2014-06-04 07:00:00,0.7444076539101497,0.0,0.041377703826955,0.0438519134775374,0.0422329450915141,0.0,0.0015507487520798,0.0490599001663893,0.0,0.0
2014-06-04 08:00:00,0.3435334448160535,0.0,0.0453210702341137,0.0417608695652173,0.0339966555183946,0.0,0.0014799331103678,0.0487257525083612,0.0,0.0
2014-06-04 09:00:00,0.2973427620632279,0.041269550748752,0.0498968386023294,0.0427936772046588,0.0048868552412645,0.0,0.0014708818635607,0.0485507487520798,0.0,0.0
2014-06-04 10:00:00,1.134873121869783,0.089041736227045,0.0500884808013355,0.0751719532554257,0.037686143572621,0.0,0.0014040066777963,0.0486811352253756,0.0,0.0
2014-06-04 11:00:00,0.9639395973154362,0.0790922818791946,0.0501711409395973,0.0746711409395973,0.0363053691275167,0.0,0.0013137583892617,0.0485721476510067,0.0,0.0
2014-06-04 12:00:00,0.8089627118644067,0.0668677966101694,0.0506186440677966,0.0745559322033898,0.0208728813559322,0.0,0.0014271186440677,0.048886440677966,0.0,0.0
2014-06-04 13:00:00,2.736119932432433,0.0,0.0494476351351351,0.0744831081081081,0.0163783783783783,0.4971942567567567,0.0013969594594594,0.0499763513513513,0.0,0.0
2014-06-04 14:00:00,2.3659183333333336,0.0,0.0491749999999999,0.0745166666666666,0.0376916666666666,0.1021916666666666,0.50231,0.0620016666666666,0.0,0.0
2014-06-04 15:00:00,1.2772366666666666,0.0,0.0494166666666666,0.0745866666666666,0.0380216666666666,0.0647683333333333,0.443055,0.0773949999999999,0.0,0.0
2014-06-04 16:00:00,1.9825916666666668,0.0,0.0481049999999999,0.0745499999999999,0.0210066666666666,0.0,0.001235,0.04956,0.0,0.0
2014-06-04 17:00:00,0.7427166666666667,0.0,0.04554,0.0745416666666666,0.0139816666666666,0.0,0.0013266666666666,0.0688616666666666,0.0,0.0
2014-06-04 18:00:00,0.716865224625624,0.0,0.0436056572379367,0.0742346089850249,0.0382445923460898,0.0,0.0013111480865224,0.1280199667221297,0.0,0.0
2014-06-04 19:00:00,2.654771285475793,0.0,0.04249081803005,0.0742237061769616,0.0403238731218697,0.2043806343906511,0.4697679465776294,0.1272253756260434,0.0,0.0
2014-06-04 20:00:00,3.1494283333333333,0.0543316666666666,0.0479766666666666,0.0741133333333333,0.0073316666666666,0.396875,0.4548683333333333,0.12722,0.0,0.0
2014-06-04 21:00:00,0.8040883333333334,0.0876133333333333,0.050105,0.0742533333333333,0.0341733333333333,0.0863816666666666,0.0014466666666666,0.0991816666666666,0.0,0.0
2014-06-04 22:00:00,0.3882775919732442,0.079010033444816,0.0498093645484949,0.0744080267558528,0.040571906354515,0.0,0.0016371237458193,0.0484933110367893,0.0,0.0
2014-06-04 23:00:00,0.2786637323943662,0.0423978873239436,0.0497077464788732,0.074588028169014,0.0,0.0,0.0017535211267605,0.0487922535211267,0.0,0.0
2014-06-05 00:00:00,0.2717406082289803,0.0,0.0430143112701252,0.0743363148479427,0.0388282647584973,0.0,0.0017996422182468,0.0487835420393559,0.0,0.0
2014-06-05 01:00:00,0.264969696969697,0.0,0.0374848484848484,0.0741051693404634,0.0388467023172905,0.0,0.0018235294117647,0.0484474153297682,0.0,0.0
2014-06-05 02:00:00,0.2343943661971831,0.0,0.0498045774647887,0.0740176056338028,0.0013239436619718,0.0,0.0018415492957746,0.0486144366197183,0.0,0.0
2014-06-05 03:00:00,0.2738802177858439,0.0,0.0505771324863883,0.0736860254083484,0.0381597096188747,0.0,0.0018148820326678,0.0486370235934664,0.0,0.0
2014-06-05 04:00:00,0.2184265734265734,0.0,0.0452412587412587,0.0524283216783216,0.0060576923076923,0.0,0.0017534965034965,0.0485664335664335,0.0,0.0
2014-06-05 05:00:00,0.2582816399286988,0.0,0.0334206773618538,0.0682869875222816,0.0310588235294117,0.0,0.0016310160427807,0.0484741532976827,0.0,0.0
2014-06-05 06:00:00,0.8570321428571428,0.0,0.0496214285714285,0.0617,0.0376017857142857,0.0,0.0015375,0.0489517857142857,0.060125,0.0
2014-06-05 07:00:00,0.4900714285714285,0.0806017857142857,0.049375,0.0728107142857142,0.0,0.0,0.0014482142857142,0.0486732142857142,0.0,0.0
2014-06-05 08:00:00,0.9567875457875458,0.0829322344322344,0.049554945054945,0.0726062271062271,0.0378827838827838,0.4532692307692307,0.0014029304029304,0.0486391941391941,0.0,0.0
2014-06-05 09:00:00,0.5766860254083485,0.0772649727767695,0.0386878402903811,0.0723539019963702,0.0156696914700544,0.0986297640653357,0.0015009074410163,0.0486243194192377,0.0,0.0
2014-06-05 10:00:00,0.826414762741652,0.0150281195079086,0.0416379613356766,0.0539349736379613,0.0216397188049209,0.0684340949033391,0.0013884007029876,0.0830808435852372,0.0,0.0
2014-06-05 11:00:00,0.5240593525179856,0.0,0.0503039568345323,0.0530575539568345,0.038568345323741,0.0,0.0014190647482014,0.0713669064748201,0.0,0.0
2014-06-05 12:00:00,0.2766125,0.0,0.0504375,0.0521464285714285,0.0,0.0,0.0014,0.0627214285714285,0.0,0.0
2014-06-05 13:00:00,0.3728957983193277,0.0,0.0497193277310924,0.053344537815126,0.0366134453781512,0.0,0.0013478991596638,0.1277764705882353,0.0,0.0
2014-06-05 14:00:00,1.283654424040067,0.0,0.0424808013355592,0.0511702838063439,0.0373923205342237,0.0,0.001228714524207,0.0606243739565943,0.0,0.0
2014-06-05 15:00:00,1.316045,0.0,0.0412999999999999,0.05119,0.01062,0.0,0.0013183333333333,0.0485433333333333,0.0,0.0
2014-06-05 16:00:00,0.3058452579034942,0.0,0.0464176372712146,0.0493610648918469,0.0258668885191347,0.0,0.0014276206322795,0.0620399334442595,0.0,0.0
2014-06-05 17:00:00,0.9686978297161936,0.0,0.0500133555926544,0.0509365609348914,0.0359716193656093,0.4932854757929883,0.0013873121869782,0.1315709515859766,0.0,0.0
2014-06-05 18:00:00,0.6896616666666666,0.06487,0.0496066666666666,0.0475433333333333,0.006295,0.11163,0.00128,0.0786516666666666,0.0,0.0
2014-06-05 19:00:00,0.520565,0.08635,0.0497916666666666,0.0479616666666666,0.03037,0.0576216666666666,0.00148,0.127395,0.0,0.0
2014-06-05 20:00:00,0.5706083333333334,0.0786299999999999,0.0484383333333333,0.0478866666666666,0.03791,0.0,0.0015416666666666,0.1268633333333333,0.0,0.0
2014-06-05 21:00:00,0.499805,0.0544,0.0400833333333333,0.0397716666666666,0.0,0.0,0.001485,0.1266566666666666,0.0,0.0
2014-06-05 22:00:00,0.3453710482529118,0.0,0.0416073211314475,0.0349034941763727,0.0371464226289517,0.0,0.0015507487520798,0.0729767054908485,0.0,0.0
2014-06-05 23:00:00,0.2594073455759599,0.0,0.05059265442404,0.0384691151919866,0.0038681135225375,0.0,0.0016427378964941,0.0488247078464106,0.0,0.0
2014-06-06 00:00:00,0.2684466666666666,0.0,0.0506083333333333,0.0456833333333333,0.0329533333333333,0.0,0.0017366666666666,0.0490016666666666,0.0,0.0
2014-06-06 01:00:00,0.25072,0.0,0.0442066666666666,0.044035,0.0326683333333333,0.0,0.001645,0.0485416666666666,0.0,0.0
2014-06-06 02:00:00,0.2012333333333333,0.0,0.035435,0.0364383333333333,0.0033333333333333,0.0,0.001695,0.04854,0.0,0.0
2014-06-06 03:00:00,0.2368366666666666,0.0,0.050675,0.0297,0.0362666666666666,0.0,0.0017266666666666,0.0483583333333333,0.0,0.0
2014-06-06 04:00:00,0.2140615640599001,0.0,0.0509151414309484,0.042261231281198,0.0,0.0,0.001747088186356,0.0488053244592346,0.0,0.0
2014-06-06 05:00:00,0.2385819112627986,0.0,0.0326058020477815,0.0442474402730375,0.0336843003412969,0.0,0.0015017064846416,0.0484812286689419,0.0,0.0
2014-06-06 06:00:00,0.6896477462437396,0.0230868113522537,0.0476961602671118,0.0314323873121869,0.0074841402337228,0.0,0.0016410684474123,0.0484357262103505,0.0401335559265442,0.0
2014-06-06 07:00:00,1.0399816666666666,0.0937066666666666,0.0500066666666666,0.0304033333333333,0.0281916666666666,0.0,0.482695,0.04859,0.0,0.0
2014-06-06 08:00:00,1.0185192629815745,0.0803048576214405,0.0379547738693467,0.038894472361809,0.0350686767169179,0.0,0.4824405360134003,0.0486348408710217,0.0,0.0
2014-06-06 09:00:00,0.87705,0.05913,0.04268,0.044505,0.0,0.2770516666666667,0.001285,0.0487999999999999,0.0,0.0
2014-06-06 10:00:00,1.086155,0.0,0.0506633333333333,0.0459983333333333,0.0397449999999999,0.436,0.001315,0.0486383333333333,0.0,0.0
2014-06-06 11:00:00,0.634495,0.0,0.050195,0.03622,0.0040416666666666,0.0955583333333333,0.0014466666666666,0.0487083333333333,0.0,0.0
2014-06-06 12:00:00,0.5568578680203046,0.0,0.0499610829103214,0.0389983079526226,0.0329932318104906,0.0,0.0013079526226734,0.0486903553299492,0.1442284263959391,0.0
2014-06-06 13:00:00,0.2963040293040293,0.0,0.0479212454212454,0.0413223443223443,0.0358626373626373,0.0,0.0013681318681318,0.0485824175824175,0.0,0.0
2014-06-06 14:00:00,0.7367565543071161,0.0,0.0486573033707865,0.0458220973782771,0.0,0.4042415730337079,0.0014887640449438,0.0486329588014981,0.0,0.0
2014-06-06 15:00:00,0.4410055452865064,0.0,0.0485767097966728,0.0589685767097966,0.0370351201478743,0.0623826247689463,0.0014232902033271,0.0488576709796672,0.0,0.0
2014-06-06 16:00:00,0.845786641929499,0.0004230055658627,0.0474359925788497,0.0553191094619666,0.0299814471243042,0.0,0.001369202226345,0.1022560296846011,0.0018849721706864,0.0
2014-06-06 17:00:00,1.1702130841121496,0.0955682242990654,0.0487028037383177,0.0525981308411215,0.0123177570093457,0.0,0.0012990654205607,0.1288635514018691,0.0,0.0
2014-06-06 18:00:00,0.8124270462633453,0.0820587188612099,0.0553540925266903,0.0473487544483985,0.0446512455516014,0.0,0.0010658362989323,0.0854768683274021,0.0001423487544483,0.0
2014-06-06 19:00:00,0.7999365942028985,0.0774945652173913,0.0478351449275362,0.067231884057971,0.0174963768115942,0.0,0.0010380434782608,0.0485815217391304,0.0,0.0
2014-06-06 20:00:00,0.9358460111317254,0.0684675324675324,0.0484786641929499,0.0633784786641929,0.0227328385899814,0.0,0.0003376623376623,0.0491057513914656,0.0,0.0
2014-06-06 21:00:00,0.7540056074766356,0.0,0.0508691588785046,0.0458915887850467,0.0429570093457943,0.0,8.971962616822429e-05,0.1053233644859813,0.0,0.0
2014-06-06 22:00:00,0.2312486583184257,0.0,0.0504436493738819,0.0425420393559928,0.0121753130590339,0.0,0.0002039355992844,0.0485384615384615,0.0,0.0
2014-06-06 23:00:00,0.2376432432432432,0.0,0.0504882882882882,0.0434612612612612,0.0326828828828828,0.0,0.0002972972972972,0.0485855855855855,0.0,0.0
2014-06-07 00:00:00,0.232784588441331,0.0,0.0419159369527145,0.0459632224168126,0.0441401050788091,0.0,0.0003485113835376,0.0486059544658493,0.0,0.0
2014-06-07 01:00:00,0.1980269814502529,0.0,0.05829173693086,0.0432681281618887,0.0,0.0,0.0002748735244519,0.0484198988195615,0.0,0.0
2014-06-07 02:00:00,0.2470379310344827,0.0,0.0499086206896551,0.0423379310344827,0.0416603448275862,0.0,0.0003465517241379,0.0484982758620689,0.0,0.0
2014-06-07 03:00:00,0.2190747028862479,0.0,0.0522852292020373,0.0439100169779286,0.0115568760611205,0.0,0.0005042444821731,0.0487096774193548,0.0,0.0
2014-06-07 04:00:00,0.2525246179966044,0.0166213921901528,0.050874363327674,0.0436213921901528,0.0311358234295415,0.0,0.0003735144312393,0.0484804753820033,0.0,0.0
2014-06-07 05:00:00,0.3378066202090592,0.0946951219512195,0.0444494773519163,0.0449285714285714,0.0398205574912892,0.0,0.0001881533101045,0.0484668989547038,0.0,0.0
2014-06-07 06:00:00,0.4102718120805369,0.0807902684563758,0.043748322147651,0.0429328859060402,0.0016711409395973,0.0,0.000248322147651,0.0501879194630872,0.0,0.0
2014-06-07 07:00:00,1.32708480565371,0.0769098939929328,0.052595406360424,0.0415706713780918,0.0389222614840989,0.0,0.1648445229681978,0.0485830388692579,0.0,0.0
2014-06-07 08:00:00,1.4686152512998267,0.0071230502599653,0.0515199306759098,0.0434159445407279,0.0,0.0,0.7760155979202773,0.0959358752166377,0.0,0.0
2014-06-07 09:00:00,0.6803704347826086,0.0,0.0429965217391304,0.042655652173913,0.040135652173913,0.0,0.0130278260869565,0.0672052173913043,0.0,0.0
2014-06-07 10:00:00,1.942793867120954,0.0,0.0405281090289608,0.0412197614991482,0.0403236797274276,0.0,0.0013066439522998,0.0817546848381601,0.0,0.0
2014-06-07 11:00:00,1.3385076660988076,0.0,0.0504770017035775,0.0408841567291311,0.0,0.0,0.0013918228279386,0.0486303236797274,0.0,0.0
2014-06-07 12:00:00,1.832212389380531,0.0,0.0515911504424778,0.0417150442477876,0.042929203539823,0.0,0.4134353982300884,0.0490991150442477,0.0,0.0
2014-06-07 13:00:00,1.899350352112676,0.0065633802816901,0.0506320422535211,0.0504718309859155,0.0355897887323943,0.0,0.4668362676056338,0.048625,0.0,0.0
2014-06-07 14:00:00,1.468035472972973,0.0942297297297297,0.0513412162162162,0.0747111486486486,0.0357584459459459,0.0,0.0012787162162162,0.0492584459459459,0.0,0.0
2014-06-07 15:00:00,2.240953488372093,0.0807996422182468,0.0508318425760286,0.074644007155635,0.036035778175313,0.0,0.0012218246869409,0.0487119856887298,0.0,0.0
2014-06-07 16:00:00,1.2281783876500858,0.0772161234991423,0.0487958833619211,0.0742778730703258,0.029303602058319,0.0,0.0004665523156089,0.0486363636363636,0.0,0.0
2014-06-07 17:00:00,1.6350173611111112,0.0760763888888888,0.0495017361111111,0.0745954861111111,0.0165399305555555,0.0,0.5146979166666666,0.0486336805555555,0.0,0.0
2014-06-07 18:00:00,1.7191917562724013,0.0449462365591397,0.0495483870967741,0.0750878136200716,0.025005376344086,0.0,0.4531881720430107,0.0484569892473118,0.0,0.0
2014-06-07 19:00:00,1.051421146953405,0.0,0.0510555555555555,0.0750322580645161,0.0363243727598566,0.0,0.0283028673835125,0.0484623655913978,0.0,0.0
2014-06-07 20:00:00,1.4489856630824371,0.0,0.0411935483870967,0.0444480286738351,0.0324802867383512,0.0,0.4258602150537635,0.0483870967741935,0.0,0.0
2014-06-07 21:00:00,1.6464233333333331,0.0,0.039985,0.073485,0.0326616666666666,0.0,0.4578433333333333,0.0483783333333333,0.0,0.0
2014-06-07 22:00:00,0.5208598615916954,0.0,0.052333910034602,0.0720363321799308,0.0168166089965397,0.0,0.0012871972318339,0.0482491349480968,0.0,0.0
2014-06-07 23:00:00,0.2735709401709401,0.0,0.0516188034188034,0.0715025641025641,0.0171538461538461,0.0,0.0016205128205128,0.0483059829059829,0.0,0.0
2014-06-08 00:00:00,0.2891721739130435,0.0,0.0508730434782608,0.0712886956521739,0.0379252173913043,0.0,0.0017652173913043,0.0484226086956521,0.0,0.0
2014-06-08 01:00:00,0.2805634517766497,0.0,0.0404805414551607,0.0708274111675126,0.0363739424703891,0.0,0.001736040609137,0.0486954314720812,0.0,0.0
2014-06-08 02:00:00,0.2927922297297297,0.0522905405405405,0.042554054054054,0.0705439189189189,0.0,0.0,0.001831081081081,0.0483986486486486,0.0,0.0
2014-06-08 03:00:00,0.3855043327556325,0.0889133448873483,0.0515996533795493,0.0700831889081455,0.0372339688041594,0.0,0.0017816291161178,0.0482790294627383,0.0,0.0
2014-06-08 04:00:00,0.3777090301003344,0.0794983277591973,0.0517642140468227,0.0696655518394648,0.0359030100334448,0.0,0.0017608695652173,0.0483494983277592,0.0,0.0
2014-06-08 05:00:00,0.4528836424957841,0.0496846543001686,0.0490607082630691,0.069220910623946,0.0,0.0,0.00164586846543,0.0485143338954468,0.0,0.0
2014-06-08 06:00:00,0.9631833616298812,0.0,0.0374397283531409,0.0686553480475382,0.0395500848896434,0.0,0.4872512733446519,0.0484702886247877,0.0,0.0
2014-06-08 07:00:00,0.9963912310286678,0.0,0.0479797639123102,0.0694873524451939,0.0370640809443507,0.0001618887015177,0.4593490725126475,0.0485615514333895,0.0,0.0
2014-06-08 08:00:00,1.7743238255033558,0.0,0.0512768456375838,0.0693036912751677,0.017743288590604,0.5278120805369128,0.3665318791946308,0.0487231543624161,0.0,0.0
2014-06-08 09:00:00,1.298090909090909,0.0,0.0485926573426573,0.0688933566433566,0.0173321678321678,0.1040576923076923,0.5266398601398602,0.0485874125874125,0.0,0.0
2014-06-08 10:00:00,0.7580597539543058,0.0,0.0497188049209138,0.069140597539543,0.0387082601054481,0.0855448154657293,0.0017609841827768,0.0485500878734622,0.0,0.0
2014-06-08 11:00:00,0.3403451327433628,0.0260601769911504,0.0499716814159292,0.069046017699115,0.037046017699115,0.0,0.0014141592920353,0.0485663716814159,0.0,0.0
2014-06-08 12:00:00,0.3379097472924188,0.0920090252707581,0.0508375451263537,0.0692617328519855,0.001196750902527,0.0,0.0015956678700361,0.0487021660649819,0.0,0.0
2014-06-08 13:00:00,0.379469387755102,0.0800612244897959,0.0492891156462585,0.0692363945578231,0.0397993197278911,0.0,0.0015612244897959,0.0486530612244898,0.0,0.0
2014-06-08 14:00:00,0.3691111111111111,0.077059829059829,0.0495811965811965,0.0693247863247863,0.0336888888888888,0.0,0.0015709401709401,0.0486324786324786,0.0,0.0
2014-06-08 15:00:00,0.2806183333333333,0.0317633333333333,0.0497849999999999,0.06954,0.0048883333333333,0.0,0.00156,0.0487916666666666,0.0,0.0
2014-06-08 16:00:00,0.4102300724637681,0.0,0.0501576086956521,0.0710199275362318,0.0386630434782608,0.0,0.0015742753623188,0.0486213768115942,0.0,0.0
2014-06-08 17:00:00,0.4232649122807018,0.0,0.0498438596491228,0.0712438596491228,0.021838596491228,0.0017403508771929,0.0015105263157894,0.0502666666666666,0.0,0.0
2014-06-08 18:00:00,0.4569324817518248,0.0,0.0667025547445255,0.0705638686131386,0.0196058394160583,0.0,0.0014616788321167,0.0951259124087591,0.0,0.0
2014-06-08 19:00:00,0.4380259259259259,0.0,0.0490314814814814,0.0700314814814814,0.0463277777777777,0.0,0.0015388888888888,0.0886166666666666,0.0,0.0
2014-06-08 20:00:00,0.3194603773584906,0.0,0.0468566037735849,0.0695094339622641,0.0,0.0,0.0015037735849056,0.0840452830188679,0.0,0.0
2014-06-08 21:00:00,0.3061276978417266,0.0,0.0548075539568345,0.0692212230215827,0.0457086330935251,0.0,0.0011762589928057,0.0487428057553956,0.0,0.0
2014-06-08 22:00:00,0.328599214145383,0.0794420432220039,0.0619666011787819,0.0689941060903732,0.0,0.0,0.0012062868369351,0.048943025540275,0.0,0.0
2014-06-08 23:00:00,0.3660459290187891,0.0840772442588726,0.0501565762004175,0.0686388308977035,0.0377160751565762,0.0,0.0012004175365344,0.0487432150313152,0.0,0.0
2014-06-09 00:00:00,0.3126044176706827,0.0784477911646586,0.0493112449799196,0.0683574297188755,0.0043012048192771,0.0,0.0012590361445783,0.0488393574297188,0.0,0.0
2014-06-09 01:00:00,0.289849504950495,0.0393168316831683,0.0495623762376237,0.0682534653465346,0.0219049504950495,0.0,0.0012752475247524,0.0486831683168316,0.0,0.0
2014-06-09 02:00:00,0.2504897119341563,0.0,0.0475884773662551,0.0680823045267489,0.0230041152263374,0.0,0.0013209876543209,0.0486028806584362,0.0,0.0
2014-06-09 03:00:00,0.2300650406504065,0.0,0.0478089430894309,0.0679817073170731,0.0032784552845528,0.0,0.0013943089430894,0.0486910569105691,0.0,0.0
2014-06-09 04:00:00,0.2722559139784946,0.0,0.0517913978494623,0.0676129032258064,0.0408881720430107,0.0,0.001410752688172,0.048716129032258,0.0,0.0
2014-06-09 05:00:00,0.2383078470824949,0.0,0.0482012072434607,0.0671066398390342,0.0,0.0,0.0013340040241448,0.048702213279678,0.0,0.0
2014-06-09 06:00:00,0.5587743119266055,0.0,0.052697247706422,0.0665669724770642,0.0458642201834862,0.0,0.0013339449541284,0.0485834862385321,0.0230110091743119,0.0
2014-06-09 07:00:00,0.7687477148080438,0.0,0.0458007312614259,0.0665521023765996,0.0,0.0,0.4743107861060329,0.0486837294332724,0.0,0.0
2014-06-09 08:00:00,1.1251660649819493,0.0104675090252707,0.0469241877256317,0.0670270758122743,0.043682310469314,0.314754512635379,0.431557761732852,0.0487418772563176,0.0,0.0
2014-06-09 09:00:00,0.8042491039426524,0.095021505376344,0.0541774193548387,0.0670448028673835,0.0,0.2773942652329749,0.0013118279569892,0.0488351254480286,0.0,0.0
2014-06-09 10:00:00,0.5358517857142857,0.0810125,0.0517071428571428,0.0667392857142857,0.0472035714285714,0.0802357142857142,0.0012875,0.0488321428571428,0.0,0.0
2014-06-09 11:00:00,0.3126816546762589,0.0770323741007194,0.0491690647482014,0.067068345323741,0.0,0.0,0.001318345323741,0.0488525179856115,0.0,0.0
2014-06-09 12:00:00,0.3729862068965517,0.0552827586206896,0.0485844827586206,0.0670948275862068,0.0445913793103448,0.0,0.0013,0.0694793103448275,0.0,0.0
2014-06-09 13:00:00,0.2347523629489603,0.0,0.0484404536862003,0.0672287334593572,0.0,0.0,0.0013137996219281,0.0487731568998109,0.0,0.0
2014-06-09 14:00:00,0.9753977695167286,0.0,0.0486152416356877,0.0675631970260223,0.0454405204460966,0.0,0.0014107806691449,0.0489591078066914,0.0057992565055762,0.0
2014-06-09 15:00:00,1.2872849056603772,0.0,0.0480905660377358,0.067777358490566,0.0224150943396226,3.773584905660377e-06,0.0013188679245283,0.0487150943396226,0.0,0.0
2014-06-09 16:00:00,0.80608,0.0,0.0613915789473684,0.0680231578947368,0.0233473684210526,0.0,0.0020463157894736,0.0488063157894736,0.0,0.0
2014-06-09 17:00:00,0.364664739884393,0.0,0.0579884393063583,0.068495183044316,0.0518323699421965,0.0,0.0014065510597302,0.0486416184971098,0.0,0.0
2014-06-09 18:00:00,1.0740843170320404,0.0,0.0471399662731871,0.0694873524451939,0.0,0.5387352445193929,0.0012192242833052,0.0485666104553119,0.0023490725126475,0.0
2014-06-09 19:00:00,0.7905161290322581,0.0139966044142614,0.0478964346349745,0.0695144312393888,0.0465857385398981,0.1163378607809847,0.0013191850594227,0.0486842105263157,0.0,0.0
2014-06-09 20:00:00,0.7961475728155339,0.0954019417475728,0.058157281553398,0.0694776699029126,0.0458854368932038,0.0503398058252427,0.0013223300970873,0.070178640776699,0.0,0.0
2014-06-09 21:00:00,0.4615159362549801,0.0815099601593625,0.05950796812749,0.0695398406374502,0.0122091633466135,0.0,0.001503984063745,0.0646653386454183,0.0,0.0
2014-06-09 22:00:00,0.3751073985680191,0.0776849642004773,0.0493579952267303,0.0694224343675417,0.0315871121718377,0.0,0.0015322195704057,0.0487350835322195,0.0,0.0
2014-06-09 23:00:00,0.3468461538461538,0.0537216117216117,0.0497564102564102,0.0694505494505494,0.0438058608058608,0.0,0.0016227106227106,0.0489340659340659,0.0,0.0
2014-06-10 00:00:00,0.245625,0.0,0.048375,0.0693316666666666,0.01532,0.0,0.0017233333333333,0.04861,0.0,0.0
2014-06-10 01:00:00,0.2610050933786078,0.0,0.0493293718166383,0.0691409168081494,0.0295704584040747,0.0,0.0017640067911714,0.0487640067911714,0.0,0.0
2014-06-10 02:00:00,0.2740135593220338,0.0,0.0497525423728813,0.0690271186440678,0.0434152542372881,0.0,0.0017847457627118,0.0485983050847457,0.0,0.0
2014-06-10 03:00:00,0.2272782462057335,0.0,0.0489325463743676,0.0688246205733558,0.0,0.0,0.0017824620573355,0.0486846543001686,0.0,0.0
2014-06-10 04:00:00,0.2776938775510204,0.0,0.048954081632653,0.0683146258503401,0.0420714285714285,0.0,0.0017142857142857,0.0484557823129251,0.0,0.0
2014-06-10 05:00:00,0.2717040280210157,0.0,0.0489211908931698,0.0677145359019264,0.0343012259194395,0.0,0.0016217162872154,0.0501348511383537,0.0,0.0
2014-06-10 06:00:00,1.0274744897959185,0.0597176870748299,0.049095238095238,0.068671768707483,0.0064744897959183,0.0,0.4064727891156462,0.0485459183673469,0.0,0.0
2014-06-10 07:00:00,0.989053726169844,0.0859532062391681,0.0496915077989601,0.0698890814558059,0.0404939341421143,0.0,0.5361975736568457,0.0485927209705372,0.0,0.0
2014-06-10 08:00:00,1.0252824956672444,0.0783864818024263,0.0490346620450606,0.0690398613518197,0.0367001733102253,0.457103986135182,0.0103934142114384,0.0486135181975736,0.0,0.0
2014-06-10 09:00:00,0.613212802768166,0.0763546712802768,0.0484878892733564,0.0690173010380622,0.0047266435986159,0.10219723183391,0.0012768166089965,0.0489065743944636,0.0,0.0
2014-06-10 10:00:00,0.5348409475465313,0.0662944162436548,0.0608003384094754,0.0691641285956006,0.0426666666666666,0.078575296108291,0.0014450084602368,0.0485989847715736,0.0,0.0
2014-06-10 11:00:00,0.3013917525773196,0.0,0.0561512027491408,0.069340206185567,0.0336941580756013,0.0,0.0032164948453608,0.0487474226804123,0.0,0.0
2014-06-10 12:00:00,0.2716020761245675,0.0,0.0476003460207612,0.0692249134948096,0.0097076124567474,0.0,0.0013252595155709,0.0486937716262975,0.0,0.0
2014-06-10 13:00:00,0.3722486486486486,0.0,0.049063063063063,0.0695351351351351,0.0403963963963963,0.0,0.0013009009009009,0.0486468468468468,0.0,0.0
2014-06-10 14:00:00,0.2846354166666667,0.0,0.0471631944444444,0.0699600694444444,0.0236892361111111,0.0,0.0014652777777777,0.0489774305555555,0.0,0.0
2014-06-10 15:00:00,0.2935343642611683,0.0,0.0617972508591065,0.0701666666666666,0.0211993127147766,0.0,0.0015343642611683,0.0487989690721649,0.0,0.0
2014-06-10 16:00:00,0.5622641509433962,0.0,0.0470320754716981,0.0703075471698113,0.0397471698113207,0.0234339622641509,0.0014905660377358,0.0487264150943396,0.0121981132075471,0.0
2014-06-10 17:00:00,1.2774618055555556,0.0892239583333333,0.0585347222222222,0.07015625,0.0210121527777777,0.5517065972222222,0.0006805555555555,0.0742986111111111,0.0,0.0
2014-06-10 18:00:00,0.645012658227848,0.0823818565400843,0.0472995780590717,0.0702088607594936,0.0213649789029535,0.1128607594936708,0.0001054852320675,0.0491160337552742,0.0,0.0
2014-06-10 19:00:00,0.718873271889401,0.078089861751152,0.0480138248847926,0.070073732718894,0.0470115207373271,0.0,7.603686635944701e-05,0.0493870967741935,0.0,0.0
2014-06-10 20:00:00,0.8289557069846678,0.0766524701873935,0.0482027257240204,0.0699199318568995,0.0126047700170357,0.0,7.666098807495741e-05,0.0825485519591141,0.0,0.0
2014-06-10 21:00:00,0.901768014059754,0.0389806678383128,0.050231985940246,0.0698980667838312,0.0369050966608084,0.0,0.0001511423550087,0.0881915641476274,0.0,0.0
2014-06-10 22:00:00,0.3798841567291312,0.0,0.0504105621805792,0.0693935264054514,0.0447308347529812,0.0,9.71039182282794e-05,0.0523270868824531,0.0,0.0
2014-06-10 23:00:00,0.2586233333333333,0.0,0.049965,0.0692716666666666,0.0,0.0,0.0001383333333333,0.049235,0.0,0.0
2014-06-11 00:00:00,0.3023779661016949,0.0,0.0499440677966101,0.0689745762711864,0.0441508474576271,0.0,0.0001898305084745,0.0494610169491525,0.0,0.0
2014-06-11 01:00:00,0.2866111111111111,0.0,0.0608675213675213,0.0684572649572649,0.0236858974358974,0.0,0.0001794871794871,0.0493675213675213,0.0,0.0
2014-06-11 02:00:00,0.2797983333333333,0.0,0.0500966666666666,0.0680849999999999,0.024385,0.0,0.0002266666666666,0.0493016666666666,0.0,0.0
2014-06-11 03:00:00,0.2977333333333333,0.0,0.0501733333333333,0.0679266666666666,0.042815,0.0,0.0003133333333333,0.0490766666666666,0.0,0.0
2014-06-11 04:00:00,0.2514140233722871,0.0,0.0501252086811352,0.0675726210350584,0.0,0.0,0.0002604340567612,0.0491736227045075,0.0,0.0
2014-06-11 05:00:00,0.314,0.0,0.0474758735440931,0.0669384359400998,0.0413410981697171,0.0,0.0001680532445923,0.0490332778702163,0.0,0.0
2014-06-11 06:00:00,1.0157706576728498,0.0891315345699831,0.0419190556492411,0.0666711635750421,0.0422495784148398,0.0,0.0001399662731871,0.049158516020236,0.0478684654300168,0.0
2014-06-11 07:00:00,0.5785866666666667,0.0848566666666666,0.0422716666666666,0.0667533333333333,0.0,0.0,0.0001183333333333,0.049145,0.0,0.0
2014-06-11 08:00:00,0.41478,0.0789516666666666,0.0506766666666666,0.0671233333333333,0.040825,0.0,6.500000000000001e-05,0.0604083333333333,0.0,0.0
2014-06-11 09:00:00,1.055416095890411,0.0768082191780822,0.0519195205479452,0.0695547945205479,0.0381626712328767,0.0,0.4831917808219178,0.0821832191780822,0.0,0.0
2014-06-11 10:00:00,0.9061521739130436,0.0378628762541806,0.0485602006688963,0.069448160535117,0.0008745819397993,0.0,0.4365635451505016,0.0486739130434782,0.0,0.0
2014-06-11 11:00:00,0.4478233333333333,0.0,0.0485083333333333,0.0697083333333333,0.0390816666666666,0.0,0.0012916666666666,0.0488966666666666,0.0,0.0
2014-06-11 12:00:00,0.562265,0.0,0.0509683333333333,0.06988,0.0398699999999999,0.0,0.001295,0.068575,0.0,0.0
2014-06-11 13:00:00,0.4442204301075269,0.0,0.0512311827956989,0.069853046594982,0.0,0.0,0.0013207885304659,0.0891308243727598,0.0,0.0
2014-06-11 14:00:00,0.4568216666666667,0.0,0.0501116666666666,0.0699566666666666,0.04121,0.0,0.00138,0.0537583333333333,0.0,0.0
2014-06-11 15:00:00,0.5673166666666667,0.0,0.0499933333333333,0.0700633333333333,0.0329083333333333,0.0,0.0014066666666666,0.0487116666666666,0.0,0.0
2014-06-11 16:00:00,1.1106857142857145,0.0,0.0519176470588235,0.0702638655462184,0.0096588235294117,0.0,0.0013142857142857,0.0505126050420168,0.0,0.0
2014-06-11 17:00:00,0.949902192242833,0.0606694772344013,0.0491079258010118,0.0698768971332209,0.0453069139966273,0.0,0.0012107925801011,0.0485666104553119,0.0,0.0
2014-06-11 18:00:00,0.7211397306397306,0.0863198653198653,0.0497037037037037,0.0697929292929292,0.0,0.0,0.0012979797979797,0.0483400673400673,0.0,0.0
2014-06-11 19:00:00,1.554645,0.0790383333333333,0.0495733333333333,0.0694816666666666,0.0513333333333333,0.5341466666666667,0.0013283333333333,0.07337,0.0,0.0
2014-06-11 20:00:00,1.0935969899665552,0.0766655518394648,0.0495986622073578,0.0691989966555184,0.0,0.1096638795986622,0.0013377926421404,0.0872926421404682,0.0,0.0
2014-06-11 21:00:00,0.6025833333333334,0.0262666666666666,0.0502883333333333,0.069275,0.05481,0.0486666666666666,0.0016016666666666,0.0618983333333333,0.0,0.0
2014-06-11 22:00:00,0.2688583333333333,0.0,0.05053,0.0692016666666666,0.0,0.0,0.0016283333333333,0.0482183333333333,0.0,0.0
2014-06-11 23:00:00,0.3110483333333333,0.0,0.0502216666666666,0.06919,0.05185,0.0,0.001745,0.048725,0.0,0.0
2014-06-12 00:00:00,0.2471206030150753,0.0,0.0449246231155778,0.068857621440536,0.0,0.0,0.0017688442211055,0.0485075376884422,0.0,0.0
2014-06-12 01:00:00,0.3026583333333333,0.0,0.044295,0.068545,0.0490166666666666,0.0,0.0017616666666666,0.0485183333333333,0.0,0.0
2014-06-12 02:00:00,0.245750418760469,0.0,0.0444773869346733,0.068395309882747,0.0,0.0,0.0018525963149078,0.0483383584589614,0.0,0.0
2014-06-12 03:00:00,0.3031866666666666,0.0,0.0509716666666666,0.068095,0.0469433333333333,0.0,0.0018016666666666,0.048265,0.0,0.0
2014-06-12 04:00:00,0.257465,0.0,0.0516933333333333,0.06767,0.0065016666666666,0.0,0.0017366666666666,0.0482849999999999,0.0,0.0
2014-06-12 05:00:00,0.3991343012704174,0.0875662431941923,0.0509764065335753,0.0669219600725952,0.0369600725952813,0.0,0.0016370235934664,0.0487459165154264,0.0,0.0
2014-06-12 06:00:00,0.7209543726235742,0.0833326996197718,0.0503231939163498,0.0665950570342205,0.0290456273764258,0.0,0.0014695817490494,0.0485494296577946,0.0,0.0
2014-06-12 07:00:00,0.3706026119402985,0.0776305970149253,0.0527257462686567,0.0664645522388059,0.0114981343283582,0.0,0.0011082089552238,0.0484514925373134,0.0,0.0
2014-06-12 08:00:00,0.3664459459459459,0.0362668918918918,0.0677787162162162,0.0667871621621621,0.0418733108108108,0.0,0.0011317567567567,0.0485793918918918,0.0,0.0
2014-06-12 09:00:00,0.5026767676767677,0.0,0.0510151515151515,0.0670622895622895,0.0369107744107744,0.0114814814814814,0.0011414141414141,0.048580808080808,0.0,0.0
2014-06-12 10:00:00,1.0267512953367874,0.0,0.0649654576856649,0.0669378238341968,0.0011502590673575,0.4955993091537133,0.0011088082901554,0.048587219343696,0.0,0.0
2014-06-12 11:00:00,1.1684702495201535,0.0,0.0521113243761996,0.0670076775431861,0.0413397312859884,0.105067178502879,0.4291362763915547,0.0488848368522072,0.1156698656429942,0.0
2014-06-12 12:00:00,0.8514661508704062,0.0,0.052174081237911,0.0674874274661508,0.038678916827853,0.0,0.4559671179883945,0.0485473887814313,0.0,0.0
2014-06-12 13:00:00,0.3578365758754864,0.0,0.0646400778210116,0.0677081712062256,0.0011770428015564,0.0,0.0013871595330739,0.0821614785992218,0.0,0.0
2014-06-12 14:00:00,0.4095346153846154,0.0439846153846153,0.0508730769230769,0.0677596153846153,0.0400442307692307,0.0,0.0012692307692307,0.0542961538461538,0.0,0.0
2014-06-12 15:00:00,0.8944599627560522,0.088292364990689,0.052193668528864,0.0685065176908752,0.0408621973929236,0.0,0.0007839851024208,0.0539776536312849,0.0,0.0
2014-06-12 16:00:00,2.019176817288802,0.0792141453831041,0.067222003929273,0.0690432220039292,0.0267642436149312,0.0,2.5540275049115915e-05,0.0538840864440078,0.0,0.0
2014-06-12 17:00:00,0.5238891129032258,0.0773346774193548,0.0665322580645161,0.0696068548387096,0.0167923387096774,0.0,0.0131552419354838,0.0486733870967741,0.0,0.0
2014-06-12 18:00:00,1.1605398633257402,0.0682437357630979,0.0658929384965831,0.0694829157175398,0.0369817767653758,0.0221230068337129,0.6712050113895216,0.0486492027334852,0.0,0.0
2014-06-12 19:00:00,1.26842194092827,0.0,0.0607974683544303,0.0698987341772151,0.0456856540084388,0.5253227848101265,0.1315696202531645,0.0714198312236286,0.0,0.0
2014-06-12 20:00:00,0.4757330595482546,0.0,0.0529363449691991,0.0700266940451745,0.0,0.1154558521560574,0.00152977412731,0.0886303901437371,0.0042053388090349,0.0
2014-06-12 21:00:00,0.4362487562189055,0.0,0.0479054726368159,0.0699527363184079,0.0443482587064676,0.0,0.0015771144278606,0.0788432835820895,0.0,0.0
2014-06-12 22:00:00,0.337663594470046,0.0,0.0618617511520737,0.0695115207373271,0.0356290322580645,0.0,0.0015506912442396,0.0486428571428571,0.0,0.0
2014-06-12 23:00:00,0.2457331932773109,0.0,0.0538277310924369,0.0695336134453781,0.007516806722689,0.0,0.0016953781512605,0.0490189075630252,0.0,0.0
2014-06-13 00:00:00,0.2746485260770975,0.0,0.0491496598639455,0.0693219954648526,0.0441541950113378,0.0,0.0017165532879818,0.0486303854875283,0.0,0.0
2014-06-13 01:00:00,0.2403387470997679,0.0,0.0493758700696055,0.0689025522041763,0.016030162412993,0.0,0.001707656612529,0.0485197215777262,0.0,0.0
2014-06-13 02:00:00,0.3663310344827586,0.0958045977011494,0.0508436781609195,0.0687080459770115,0.0312666666666666,0.0,0.001751724137931,0.0484045977011494,0.0,0.0
2014-06-13 03:00:00,0.3694573304157549,0.0829037199124726,0.050870897155361,0.0685273522975929,0.0408927789934354,0.0,0.001835886214442,0.0487899343544857,0.0,0.0
2014-06-13 04:00:00,0.3061535353535353,0.0782727272727272,0.0486545454545454,0.0681959595959595,0.0,0.0,0.0017191919191919,0.0502787878787878,0.0,0.0
2014-06-13 05:00:00,0.3098236559139785,0.0287784946236559,0.0497698924731182,0.0674408602150537,0.0414344086021505,0.0,0.0016881720430107,0.048410752688172,0.0,0.0
2014-06-13 06:00:00,0.82696,0.0,0.0531452631578947,0.0669410526315789,0.0127515789473684,0.0,0.0013052631578947,0.0486063157894736,0.0391221052631578,0.0
2014-06-13 07:00:00,0.3117142857142857,0.0,0.0688012422360248,0.0670496894409937,0.0295217391304347,0.0,0.0013167701863354,0.0484575569358178,0.0,0.0
2014-06-13 08:00:00,0.7688557312252965,0.0,0.0485276679841897,0.067098814229249,0.043,0.2672905138339921,0.0014288537549407,0.0670019762845849,0.0,0.0
2014-06-13 09:00:00,1.1578686679174484,0.0,0.0487504690431519,0.0671388367729831,0.0008911819887429,0.3380600375234521,0.0013808630393996,0.0885759849906191,0.0,0.0
2014-06-13 10:00:00,1.483072463768116,0.0,0.0489927536231884,0.0671739130434782,0.0439855072463768,0.0908786231884058,0.0012119565217391,0.0885380434782608,0.0,0.0
2014-06-13 11:00:00,0.9767365491651204,0.0846734693877551,0.0481187384044526,0.0674656771799629,0.0358478664192949,0.4327588126159555,0.0013209647495361,0.0714879406307977,0.0,0.0
2014-06-13 12:00:00,0.6427005649717514,0.0820207156308851,0.0668888888888888,0.067653483992467,0.0145819209039548,0.1349924670433145,0.0012523540489642,0.0958116760828625,0.0,0.0
2014-06-13 13:00:00,0.3793507462686567,0.0778955223880597,0.0503059701492537,0.0681138059701492,0.0291996268656716,0.0067070895522388,0.0013283582089552,0.0680373134328358,0.0,0.0
2014-06-13 14:00:00,0.4163685152057245,0.0762880143112701,0.0530017889087656,0.068381037567084,0.0482450805008944,0.0,0.0013220035778175,0.048520572450805,0.0,0.0
2014-06-13 15:00:00,0.3683920552677029,0.0228842832469775,0.0478048359240069,0.0685043177892918,0.0392625215889464,0.0,0.0013367875647668,0.0490863557858376,0.0,0.0
2014-06-13 16:00:00,1.5957197802197802,0.0,0.0465421245421245,0.0685421245421245,0.0395054945054945,0.0,0.4414468864468864,0.0487087912087912,0.0,0.0
2014-06-13 17:00:00,0.9941919561243144,0.0,0.0609524680073126,0.0688555758683729,0.037034734917733,0.0,0.4907276051188299,0.0484552102376599,0.018217550274223,0.0
2014-06-13 18:00:00,0.4379849498327759,0.0,0.0551404682274247,0.0699983277591973,0.024257525083612,0.0,0.0018628762541806,0.0581622073578595,0.0,0.0
2014-06-13 19:00:00,0.3949010526315789,0.0,0.0480526315789473,0.0696168421052631,0.0352231578947368,0.0,0.00124,0.1031852631578947,0.0,0.0
2014-06-13 20:00:00,0.5522430278884463,0.0,0.0495537848605577,0.0693147410358565,0.0258645418326693,0.0,0.0014043824701195,0.1286175298804781,0.0,0.0
2014-06-13 21:00:00,0.4584518664047151,0.0908664047151277,0.0486424361493123,0.0692357563850687,0.0295854616895874,0.0,0.0014891944990176,0.0672809430255402,0.0,0.0
2014-06-13 22:00:00,0.3766074074074074,0.0821456790123456,0.0477185185185185,0.0693283950617284,0.0430617283950617,0.0,0.0016222222222222,0.0490913580246913,0.0,0.0
2014-06-13 23:00:00,0.3657197452229299,0.0781932059447983,0.0513970276008492,0.0693651804670913,0.0397579617834394,0.0,0.0016942675159235,0.0496772823779193,0.0,0.0
2014-06-14 00:00:00,0.3367931769722814,0.0667526652452025,0.0477206823027718,0.0691727078891258,0.0333859275053304,0.0,0.0016737739872068,0.0490980810234541,0.0,0.0
2014-06-14 01:00:00,0.2395123042505592,0.0,0.0510402684563758,0.069069351230425,0.0094608501118568,0.0,0.0017360178970917,0.0491789709172259,0.0,0.0
2014-06-14 02:00:00,0.2769417040358745,0.0,0.0523923766816143,0.0691143497757847,0.0435560538116591,0.0,0.0018139013452914,0.0494977578475336,0.0,0.0
2014-06-14 03:00:00,0.2755201793721973,0.0,0.0533744394618834,0.0689484304932735,0.0405022421524663,0.0,0.0018116591928251,0.0491322869955156,0.0,0.0
2014-06-14 04:00:00,0.2518977505112474,0.0,0.0509345603271983,0.0688241308793456,0.0048629856850715,0.0,0.0018364008179959,0.049002044989775,0.0,0.0
2014-06-14 05:00:00,0.2704578313253012,0.0,0.0501265060240963,0.0683333333333333,0.0351024096385542,0.0,0.0017670682730923,0.0489397590361445,0.0,0.0
2014-06-14 06:00:00,0.3811711340206186,0.0,0.0508494845360824,0.0681278350515464,0.0454350515463917,0.0,0.0016721649484536,0.0491917525773195,0.0,0.0
2014-06-14 07:00:00,0.3438691206543967,0.0832044989775051,0.0496380368098159,0.0672331288343558,0.004200408997955,0.0,0.001321063394683,0.0490613496932515,0.0,0.0
2014-06-14 08:00:00,1.6075762711864403,0.0823627118644067,0.0476423728813559,0.0676491525423728,0.0390169491525423,0.0,0.3572745762711865,0.0494915254237288,0.0,0.0
2014-06-14 09:00:00,2.150995,0.0780316666666666,0.0490916666666666,0.067625,0.0409366666666666,0.0,0.519255,0.0490383333333333,0.0,0.0
2014-06-14 10:00:00,0.522365,0.0764083333333333,0.049915,0.0676816666666666,0.0149233333333333,0.0,0.0091583333333333,0.04909,0.0,0.0
2014-06-14 11:00:00,0.270445,0.0039833333333333,0.054035,0.06787,0.02725,0.0,0.0015183333333333,0.0491483333333333,0.0,0.0
2014-06-14 12:00:00,0.2809732888146911,0.0,0.0518363939899833,0.0678030050083472,0.0436494156928213,0.0,0.0014140233722871,0.049228714524207,0.0,0.0
2014-06-14 13:00:00,0.762032315978456,0.0,0.0541005385996409,0.0679102333931777,0.0,0.0,0.4168635547576301,0.0945439856373429,0.0,0.0
2014-06-14 14:00:00,0.8052751937984497,0.0,0.0509011627906976,0.0680658914728682,0.0458217054263565,0.0,0.4795445736434108,0.0492635658914728,0.0,0.0
2014-06-14 15:00:00,0.3483321799307958,0.0,0.048993079584775,0.0679256055363321,0.0432006920415224,0.0,0.0013460207612456,0.0510467128027681,0.0,0.0
2014-06-14 16:00:00,0.2628533333333333,0.0,0.0528514285714285,0.068,0.0073523809523809,0.0,0.001295238095238,0.0491847619047619,0.0,0.0
2014-06-14 17:00:00,0.2981483333333333,0.03161,0.04928,0.0682283333333333,0.0354433333333333,0.0,0.00139,0.0491416666666666,0.0,0.0
2014-06-14 18:00:00,0.4909646017699115,0.0923030973451327,0.0673030973451327,0.068716814159292,0.040358407079646,0.0,0.0014402654867256,0.1169004424778761,0.0,0.0
2014-06-14 19:00:00,0.5262639175257732,0.0801731958762886,0.0512061855670103,0.068420618556701,0.0,0.0,0.0013484536082474,0.1156309278350515,0.0,0.0
2014-06-14 20:00:00,0.4638396739130435,0.0775135869565217,0.0490407608695652,0.0683586956521739,0.0500652173913043,0.0,0.0013722826086956,0.1203722826086956,0.0,0.0
2014-06-14 21:00:00,0.543449411764706,0.0367082352941176,0.0520705882352941,0.0680423529411764,0.0,0.0,0.0015058823529411,0.1200141176470588,0.0,0.0
2014-06-14 22:00:00,0.6584551886792454,0.0,0.0514905660377358,0.0683018867924528,0.0478443396226415,0.0,0.0017004716981132,0.1203915094339622,0.0,0.0
2014-06-14 23:00:00,0.5018208616780045,0.0,0.0517596371882086,0.068079365079365,0.0,0.0,0.0016825396825396,0.115625850340136,0.0,0.0
2014-06-15 00:00:00,0.3036241258741258,0.0,0.0511223776223776,0.0680472027972028,0.0502027972027972,0.0,0.0016713286713286,0.0411888111888111,0.0,0.0
2014-06-15 01:00:00,0.2480695067264574,0.0,0.0503139013452914,0.0680022421524663,0.0,0.0,0.0018026905829596,0.0416816143497757,0.0,0.0
2014-06-15 02:00:00,0.2809735682819383,0.0,0.0496872246696035,0.0676762114537445,0.0380176211453744,0.0,0.0017224669603524,0.0412775330396475,0.0,0.0
2014-06-15 03:00:00,0.253680487804878,0.0,0.0502780487804878,0.0676560975609756,0.0104292682926829,0.0,0.0018097560975609,0.0410365853658536,0.0,0.0
2014-06-15 04:00:00,0.2532779043280182,0.0,0.0537334851936218,0.0675831435079726,0.014134396355353,0.0,0.0017334851936218,0.0412642369020501,0.0,0.0
2014-06-15 05:00:00,0.2796241007194244,0.0,0.049820143884892,0.067320143884892,0.0341996402877697,0.0,0.0017374100719424,0.0415611510791366,0.0,0.0
2014-06-15 06:00:00,0.3919553191489361,0.0640978723404255,0.0504468085106383,0.0672382978723404,0.0,0.0,0.0017574468085106,0.0416702127659574,0.0,0.0
2014-06-15 07:00:00,0.4078391608391608,0.0876689976689976,0.0501631701631701,0.0667668997668997,0.0505734265734265,0.0,0.0016410256410256,0.0415314685314685,0.0,0.0
2014-06-15 08:00:00,0.92220366598778,0.0794012219959266,0.051458248472505,0.0665580448065173,0.0,0.0,0.0015274949083503,0.0415784114052953,0.0,0.0
2014-06-15 09:00:00,0.7949692307692308,0.0772813186813186,0.0509868131868131,0.0665164835164835,0.0471538461538461,0.0,0.0014791208791208,0.0415758241758241,0.0,0.0
2014-06-15 10:00:00,0.286020618556701,0.0363835051546391,0.0443278350515463,0.0667257731958762,0.0,0.0,0.0015546391752577,0.0414371134020618,0.0,0.0
2014-06-15 11:00:00,0.563909604519774,0.0,0.0422580037664783,0.0666892655367231,0.0441280602636534,0.0,0.0015273069679849,0.0417834274952919,0.0,0.0
2014-06-15 12:00:00,0.6892789373814041,0.0,0.0442523719165085,0.0669905123339658,0.0,0.0,0.3439108159392789,0.0415939278937381,0.0,0.0
2014-06-15 13:00:00,0.9354933333333332,0.0,0.05128,0.0668416666666666,0.0454483333333333,0.0,0.6170516666666667,0.0415366666666666,0.0,0.0
2014-06-15 14:00:00,0.40952,0.0,0.0505733333333333,0.0668349999999999,0.0,0.0,0.00376,0.1068333333333333,0.0,0.0
2014-06-15 15:00:00,2.63212,0.0,0.050885,0.0669283333333333,0.0522483333333333,0.0,0.0013166666666666,0.1168483333333333,0.0,0.0
2014-06-15 16:00:00,0.70856,0.0189066666666666,0.049705,0.067805,0.0,0.0174666666666666,0.0013016666666666,0.0413583333333333,0.0,0.0
2014-06-15 17:00:00,1.526020905923345,0.0933310104529616,0.0481167247386759,0.0676289198606271,0.0410766550522648,0.5190905923344947,0.0075853658536585,0.0739982578397212,0.0,0.0
2014-06-15 18:00:00,0.8780173535791758,0.0809652928416485,0.0502993492407809,0.0672733188720173,0.039,0.1027093275488069,0.000644251626898,0.1210151843817787,0.0297895878524945,0.0
2014-06-15 19:00:00,0.8739140271493212,0.0775882352941176,0.0523552036199095,0.0672013574660633,0.0386719457013574,0.0,0.0006674208144796,0.1212669683257918,0.0,0.0
2014-06-15 20:00:00,0.9640877192982455,0.0567456140350877,0.0485548245614035,0.0671206140350877,0.0334166666666666,0.0,0.0006688596491228,0.1209517543859649,0.0,0.0
2014-06-15 21:00:00,0.2842390243902439,0.0,0.0493,0.0671268292682926,0.0367878048780487,0.0,0.0008195121951219,0.0441195121951219,0.0,0.0
2014-06-15 22:00:00,0.2571272321428571,0.0,0.0492142857142857,0.0669352678571428,0.0299352678571428,0.0,0.0008526785714285,0.0415111607142857,0.0,0.0
2014-06-15 23:00:00,0.228,0.0,0.0497775280898876,0.0669033707865168,0.0079955056179775,0.0,0.0008606741573033,0.0420606741573033,0.0,0.0
2014-06-16 00:00:00,0.2596004319654427,0.0,0.0521857451403887,0.0670453563714902,0.0372591792656587,0.0,0.0009200863930885,0.0419589632829373,0.0,0.0
2014-06-16 01:00:00,0.2585858585858586,0.0,0.0502037037037037,0.0669730639730639,0.039026936026936,0.0,0.0009141414141414,0.0416161616161616,0.0,0.0
2014-06-16 02:00:00,0.232555,0.0,0.0506066666666666,0.0668016666666666,0.0141233333333333,0.0,0.0009616666666666,0.041775,0.0,0.0
2014-06-16 03:00:00,0.2421733333333333,0.0,0.045725,0.0664883333333333,0.0250416666666666,0.0,0.000915,0.0430283333333333,0.0,0.0
2014-06-16 04:00:00,0.2515133333333333,0.0,0.040975,0.066255,0.0389683333333333,0.0,0.00094,0.041555,0.0,0.0
2014-06-16 05:00:00,0.272925,0.0472849999999999,0.0479033333333333,0.06564,0.0080166666666666,0.0,0.000785,0.04181,0.0,0.0
2014-06-16 06:00:00,0.6650451505016722,0.0916070234113712,0.0506755852842809,0.0654933110367892,0.0309364548494983,0.0,0.00076254180602,0.0415468227424749,0.0398645484949832,0.0
2014-06-16 07:00:00,0.84317,0.0803583333333333,0.0506683333333333,0.0656316666666666,0.0317516666666666,0.4284183333333333,0.00062,0.0415166666666666,0.0,0.0
2014-06-16 08:00:00,0.51306151142355,0.0769964850615114,0.0491862917398945,0.0656801405975395,0.0090228471001757,0.0815869947275922,0.0006291739894551,0.0414323374340949,0.0,0.0
2014-06-16 09:00:00,0.6272328042328043,0.0048677248677248,0.0487495590828924,0.0656966490299823,0.0398201058201058,0.0433086419753086,0.000710758377425,0.0415291005291005,0.0,0.0
2014-06-16 10:00:00,1.158934333958724,0.0,0.040076923076923,0.0654934333958724,0.0,0.343765478424015,0.0005103189493433,0.0412739212007504,0.0,0.0
2014-06-16 11:00:00,1.834923933209648,0.0,0.0412987012987012,0.0654322820037105,0.0425454545454545,0.1991372912801484,0.0004322820037105,0.0411187384044526,0.0,0.0
2014-06-16 12:00:00,1.1130365217391305,0.0,0.05112,0.065551304347826,0.0371130434782608,0.0804869565217391,0.0003599999999999,0.0411008695652173,0.0,0.0
2014-06-16 13:00:00,0.3685411334552102,0.0,0.0490438756855575,0.0656563071297989,0.0024149908592321,0.0,0.0004588665447897,0.0410968921389396,0.0,0.0
2014-06-16 14:00:00,0.3081731448763251,0.0,0.048899293286219,0.0658144876325088,0.0432650176678445,0.0,0.0005671378091872,0.041060070671378,0.0,0.0
2014-06-16 15:00:00,0.5086148531951641,0.0822245250431778,0.0499982728842832,0.065720207253886,0.0054455958549222,0.0,0.0004041450777202,0.0916321243523316,0.0,0.0
2014-06-16 16:00:00,1.4211627516778524,0.0822852348993288,0.0495604026845637,0.0657651006711409,0.044986577181208,0.0,0.0002197986577181,0.1011124161073825,0.0,0.0
2014-06-16 17:00:00,1.509732441471572,0.0772692307692307,0.0500133779264214,0.0658377926421404,0.0427658862876254,0.4818545150501672,0.0003578595317725,0.0970752508361204,0.0,0.0
2014-06-16 18:00:00,1.458575,0.0759866666666666,0.0496283333333333,0.0654449999999999,0.0047316666666666,0.12445,0.497725,0.0954083333333333,0.0,0.0
2014-06-16 19:00:00,1.08385,0.0326599999999999,0.04782,0.06583,0.0451633333333333,0.0588116666666666,0.4319716666666667,0.1202483333333333,0.0,0.0
2014-06-16 20:00:00,0.4989366666666667,0.0,0.04282,0.0658316666666666,0.0445833333333333,0.0,0.001375,0.1202866666666666,0.0,0.0
2014-06-16 21:00:00,0.5061316666666666,0.0,0.0425349999999999,0.06593,0.00333,0.0,0.0015483333333333,0.1203116666666666,0.0,0.0
2014-06-16 22:00:00,0.32573,0.0,0.0489249999999999,0.0659433333333333,0.04494,0.0,0.0015433333333333,0.0437816666666666,0.0,0.0
2014-06-16 23:00:00,0.26244,0.0,0.0509666666666666,0.0660483333333333,0.00487,0.0,0.0016066666666666,0.0408033333333333,0.0,0.0
2014-06-17 00:00:00,0.2947833333333333,0.0,0.050935,0.065995,0.0388216666666666,0.0,0.001715,0.04127,0.0,0.0
2014-06-17 01:00:00,0.2899549999999999,0.0,0.050965,0.065895,0.0363033333333333,0.0,0.0017166666666666,0.040825,0.0,0.0
2014-06-17 02:00:00,0.25382,0.0059233333333333,0.0412783333333333,0.065885,0.006405,0.0,0.0017666666666666,0.0409799999999999,0.0,0.0
2014-06-17 03:00:00,0.4013533333333333,0.096025,0.0402966666666666,0.06577,0.0418366666666666,0.0,0.0018016666666666,0.04122,0.0,0.0
2014-06-17 04:00:00,0.3363683333333333,0.0814033333333333,0.0511766666666666,0.065575,0.0,0.0,0.001705,0.0409366666666666,0.0,0.0
2014-06-17 05:00:00,0.4081233333333333,0.069145,0.05061,0.064855,0.041055,0.0,0.0016183333333333,0.0407783333333333,0.0,0.0
2014-06-17 06:00:00,0.5810735785953177,0.0,0.0511371237458193,0.0648461538461538,0.0236672240802675,0.0,0.0015501672240802,0.0406555183946488,0.0,0.0
2014-06-17 07:00:00,0.3963483333333333,0.0,0.045185,0.0647249999999999,0.0152883333333333,0.0,0.0012749999999999,0.0406733333333333,0.0,0.0
2014-06-17 08:00:00,0.7572504201680672,0.0,0.0400504201680672,0.0646336134453781,0.0399714285714285,0.0,0.0014134453781512,0.0795277310924369,0.0,0.0
2014-06-17 09:00:00,1.1148414023372286,0.0,0.0505141903171953,0.0649766277128547,0.0,0.0,0.0005609348914858,0.0412153589315525,0.0,0.0
2014-06-17 10:00:00,0.5432233333333334,0.0550266666666666,0.0480283333333333,0.0652266666666666,0.042825,0.0,0.0,0.041155,0.0516233333333333,0.0
2014-06-17 11:00:00,0.3406879271070615,0.0851093394077448,0.0469088838268792,0.0651662870159453,0.0,0.0,7.74487471526196e-05,0.0408382687927107,0.0,0.0
2014-06-17 12:00:00,0.5840565110565111,0.0836511056511056,0.0737813267813267,0.0692948402948403,0.0623710073710073,0.0,7.371007371007371e-05,0.0375552825552825,0.0,0.0
2014-06-17 13:00:00,0.3968013355592654,0.0463572621035058,0.0491719532554257,0.0666727879799666,0.0,0.0,3.6727879799666106e-05,0.0381368948247078,0.0,0.0
2014-06-17 14:00:00,0.3438083333333333,0.0,0.0492916666666666,0.067325,0.0423133333333333,0.0,6.666666666666667e-05,0.0377516666666666,0.0,0.0
2014-06-17 15:00:00,0.2481683333333333,0.0,0.049765,0.06734,0.0,0.0,0.0001216666666666,0.0384416666666666,0.0,0.0
2014-06-17 16:00:00,0.8418025594149908,0.0046234003656307,0.0478336380255941,0.0674095063985374,0.0510438756855575,0.0,0.0034131627056672,0.0371151736745886,0.0,0.0
2014-06-17 17:00:00,1.2436415094339623,0.0,0.0471622641509433,0.0673169811320754,0.0339490566037735,0.0,0.764045283018868,0.0534679245283018,0.0,0.0
2014-06-17 18:00:00,1.365901337792642,0.0,0.0492909698996655,0.0671889632107023,0.0108394648829431,0.5106772575250836,0.2105401337792642,0.0934949832775919,0.0,0.0
2014-06-17 19:00:00,0.7153416666666667,0.0,0.0500316666666666,0.0672116666666666,0.015,0.116385,0.0014216666666666,0.117085,0.0,0.0
2014-06-17 20:00:00,0.509375,0.0,0.0502283333333333,0.0675283333333333,0.032975,0.0371566666666666,0.001665,0.11354,0.0,0.0
2014-06-17 21:00:00,0.3523585858585858,0.0,0.0497205387205387,0.0674511784511784,0.0080218855218855,0.0,0.0016616161616161,0.0369242424242424,0.0,0.0
2014-06-17 22:00:00,0.3508588435374149,0.0,0.0428350340136054,0.0672840136054421,0.0351836734693877,0.0,0.0016632653061224,0.0372244897959183,0.0,0.0
2014-06-17 23:00:00,0.2811638513513513,0.0,0.041402027027027,0.0673175675675675,0.0,0.0,0.0017094594594594,0.0376807432432432,0.0,0.0
2014-06-18 00:00:00,0.2648383333333333,0.0,0.0476266666666666,0.0672183333333333,0.04426,0.0,0.0017283333333333,0.0368516666666666,0.0,0.0
2014-06-18 01:00:00,0.2148277591973244,0.0,0.0493361204013377,0.0671053511705685,0.0,0.0,0.0016722408026755,0.0369113712374581,0.0,0.0
2014-06-18 02:00:00,0.2608833333333333,0.0,0.0498666666666666,0.066965,0.04501,0.0,0.0016816666666666,0.0371766666666666,0.0,0.0
2014-06-18 03:00:00,0.2155583333333333,0.0,0.0499516666666666,0.0669983333333333,0.0,0.0,0.0017516666666666,0.0369283333333333,0.0,0.0
2014-06-18 04:00:00,0.2592266666666666,0.0,0.04996,0.0666566666666666,0.0438883333333333,0.0,0.0017033333333333,0.0367383333333333,0.0,0.0
2014-06-18 05:00:00,0.22156,0.0,0.0483583333333333,0.06611,0.0,0.0,0.0015816666666666,0.037605,0.0,0.0
2014-06-18 06:00:00,0.6888528428093645,0.0,0.0402591973244147,0.0659180602006688,0.0431304347826086,0.0,0.0014816053511705,0.036695652173913,0.0,0.0
2014-06-18 07:00:00,0.7703783333333333,0.0,0.0414016666666666,0.065675,0.0029649999999999,0.0,0.0011083333333333,0.0375949999999999,0.0,0.0
2014-06-18 08:00:00,0.4993015075376884,0.0,0.0476616415410385,0.0656214405360133,0.0417989949748743,0.0,0.0010887772194304,0.0373182579564489,0.0,0.0
2014-06-18 09:00:00,0.4558266666666666,0.0,0.0505866666666666,0.0656966666666666,0.0134533333333333,0.0,0.0010883333333333,0.0382383333333333,0.0,0.0
2014-06-18 10:00:00,0.3964191919191919,0.0,0.0493400673400673,0.0657895622895622,0.0280858585858585,0.0,0.0010824915824915,0.0371195286195286,0.0,0.0
2014-06-18 11:00:00,0.4061349999999999,0.0,0.0498416666666666,0.0659016666666666,0.036505,0.0,0.0010766666666666,0.0372183333333333,0.0,0.0
2014-06-18 12:00:00,0.3836850921273032,0.0,0.0489246231155778,0.0659413735343383,0.0041758793969849,0.0,0.0010619765494137,0.0372596314907872,0.0,0.0
2014-06-18 13:00:00,0.9108425460636516,0.0,0.0487420435510887,0.0658274706867671,0.0464103852596314,0.4016180904522613,0.0010988274706867,0.0377587939698492,0.0,0.0
2014-06-18 14:00:00,0.6684673366834171,0.0,0.0493718592964824,0.0665678391959799,0.0,0.1456482412060301,0.0014757118927973,0.0373082077051926,0.0,0.0
2014-06-18 15:00:00,1.1430652173913043,0.0,0.0489180602006689,0.0667976588628762,0.0640217391304347,0.0811120401337792,0.0013946488294314,0.0371521739130434,0.0,0.0
2014-06-18 16:00:00,0.3740716666666666,0.0,0.04882,0.0670683333333333,0.0204833333333333,0.0,0.0012966666666666,0.0372866666666666,0.0,0.0
2014-06-18 17:00:00,0.5678116666666666,0.0,0.048485,0.067385,0.035315,0.0,0.001435,0.1066266666666666,0.0,0.0
2014-06-18 18:00:00,1.6383166666666666,0.0,0.0478783333333333,0.067295,0.040705,0.44004,0.0013416666666666,0.0379616666666666,0.0,0.0126216666666666
2014-06-18 19:00:00,0.7254633333333333,0.0,0.0482316666666666,0.0675183333333333,0.0250416666666666,0.1247549999999999,0.0013733333333333,0.0628783333333333,0.0,0.0
2014-06-18 20:00:00,0.5341335559265442,0.0,0.0487378964941569,0.0677646076794657,0.0557245409015025,0.0716978297161936,0.0014540901502504,0.117601001669449,0.0,0.0
2014-06-18 21:00:00,0.2956108291032149,0.0,0.04914551607445,0.0676920473773265,0.0088223350253807,0.0,0.0015583756345177,0.0695279187817258,0.0,0.0
2014-06-18 22:00:00,0.2867,0.0,0.048195,0.0678316666666666,0.04632,0.0,0.0016066666666666,0.0380766666666666,0.0,0.0
2014-06-18 23:00:00,0.2625237288135593,0.0,0.0484559322033898,0.0676796610169491,0.0381271186440678,0.0,0.0017338983050847,0.0390169491525423,0.0,0.0
2014-06-19 00:00:00,0.2341266666666666,0.0,0.04908,0.06786,0.0142716666666666,0.0,0.0017683333333333,0.0380066666666666,0.0,0.0
2014-06-19 01:00:00,0.26922,0.0,0.048635,0.0675133333333333,0.0486016666666666,0.0,0.00177,0.0390083333333333,0.0,0.0
2014-06-19 02:00:00,0.2280866666666666,0.0,0.048635,0.0673533333333333,0.0,0.0,0.0016933333333333,0.039465,0.0,0.0
2014-06-19 03:00:00,0.3250849999999999,0.0,0.049485,0.0672583333333333,0.0463149999999999,0.0,0.001745,0.0383983333333333,0.0,0.0
2014-06-19 04:00:00,0.40052,0.0,0.0490833333333333,0.0670166666666666,0.0150099999999999,0.0,0.0016799999999999,0.0377383333333333,0.0,0.0
2014-06-19 05:00:00,0.385505,0.0,0.049065,0.0668583333333333,0.0309516666666666,0.0,0.001235,0.038375,0.0,0.0
2014-06-19 06:00:00,0.8175869565217391,0.0,0.0528996655518394,0.0672424749163879,0.0401003344481605,0.0,0.1881270903010033,0.0382725752508361,0.0405,0.0
2014-06-19 07:00:00,1.1519033333333335,0.012185,0.044675,0.06656,0.0334933333333333,0.0,0.7270533333333333,0.03865,0.0,0.0
2014-06-19 08:00:00,0.3914608985024959,0.0,0.0495590682196339,0.0666173044925124,0.0120415973377703,0.0,0.0111397670549084,0.0368219633943427,0.0,0.0
2014-06-19 09:00:00,0.449165,0.0,0.0501033333333333,0.0678466666666666,0.03399,0.0,0.0015083333333333,0.0379766666666666,0.0,0.0
2014-06-19 10:00:00,1.212077834179357,0.0,0.0551201353637901,0.0677901861252115,0.0426768189509306,0.0,0.0013367174280879,0.0369323181049069,0.0,0.0
2014-06-19 11:00:00,1.4580216666666668,0.0,0.050825,0.0674866666666666,0.0129466666666666,0.0,0.0014283333333333,0.0378566666666666,0.0,0.0
2014-06-19 12:00:00,1.7834285714285714,0.0,0.0489193277310924,0.0674453781512605,0.0264084033613445,0.0,0.3423579831932773,0.0369781512605041,0.0,0.0
2014-06-19 13:00:00,1.077679054054054,0.0,0.0490320945945945,0.0673547297297297,0.0362550675675675,0.0,0.5288344594594595,0.0379172297297297,0.0,0.0
2014-06-19 14:00:00,0.5448050420168067,0.0,0.0477462184873949,0.0673966386554621,0.0343025210084033,0.0,0.0020436974789915,0.0368974789915966,0.0,0.0
2014-06-19 15:00:00,0.540146218487395,0.0,0.0513277310924369,0.0685882352941176,0.0264605042016806,0.0,0.0014268907563025,0.0829109243697479,0.0,0.0
2014-06-19 16:00:00,0.5762621035058431,0.0,0.0524106844741235,0.0699415692821368,0.0363772954924874,0.0,0.0015275459098497,0.0690400667779632,0.0,0.0
2014-06-19 17:00:00,0.36968,0.0,0.044685,0.0694333333333333,0.0344083333333333,0.0,0.00148,0.0587233333333333,0.0,0.0
2014-06-19 18:00:00,0.3215616666666667,0.0,0.0472299999999999,0.069455,0.02893,0.0,0.001615,0.099235,0.0,0.0
2014-06-19 19:00:00,0.3479259259259259,0.0,0.0478552188552188,0.0695218855218855,0.0292154882154882,0.0,0.0016447811447811,0.117050505050505,0.0,0.0
2014-06-19 20:00:00,0.3496570458404074,0.0,0.0511816638370118,0.0691918505942275,0.0295636672325976,0.0,0.0016638370118845,0.1108404074702886,0.0,0.0
2014-06-19 21:00:00,0.3642470784641068,0.0,0.0498497495826377,0.0680984974958263,0.02459265442404,0.0,0.0017445742904841,0.0378063439065108,0.0,0.0
2014-06-19 22:00:00,0.3402172413793103,0.0,0.0503327586206896,0.0691586206896551,0.0186827586206896,0.0,0.0018310344827586,0.0371655172413793,0.0,0.0
2014-06-19 23:00:00,0.3206544240400668,0.0,0.05,0.0686761268781302,0.0192253756260434,0.0,0.0017712854757929,0.0378781302170283,0.0,0.0
2014-06-20 00:00:00,0.3147733333333333,0.0,0.05013,0.0683083333333333,0.0321716666666666,0.0,0.00176,0.0371,0.0,0.0
2014-06-20 01:00:00,0.2516442953020134,0.0,0.0507634228187919,0.0680369127516778,0.0313238255033557,0.0,0.0018187919463087,0.0378271812080536,0.0,0.0008590604026845
2014-06-20 02:00:00,0.2581649831649831,0.0,0.0511279461279461,0.0676498316498316,0.0311296296296296,0.0,0.0017407407407407,0.0369410774410774,0.0,0.0
2014-06-20 03:00:00,0.2500285714285714,0.0,0.0498252100840336,0.0676605042016806,0.0288336134453781,0.0,0.0017613445378151,0.0379176470588235,0.0,0.0
2014-06-20 04:00:00,0.2244831649831649,0.0,0.0436902356902356,0.0675942760942761,0.0049511784511784,0.0,0.0017558922558922,0.0370757575757575,0.0,0.0
2014-06-20 05:00:00,0.2637016666666666,0.0,0.0400666666666666,0.0669616666666666,0.0276366666666666,0.0,0.001595,0.0382983333333333,0.0,0.0068266666666666
2014-06-20 06:00:00,0.9525874363327674,0.0,0.0479388794567062,0.0668149405772495,0.0290780984719864,0.0,0.0007758913412563,0.0368505942275042,0.0626315789473684,0.0
2014-06-20 07:00:00,1.1006466666666668,0.0,0.0503916666666666,0.0672233333333333,0.030745,0.5129049999999999,3.3333333333333337e-06,0.0379166666666666,0.0,0.0
2014-06-20 08:00:00,0.8506737588652482,0.0028421985815602,0.0532925531914893,0.0668510638297872,0.019313829787234,0.1116790780141844,0.0,0.0370390070921985,0.0,0.0184946808510638
2014-06-20 09:00:00,0.630981324278438,0.0,0.0513718166383701,0.0667623089983022,0.012855687606112,0.061660441426146,7.64006791171477e-05,0.0375687606112054,0.0,0.0
2014-06-20 10:00:00,0.6885345699831367,0.0,0.0492799325463743,0.0668920741989882,0.0300236087689713,0.0,0.0001534569983136,0.0368971332209106,0.0,0.0
2014-06-20 11:00:00,0.4459534109816971,0.0,0.049855241264559,0.0667554076539101,0.0309700499168053,0.0,0.0001098169717138,0.037945091514143,0.0,0.0
2014-06-20 12:00:00,0.3806794657762938,0.0,0.0501636060100166,0.0672971619365609,0.0312170283806343,0.0,0.0001218697829716,0.0528614357262103,0.0,0.0
2014-06-20 13:00:00,1.0853932773109245,0.0017394957983193,0.0495025210084033,0.0676050420168067,0.009344537815126,0.0,7.226890756302521e-05,0.0787176470588235,0.0,0.0
2014-06-20 14:00:00,1.0133864818024263,0.0,0.0508752166377816,0.0689012131715771,0.0227642980935875,0.0,0.420102253032929,0.0384419410745234,0.0,0.0
2014-06-20 15:00:00,0.7871996644295303,0.0,0.0496912751677852,0.0681560402684563,0.0373456375838926,0.0,0.4534278523489932,0.0904597315436241,0.0,0.0
2014-06-20 16:00:00,0.2783606010016695,0.0,0.0499799666110183,0.0680767946577629,0.0317762938230384,0.0,0.0018414023372287,0.056245409015025,0.0,0.0
2014-06-20 17:00:00,0.266855,0.0,0.0494099999999999,0.0688966666666666,0.0332,0.0,0.00154,0.0378383333333333,0.0,0.0
2014-06-20 18:00:00,0.366095,0.0,0.0484816666666666,0.0691466666666666,0.0355083333333333,0.0,0.001555,0.0371816666666666,0.0,0.0
2014-06-20 19:00:00,0.4939983333333333,0.0,0.0485666666666666,0.06929,0.0259433333333333,0.0,0.00159,0.0558016666666666,0.0,0.0
2014-06-20 20:00:00,0.4416831345826235,0.0,0.0491976149914821,0.0689335604770017,0.0149778534923339,0.0,0.0014684838160136,0.1154514480408858,0.0,0.0
2014-06-20 21:00:00,0.3630190311418685,0.0,0.0515830449826989,0.0691660899653979,0.0237768166089965,0.0,0.001576124567474,0.0459342560553633,0.0,0.0
2014-06-20 22:00:00,0.2773516666666666,0.0,0.051425,0.0686533333333333,0.03204,0.0,0.0016433333333333,0.0369816666666666,0.0,0.0
2014-06-20 23:00:00,0.2653083333333333,0.0,0.0565833333333333,0.07042,0.0325499999999999,0.0,0.0016966666666666,0.03827,0.0,0.0
2014-06-21 00:00:00,0.2590183333333333,0.0,0.0508966666666666,0.06862,0.03317,0.0,0.0017616666666666,0.0368933333333333,0.0,0.0
2014-06-21 01:00:00,0.241851724137931,0.0,0.0450396551724137,0.0682827586206896,0.0271931034482758,0.0,0.0017310344827586,0.0378931034482758,0.0,0.0
2014-06-21 02:00:00,0.2216737044145873,0.0,0.045746641074856,0.0680652591170825,0.0060383877159309,0.0,0.0018349328214971,0.0374030710172744,0.0,0.0
2014-06-21 03:00:00,0.2461125703564728,0.0,0.0466810506566604,0.0678968105065666,0.0301894934333958,0.0,0.001874296435272,0.0380581613508442,0.0,0.0
2014-06-21 04:00:00,0.26688,0.0,0.0509333333333333,0.0674133333333333,0.032,0.0,0.0018266666666666,0.0368666666666666,0.0,0.0
2014-06-21 05:00:00,0.4053719165085389,0.0,0.0505237191650853,0.0668519924098671,0.0326793168880455,0.0,0.0016698292220113,0.0377912713472485,0.0,0.0
2014-06-21 06:00:00,0.6449099437148218,0.0,0.0512420262664165,0.0667542213883677,0.0184671669793621,0.0,0.0017166979362101,0.0370056285178236,0.0,0.0
2014-06-21 07:00:00,0.5648343079922028,0.0,0.0504346978557504,0.0664269005847953,0.0140194931773879,0.222167641325536,0.0014619883040935,0.0380487329434697,0.0,0.0
2014-06-21 08:00:00,0.7416192236598892,0.0,0.0406247689463955,0.0662458410351201,0.040264325323475,0.2502957486136783,0.0014639556377079,0.0832791127541589,0.0114029574861367,0.0
2014-06-21 09:00:00,0.5181734104046243,0.0,0.04631021194605,0.0665067437379576,0.0442447013487475,0.0,0.0014797687861271,0.0963352601156069,0.0,0.0
2014-06-21 10:00:00,0.3307444029850746,0.0,0.0481212686567164,0.0667611940298507,0.0222686567164179,0.0,0.0016100746268656,0.0368675373134328,0.0,0.0
2014-06-21 11:00:00,0.2463239700374531,0.0,0.0499213483146067,0.0668689138576778,0.0192490636704119,0.0,0.001503745318352,0.0381853932584269,0.0,0.0
2014-06-21 12:00:00,0.266977229601518,0.0,0.0509601518026565,0.0670853889943074,0.046280834914611,0.0,0.0014364326375711,0.0370379506641366,0.0,0.0
2014-06-21 13:00:00,0.3480118811881188,0.0,0.0535128712871287,0.0676079207920792,0.0444178217821782,0.0,0.0014613861386138,0.0780752475247524,0.0,0.0
2014-06-21 14:00:00,0.4622260536398467,0.0,0.0577452107279693,0.0680114942528735,0.0074770114942528,0.0,0.0015977011494252,0.1163409961685823,0.0,0.010551724137931
2014-06-21 15:00:00,0.6464971209213052,0.0,0.0519673704414587,0.0698349328214971,0.0380499040307101,0.0,0.00157773512476,0.0913013435700575,0.0,0.0
2014-06-21 16:00:00,0.8944981751824818,0.0022901459854014,0.0498357664233576,0.0696569343065693,0.0482810218978102,0.0,0.0015456204379562,0.0370401459854014,0.0,0.0
2014-06-21 17:00:00,0.3547996254681648,0.0,0.0491666666666666,0.0700149812734082,0.0037846441947565,0.0,0.0016048689138576,0.0561048689138576,0.0,0.0
2014-06-21 18:00:00,0.4874830827067669,0.0,0.0486146616541353,0.0699097744360902,0.0458176691729323,0.0,0.0049210526315789,0.1156842105263157,0.0,0.0
2014-06-21 19:00:00,1.3709532710280372,0.0,0.0479158878504672,0.0694317757009345,0.0512859813084112,0.0,0.6050672897196262,0.0873439252336448,0.0,0.0
2014-06-21 20:00:00,0.7321144465290806,0.0,0.0497073170731707,0.0693358348968105,0.0,0.0,0.3111838649155722,0.1240469043151969,0.0,0.0
2014-06-21 21:00:00,0.4602519379844961,0.0,0.0500271317829457,0.0693507751937984,0.048734496124031,0.0,0.0017306201550387,0.1034728682170542,0.0,0.0
2014-06-21 22:00:00,0.2779823182711198,0.0,0.0494734774066797,0.0686836935166994,0.0303811394891945,0.0,0.001697445972495,0.0448231827111984,0.0,0.0
2014-06-21 23:00:00,0.2582981132075471,0.0,0.0555905660377358,0.069254716981132,0.0185452830188679,0.0,0.0017396226415094,0.0462754716981132,0.0,0.0
2014-06-22 00:00:00,0.2776666666666667,0.0,0.0614812623274161,0.0690138067061144,0.0451183431952662,0.0,0.0018402366863905,0.0451025641025641,0.0,0.0
2014-06-22 01:00:00,0.2286370656370656,0.0,0.0509594594594594,0.0687760617760617,0.0,0.0,0.0017818532818532,0.0476544401544401,0.0,0.0
2014-06-22 02:00:00,0.2624919354838709,0.0,0.0496108870967741,0.0684717741935483,0.0400846774193548,0.0,0.0018508064516129,0.0453568548387096,0.0,0.0
2014-06-22 03:00:00,0.2471929824561403,0.0,0.0498908382066276,0.068485380116959,0.023317738791423,0.0,0.0018382066276803,0.0459629629629629,0.0,0.0
2014-06-22 04:00:00,0.2611930501930501,0.0,0.0489208494208494,0.0683030888030888,0.0163764478764478,0.0,0.0019150579150579,0.045,0.0,0.0
2014-06-22 05:00:00,0.4396640316205534,0.0,0.050695652173913,0.0677529644268774,0.0391343873517786,0.0,0.0015355731225296,0.0457252964426877,0.0,0.0
2014-06-22 06:00:00,0.5275593869731801,0.0,0.050375478927203,0.0673390804597701,0.0,0.0,0.0012567049808429,0.0449578544061302,0.0,0.0
2014-06-22 07:00:00,1.738239845261122,0.0,0.0469555125725338,0.0672340425531914,0.0402533849129593,0.0,0.0013462282398452,0.0464816247582205,0.0,0.0
2014-06-22 08:00:00,0.4895796545105566,0.0,0.0455815738963531,0.0675642994241842,0.0390690978886756,0.0,0.00157773512476,0.0453973128598848,0.0,0.0
2014-06-22 09:00:00,0.2645157480314961,0.0,0.0503425196850393,0.0675334645669291,0.0,0.0,0.0020688976377952,0.0457322834645669,0.0,0.0
2014-06-22 10:00:00,0.2771532416502947,0.0,0.0557779960707269,0.0675225933202357,0.0364086444007858,0.0,0.0011139489194499,0.0449764243614931,0.0,0.0
2014-06-22 11:00:00,0.2759106463878327,0.0,0.0505,0.0677034220532319,0.041148288973384,0.0,0.0011634980988593,0.0457262357414448,0.0,0.0
2014-06-22 12:00:00,0.3292194656488549,0.0,0.0474484732824427,0.068017175572519,0.0076469465648854,0.0,0.0010496183206106,0.0449179389312977,0.0,0.0
2014-06-22 13:00:00,0.4700418326693227,0.0006713147410358,0.0477509960159362,0.0683366533864541,0.0325856573705179,0.0,0.000101593625498,0.0872290836653386,0.0,0.0
2014-06-22 14:00:00,0.308324427480916,0.0,0.0606793893129771,0.068824427480916,0.0386832061068702,0.0,0.0001202290076335,0.0449770992366412,0.0,0.0
2014-06-22 15:00:00,0.3752615384615385,0.0,0.0560076923076923,0.0690557692307692,0.0376846153846153,0.0,8.26923076923077e-05,0.0463307692307692,0.0,0.0
2014-06-22 16:00:00,0.4231866913123844,0.0,0.0480702402957486,0.0690203327171903,0.0358447319778188,0.0,4.805914972273567e-05,0.0450221811460258,0.0,0.0
2014-06-22 17:00:00,0.4296086956521739,0.0,0.0496143667296786,0.0693308128544423,0.0339187145557655,0.0,5.4820415879017015e-05,0.0458809073724007,0.0,0.0
2014-06-22 18:00:00,1.0436897196261683,0.0,0.0676542056074766,0.069603738317757,0.0332672897196261,0.4523289719626168,0.0001046728971962,0.0676915887850467,0.0117626168224299,0.0
2014-06-22 19:00:00,1.3384768089053802,0.0,0.0524118738404452,0.0696289424860853,0.033152133580705,0.1064322820037105,0.0001261595547309,0.1250408163265306,0.0,0.0
2014-06-22 20:00:00,0.6612390057361377,0.0,0.0516290630975143,0.0695793499043977,0.0351261950286806,0.0374015296367112,0.0001395793499043,0.1230038240917782,0.0,0.0
2014-06-22 21:00:00,0.3575346153846154,0.0,0.0492,0.06945,0.0352173076923076,0.0,0.0,0.045826923076923,0.0,0.0
2014-06-22 22:00:00,0.2793039399624765,0.0,0.0513227016885553,0.0694615384615384,0.0376303939962476,0.0,9.380863039399626e-06,0.0450506566604127,0.0,0.0
2014-06-22 23:00:00,0.2601692607003891,0.0,0.0630058365758754,0.0692976653696498,0.0140700389105058,0.0,1.3618677042801557e-05,0.0461186770428015,0.0,0.0
2014-06-23 00:00:00,0.2490244821092278,0.0,0.0548060263653484,0.0692297551789077,0.0200790960451977,0.0,1.1299435028248587e-05,0.0453163841807909,0.0,0.0
2014-06-23 01:00:00,0.2644586614173228,0.0,0.0502204724409448,0.0691200787401574,0.0360472440944881,0.0,1.968503937007874e-05,0.0459035433070866,0.0,0.0
2014-06-23 02:00:00,0.2609535783365571,0.0,0.0513655705996131,0.0690309477756286,0.0365067698259187,0.0,4.25531914893617e-05,0.0457330754352031,0.0,0.0
2014-06-23 03:00:00,0.2723171206225681,0.0,0.0503093385214007,0.0687782101167315,0.0384357976653696,0.0,2.723735408560312e-05,0.0456400778210116,0.0,0.0
2014-06-23 04:00:00,0.2264628571428571,0.0,0.0500190476190476,0.068375238095238,0.0022323809523809,0.0,3.0476190476190475e-05,0.0449314285714285,0.0,0.0
2014-06-23 05:00:00,0.2986978557504873,0.0,0.0498460038986354,0.0678732943469785,0.0341461988304093,0.0,1.7543859649122806e-05,0.046037037037037,0.0,0.0
2014-06-23 06:00:00,0.6816070763500932,0.0,0.048778398510242,0.0675810055865921,0.0354040968342644,0.0,0.0104636871508379,0.0449944134078212,0.0358621973929236,0.0
2014-06-23 07:00:00,1.247311111111111,0.0,0.0453,0.0672907407407407,0.0256148148148148,0.0,0.7493462962962962,0.0457388888888888,0.0,0.0
2014-06-23 08:00:00,1.1086838235294116,0.0,0.05109375,0.0672444852941176,0.0097996323529411,0.489516544117647,0.1766507352941176,0.0448713235294117,0.0,0.0
2014-06-23 09:00:00,0.5043422939068101,0.0,0.0536146953405017,0.0672956989247311,0.0373727598566308,0.1099551971326164,0.0013118279569892,0.0457956989247311,0.0,0.0
2014-06-23 10:00:00,0.5540588235294117,0.0,0.0667197231833909,0.0696159169550173,0.0363754325259515,0.0092871972318339,0.0013927335640138,0.0449238754325259,0.0,0.0
2014-06-23 11:00:00,0.269476430976431,0.0,0.0486498316498316,0.0707356902356902,0.0348198653198653,0.0,0.0013468013468013,0.0457861952861952,0.0,0.0
2014-06-23 12:00:00,0.368386287625418,0.0,0.0536438127090301,0.0705969899665551,0.0390284280936454,0.0,0.0013093645484949,0.1112876254180602,0.0,0.0
2014-06-23 13:00:00,0.4251476510067113,0.0,0.0615335570469798,0.0709328859060402,0.0157986577181208,0.0,0.0014278523489932,0.1267852348993288,0.0,0.0
2014-06-23 14:00:00,0.3846649916247906,0.0,0.0459899497487437,0.0711021775544388,0.0225896147403685,0.0,0.0013701842546063,0.1002579564489112,0.0,0.0
2014-06-23 15:00:00,0.3847077702702702,0.0,0.0678006756756756,0.0711773648648648,0.0391503378378378,0.0,0.0014493243243243,0.0569493243243243,0.0,0.0
2014-06-23 16:00:00,1.338229020979021,0.0,0.0490332167832167,0.0722360139860139,0.0564650349650349,0.0,0.0015017482517482,0.0923968531468531,0.037,0.0
2014-06-23 17:00:00,0.8608514680483592,0.0,0.0480172711571675,0.072873920552677,0.0277875647668393,0.4517582037996545,0.0014594127806563,0.0458911917098445,0.0,0.0
2014-06-23 18:00:00,0.6792739965095986,0.0,0.0679022687609075,0.0729773123909249,0.0264816753926701,0.11043630017452,0.0013804537521815,0.0451186736474694,0.0,0.0098586387434554
2014-06-23 19:00:00,0.5479598603839442,0.0,0.067326352530541,0.0795776614310645,0.0543019197207678,0.0714101221640488,0.0001518324607329,0.0937102966841186,0.0,0.0
2014-06-23 20:00:00,0.4680696864111498,0.0,0.0666620209059233,0.0802386759581881,0.0476428571428571,0.0,0.0003048780487804,0.1240940766550522,0.0,0.0
2014-06-23 21:00:00,0.3413327495621716,0.0,0.0496584938704028,0.0798546409807355,0.0206059544658493,0.0,0.0001488616462346,0.0753152364273204,0.0,0.0
2014-06-23 22:00:00,0.2804148550724638,0.0,0.0572300724637681,0.080534420289855,0.0215235507246376,0.0,0.0002989130434782,0.0450416666666666,0.0,0.0
2014-06-23 23:00:00,0.2895185185185185,0.0,0.0603492063492063,0.0810035273368606,0.0349788359788359,0.0,0.0005026455026455,0.0461604938271605,0.0,0.0
2014-06-24 00:00:00,0.2736819787985866,0.0,0.050160777385159,0.0810441696113074,0.04236925795053,0.0,0.0004752650176678,0.0449982332155477,0.0,0.0
2014-06-24 01:00:00,0.3207705779334501,0.0,0.0594063047285464,0.0810840630472854,0.0220893169877408,0.0,0.0006112084063047,0.0462049036777583,0.0,0.0
2014-06-24 02:00:00,0.3488374125874126,0.0,0.0588548951048951,0.0809230769230769,0.0193391608391608,0.0,0.0005157342657342,0.0449807692307692,0.0,0.0
2014-06-24 03:00:00,0.3697730496453901,0.0,0.0491329787234042,0.0808156028368794,0.041595744680851,0.0,0.0005780141843971,0.0459450354609929,0.0,0.0
2014-06-24 04:00:00,0.3568954128440367,0.0,0.0481009174311926,0.0803633027522935,0.0405192660550458,0.0,0.0004128440366972,0.0447559633027522,0.0,0.0
2014-06-24 05:00:00,0.3160580985915493,0.0,0.0532482394366197,0.07975,0.0001056338028169,0.0,0.0002218309859154,0.0458327464788732,0.0,0.0
2014-06-24 06:00:00,0.654145869947276,0.0,0.0586063268892794,0.0796379613356766,0.0426748681898066,0.0,0.0027768014059753,0.0450035149384885,0.0,0.0
2014-06-24 07:00:00,1.7588121827411167,0.0,0.053477157360406,0.0793197969543147,0.0427225042301184,3.8917089678511e-05,0.4278950930626057,0.0464111675126903,0.0,0.0
2014-06-24 08:00:00,0.75775,0.0,0.0482174657534246,0.079292808219178,0.0125,0.0,0.467570205479452,0.0451832191780821,0.0,0.0
2014-06-24 09:00:00,0.8575426497277676,0.0,0.0523738656987295,0.0792558983666061,0.0268439201451905,0.4805335753176043,0.0019364791288566,0.0458602540834845,0.0,0.0
2014-06-24 10:00:00,0.4996672354948805,0.0,0.0497116040955631,0.0792662116040955,0.0401058020477815,0.1024334470989761,0.0014129692832764,0.0448003412969283,0.0,0.0
2014-06-24 11:00:00,0.3188743718592965,0.0,0.0494254606365159,0.0794572864321608,0.0218458961474036,0.0456834170854271,0.001467336683417,0.0457688442211055,0.0,0.0
2014-06-24 12:00:00,0.2644610169491526,0.0,0.0577542372881355,0.0795355932203389,0.0180847457627118,0.0,0.0014525423728813,0.0447389830508474,0.0,0.0
2014-06-24 13:00:00,0.4427197986577181,0.0,0.0577231543624161,0.0796191275167785,0.0463825503355704,0.0,0.0010402684563758,0.0458573825503355,0.0,0.0
2014-06-24 14:00:00,0.5603483333333333,0.0,0.04825,0.0795966666666666,0.0379583333333333,0.0,3.5000000000000004e-05,0.0448266666666666,0.0,0.0
2014-06-24 15:00:00,1.2708578595317723,0.0,0.0675986622073578,0.0795167224080267,0.0031989966555183,0.0,5.1839464882943145e-05,0.0598695652173913,0.0,0.0
2014-06-24 16:00:00,0.8874641068447412,0.0,0.0665692821368948,0.0793522537562604,0.0469365609348914,0.0,0.000126878130217,0.1253505843071786,0.0,0.0
2014-06-24 17:00:00,0.7010981697171381,0.0,0.0461031613976705,0.0788985024958402,0.0347787021630615,0.0,4.991680532445923e-05,0.1258752079866888,0.0,0.0
2014-06-24 18:00:00,1.10779,0.0,0.048205,0.07847,0.023765,0.3987816666666667,3e-05,0.1246116666666666,0.0195133333333333,0.0
2014-06-24 19:00:00,1.273815,0.0,0.067305,0.078305,0.0229966666666666,0.2133566666666666,7.333333333333333e-05,0.1253416666666666,0.0,0.0
2014-06-24 20:00:00,0.6544357262103506,0.0,0.0483288814691151,0.0779549248747913,0.0405475792988313,0.0812420701168614,0.0001235392320534,0.12438898163606,0.0,0.0
2014-06-24 21:00:00,1.1694666666666669,0.0,0.0613266666666666,0.0775566666666666,0.0437233333333333,0.2779316666666667,0.435965,0.0640833333333333,0.0,0.0
2014-06-24 22:00:00,0.8004083333333333,0.0,0.0526366666666666,0.07715,0.0,0.0700166666666666,0.428585,0.045325,0.0,0.0
2014-06-24 23:00:00,0.2802416666666666,0.0,0.0470816666666666,0.0766766666666666,0.0437766666666666,0.0,0.0016583333333333,0.0465099999999999,0.0,0.0
2014-06-25 00:00:00,0.2738693467336683,0.0,0.0483919597989949,0.076073701842546,0.0433634840871021,0.0,0.0017118927973199,0.0470083752093802,0.0,0.0
2014-06-25 01:00:00,0.3024066666666667,0.0,0.048215,0.0754166666666666,0.0,0.0,0.00178,0.0462083333333333,0.0,0.0
2014-06-25 02:00:00,0.3588213058419244,0.0,0.0479553264604811,0.0748522336769759,0.0410240549828178,0.0,0.0018247422680412,0.045274914089347,0.0,0.0
2014-06-25 03:00:00,0.4399628975265017,0.0,0.0480070671378091,0.0741678445229682,0.0386342756183745,0.0,0.0018074204946996,0.0459558303886925,0.0,0.0
2014-06-25 04:00:00,0.4474683333333333,0.0,0.0472233333333333,0.07328,0.0080716666666666,0.0,0.00184,0.045175,0.0,0.0
2014-06-25 05:00:00,0.4580941176470589,0.0,0.0427361344537815,0.0723361344537815,0.0412403361344537,0.0,0.0016924369747899,0.0460991596638655,0.0,0.0
2014-06-25 06:00:00,0.3743881355932203,0.0,0.0431881355932203,0.0716457627118644,0.0069050847457627,0.0,0.0015847457627118,0.0452813559322033,0.0,0.0
2014-06-25 07:00:00,0.3478559322033898,0.0,0.044,0.0712915254237288,0.0332203389830508,0.0,0.0016169491525423,0.0462999999999999,0.0,0.0
2014-06-25 08:00:00,0.263722033898305,0.0,0.0443559322033898,0.070893220338983,0.041386440677966,0.0,0.0014694915254237,0.0451610169491525,0.0,0.0
2014-06-25 09:00:00,0.2547744755244755,0.0,0.0453793706293706,0.0707762237762237,0.0,0.0,0.001534965034965,0.0461503496503496,0.0,0.0
2014-06-25 10:00:00,0.3158275261324041,0.0,0.0459041811846689,0.0704825783972125,0.0400470383275261,0.0,0.0014599303135888,0.0454407665505226,0.0,0.0
2014-06-25 11:00:00,0.3005570469798658,0.0,0.0465167785234899,0.0705503355704698,0.0216308724832214,0.0,0.001481543624161,0.0459161073825503,0.0,0.0
2014-06-25 12:00:00,0.6154006734006734,0.0,0.0469898989898989,0.0704478114478114,0.0198350168350168,0.0,0.0014713804713804,0.118993265993266,0.0,0.0
2014-06-25 13:00:00,0.4954592720970537,0.0,0.0473812824956672,0.0702946273830155,0.0430294627383015,0.0,0.0014315424610051,0.1252616984402079,0.0,0.0
2014-06-25 14:00:00,1.239369863013699,0.0,0.0480119863013698,0.0703886986301369,0.0,0.0,0.0014708904109589,0.1239845890410958,0.0,0.0
2014-06-25 15:00:00,0.9455154639175256,0.0,0.0482079037800687,0.0702577319587628,0.0496529209621993,0.0,0.001360824742268,0.1015343642611684,0.0,0.0
2014-06-25 16:00:00,1.0435186440677966,0.0,0.048922033898305,0.0706440677966101,3.3898305084745763e-06,0.0,0.001422033898305,0.0447152542372881,0.0,0.0
2014-06-25 17:00:00,0.6365016666666666,0.0,0.04957,0.0705983333333333,0.0518016666666666,0.0,0.0014299999999999,0.0458383333333333,0.0,0.0
2014-06-25 18:00:00,1.120057046979866,0.0,0.0497097315436241,0.0702751677852349,0.0346862416107382,0.4696291946308724,0.0013892617449664,0.070251677852349,0.0213657718120805,0.0
2014-06-25 19:00:00,0.6887147887323943,0.0,0.0504137323943662,0.0702834507042253,0.0136954225352112,0.1094242957746478,0.0013010563380281,0.1254084507042253,0.0,0.0
2014-06-25 20:00:00,0.5480567986230637,0.0,0.0508072289156626,0.0699913941480206,0.0510017211703958,0.0523580034423407,0.0011290877796901,0.1257555938037866,0.0,0.0
2014-06-25 21:00:00,0.279795,0.0,0.0514849999999999,0.0701133333333333,0.0,0.0,0.0012133333333333,0.07134,0.0,0.0
2014-06-25 22:00:00,0.2900033333333333,0.0,0.0517183333333333,0.069845,0.0514166666666666,0.0,0.00124,0.0465133333333333,0.0,0.0
2014-06-25 23:00:00,0.2385927209705372,0.0,0.0519358752166377,0.0696273830155979,0.0,0.0,0.0012426343154246,0.0459861351819757,0.0,0.0
2014-06-26 00:00:00,0.3725041876046901,0.0,0.0523132328308207,0.0694958123953098,0.0479480737018425,0.0,0.0012495812395309,0.0450318257956448,0.0,0.0
2014-06-26 01:00:00,0.3123166666666667,0.0,0.05273,0.0692166666666666,0.0,0.0,0.0013066666666666,0.0459483333333333,0.0,0.0
2014-06-26 02:00:00,0.3787286432160804,0.0,0.0529396984924623,0.0690552763819095,0.0474221105527638,0.0,0.001321608040201,0.0450452261306532,0.0,0.0
2014-06-26 03:00:00,0.3045283333333333,0.0,0.0531766666666666,0.068895,0.0,0.0,0.001325,0.0460016666666666,0.0,0.0
2014-06-26 04:00:00,0.2885749999999999,0.0,0.0532033333333333,0.0686416666666666,0.0493833333333333,0.0,0.001415,0.0445666666666666,0.0,0.0
2014-06-26 05:00:00,0.2488555555555555,0.0,0.0529333333333333,0.0678888888888888,0.0,0.0,0.0012622222222222,0.0464466666666666,0.0,0.0
2014-06-26 06:00:00,1.0651662707838478,0.0,0.0529239904988123,0.0675510688836104,0.0438028503562945,0.0,0.3056579572446555,0.0454109263657957,0.011710213776722,0.0
2014-06-26 07:00:00,0.8354824355971897,0.0,0.0527025761124121,0.0672177985948477,0.0,0.0,0.5891990632318501,0.0454543325526932,0.0,0.0
2014-06-26 08:00:00,0.2942727272727272,0.0,0.052799154334038,0.0676236786469344,0.0500274841437632,0.0,0.00323044397463,0.0447251585623678,0.0,0.0
2014-06-26 09:00:00,0.2481791666666666,0.0,0.05288125,0.0685666666666666,0.0,0.0,0.00138125,0.0456458333333333,0.0,0.0
2014-06-26 10:00:00,0.759462890625,0.0,0.05284375,0.068736328125,0.044380859375,0.0,0.001330078125,0.044642578125,0.0,0.0
2014-06-26 11:00:00,0.9477847082494968,0.0,0.0529215291750503,0.0690945674044265,0.0043501006036217,0.0,0.0014587525150905,0.0456861167002012,0.0,0.0
2014-06-26 12:00:00,1.0791028037383177,0.0,0.0529588785046728,0.0693308411214953,0.0394971962616822,0.0,0.0014785046728971,0.0447289719626168,0.0,0.0
2014-06-26 13:00:00,0.403786941580756,0.0,0.053,0.0701460481099656,0.0209536082474226,0.0,0.0014398625429553,0.045520618556701,0.0,0.0
2014-06-26 14:00:00,0.349506993006993,0.0,0.0531940559440559,0.0707080419580419,0.027506993006993,0.0,0.0015034965034965,0.0447150349650349,0.0,0.0
2014-06-26 15:00:00,0.3042048192771084,0.0,0.053144578313253,0.0705301204819277,0.0305886402753872,0.0,0.0014234079173838,0.0460051635111876,0.0,0.0
2014-06-26 16:00:00,0.8644156729131175,0.0,0.0536081771720613,0.0709267461669505,0.0153798977853492,0.0,0.0015127768313458,0.083793867120954,0.0,0.0
2014-06-26 17:00:00,0.8286027397260274,0.0,0.0539434931506849,0.0711421232876712,0.0462619863013698,0.0,0.001708904109589,0.1231181506849315,0.0,0.0
2014-06-26 18:00:00,1.1570780952380952,0.0,0.0539714285714285,0.0708704761904761,0.0,0.0063504761904761,0.436847619047619,0.0600514285714285,0.0,0.0100399999999999
2014-06-26 19:00:00,1.5038200757575757,0.0,0.0540643939393939,0.0707878787878787,0.0450170454545454,0.5000359848484849,0.4664393939393939,0.1528087121212121,0.0,0.0
2014-06-26 20:00:00,0.8442495201535508,0.0,0.0540710172744721,0.0702898272552783,0.0368406909788867,0.1244779270633397,0.0014299424184261,0.1517140115163147,0.0,0.0
2014-06-26 21:00:00,0.3721872586872587,0.0,0.0543185328185328,0.0702818532818532,0.0138127413127413,0.0,0.0017297297297297,0.077042471042471,0.0,0.0
2014-06-26 22:00:00,0.3597411067193675,0.0,0.054195652173913,0.0698893280632411,0.0474249011857707,0.0,0.0016027667984189,0.0452450592885375,0.0,0.0
2014-06-26 23:00:00,0.3530658436213991,0.0,0.0546399176954732,0.0697839506172839,0.0163765432098765,0.0,0.0017098765432098,0.0467551440329218,0.0,0.0
2014-06-27 00:00:00,0.360280534351145,0.0,0.0544083969465648,0.0693664122137404,0.0379236641221374,0.0,0.0016812977099236,0.0456431297709923,0.0,0.0
2014-06-27 01:00:00,0.3724714828897338,0.0,0.054615969581749,0.0690589353612167,0.0432281368821292,0.0,0.0017395437262357,0.0463688212927756,0.0,0.0
2014-06-27 02:00:00,0.3428961038961039,0.0,0.0548664192949907,0.0687198515769944,0.0028311688311688,0.0,0.001799628942486,0.0451706864564007,0.0,0.0
2014-06-27 03:00:00,0.2950437828371278,0.0,0.0548756567425569,0.0686287215411558,0.0448231173380035,0.0,0.0018178633975481,0.0456042031523642,0.0,0.0
2014-06-27 04:00:00,0.2436970260223048,0.0,0.0550111524163568,0.06835687732342,0.0,0.0,0.0018327137546468,0.0450743494423791,0.0,0.0
2014-06-27 05:00:00,0.3193589743589743,0.0,0.0547029914529914,0.0676132478632478,0.0434807692307692,0.0,0.0017008547008547,0.0455192307692307,0.0,0.0
2014-06-27 06:00:00,0.76,0.0,0.0545158102766798,0.0672569169960474,0.0053102766798418,0.0,0.0016541501976284,0.0446877470355731,0.0,0.0
2014-06-27 07:00:00,1.192234,0.0,0.054098,0.066774,0.037394,0.0,0.001436,0.04561,0.01954,0.011186
2014-06-27 08:00:00,1.848925702811245,0.005437751004016,0.0539317269076305,0.0688453815261044,0.0467068273092369,0.0,0.0012429718875502,0.0447449799196787,0.0,0.0
2014-06-27 09:00:00,2.630644688644689,0.0,0.054007326007326,0.0694322344322344,0.0,0.0,0.0012600732600732,0.1064926739926739,0.0,0.0
2014-06-27 10:00:00,2.735806451612904,0.0,0.0541239388794567,0.0696332767402376,0.0599354838709677,0.0,0.2627453310696095,0.1242903225806451,0.0,0.0
2014-06-27 11:00:00,3.381911304347826,0.0,0.0542730434782608,0.0698382608695652,0.0011478260869565,0.0,0.6014121739130435,0.1173304347826087,0.0,0.0
2014-06-27 12:00:00,1.6594399260628463,0.0,0.0544547134935304,0.0696783733826247,0.0575489833641404,0.0,0.0036543438077634,0.1031792975970425,0.0,0.0
2014-06-27 13:00:00,1.048530035335689,0.0,0.0542261484098939,0.0693568904593639,0.0,0.0,0.0013798586572438,0.1299257950530035,0.0,0.0
2014-06-27 14:00:00,0.9167989130434784,0.0,0.0545090579710144,0.0691449275362318,0.0501811594202898,0.0,0.0013260869565217,0.1291213768115942,0.0,0.0
2014-06-27 15:00:00,0.770881469115192,0.0,0.0546527545909849,0.0690200333889816,0.0055976627712854,0.0,0.0014557595993322,0.1277145242070116,0.0,0.0
2014-06-27 16:00:00,1.1740989208633092,0.0,0.0548992805755395,0.0690665467625899,0.0408111510791366,0.0,0.0015665467625899,0.12425,0.0,0.0
2014-06-27 17:00:00,1.0273471615720522,0.0,0.0579061135371179,0.0723384279475982,0.0187729257641921,0.0,0.0014912663755458,0.1251550218340611,0.0,0.0
2014-06-27 18:00:00,0.6211930232558139,0.0,0.0655395348837209,0.0727930232558139,0.0233465116279069,0.0,0.0016279069767441,0.1243953488372092,0.0,0.0
2014-06-27 19:00:00,0.8822209567198178,0.000635535307517,0.0670387243735763,0.0724806378132118,0.0402050113895216,0.0,0.0015899772209567,0.1249794988610478,0.1272733485193622,0.0
2014-06-27 20:00:00,0.7941131687242798,0.0,0.0687325102880658,0.0723312757201646,0.023372427983539,0.0,0.0015884773662551,0.1240267489711934,0.0,0.0
2014-06-27 21:00:00,0.5736034155597723,0.0,0.0704838709677419,0.0726148007590132,0.033516129032258,0.0,0.0017514231499051,0.0752523719165085,0.0,0.0
2014-06-27 22:00:00,0.3771549019607843,0.0,0.0718117647058823,0.0721058823529411,0.0166274509803921,0.0,0.0017803921568627,0.044778431372549,0.0,0.0
2014-06-27 23:00:00,0.3919920159680639,0.0,0.0723912175648702,0.0723093812375249,0.0319940119760479,0.0,0.0018003992015968,0.046065868263473,0.0,0.0
2014-06-28 00:00:00,0.2942834645669291,0.0,0.0732066929133858,0.0724724409448819,0.0213858267716535,0.0,0.0018759842519685,0.0448031496062992,0.0,0.0
2014-06-28 01:00:00,0.3038498023715415,0.0,0.0733557312252964,0.0720454545454545,0.0277608695652173,0.0,0.0017687747035573,0.0456897233201581,0.0,0.0
2014-06-28 02:00:00,0.298193482688391,0.0,0.073264765784114,0.0718391038696537,0.0237576374745417,0.0,0.0018492871690427,0.045152749490835,0.0,0.0
2014-06-28 03:00:00,0.2971038696537678,0.0,0.0733503054989816,0.0717474541751527,0.0222464358452138,0.0,0.0018492871690427,0.0456761710794297,0.0,0.0
2014-06-28 04:00:00,0.3028230616302186,0.0,0.0732723658051689,0.0717037773359841,0.0277475149105367,0.0,0.0018747514910536,0.0448608349900596,0.0,0.0
2014-06-28 05:00:00,0.4524891518737672,0.0,0.0725502958579881,0.0707001972386587,0.0146449704142011,0.0,0.0017199211045364,0.0455936883629191,0.0,0.0
2014-06-28 06:00:00,0.6733732251521298,0.0,0.072419878296146,0.0705436105476673,0.0341886409736308,0.0,0.0017119675456389,0.0447849898580121,0.0,0.0
2014-06-28 07:00:00,1.3903781190019195,0.0,0.0720191938579654,0.0698195777351247,0.013193857965451,0.0,0.4268214971209213,0.0457082533589251,0.0,0.0
2014-06-28 08:00:00,1.5885443786982247,0.0074812623274161,0.0721084812623274,0.0698165680473372,0.028353057199211,0.0,0.450844181459566,0.0448599605522682,0.0074063116370808,0.0
2014-06-28 09:00:00,1.0190512295081966,0.0,0.072311475409836,0.0702786885245901,0.0159959016393442,0.0,0.0014344262295081,0.126297131147541,0.0,0.0
2014-06-28 10:00:00,1.3447088353413656,0.0,0.0719136546184739,0.0699678714859437,0.0438192771084337,0.0,0.0015281124497991,0.128855421686747,0.0,0.0039357429718875
2014-06-28 11:00:00,1.1544032586558044,0.0,0.0717169042769857,0.070081466395112,0.0031140529531568,0.0,0.0014134419551934,0.0975824847250509,0.0,0.0
2014-06-28 12:00:00,0.3241312127236581,0.0,0.0723618290258449,0.0701729622266401,0.0434910536779324,0.0,0.0016361829025844,0.044703777335984,0.0,0.0
2014-06-28 13:00:00,0.3043764940239044,0.0,0.0724920318725099,0.0703107569721115,0.0013366533864541,0.0,0.001402390438247,0.0463904382470119,0.0,0.0
2014-06-28 14:00:00,0.4984731610337972,0.0,0.0727157057654075,0.0711669980119284,0.0445626242544731,0.0,0.0014512922465208,0.045572564612326,0.0,0.0
2014-06-28 15:00:00,0.5560362903225806,0.0,0.072703629032258,0.0709495967741935,0.0,0.0,0.0012560483870967,0.0458366935483871,0.0,0.0
2014-06-28 16:00:00,2.0803963782696178,0.0,0.0726861167002012,0.0705633802816901,0.0461891348088531,0.0,0.0015674044265593,0.0446760563380281,0.0,0.0
2014-06-28 17:00:00,0.9399147286821704,0.0,0.0729205426356589,0.0704786821705426,0.0329922480620155,0.0,0.4067267441860465,0.0998875968992248,0.0,0.0
2014-06-28 18:00:00,1.073292817679558,0.0,0.073110497237569,0.0701270718232044,0.006878453038674,0.0,0.5000589318600368,0.0785193370165745,0.0,0.0
2014-06-28 19:00:00,0.5707283950617285,0.0,0.0729065255731922,0.0694021164021164,0.0451322751322751,0.0,0.0038465608465608,0.0592610229276895,0.0,0.0
2014-06-28 20:00:00,0.5735225375626044,0.0,0.0728697829716193,0.0690100166944908,0.0,0.0,0.0014457429048414,0.1329632721202003,0.0,0.0
2014-06-28 21:00:00,0.5043701188455009,0.0,0.0729966044142614,0.0688013582342954,0.0470611205432937,0.0,0.0015806451612903,0.113660441426146,0.0,0.0
2014-06-28 22:00:00,0.2710849056603773,0.0,0.0733415094339622,0.0689641509433962,0.0,0.0,0.0018320754716981,0.0526283018867924,0.0,0.0
2014-06-28 23:00:00,0.3136242661448141,0.0,0.0734227005870841,0.0688786692759295,0.0479921722113502,0.0,0.0018610567514677,0.0540547945205479,0.0,0.0
2014-06-29 00:00:00,0.267047227926078,0.0,0.0734250513347022,0.0687761806981519,0.0030205338809034,0.0,0.0018973305954825,0.0524045174537987,0.0,0.0
2014-06-29 01:00:00,0.2995623721881391,0.0,0.0731799591002045,0.0682658486707566,0.044920245398773,0.0,0.0018773006134969,0.0537423312883435,0.0,0.0
2014-06-29 02:00:00,0.2648997867803838,0.0,0.0730213219616204,0.0681108742004264,0.0057078891257995,0.0,0.0018976545842217,0.0525714285714285,0.0,0.0
2014-06-29 03:00:00,0.3014175152749491,0.0,0.0730244399185336,0.0679531568228105,0.039468431771894,0.0,0.0019002036659877,0.0533482688391038,0.0,0.0
2014-06-29 04:00:00,0.3382895277207392,0.0,0.0727926078028747,0.0675215605749486,0.0091540041067761,0.0,0.0018952772073921,0.0524579055441478,0.0,0.0
2014-06-29 05:00:00,0.3904356435643564,0.0,0.0723326732673267,0.067,0.0366237623762376,0.0,0.0018633663366336,0.0533445544554455,0.0,0.0
2014-06-29 06:00:00,0.4265882352941176,0.0,0.071973630831643,0.0666064908722109,0.0083427991886409,0.0,0.0017281947261663,0.0526247464503042,0.0,0.0
2014-06-29 07:00:00,0.8324561752988048,0.0,0.0720717131474103,0.0671513944223107,0.0363685258964143,0.0,0.0055617529880478,0.0601394422310756,0.0,0.0
2014-06-29 08:00:00,0.4346215139442231,0.0,0.0721693227091633,0.0681932270916334,0.0125756972111553,0.0,0.0002808764940239,0.052511952191235,0.0,0.0
2014-06-29 09:00:00,0.3410947580645161,0.0,0.0718487903225806,0.067633064516129,0.0321512096774193,0.0,8.064516129032258e-05,0.0538084677419354,0.0,0.0
2014-06-29 10:00:00,0.2974579055441478,0.0,0.0719055441478439,0.0673244353182751,0.0146468172484599,0.0,0.0001108829568788,0.0527043121149897,0.0,0.0
2014-06-29 11:00:00,0.3131610337972167,0.0,0.0723081510934393,0.0677992047713717,0.0302624254473161,0.0,0.000196819085487,0.0534274353876739,0.0,0.0
2014-06-29 12:00:00,0.2975831702544031,0.0,0.0727260273972602,0.0680508806262231,0.0159275929549902,0.0,0.0004109589041095,0.0526614481409002,0.0,0.0
2014-06-29 13:00:00,0.3122217741935484,0.0,0.0724112903225806,0.0678709677419354,0.0275282258064516,0.0,0.0002560483870967,0.053453629032258,0.0,0.0
2014-06-29 14:00:00,0.3067504911591355,0.0,0.0724734774066797,0.0677721021611001,0.0289174852652259,0.0,0.0002868369351669,0.0525009823182711,0.0,0.0
2014-06-29 15:00:00,0.3962837022132797,0.0,0.0722434607645875,0.0675955734406438,0.0181971830985915,0.0,0.000271629778672,0.0534084507042253,0.0,0.0
2014-06-29 16:00:00,0.583495183044316,0.0,0.072159922928709,0.067431599229287,0.0299614643545279,0.0,0.0001290944123314,0.0528631984585741,0.0,0.0
2014-06-29 17:00:00,1.1942008032128515,0.0019116465863453,0.0723694779116465,0.0677088353413654,0.0168453815261044,0.4362008032128514,0.0002028112449799,0.0534859437751004,0.0053755020080321,0.0
2014-06-29 18:00:00,1.0669306358381505,0.0,0.0725279383429672,0.0680770712909441,0.0431040462427745,0.1541348747591522,0.0081926782273603,0.1024046242774566,0.0,0.0
2014-06-29 19:00:00,0.6510842105263158,0.0,0.0721873684210526,0.06808,0.003418947368421,0.0834357894736842,0.0002231578947368,0.1591852631578947,0.0,0.0
2014-06-29 20:00:00,0.5138230616302187,0.0115188866799204,0.0121252485089463,0.0673717693836978,0.0429025844930417,0.0003041749502982,0.0003479125248508,0.1730119284294234,0.0088369781312127,0.000403578528827
2014-06-29 21:00:00,0.3504519427402863,0.0,0.0,0.0678793456032719,0.0,0.0,0.0002719836400817,0.0990163599182004,0.0,0.0
2014-06-29 22:00:00,0.243936440677966,0.0,0.0,0.0679491525423728,0.0402542372881355,0.0,0.0004957627118644,0.0539152542372881,0.0,0.0
2014-06-29 23:00:00,0.2207811158798283,0.0,0.0,0.0680214592274678,0.0191888412017167,0.0,0.0005729613733905,0.0547317596566523,0.0,0.0
2014-06-30 00:00:00,0.2205120967741935,0.0,0.0,0.0677903225806451,0.0208568548387096,0.0,0.0006270161290322,0.0529758064516129,0.0,0.0
2014-06-30 01:00:00,0.2319331983805668,0.0,0.0,0.0674838056680161,0.0313967611336032,0.0,0.0006315789473684,0.0538724696356275,0.0,0.0
2014-06-30 02:00:00,0.2104894837476099,0.0,0.0,0.0671644359464627,0.0095391969407265,0.0,0.0006673040152963,0.0531204588910133,0.0,0.0
2014-06-30 03:00:00,0.3005866935483871,0.0,0.0,0.0669919354838709,0.0416290322580645,0.0,0.0007681451612903,0.0538245967741935,0.0,0.0
2014-06-30 04:00:00,0.2789658119658119,0.0,0.0,0.0665876068376068,0.0,0.0,0.0007051282051282,0.0533226495726495,0.0,0.0
2014-06-30 05:00:00,0.4816252676659528,0.0,0.0,0.0658029978586723,0.0411713062098501,0.0,0.0003982869379014,0.0535460385438972,0.0,0.0
2014-06-30 06:00:00,0.6479519038076152,0.0,0.0,0.0651623246492986,0.0,0.0034288577154308,0.0002324649298597,0.0525731462925851,0.0,0.0
2014-06-30 07:00:00,0.7642883435582822,0.0,0.0,0.0651860940695296,0.0397402862985685,0.4390593047034765,0.0002167689161554,0.0535664621676891,0.0,0.0
2014-06-30 08:00:00,0.4198146718146718,0.0,0.0,0.0657625482625482,0.0257779922779922,0.1048880308880308,0.0001679536679536,0.0526254826254826,0.0,0.0
2014-06-30 09:00:00,0.241692759295499,0.0,0.0,0.0666536203522504,0.0169706457925636,0.0,0.0002367906066536,0.0531937377690802,0.0,0.0
2014-06-30 10:00:00,0.2598381818181818,0.0,0.0,0.0667690909090909,0.0357854545454545,0.0,0.0001890909090909,0.0525472727272727,0.0,0.0
2014-06-30 11:00:00,0.2624664310954063,0.0,0.0,0.0668727915194346,0.0,0.0,9.717314487632507e-05,0.0537597173144876,0.0,0.0
2014-06-30 12:00:00,0.3709498269896193,0.0,0.0,0.0678287197231834,0.042098615916955,0.0,0.000159169550173,0.0864100346020761,0.0,0.0
2014-06-30 13:00:00,0.3782128378378378,0.0,0.0,0.0678496621621621,0.0233293918918918,0.0017297297297297,0.0001469594594594,0.1257956081081081,0.0,0.0086503378378378
2014-06-30 14:00:00,0.9379114139693356,0.0,0.0,0.0677717206132879,0.0194838160136286,0.5065315161839864,0.0,0.0652725724020442,0.0,0.0
2014-06-30 15:00:00,1.1987845117845115,0.0,0.0,0.0678518518518518,0.0414242424242424,0.1291986531986532,3.3670033670033667e-06,0.0915942760942761,0.0,0.0019511784511784
2014-06-30 16:00:00,1.5804539249146758,0.0,0.0,0.0681006825938566,0.0038856655290102,0.021994880546075,0.0001006825938566,0.1322610921501706,0.0,0.0
2014-06-30 17:00:00,0.3233957968476357,0.0,0.0,0.0682819614711033,0.0475113835376532,0.0,0.0001418563922942,0.1329159369527145,0.0,0.0
2014-06-30 18:00:00,0.747166371681416,0.0,0.0,0.0687734513274336,0.0,0.0,0.4229238938053097,0.0978035398230088,0.0,0.0
2014-06-30 19:00:00,0.9066787003610108,0.0,0.0,0.0694007220216606,0.0514043321299639,7.220216606498195e-06,0.4677220216606498,0.053610108303249,0.0,0.0
2014-06-30 20:00:00,0.7250598130841122,0.0,0.0,0.069407476635514,0.0,0.0,0.0019233644859813,0.0535476635514018,0.0,0.0
2014-06-30 21:00:00,0.8635669902912622,0.0,0.0,0.0689145631067961,0.0483475728155339,0.0,0.0013339805825242,0.0534893203883495,0.0,0.0
2014-06-30 22:00:00,0.2882914979757085,0.0,0.0,0.0689392712550607,0.0002773279352226,0.0,0.001325910931174,0.0527105263157894,0.0,0.0
2014-06-30 23:00:00,0.3404534653465346,0.0,0.0,0.0684752475247524,0.048879207920792,0.0,0.0013465346534653,0.0535009900990099,0.0,0.0
2014-07-01 00:00:00,0.2420760233918128,0.0,0.0,0.0683957115009746,0.0,0.0,0.0013703703703703,0.0527290448343079,0.0,0.0
2014-07-01 01:00:00,0.2498434442270058,0.0,0.0,0.0680313111545988,0.0491252446183953,0.0,0.0013405088062622,0.0535538160469667,0.0,0.0
2014-07-01 02:00:00,0.2015146198830409,0.0,0.0,0.0677368421052631,0.0,0.0,0.0013723196881091,0.0525302144249512,0.0,0.0
2014-07-01 03:00:00,0.2600708812260536,0.0,0.0,0.0674770114942528,0.0491072796934865,0.0,0.0014042145593869,0.05377969348659,0.0,0.0
2014-07-01 04:00:00,0.210723865877712,0.0,0.0,0.0669921104536489,0.0,0.0,0.0014003944773175,0.0526844181459566,0.0,0.0
2014-07-01 05:00:00,0.2672072072072072,0.0,0.0,0.0664054054054054,0.0482918918918918,0.0,0.0013171171171171,0.0533153153153153,0.0,0.0
2014-07-01 06:00:00,0.6527943143812709,0.0,0.0,0.0658344481605351,0.0031739130434782,0.0,0.0014063545150501,0.0526839464882943,0.0,0.0
2014-07-01 07:00:00,0.5113281938325991,0.0,0.0,0.0659008810572687,0.0308348017621145,0.0,0.000385462555066,0.0541057268722467,0.0,0.0
2014-07-01 08:00:00,0.8763863636363636,0.0,0.0,0.0657886363636363,0.0145954545454545,0.2438886363636363,5.681818181818182e-05,0.0531340909090909,0.0,0.0088795454545454
2014-07-01 09:00:00,1.3205321507760532,0.0,0.0,0.0656962305986696,0.0431552106430155,0.363940133037694,3.104212860310421e-05,0.0555321507760532,0.0,0.0051796008869179
2014-07-01 10:00:00,0.5257342995169082,0.0,0.0,0.065987922705314,0.0103164251207729,0.090683574879227,3.3816425120772945e-05,0.0526884057971014,0.0287222222222222,0.0
2014-07-01 11:00:00,0.7037163461538462,0.0,0.0,0.066201923076923,0.0365673076923076,0.0,4.807692307692308e-06,0.0539471153846153,0.0,0.0
2014-07-01 12:00:00,0.3869327731092437,0.0,0.0,0.0665714285714285,0.0232100840336134,0.0,9.243697478991598e-05,0.0543991596638655,0.0,0.0
2014-07-01 13:00:00,0.3358200934579439,0.0,0.0,0.067018691588785,0.0359322429906542,0.0,0.0001028037383177,0.0549976635514018,0.0,0.0
2014-07-01 14:00:00,0.4542114942528735,0.0,0.0,0.0670367816091954,0.0068482758620689,0.0,5.28735632183908e-05,0.0536022988505747,0.0,0.0
2014-07-01 15:00:00,1.876677261613692,0.0018044009779951,0.0,0.0668141809290953,0.0500904645476772,0.0,0.4154547677261613,0.0546283618581907,0.0,0.0
2014-07-01 16:00:00,1.0750140056022408,0.0,0.0,0.0673053221288515,0.0037002801120448,0.0,0.3048767507002801,0.0543025210084033,0.0,0.0
2014-07-01 17:00:00,0.7018067940552017,0.0,0.0,0.0671252653927813,0.0466263269639065,7.643312101910827e-05,0.0014416135881104,0.0581210191082802,0.0,0.0
2014-07-01 18:00:00,0.7069798387096774,0.0,0.0,0.0670967741935483,0.0,2.4193548387096773e-05,0.0013790322580645,0.0553266129032258,0.0,0.0
2014-07-01 19:00:00,0.9276733870967742,0.0,0.0,0.0673004032258064,0.0502379032258064,0.0,0.0013891129032258,0.0757600806451612,0.0,0.0
2014-07-01 20:00:00,0.6291979591836735,0.0,0.0,0.0676489795918367,0.0,0.0,0.0014653061224489,0.1341142857142857,0.0,0.0
2014-07-01 21:00:00,0.3415213849287168,0.0,0.0,0.0676008146639511,0.0542016293279022,0.0,0.0016517311608961,0.0661975560081466,0.0,0.0
2014-07-01 22:00:00,0.2428302658486707,0.0,0.0,0.0673149284253578,0.0,0.0,0.0016605316973415,0.0544212678936605,0.0,0.0
2014-07-01 23:00:00,0.2539077568134172,0.0,0.0,0.0674255765199161,0.0156582809224318,0.0,0.0017903563941299,0.0546121593291404,0.0,0.0
2014-07-02 00:00:00,0.2739193899782135,0.0,0.0,0.0670631808278867,0.0354880174291939,0.0,0.0017494553376906,0.0550544662309368,0.0,0.0
2014-07-02 01:00:00,0.2360895522388059,0.0,0.0,0.0669317697228144,0.0,0.0,0.0018102345415778,0.0543411513859275,0.0,0.0
2014-07-02 02:00:00,0.2876770186335404,0.0,0.0,0.0667908902691511,0.0490600414078674,0.0,0.0017308488612836,0.0553022774327122,0.0,0.0
2014-07-02 03:00:00,0.2366908315565032,0.0,0.0,0.0663923240938166,0.0,0.0,0.0018059701492537,0.0547377398720682,0.0,0.0
2014-07-02 04:00:00,0.3412951167728238,0.0,0.0,0.0661422505307855,0.0138025477707006,0.0,0.0018598726114649,0.052380042462845,0.0,0.0
2014-07-02 05:00:00,0.3812883435582822,0.0,0.0,0.0655255623721881,0.0356646216768916,0.0,0.0016789366053169,0.0533456032719836,0.0,0.0
2014-07-02 06:00:00,0.856295315682281,0.0,0.0,0.065448065173116,0.0,0.0002606924643584,0.0017148676171079,0.0543706720977596,0.0236313645621181,0.0
2014-07-02 07:00:00,0.8558609112709833,0.0,0.0,0.0650695443645083,0.0572350119904076,0.2768657074340527,0.0011966426858513,0.0553549160671462,0.0,0.0
2014-07-02 08:00:00,0.4965662650602409,0.0,0.0,0.0653232931726907,0.0,0.1251244979919678,0.0011726907630522,0.0546365461847389,0.0,0.0
2014-07-02 09:00:00,0.3942520491803278,0.0,0.0,0.0652909836065573,0.046,0.0739692622950819,0.0011290983606557,0.0543032786885245,0.0,0.0
2014-07-02 10:00:00,0.5838525252525252,0.0,0.0,0.0654363636363636,0.0074060606060606,0.0,0.0011131313131313,0.0783818181818181,0.0,0.0
2014-07-02 11:00:00,1.277778,0.0,0.0,0.065658,0.038034,0.457392,0.0011,0.13668,0.0,0.0
2014-07-02 12:00:00,1.0554,0.0,0.0,0.0662333333333333,0.0108604166666666,0.1160458333333333,0.4843916666666666,0.1348875,0.0,0.0
2014-07-02 13:00:00,0.8940981595092025,0.0,0.0,0.0664539877300613,0.0409406952965235,0.0449591002044989,0.4758957055214723,0.1343844580777096,0.0,0.0
2014-07-02 14:00:00,0.365227626459144,0.0,0.0,0.0668677042801556,0.0,0.0003735408560311,0.0019863813229571,0.0798599221789883,0.0,0.0
2014-07-02 15:00:00,0.722370297029703,0.0,0.0,0.0670039603960396,0.0540415841584158,0.0,0.0014514851485148,0.1344871287128712,0.0,0.0
2014-07-02 16:00:00,1.093308333333333,0.0,0.0,0.06786875,0.0263854166666666,3.3333333333333335e-05,0.0014354166666666,0.1340479166666666,0.0,1.6666666666666667e-05
2014-07-02 17:00:00,0.5480452674897119,0.0,0.0,0.0676666666666666,0.0296728395061728,0.0,0.0013930041152263,0.1339506172839506,0.0,0.0
2014-07-02 18:00:00,1.385158823529412,0.0,0.0,0.0676176470588235,0.0526627450980392,0.4706607843137255,0.0013960784313725,0.1343980392156862,0.0,0.0
2014-07-02 19:00:00,0.9451770833333334,0.0,0.0,0.06775,2.083333333333333e-06,0.1143416666666666,0.0015625,0.1328229166666666,0.0,0.0
2014-07-02 20:00:00,0.9772546201232032,0.0,0.0,0.0678932238193018,0.052488706365503,0.0698501026694045,0.001577002053388,0.1330903490759753,0.0,0.0
2014-07-02 21:00:00,0.7805880217785844,0.0,0.0,0.0678856624319419,0.0,0.0,0.0017150635208711,0.1342450090744101,0.0,0.0
2014-07-02 22:00:00,0.2849715447154471,0.0,0.0,0.0679044715447154,0.053170731707317,0.0,0.0017357723577235,0.0527154471544715,0.0,0.0
2014-07-02 23:00:00,0.2325220125786163,0.0,0.0,0.0679203354297694,0.0207358490566037,8.385744234800838e-06,0.0017463312368972,0.0548301886792452,0.0,0.0
2014-07-03 00:00:00,0.2320953389830508,0.0,0.0,0.0679300847457627,0.0282627118644067,0.0,0.0017266949152542,0.0539851694915254,0.0,0.0
2014-07-03 01:00:00,0.2388904958677686,0.0,0.0,0.0676694214876033,0.0365661157024793,0.0296859504132231,0.0017685950413223,0.0538636363636363,0.0,0.0
2014-07-03 02:00:00,0.2199522821576763,0.0,0.0,0.0674979253112033,0.0144232365145228,0.0,0.0017655601659751,0.0534253112033195,0.0,0.0
2014-07-03 03:00:00,0.3360343347639485,0.0,0.0,0.0676330472103004,0.0483605150214592,0.0,0.0018218884120171,0.0542982832618025,0.0,0.0
2014-07-03 04:00:00,0.2828867924528302,0.0,0.0,0.0674549266247379,0.0029245283018867,0.006440251572327,0.0018155136268343,0.054440251572327,0.0,0.0
2014-07-03 05:00:00,0.3453272727272727,0.0,0.0,0.0669515151515151,0.0509272727272727,0.0031111111111111,0.0017010101010101,0.0531414141414141,0.0,0.0
2014-07-03 06:00:00,0.4725573440643863,0.0,0.0,0.0665110663983903,0.0,0.001738430583501,0.0015935613682092,0.052225352112676,0.0,0.0
2014-07-03 07:00:00,0.8837371663244353,0.0,0.0,0.0665051334702258,0.0489815195071868,0.0038110882956878,0.52917659137577,0.0547330595482546,0.0,0.0003470225872689
2014-07-03 08:00:00,0.7029012605042017,0.0,0.0,0.066376050420168,0.0,0.0005336134453781,0.3900084033613445,0.0528571428571428,0.0,0.0107584033613445
2014-07-03 09:00:00,0.2578775933609958,0.0,0.0,0.0667780082987551,0.0521265560165975,0.0,0.0015975103734439,0.0547240663900414,0.0,0.0
2014-07-03 10:00:00,0.277703629032258,0.0037177419354838,0.0,0.0666491935483871,0.0373447580645161,0.0,0.0012419354838709,0.0526834677419354,0.0,0.0
2014-07-03 11:00:00,0.3412416666666666,0.0,0.0,0.0669541666666666,0.0122479166666666,0.0,0.0015104166666666,0.0538333333333333,0.0,0.0
2014-07-03 12:00:00,0.39071,0.0,0.0,0.067204,0.0489,0.019878,0.001432,0.054452,0.0,0.0
2014-07-03 13:00:00,1.2382088353413656,0.0,0.0,0.0673835341365461,0.0100642570281124,0.5338795180722891,0.0014658634538152,0.0545261044176706,0.1118132530120482,0.0161084337349397
2014-07-03 14:00:00,0.5629915611814346,0.0,0.0,0.0674978902953586,0.0394388185654008,0.1023037974683544,0.0014261603375527,0.0537827004219409,0.0,0.0
2014-07-03 15:00:00,1.1677622950819673,0.0,0.0,0.067733606557377,0.0477602459016393,0.0,0.0013995901639344,0.0539754098360655,0.0,0.0
2014-07-03 16:00:00,1.9878538135593224,0.0,0.0,0.067707627118644,0.0,0.0,0.0014258474576271,0.0962542372881356,0.0,0.0
2014-07-03 17:00:00,0.8067121212121212,0.0,0.0,0.0681168831168831,0.0533636363636363,0.0,0.001517316017316,0.0546709956709956,0.0,0.0
2014-07-03 18:00:00,0.8600422832980972,0.0,0.0,0.068845665961945,0.0379386892177589,0.0197040169133192,0.3843107822410148,0.0700549682875264,0.0,0.0
2014-07-03 19:00:00,1.514594594594595,0.0,0.0,0.068997920997921,0.016085239085239,0.5186049896049896,0.4510893970893971,0.135054054054054,0.0,0.0
2014-07-03 20:00:00,0.6084166666666666,0.0,0.0,0.0689027777777777,0.0550833333333333,0.1101055555555555,0.00155,0.1315333333333333,0.0,4.4444444444444447e-05
2014-07-03 21:00:00,0.3998212560386473,0.0,0.0,0.0689057971014492,0.0137391304347826,0.0,0.0015821256038647,0.1331159420289855,0.0,0.0
2014-07-03 22:00:00,0.3385944333996024,0.0,0.0,0.0689045725646123,0.0412763419483101,0.0007196819085487,0.0016500994035785,0.0935566600397614,0.0,0.0
2014-07-03 23:00:00,0.2538326693227091,0.0,0.0,0.0688306772908366,0.0361274900398406,0.0009920318725099,0.0016992031872509,0.0582609561752988,0.0,0.0
2014-07-04 00:00:00,0.2275173824130879,0.0,0.0,0.0688752556237218,0.0183108384458077,0.0,0.0017975460122699,0.0547955010224948,0.0,0.0
2014-07-04 01:00:00,0.2746827133479212,0.0,0.0,0.0685120350109409,0.053323851203501,8.752735229759299e-06,0.0017592997811816,0.0536477024070021,0.0,0.0
2014-07-04 02:00:00,0.2988012422360248,0.0,0.0,0.0684409937888198,0.000983436853002,0.0,0.0017556935817805,0.0540869565217391,0.0,0.0
2014-07-04 03:00:00,0.3718627450980392,0.0,0.0,0.0683943355119825,0.0527385620915032,0.0,0.0017755991285403,0.0545185185185185,0.0,0.0
2014-07-04 04:00:00,0.2803647798742138,0.0,0.0,0.067922431865828,0.0,0.0859035639412997,0.0017735849056603,0.0534716981132075,0.0,0.0
2014-07-04 05:00:00,0.3442655246252676,0.0,0.0,0.067271948608137,0.0548608137044967,0.0,0.0016124197002141,0.0548629550321199,0.0,0.0
2014-07-04 06:00:00,0.8188574561403509,0.0,0.0,0.067063596491228,0.0,0.0,0.0015438596491228,0.0534298245614035,0.0301688596491228,0.0
2014-07-04 07:00:00,0.6328547717842324,0.0,0.0,0.0670186721991701,0.0530145228215767,0.0,0.0015975103734439,0.0551804979253112,0.0,0.0
2014-07-04 08:00:00,1.099551724137931,0.0,0.0,0.066683569979716,0.0083752535496957,0.7770162271805274,0.0014259634888438,0.0539634888438133,0.0,0.0
2014-07-04 09:00:00,0.6938412698412699,0.0,0.0,0.0669563492063492,0.0437341269841269,0.1462916666666666,0.0014404761904761,0.0535496031746031,0.0,0.0
2014-07-04 10:00:00,0.6658974358974359,0.0,0.0,0.066767258382643,0.0438757396449704,0.11765483234714,0.0013076923076923,0.0550670611439842,0.0,0.0
2014-07-04 11:00:00,0.32361,0.0,0.0,0.0670819999999999,0.00343,0.0,0.00136,0.053362,0.0,0.0
2014-07-04 12:00:00,0.5025691699604743,0.0,0.0,0.0678122529644268,0.0523577075098814,0.0,0.0013399209486166,0.0543833992094861,0.0,0.0
2014-07-04 13:00:00,0.5555856031128404,0.0,0.0,0.0678560311284046,0.0,0.0,0.0014902723735408,0.1119727626459144,0.0,0.0
2014-07-04 14:00:00,0.3163025540275049,0.0,0.0,0.0680943025540275,0.0158958742632612,0.0005029469548133,0.0014911591355599,0.0650019646365422,0.0,0.0
2014-07-04 15:00:00,0.6571286307053943,0.0,0.0,0.0683215767634854,0.0486348547717842,0.0,0.0014979253112033,0.1330394190871369,0.0,0.0
2014-07-04 16:00:00,0.7426602687140115,0.0,0.0,0.0704165067178502,0.0,0.0,0.0014625719769673,0.13189443378119,0.0,0.0
2014-07-04 17:00:00,0.6891352253756261,0.0,0.0,0.0701285475792988,0.0552804674457429,0.0,0.0014841402337228,0.1338964941569282,0.0,0.0
2014-07-04 18:00:00,2.39680310880829,0.0012487046632124,0.0,0.0696563039723661,0.0,0.4833229706390328,0.0001830742659758,0.1324766839378238,0.0,0.0
2014-07-04 19:00:00,1.2188971774193549,0.0,0.0,0.0696209677419354,0.0621814516129032,0.1066068548387096,0.2699778225806452,0.1331108870967742,0.0,0.0
2014-07-04 20:00:00,1.068526,0.0,0.0,0.06959,0.0,0.0465439999999999,0.18589,0.133176,0.0957219999999999,0.0
2014-07-04 21:00:00,0.8838292181069959,0.0,0.0,0.0695555555555555,0.054753086419753,0.0,0.3917283950617284,0.0795843621399177,0.0,0.0
2014-07-04 22:00:00,0.2463512396694215,0.0,0.0,0.0694421487603305,0.0065351239669421,0.0,0.0015599173553719,0.0540289256198347,0.0,0.0
2014-07-04 23:00:00,0.2723297644539614,0.0,0.0,0.0694689507494646,0.0200385438972162,0.0,0.0016723768736616,0.0553319057815845,0.0,0.0
2014-07-05 00:00:00,0.3646086021505376,0.0,0.0,0.069258064516129,0.0402537634408602,0.0,0.0017462365591397,0.0536666666666666,0.0,0.0
2014-07-05 01:00:00,0.2980715746421268,0.0,0.0,0.0690449897750511,0.0,0.0,0.0017689161554192,0.0554274028629856,0.0,0.0
2014-07-05 02:00:00,0.3814888438133874,0.0,0.0,0.0688803245436105,0.0621135902636916,0.0,0.0017261663286004,0.0537545638945233,0.0,0.0
2014-07-05 03:00:00,0.2946673427991886,0.0,0.0,0.0687687626774847,0.0,0.0,0.0017444219066937,0.0555111561866125,0.0,0.0
2014-07-05 04:00:00,0.2892575107296137,0.0,0.0,0.0687510729613734,0.0586437768240343,0.0,0.0018175965665236,0.0534785407725321,0.0,0.0
2014-07-05 05:00:00,0.7723827160493827,0.0,0.0,0.068037037037037,0.0,0.0,0.0016111111111111,0.0533189300411522,0.0,0.0
2014-07-05 06:00:00,1.112900406504065,0.0,0.0,0.0679512195121951,0.0534268292682926,0.0,0.0016443089430894,0.0599491869918699,0.0,0.0
2014-07-05 07:00:00,1.2461302521008404,0.0,0.0,0.0675861344537815,0.0,0.0,0.0004306722689075,0.0674369747899159,0.017563025210084,0.0
2014-07-05 08:00:00,0.9203773195876288,0.0,0.0,0.0674701030927835,0.0557422680412371,0.0,6.185567010309279e-05,0.0544515463917525,0.0,0.0
2014-07-05 09:00:00,0.356813025210084,0.0,0.0,0.0677205882352941,0.0,0.0,0.0002394957983193,0.0552121848739495,0.0,0.0
2014-07-05 10:00:00,0.4201803278688525,0.0,0.0,0.0676024590163934,0.0512991803278688,0.0,0.0001147540983606,0.055327868852459,0.0,0.0
2014-07-05 11:00:00,0.3274898785425101,0.0,0.0,0.0675040485829959,0.0,0.0,0.0001012145748987,0.0547874493927125,0.0,0.0
2014-07-05 12:00:00,0.4087565922920892,0.0,0.0,0.0676713995943204,0.0537180527383367,0.0,0.0001054766734279,0.0526734279918864,0.0,0.0
2014-07-05 13:00:00,0.3137306122448979,0.0,0.0,0.0679775510204081,0.0,0.0,0.0001795918367346,0.054838775510204,0.0,0.0
2014-07-05 14:00:00,0.3066707566462168,0.0,0.0,0.0680327198364008,0.0518159509202454,0.0,0.000122699386503,0.0531390593047034,0.0,0.0
2014-07-05 15:00:00,0.2884760914760915,0.0,0.0,0.0681205821205821,0.0,0.0,8.108108108108109e-05,0.0539168399168399,0.0,0.0
2014-07-05 16:00:00,0.3605636363636363,0.0,0.0,0.0681171717171717,0.051690909090909,0.0,8.282828282828283e-05,0.0539737373737373,0.0,0.0
2014-07-05 17:00:00,0.3025705263157895,0.0,0.0,0.0684,0.0,0.0,0.0001052631578947,0.0886273684210526,0.0,0.0
2014-07-05 18:00:00,0.3413793103448275,0.0,0.0,0.0684016227180527,0.0508985801217038,0.0,0.0001784989858012,0.076657200811359,0.0,0.0
2014-07-05 19:00:00,0.3964201680672269,0.0,0.0,0.0684873949579832,0.0,0.0,0.0001785714285714,0.1221743697478991,0.0,0.0
2014-07-05 20:00:00,0.4814048582995952,0.0,0.0,0.0689068825910931,0.0517044534412955,0.0,0.0002975708502024,0.1337246963562753,0.0,0.0
2014-07-05 21:00:00,0.3743375262054507,0.0,0.0,0.0685324947589098,0.0,0.0,0.0002138364779874,0.1031991614255765,0.0,0.0
2014-07-05 22:00:00,0.4051681818181818,0.0,0.0,0.0685954545454545,0.0480954545454545,0.0,0.000375,0.0550204545454545,0.0,0.0
2014-07-05 23:00:00,0.3275564304461942,0.0,0.0,0.0685459317585301,0.0,0.0,0.0004540682414698,0.0485328083989501,0.0,0.0
2014-07-06 00:00:00,0.3938454106280193,0.0,0.0,0.0684589371980676,0.0531763285024154,0.0,0.0004299516908212,0.0455386473429951,0.0,0.0
2014-07-06 01:00:00,0.3182295409181636,0.0,0.0,0.0683193612774451,0.0,0.0,0.0005069860279441,0.0484930139720558,0.0,0.0
2014-07-06 02:00:00,0.3769740518962076,0.0,0.0,0.0681037924151696,0.0527405189620758,0.0,0.0005169660678642,0.0479061876247505,0.0,0.0
2014-07-06 03:00:00,0.2421707779886147,0.0,0.0,0.068089184060721,0.0,0.0,0.000685009487666,0.0501309297912713,0.0,0.0
2014-07-06 04:00:00,0.3529277108433735,0.0,0.0,0.0679598393574297,0.0536305220883534,0.0,0.0006626506024096,0.0510100401606425,0.0,0.0
2014-07-06 05:00:00,0.4036847014925373,0.0,0.0,0.0675858208955223,0.0,0.0,0.0006305970149253,0.0475018656716417,0.0,0.0
2014-07-06 06:00:00,0.3835101663585952,0.0,0.0,0.067170055452865,0.0501293900184842,0.0,0.0003142329020332,0.0484510166358595,0.0,0.0
2014-07-06 07:00:00,1.2619187145557655,0.0,0.0,0.0668884688090737,0.0,0.0,0.4944725897920605,0.0474763705103969,0.0,0.0
2014-07-06 08:00:00,1.04375329566855,0.0,0.0,0.0681205273069679,0.0479453860640301,0.0,0.4324463276836158,0.0468851224105461,0.0,0.0
2014-07-06 09:00:00,0.565296577946768,0.0,0.0,0.0688954372623574,0.0,0.0,0.0016007604562737,0.0474467680608365,0.0,0.0
2014-07-06 10:00:00,1.3401843137254903,0.0,0.0,0.0683411764705882,0.0494588235294117,0.0,0.0003039215686274,0.0530156862745098,0.0,0.0
2014-07-06 11:00:00,0.8692347328244275,0.0,0.0,0.0685057251908397,0.0103912213740458,0.0,0.0001832061068702,0.132543893129771,0.0,0.0006507633587786
2014-07-06 12:00:00,0.850777120315582,0.0,0.0,0.0688205128205128,0.0409684418145956,0.0,0.0001972386587771,0.1338856015779093,0.0,0.0137613412228796
2014-07-06 13:00:00,0.7649272349272349,0.0,0.0,0.0689708939708939,0.036072765072765,0.0,0.0001559251559251,0.1172702702702702,0.0,0.0
2014-07-06 14:00:00,1.00299173553719,0.0,0.0,0.0691652892561983,0.0165082644628099,0.0,0.0001756198347107,0.0901115702479338,0.0,0.0
2014-07-06 15:00:00,1.4923361344537815,0.0,0.0,0.0693949579831932,0.0495903361344537,0.0,0.0001533613445378,0.1334453781512605,0.0,0.0
2014-07-06 16:00:00,1.3085665322580646,0.0,0.0,0.0696431451612903,0.008258064516129,0.0,0.0162278225806451,0.1328306451612903,0.0,0.0
2014-07-06 17:00:00,1.5175791583166334,0.0,0.0,0.0697054108216432,0.0476212424849699,0.0147334669338677,0.8537875751503007,0.1046993987975952,0.0,0.0
2014-07-06 18:00:00,1.138055888223553,0.0,0.0,0.0703652694610778,0.0404491017964071,0.5580379241516966,0.0529980039920159,0.1332075848303393,0.0,0.0
2014-07-06 19:00:00,0.588624,0.0,0.0,0.070102,0.0310219999999999,0.107946,0.001622,0.133706,0.0,0.0
2014-07-06 20:00:00,0.3953747323340471,0.0,0.0,0.0699764453961456,0.0113297644539614,0.0,0.0017730192719486,0.1327922912205567,0.0,0.0
2014-07-06 21:00:00,0.3818720472440944,0.0,0.0,0.0698740157480315,0.0453543307086614,0.0,0.0017933070866141,0.0623838582677165,0.0,0.0
2014-07-06 22:00:00,0.299552,0.0,0.0,0.069614,0.004236,0.0,0.001766,0.04877,0.0,0.0
2014-07-06 23:00:00,0.3478185483870967,0.0,0.0,0.0692903225806451,0.0457903225806451,0.0,0.0017620967741935,0.0480846774193548,0.0,0.0
2014-07-07 00:00:00,0.2872348008385744,1.6771488469601677e-05,0.0,0.0690083857442348,0.0073312368972746,0.0,0.0017735849056603,0.0473941299790356,0.0,0.0
2014-07-07 01:00:00,0.2542337398373984,0.0,0.0,0.0686951219512195,0.0408191056910569,0.0,0.0018231707317073,0.0464674796747967,0.0,0.0
2014-07-07 02:00:00,0.1988891402714932,0.0,0.0,0.0683393665158371,0.0,0.0,0.0018755656108597,0.0455950226244343,0.0,0.0
2014-07-07 03:00:00,,,,,,,,,,
2014-07-07 04:00:00,,,,,,,,,,
2014-07-07 05:00:00,,,,,,,,,,
2014-07-07 06:00:00,,,,,,,,,,
2014-07-07 07:00:00,,,,,,,,,,
2014-07-07 08:00:00,0.4348736462093863,0.0,0.0,0.0663754512635379,0.0,0.0,0.0015920577617328,0.1310902527075812,0.0,0.0
2014-07-07 09:00:00,0.445026936026936,0.0,0.0,0.0663131313131313,0.0515622895622895,3.3670033670033667e-06,0.0014949494949494,0.129026936026936,0.0,0.0
2014-07-07 10:00:00,1.0595583333333334,0.0,0.0,0.0664766666666666,0.0003333333333333,0.0,0.0014833333333333,0.1306416666666666,0.0,0.0061216666666666
2014-07-07 11:00:00,1.826260299625468,0.0,0.0,0.0666029962546816,0.0257677902621722,0.1133408239700374,0.0013670411985018,0.1305786516853932,0.0003745318352059,0.004192883895131
2014-07-07 12:00:00,1.8288723849372384,0.0,0.0,0.0668012552301255,0.0215794979079497,0.3157803347280335,0.0404309623430962,0.1196589958158995,0.1608242677824267,0.0061380753138075
2014-07-07 13:00:00,1.464711151736746,0.0,0.0,0.0671023765996343,0.029398537477148,0.0,0.8042102376599635,0.0473656307129798,0.0,0.0
2014-07-07 14:00:00,0.2756983333333333,0.0,0.0,0.06774,0.0258983333333333,0.0,0.0191833333333333,0.0467449999999999,0.0,0.0
2014-07-07 15:00:00,1.5731669793621013,0.0,0.0,0.0677598499061913,0.0201069418386491,0.0,0.0014146341463414,0.0756791744840525,0.0179699812382739,0.0
2014-07-07 16:00:00,1.895286836935167,0.0,0.0,0.0677976424361493,0.0339646365422396,0.0,0.0014557956777996,0.100746561886051,0.0,0.0
2014-07-07 17:00:00,0.5396301369863014,0.0,0.0,0.068078277886497,0.0207299412915851,0.0,0.0233189823874755,0.0720587084148728,0.0,0.0
2014-07-07 18:00:00,0.8618199233716475,0.0,0.0,0.0679425287356321,0.0346455938697317,0.0,0.3853199233716475,0.0548448275862068,0.0,0.0
2014-07-07 19:00:00,0.8770724381625441,0.0,0.0,0.0679558303886925,0.0390070671378091,0.0,0.4254063604240282,0.1338957597173145,0.0,0.0
2014-07-07 20:00:00,0.5038259385665529,0.0,0.0,0.0679488054607508,0.0134590443686006,0.0,0.0013703071672354,0.1338617747440273,0.0,0.0
2014-07-07 21:00:00,0.3682857142857142,0.0,0.0,0.0678991596638655,0.0507949579831932,0.0,0.0016403361344537,0.0540605042016806,0.0,0.0
2014-07-07 22:00:00,0.323312925170068,1.7006802721088438e-05,0.0,0.0678673469387755,0.0020136054421768,0.0,0.0017278911564625,0.0547891156462585,0.0,0.0
2014-07-07 23:00:00,0.370125,0.0,0.0,0.067955,0.0530166666666666,0.0,0.0017533333333333,0.0538,0.0,0.0
2014-07-08 00:00:00,0.2895299999999999,0.0,0.0,0.06772,0.0,0.0,0.0018366666666666,0.0544233333333333,0.0,0.0
2014-07-08 01:00:00,0.3197395659432387,0.0,0.0,0.0676560934891485,0.0507245409015025,0.0,0.0018230383973288,0.0536310517529215,0.0,0.0
2014-07-08 02:00:00,0.2216098807495741,0.0,0.0,0.0672776831345826,0.0,0.0,0.0018211243611584,0.0546218057921635,0.0,0.0
2014-07-08 03:00:00,0.2770833333333333,0.0,0.0,0.06724,0.0485516666666666,0.0,0.001875,0.0538016666666666,0.0,0.0
2014-07-08 04:00:00,0.3206833333333333,0.0,0.0,0.0668416666666666,0.0,0.0,0.00184,0.0545,0.0,0.0
2014-07-08 05:00:00,0.34092,0.0,0.0,0.0662833333333333,0.04828,0.0,0.0016799999999999,0.05356,0.0,0.0
2014-07-08 06:00:00,0.70143,0.0,0.0,0.0660916666666666,0.0,0.0,0.0016466666666666,0.0545033333333333,0.0053033333333333,0.0
2014-07-08 07:00:00,0.4275266666666666,0.0,0.0,0.06613,0.0429916666666666,0.00819,0.0016433333333333,0.0545733333333333,0.0,0.0
2014-07-08 08:00:00,0.902818181818182,0.0,0.0,0.0659680134680134,0.0105319865319865,0.5057525252525252,0.0015319865319865,0.0539292929292929,0.0,0.0
2014-07-08 09:00:00,0.5765628227194491,0.0,0.0,0.0660946643717728,0.0335404475043029,0.1069965576592082,0.0014354561101549,0.0659965576592082,0.0,0.0
2014-07-08 10:00:00,1.0183121869782972,0.0,0.0,0.0661886477462437,0.0417896494156928,0.4671836393989983,0.0014674457429048,0.0556844741235392,0.0004641068447412,0.0
2014-07-08 11:00:00,0.5557221297836938,0.0,0.0,0.0665291181364392,0.0,0.1312396006655574,0.0015124792013311,0.0550249584026622,0.0,0.0
2014-07-08 12:00:00,0.409845,0.0,0.0,0.0667466666666666,0.050065,0.018325,0.0015666666666666,0.054155,0.0,0.0168233333333333
2014-07-08 13:00:00,0.295445,0.0,0.0,0.0668833333333333,0.0090333333333333,0.0,0.0014783333333333,0.05461,0.0,0.0
2014-07-08 14:00:00,0.3509272419627749,0.0,0.0,0.0670016920473773,0.0379864636209813,0.0,0.0015194585448392,0.0546159052453468,0.0,0.0
2014-07-08 15:00:00,0.2462239583333333,0.0,0.0,0.0671371527777777,0.0359756944444444,0.0,0.001640625,0.0580833333333333,0.0,0.0
2014-07-08 16:00:00,1.3552666666666666,0.0,0.0,0.0668470588235294,0.0091960784313725,0.0,0.001513725490196,0.053635294117647,0.0,0.0
2014-07-08 17:00:00,1.360580121703854,0.0,0.0,0.0667342799188641,0.0404807302231237,0.0,0.0015375253549695,0.0864239350912779,0.0,0.0
2014-07-08 18:00:00,1.1168369781312126,0.0,0.0,0.0669741550695825,0.0481252485089463,0.4184254473161033,0.0016401590457256,0.0933717693836978,0.0,0.0
2014-07-08 19:00:00,0.5828860510805501,0.0,0.0,0.0671041257367387,0.0053163064833005,0.111713163064833,0.0017367387033398,0.1674302554027505,0.0,0.0
2014-07-08 20:00:00,1.149757936507937,0.0,0.0,0.0676607142857143,0.0400079365079365,0.073547619047619,0.4917242063492063,0.1824880952380952,0.0,0.0
2014-07-08 21:00:00,0.7800796812749003,0.0,0.0,0.0676215139442231,0.0449462151394422,0.0,0.3885597609561753,0.0832928286852589,0.0,0.0
2014-07-08 22:00:00,0.3056882352941176,0.0,0.0,0.0674490196078431,0.0020529411764705,0.0,0.0016901960784313,0.0541529411764705,0.0,0.0
2014-07-08 23:00:00,0.3559730290456431,0.0,0.0,0.0674730290456431,0.0486493775933609,0.0,0.0017780082987551,0.0552385892116182,0.0,0.0
2014-07-09 00:00:00,0.2794088983050847,0.0,0.0,0.0673940677966101,0.0,0.0,0.0018559322033898,0.0542372881355932,0.0,0.0
2014-07-09 01:00:00,0.2840040983606557,0.0,0.0,0.0671577868852459,0.0484487704918032,0.0,0.0018340163934426,0.0539918032786885,0.0,0.0
2014-07-09 02:00:00,0.2122025052192066,0.0,0.0,0.0670668058455114,0.0058517745302713,0.0,0.0018121085594989,0.0534154488517745,0.0,0.0
2014-07-09 03:00:00,0.2673422680412371,0.0,0.0,0.0668123711340206,0.0396783505154639,0.0,0.0018309278350515,0.0539752577319587,0.0,0.0
2014-07-09 04:00:00,0.2437789934354485,0.0,0.0,0.0663544857768052,0.0207789934354485,0.0,0.0017461706783369,0.053124726477024,0.0,0.0
2014-07-09 05:00:00,0.348569387755102,0.0,0.0,0.0658061224489796,0.0272265306122448,0.0,0.001734693877551,0.0540714285714285,0.0,0.0
2014-07-09 06:00:00,0.9656784313725488,0.0,0.0,0.0652941176470588,0.0425529411764705,0.0,0.0016,0.0531549019607843,0.0,0.0
2014-07-09 07:00:00,0.5870504032258065,0.0,0.0,0.0655443548387096,0.0024697580645161,0.0,0.0016209677419354,0.0542641129032258,0.0,0.0061935483870967
2014-07-09 08:00:00,0.5454093686354379,0.0,0.0,0.0654562118126272,0.0437107942973523,0.0,0.0014806517311608,0.0543625254582484,0.0,0.0
2014-07-09 09:00:00,0.4269033530571992,0.0,0.0,0.0653905325443787,0.0,0.0,0.0015305719921104,0.0535443786982248,0.0,0.0
2014-07-09 10:00:00,2.154255905511811,0.0,0.0,0.0654507874015748,0.0472460629921259,0.4330393700787401,0.0013956692913385,0.0541535433070866,0.0,0.0
2014-07-09 11:00:00,0.4185742574257426,0.0,0.0,0.0658217821782178,0.0,0.0385762376237623,0.0014514851485148,0.053249504950495,0.0,0.0
2014-07-09 12:00:00,0.4050701402805611,0.0,0.0,0.0661963927855711,0.0508276553106212,0.0,0.0014829659318637,0.0541362725450901,0.0,0.0302685370741482
2014-07-09 13:00:00,0.2985764705882353,0.0,0.0,0.0665156862745098,0.0,0.0,0.0014549019607843,0.0534215686274509,0.0,0.0
2014-07-09 14:00:00,0.3555890688259109,0.0,0.0,0.0668016194331983,0.0514412955465587,0.0,0.0015850202429149,0.0542327935222672,0.0,0.0
2014-07-09 15:00:00,0.6516519916142557,0.0,0.0,0.0670377358490566,0.0195849056603773,0.0,0.3963857442348008,0.0533270440251572,0.0,0.0
2014-07-09 16:00:00,1.402779381443299,0.0014041237113402,0.0,0.0672288659793814,0.0341257731958762,0.0,0.5191525773195876,0.0542,0.0,0.0
2014-07-09 17:00:00,0.4841440329218107,0.0,0.0,0.0682407407407407,0.0553909465020576,0.0,0.0020411522633744,0.0808415637860082,0.0,0.0
2014-07-09 18:00:00,1.3326136363636365,0.0,0.0,0.0697272727272727,0.0201570247933884,0.1651280991735537,0.0005351239669421,0.0598533057851239,0.0,0.0014772727272727
2014-07-09 19:00:00,1.106756,0.0,0.0,0.070452,0.048526,0.375264,0.0,0.133982,0.0,0.0
2014-07-09 20:00:00,0.7134793713163065,0.0,0.0,0.0699567779960707,0.0487308447937131,0.0764440078585461,5.893909626719057e-06,0.1338585461689587,0.0,0.0
2014-07-09 21:00:00,0.4207460869565217,0.0,0.0,0.0699113043478261,0.0153234782608695,0.0,1.7391304347826088e-06,0.0967339130434782,0.0,0.0
2014-07-09 22:00:00,0.2712862254025045,0.0,0.0,0.0698336314847942,0.0573828264758497,0.0,7.155635062611807e-06,0.0545599284436493,0.0,0.0
2014-07-09 23:00:00,0.2147303822937625,0.0,0.0,0.0693883299798792,0.0,0.0,6.036217303822937e-06,0.0550985915492957,0.0,0.0
2014-07-10 00:00:00,0.2662315573770492,0.0,0.0,0.0693155737704918,0.0576926229508196,0.0,1.0245901639344262e-05,0.0541229508196721,0.0,0.0
2014-07-10 01:00:00,0.2116617954070981,0.0,0.0,0.0692463465553235,0.0,0.0,8.350730688935281e-06,0.0547473903966597,0.0,0.0
2014-07-10 02:00:00,0.2643131313131313,0.0,0.0,0.0691696969696969,0.0568080808080808,0.0,2.8282828282828285e-05,0.0539333333333333,0.0,0.0
2014-07-10 03:00:00,0.210820895522388,0.0,0.0,0.0693091684434968,0.0,0.0,3.624733475479744e-05,0.0545842217484008,0.0,0.0
2014-07-10 04:00:00,0.2632377049180328,0.0,0.0,0.0690491803278688,0.0548340163934426,0.0,5.942622950819672e-05,0.053875,0.0,0.0
2014-07-10 05:00:00,0.250114,0.0,0.0,0.068708,0.0,0.0,2.2e-05,0.055234,0.0,0.0
2014-07-10 06:00:00,0.6742797494780793,0.0,0.0,0.0682651356993737,0.0505574112734864,0.0,9.18580375782881e-05,0.0539603340292275,0.0383006263048016,0.0
2014-07-10 07:00:00,0.3761190965092402,0.0,0.0,0.0681663244353182,0.0,0.0,0.0002546201232032,0.0546878850102669,0.0,0.0
2014-07-10 08:00:00,0.7478783269961977,0.0,0.0,0.0680684410646387,0.055190114068441,0.2253555133079847,9.88593155893536e-05,0.053828897338403,0.0,0.0206235741444866
2014-07-10 09:00:00,0.99128330206379,0.0,0.0,0.0679643527204502,0.0,0.3404953095684803,4.315196998123828e-05,0.0547579737335834,0.0,0.0
2014-07-10 10:00:00,0.639494071146245,0.0,0.0,0.0680177865612648,0.0531482213438735,0.0725889328063241,5.928853754940711e-05,0.0538221343873517,0.0760039525691699,0.0
2014-07-10 11:00:00,0.3633781190019194,0.0,0.0,0.0684529750479846,0.0068023032629558,0.0,0.0001132437619961,0.0547178502879078,0.0396583493282149,0.0
2014-07-10 12:00:00,0.5673212927756653,0.0,0.0,0.0685969581749049,0.047180608365019,0.0,5.8935361216730034e-05,0.0540912547528517,0.0,0.0
2014-07-10 13:00:00,1.7412623574144486,0.0,0.0,0.0685874524714828,0.0496026615969581,0.0,0.4659068441064639,0.0548022813688212,0.1028536121673003,0.0042490494296577
2014-07-10 14:00:00,1.350125939849624,0.0,0.0,0.0692105263157894,0.0009003759398496,0.0,0.4450432330827067,0.0547274436090225,0.0,0.0
2014-07-10 15:00:00,0.7860132827324479,0.0,0.0,0.0695749525616698,0.0559240986717267,0.0,0.0015332068311195,0.1007381404174573,0.0,0.0
2014-07-10 16:00:00,0.9674824399260628,0.0,0.0,0.0698428835489833,0.0331072088724584,0.0,0.0015563770794824,0.0634306839186691,0.0,0.0
2014-07-10 17:00:00,0.6719981583793738,0.0,0.0,0.0712302025782688,0.0219208103130755,7.366482504604052e-06,0.0015101289134438,0.08795211786372,0.0,0.0
2014-07-10 18:00:00,0.7469657039711192,0.0,0.0,0.071312274368231,0.0467743682310469,6.498194945848375e-05,0.0015487364620938,0.0604440433212996,0.0,0.0
2014-07-10 19:00:00,1.4748185404339251,0.0,0.0,0.0711499013806706,0.045473372781065,0.4959349112426036,0.001473372781065,0.1300729783037475,0.0,0.0
2014-07-10 20:00:00,0.8802977867203219,0.0,0.0,0.0709275653923541,0.0077907444668008,0.1352696177062374,0.0015352112676056,0.1326941649899396,0.0,0.0
2014-07-10 21:00:00,0.3891924603174603,0.0,0.0,0.0707400793650793,0.0412539682539682,0.0131309523809523,0.0016150793650793,0.0551924603174603,0.0,0.0
2014-07-10 22:00:00,0.2679195171026157,0.0,0.0,0.0708269617706237,0.0474748490945674,0.0,0.0017505030181086,0.053420523138833,0.0,0.0
2014-07-10 23:00:00,0.2140829875518672,0.0,0.0,0.070603734439834,0.0,0.0,0.0017302904564315,0.0546804979253112,0.0,0.0
2014-07-11 00:00:00,0.260849593495935,0.0,0.0,0.0703150406504065,0.0492235772357723,0.0,0.0017398373983739,0.054170731707317,0.0,0.0
2014-07-11 01:00:00,0.2306616161616161,0.0,0.0,0.0699107744107744,0.0180757575757575,0.0,0.0017962962962962,0.0542104377104377,0.0,0.0
2014-07-11 02:00:00,0.2751872909698997,0.0,0.0,0.0696839464882943,0.0328846153846153,0.0,0.0018394648829431,0.0533177257525083,0.0,0.0
2014-07-11 03:00:00,0.2866485568760611,0.0,0.0,0.0693106960950764,0.0375331069609507,0.0,0.001830220713073,0.0542003395585738,0.0,0.0
2014-07-11 04:00:00,0.2638123953098827,0.0,0.0,0.0691959798994974,0.0160837520938023,0.0,0.0018710217755443,0.0533886097152428,0.0,0.0
2014-07-11 05:00:00,0.317820987654321,0.0,0.0,0.0683847736625514,0.0443333333333333,0.0,0.001679012345679,0.0543497942386831,0.0,0.0
2014-07-11 06:00:00,1.140686,0.0,0.0,0.067804,0.009818,0.0,0.0016,0.0532879999999999,0.016552,0.0
2014-07-11 07:00:00,0.7203339999999999,0.0,0.0,0.068074,0.050848,0.0,0.000234,0.054218,0.0,0.0
2014-07-11 08:00:00,0.5061782786885246,0.0,0.0,0.067764344262295,0.0013442622950819,0.0,0.0001495901639344,0.0542889344262295,0.0,0.0
2014-07-11 09:00:00,0.4852792607802875,0.0,0.0,0.0677392197125256,0.05017659137577,0.0,0.0001252566735112,0.0539404517453798,0.0,0.0
2014-07-11 10:00:00,0.4263538461538462,0.0,0.0,0.0675903846153846,0.0,0.0,6.923076923076924e-05,0.0547807692307692,0.0,0.0
2014-07-11 11:00:00,0.2838472222222222,0.0,0.0,0.0676488095238095,0.050515873015873,0.0,0.0,0.0542361111111111,0.0,0.0
2014-07-11 12:00:00,0.588400402414487,0.0,0.0,0.0678853118712273,0.0143621730382293,0.0,0.2594386317907444,0.05338430583501,0.0,0.0
2014-07-11 13:00:00,0.9309510204081632,0.0,0.0,0.0687244897959183,0.038938775510204,0.0,0.6372469387755102,0.0542632653061224,0.0,0.0
2014-07-11 14:00:00,0.2524724409448819,0.0,0.0,0.069021653543307,0.0327322834645669,0.0,0.0046456692913385,0.0533622047244094,0.0,0.0
2014-07-11 15:00:00,0.8684938775510205,0.0,0.0,0.0692795918367347,0.0210714285714285,0.0,0.0015,0.0835632653061224,0.0,0.0
2014-07-11 16:00:00,1.3183918367346938,0.0,0.0,0.0705571428571428,0.0150897959183673,0.0,0.0005306122448979,0.084834693877551,0.0,0.0
2014-07-11 17:00:00,0.4422666666666666,0.0,0.0,0.0700767676767676,0.0479292929292929,0.0,9.8989898989899e-05,0.0546666666666666,0.0,0.0
2014-07-11 18:00:00,0.3821474747474747,0.0,0.0,0.0701737373737373,0.0075535353535353,0.0025414141414141,0.0001292929292929,0.0536888888888888,0.0,0.0
2014-07-11 19:00:00,1.1978033126293997,0.0,0.0,0.0702008281573499,0.0487908902691511,0.5506418219461697,0.0001863354037267,0.0916376811594203,0.0,0.0
2014-07-11 20:00:00,0.6554349514563107,0.0,0.0,0.0699728155339805,0.0,0.1330660194174757,0.0001961165048543,0.1328718446601941,0.0,0.0
2014-07-11 21:00:00,0.431901768172888,0.0,0.0,0.0697897838899803,0.0618231827111984,0.0,0.0002278978388998,0.0784440078585461,0.0,0.0
2014-07-11 22:00:00,0.226012,0.0,0.0,0.07001,0.0,0.0,0.000372,0.053042,0.0,0.0
2014-07-11 23:00:00,0.2739366053169734,0.0,0.0,0.069883435582822,0.0623047034764826,0.0,0.0004846625766871,0.0543128834355828,0.0,0.0
2014-07-12 00:00:00,0.2115723140495867,0.0,0.0,0.0697851239669421,0.0,0.0,0.0004132231404958,0.0532231404958677,0.0,0.0
2014-07-12 01:00:00,0.2356680080482897,0.0,0.0,0.0693903420523138,0.0224426559356136,0.0,0.0004185110663983,0.0542474849094567,0.0,0.0
2014-07-12 02:00:00,0.2503755102040816,0.0,0.0,0.069238775510204,0.037638775510204,0.0,0.0004428571428571,0.0541408163265306,0.0,0.0
2014-07-12 03:00:00,0.2127489451476793,0.0,0.0,0.069132911392405,0.0,0.0,0.0005864978902953,0.0532805907172995,0.0,0.0
2014-07-12 04:00:00,0.366577002053388,0.0,0.0,0.0689753593429158,0.0612833675564681,0.0,0.0005092402464065,0.0538685831622176,0.0,0.0
2014-07-12 05:00:00,0.2351198347107438,0.0,0.0,0.0686012396694214,0.0,0.0,0.0004214876033057,0.0532644628099173,0.0,0.0
2014-07-12 06:00:00,0.7595764705882353,0.0,0.0,0.0683313725490196,0.0288294117647058,0.0,0.0003156862745098,0.0538588235294117,0.0,0.0
2014-07-12 07:00:00,0.4685426356589147,0.0,0.0,0.0680930232558139,0.0274418604651162,0.0046337209302325,0.0001337209302325,0.053110465116279,0.0,0.0
2014-07-12 08:00:00,0.9429217877094972,0.0,0.0,0.0679459962756052,0.0,0.4799944134078212,6.517690875232774e-05,0.0541098696461824,0.0,0.0
2014-07-12 09:00:00,0.6386727605118829,0.0,0.0,0.0680548446069469,0.0663674588665448,0.1209981718464351,6.398537477148081e-05,0.0531352833638025,0.0,0.0
2014-07-12 10:00:00,0.3426210720887246,0.0,0.0,0.0685249537892791,0.0,1.1090573012939002e-05,0.0001608133086876,0.072083179297597,0.0,0.0
2014-07-12 11:00:00,0.4515441478439425,0.0,0.0,0.068700205338809,0.0579363449691991,0.0,0.000135523613963,0.0704291581108829,0.0,0.0
2014-07-12 12:00:00,0.397138,0.000674,0.0,0.069418,0.016378,0.0,0.000214,0.054198,0.0,0.0
2014-07-12 13:00:00,0.4223109756097561,0.0,0.0,0.0705955284552845,0.0508983739837398,0.0,0.0001158536585365,0.082920731707317,0.0,0.0
2014-07-12 14:00:00,0.4263975659229209,0.0,0.0,0.0707180527383367,0.0278559837728194,0.0,8.722109533468559e-05,0.0944279918864097,0.0200608519269776,0.0
2014-07-12 15:00:00,0.3522793522267207,0.0,0.0,0.0709858299595141,0.0459493927125506,0.0,0.0109716599190283,0.0533906882591093,0.013663967611336,0.0
2014-07-12 16:00:00,1.4779838383838384,0.0,0.0,0.0709757575757575,0.0509818181818181,0.0,0.6955373737373738,0.0545595959595959,0.0,0.0
2014-07-12 17:00:00,0.5434097363083163,0.0,0.0,0.0718478701825557,0.0070892494929006,0.0,0.1717302231237322,0.0689046653144016,0.0,0.0
2014-07-12 18:00:00,0.4599671457905544,0.0,0.0,0.0719794661190965,0.0624271047227926,0.0,0.0015544147843942,0.1164866529774127,0.0,0.0135010266940451
2014-07-12 19:00:00,0.668065868263473,0.0,0.0,0.0715269461077844,0.0432834331337325,0.0,0.0014151696606786,0.0830918163672654,0.0,0.0
2014-07-12 20:00:00,0.4991652892561983,0.0,0.0,0.0714132231404958,0.0160640495867768,0.0,0.0160723140495867,0.1254586776859504,0.0,0.0
2014-07-12 21:00:00,1.2753359528487231,0.0,0.0,0.0714911591355599,0.0571748526522593,0.0,0.7977858546168959,0.0738821218074656,0.0,0.0
2014-07-12 22:00:00,0.3292520491803278,0.0,0.0,0.0714016393442622,0.0203319672131147,0.0,0.0218319672131147,0.0460471311475409,0.0,0.0
2014-07-12 23:00:00,0.323380658436214,0.0,0.0,0.0712674897119341,0.0357139917695473,0.0,0.0017901234567901,0.0462901234567901,0.0,0.0
2014-07-13 00:00:00,0.248995867768595,0.0,0.0,0.0710599173553719,0.0471404958677685,0.0,0.001797520661157,0.0450371900826446,0.0,0.0
2014-07-13 01:00:00,0.2154529058116232,0.0,0.0,0.0709639278557114,0.0105711422845691,0.0,0.002192384769539,0.0460320641282565,0.0,0.0
2014-07-13 02:00:00,0.2736903353057199,0.0,0.0,0.0707080867850098,0.0586134122287968,0.0,0.0018106508875739,0.0452445759368836,0.0,0.0
2014-07-13 03:00:00,0.2238141962421712,0.0,0.0,0.0705845511482254,0.0,0.0,0.0018475991649269,0.0458956158663883,0.0,0.0
2014-07-13 04:00:00,0.2743568548387097,0.0,0.0,0.0705846774193548,0.0603709677419354,0.0,0.0018649193548387,0.0452056451612903,0.0,0.0
2014-07-13 05:00:00,0.2241810526315789,0.0,0.0,0.0703242105263158,0.0,0.0,0.0148105263157894,0.0458210526315789,0.0,0.0
2014-07-13 06:00:00,0.4625292929292929,0.0,0.0,0.0697858585858585,0.0575313131313131,0.0,0.001810101010101,0.0449333333333333,0.0,0.0
2014-07-13 07:00:00,0.3619310344827586,0.0,0.0,0.0694827586206896,0.0,0.0,0.00173630831643,0.0459695740365111,0.0,0.0
2014-07-13 08:00:00,1.0524754797441365,0.0,0.0,0.0694157782515991,0.0630234541577825,0.0,0.0016503198294243,0.0454712153518123,0.0,0.0
2014-07-13 09:00:00,1.890430041152264,0.0,0.0,0.0691255144032921,0.0199526748971193,0.0,0.0016316872427983,0.0949053497942386,0.0,0.0
2014-07-13 10:00:00,1.83068530020704,0.0,0.0,0.0691428571428571,0.0327908902691511,0.0,0.0015942028985507,0.1189627329192546,0.0,0.0
2014-07-13 11:00:00,0.7070711382113821,0.0,0.0,0.069369918699187,0.0407682926829268,0.0,0.0017581300813008,0.0458943089430894,0.0,0.0
2014-07-13 12:00:00,0.4345514403292181,0.0,0.0,0.0703209876543209,0.0150925925925925,0.0,0.001395061728395,0.0460226337448559,0.0,0.0
2014-07-13 13:00:00,0.5893360323886639,0.0,0.0,0.0704878542510121,0.0540242914979757,0.0,0.0001538461538461,0.0466214574898785,0.0,0.0
2014-07-13 14:00:00,0.2502863157894737,0.0,0.0,0.0705494736842105,0.0267536842105263,0.0,0.00016,0.0457621052631578,0.0,0.0
2014-07-13 15:00:00,0.2379489795918367,0.0,0.0,0.0706122448979591,0.0300122448979591,0.0,0.0001591836734693,0.046738775510204,0.0,0.0
2014-07-13 16:00:00,1.9740120967741936,0.0,0.0,0.0708326612903225,0.051336693548387,0.0,0.0001008064516129,0.0457762096774193,0.0,0.0054193548387096
2014-07-13 17:00:00,0.6614161490683229,0.0,0.0,0.070983436853002,0.009703933747412,0.0,0.0001511387163561,0.0606438923395445,0.0,0.0
2014-07-13 18:00:00,0.3862379032258065,0.0,0.0,0.070875,0.0419173387096774,0.0,0.0307540322580645,0.0403810483870967,0.0,0.0
2014-07-13 19:00:00,0.9740673469387756,0.0,0.0,0.0708081632653061,0.039669387755102,0.0,0.4139387755102041,0.0732530612244898,0.0,0.0
2014-07-13 20:00:00,0.9308627049180328,0.0,0.0,0.0705266393442622,0.0114241803278688,0.0,0.5015409836065574,0.1265348360655737,0.0,0.0
2014-07-13 21:00:00,0.3878739837398374,0.0,0.0,0.0703028455284552,0.0512886178861788,0.0,0.0014329268292682,0.0957337398373983,0.0,0.0
2014-07-13 22:00:00,0.2215490981963927,0.0,0.0,0.0701062124248497,0.0013827655310621,0.0,0.0017835671342685,0.0472144288577154,0.0,0.0
2014-07-13 23:00:00,0.2578613861386138,0.0,0.0,0.0700514851485148,0.052889108910891,0.0,0.0019029702970297,0.0467247524752475,0.0,0.0
2014-07-14 00:00:00,0.2042533333333333,0.0,0.0,0.069675,0.0,0.0,0.0017833333333333,0.0472366666666666,0.0,0.0
2014-07-14 01:00:00,0.2540534223706177,0.0,0.0,0.069355592654424,0.054575959933222,0.0,0.0018580968280467,0.046237061769616,0.0,0.0
2014-07-14 02:00:00,0.2196717428087986,0.0,0.0,0.0690372250423011,0.0,0.0,0.0018544839255499,0.0472081218274111,0.0,1.6920473773265652e-06
2014-07-14 03:00:00,0.2689301164725458,0.0,0.0,0.0687953410981697,0.0540482529118136,0.0,0.0018768718801996,0.0463211314475873,0.0,0.0060698835274542
2014-07-14 04:00:00,0.3666527545909849,0.0,0.0,0.0684390651085141,0.0,0.0,0.0018313856427378,0.0472921535893155,0.0,0.0
2014-07-14 05:00:00,0.54337,0.0,0.0,0.067775,0.05084,0.0,0.00177,0.0605616666666666,0.0,0.0
2014-07-14 06:00:00,0.3694698996655518,0.0,0.0,0.06738127090301,0.007938127090301,0.0,0.0016688963210702,0.0467508361204013,0.0,0.0
2014-07-14 07:00:00,0.3530869565217391,0.0,0.0,0.0671007905138339,0.0466679841897233,0.0,0.0016660079051383,0.0461837944664031,0.0,0.0
2014-07-14 08:00:00,0.2566528599605523,0.0,0.0,0.0672110453648915,0.0261854043392504,0.0,0.0015325443786982,0.0468639053254437,0.0,0.0
2014-07-14 09:00:00,0.2442650822669104,0.0,0.0,0.0672760511882998,0.0252102376599634,0.0,0.0015703839122486,0.0459067641681901,0.0,0.0
2014-07-14 10:00:00,0.254554945054945,0.0,0.0,0.0671135531135531,0.0343076923076923,0.0,0.0013754578754578,0.0469487179487179,0.0,0.0
2014-07-14 11:00:00,0.2308003992015968,0.0,0.0,0.0676566866267465,0.0142175648702594,0.0,0.0015548902195608,0.0458502994011976,0.0,0.0
2014-07-14 12:00:00,0.2575627450980392,0.0,0.0,0.0679117647058823,0.0541823529411764,0.0,0.0015176470588235,0.0468313725490196,0.0,0.0
2014-07-14 13:00:00,0.2010698529411764,0.0,0.0,0.0684742647058823,3.6764705882352942e-06,0.0,0.0015606617647058,0.0460661764705882,0.0,0.0
2014-07-14 14:00:00,0.2578470149253731,0.0,0.0,0.0686268656716417,0.0532835820895522,0.0,0.0015839552238805,0.046955223880597,0.0,0.0
2014-07-14 15:00:00,0.2548798370672097,0.0,0.0,0.0688981670061099,0.0,0.0,0.0016680244399185,0.0460101832993889,0.0,0.0027372708757637
2014-07-14 16:00:00,0.3647505112474437,0.0,0.0,0.0693190184049079,0.0566380368098159,0.0,0.0017873210633946,0.0471533742331288,0.0,0.0
2014-07-14 17:00:00,0.2761871227364185,0.0,0.0,0.0693682092555332,0.0,0.0,0.0017424547283702,0.0468651911468812,0.0,0.0
2014-07-14 18:00:00,0.3475924453280318,0.0,0.0,0.0690834990059642,0.0525288270377733,0.0,0.001675944333996,0.0459324055666003,0.0,0.0
2014-07-14 19:00:00,0.301079754601227,0.0,0.0,0.069040899795501,0.0128364008179959,0.0,0.0016339468302658,0.0468220858895705,0.0,0.0
2014-07-14 20:00:00,0.3020658682634731,0.0,0.0,0.0690738522954091,0.0416946107784431,0.0,0.001688622754491,0.0458882235528942,0.0,0.0
2014-07-14 21:00:00,0.2356687242798354,0.0,0.0,0.0690699588477366,0.0244855967078189,0.0,0.0017633744855967,0.046716049382716,0.0,0.0
2014-07-14 22:00:00,0.2294297520661156,0.0,0.0,0.0689814049586776,0.0289152892561983,0.0,0.0017128099173553,0.046146694214876,0.0,0.0
2014-07-14 23:00:00,0.2351598360655737,0.0,0.0,0.0691721311475409,0.0370040983606557,0.0,0.0018872950819672,0.0466741803278688,0.0,0.0
2014-07-15 00:00:00,0.2192071881606765,0.0,0.0,0.0688879492600422,0.0205010570824524,0.0,0.0018350951374207,0.045813953488372,0.0,0.0
2014-07-15 01:00:00,0.2444156378600823,0.0,0.0,0.0689341563786008,0.0437818930041152,0.0,0.0018765432098765,0.0466481481481481,0.0,0.0
2014-07-15 02:00:00,0.2090417495029821,0.0,0.0,0.0690059642147117,0.0090198807157057,0.0,0.0018926441351888,0.0459264413518886,0.0,0.0
2014-07-15 03:00:00,0.2505779625779625,0.0,0.0,0.0686735966735966,0.0504365904365904,0.0,0.0018565488565488,0.0468918918918918,0.0,0.0
2014-07-15 04:00:00,0.2935491803278688,0.0,0.0,0.0682725409836065,0.0019405737704918,0.0,0.0017540983606557,0.045905737704918,0.0,0.0
2014-07-15 05:00:00,0.3561608961303462,0.0,0.0,0.068091649694501,0.0527189409368635,0.0,0.0017596741344195,0.0466476578411405,0.0,0.0
2014-07-15 06:00:00,0.2726726907630522,0.0,0.0,0.0675863453815261,0.0,0.0,0.0016807228915662,0.0458775100401606,0.0,0.0
2014-07-15 07:00:00,0.3474453608247423,0.0,0.0,0.067461855670103,0.0529319587628865,0.0,0.0015154639175257,0.0468556701030927,0.0,0.0
2014-07-15 08:00:00,0.2208221343873518,0.0,0.0,0.0675415019762845,0.0,0.0,0.0015632411067193,0.0459426877470355,0.0,0.0
2014-07-15 09:00:00,0.252105675146771,0.0,0.0,0.0675733855185909,0.0522446183953033,0.0,0.001504892367906,0.0469510763209393,0.0,0.0
2014-07-15 10:00:00,0.1988701030927835,0.0,0.0,0.0675938144329896,0.0,0.0,0.0015340206185567,0.045940206185567,0.0,0.0
2014-07-15 11:00:00,0.2526056910569105,0.0,0.0,0.0677845528455284,0.0521971544715447,0.0,0.0016585365853658,0.0469166666666666,0.0,0.0
2014-07-15 12:00:00,0.2000742268041237,0.0,0.0,0.0679298969072164,0.0,0.0,0.0015752577319587,0.0468597938144329,0.0,0.0
2014-07-15 13:00:00,0.2524053497942387,0.0,0.0,0.0679444444444444,0.0544465020576131,0.0,0.0015864197530864,0.0459670781893004,0.0,0.002633744855967
2014-07-15 14:00:00,0.2005723684210526,0.0,0.0,0.0680109649122807,0.0,0.0,0.0014912280701754,0.046813596491228,0.0,0.0
2014-07-15 15:00:00,0.2724912663755459,0.0,0.0,0.0681593886462882,0.0544606986899563,0.0,0.0014650655021834,0.0461004366812227,0.0,0.0
2014-07-15 16:00:00,0.2971645021645021,0.0,0.0,0.0687380952380952,0.0033982683982683,0.0,0.0016601731601731,0.0468593073593073,0.0,0.0
2014-07-15 17:00:00,0.3449384288747346,0.0,0.0,0.0692144373673036,0.0492823779193205,0.0,0.0017070063694267,0.0457749469214437,0.0,0.0
2014-07-15 18:00:00,0.2923025751072961,0.0,0.0,0.0690600858369098,0.0155944206008583,0.0,0.0016781115879828,0.0467060085836909,0.0,0.0
2014-07-15 19:00:00,0.3347787234042553,0.0,0.0,0.0694,0.0385021276595744,0.0,0.0017659574468085,0.0458936170212765,0.0,0.0
2014-07-15 20:00:00,0.2877546391752577,0.0,0.0,0.068880412371134,0.0271670103092783,0.0,0.0015587628865979,0.0471237113402061,0.0,0.0
2014-07-15 21:00:00,0.2351875,0.0,0.0,0.0688608870967742,0.0270040322580645,0.0,0.0016310483870967,0.0460766129032258,0.0,0.0
2014-07-15 22:00:00,0.2354592030360531,0.0,0.0,0.0689108159392789,0.038550284629981,0.0,0.0017609108159392,0.0464800759013282,0.0,0.0
2014-07-15 23:00:00,0.2144935064935064,0.0,0.0,0.0687640692640692,0.0173636363636363,0.0,0.0017142857142857,0.0468354978354978,0.0,0.0
2014-07-16 00:00:00,0.2390418410041841,0.0,0.0,0.0684811715481171,0.0428702928870292,0.0,0.0017887029288702,0.046,0.0,0.0
2014-07-16 01:00:00,0.2087544642857143,0.0,0.0,0.0683125,0.0095,0.0,0.00178125,0.0468035714285714,0.0,0.0
2014-07-16 02:00:00,0.2470357142857142,0.0,0.0,0.0682100840336134,0.0498340336134453,0.0,0.0017878151260504,0.0460231092436974,0.0,0.0
2014-07-16 03:00:00,0.2096919831223628,0.0,0.0,0.0680569620253164,0.0034071729957805,0.0,0.0018143459915611,0.0467278481012658,0.0,0.0
2014-07-16 04:00:00,0.3182179487179487,0.0,0.0,0.0674700854700854,0.0525320512820512,0.0,0.0018739316239316,0.0458376068376068,0.0,0.001076923076923
2014-07-16 05:00:00,0.2792025862068966,0.0,0.0,0.0672952586206896,0.0,0.0,0.0017693965517241,0.0466810344827586,0.0,0.0
2014-07-16 06:00:00,0.3459672801635992,0.0,0.0,0.0667586912065439,0.0521308793456032,0.0,0.001723926380368,0.0457750511247443,0.0,0.0
2014-07-16 07:00:00,0.2697076923076923,0.0,0.0,0.0666505494505494,0.0,0.0,0.0015868131868131,0.0469362637362637,0.0,0.0045010989010989
2014-07-16 08:00:00,0.2758969957081545,0.0,0.0,0.0666158798283261,0.0518090128755364,0.0,0.0014077253218884,0.0458927038626609,0.0,0.0
2014-07-16 09:00:00,0.2013668903803132,0.0,0.0,0.066814317673378,0.0,0.0,0.0013803131991051,0.0468501118568232,0.0,0.0
2014-07-16 10:00:00,0.251896694214876,0.0,0.0,0.0671818181818181,0.0534214876033057,0.0,0.0014855371900826,0.0458780991735537,0.0,0.0
2014-07-16 11:00:00,0.2005903614457831,0.0,0.0,0.0675401606425702,0.0,0.0,0.0015100401606425,0.0468935742971887,0.0,0.0
2014-07-16 12:00:00,0.2534555984555984,0.0,0.0,0.0678127413127413,0.0557953667953668,0.0,0.0015173745173745,0.0459111969111969,0.0,0.0
2014-07-16 13:00:00,0.2023454545454545,0.0,0.0,0.0681191919191919,0.0,0.0,0.0014787878787878,0.0472848484848484,0.0,0.0
2014-07-16 14:00:00,0.2544594059405941,0.0,0.0,0.0685267326732673,0.0544712871287128,0.0,0.0015445544554455,0.0463544554455445,0.0,0.0
2014-07-16 15:00:00,0.2583511904761905,0.0,0.0,0.06875,0.0018412698412698,0.0,0.0016448412698412,0.0463511904761904,0.0,0.0
2014-07-16 16:00:00,0.3601102204408818,0.0,0.0,0.0689198396793587,0.0527835671342685,0.0,0.0015911823647294,0.0468857715430861,0.0,0.0
2014-07-16 17:00:00,0.2993585657370518,0.0,0.0,0.069398406374502,0.0182470119521912,0.0,0.0016673306772908,0.0459243027888446,0.0,0.0
2014-07-16 18:00:00,0.3982344689378758,0.0,0.0,0.0692044088176352,0.0330861723446893,0.0,0.001625250501002,0.0600420841683366,0.0,0.0
2014-07-16 19:00:00,1.2073290322580643,0.0,0.0,0.0690559139784946,0.0370279569892473,0.5198344086021506,0.0003763440860215,0.1252623655913978,0.0,0.0
2014-07-16 20:00:00,0.7217232824427481,0.0,0.0,0.0697309160305343,0.015429389312977,0.1142328244274809,0.0001603053435114,0.1244980916030534,0.0,3.816793893129771e-05
2014-07-16 21:00:00,0.383535652173913,0.0,0.0,0.0698226086956521,0.0506417391304347,0.0725391304347826,0.00028,0.0460347826086956,0.0,0.0
2014-07-16 22:00:00,0.2055711462450593,0.0,0.0,0.0695059288537549,0.0,0.0,0.0001679841897233,0.0470474308300395,0.0,0.0
2014-07-16 23:00:00,0.2507179487179487,0.0,0.0,0.0695470085470085,0.0505662393162393,0.0,0.0004059829059829,0.0461965811965811,0.0,0.0
2014-07-17 00:00:00,0.2055294117647058,0.0,0.0,0.0693306288032454,0.0039634888438133,0.0,0.0004239350912778,0.0469087221095334,0.0,0.0
2014-07-17 01:00:00,0.2494596774193548,0.0,0.0,0.0691088709677419,0.0448709677419354,0.0,0.0003729838709677,0.0470483870967741,0.0,0.0
2014-07-17 02:00:00,0.2640121212121212,0.0,0.0,0.0687474747474747,0.025010101010101,0.0,0.0003878787878787,0.0461474747474747,0.0,0.0
2014-07-17 03:00:00,0.2629037328094302,0.0,0.0,0.0686031434184675,0.0237170923379174,0.0,0.0004243614931237,0.0468801571709233,0.0,0.0
2014-07-17 04:00:00,0.368462890625,0.0,0.0,0.068201171875,0.040373046875,0.0,0.000359375,0.04604296875,0.0,0.0
2014-07-17 05:00:00,0.3412252066115702,0.0,0.0,0.068099173553719,0.0108884297520661,0.0,0.0004545454545454,0.0472355371900826,0.0,0.0
2014-07-17 06:00:00,0.49540733197556,0.0,0.0,0.067468431771894,0.0529959266802444,0.0,0.0002016293279022,0.0460733197556008,0.0,0.0
2014-07-17 07:00:00,0.4467727272727272,0.0,0.0,0.0678774703557312,0.0003715415019762,0.0,8.695652173913043e-05,0.0874604743083004,0.0,0.0
2014-07-17 08:00:00,1.3799617706237426,0.0,0.0,0.0676277665995975,0.0,0.433841046277666,2.012072434607646e-05,0.0471609657947686,0.0417967806841046,0.0
2014-07-17 09:00:00,0.5991795918367347,0.0,0.0,0.0679367346938775,0.061434693877551,0.1142591836734693,2.040816326530612e-05,0.0475142857142857,0.0,0.0
2014-07-17 10:00:00,0.3134878542510121,0.0,0.0,0.0687510121457489,0.0187813765182186,0.0524595141700404,2.0242914979757085e-05,0.0467672064777327,0.0,0.0062186234817813
2014-07-17 11:00:00,0.8441696969696969,0.0,0.0,0.0696222222222222,0.0323595959595959,0.0,2.626262626262626e-05,0.0471515151515151,0.0,0.0
2014-07-17 12:00:00,0.7472283333333334,0.0,0.0,0.0700533333333333,0.0434166666666666,0.0,0.3404116666666666,0.0654516666666666,0.0,0.0
2014-07-17 13:00:00,0.6080566666666666,0.0,0.0,0.0704433333333333,0.0471066666666666,0.0,0.2302333333333333,0.053665,0.0,0.0
2014-07-17 14:00:00,0.6333159663865546,3.361344537815126e-06,0.0,0.0706084033613445,0.0285747899159663,0.0,0.2956504201680672,0.046363025210084,0.0,0.0
2014-07-17 15:00:00,0.49719723183391,0.0,0.0,0.0707923875432526,0.0242283737024221,0.0,0.0013356401384083,0.0507560553633218,0.0,0.0
2014-07-17 16:00:00,1.2654415584415586,1.4842300556586271e-05,0.0,0.0709666048237476,0.0525974025974026,0.0,0.0015398886827458,0.1145621521335807,0.0,0.0
2014-07-17 17:00:00,0.7337395833333333,0.0,0.0,0.07145,0.0286958333333333,0.0,0.0015645833333333,0.082375,0.0,0.0
2014-07-17 18:00:00,0.2791205533596838,0.0,0.0,0.07099604743083,0.0242766798418972,0.0,0.0014861660079051,0.0542252964426877,0.0,0.0
2014-07-17 19:00:00,0.867538,0.0,0.0,0.071058,0.053232,0.413402,0.001478,0.048568,0.0,0.0
2014-07-17 20:00:00,0.5752509652509652,0.0,0.0,0.0708166023166023,0.0,0.1184633204633204,0.001561776061776,0.1108146718146718,0.0,0.0
2014-07-17 21:00:00,0.5210952380952381,0.0,0.0,0.070647619047619,0.0555009523809523,0.0847180952380952,0.0016438095238095,0.1267771428571428,0.0,0.0
2014-07-17 22:00:00,0.2737923076923077,0.0,0.0,0.0704961538461538,0.0,0.0,0.0015596153846153,0.0671423076923077,0.0,0.0
2014-07-17 23:00:00,0.2932215053763441,0.0,0.0,0.0706430107526881,0.0581806451612903,0.0,0.001716129032258,0.0477806451612903,0.0,0.0
2014-07-18 00:00:00,0.2402429718875502,0.0,0.0,0.0704718875502008,0.0,0.0,0.0016907630522088,0.0464939759036144,0.0,0.0
2014-07-18 01:00:00,0.360340770791075,0.0,0.0,0.0705091277890466,0.0496064908722109,0.0,0.0018640973630831,0.0472961460446247,0.0,0.0
2014-07-18 02:00:00,0.3231028806584362,0.0,0.0,0.0699341563786008,0.0073621399176954,0.0,0.001775720164609,0.0458456790123456,0.0,0.0
2014-07-18 03:00:00,0.3577447257383966,0.0,0.0,0.0697848101265822,0.0308544303797468,0.0,0.0017088607594936,0.0467320675105485,0.0,0.0
2014-07-18 04:00:00,0.3429411764705882,0.0,0.0,0.0695837104072398,0.0275022624434389,0.0,0.0017782805429864,0.0460701357466063,0.0,0.0
2014-07-18 05:00:00,0.3125754310344827,0.0,0.0,0.0693426724137931,0.0029353448275862,0.0,0.00175,0.0468448275862068,0.0,0.0
2014-07-18 06:00:00,0.3727257383966245,0.0,0.0,0.0688966244725738,0.0563396624472573,0.0043206751054852,0.0016962025316455,0.0461012658227848,0.0,0.0
2014-07-18 07:00:00,0.4112772277227723,0.0,0.0,0.0684871287128712,0.0,0.0,0.0014079207920792,0.0790534653465346,0.0,0.0
2014-07-18 08:00:00,0.866374,0.0,0.0,0.068172,0.05887,0.0,0.001408,0.0860939999999999,0.0,0.0
2014-07-18 09:00:00,0.8869493177387915,0.0,0.0,0.0681617933723196,0.0,0.0,0.4394561403508772,0.050662768031189,0.0,0.0
2014-07-18 10:00:00,0.5493440170940171,0.0,0.0,0.0683632478632478,0.0476602564102564,0.0,0.2737713675213675,0.0475448717948717,0.0,0.0
2014-07-18 11:00:00,1.2825,0.0,0.0,0.0688542510121457,0.0151923076923076,0.0,0.0012388663967611,0.0465,0.0,0.0
2014-07-18 12:00:00,0.7150404858299595,0.0,0.0,0.0693421052631578,0.0517874493927125,0.0,0.0013906882591093,0.0476093117408906,0.0,0.0
2014-07-18 13:00:00,0.3435273833671399,0.0,0.0,0.0698458417849898,0.0,0.0,0.0014361054766734,0.1148864097363083,0.0,0.0
2014-07-18 14:00:00,0.4165729166666667,0.0,0.0,0.0699208333333333,0.0729041666666666,0.0,0.0013666666666666,0.0915541666666666,0.0,0.0
2014-07-18 15:00:00,0.2718921161825726,0.0,0.0,0.0701161825726141,0.0,0.0,0.0013651452282157,0.0462655601659751,0.0,0.0
2014-07-18 16:00:00,0.3628093220338983,0.0,0.0,0.0705148305084745,0.0620190677966101,0.0,0.0013855932203389,0.0470529661016949,0.0,0.0
2014-07-18 17:00:00,0.2723017621145374,0.0,0.0,0.0710991189427312,0.0,0.0,0.0014449339207048,0.0458303964757709,0.0,0.0
2014-07-18 18:00:00,0.3625911949685534,0.0,0.0,0.0715345911949685,0.0616624737945492,0.0,0.0015366876310272,0.04662893081761,0.0,0.0
2014-07-18 19:00:00,0.3017882096069869,0.0,0.0,0.0716877729257642,0.0141528384279475,0.0,0.0015829694323144,0.0466572052401746,0.0,0.0
2014-07-18 20:00:00,0.4240602409638555,0.0,0.0,0.071504016064257,0.0474036144578313,0.0,0.0015301204819277,0.0552389558232931,0.0,0.0
2014-07-18 21:00:00,0.4137421875,0.0,0.0,0.071513671875,0.055587890625,0.0,0.001583984375,0.047041015625,0.0,0.0
2014-07-18 22:00:00,0.2982893081761006,0.0,0.0,0.0714318658280922,0.0403605870020964,0.0,0.0016184486373165,0.0464067085953878,0.0,0.0
2014-07-18 23:00:00,0.2673776371308017,0.0,0.0,0.0714873417721519,0.0222911392405063,0.0,0.0017405063291139,0.0467468354430379,0.0,0.0
2014-07-19 00:00:00,0.3009468302658487,0.0,0.0,0.071321063394683,0.0634621676891615,0.0,0.0017648261758691,0.0468139059304703,0.0,0.0
2014-07-19 01:00:00,0.2472148936170213,0.0,0.0,0.0710936170212766,0.0045212765957446,0.0,0.001827659574468,0.0466680851063829,0.0,0.0
2014-07-19 02:00:00,0.418411513859275,0.0,0.0,0.0707697228144989,0.0680895522388059,0.0,0.001773987206823,0.0460447761194029,0.0,0.0
2014-07-19 03:00:00,0.3158136645962732,0.0,0.0,0.0706418219461697,0.0,0.0,0.0017494824016563,0.0468819875776397,0.0,0.0
2014-07-19 04:00:00,0.4080729166666667,0.0,0.0,0.0707166666666666,0.0716895833333333,0.0,0.0017875,0.0465458333333333,0.0,0.0
2014-07-19 05:00:00,0.320074844074844,0.0,0.0,0.0703326403326403,0.0,0.0,0.0017068607068607,0.0457442827442827,0.0,0.0
2014-07-19 06:00:00,0.5334033264033264,0.0,0.0,0.0701309771309771,0.0694490644490644,0.0,0.0017193347193347,0.0465987525987525,0.0,0.0
2014-07-19 07:00:00,1.1241152263374483,0.0,0.0,0.069917695473251,0.0,0.4494588477366255,0.0016502057613168,0.0458312757201646,0.0,0.0
2014-07-19 08:00:00,0.8132351738241309,0.0,0.0,0.0696339468302658,0.0676912065439672,0.1251738241308793,0.0014621676891615,0.0479713701431492,0.0,0.0
2014-07-19 09:00:00,0.3008565573770492,0.0,0.0,0.0695430327868852,0.0,0.0230696721311475,0.0015327868852459,0.0462254098360655,0.0,0.0
2014-07-19 10:00:00,0.4892718446601942,0.0,0.0,0.069557281553398,0.0634563106796116,0.0,0.0015553398058252,0.0468019417475728,0.0,0.0
2014-07-19 11:00:00,0.644605,0.0,0.0,0.0698166666666666,0.02395,0.0,0.001605,0.0545933333333333,0.0,0.0
2014-07-19 12:00:00,1.9999216666666664,0.0,0.0,0.0695566666666666,0.0377466666666666,0.0,0.4338999999999999,0.128375,0.0,0.0
2014-07-19 13:00:00,2.3341535433070866,0.0,0.0,0.0705767716535433,0.0481653543307086,0.0,0.4589173228346457,0.1247775590551181,0.0,0.0
2014-07-19 14:00:00,0.3537084188911704,0.0,0.0,0.0712361396303901,0.0,0.0,0.0014558521560574,0.1060903490759753,0.0,0.0
2014-07-19 15:00:00,0.7289420289855072,0.0010269151138716,0.0,0.0715238095238095,0.0647536231884058,0.0,0.0013146997929606,0.0477329192546583,0.0,0.0
2014-07-19 16:00:00,1.572841046277666,0.0,0.0,0.0714386317907444,0.0030985915492957,0.0,0.001338028169014,0.1288993963782696,0.0490482897384305,0.0
2014-07-19 17:00:00,0.545929718875502,0.0,0.0,0.0716887550200803,0.0458192771084337,0.0,0.0013755020080321,0.0798795180722891,0.0,0.0
2014-07-19 18:00:00,0.8824164948453608,0.0,0.0,0.0726536082474226,0.017461855670103,0.0,0.3841938144329897,0.0862948453608247,0.0,0.0
2014-07-19 19:00:00,1.605905982905983,0.0,0.0,0.0732414529914529,0.0247820512820512,0.4725876068376068,0.4540405982905983,0.1535320512820512,0.0,0.0
2014-07-19 20:00:00,0.7320236220472441,0.0,0.0,0.0729094488188976,0.0425767716535433,0.1219468503937007,0.002007874015748,0.1292086614173228,0.0,0.0
2014-07-19 21:00:00,0.4277626774847869,0.0,0.0,0.0725821501014198,0.0,0.0307058823529411,0.0015760649087221,0.111815415821501,0.0,0.0
2014-07-19 22:00:00,0.3188666666666667,0.0,0.0,0.0725353535353535,0.0641797979797979,0.0,0.001690909090909,0.0452545454545454,0.0,0.0
2014-07-19 23:00:00,0.2508506224066389,0.0,0.0,0.0723692946058091,0.0,0.0,0.0017655601659751,0.0466991701244813,0.0,0.0
2014-07-20 00:00:00,0.3068487903225806,0.0,0.0,0.072203629032258,0.0642278225806451,0.0,0.0018064516129032,0.0463245967741935,0.0,0.0
2014-07-20 01:00:00,0.2443161157024793,0.0,0.0,0.0720351239669421,0.0007438016528925,0.0,0.0018057851239669,0.0462376033057851,0.0,0.0
2014-07-20 02:00:00,0.2783822894168467,0.0,0.0,0.0718012958963283,0.0397969762419006,0.0,0.00185313174946,0.0453887688984881,0.0,0.0
2014-07-20 03:00:00,0.2854511434511434,0.0,0.0,0.0717151767151767,0.0199521829521829,0.0,0.0018586278586278,0.0463076923076923,0.0,0.0
2014-07-20 04:00:00,0.3568948412698413,0.0,0.0,0.0713412698412698,0.024875,0.0,0.0019146825396825,0.0460416666666666,0.0,0.0
2014-07-20 05:00:00,0.4326754032258064,0.0,0.0,0.070820564516129,0.0347298387096774,0.0,0.0017983870967741,0.0463669354838709,0.0,0.0
2014-07-20 06:00:00,0.4530935550935551,0.0,0.0,0.0704490644490644,0.0174553014553014,0.0,0.0016320166320166,0.0453638253638253,0.0,0.0
2014-07-20 07:00:00,0.7048174442190669,0.0,0.0,0.0704016227180527,0.0420912778904665,0.0,0.001657200811359,0.0465131845841784,0.0,0.0110608519269776
2014-07-20 08:00:00,0.8403078556263269,0.0,0.0,0.0704288747346072,0.034864118895966,0.0,0.0017112526539278,0.0457070063694267,0.0,0.0
2014-07-20 09:00:00,0.631199604743083,0.0,0.0,0.0702351778656126,0.0222272727272727,1.5810276679841896e-05,0.0016324110671936,0.0461482213438735,0.0,0.0
2014-07-20 10:00:00,0.529744,0.0,0.0,0.070172,0.04893,0.0,0.001596,0.05259,0.0,0.0
2014-07-20 11:00:00,0.301525354969574,0.0022758620689655,0.0,0.0709168356997971,0.0255496957403651,0.0,0.0016247464503042,0.0462576064908722,0.0,0.0
2014-07-20 12:00:00,0.2765153374233128,0.0,0.0,0.0707300613496932,0.0355051124744376,0.0,0.0016605316973415,0.0454478527607362,0.0,0.0
2014-07-20 13:00:00,0.2936751592356688,0.0,0.0,0.0706008492569002,0.0523927813163482,0.0,0.0015774946921443,0.0464543524416135,0.0,0.0
2014-07-20 14:00:00,0.4898507157464212,0.0,0.0,0.0707914110429447,0.0023742331288343,0.0,0.0015030674846625,0.0454212678936605,0.0,0.0
2014-07-20 15:00:00,1.3431456692913386,0.0,0.0,0.0714685039370078,0.0480807086614173,0.0,0.001507874015748,0.0463011811023622,0.0,0.0
2014-07-20 16:00:00,1.281343373493976,0.0,0.0,0.0732349397590361,0.0574136546184739,0.0,0.0015662650602409,0.046226907630522,0.0,0.0
2014-07-20 17:00:00,0.3389445585215606,0.0,0.0,0.0726837782340862,0.0005975359342915,0.0,0.0017453798767967,0.0454045174537987,0.0,0.0
2014-07-20 18:00:00,1.2675737051792828,0.0,0.0,0.0721952191235059,0.057617529880478,0.4163486055776892,0.339113545816733,0.0565179282868525,0.0,0.0
2014-07-20 19:00:00,0.947786440677966,0.0,0.0,0.0721050847457627,0.0252474576271186,0.0977491525423728,0.2549254237288135,0.1247118644067796,0.0,0.0
2014-07-20 20:00:00,0.5567936507936508,0.0,0.0,0.0717301587301587,0.0143650793650793,0.0408095238095238,0.0017142857142857,0.1252222222222222,0.0,0.0
2014-07-20 21:00:00,0.4086502590673575,0.0,0.0,0.0714792746113989,0.0097720207253886,0.0,0.0015906735751295,0.084821243523316,0.0,0.0
2014-07-20 22:00:00,0.3917377049180328,0.0,0.0,0.0714426229508196,0.0487786885245901,0.0,0.0017684426229508,0.0463155737704918,0.0,0.0
2014-07-20 23:00:00,0.3171699604743083,0.0,0.0,0.0711719367588932,0.0058162055335968,0.0,0.0018122529644268,0.0461600790513834,0.0020237154150197,0.0
2014-07-21 00:00:00,0.3702966601178782,0.0,0.0,0.0710766208251473,0.0442534381139489,6.286836935166993e-05,0.001844793713163,0.0500550098231827,0.0,0.0
2014-07-21 01:00:00,0.3061697341513292,0.0,0.0,0.0708057259713701,0.0443006134969325,0.0,0.0017995910020449,0.0463128834355828,0.0,0.0
2014-07-21 02:00:00,0.2472664015904572,0.0,0.0,0.0706580516898608,0.006131212723658,0.0,0.0018409542743538,0.0455626242544731,0.0,0.0
2014-07-21 03:00:00,0.2943202479338843,0.0,0.0,0.0703780991735537,0.0520144628099173,0.0,0.0018533057851239,0.0463264462809917,0.0,0.0
2014-07-21 04:00:00,0.2393319415448851,0.0,0.0,0.0702004175365344,0.0047578288100208,0.0,0.0018601252609603,0.0453590814196242,0.0,0.0
2014-07-21 05:00:00,0.287331983805668,0.0,0.0,0.0696113360323886,0.0460141700404858,0.0,0.0017813765182186,0.0465323886639676,0.0,0.0
2014-07-21 06:00:00,0.4477109826589595,0.0,0.0,0.0692177263969171,0.0254778420038535,0.0,0.0016589595375722,0.0453564547206165,0.0466011560693641,0.0
2014-07-21 07:00:00,0.4139186991869918,0.0,0.0,0.0689898373983739,0.0248272357723577,0.0,0.0014065040650406,0.0464085365853658,0.0005487804878048,0.0
2014-07-21 08:00:00,0.4104056224899599,0.0,0.0,0.0691746987951807,0.0408815261044176,0.0079437751004016,0.0015220883534136,0.0454277108433735,0.0,0.0
2014-07-21 09:00:00,1.0836569767441862,0.0,0.0,0.0691220930232558,0.0456686046511627,0.4719011627906977,0.0014263565891472,0.04625,0.0,0.0
2014-07-21 10:00:00,0.5246277665995976,0.0,0.0,0.0693158953722334,0.0,0.1319154929577464,0.0014728370221327,0.0455211267605633,0.0,0.0
2014-07-21 11:00:00,0.3474346978557505,0.0,0.0,0.0695126705653021,0.0501461988304093,0.0,0.0014210526315789,0.0464288499025341,0.0,0.0
2014-07-21 12:00:00,0.3236449999999999,0.0,0.0,0.06966,0.03381,0.0,0.001395,0.0454416666666666,0.0,5.333333333333334e-05
2014-07-21 13:00:00,0.2971266666666666,0.0,0.0,0.0698666666666666,0.01653,0.0,0.00139,0.046215,0.0,0.0
2014-07-21 14:00:00,0.3491124161073826,0.0,0.0,0.0699412751677852,0.0515,0.0,0.0013238255033557,0.0454043624161073,0.0,0.0
2014-07-21 15:00:00,0.3240822179732314,0.0,0.0,0.070282982791587,0.0039388145315487,0.0,0.0013881453154875,0.0462447418738049,0.0,0.0
2014-07-21 16:00:00,0.7291632653061224,0.0,0.0,0.070734693877551,0.0596352040816326,0.0,0.0015867346938775,0.045109693877551,0.0,0.0
2014-07-21 17:00:00,0.2512023575638507,0.0,0.0,0.0711473477406679,0.0480392927308447,0.0,0.0014302554027504,0.0463182711198428,0.0,0.0
2014-07-21 18:00:00,0.3180224032586558,0.0,0.0,0.0720142566191446,0.0086415478615071,0.0227617107942973,0.0156272912423625,0.0454154786150712,0.0,0.0
2014-07-21 19:00:00,1.9726607843137256,0.0,0.0,0.072256862745098,0.0571313725490196,0.4698274509803921,0.838770588235294,0.1073313725490196,0.0,0.0010549019607843
2014-07-21 20:00:00,0.6642376033057851,0.0,0.0,0.071896694214876,0.0118739669421487,0.0957954545454545,0.0391301652892562,0.1242871900826446,0.0,0.0
2014-07-21 21:00:00,0.3245546218487395,0.0,0.0,0.0716911764705882,0.0422163865546218,0.0,0.001781512605042,0.0522415966386554,0.0,0.0
2014-07-21 22:00:00,0.3148668032786885,0.0,0.0,0.0712090163934426,0.0346065573770491,0.0,0.0016598360655737,0.0455409836065573,0.0,0.0
2014-07-21 23:00:00,0.3552788844621514,0.0,0.0,0.0710418326693227,0.0215358565737051,0.0,0.0017131474103585,0.0465338645418326,0.0,0.0
2014-07-22 00:00:00,0.3902004175365344,0.0,0.0,0.0709311064718162,0.0558517745302713,0.0,0.0017265135699373,0.0455031315240083,0.0,0.0
2014-07-22 01:00:00,0.3123030303030303,0.0,0.0,0.0705858585858585,0.0015434343434343,0.0,0.0017494949494949,0.0463171717171717,0.0,0.0
2014-07-22 02:00:00,0.3881683991683992,0.0,0.0,0.0704532224532224,0.0566964656964656,0.0,0.0018503118503118,0.0455343035343035,0.0,0.0
2014-07-22 03:00:00,0.3019519832985386,0.0,0.0,0.0701941544885177,0.0,0.0,0.0018288100208768,0.0466283924843423,0.0,0.0
2014-07-22 04:00:00,0.2815530145530145,0.0,0.0,0.0699750519750519,0.0591247401247401,0.0,0.0018191268191268,0.0464823284823284,0.0,0.0
2014-07-22 05:00:00,0.2058242424242424,0.0,0.0,0.069490909090909,0.0003232323232323,0.0,0.0017131313131313,0.0469878787878787,0.0,4.0404040404040405e-05
2014-07-22 06:00:00,0.3996829745596869,0.0,0.0,0.0690528375733855,0.0560097847358121,0.0,0.001665362035225,0.0463757338551859,0.0,0.0
2014-07-22 07:00:00,0.3240185873605948,0.0,0.0,0.0687026022304832,0.0,0.0,0.0015836431226765,0.0471858736059479,0.0,0.0
2014-07-22 08:00:00,0.3856588693957115,0.0,0.0,0.0685399610136452,0.064485380116959,0.0,0.0014035087719298,0.0461461988304093,0.0,0.0
2014-07-22 09:00:00,0.1980511811023622,0.0,0.0,0.0766909448818897,0.0,0.0,0.0014862204724409,0.047251968503937,0.0,0.0
2014-07-22 10:00:00,0.2578962075848303,0.0,0.0,0.0687305389221556,0.0571536926147704,0.0,0.001502994011976,0.0462954091816367,0.0,0.0
2014-07-22 11:00:00,0.2621530612244898,0.0,0.0,0.0689081632653061,0.0,0.0,0.0014974489795918,0.047359693877551,0.0,0.0
2014-07-22 12:00:00,0.36576955602537,0.0,0.0,0.0691057082452431,0.055399577167019,0.0,0.0014418604651162,0.0455264270613107,0.0,0.0
2014-07-22 13:00:00,0.2804225352112676,0.0,0.0,0.0694413145539906,0.0,0.0,0.0015258215962441,0.0474483568075117,0.0,0.0
2014-07-22 14:00:00,0.3271703056768559,0.0,0.0,0.0699868995633187,0.0341550218340611,0.0,0.0015764192139737,0.0457052401746724,0.0,0.0
2014-07-22 15:00:00,0.3373253493013972,0.0,0.0,0.0707944111776447,0.0307425149700598,7.984031936127745e-05,0.0016127744510978,0.0467724550898203,0.0,0.0
2014-07-22 16:00:00,0.9272980769230768,0.0,0.0,0.0735038461538461,0.0254961538461538,0.0,0.0013596153846153,0.0455365384615384,0.0,0.0
2014-07-22 17:00:00,0.8759130434782608,0.0,0.0,0.0728656126482213,0.0492885375494071,0.0,0.0015256916996047,0.046498023715415,0.0,0.0
2014-07-22 18:00:00,0.2762357512953368,0.0,0.0,0.0720906735751295,0.0143782383419689,0.0103886010362694,0.0011658031088082,0.0457020725388601,0.0,0.0
2014-07-22 19:00:00,1.016459349593496,0.0,0.0,0.0719613821138211,0.0667378048780487,0.4416626016260163,0.0014288617886178,0.0466260162601626,0.0981849593495935,0.0
2014-07-22 20:00:00,0.8640865979381444,0.0,0.0,0.0715381443298969,0.007220618556701,0.1098061855670103,0.4391030927835051,0.046441237113402,0.0,0.0
2014-07-22 21:00:00,0.6894133064516129,0.0,0.0,0.0714818548387096,0.0497983870967741,0.0,0.4059495967741935,0.0457802419354838,0.0,0.0
2014-07-22 22:00:00,0.2498698481561822,0.0,0.0,0.0714902386117136,0.0192429501084598,0.0004642082429501,0.0232125813449023,0.0463991323210412,0.0,0.0
2014-07-22 23:00:00,0.2027994652406417,0.0,0.0,0.0717192513368984,0.0,0.0005721925133689,0.0012433155080213,0.0476229946524064,0.0,0.0
2014-07-23 00:00:00,0.205,0.0,0.0,0.072,0.0,0.0,0.001,0.048,0.0,0.0
2014-09-01 00:00:00,0.28,0.0,0.0,0.067,0.0,0.003,0.002,0.05,0.0,0.0
2014-09-01 01:00:00,0.28,0.0,0.0,0.067,0.0,0.003,0.002,0.05,0.0,0.0
2014-09-01 02:00:00,0.28,0.0,0.0,0.067,0.0,0.003,0.002,0.05,0.0,0.0
2014-09-01 03:00:00,0.28,0.0,0.0,0.067,0.0,0.003,0.002,0.05,0.0,0.0
2014-09-01 04:00:00,0.28,0.0,0.0,0.067,0.0,0.003,0.002,0.05,0.0,0.0
2014-09-01 05:00:00,0.28,0.0,0.0,0.067,0.0,0.003,0.002,0.05,0.0,0.0
2014-09-01 06:00:00,0.28,0.0,0.0,0.067,0.0,0.003,0.002,0.05,0.0,0.0
2014-09-01 07:00:00,0.28,0.0,0.0,0.067,0.0,0.003,0.002,0.05,0.0,0.0
2014-09-01 08:00:00,0.3645151515151515,0.0,0.0,0.0661168831168831,0.0,0.0008311688311688,0.0016666666666666,0.0486147186147186,0.0,0.0
2014-09-01 09:00:00,0.2969865168539325,0.0,0.0,0.065838202247191,0.0,0.0,0.0015955056179775,0.0480337078651685,0.0,0.0
2014-09-01 10:00:00,2.316251670378619,0.0,0.0,0.0663585746102449,0.0627951002227171,0.4856325167037861,0.0014944320712694,0.0480645879732739,0.0,0.0
2014-09-01 11:00:00,2.3129532293986634,0.0030913140311804,0.0,0.0669554565701559,0.0,0.1028752783964365,0.001576837416481,0.0622561247216035,0.0,0.0
2014-09-01 12:00:00,2.3708067415730336,0.0,0.0,0.066761797752809,0.0607887640449438,0.3844651685393258,0.430991011235955,0.1162494382022471,0.0,0.0
2014-09-01 13:00:00,2.375537246049661,0.0,0.0,0.0667471783295711,0.0033747178329571,0.2124785553047404,0.4604018058690745,0.0476252821670428,0.0,0.0
2014-09-01 14:00:00,1.0692332439678285,0.0,0.0,0.0669356568364611,0.0161367292225201,0.1055764075067024,0.0014235924932975,0.0481233243967828,0.0,0.0
2014-09-01 15:00:00,1.7060044543429844,0.0,0.0,0.0670267260579064,0.0348396436525612,0.0,0.0014944320712694,0.0478062360801781,0.0,0.0
2014-09-01 16:00:00,1.001524945770065,0.0,0.0,0.0671908893709327,0.0084403470715835,3.470715835140998e-05,0.0016073752711496,0.0770997830802603,0.0,0.0
2014-09-01 17:00:00,1.9176283185840708,0.0,0.0,0.0677809734513274,0.0507588495575221,0.0,0.0015442477876106,0.1145840707964601,0.0,0.0
2014-09-01 18:00:00,1.5911130820399113,0.0,0.0,0.0675720620842572,0.0,0.0,0.0014966740576496,0.0832062084257206,0.0,0.0
2014-09-01 19:00:00,2.0940769230769227,0.0,0.0,0.0672262443438914,0.0638868778280543,0.4547669683257919,0.3839117647058824,0.0712511312217194,0.0,0.0
2014-09-01 20:00:00,1.4007729357798164,0.0,0.0,0.067091743119266,0.0002522935779816,0.1093233944954128,0.4636261467889908,0.1391605504587156,0.0,0.0
2014-09-01 21:00:00,0.5190314606741573,0.0,0.0,0.0672426966292134,0.0152202247191011,0.0436134831460674,0.0019280898876404,0.126514606741573,0.0,0.0
2014-09-01 22:00:00,0.3953557046979866,0.0,0.0,0.0672326621923937,0.0497874720357941,0.0,0.0017628635346756,0.048,0.0,0.0
2014-09-01 23:00:00,0.285165548098434,0.0,0.0,0.067069351230425,0.0,0.0,0.0018076062639821,0.0475480984340044,0.0,0.0
2014-09-02 00:00:00,0.359370288248337,0.0,0.0,0.0669756097560975,0.0577339246119733,0.0,0.0018026607538802,0.0478514412416851,0.0,0.0
2014-09-02 01:00:00,0.2731955555555555,0.0,0.0,0.0668311111111111,0.0062755555555555,0.0,0.0018177777777777,0.0465244444444444,0.0,0.0
2014-09-02 02:00:00,0.2094230769230769,0.0,0.0,0.0666442307692307,0.0,0.0,0.0017860576923076,0.0474230769230769,0.0,0.0
2014-09-02 03:00:00,0.2644896551724138,0.0,0.0,0.0666022988505747,0.0639149425287356,0.0,0.0018436781609195,0.0475448275862069,0.0,0.0
2014-09-02 04:00:00,0.1972494432071269,0.0,0.0,0.0667149220489977,0.0,0.0,0.0018685968819599,0.0466458797327394,0.0,0.0
2014-09-02 05:00:00,0.233430155210643,0.0,0.0,0.0662549889135254,0.035780487804878,0.0,0.0018359201773835,0.0474279379157428,0.0,0.0
2014-09-02 06:00:00,0.2303769401330377,0.0,0.0,0.0657716186252771,0.0259135254988913,0.0,0.0017716186252771,0.0466031042128603,0.0,0.0
2014-09-02 07:00:00,0.583859375,0.0,0.0,0.0654040178571428,0.0,0.0022857142857142,0.0017276785714285,0.0475401785714285,0.03896875,0.0
2014-09-02 08:00:00,0.4736577777777778,0.0,0.0,0.0651022222222222,0.0627422222222222,0.0,0.0015711111111111,0.0468466666666666,0.0,0.0
2014-09-02 09:00:00,0.1999844097995545,0.0,0.0,0.0651982182628062,0.0,0.0,0.0016213808463251,0.0475501113585746,0.0,0.0
2014-09-02 10:00:00,1.3906333333333334,0.0,0.0,0.0652088888888889,0.0233177777777777,0.51098,0.0016466666666666,0.0467977777777777,0.0,0.0
2014-09-02 11:00:00,1.4123303571428572,0.0009084821428571,0.0,0.0652566964285714,0.0388883928571428,0.1070424107142857,0.0015870535714285,0.0475022321428571,0.0,0.0
2014-09-02 12:00:00,0.6430044345898004,0.0,0.0,0.0661019955654102,0.0,0.0495942350332594,0.0015720620842572,0.0467915742793791,0.0,0.0
2014-09-02 13:00:00,0.3687560975609756,0.0,0.0,0.0663636363636363,0.0621175166297117,0.0,0.001560975609756,0.0475454545454545,0.0,0.0
2014-09-02 14:00:00,0.2782528216704288,0.0,0.0,0.0666388261851015,0.0,0.0,0.0016365688487584,0.0476185101580135,0.0,0.0
2014-09-02 15:00:00,0.5411241685144124,0.0,0.0,0.0669667405764966,0.0538447893569844,0.0,0.0016119733924611,0.0467937915742793,0.0,0.0
2014-09-02 16:00:00,2.116863134657837,0.0,0.0,0.0677439293598234,0.0080441501103752,0.0,0.4508543046357616,0.0666004415011037,0.0,0.0
2014-09-02 17:00:00,1.3054446902654868,0.0,0.0,0.0683694690265486,0.0420530973451327,0.0,0.4823761061946902,0.0657787610619469,0.0,0.0
2014-09-02 18:00:00,2.370051224944321,0.0,0.0,0.0680066815144766,0.0187750556792873,0.0,0.0020779510022271,0.0686547884187082,0.0,0.0
2014-09-02 19:00:00,1.1294323725055433,0.0,0.0,0.0677339246119733,0.0527339246119733,0.0298337028824833,0.4143525498891353,0.0610288248337028,0.0,0.0
2014-09-02 20:00:00,1.5030774336283186,0.0,0.0,0.0675110619469026,0.0,0.533712389380531,0.4405553097345133,0.0859358407079646,0.0516283185840708,0.0
2014-09-02 21:00:00,0.5593333333333333,0.0,0.0,0.0675844444444444,0.0523511111111111,0.1129888888888888,0.00164,0.0829844444444444,0.0,0.0
2014-09-02 22:00:00,0.2811069042316258,0.0,0.0,0.0675322939866369,0.0017327394209354,0.0,0.0016792873051224,0.0479732739420935,0.0,0.0
2014-09-02 23:00:00,0.3641743929359823,0.0,0.0,0.0674150110375275,0.0510176600441501,0.0,0.0017218543046357,0.0469006622516556,0.0,0.0
2014-09-03 00:00:00,0.2949028697571744,0.0,0.0,0.0675165562913907,0.0126313465783664,0.0,0.0018278145695364,0.0476732891832229,0.0,0.0
2014-09-03 01:00:00,0.3294579646017699,0.0,0.0,0.0673827433628318,0.0394269911504424,0.0,0.0018075221238938,0.0476747787610619,0.0,0.0
2014-09-03 02:00:00,0.2290243902439024,0.0,0.0,0.0671263858093126,0.0168159645232815,0.0,0.001760532150776,0.0465942350332594,0.0,0.0
2014-09-03 03:00:00,0.2339933774834437,0.0,0.0,0.0670375275938189,0.0350220750551876,0.0,0.0018057395143487,0.0478278145695364,0.0,0.0
2014-09-03 04:00:00,0.2134811529933481,0.0,0.0,0.066920177383592,0.0211773835920177,0.0,0.0018447893569844,0.0466518847006651,0.0,0.0
2014-09-03 05:00:00,0.2350487804878049,0.0,0.0,0.0663769401330376,0.0378536585365853,0.0,0.0017849223946784,0.0472860310421286,0.0,0.0
2014-09-03 06:00:00,0.2399512195121951,0.0,0.0,0.0661662971175166,0.0044745011086474,0.0,0.0017671840354767,0.0463769401330376,0.0,0.0023059866962305
2014-09-03 07:00:00,0.9544194260485652,0.0,0.0,0.0656335540838852,0.0483421633554083,0.0,0.0016335540838852,0.0473090507726269,0.0,0.0
2014-09-03 08:00:00,0.4116755555555556,0.0,0.0,0.0656333333333333,0.0249644444444444,0.0,0.0016577777777777,0.0465666666666666,0.0,0.0
2014-09-03 09:00:00,0.2255022123893805,0.0,0.0,0.0657743362831858,0.0221504424778761,0.0,0.0016725663716814,0.047358407079646,0.0,0.0
2014-09-03 10:00:00,0.2700576496674057,0.0,0.0,0.0658181818181818,0.027620842572062,0.0,0.0016541019955654,0.0463991130820399,0.0,0.0
2014-09-03 11:00:00,0.3259336283185841,0.0,0.0,0.0658561946902654,0.0270022123893805,0.0,0.0015597345132743,0.0474203539823008,0.0,0.0
2014-09-03 12:00:00,0.3020973451327434,0.0,0.0,0.0663539823008849,0.020433628318584,0.0,0.0016703539823008,0.0465309734513274,0.0,0.0
2014-09-03 13:00:00,0.3325167037861916,0.0,0.0,0.0665456570155901,0.0348752783964365,0.0,0.0016347438752783,0.0615968819599109,0.0,0.0
2014-09-03 14:00:00,0.5053186813186813,0.0,0.0,0.0667252747252747,0.0080967032967032,0.0001692307692307,0.0015384615384615,0.0467692307692307,0.0,0.0098835164835164
2014-09-03 15:00:00,1.1495799999999998,0.0,0.0,0.0669555555555555,0.0466777777777777,0.5231422222222223,0.0014311111111111,0.0478955555555555,0.0,0.0
2014-09-03 16:00:00,1.730370288248337,0.0,0.0,0.0669933481152993,0.046740576496674,0.1416784922394678,0.001350332594235,0.0467184035476718,0.0,0.0
2014-09-03 17:00:00,0.7662942477876107,0.0013008849557522,0.0,0.0672323008849557,0.0195265486725663,6.637168141592921e-06,0.0010530973451327,0.0474800884955752,0.0,0.0
2014-09-03 18:00:00,1.5746075388026606,0.0,0.0,0.0671640798226164,0.0260554323725055,0.1343747228381374,0.0012815964523281,0.0466829268292682,0.0,0.0
2014-09-03 19:00:00,2.052457142857143,0.0,0.0,0.0670879120879121,0.0439670329670329,0.4383472527472528,0.0014043956043956,0.0475582417582417,0.0,0.0
2014-09-03 20:00:00,1.1008938053097346,0.0,0.0,0.0672765486725663,0.0458384955752212,0.0900066371681416,0.3732057522123894,0.0745199115044247,0.0,0.0
2014-09-03 21:00:00,1.020751101321586,0.0,0.0,0.067442731277533,0.0019383259911894,0.0,0.4827444933920705,0.0878392070484581,0.0,0.0
2014-09-03 22:00:00,0.4202136363636363,0.0,0.0,0.0677954545454545,0.048365909090909,0.0,0.0122068181818181,0.0528022727272727,0.0,0.0
2014-09-03 23:00:00,0.3265580865603644,0.0,0.0,0.0678997722095672,0.0287175398633257,0.0,0.0017653758542141,0.0487813211845102,0.0,0.0
2014-09-04 00:00:00,0.3115,0.0,0.0,0.0679041095890411,0.0236050228310502,0.0,0.0018378995433789,0.0476529680365296,0.0,0.0
2014-09-04 01:00:00,0.2670993227990971,0.0,0.0,0.0677765237020315,0.044295711060948,0.0,0.0018758465011286,0.0474108352144469,0.0,0.0
2014-09-04 02:00:00,0.2037692307692307,0.0,0.0,0.0676493212669683,0.0084004524886877,0.0,0.0018325791855203,0.0466809954751131,0.0,0.0
2014-09-04 03:00:00,0.2495477272727272,0.0,0.0,0.0674022727272727,0.0521204545454545,0.0,0.0018045454545454,0.0475704545454545,0.0,0.0
2014-09-04 04:00:00,0.1923772321428571,0.0,0.0,0.06734375,4.910714285714286e-05,0.0,0.0018147321428571,0.0465535714285714,0.0,0.0
2014-09-04 05:00:00,0.2506962305986696,0.0,0.0,0.0669024390243902,0.0536164079822616,0.0,0.001780487804878,0.047410199556541,0.0,0.0
2014-09-04 06:00:00,0.2310866666666666,0.0,0.0,0.0668222222222222,0.0,0.0,0.0017644444444444,0.0488844444444444,0.0,0.0
2014-09-04 07:00:00,0.8333400000000001,0.0,0.0,0.0662,0.0501599999999999,0.0,0.0016244444444444,0.0466733333333333,0.0,0.0
2014-09-04 08:00:00,0.4095,0.0,0.0,0.066070796460177,0.0041283185840707,0.0,0.0015862831858407,0.0473672566371681,0.0,0.0
2014-09-04 09:00:00,0.2776600441501103,0.0,0.0,0.0660154525386313,0.0395827814569536,0.0,0.001615894039735,0.0464812362030905,0.0,0.0
2014-09-04 10:00:00,0.3565319587628865,0.0,0.0,0.0658969072164948,0.0476742268041237,0.0,0.0015340206185567,0.0467628865979381,0.0,0.0
2014-09-04 11:00:00,0.5582866666666666,0.00204,0.0,0.065925,0.02078,0.0,0.00079,0.0473816666666666,0.0,0.0
2014-09-04 12:00:00,0.5367090301003344,0.0,0.0,0.0659866220735786,0.051953177257525,0.0,7.357859531772576e-05,0.0474515050167224,0.0,0.0
2014-09-04 13:00:00,0.205208,0.0,0.0,0.0661539999999999,0.0,0.0,6.8e-05,0.046856,0.0,0.0
2014-09-04 14:00:00,0.2549429735234216,0.0,0.0,0.0667291242362525,0.0499877800407332,0.0,8.35030549898167e-05,0.0474215885947046,0.0,0.0
2014-09-04 15:00:00,0.5928256513026052,0.0,0.0,0.0666533066132264,0.0068517034068136,0.0,8.41683366733467e-05,0.0465270541082164,0.0,0.0
2014-09-04 16:00:00,2.784695906432749,0.0,0.0,0.0664873294346978,0.0384736842105263,0.5122592592592592,3.508771929824561e-05,0.0515653021442495,0.0,0.0
2014-09-04 17:00:00,1.4541286307053942,0.0,0.0,0.0665767634854771,0.0370850622406639,0.1140663900414937,3.734439834024896e-05,0.0846784232365145,0.0,0.0
2014-09-04 18:00:00,2.699257796257796,0.0,0.0,0.0665239085239085,0.0133097713097713,0.0464074844074844,0.4391143451143451,0.0518253638253638,0.0,0.0
2014-09-04 19:00:00,1.1664855491329478,0.0,0.0,0.0665799614643545,0.0496223506743737,0.0,0.4714123314065511,0.0826974951830443,0.0,0.0
2014-09-04 20:00:00,2.182420618556701,0.0,0.0,0.0667649484536082,0.0,0.0,0.0014865979381443,0.0867917525773195,0.0,0.0
2014-09-04 21:00:00,0.759661943319838,0.0,0.0,0.0672287449392712,0.0503481781376518,0.0,0.0016497975708502,0.0597246963562753,0.0,0.0
2014-09-04 22:00:00,0.311879746835443,0.0,0.0,0.06742194092827,0.0186814345991561,0.0,0.0017194092827004,0.047675105485232,0.0,0.0
2014-09-04 23:00:00,0.3095708333333333,0.0,0.0,0.06753125,0.03638125,0.0,0.0017645833333333,0.04790625,0.0,0.0
2014-09-05 00:00:00,0.2495454545454545,0.0,0.0,0.0675041322314049,0.0294545454545454,0.0,0.001797520661157,0.0468016528925619,0.0,0.0
2014-09-05 01:00:00,0.2471060291060291,0.0,0.0,0.0672203742203742,0.022010395010395,0.0,0.0017359667359667,0.0474823284823284,0.0,0.0
2014-09-05 02:00:00,0.2589002079002079,0.0,0.0,0.0671787941787941,0.0372889812889812,0.0,0.0017962577962577,0.0471787941787941,0.0,0.0
2014-09-05 03:00:00,0.2401468085106383,0.0,0.0,0.0671829787234042,0.0170234042553191,0.0,0.0018446808510638,0.0463595744680851,0.0,0.0
2014-09-05 04:00:00,0.258544885177453,0.0,0.0,0.066893528183716,0.0358141962421711,0.0,0.0018058455114822,0.0476221294363256,0.0,0.0
2014-09-05 05:00:00,0.247550621669627,0.0,0.0,0.0664955595026643,0.0147300177619893,0.0,0.0017300177619893,0.0464138543516873,0.0,0.0
2014-09-05 06:00:00,0.6720865224625624,0.0,0.0,0.0661098169717138,0.0355790349417637,0.0,0.0016006655574043,0.0472179700499168,0.0415058236272878,0.0
2014-09-05 07:00:00,0.4032215189873417,0.0,0.0,0.0660569620253164,0.0141392405063291,0.0,0.001675105485232,0.0490759493670886,0.0,0.0
2014-09-05 08:00:00,0.3207052845528455,0.0,0.0,0.0661585365853658,0.0330162601626016,0.0,0.0016178861788617,0.0472418699186991,0.0,0.0
2014-09-05 09:00:00,0.2986310272536688,0.0,0.0,0.0662285115303983,0.0196373165618448,0.0,0.00162893081761,0.0467044025157232,0.0,0.0
2014-09-05 10:00:00,0.3083340248962655,0.0,0.0,0.0662178423236514,0.0285975103734439,0.0,0.0015228215767634,0.0472676348547717,0.0,0.0
2014-09-05 11:00:00,0.5478059405940594,0.0,0.0,0.0665108910891089,0.0264574257425742,0.0,0.0016534653465346,0.0520613861386138,0.0,0.0
2014-09-05 12:00:00,0.336265306122449,0.0,0.0,0.0667469387755102,0.0371510204081632,0.0,0.0015775510204081,0.1295326530612245,0.0,0.0
2014-09-05 13:00:00,0.2915397148676171,0.0,0.0,0.0667759674134419,0.0137311608961303,0.0,0.0016700610997963,0.1257433808553971,0.0,0.0
2014-09-05 14:00:00,0.2602796780684104,0.0,0.0,0.0669014084507042,0.0494285714285714,0.0005875251509054,0.0016398390342052,0.059476861167002,0.0,0.0
2014-09-05 15:00:00,0.2013257731958762,0.0,0.0,0.0673051546391752,0.0001237113402061,0.0,0.0016123711340206,0.0464020618556701,0.0,0.0
2014-09-05 16:00:00,0.9482242798353908,0.0,0.0,0.0675699588477366,0.0533168724279835,0.5443497942386831,0.001738683127572,0.0479156378600823,0.0,0.0
2014-09-05 17:00:00,0.4496559356136821,0.0,0.0,0.0675714285714285,0.0,0.1256156941649899,0.0017042253521126,0.0472233400402414,0.0,0.0
2014-09-05 18:00:00,0.8846813627254508,0.0,0.0,0.0674869739478958,0.0521462925851703,0.0291402805611222,0.3886953907815631,0.0655871743486973,0.0,0.0
2014-09-05 19:00:00,0.9742062256809338,0.0,0.0,0.0671848249027237,0.001636186770428,0.0,0.4868365758754864,0.0863249027237354,0.0,0.0
2014-09-05 20:00:00,0.4484572564612326,0.0,0.0,0.0675924453280318,0.0511351888667992,0.0,0.0147773359840954,0.085910536779324,0.0,0.0
2014-09-05 21:00:00,0.3265961165048544,0.0,0.0,0.0672699029126213,0.0029009708737864,0.0,0.001578640776699,0.0559184466019417,0.0,0.0
2014-09-05 22:00:00,0.2958515463917525,0.0,0.0,0.0674948453608247,0.0449381443298969,0.0,0.0017340206185567,0.0463443298969072,0.0,0.0
2014-09-05 23:00:00,0.2261531914893617,0.0,0.0,0.0675680851063829,0.0097106382978723,0.0,0.0017914893617021,0.0477,0.0,0.0
2014-09-06 00:00:00,0.2488717948717948,0.0,0.0,0.0677286324786324,0.0379059829059829,0.0,0.0018653846153846,0.0464807692307692,0.0,0.0
2014-09-06 01:00:00,0.3569154334038055,0.0,0.0,0.0675898520084566,0.0178054968287526,0.0,0.0018245243128964,0.0472621564482029,0.0,0.0
2014-09-06 02:00:00,0.2334791666666666,0.0,0.0,0.06744375,0.0278270833333333,0.0,0.0018145833333333,0.04674375,0.0,0.0
2014-09-06 03:00:00,0.2304085365853658,0.0,0.0,0.0674837398373983,0.0260833333333333,0.0,0.0018922764227642,0.047260162601626,0.0,0.0
2014-09-06 04:00:00,0.2189922027290448,0.0,0.0,0.0673333333333333,0.0211637426900584,0.0,0.001859649122807,0.0463664717348927,0.0,0.0
2014-09-06 05:00:00,0.2413462897526501,0.0,0.0,0.0666890459363957,0.0366342756183745,0.0,0.0017791519434628,0.0470989399293286,0.0,0.0
2014-09-06 06:00:00,0.4426822810590631,0.0,0.0,0.0667087576374745,0.0071486761710794,0.0,0.0018085539714867,0.046397148676171,0.0,0.0
2014-09-06 07:00:00,0.61619836400818,0.0,0.0,0.0663271983640081,0.0453824130879345,0.0,0.0017116564417177,0.0921554192229038,0.0,0.0
2014-09-06 08:00:00,0.4629190871369295,0.0,0.0,0.0662323651452282,0.0,0.0,0.0015871369294605,0.1135145228215767,0.0,0.0
2014-09-06 09:00:00,0.9079793814432988,0.0,0.0,0.0665628865979381,0.0562082474226804,0.0,2.061855670103093e-06,0.0614969072164948,0.0,0.0
2014-09-06 10:00:00,2.1016477732793524,0.0,0.0,0.0669919028340081,0.0,0.0,0.0001761133603238,0.0984817813765182,0.0,0.0
2014-09-06 11:00:00,1.6042185567010308,0.0,0.0,0.0668453608247422,0.0575670103092783,0.0,0.0002886597938144,0.0727381443298969,0.0,0.0
2014-09-06 12:00:00,1.2576399176954731,0.0,0.0,0.06669341563786,0.0,0.0,9.670781893004116e-05,0.0625823045267489,0.0,0.0
2014-09-06 13:00:00,2.18029140461216,0.0,0.0,0.066901467505241,0.055901467505241,0.0,0.0001488469601677,0.1024507337526205,0.0444528301886792,0.0
2014-09-06 14:00:00,1.2293881856540083,0.0,0.0,0.0670042194092827,0.0,0.0,0.0002911392405063,0.1385801687763713,0.0,0.0
2014-09-06 15:00:00,0.6991101871101871,0.0,0.0,0.0669293139293139,0.0393035343035343,0.0,0.0001600831600831,0.1271101871101871,0.0,0.0
2014-09-06 16:00:00,0.9804453781512604,0.0,0.0,0.0669432773109243,0.0198235294117647,0.0,5.46218487394958e-05,0.054376050420168,0.1038949579831932,0.0156491596638655
2014-09-06 17:00:00,1.969495126705653,0.0,0.0,0.0671871345029239,0.0501968810916179,0.0,0.4008771929824561,0.0636101364522417,0.0,0.0
2014-09-06 18:00:00,1.3086403326403326,0.0,0.0,0.0671517671517671,0.0311018711018711,0.0,0.529072765072765,0.0742453222453222,0.0,0.0
2014-09-06 19:00:00,0.5651970534069982,0.0,0.0,0.0671418047882136,0.0104125230202578,0.0,0.0021399631675874,0.0533020257826887,0.0,0.0
2014-09-06 20:00:00,0.62114,0.0,0.0,0.0670416666666666,0.05281,0.0,0.001665,0.0546683333333333,0.0,0.0
2014-09-06 21:00:00,0.5482,0.0,0.0,0.0673218181818181,0.0,0.0,0.0017927272727272,0.0533999999999999,0.0,0.0
2014-09-06 22:00:00,0.5519914965986394,0.0,0.0,0.0672431972789115,0.0524302721088435,0.0,0.0018554421768707,0.0542006802721088,0.0,0.0
2014-09-06 23:00:00,0.4872332761578045,0.0,0.0,0.0671389365351629,0.0,0.0,0.0018765008576329,0.0542692967409948,0.0,0.0
2014-09-07 00:00:00,0.3825581787521079,0.0,0.0,0.0671534569983136,0.0538431703204047,0.0,0.0019207419898819,0.0540539629005059,0.0,0.0
2014-09-07 01:00:00,0.2157355932203389,0.0,0.0,0.067022033898305,0.0,0.0,0.0019016949152542,0.0534067796610169,0.0,0.0
2014-09-07 02:00:00,0.2728516666666667,0.0,0.0,0.066925,0.0580016666666666,0.0,0.0018733333333333,0.0542449999999999,0.0,0.0
2014-09-07 03:00:00,0.2230033613445378,0.0,0.0,0.0669025210084033,0.0,0.0,0.0018857142857142,0.0533462184873949,0.0,0.0
2014-09-07 04:00:00,0.2651433333333333,0.0,0.0,0.06659,0.0573,0.0,0.0019333333333333,0.0540583333333333,0.0,0.0
2014-09-07 05:00:00,0.2943949999999999,0.0,0.0,0.066265,0.0,0.0,0.0017883333333333,0.0531783333333333,0.0,0.0
2014-09-07 06:00:00,0.278473063973064,0.0,0.0,0.0658552188552188,0.0480656565656565,0.0,0.0013400673400673,0.0541313131313131,0.0,0.0
2014-09-07 07:00:00,0.6594866666666667,0.0,0.0,0.0654616666666666,0.0083966666666666,0.0,0.0146933333333333,0.05391,0.0,0.0
2014-09-07 08:00:00,0.8379616666666667,0.0,0.0,0.065555,0.0507433333333333,0.0,0.0008833333333333,0.0540633333333333,0.0,0.0
2014-09-07 09:00:00,0.5231183333333334,0.0,0.0,0.0651733333333333,0.0,0.0,1.6666666666666669e-06,0.0538216666666666,0.0,0.0
2014-09-07 10:00:00,0.4961818181818181,0.0,0.0,0.0654090909090909,0.0529023569023569,0.0,0.0,0.0542053872053872,0.0,0.0
2014-09-07 11:00:00,0.35856,0.0,0.0,0.0654566666666666,0.0,0.0,8.333333333333334e-06,0.0534216666666666,0.0,0.0
2014-09-07 12:00:00,0.4236060606060606,0.0,0.0,0.0658467023172905,0.0582798573975044,0.0,3.5650623885918e-06,0.0543689839572192,0.0,0.0
2014-09-07 13:00:00,0.3579840319361277,0.0,0.0,0.0660558882235528,0.0,0.0,5.9880239520958085e-06,0.0534550898203592,0.0,0.0
2014-09-07 14:00:00,0.5251226575809199,0.0,0.0,0.0663764906303236,0.0543986371379897,0.0,2.044293015332197e-05,0.0542027257240204,0.0,0.0
2014-09-07 15:00:00,1.2454933333333331,0.0,0.0,0.0667183333333333,0.0177983333333333,0.0,0.0148483333333333,0.053305,0.0,0.0040066666666666
2014-09-07 16:00:00,2.2167566666666665,0.0,0.0,0.0667466666666666,0.034245,0.0,0.42767,0.0541783333333333,0.0,0.0
2014-09-07 17:00:00,1.2564075342465753,0.0,0.0,0.0669623287671232,0.0415856164383561,0.0,0.4570256849315068,0.0541712328767123,0.0,0.0
2014-09-07 18:00:00,1.0162030456852793,0.0,0.0,0.0672267343485617,0.0094382402707275,0.4502791878172589,0.0013333333333333,0.0603959390862944,0.0,0.0
2014-09-07 19:00:00,0.7558632326820603,0.0,0.0,0.0671367673179396,0.0478969804618117,0.102,0.0016234458259325,0.0932859680284191,0.0,0.0
2014-09-07 20:00:00,0.4766451612903226,0.0,0.0,0.0670663082437276,0.0350089605734767,0.0654964157706093,0.0017222222222222,0.0549336917562724,0.0,0.0
2014-09-07 21:00:00,0.3173247863247863,0.0,0.0,0.0669692307692307,0.0103333333333333,0.0,0.0017846153846153,0.0542957264957265,0.0,0.0
2014-09-07 22:00:00,0.3058879598662207,0.0,0.0,0.0669230769230769,0.0471705685618729,0.0,0.0018411371237458,0.0536973244147157,0.0,0.0
2014-09-07 23:00:00,0.2237818499127399,0.0,0.0,0.0664083769633508,0.0,0.0,0.0017277486910994,0.0542792321116928,0.0,0.0
2014-09-08 00:00:00,0.2700938023450586,0.0,0.0,0.0661172529313232,0.0480134003350083,0.0,0.0017805695142378,0.0532897822445561,0.0,0.0
2014-09-08 01:00:00,0.2244108658743633,0.0,0.0,0.0658896434634974,0.0002105263157894,0.0,0.0017707979626485,0.0543259762308998,0.0,0.0
2014-09-08 02:00:00,0.25964586846543,0.0,0.0,0.0456863406408094,0.0485733558178752,0.0,0.0017790893760539,0.0533170320404721,0.0,0.0
2014-09-08 03:00:00,0.2256382978723404,0.0,0.0,0.0438209219858156,0.0044485815602836,0.0,0.0018581560283687,0.0540301418439716,0.0,0.0
2014-09-08 04:00:00,0.2663393501805054,0.0,0.0,0.0668249097472924,0.0444440433212996,0.0,0.0018032490974729,0.053182310469314,0.0,0.0
2014-09-08 05:00:00,0.2433002159827213,0.0,0.0,0.022377969762419,0.0,0.0,0.0017386609071274,0.0541360691144708,0.0,0.0
2014-09-08 06:00:00,1.0005450819672133,0.0,0.0,0.0680286885245901,0.0503872950819672,0.0,0.0015245901639344,0.0532930327868852,0.0,0.0
2014-09-08 07:00:00,1.0455125,0.0,0.0,0.0507645833333333,0.0,0.0,0.5021291666666666,0.0541354166666666,0.0,0.0
2014-09-08 08:00:00,1.3701971252566734,0.0,0.0,0.0411663244353182,0.0444804928131416,0.408611909650924,0.4776940451745379,0.0532505133470225,0.0,0.0
2014-09-08 09:00:00,0.7077654320987655,0.0,0.0,0.0664320987654321,0.0200473251028806,0.1782880658436214,0.001679012345679,0.0539485596707818,0.0,0.0165267489711934
2014-09-08 10:00:00,0.365372,0.0,0.0,0.065882,0.027996,0.083876,0.00158,0.05328,0.0,0.0
2014-09-08 11:00:00,0.8566837121212121,0.0072121212121212,0.0,0.0668787878787878,0.0494829545454545,0.0,0.0016515151515151,0.0541117424242424,0.0,0.0
2014-09-08 12:00:00,1.315036328871893,0.0,0.0,0.0669942638623327,0.0,0.0,0.001416826003824,0.0533996175908221,0.0052944550669216,0.0
2014-09-08 13:00:00,1.0400581395348838,0.0,0.0,0.0672674418604651,0.0475891472868217,0.0,0.0015232558139534,0.0876027131782945,0.0249728682170542,0.0
2014-09-08 14:00:00,0.446401185770751,0.0,0.0,0.0676146245059288,0.0298102766798418,0.0,0.0015494071146245,0.0540434782608695,0.0576264822134387,0.0
2014-09-08 15:00:00,1.2814871287128713,0.0,0.0,0.0679405940594059,0.0205801980198019,0.0,0.0015148514851485,0.1038574257425742,0.0,0.7757445544554455
2014-09-08 16:00:00,1.3954019607843138,0.0,0.0,0.0685705882352941,0.0471333333333333,0.0,0.0001313725490196,0.1375901960784313,0.0,0.5890627450980392
2014-09-08 17:00:00,0.4437799999999999,0.0,0.0,0.068714,0.0,0.0,0.000248,0.137924,0.0,0.0
2014-09-08 18:00:00,1.6458189134808854,0.0,0.0,0.0681871227364185,0.0534044265593561,0.5379436619718311,0.4321187122736418,0.0890120724346076,0.0,0.0
2014-09-08 19:00:00,1.2066287425149702,0.0,0.0,0.0677944111776447,0.0,0.1347445109780439,0.4349900199600798,0.1154590818363273,0.0,0.0
2014-09-08 20:00:00,0.4829126016260163,0.0,0.0,0.068,0.0553739837398374,0.0005365853658536,0.002030487804878,0.0879146341463414,0.0,0.0
2014-09-08 21:00:00,0.2150418410041841,0.0,0.0,0.067939330543933,0.0,0.0,0.0016861924686192,0.0541338912133891,0.0,0.0
2014-09-08 22:00:00,0.2637274590163934,0.0,0.0,0.0678524590163934,0.053702868852459,0.0,0.0018135245901639,0.0534241803278688,0.0,0.0
2014-09-08 23:00:00,0.2080866935483871,0.0,0.0,0.0676431451612903,0.0,0.0,0.0017278225806451,0.0540524193548387,0.0,0.0
2014-09-09 00:00:00,0.2591859999999999,0.0,0.0,0.067586,0.051744,0.0,0.001864,0.05319,0.0,0.0
2014-09-09 01:00:00,0.2096401673640167,0.0,0.0,0.0669058577405857,0.0007782426778242,0.0,0.0016882845188284,0.0541338912133891,0.0,0.0
2014-09-09 02:00:00,0.2549752577319587,0.0,0.0,0.0665298969072165,0.0371443298969072,0.0,0.0016556701030927,0.0532350515463917,0.0,0.0
2014-09-09 03:00:00,0.2284435318275154,0.0,0.0,0.0663983572895277,0.020264887063655,0.0,0.0017227926078028,0.0540246406570841,0.0,0.0
2014-09-09 04:00:00,0.2120351966873706,0.0,0.0,0.0660124223602484,0.0129461697722567,0.0,0.0018178053830227,0.0528385093167701,0.0,0.0
2014-09-09 05:00:00,0.3036967871485943,0.0,0.0,0.0596345381526104,0.0488694779116465,0.0,0.0016265060240963,0.0540100401606425,0.0,0.0
2014-09-09 06:00:00,0.6865794223826716,0.0,0.0,0.0300126353790613,0.0,0.0,0.0015920577617328,0.0531263537906137,0.0,0.0
2014-09-09 07:00:00,0.5928106312292359,0.0,0.0,0.0667242524916943,0.0533023255813953,0.0,0.0015963455149501,0.0549451827242524,0.0,0.0
2014-09-09 08:00:00,1.09447,0.0,0.0,0.0654566666666666,0.0,0.49509,0.0015916666666666,0.053615,0.0,0.0
2014-09-09 09:00:00,0.6318377926421405,0.0,0.0,0.0653127090301003,0.0533628762541806,0.1156086956521739,0.0015752508361204,0.0540535117056856,0.0,0.0
2014-09-09 10:00:00,0.2627495769881557,0.0,0.0,0.065067681895093,0.0,0.0266057529610829,0.0014382402707275,0.0532047377326565,0.0,0.0
2014-09-09 11:00:00,0.2798157453936348,0.0005695142378559,0.0,0.0652093802345058,0.0573534338358458,0.0,0.0013098827470686,0.0540603015075376,0.0,0.0
2014-09-09 12:00:00,0.2114945454545454,0.0,0.0,0.0656272727272727,0.0,0.0,0.0014672727272727,0.0540218181818181,0.0,0.0
2014-09-09 13:00:00,0.2733238866396761,0.0,0.0,0.0660080971659919,0.0600344129554655,0.0,0.0015323886639676,0.053244939271255,0.0,0.0
2014-09-09 14:00:00,0.2196580516898608,0.0,0.0,0.066755467196819,0.0,0.0,0.0016182902584493,0.0540854870775347,0.0,0.0
2014-09-09 15:00:00,0.4744016064257028,0.0014959839357429,0.0,0.06864859437751,0.0482751004016064,0.0,0.000144578313253,0.1000220883534136,0.0,0.0
2014-09-09 16:00:00,1.8922078431372549,0.0,0.0,0.069656862745098,0.011313725490196,0.0,0.0001078431372549,0.0939549019607843,0.0,1.4185078431372549
2014-09-09 17:00:00,0.7587608695652174,0.0,0.0,0.0700750988142292,0.0305197628458498,0.0,0.0001422924901185,0.0796126482213438,0.0452173913043478,0.2959841897233202
2014-09-09 18:00:00,1.256252336448598,0.0,0.0,0.0698990654205607,0.0297420560747663,0.1350785046728972,5.9813084112149535e-05,0.0945551401869159,0.0,0.0
2014-09-09 19:00:00,1.6320543689320388,0.0,0.0,0.0697339805825242,0.0079825242718446,0.4246854368932038,0.5173747572815534,0.095135922330097,0.0,0.0
2014-09-09 20:00:00,1.0206393129770992,0.0,0.0,0.0700419847328244,0.0511812977099236,0.0833568702290076,0.4270725190839694,0.0949351145038168,0.0,0.0
2014-09-09 21:00:00,0.2828529411764706,0.0,0.0,0.0700588235294117,0.0,0.0,0.0016274509803921,0.0537333333333333,0.0,0.0
2014-09-09 22:00:00,0.2742307692307692,0.0,0.0,0.0700506072874494,0.0577591093117408,0.0,0.0016720647773279,0.0516113360323886,0.0,0.0
2014-09-09 23:00:00,0.2128868312757201,0.0,0.0,0.0700164609053497,0.0,0.0,0.0018168724279835,0.0529629629629629,0.0,0.0
2014-09-10 00:00:00,0.2713216494845361,0.0,0.0,0.0696989690721649,0.0561711340206185,0.0,0.0017525773195876,0.0515484536082474,0.0,0.0
2014-09-10 01:00:00,0.2131799591002044,0.0,0.0,0.069402862985685,0.0,0.0,0.0018384458077709,0.0528282208588957,0.0,0.0
2014-09-10 02:00:00,0.2488881987577639,0.0,0.0,0.0691821946169772,0.0371221532091097,0.0,0.0018033126293995,0.0528571428571428,0.0,0.0
2014-09-10 03:00:00,0.2261995708154506,0.0,0.0,0.0688240343347639,0.0200858369098712,0.0,0.0017982832618025,0.0525085836909871,0.0,0.0
2014-09-10 04:00:00,0.2051768421052631,0.0,0.0,0.0683157894736842,0.0045515789473684,0.0,0.0017515789473684,0.0515178947368421,0.0,0.0
2014-09-10 05:00:00,0.2851161825726141,0.0,0.0,0.067661825726141,0.0538879668049792,0.0,0.0018381742738589,0.0524190871369294,0.0,0.0
2014-09-10 06:00:00,0.8194222222222222,0.0,0.0,0.0669373737373737,0.0,0.0,0.0015575757575757,0.0516020202020202,0.0,0.0
2014-09-10 07:00:00,0.419102,0.0,0.0,0.06663,0.053582,0.0,0.00122,0.053638,0.0,0.0
2014-09-10 08:00:00,0.2881449275362319,0.0,0.0,0.0664761904761904,0.0,0.0,0.000111801242236,0.0526128364389233,0.0,0.0
2014-09-10 09:00:00,0.4082729124236252,0.0,0.0,0.0661975560081466,0.0546578411405295,0.0,6.924643584521385e-05,0.0526782077393075,0.0,0.0
2014-09-10 10:00:00,0.3504336917562724,0.0,0.0,0.0662258064516129,0.0,0.0,4.121863799283154e-05,0.0515824372759856,0.0,0.0
2014-09-10 11:00:00,0.3925070707070707,0.0,0.0,0.0665353535353535,0.0425979797979797,0.0,8.080808080808081e-05,0.0527555555555555,0.0,0.0
2014-09-10 12:00:00,0.3770414937759336,0.0,0.0,0.0667676348547717,0.0159688796680497,0.0,0.0001058091286307,0.0639128630705394,0.0,0.0
2014-09-10 13:00:00,0.4797058823529411,0.0,0.0,0.0671724137931034,0.0375537525354969,0.0,0.0001277890466531,0.0527789046653144,0.0,0.0
2014-09-10 14:00:00,0.3694003944773175,0.0,0.0,0.0675700197238658,0.0212859960552268,0.0,0.0001400394477317,0.0521301775147928,0.0,0.0
2014-09-10 15:00:00,0.4356752475247524,0.0,0.0,0.0681287128712871,0.0263366336633663,0.0,0.0001504950495049,0.1083386138613861,0.0,0.0
2014-09-10 16:00:00,1.8299395833333327,0.0,0.0,0.06834375,0.03046875,0.0,0.000125,0.0776833333333333,0.0,0.7862708333333334
2014-09-10 17:00:00,2.196776150627615,0.0,0.0,0.0682029288702928,0.029510460251046,0.007836820083682,5.439330543933055e-05,0.0527133891213389,0.0,1.532774058577406
2014-09-10 18:00:00,1.7264282744282744,0.0,0.0,0.0679417879417879,0.0338191268191268,0.5480748440748441,0.4468024948024948,0.0528981288981288,0.0,0.0205197505197505
2014-09-10 19:00:00,1.216436325678497,0.0,0.0,0.067901878914405,0.0505678496868476,0.1237515657620041,0.4830855949895615,0.0826805845511482,0.0,0.0
2014-09-10 20:00:00,0.374501923076923,0.0,0.0,0.0677807692307692,0.0,0.0,0.0019615384615384,0.0920192307692307,0.0,0.0
2014-09-10 21:00:00,0.3872994011976047,0.0,0.0,0.0677485029940119,0.0568003992015968,0.0,0.0016986027944111,0.0537105788423153,0.0,0.0
2014-09-10 22:00:00,0.2464307359307359,0.0,0.0,0.0677835497835497,0.0,0.0,0.0018116883116883,0.0518852813852813,0.0,0.0
2014-09-10 23:00:00,0.2752980972515856,0.0,0.0,0.0675750528541226,0.0546109936575052,0.0,0.0018202959830866,0.053029598308668,0.0,0.0
2014-09-11 00:00:00,0.2166752688172043,0.0,0.0,0.0674236559139784,0.0,0.0,0.0018408602150537,0.0530881720430107,0.0,0.0
2014-09-11 01:00:00,0.2727824175824175,0.0,0.0,0.0670571428571428,0.0552373626373626,0.0,0.0017494505494505,0.0526373626373626,0.0,0.0
2014-09-11 02:00:00,0.2213643892339544,0.0,0.0,0.0670372670807453,0.0,0.0,0.0018571428571428,0.0519296066252588,0.0,0.0
2014-09-11 03:00:00,0.280766806722689,0.0,0.0,0.0667457983193277,0.0552100840336134,0.0,0.0018487394957983,0.0544138655462184,0.0,0.0
2014-09-11 04:00:00,0.2139342629482071,0.0,0.0,0.066410358565737,0.0,0.0,0.0017928286852589,0.0516613545816733,0.0,0.0
2014-09-11 05:00:00,0.2626490486257928,0.0,0.0,0.065723044397463,0.037338266384778,0.0,0.0016849894291754,0.0537272727272727,0.0,0.0
2014-09-11 06:00:00,1.00338123752495,0.0,0.0,0.0652475049900199,0.0168103792415169,0.0,0.0016986027944111,0.0524151696606786,0.1149900199600798,0.0
2014-09-11 07:00:00,0.3776632443531827,0.0,0.0,0.0239568788501026,0.0375544147843942,0.0,0.0016160164271047,0.052006160164271,0.0,0.0
2014-09-11 08:00:00,0.3045819327731092,0.0,0.0,0.067063025210084,0.0135567226890756,0.0,0.0016155462184873,0.0516890756302521,0.0,0.0
2014-09-11 09:00:00,0.3298765432098766,0.0,0.0,0.0654979423868312,0.0336172839506172,0.0,0.0015288065843621,0.0527242798353909,0.0,0.0
2014-09-11 10:00:00,0.2289059304703476,0.0,0.0,0.0653517382413088,0.0190654396728016,0.0,0.0015316973415132,0.0526543967280163,0.0,0.0
2014-09-11 11:00:00,0.2325263157894736,0.0,0.0,0.0655347368421052,0.02576,0.0,0.0015115789473684,0.0527073684210526,0.0,0.0
2014-09-11 12:00:00,0.234356394129979,0.0,0.0,0.065649895178197,0.0301006289308176,0.0,0.0015429769392033,0.0518029350104821,0.0,0.0
2014-09-11 13:00:00,0.2110380549682875,0.0,0.0,0.0659090909090909,0.0068287526427061,0.0,0.0016109936575052,0.0528710359408033,0.0,0.0
2014-09-11 14:00:00,0.2610750507099391,0.0,0.0,0.066079107505071,0.0535212981744421,0.0,0.0016166328600405,0.051789046653144,0.0,0.0
2014-09-11 15:00:00,0.9391852631578947,0.0,0.0,0.0661684210526315,0.0,0.0,0.0014884210526315,0.053698947368421,0.0,0.6790505263157895
2014-09-11 16:00:00,2.3043760000000004,0.0,0.012336,0.0664039999999999,0.057624,0.0,0.001428,0.05275,0.0,0.935674
2014-09-11 17:00:00,1.6450241935483871,0.0,0.0,0.0665604838709677,0.0,0.0,0.0014979838709677,0.0796935483870967,0.0,1.0326048387096771
2014-09-11 18:00:00,1.3877357723577235,0.0,0.000390243902439,0.0667357723577235,0.0574044715447154,0.0187560975609756,0.3661910569105691,0.0669349593495935,0.0,0.008530487804878
2014-09-11 19:00:00,1.7368704453441297,0.0,0.0,0.0664919028340081,0.0,0.5424352226720648,0.5265526315789474,0.0876356275303643,0.0,0.0
2014-09-11 20:00:00,0.7202876712328767,0.0,0.0,0.0662348336594911,0.052252446183953,0.1093111545988258,0.0021369863013698,0.0929902152641878,0.0,0.0
2014-09-11 21:00:00,0.2908003838771593,0.0,0.0,0.0663934740882917,0.0,0.0,0.0016468330134357,0.0526545105566218,0.0,0.0
2014-09-11 22:00:00,0.2846640776699028,0.0,0.0,0.0664873786407767,0.0531281553398058,0.0,0.0017650485436893,0.0517611650485436,0.0,0.0
2014-09-11 23:00:00,0.2026603773584905,0.0,0.0,0.0665618448637316,0.0,0.0,0.0018511530398322,0.0532893081761006,0.0,0.0
2014-09-12 00:00:00,0.2551434511434511,0.0,0.0,0.0605322245322245,0.0529126819126819,0.0,0.0017754677754677,0.0523555093555093,0.0,0.0
2014-09-12 01:00:00,0.1888106995884773,0.0,0.0,0.0314341563786008,0.0,0.0,0.0018004115226337,0.0528621399176954,0.0,0.0
2014-09-12 02:00:00,0.267922131147541,0.0,0.0,0.0672581967213114,0.0454979508196721,0.0,0.0017971311475409,0.051702868852459,0.0,0.0
2014-09-12 03:00:00,0.2097245119305857,0.0,0.0,0.0663101952277657,0.0077353579175704,0.0,0.001819956616052,0.0526138828633405,0.0,0.0
2014-09-12 04:00:00,0.194418947368421,0.0,0.0,0.0227073684210526,0.0192526315789473,0.0,0.0017368421052631,0.0519978947368421,0.0,0.0
2014-09-12 05:00:00,0.2882224532224532,0.0,0.0,0.0696590436590436,0.0315509355509355,0.0,0.0017172557172557,0.0527193347193347,0.0,0.0
2014-09-12 06:00:00,0.9275264270613108,0.0,0.0,0.0658329809725158,0.0060951374207188,0.0,0.0015983086680761,0.0527906976744186,0.0,0.0
2014-09-12 07:00:00,0.5498106995884774,0.0,0.0,0.0654650205761317,0.0484053497942386,0.0,0.001633744855967,0.0528456790123456,0.0,0.0
2014-09-12 08:00:00,1.1214553191489365,0.0,0.0,0.0653297872340425,0.008731914893617,0.4899531914893617,0.0015042553191489,0.051727659574468,0.0159914893617021,0.0185723404255319
2014-09-12 09:00:00,0.6601905737704918,0.0,0.0,0.0652377049180328,0.0398770491803278,0.1269959016393442,0.0016147540983606,0.0537192622950819,0.0,0.0002704918032786
2014-09-12 10:00:00,0.2704227642276423,0.0,0.0,0.065390243902439,0.0050325203252032,0.0115731707317073,0.0016463414634146,0.052910569105691,0.0,0.0
2014-09-12 11:00:00,1.209548780487805,0.0,0.0,0.0661361788617886,0.0466280487804878,0.0,0.001630081300813,0.065280487804878,0.0829776422764227,0.0
2014-09-12 12:00:00,1.750764705882353,0.0,0.0,0.0664077079107505,0.0,0.0,0.0014503042596348,0.0524584178498985,0.0,0.0
2014-09-12 13:00:00,1.1728095238095235,0.0,0.0,0.0669333333333333,0.0571952380952381,0.0,0.0016119047619047,0.0528214285714285,0.0,0.0
2014-09-12 14:00:00,0.2422184873949579,0.0,0.0,0.0673193277310924,0.0,0.0,0.0014873949579831,0.0534397759103641,0.0,0.0
2014-09-12 15:00:00,0.3282032967032967,0.0,0.0,0.0683516483516483,0.0539725274725274,0.0,0.0015934065934065,0.0838653846153846,0.0,0.0
2014-09-12 16:00:00,0.2579820359281437,0.0,0.0,0.0687485029940119,0.0,0.0,0.0018742514970059,0.0520898203592814,0.0,0.0
2014-09-12 17:00:00,1.336881909547739,0.0,0.0,0.0684170854271356,0.0290226130653266,0.0,0.0014924623115577,0.0582412060301507,0.0,0.0
2014-09-12 18:00:00,2.0963155339805826,0.0009126213592233,0.0,0.0681941747572815,0.0286383495145631,0.4804951456310679,0.0014902912621359,0.0674393203883495,0.0,0.0
2014-09-12 19:00:00,0.7108637316561845,0.0,0.0,0.0681509433962264,0.0098259958071278,0.1193857442348008,0.0014779874213836,0.0919559748427673,0.0,0.0
2014-09-12 20:00:00,0.5553761996161228,0.0,0.0,0.0680403071017274,0.0461823416506717,0.058151631477927,0.0016218809980806,0.0896852207293666,0.0,0.0
2014-09-12 21:00:00,0.252895238095238,0.0,0.0,0.0677238095238095,0.0,0.0,0.001567619047619,0.05564,0.0,0.0
2014-09-12 22:00:00,0.2821774193548387,0.0,0.0,0.0676391129032258,0.0585887096774193,0.0,0.0017479838709677,0.0514939516129032,0.0,0.0
2014-09-12 23:00:00,0.2233630705394191,0.0,0.0,0.067753112033195,0.0,0.0,0.001753112033195,0.0536410788381742,0.0,0.0
2014-09-13 00:00:00,0.2499585062240663,0.0,0.0,0.067363070539419,0.0321120331950207,0.0,0.001804979253112,0.0516804979253112,0.0,0.0
2014-09-13 01:00:00,0.247590909090909,0.0,0.0,0.067047520661157,0.026448347107438,0.0,0.001690082644628,0.0526508264462809,0.0,0.0
2014-09-13 02:00:00,0.2208199152542372,0.0,0.0,0.0668834745762711,0.0,0.0,0.0016885593220338,0.0516398305084745,0.0,0.0
2014-09-13 03:00:00,0.2737190775681342,0.0,0.0,0.0668972746331236,0.0543060796645702,0.0,0.0018238993710691,0.0530482180293501,0.0,0.0
2014-09-13 04:00:00,0.2302805139186295,0.0,0.0,0.0665802997858672,0.0,0.0,0.001830835117773,0.0519271948608137,0.0,0.0
2014-09-13 05:00:00,0.3102344398340249,0.0,0.0,0.0663423236514522,0.048259336099585,0.0,0.0018278008298755,0.0526452282157676,0.0,0.0
2014-09-13 06:00:00,0.5872044088176352,0.0,0.0,0.0660881763527054,0.00812625250501,0.0,0.0017254509018036,0.0751022044088176,0.0,0.0
2014-09-13 07:00:00,0.8569608247422681,0.0,0.0,0.0665154639175257,0.0,0.0,0.4850144329896907,0.0712268041237113,0.0,0.0
2014-09-13 08:00:00,0.8722515856236787,0.0,0.0,0.0670697674418604,0.0571183932346723,0.0,0.490953488372093,0.0518625792811839,0.0,0.0
2014-09-13 09:00:00,0.6014186046511628,0.0,0.0,0.0668858350951374,0.0,0.0,0.0012663847780126,0.0529852008456659,0.0,0.0
2014-09-13 10:00:00,0.4853726315789474,0.0,0.0,0.0670442105263157,0.0,0.0,0.0012105263157894,0.0524757894736842,0.0,0.0
2014-09-13 11:00:00,0.931745417515275,0.0,0.0,0.0669022403258655,0.0645723014256619,0.0,0.0011466395112016,0.0520733197556008,0.0099124236252545,0.0
2014-09-13 12:00:00,0.471609756097561,0.0,0.0,0.0671869918699187,0.0,0.0,0.0014024390243902,0.0518434959349593,0.0,0.0
2014-09-13 13:00:00,0.3532315573770491,0.0,0.0,0.067561475409836,0.005561475409836,0.0,0.0016168032786885,0.0528709016393442,0.0,0.0
2014-09-13 14:00:00,0.4062165991902833,0.0,0.0,0.0676963562753036,0.0586578947368421,0.0,0.0015890688259109,0.0526477732793522,0.0,0.0
2014-09-13 15:00:00,0.3485637860082304,0.0,0.0,0.067716049382716,0.0,0.0,0.0014691358024691,0.052253086419753,0.0,0.0
2014-09-13 16:00:00,0.413148893360161,0.0,0.0,0.0677645875251509,0.059635814889336,0.0,0.0016579476861167,0.0535835010060362,0.0,0.0
2014-09-13 17:00:00,0.9000262664165103,0.0,0.0,0.0676322701688555,0.0,0.0,0.0016041275797373,0.0725065666041275,0.0725853658536585,0.0
2014-09-13 18:00:00,2.5095169340463457,0.0,0.0,0.0671408199643493,0.0371336898395721,0.0,0.4055454545454545,0.0681639928698752,0.0,0.0
2014-09-13 19:00:00,1.893706864564008,0.0,0.0,0.0670612244897959,0.0259146567717996,0.0,0.4693061224489795,0.0842504638218924,0.0,0.0
2014-09-13 20:00:00,0.4048187022900763,0.0,0.0,0.0670438931297709,0.0045095419847328,0.0,0.0023740458015267,0.0797557251908397,0.0,0.0
2014-09-13 21:00:00,0.2773869731800766,0.0,0.0,0.0670727969348659,0.0584252873563218,0.0,0.0018007662835249,0.0455613026819923,0.0,0.0
2014-09-13 22:00:00,0.2106796714579055,0.0,0.0,0.0668459958932238,0.0,0.0,0.0017659137577002,0.0448008213552361,0.0,0.0
2014-09-13 23:00:00,0.2582037037037037,0.0,0.0,0.0669753086419753,0.0549691358024691,0.0,0.0018497942386831,0.0454341563786008,0.0,0.0
2014-09-14 00:00:00,0.2095651260504201,0.0,0.0,0.0665273109243697,0.0064369747899159,0.0,0.0017710084033613,0.0445294117647058,0.0,0.0
2014-09-14 01:00:00,0.2103545647558386,0.0,0.0,0.0664055201698513,0.0,0.0,0.0017622080679405,0.0479787685774946,0.0,0.0
2014-09-14 02:00:00,0.2587278350515464,0.0,0.0,0.066420618556701,0.0588742268041237,0.0,0.0018659793814432,0.0445567010309278,0.0,0.0
2014-09-14 03:00:00,0.1984046121593291,0.0,0.0,0.066545073375262,0.0,0.0004696016771488,0.0018888888888888,0.0453668763102725,0.0,0.0
2014-09-14 04:00:00,0.2116875,0.0,0.0,0.0664541666666666,0.0188041666666666,0.0,0.00185,0.0443645833333333,0.0,0.0
2014-09-14 05:00:00,0.2844106382978724,0.0,0.0,0.0661212765957446,0.0407106382978723,0.0,0.0018702127659574,0.0456361702127659,0.0,0.0
2014-09-14 06:00:00,0.9945258799171844,0.0,0.0,0.0657867494824016,0.0,0.0,0.0017412008281573,0.0451780538302277,0.0,0.0
2014-09-14 07:00:00,1.0140658682634731,0.0,0.0,0.0664431137724551,0.063003992015968,0.0,0.0017085828343313,0.0460618762475049,0.0,0.0
2014-09-14 08:00:00,0.3250881147540983,0.0,0.0,0.0672889344262295,0.0,0.0,0.0017479508196721,0.0447971311475409,0.0,0.0
2014-09-14 09:00:00,0.2711868583162218,0.0,0.0,0.0673839835728952,0.0,0.0,0.0017022587268993,0.0463305954825462,0.0,0.0
2014-09-14 10:00:00,0.421369168356998,0.0,0.0,0.0674766734279918,0.0658559837728194,0.0,0.001683569979716,0.0623326572008113,0.0,0.0
2014-09-14 11:00:00,0.5938418972332016,0.0,0.0,0.0678359683794466,0.0,0.0,0.0016462450592885,0.0657015810276679,0.0,0.0
2014-09-14 12:00:00,0.907438596491228,0.0,0.0,0.0679707602339181,0.0287953216374269,3.898635477582846e-06,0.0016530214424951,0.052766081871345,0.0599961013645224,0.0
2014-09-14 13:00:00,1.2038052738336715,0.0,0.0,0.0678113590263691,0.0354279918864097,0.0,0.0014604462474645,0.0865436105476673,0.0,0.0
2014-09-14 14:00:00,1.794614785992218,0.0,0.0,0.0682821011673151,0.0279299610894941,0.0,0.0009669260700389,0.0664416342412451,0.0,0.0
2014-09-14 15:00:00,2.505045608108108,0.0,0.0,0.0683513513513513,0.037402027027027,0.0,1.0135135135135136e-05,0.0390084459459459,0.0,0.0
2014-09-14 16:00:00,1.333446666666667,0.0,0.0,0.068105,0.049335,0.0,3.6666666666666666e-05,0.0386233333333333,0.0,0.0
2014-09-14 17:00:00,1.5157883333333335,0.0,0.0,0.06802,0.0139,0.299545,0.4200366666666666,0.0389383333333333,0.0,0.0
2014-09-14 18:00:00,1.6128760611205433,0.0,0.0,0.0675959252971137,0.0397945670628183,0.3252241086587437,0.3707555178268251,0.059937181663837,0.0,0.0
2014-09-14 19:00:00,0.7891118530884808,0.0,0.0,0.0678313856427379,0.0489131886477462,0.0976494156928213,0.1438831385642738,0.0863171953255425,0.0,0.0
2014-09-14 20:00:00,0.4221590909090909,0.0,0.0,0.067548951048951,0.0,0.0,0.001548951048951,0.0857377622377622,0.0,0.0
2014-09-14 21:00:00,0.3309393346379647,0.0,0.0,0.0676399217221135,0.0490430528375733,0.0,0.0016966731898238,0.0608454011741683,0.0,0.0
2014-09-14 22:00:00,0.2240535714285714,0.0,0.0,0.0674940476190476,0.0173809523809523,0.0,0.0018214285714285,0.0446091269841269,0.0,0.0
2014-09-14 23:00:00,0.23900625,0.0,0.0,0.06743125,0.034175,0.0,0.0018479166666666,0.0458354166666666,0.0,0.0
2014-09-15 00:00:00,0.2194068825910931,0.0,0.0,0.0671052631578947,0.0170991902834008,0.0,0.00182995951417,0.0446538461538461,0.0,0.0
2014-09-15 01:00:00,0.2373537832310838,0.0,0.0,0.0668384458077709,0.0340899795501022,0.0,0.0017300613496932,0.0455276073619631,0.0,0.0
2014-09-15 02:00:00,0.200989898989899,0.0,0.0,0.0667010101010101,0.0047454545454545,0.0,0.0017959595959595,0.0445555555555555,0.0,0.0
2014-09-15 03:00:00,0.2463075313807531,0.0,0.0,0.0667803347280334,0.0503138075313807,0.0,0.0018535564853556,0.0465774058577405,0.0,0.0
2014-09-15 04:00:00,0.1934264705882353,0.0,0.0,0.0664600840336134,0.0,0.0,0.0018214285714285,0.04465756302521,0.0,0.0
2014-09-15 05:00:00,0.3615470085470085,0.0,0.0,0.0658482905982906,0.0532905982905982,0.0,0.0017029914529914,0.0467628205128205,0.0,0.0
2014-09-15 06:00:00,1.1579107883817428,0.0,0.0,0.0653526970954356,0.0,0.0,0.0015892116182572,0.0446680497925311,0.0,0.0
2014-09-15 07:00:00,0.6995567226890756,0.0,0.0,0.0652394957983193,0.0528088235294117,0.0,0.0015441176470588,0.0455777310924369,0.0,0.0
2014-09-15 08:00:00,0.6776020833333333,0.0,0.0,0.0653354166666666,0.0,0.0,0.00143125,0.0666979166666666,0.0350041666666666,0.026975
2014-09-15 09:00:00,0.55389453125,0.0,0.0,0.065453125,0.05359375,0.0,0.00162109375,0.084890625,0.0,0.0
2014-09-15 10:00:00,0.946,0.0,0.0,0.0654613778705636,0.0106784968684759,0.0,0.0014279749478079,0.0446137787056367,0.0,0.0
2014-09-15 11:00:00,1.941533199195171,0.0,0.0,0.0668752515090543,0.0436338028169014,0.0,0.0056519114688128,0.0588169014084507,0.0,0.0011167002012072
2014-09-15 12:00:00,2.169062880324544,0.0,0.0,0.066866125760649,0.0479898580121703,0.0,0.0014685598377281,0.1102941176470588,0.0,0.0
2014-09-15 13:00:00,1.914482071713148,0.0,0.0,0.0665358565737051,0.0,0.0002549800796812,0.0014581673306772,0.129914342629482,0.0,0.7453306772908367
2014-09-15 14:00:00,1.4976107660455489,0.0,0.0,0.066687370600414,0.0503271221532091,0.0,0.0015507246376811,0.0481904761904761,0.0,0.9966708074534162
2014-09-15 15:00:00,0.5641365461847389,0.0,0.0,0.0678152610441767,0.0045642570281124,0.0,0.0012811244979919,0.0455100401606425,0.0250301204819277,0.0
2014-09-15 16:00:00,2.3614814814814813,0.0,0.0,0.0688986354775828,0.0541247563352826,0.481485380116959,0.0014795321637426,0.0629727095516569,0.0,0.9068089668615984
2014-09-15 17:00:00,1.5353632653061224,0.0,0.0,0.0686571428571428,0.0126183673469387,0.1232224489795918,0.0014367346938775,0.0633061224489796,0.0,0.0
2014-09-15 18:00:00,3.3923564727954973,0.0,0.0,0.0682363977485928,0.0406660412757973,0.4669118198874296,0.3933339587242026,0.1198236397748592,0.0,1.4989005628517822
2014-09-15 19:00:00,1.4167084048027443,0.0,0.0,0.0683962264150943,0.0178113207547169,0.1169588336192109,0.4853962264150943,0.1292126929674099,0.0,0.1019588336192109
2014-09-15 20:00:00,0.4233623931623931,0.0,0.0,0.068476923076923,0.0415384615384615,0.0485965811965811,0.0019726495726495,0.0812547008547008,0.0,0.0
2014-09-15 21:00:00,0.2121073558648111,0.0,0.0,0.0684711729622266,0.0090636182902584,0.0,0.0017097415506958,0.0455546719681908,0.0,0.0
2014-09-15 22:00:00,0.2453201581027668,0.0,0.0,0.0683794466403162,0.0455059288537549,0.0,0.0017865612648221,0.0460217391304347,0.0,0.0
2014-09-15 23:00:00,0.195738683127572,0.0,0.0,0.0682407407407407,0.0015679012345679,0.0,0.001835390946502,0.045417695473251,0.0,0.0
2014-09-16 00:00:00,0.2649187358916478,0.0,0.0,0.0678690744920993,0.0635011286681715,0.0,0.0017539503386004,0.045609480812641,0.0,0.0
2014-09-16 01:00:00,0.1970398009950248,0.0,0.0,0.0675995024875621,0.0,0.0,0.0016915422885572,0.0455597014925373,0.0,0.0
2014-09-16 02:00:00,0.2531203931203931,0.0,0.0,0.0673366093366093,0.0619828009828009,0.0,0.0016511056511056,0.0445577395577395,0.0,0.0
2014-09-16 03:00:00,0.1934949748743718,0.0,0.0,0.0671306532663316,0.0,0.0,0.0017261306532663,0.0458718592964824,0.0,0.0
2014-09-16 04:00:00,0.2706084656084656,0.0,0.0,0.0669338624338624,0.0567354497354497,0.0,0.0017169312169312,0.0446031746031746,0.0,0.0
2014-09-16 05:00:00,0.2253664302600472,0.0,0.0,0.0664586288416075,0.0,0.0,0.0016855791962174,0.0454066193853427,0.0,0.0
2014-09-16 06:00:00,0.8313241758241757,0.0,0.0,0.066087912087912,0.0514285714285714,0.0,0.0015824175824175,0.0449642857142857,0.0,0.0
2014-09-16 07:00:00,0.5586262626262626,0.0,0.0,0.0657272727272727,0.0,0.0501952861952861,0.0015622895622895,0.0445757575757575,0.0,0.0
2014-09-16 08:00:00,1.1715717821782177,0.0,0.0,0.0654554455445544,0.0214455445544554,0.671480198019802,0.0013514851485148,0.0457574257425742,0.0,0.0
2014-09-16 09:00:00,0.4702150837988826,0.0,0.0,0.0656340782122905,0.0276284916201117,0.0864553072625698,0.0014608938547486,0.0457402234636871,0.0,0.0
2014-09-16 10:00:00,0.2113447293447293,0.0,0.0,0.0655042735042735,0.0,0.0,0.0013846153846153,0.0446609686609686,0.0,0.0
2014-09-16 11:00:00,0.2502316076294278,0.0,0.0,0.0656103542234332,0.0540408719346049,0.0,0.001534059945504,0.045258855585831,0.0,0.0
2014-09-16 12:00:00,0.1914441558441558,0.0,0.0,0.0664077922077922,0.0,0.0,0.0018207792207792,0.0444181818181818,0.0,0.0
2014-09-16 13:00:00,0.2651610169491525,0.0,0.0,0.0664258474576271,0.0654491525423728,0.0,0.0017881355932203,0.0453495762711864,0.0,0.0
2014-09-16 14:00:00,1.0799718309859154,0.0,0.0,0.0666197183098591,0.0,0.0,0.0017525150905432,0.0447122736418511,0.0,0.843271629778672
2014-09-16 15:00:00,1.017720703125,0.0,0.0,0.066611328125,0.0449375,0.0,0.001697265625,0.045498046875,0.0,0.70165234375
2014-09-16 16:00:00,0.8508039603960397,0.0,0.0,0.0669762376237623,0.0137623762376237,0.0,0.0017287128712871,0.0444831683168316,0.0,0.0
2014-09-16 17:00:00,0.6678886679920477,0.0,0.0,0.0670636182902584,0.0440039761431411,3.976143141153081e-06,0.0016222664015904,0.0659741550695825,0.0,0.0
2014-09-16 18:00:00,2.655735779816514,0.0,0.0,0.066337614678899,0.0114678899082568,0.3374146788990825,0.4728697247706422,0.0626880733944954,0.0,0.9862128440366972
2014-09-16 19:00:00,2.4624193548387097,0.0,0.0,0.0665059422750424,0.0530390492359932,0.2196774193548387,0.4268047538200339,0.0843972835314091,0.0,0.9017283531409168
2014-09-16 20:00:00,0.7612037351443124,0.0,0.0,0.0665229202037351,0.0310797962648556,0.0886655348047538,0.0016893039049235,0.0829456706281833,0.0,0.0
2014-09-16 21:00:00,0.3390710172744722,0.0,0.0,0.0667063339731286,0.0226564299424184,0.0,0.0016391554702495,0.0456717850287907,0.0,0.0
2014-09-16 22:00:00,0.3462759295499021,0.0,0.0,0.0670508806262231,0.0497690802348336,0.0,0.0024716242661448,0.0444814090019569,0.0,0.0
2014-09-16 23:00:00,0.2695702970297029,0.0,0.0,0.0671445544554455,0.001849504950495,0.0,0.0019148514851485,0.0472673267326732,0.0,0.0
2014-09-17 00:00:00,0.2500918367346939,0.0,0.0,0.0670408163265306,0.0545775510204081,0.0,0.0103448979591836,0.0444979591836734,0.0,0.0
2014-09-17 01:00:00,0.1932310924369747,0.0,0.0,0.0669642857142857,0.0,0.0,0.0091302521008403,0.0455084033613445,0.0,0.0
2014-09-17 02:00:00,0.2573,0.0,0.0,0.066868,0.055692,0.0,0.001854,0.044826,0.0,0.0
2014-09-17 03:00:00,0.194076923076923,0.0,0.0,0.0670161943319838,0.0,0.0,0.0018785425101214,0.0462732793522267,0.0,0.0
2014-09-17 04:00:00,0.248460606060606,0.0,0.0,0.0666686868686868,0.050840404040404,0.0,0.001820202020202,0.0457131313131313,0.0,0.0
2014-09-17 05:00:00,0.3382540322580645,0.0,0.0,0.0660282258064516,0.0057862903225806,0.0,0.0016572580645161,0.0454314516129032,0.0,0.0
2014-09-17 06:00:00,2.991606237816764,0.0,0.0,0.0658245614035087,0.0473196881091617,0.4405224171539961,0.0015126705653021,0.0445828460038986,0.0665828460038986,1.198
2014-09-17 07:00:00,1.4040376984126983,0.0,0.0,0.065672619047619,0.0075496031746031,0.1677757936507936,0.001470238095238,0.0457103174603174,0.0,0.547531746031746
2014-09-17 08:00:00,0.4990970297029703,0.0,0.0,0.0655762376237623,0.0487564356435643,0.0767306930693069,0.00149900990099,0.0445386138613861,0.0,0.0
2014-09-17 09:00:00,0.4224024390243902,0.0,0.0,0.0656341463414634,0.0,0.0,0.0014898373983739,0.0455670731707317,0.0,0.0
2014-09-17 10:00:00,0.4999864603481625,0.0,0.0,0.0654874274661508,0.0553907156673114,0.0,0.0014816247582205,0.0445183752417795,0.0,0.0
2014-09-17 11:00:00,0.417504,0.0,0.0,0.065652,0.0,0.0,0.001446,0.04552,0.0,0.0
2014-09-17 12:00:00,0.471503984063745,0.0,0.0,0.0657051792828685,0.0425936254980079,0.0,0.001519920318725,0.0446792828685259,0.0,0.0
2014-09-17 13:00:00,0.5215367346938775,0.0,0.0,0.0659408163265306,0.0159204081632653,0.0,0.0015510204081632,0.0656714285714285,0.0631448979591836,0.0
2014-09-17 14:00:00,0.3336735849056604,0.0,0.0,0.0662264150943396,0.0223943396226415,0.0,0.0014981132075471,0.0451226415094339,0.0,0.0
2014-09-17 15:00:00,1.341844827586207,5.363984674329502e-05,0.0,0.0672260536398467,0.0358026819923371,0.0,0.0014137931034482,0.0666455938697318,0.0,0.9936666666666666
2014-09-17 16:00:00,1.2547470355731225,0.0,0.0,0.0670375494071146,0.0420671936758893,0.0,0.0015395256916996,0.1180118577075098,0.0,0.5224090909090908
2014-09-17 17:00:00,0.6327635658914729,0.0,0.0,0.066953488372093,0.009437984496124,0.0,0.0015096899224806,0.0454670542635658,0.0,0.0
2014-09-17 18:00:00,1.0088429752066117,0.0,0.0,0.0667231404958677,0.0480495867768595,0.0228801652892561,0.0341260330578512,0.0448553719008264,0.0,0.0
2014-09-17 19:00:00,1.2934798464491362,0.0,0.0,0.0674222648752399,0.0,0.3448982725527831,0.1143109404990403,0.1127639155470249,0.0,0.0
2014-09-17 20:00:00,1.1614278169014085,0.0,0.0,0.0675757042253521,0.0547411971830985,0.1023767605633802,0.4466971830985916,0.0846954225352112,0.0,0.0
2014-09-17 21:00:00,0.3185314814814814,0.0,0.0,0.0680203703703703,0.0,0.0,0.0015111111111111,0.0509592592592592,0.0,0.0
2014-09-17 22:00:00,0.359880081300813,0.0,0.0,0.0680752032520325,0.0559247967479674,0.0,0.0016910569105691,0.0444613821138211,0.0,0.0
2014-09-17 23:00:00,0.2686892177589852,0.0,0.0,0.0680211416490486,0.0,0.0,0.001723044397463,0.0457928118393234,0.0,0.0
2014-09-18 00:00:00,0.356746887966805,0.0,0.0,0.0679626556016597,0.0578775933609958,0.0,0.0017157676348547,0.0470663900414937,0.0,0.0
2014-09-18 01:00:00,0.204165306122449,0.0,0.0,0.0679632653061224,0.0,0.0,0.0017306122448979,0.0456081632653061,0.0,0.0
2014-09-18 02:00:00,0.2429103869653767,0.0,0.0,0.0679938900203666,0.0481242362525458,0.0,0.0018044806517311,0.0455193482688391,0.0,0.0
2014-09-18 03:00:00,0.2022954091816367,0.0,0.0,0.0677744510978043,0.0098023952095808,0.0,0.0017624750499001,0.0455828343313373,0.0,0.0
2014-09-18 04:00:00,0.2163237704918033,0.0,0.0,0.0675368852459016,0.0263811475409836,0.0,0.0017110655737704,0.0447069672131147,0.0,0.0
2014-09-18 05:00:00,0.2370933609958506,0.0,0.0,0.0671576763485477,0.0345809128630705,0.0,0.0017759336099585,0.0455788381742738,0.0,0.0
2014-09-18 06:00:00,0.9723306772908368,0.0,0.0,0.0666454183266932,0.0,0.0,0.0015577689243027,0.044906374501992,0.0392250996015936,0.0
2014-09-18 07:00:00,0.4865187376725838,0.0,0.0,0.0665700197238658,0.0613037475345167,0.0050493096646942,0.0016173570019723,0.0455187376725838,0.0,0.0
2014-09-18 08:00:00,0.1904135188866799,0.0,0.0,0.0663976143141153,0.0,0.0,0.0015546719681908,0.0445805168986083,0.0,0.0
2014-09-18 09:00:00,0.2502868525896414,0.0,0.0,0.0662689243027888,0.0520657370517928,0.0,0.0014900398406374,0.0468187250996015,0.0,0.0
2014-09-18 10:00:00,0.2866011904761905,0.0,0.0,0.0663571428571428,0.010922619047619,0.0,0.0014642857142857,0.0468055555555555,0.0,0.0
2014-09-18 11:00:00,0.2910139720558882,0.0,0.0,0.0664990019960079,0.0109241516966067,0.0,0.0015309381237524,0.0456387225548902,0.0,0.0
2014-09-18 12:00:00,0.3548757281553398,0.0,0.0,0.0664660194174757,0.0513320388349514,0.0,0.0015300970873786,0.0533689320388349,0.0,0.0
2014-09-18 13:00:00,0.26822,0.0,0.0,0.06659,0.0,0.0,0.00146,0.0455739999999999,0.0,0.0
2014-09-18 14:00:00,0.3106738703339882,0.0,0.0,0.0671866404715127,0.0643634577603143,0.0,0.001648330058939,0.0448919449901768,0.0,0.0
2014-09-18 15:00:00,0.1916307053941908,0.0,0.0,0.067213692946058,0.0,0.0,0.0016120331950207,0.0454896265560166,0.0,0.0
2014-09-18 16:00:00,0.8658155136268343,0.0,0.0,0.0674004192872117,0.0296561844863731,0.0,0.0042914046121593,0.0445702306079664,0.0,0.0
2014-09-18 17:00:00,0.6113306772908367,0.0,0.0,0.0674462151394422,0.0386852589641434,0.0,0.0015478087649402,0.0457649402390438,0.0,0.0
2014-09-18 18:00:00,0.570226,0.0,0.0,0.067308,0.005184,0.0,0.062444,0.057548,0.0,0.0
2014-09-18 19:00:00,4.0772977099236645,0.0,0.0,0.0669103053435114,0.0667595419847328,0.4671145038167939,0.812868320610687,0.0709809160305343,0.0,1.6171793893129771
2014-09-18 20:00:00,1.006016129032258,0.0,0.0,0.0674173387096774,0.0,0.1249879032258064,0.0188407258064516,0.0848649193548387,0.0153044354838709,0.1470423387096774
2014-09-18 21:00:00,0.515285132382892,0.0,0.0,0.0676761710794297,0.063061099796334,0.0058065173116089,0.0017128309572301,0.0787433808553971,0.0,0.0
2014-09-18 22:00:00,0.3032596348884381,0.0,0.0,0.0677931034482758,0.0,0.0,0.001787018255578,0.044866125760649,0.0,0.0
2014-09-18 23:00:00,0.3989940711462451,0.0,0.0,0.067796442687747,0.0660474308300395,0.0,0.0018221343873517,0.0459545454545454,0.0,0.0
2014-09-19 00:00:00,0.2800525252525252,0.0,8.080808080808081e-05,0.0676848484848484,0.0,0.0,0.0017717171717171,0.0445797979797979,0.0,0.0
2014-09-19 01:00:00,0.3323917525773196,0.0,0.0,0.0676742268041237,0.0374268041237113,0.0,0.0017670103092783,0.045641237113402,0.0,0.0
2014-09-19 02:00:00,0.2690538302277432,0.0,0.0,0.0674658385093167,0.0288695652173913,0.0,0.001815734989648,0.0445797101449275,0.0,0.0
2014-09-19 03:00:00,0.1925979166666666,0.0,0.0,0.06753125,0.0,0.0,0.0018458333333333,0.04553125,0.0,0.0
2014-09-19 04:00:00,0.3912886597938144,0.0,0.0,0.0673257731958762,0.0662020618556701,0.0,0.0017835051546391,0.0451793814432989,0.0,0.0
2014-09-19 05:00:00,0.4506714876033058,0.0,0.0,0.0667086776859504,0.0,0.0,0.0016384297520661,0.0460165289256198,0.0,0.0
2014-09-19 06:00:00,1.846932,0.0,0.0,0.066242,0.052818,0.0,0.00145,0.044514,0.0,0.1410519999999999
2014-09-19 07:00:00,0.5227838899803536,0.0,0.0,0.0663909626719057,0.0138840864440078,0.0,0.0016110019646365,0.0455618860510805,0.0,0.0
2014-09-19 08:00:00,3.000859405940594,0.0,0.0,0.066039603960396,0.0315029702970297,0.3793999999999999,0.001479207920792,0.052469306930693,0.0,1.3756970297029705
2014-09-19 09:00:00,2.122072434607646,0.0,0.0,0.0663038229376257,0.0306498993963782,0.3712173038229376,0.0014225352112676,0.0998108651911468,0.0,0.8077605633802817
2014-09-19 10:00:00,2.315590099009901,0.0,0.0,0.0658990099009901,0.0,0.0553346534653465,0.0012970297029702,0.0657663366336633,0.0,1.174221782178218
2014-09-19 11:00:00,1.6673103448275863,0.0,0.0,0.066024340770791,0.0641237322515213,0.0,0.0013752535496957,0.082024340770791,0.0,0.0234929006085192
2014-09-19 12:00:00,1.99435234215886,0.0,0.0,0.0661649694501018,0.0,0.0,0.0014093686354378,0.0445804480651731,0.0,0.5334704684317719
2014-09-19 13:00:00,0.8419669902912622,0.0,0.0,0.0660621359223301,0.0625514563106796,0.0,0.0013184466019417,0.1023300970873786,0.0,0.0
2014-09-19 14:00:00,0.3771509054325955,0.0,0.0,0.0662374245472837,0.0,0.0,0.0014325955734406,0.0626579476861167,0.0,0.0
2014-09-19 15:00:00,0.6405190380761524,0.0,0.0,0.0662304609218436,0.0493186372745491,0.023563126252505,0.0014068136272545,0.1018617234468937,0.0,0.0
2014-09-19 16:00:00,1.0777618025751077,0.0,0.0,0.0682789699570815,0.0203369098712446,0.5846158798283262,0.0014377682403433,0.0517618025751073,0.0,0.0
2014-09-19 17:00:00,0.3791194029850746,0.0,0.0,0.0680426439232409,0.0203027718550106,0.1080234541577825,0.0015138592750533,0.0527718550106609,0.0,0.0
2014-09-19 18:00:00,0.3817929883138564,0.0,0.0,0.0679499165275459,0.0492504173622704,0.0,0.0015392320534223,0.0530901502504173,0.0041235392320534,0.0044874791318864
2014-09-19 19:00:00,1.6804661016949154,0.0,0.0,0.0680135593220339,0.0,0.0,0.1908084745762711,0.0677322033898305,0.037457627118644,0.0
2014-09-19 20:00:00,2.1111795302013423,0.0004530201342281,0.0,0.0677718120805369,0.0600922818791946,0.0,0.2690956375838926,0.08,0.0,0.0
2014-09-19 21:00:00,1.4304595070422537,0.0,0.0,0.0680651408450704,0.0,0.0,0.4739207746478873,0.0867306338028169,0.0,0.0
2014-09-19 22:00:00,0.32834046692607,0.0,0.0,0.0680544747081712,0.0635505836575875,0.0,0.0014066147859922,0.05184046692607,0.0,0.0
2014-09-19 23:00:00,0.271024,0.0,0.0,0.06785,0.0,0.0,0.001666,0.053096,0.0,0.0
2014-09-20 00:00:00,0.4000102669404517,0.0,0.0,0.0680246406570841,0.0411026694045174,0.0,0.0016714579055441,0.0536365503080082,0.0,0.0
2014-09-20 01:00:00,0.3688137651821862,0.0,0.0,0.0675647773279352,0.0244291497975708,0.0,0.0016255060728744,0.0526295546558704,0.0,0.0
2014-09-20 02:00:00,0.3341079429735235,0.0,0.0,0.0676822810590631,0.0,0.0,0.0018207739307535,0.0520733197556008,0.0,0.0
2014-09-20 03:00:00,0.4208625,0.0,0.0,0.067675,0.0651520833333333,0.0,0.0018291666666666,0.0527583333333333,0.0,0.0
2014-09-20 04:00:00,0.2638164556962025,0.0,0.0,0.0674683544303797,0.0,0.0,0.0018227848101265,0.0517637130801687,0.0,0.0
2014-09-20 05:00:00,0.3135896907216495,0.0,0.0,0.067041237113402,0.0532948453608247,0.0,0.0017340206185567,0.0528061855670103,0.0,0.0
2014-09-20 06:00:00,0.4236850715746421,0.0,0.0,0.0668057259713701,0.0094703476482617,0.0,0.0016973415132924,0.0519591002044989,0.0,0.0
2014-09-20 07:00:00,0.6602044088176352,0.0,0.0,0.0664769539078156,0.0041723446893787,0.0,0.0016232464929859,0.0883547094188376,0.0,0.0
2014-09-20 08:00:00,0.9577600806451614,0.0,0.0,0.0666975806451612,0.0607862903225806,0.0,0.0014717741935483,0.0550625,0.0,0.0
2014-09-20 09:00:00,3.0712696177062377,0.0,0.0,0.0660684104627766,0.0,0.4495311871227364,0.4647766599597585,0.052851106639839,0.0,1.2964265593561368
2014-09-20 10:00:00,1.4802371134020618,0.0,0.0,0.0664144329896907,0.0524536082474226,0.075921649484536,0.4676845360824742,0.0539051546391752,0.0,0.5447896907216494
2014-09-20 11:00:00,1.630267223382046,0.0,0.0,0.06641127348643,0.0113528183716075,0.0459979123173277,0.0014196242171189,0.0710918580375783,0.0,0.0
2014-09-20 12:00:00,1.0215139442231076,0.0,0.0,0.0677649402390438,0.0576414342629482,0.0,0.0038585657370517,0.1005557768924302,0.0,0.0
2014-09-20 13:00:00,0.7851593291404612,0.0,0.0,0.0670104821802935,0.0,0.0,0.0017379454926624,0.0534549266247379,0.0,0.0
2014-09-20 14:00:00,0.768721021611002,0.0,0.0,0.0687485265225933,0.0605265225933202,0.0,0.0005540275049115,0.0653850687622789,0.0,0.0
2014-09-20 15:00:00,0.5587495327102804,0.0,0.0,0.069003738317757,0.0209644859813084,0.0,0.0006,0.0674654205607476,0.0,0.0
2014-09-20 16:00:00,0.3118682745825603,0.0,0.0,0.0690166975881261,0.029230055658627,0.0,0.0006178107606679,0.1246660482374768,0.0,0.0
2014-09-20 17:00:00,0.392515625,0.0,0.0,0.068859375,0.0334791666666666,0.0,0.0005416666666666,0.0965520833333333,0.0,0.0
2014-09-20 18:00:00,0.4566090604026845,0.0,0.0,0.0687265100671141,0.0283523489932885,0.0,0.0005402684563758,0.0518087248322147,0.0,0.0
2014-09-20 19:00:00,0.3667313691507798,0.0,0.0,0.0685545927209705,0.0516967071057192,0.0,0.0007175043327556,0.0532062391681109,0.0,0.0
2014-09-20 20:00:00,0.3134225865209472,0.0,0.0,0.0686775956284153,0.0,0.0,0.0008123861566484,0.0523442622950819,0.0,0.0
2014-09-20 21:00:00,0.36463126252505,0.0,0.0,0.0687074148296593,0.0527955911823647,0.0,0.0009198396793587,0.0535711422845691,0.0,0.0
2014-09-20 22:00:00,0.3109752577319588,0.0,0.0,0.0684556701030927,0.0,0.0,0.0008824742268041,0.0515855670103092,0.0,0.0
2014-09-20 23:00:00,0.2915836734693877,0.0,0.0,0.0684734693877551,0.0543959183673469,0.0,0.0009673469387755,0.0525244897959183,0.0,0.0
2014-09-21 00:00:00,0.2346264591439688,0.0,0.0,0.0681556420233463,0.0,0.0,0.0009280155642023,0.0515291828793774,0.0,0.0
2014-09-21 01:00:00,0.3783718487394958,0.0,0.0,0.0677331932773109,0.0540882352941176,0.0,0.0009180672268907,0.0526134453781512,0.0,0.0
2014-09-21 02:00:00,0.2887861507128309,0.0,0.0,0.0674745417515274,0.0020957230142566,0.0,0.0009490835030549,0.0516415478615071,0.0,0.0
2014-09-21 03:00:00,0.3220393374741201,0.0,0.0,0.0672484472049689,0.0284016563146997,0.0,0.0009730848861283,0.0525341614906832,0.0,0.0
2014-09-21 04:00:00,0.2623896907216494,0.0,0.0,0.066901030927835,0.0290164948453608,0.0,0.0009938144329896,0.0526329896907216,0.0,0.0003525773195876
2014-09-21 05:00:00,0.2647770833333333,0.0,0.0,0.0664520833333333,0.0,0.0,0.0009708333333333,0.0524854166666666,0.0,0.0
2014-09-21 06:00:00,0.5695278350515464,0.0,0.0,0.0660577319587628,0.0596639175257731,0.0,0.0008886597938144,0.1138309278350515,0.0,0.0
2014-09-21 07:00:00,0.4572144288577154,0.0,0.0,0.047877755511022,0.0,0.0,0.0007855711422845,0.0857454909819639,0.0,0.0
2014-09-21 08:00:00,0.4052118126272912,0.0,0.0,0.0388492871690427,0.0382260692464358,0.0,0.0009389002036659,0.0519714867617107,0.0,0.0
2014-09-21 09:00:00,1.2558863157894735,0.0,0.0,0.0664884210526315,0.0203831578947368,0.0276968421052631,0.0007157894736842,0.0528568421052631,0.0,0.7526421052631579
2014-09-21 10:00:00,1.9671463414634147,0.0,0.0,0.0658475609756097,0.0,0.596489837398374,0.0007113821138211,0.0612093495934959,0.0294939024390243,0.6546971544715448
2014-09-21 11:00:00,1.1126447105788422,0.0,0.0,0.0660898203592814,0.0633532934131736,0.1012375249500998,0.0007405189620758,0.1033712574850299,0.0,0.1710518962075848
2014-09-21 12:00:00,2.432444444444444,0.0,0.0,0.0668089668615984,0.0,0.5177719298245614,0.0007524366471734,0.0517641325536062,0.0,1.3661910331384015
2014-09-21 13:00:00,0.7894316831683168,0.0,0.0,0.0664178217821782,0.0611069306930693,0.1293128712871287,0.0007584158415841,0.0541306930693069,0.0,0.0298
2014-09-21 14:00:00,0.2893430799220273,0.0,0.0,0.0666666666666666,0.0,3.898635477582846e-06,0.0008518518518518,0.0516861598440545,0.0,0.0
2014-09-21 15:00:00,2.264388791593696,0.0,0.0,0.0662189141856392,0.0448021015761821,0.0,0.0006970227670753,0.0536602451838879,0.0,1.0576427320490367
2014-09-21 16:00:00,1.942535,0.0,0.0,0.0669733333333333,0.0241683333333333,0.0,0.0690699999999999,0.052655,0.0441783333333333,0.84492
2014-09-21 17:00:00,2.757694117647058,0.0,0.0,0.0671781512605042,0.0575932773109243,0.0,0.4306941176470588,0.0527680672268907,0.0,1.315473949579832
2014-09-21 18:00:00,1.3839898305084746,0.0,0.0,0.0665305084745762,0.0022610169491525,0.0,0.1944694915254237,0.117457627118644,0.0,0.0140542372881355
2014-09-21 19:00:00,1.0438069883527454,0.0,0.0,0.0673494176372712,0.0556638935108153,0.0,0.4252412645590682,0.0928153078202995,0.0,0.0
2014-09-21 20:00:00,0.557935,0.0,0.0,0.0671016666666666,0.0,0.0,0.00141,0.084135,0.0,0.0
2014-09-21 21:00:00,0.2855278810408921,0.0,0.0,0.0673197026022304,0.057407063197026,0.0,0.0017379182156133,0.0528308550185873,0.0,0.0
2014-09-21 22:00:00,0.2161446028513238,0.0,0.0,0.0671690427698574,0.0,0.0,0.0018004073319755,0.0517698574338085,0.0,0.0
2014-09-21 23:00:00,0.2732307692307692,0.0,0.0,0.0671185031185031,0.0576507276507276,0.0,0.0019002079002079,0.0524740124740124,0.0,0.0
2014-09-22 00:00:00,0.208564681724846,0.0,0.0,0.0665482546201232,0.0,0.0,0.0018213552361396,0.0526735112936345,0.0,0.0
2014-09-22 01:00:00,0.2514424603174603,0.0,0.0,0.066125,0.0428333333333333,0.0,0.001765873015873,0.0525753968253968,0.0,0.0
2014-09-22 02:00:00,0.209796573875803,0.0,0.0,0.0276873661670235,0.0135674518201284,0.0,0.0018201284796573,0.0525610278372591,0.0,0.0
2014-09-22 03:00:00,0.2988744769874477,0.0,0.0,0.0687008368200836,0.0,0.0,0.0018619246861924,0.0524100418410041,0.0,0.0
2014-09-22 04:00:00,0.4118161157024793,0.0,0.0,0.024595041322314,0.0574462809917355,0.0,0.0018057851239669,0.0514338842975206,0.0,0.0
2014-09-22 05:00:00,1.0223945720250522,0.0,0.0,0.0620083507306889,0.0,0.0,0.001572025052192,0.0528288100208768,0.2627515657620042,0.0
2014-09-22 06:00:00,0.775056338028169,0.0,0.0,0.0354607645875251,0.050579476861167,0.0,0.0012454728370221,0.0517223340040241,0.0010845070422535,0.0
2014-09-22 07:00:00,0.265059829059829,0.0,0.0,0.0677777777777777,0.0064786324786324,0.0,0.0016282051282051,0.0526153846153846,0.0,0.0
2014-09-22 08:00:00,0.2348204592901879,0.0,0.0,0.0663402922755741,0.0,0.0,0.001670146137787,0.0516534446764091,0.0,0.0
2014-09-22 09:00:00,0.3577827868852459,0.0,0.0,0.0659672131147541,0.0533811475409836,0.0,0.001655737704918,0.0527131147540983,0.0,0.0
2014-09-22 10:00:00,0.274989816700611,0.0,0.0,0.0660081466395112,0.0,0.0,0.0016496945010183,0.0516089613034623,0.0,0.0
2014-09-22 11:00:00,0.2724473161033797,0.0,0.0,0.0659781312127236,0.0202405566600397,0.0,0.0015546719681908,0.053572564612326,0.0,0.0
2014-09-22 12:00:00,0.3873617886178861,0.0,0.0,0.0660264227642276,0.0381483739837398,0.0,0.0016585365853658,0.1095020325203252,0.0,0.0
2014-09-22 13:00:00,0.2657806841046277,0.0,0.0,0.0661167002012072,0.0,0.0,0.0016841046277665,0.1118490945674044,0.0,0.0
2014-09-22 14:00:00,0.3104721115537849,0.0,0.0,0.0663645418326693,0.0569262948207171,0.0,0.0016215139442231,0.097296812749004,0.0,0.0
2014-09-22 15:00:00,0.2715338983050847,0.0,0.0,0.0662733050847457,0.0,0.0,0.0015529661016949,0.1164597457627118,0.0007754237288135,0.0
2014-09-22 16:00:00,0.4149940828402366,0.0,0.0,0.0661065088757396,0.0290591715976331,0.0,0.001516765285996,0.0923609467455621,0.0,0.0
2014-09-22 17:00:00,0.3714203187250996,0.0,0.0,0.0661952191235059,0.0288486055776892,0.0,0.0015996015936254,0.064418326693227,0.0,0.0
2014-09-22 18:00:00,0.6114038095238095,0.0,7.619047619047619e-06,0.0658514285714285,0.0,0.0,0.0015066666666666,0.1181104761904762,0.0,0.0
2014-09-22 19:00:00,0.5163293718166384,0.0,0.0,0.0655942275042444,0.0566112054329371,0.0,0.0014227504244482,0.1251307300509337,0.0,0.0
2014-09-22 20:00:00,0.3504347826086956,0.0,0.0,0.0657982608695652,0.0,0.0,0.0016226086956521,0.0856330434782608,0.0,0.0
2014-09-22 21:00:00,0.237327619047619,0.0,0.0,0.0659371428571428,0.0231542857142857,0.0,0.001767619047619,0.0532019047619047,0.0,0.0
2014-09-22 22:00:00,0.3153056680161943,0.0,0.0,0.0657327935222672,0.0360951417004048,0.0,0.0017591093117408,0.1027834008097166,0.0,0.0
2014-09-22 23:00:00,0.2847695390781563,0.0,0.0,0.0398957915831663,0.0,0.0,0.0018276553106212,0.118440881763527,0.0,0.0
2014-09-23 00:00:00,0.2540916334661354,0.0,0.0,0.0469442231075697,0.0572270916334661,0.0,0.0018824701195219,0.0517310756972111,0.0,0.0
2014-09-23 01:00:00,0.2017938775510204,0.0,0.0,0.0663897959183673,0.0,0.0,0.0017877551020408,0.0529918367346938,0.0,0.0
2014-09-23 02:00:00,0.1834371134020618,0.0,0.0,0.0295278350515463,0.0,0.0,0.0018,0.0518144329896907,0.0,0.0
2014-09-23 03:00:00,0.2613250517598344,0.0,0.0,0.0589896480331262,0.0555175983436853,0.0,0.0018053830227743,0.0531180124223602,0.0,0.0
2014-09-23 04:00:00,0.2115238095238095,0.0,0.0,0.0533809523809523,0.0,0.0,0.0017943722943722,0.0524220779220779,0.0,0.0
2014-09-23 05:00:00,0.5635670995670996,0.0,0.0,0.0341709956709956,0.0198571428571428,0.0,0.0017380952380952,0.0526385281385281,0.0114047619047619,0.0
2014-09-23 06:00:00,0.8064142335766423,0.0,0.0,0.0671003649635036,0.0335419708029197,0.0,0.0013613138686131,0.0532244525547445,0.023941605839416,0.0
2014-09-23 07:00:00,0.6915135746606335,0.0,0.0,0.0656674208144796,0.0,0.0,6.561085972850679e-05,0.0438190045248868,0.0,0.0
2014-09-23 08:00:00,0.586139393939394,0.0,0.0,0.024450505050505,0.0435090909090909,0.0,0.0,0.036450505050505,0.0,0.0
2014-09-23 09:00:00,0.4741082089552239,0.0,0.0,0.0672593283582089,0.0106343283582089,0.0,0.0,0.0367220149253731,0.0,0.0
2014-09-23 10:00:00,0.4088326923076923,0.0,0.0,0.065425,0.0,0.0,0.0,0.0368326923076923,0.0,0.0
2014-09-23 11:00:00,0.3821039215686275,0.0,0.0,0.0649372549019607,0.0566725490196078,0.0,0.0,0.0368019607843137,0.0,0.0
2014-09-23 12:00:00,0.1808873517786561,0.0,0.0,0.0654328063241106,0.0,0.0,0.0,0.0359090909090909,0.0,0.0
2014-09-23 13:00:00,0.3107753222836095,0.0,0.0,0.0653075506445672,0.013939226519337,0.0,0.0,0.0368489871086556,0.0,0.0
2014-09-23 14:00:00,0.4635289575289575,0.0,0.0,0.0657548262548262,0.0403339768339768,0.0,0.0,0.0360096525096525,0.0,0.0
2014-09-23 15:00:00,0.370625678119349,0.0,0.0,0.065755877034358,1.8083182640144663e-05,0.0,0.0,0.0369132007233273,0.0,0.0
2014-09-23 16:00:00,0.24340234375,0.0,0.0,0.06582421875,0.057716796875,0.0,0.0,0.0387890625,0.0,0.0
2014-09-23 17:00:00,0.2177834274952919,0.0,0.0,0.0657551789077212,0.0,0.0,0.0,0.0776967984934086,0.0,0.0
2014-09-23 18:00:00,0.6888436363636364,0.0,0.0,0.0660290909090909,0.0,0.0,0.0,0.0738563636363636,7.636363636363637e-05,0.0
2014-09-23 19:00:00,0.709286432160804,0.0,0.0,0.0658023450586264,0.0628375209380234,0.0,0.0,0.0763433835845896,0.0,0.0
2014-09-23 20:00:00,0.8139095477386935,0.0,0.0,0.065716917922948,0.0,0.0,0.0,0.0710335008375209,0.0,0.0
2014-09-23 21:00:00,0.2695498084291188,0.0,0.0,0.0661187739463601,0.0,0.0,0.0,0.036955938697318,0.0,0.0
2014-09-23 22:00:00,0.3518224101479915,0.0,0.0,0.0658689217758985,0.0631627906976744,0.0,0.0,0.0362262156448202,0.0,0.0
2014-09-23 23:00:00,0.1828800856531049,0.0,0.0,0.0658351177730192,0.0,0.0,0.0,0.0368886509635974,0.0,0.0
2014-09-24 00:00:00,0.1767421383647798,0.0,0.0,0.0657819706498951,0.0,0.0,0.0,0.0359538784067086,0.0,0.0
2014-09-24 01:00:00,0.2472869022869022,0.0,0.0,0.0656569646569646,0.0657318087318087,0.0,0.0,0.0376673596673596,0.0,0.0
2014-09-24 02:00:00,0.1791844863731656,0.0,0.0,0.0657568134171907,0.00420964360587,0.0,0.0,0.036503144654088,0.0,0.0
2014-09-24 03:00:00,0.1637483296213808,0.0,0.0,0.0322672605790645,0.0,0.0,0.0,0.0369487750556792,0.0,0.0
2014-09-24 04:00:00,0.2174652631578947,0.0,0.0,0.0591452631578947,0.031378947368421,0.0,0.0,0.0372484210526315,0.0,0.0
2014-09-24 05:00:00,0.2391959595959596,0.0,0.0,0.0656020202020202,0.0345818181818181,0.0,0.0,0.0366686868686868,0.0,0.0
2014-09-24 06:00:00,0.669690518783542,0.0,0.0,0.0648157423971377,0.0,0.0,0.0,0.0357906976744186,0.0001216457960644,0.0
2014-09-24 07:00:00,0.4407902912621358,0.0,0.0,0.0425805825242718,0.0179456310679611,0.0,0.0,0.0368116504854368,0.0,0.0
2014-09-24 08:00:00,0.3946968503937008,0.0,0.0,0.0473779527559055,0.0519370078740157,0.0,0.0,0.0358208661417322,0.0,0.0
2014-09-24 09:00:00,0.3579119170984456,0.0,0.0,0.0655354058721934,0.0,0.0,0.0,0.0366873920552677,0.0,0.0
2014-09-24 10:00:00,0.4218366666666666,0.0,0.0,0.0650116666666666,0.0,0.0,0.0,0.035765,0.0,0.0
2014-09-24 11:00:00,0.3730704697986577,0.0,0.0,0.0652734899328859,0.0628523489932885,0.0,0.0,0.0370536912751677,0.0,0.0
2014-09-24 12:00:00,0.4131376936316695,0.0,0.0,0.065249569707401,0.0,0.0,0.0,0.0570361445783132,0.0,0.0
2014-09-24 13:00:00,0.561875236294896,0.0,0.0,0.0653799621928166,0.0107353497164461,0.0,0.0,0.0370567107750472,0.0,0.0
2014-09-24 14:00:00,0.3947070895522388,0.0,0.0,0.0657220149253731,0.0538694029850746,0.0,0.000401119402985,0.0361847014925373,0.0,0.0
2014-09-24 15:00:00,0.1816581027667984,0.0,0.0,0.067090909090909,0.0,0.0,5.731225296442688e-05,0.0370039525691699,0.0,0.0
2014-09-24 16:00:00,0.2141805273833671,0.0,0.0,0.0668600405679513,0.0280121703853955,0.0,4.0567951318458416e-05,0.0359675456389452,0.0,0.0
2014-09-24 17:00:00,0.375311411992263,0.0,0.0,0.0662940038684719,0.036063829787234,0.0124835589941972,1.353965183752418e-05,0.0463655705996131,0.0,0.0
2014-09-24 18:00:00,1.7618776290630973,0.0,0.0,0.067151051625239,0.0,0.5229885277246653,2.48565965583174e-05,0.0358393881453154,0.0952810707456979,0.0
2014-09-24 19:00:00,1.0131309734513274,0.0,0.0,0.0664530973451327,0.0,0.114375221238938,1.9469026548672565e-05,0.0667858407079645,0.0005840707964601,0.0
2014-09-24 20:00:00,0.5379891891891893,0.0,0.0,0.0663459459459459,0.0705495495495495,0.0,0.0001711711711711,0.0523423423423423,0.0,0.0
2014-09-24 21:00:00,0.2179809523809524,0.0,0.0,0.0664323809523809,0.0,0.0,0.0002266666666666,0.0369219047619047,0.0,0.0
2014-09-24 22:00:00,0.2047084188911704,0.0,0.0,0.0661909650924024,0.0,0.0,0.0003264887063655,0.0363244353182751,0.0,0.0
2014-09-24 23:00:00,0.2702352941176471,0.0,0.0,0.0660649087221095,0.0238904665314401,0.0,0.000367139959432,0.0368275862068965,0.0,0.0
2014-09-25 00:00:00,0.3259489194499018,0.0,0.0,0.0220707269155206,0.0455992141453831,0.0,0.0001925343811394,0.0361178781925343,0.0,0.0
2014-09-25 01:00:00,0.2903170731707317,0.0,0.0,0.0656626016260162,0.0,0.0,0.0001666666666666,0.037160569105691,0.0,0.0
2014-09-25 02:00:00,0.2676200787401575,0.0,0.0,0.049757874015748,0.0,0.0,0.000259842519685,0.036017716535433,0.0,0.0
2014-09-25 03:00:00,0.2807984496124031,0.0,0.0,0.0372751937984496,0.0640329457364341,0.0,0.0003682170542635,0.0368624031007751,0.0,0.0
2014-09-25 04:00:00,0.2860978473581213,0.0,0.0,0.0667201565557729,0.0090802348336594,0.0,0.0002093933463796,0.0358590998043052,0.0,0.0
2014-09-25 05:00:00,0.7191445544554456,0.0,0.0,0.0230851485148514,0.0,0.0,0.0001049504950495,0.0368970297029703,0.0012059405940594,0.0
2014-09-25 06:00:00,1.9513013698630133,0.0,0.0,0.0521004566210045,0.035255707762557,0.0,3.1963470319634704e-05,0.035931506849315,0.0,0.0
2014-09-25 07:00:00,0.4863555992141454,0.0,0.0,0.0657603143418467,0.0514950884086444,0.0,6.090373280943025e-05,0.0428271119842829,0.0,0.0
2014-09-25 08:00:00,0.4577508833922262,0.0,0.0,0.0247685512367491,0.0,0.0,5.123674911660778e-05,0.037321554770318,0.0,0.0
2014-09-25 09:00:00,0.4387397504456328,0.0,0.0,0.0620499108734402,0.0,0.0,0.0,0.0384010695187165,0.0,0.0
2014-09-25 10:00:00,0.5285422794117648,0.0,0.0,0.065579044117647,0.0652702205882352,0.0,0.0,0.0360772058823529,0.0,0.0
2014-09-25 11:00:00,0.4178579439252337,0.0,0.0,0.0677682242990654,0.0,0.0,0.0,0.0377196261682243,0.0,0.0
2014-09-25 12:00:00,0.3487548387096774,0.0,0.0,0.0660516129032258,0.0,0.0,0.0,0.0462236559139785,0.0,0.0
2014-09-25 13:00:00,0.5160176056338028,0.0,0.0,0.0653468309859154,0.0697676056338028,0.0,1.7605633802816902e-06,0.0300792253521126,0.0,0.0
2014-09-25 14:00:00,0.8436921739130434,0.0,0.0,0.0655999999999999,0.0,0.0,0.1187460869565217,0.0292243478260869,0.0,0.0
2014-09-25 15:00:00,2.086582897033159,0.0,0.0,0.0654659685863874,0.0,0.0118900523560209,0.8010471204188482,0.0671291448516579,0.0,0.0
2014-09-25 16:00:00,2.035445614035088,0.0,0.0,0.0658614035087719,0.0730649122807017,0.5359719298245613,0.0127842105263157,0.0640438596491228,0.1296350877192982,0.0
2014-09-25 17:00:00,0.5101201413427562,0.0,0.0,0.0658286219081272,0.0,0.133143109540636,0.0010918727915194,0.0709310954063604,0.0,0.0
2014-09-25 18:00:00,2.638269165247019,0.0,0.0,0.0652061328790459,0.0,0.0,0.416618398637138,0.0444395229982964,0.0,0.0
2014-09-25 19:00:00,2.0292491582491583,0.0,0.0,0.0661094276094276,0.072087542087542,0.0,0.4709612794612794,0.1007676767676767,0.0,0.0
2014-09-25 20:00:00,0.8909137931034482,0.0,0.0,0.0664827586206896,0.0,0.0,0.0015637931034482,0.097201724137931,0.1113706896551724,0.0
2014-09-25 21:00:00,0.2197228070175438,0.0,0.0,0.0665,0.0,0.0,0.0016228070175438,0.0399438596491228,0.0,0.0
2014-09-25 22:00:00,0.2561130434782608,0.0,0.0,0.0666208695652173,0.066855652173913,0.0,0.0017634782608695,0.0370208695652173,0.0,0.0
2014-09-25 23:00:00,0.1868886956521739,0.0,0.0,0.0667860869565217,0.0072660869565217,0.0,0.00172,0.0384504347826087,0.0,0.0
2014-09-26 00:00:00,0.185153448275862,0.0,0.0,0.0663344827586207,0.0,0.0,0.0015827586206896,0.0364051724137931,0.0,0.0
2014-09-26 01:00:00,0.3391849912739965,0.0,0.0,0.0662129144851658,0.0440523560209424,0.0,0.0016160558464223,0.0373944153577661,0.0,0.0
2014-09-26 02:00:00,0.3033130434782608,0.0,0.0,0.0663060869565217,0.027535652173913,0.0,0.0017147826086956,0.036495652173913,0.0,0.0
2014-09-26 03:00:00,0.2557026548672566,0.0,0.0,0.0663221238938053,0.0,1.415929203539823e-05,0.0017469026548672,0.0374035398230088,0.0,0.0
2014-09-26 04:00:00,0.2440425531914893,0.0,0.0,0.0661648936170212,0.029627659574468,0.0,0.0017801418439716,0.0363670212765957,0.0,0.0
2014-09-26 05:00:00,0.2583734729493891,0.0,0.0,0.0658568935427574,0.0411378708551483,0.0,0.0017452006980802,0.0373961605584642,0.0,0.0
2014-09-26 06:00:00,0.8155516637478109,0.0,0.0,0.06561646234676,0.0,0.0,0.0016287215411558,0.036446584938704,0.0390525394045534,0.0
2014-09-26 07:00:00,0.3190466786355475,0.0,0.0,0.0655798922800718,0.0142980251346499,0.0,0.0016732495511669,0.0375583482944344,0.0,0.0
2014-09-26 08:00:00,0.3590594405594405,0.0,0.0,0.0654493006993006,0.0536975524475524,0.0,0.0015961538461538,0.0364667832167832,0.0,0.0
2014-09-26 09:00:00,0.2761721739130435,0.0,0.0,0.0653130434782608,0.0,0.0,0.0015947826086956,0.0384173913043478,0.0,0.0
2014-09-26 10:00:00,0.2354502617801047,0.0,0.0,0.0653752181500872,0.0177486910994764,0.0,0.0016352530541012,0.0364886561954624,0.0,0.0
2014-09-26 11:00:00,0.2505801393728223,0.0,0.0,0.0668083623693379,0.054567944250871,0.0,0.0015505226480836,0.0375,0.0,0.0
2014-09-26 12:00:00,0.2895664335664335,0.0134195804195804,0.0,0.0676048951048951,0.0,0.0,0.0010874125874125,0.0368758741258741,0.0,0.0
2014-09-26 13:00:00,0.4870758377425044,0.0,0.0,0.0675696649029982,0.0322927689594356,0.0,0.0010705467372134,0.0377442680776014,0.0,0.0
2014-09-26 14:00:00,0.861486013986014,0.0,0.0,0.0679265734265734,0.0344055944055944,0.0047552447552447,0.4900804195804196,0.0364825174825174,0.0,0.0
2014-09-26 15:00:00,0.7861762652705061,0.0,0.0,0.0677539267015706,0.0,0.0,0.4497940663176265,0.0826125654450261,0.0,0.0
2014-09-26 16:00:00,0.6253010204081633,0.0,0.0,0.0680085034013605,0.0574642857142857,0.0,0.0011785714285714,0.0892074829931972,0.0,0.0
2014-09-26 17:00:00,0.8955744680851063,0.0,0.0,0.0681418439716312,0.0,0.0301063829787234,0.0015425531914893,0.1143333333333333,0.0,0.0
2014-09-26 18:00:00,2.0006702127659577,0.0,0.0,0.0673563829787234,0.0430336879432624,0.5687943262411348,0.0011507092198581,0.109854609929078,0.1170248226950354,0.0
2014-09-26 19:00:00,0.8810988074957411,0.0,0.0,0.0677512776831345,0.014923339011925,0.1011073253833049,0.0010511073253833,0.0865161839863713,0.0192487223168654,0.0
2014-09-26 20:00:00,0.3113214285714286,0.0,0.0,0.0676910714285714,0.0113535714285714,0.0,0.0011696428571428,0.0636196428571428,0.0,0.0
2014-09-26 21:00:00,0.2365335628227194,0.0,0.0,0.068,0.0454664371772805,0.0,0.0012994836488812,0.0446919104991394,0.0,0.0
2014-09-26 22:00:00,0.1803889816360601,0.0,0.0,0.0680684474123539,0.0,0.0,0.0013121869782971,0.0439983305509181,0.0,0.0
2014-09-26 23:00:00,0.2440283333333333,0.0,0.0,0.0678983333333333,0.0540866666666666,0.0,0.001385,0.0447466666666666,0.0,0.0
2014-09-27 00:00:00,0.1828450704225352,0.0,0.0,0.0673697183098591,0.0,0.0,0.0013996478873239,0.0436637323943662,0.0,0.0
2014-09-27 01:00:00,0.3420582362728785,0.0,0.0,0.066963394342762,0.051134775374376,0.0,0.0014159733777038,0.0446738768718801,0.0,0.0
2014-09-27 02:00:00,0.2707412353923205,0.0,0.0,0.0666894824707846,0.0010701168614357,0.0,0.0014056761268781,0.0449883138564273,0.0,0.0
2014-09-27 03:00:00,0.3066772046589018,0.0011713810316139,0.0,0.0662545757071547,0.0296672212978369,0.0,0.0014392678868552,0.0447537437603993,0.0,0.0
2014-09-27 04:00:00,0.3349983305509182,0.0,0.0,0.0220133555926544,0.0219415692821368,0.0,0.0014874791318864,0.0619782971619365,0.0,0.0
2014-09-27 05:00:00,0.4891262626262626,0.0,0.0,0.0670117845117845,0.0,0.0,0.0011801346801346,0.1217087542087542,0.0,0.0
2014-09-27 06:00:00,1.1279214285714283,0.0,0.0,0.0663410714285714,0.0538428571428571,0.0,0.0013482142857142,0.0435696428571428,0.0,0.0
2014-09-27 07:00:00,0.9100548672566372,0.0,0.0,0.0433026548672566,0.0,0.0,0.0013929203539823,0.0448761061946902,0.0,0.0
2014-09-27 08:00:00,1.0881834215167547,0.0,0.0,0.046031746031746,0.0537442680776014,0.0,0.0015097001763668,0.0437795414462081,0.0090440917107583,0.0
2014-09-27 09:00:00,0.7884982206405693,0.0,0.0,0.0662615658362989,0.0,0.0,0.0015160142348754,0.0446494661921708,0.0157188612099644,0.0
2014-09-27 10:00:00,0.3869251336898396,0.0,0.0,0.065741532976827,0.0529215686274509,0.0,0.001650623885918,0.0435579322638146,0.0,0.0
2014-09-27 11:00:00,0.3270191972076788,0.0,0.0,0.065523560209424,0.0,0.0,0.0015270506108202,0.0445479930191972,0.0,0.0
2014-09-27 12:00:00,0.4788365896980461,0.0,0.0,0.065525754884547,0.0513428063943161,0.0,0.0015293072824156,0.0555985790408525,0.0,0.0
2014-09-27 13:00:00,0.4283008547008547,0.0,0.0,0.065591452991453,0.0,0.0,0.0014923076923076,0.0577008547008547,0.0,0.0
2014-09-27 14:00:00,0.4477853881278539,0.0,0.0,0.0655296803652968,0.0030547945205479,0.0,0.0013744292237442,0.0845981735159817,0.0,0.0
2014-09-27 15:00:00,2.1149459459459456,0.0,0.0,0.0654684684684684,0.0,0.0,0.0011081081081081,0.0699639639639639,0.0,0.0
2014-09-27 16:00:00,3.849693181818182,0.0,0.0,0.0645359848484848,0.0109337121212121,0.0,0.0011041666666666,0.0438503787878787,0.0,0.0
2014-09-27 17:00:00,1.4368113522537562,0.0,0.0,0.0651569282136894,0.0532170283806343,5.008347245409015e-06,0.0234858096828046,0.0516611018363939,0.0,0.0
2014-09-27 18:00:00,1.8482570951585977,0.0,0.0,0.06538898163606,0.0190467445742904,6.6777963272120206e-06,0.4599232053422371,0.0841953255425709,0.0,0.0019048414023372
2014-09-27 19:00:00,1.5767274725274727,0.0,0.0,0.0653120879120879,0.0212483516483516,0.0,0.6367956043956045,0.0855516483516483,0.0,0.0029868131868131
2014-09-27 20:00:00,0.8115555555555556,0.0,0.0,0.0656006944444444,0.040109375,0.0,0.0017621527777777,0.0835815972222222,0.0,0.0029392361111111
2014-09-27 21:00:00,0.2189791304347826,0.0,0.0,0.0655843478260869,0.0098782608695652,0.0,0.0015286956521739,0.0447130434782608,0.0,0.0029460869565217
2014-09-27 22:00:00,0.2488959435626102,0.0,0.0,0.0659858906525573,0.0499682539682539,0.0,0.0016701940035273,0.0437865961199294,0.0,0.0029629629629629
2014-09-27 23:00:00,0.2200230905861456,0.0,0.0,0.0662433392539964,0.0,0.0,0.0017921847246891,0.044570159857904,0.0,0.0029698046181172
2014-09-28 00:00:00,0.3472464788732394,0.0,0.0,0.0657676056338028,0.0473926056338028,0.0,0.0016144366197183,0.0436514084507042,0.0,0.0029612676056338
2014-09-28 01:00:00,0.2746014109347442,1.4109347442680774e-05,0.0,0.0658042328042328,0.0038447971781305,0.0,0.001673721340388,0.0447460317460317,0.0,0.0029541446208112
2014-09-28 02:00:00,0.2776448763250883,0.0,0.0,0.0204240282685512,0.0355212014134275,0.0,0.0017773851590106,0.0436855123674911,0.0,0.0029434628975265
2014-09-28 03:00:00,0.2282718978102189,0.0,0.0,0.0698759124087591,0.0170364963503649,0.0,0.0018321167883211,0.0446605839416058,0.0,0.0029580291970802
2014-09-28 04:00:00,0.2023001808318263,0.0,0.0,0.0668734177215189,0.0153508137432188,0.0,0.0018010849909584,0.0435967450271247,0.0,0.0029493670886075
2014-09-28 05:00:00,0.2612,0.0,0.0,0.0662191304347826,0.0375060869565217,0.0,0.0016973913043478,0.04452,0.0,0.0029704347826086
2014-09-28 06:00:00,0.4201829268292683,0.0,0.0,0.0662003484320557,0.0,0.0,0.0017543554006968,0.0435940766550522,0.0,0.0029233449477351
2014-09-28 07:00:00,1.0444875444839858,0.0,0.0,0.0657704626334519,0.051661921708185,0.0,0.0015818505338078,0.0445035587188612,0.0,0.0034110320284697
2014-09-28 08:00:00,1.3310809859154928,0.0,0.0,0.0654735915492957,0.0419119718309859,0.4828169014084507,0.0015422535211267,0.0436954225352112,0.0,0.0041637323943661
2014-09-28 09:00:00,0.4313256637168142,0.0,0.0,0.0654442477876106,0.0,0.1049327433628318,0.0015663716814159,0.0446637168141592,0.0,0.0041026548672566
2014-09-28 10:00:00,0.3795216606498194,0.0,0.0,0.0654458483754512,0.0459187725631769,0.0540252707581227,0.0015469314079422,0.043696750902527,0.0,0.0041606498194945
2014-09-28 11:00:00,0.2735926573426573,0.0,0.0,0.0659178321678321,0.0039353146853146,0.0,0.0015437062937062,0.0446153846153846,0.0,0.0041241258741258
2014-09-28 12:00:00,0.3467785588752197,0.0,0.0,0.0659384885764499,0.0462759226713532,0.0,0.0014446397188049,0.0436942003514938,0.0,0.0041265377855887
2014-09-28 13:00:00,0.2815982300884956,0.0,0.0,0.066316814159292,0.0094672566371681,0.0,0.0015646017699115,0.0445026548672566,0.0,0.0041469026548672
2014-09-28 14:00:00,0.3356555360281195,0.0,0.0,0.0665588752196836,0.0439666080843585,0.0,0.0016045694200351,0.0452548330404217,0.0,0.0041212653778558
2014-09-28 15:00:00,0.2884586206896551,0.0,0.0,0.0666862068965517,0.0020172413793103,0.0,0.0014879310344827,0.0446913793103448,0.0,0.0041827586206896
2014-09-28 16:00:00,0.5742268041237113,0.0,0.0,0.0667371134020618,0.0529226804123711,0.0,0.00146735395189,0.0687079037800687,0.0,0.0041666666666666
2014-09-28 17:00:00,0.5277294938917976,0.0,0.0,0.0661518324607329,0.0,0.0,0.0011640488656195,0.085479930191972,0.0,0.0041448516579406
2014-09-28 18:00:00,1.2751411359724614,0.0,0.0,0.0658743545611015,0.0521531841652323,0.4825576592082616,0.001144578313253,0.0810791738382099,0.0,0.004156626506024
2014-09-28 19:00:00,0.5610172413793103,0.0,0.0,0.0667068965517241,0.0,0.1076706896551724,0.0014965517241379,0.081953448275862,0.0,0.0041241379310344
2014-09-28 20:00:00,0.3655232358003442,0.0,0.0,0.0666815834767642,0.0490292598967297,0.046065404475043,0.0014905335628227,0.0534905335628227,0.0,0.0041290877796901
2014-09-28 21:00:00,0.2043775862068965,0.0,0.0,0.0667913793103448,0.0,0.0,0.0015758620689655,0.0447241379310344,0.0,0.0041103448275862
2014-09-28 22:00:00,0.2447258064516129,0.0,0.0,0.0669939516129032,0.0460322580645161,0.0,0.0017237903225806,0.0441774193548387,0.0,0.0041189516129032
2014-09-28 23:00:00,0.2413459915611814,0.0,0.0,0.0669472573839662,0.0,0.0,0.0017468354430379,0.0449050632911392,0.0,0.004084388185654
2014-09-29 00:00:00,0.3555413533834586,0.0,0.0,0.0669586466165413,0.0510281954887218,0.0,0.0017932330827067,0.0437706766917293,0.0,0.0041466165413533
2014-09-29 01:00:00,0.2693664383561644,0.0,0.0,0.0668561643835616,0.0,0.0,0.0017380136986301,0.0448219178082191,0.0,0.0041044520547945
2014-09-29 02:00:00,0.3332667844522968,0.0,0.0,0.0669893992932862,0.0520742049469964,0.0,0.0018268551236749,0.0436625441696113,0.0,0.0041360424028268
2014-09-29 03:00:00,0.1994705882352941,0.0,0.0,0.0668823529411764,0.0,0.0,0.0018970588235294,0.0435882352941176,0.0,0.0041470588235294
2014-09-29 04:00:00,0.4012136602451838,0.0,0.0,0.0664133099824868,0.0320070052539404,0.0,0.0017425569176882,0.1040350262697022,0.0,0.0041225919439579
2014-09-29 05:00:00,0.3544582593250444,0.0,0.0,0.0661563055062166,0.0138650088809946,0.0,0.0017087033747779,0.1032504440497335,0.0,0.0041190053285968
2014-09-29 06:00:00,1.1041894736842104,0.0,0.0,0.0657438596491228,0.0345561403508771,0.0,0.0015649122807017,0.0438017543859649,0.0,0.0041228070175438
2014-09-29 07:00:00,0.3438873239436619,0.0,0.0,0.0656320422535211,0.0171091549295774,0.0,0.0013820422535211,0.0450721830985915,0.0,0.0041232394366197
2014-09-29 08:00:00,0.2918977072310406,0.0,0.0,0.0656349206349206,0.0182151675485008,0.0,0.0015379188712522,0.0437813051146384,0.0,0.0041322751322751
2014-09-29 09:00:00,0.7927207678883071,0.0,0.0,0.0655357766143106,0.037610820244328,0.0,0.0014938917975567,0.0447556719022687,0.0,0.0041204188481675
2014-09-29 10:00:00,1.1634649572649574,0.0,0.0,0.0660547008547008,0.0,0.0,0.4375282051282051,0.0438307692307692,0.056242735042735,0.0041470085470085
2014-09-29 11:00:00,0.8139759704251386,0.0,0.0,0.0659611829944547,0.0,0.0,0.4815988909426987,0.04490573012939,0.0,0.0041349353049907
2014-09-29 12:00:00,0.4714117647058823,0.0,0.0,0.0660647058823529,0.0768098039215686,0.0,0.0015058823529411,0.0438156862745098,0.0,0.004135294117647
2014-09-29 13:00:00,0.6287490421455939,0.0,0.0,0.0665459770114942,0.0,0.0,0.0013295019157088,0.044787356321839,0.0792222222222222,0.0041226053639846
2014-09-29 14:00:00,0.4017129094412331,0.0,0.0,0.0692504816955684,0.0359576107899807,0.0,0.0012678227360308,0.0438554913294797,0.0,0.0041290944123314
2014-09-29 15:00:00,1.6141316725978647,0.0,0.0,0.0700516014234875,0.0240800711743772,0.0,0.0013078291814946,0.0447918149466192,0.0,0.0041939501779359
2014-09-29 16:00:00,1.5224219030520647,0.0,0.0,0.0718563734290843,0.0,0.0,0.0012351885098743,0.0441490125673249,0.0,0.0041472172351885
2014-09-29 17:00:00,1.299560271646859,0.0,0.0,0.0723514431239388,0.0706655348047538,0.0171307300509337,0.4484617996604414,0.0820492359932088,0.0,0.0041307300509337
2014-09-29 18:00:00,1.665474315068493,0.0,0.0,0.0716780821917808,0.0,0.5306489726027397,0.4175085616438356,0.1048493150684931,0.0,0.0041335616438356
2014-09-29 19:00:00,0.6374333333333333,0.0,0.0,0.072145,0.0225433333333333,0.108205,0.0012333333333333,0.0833816666666666,0.0,0.0041566666666666
2014-09-29 20:00:00,0.2902065404475043,0.0,0.0,0.0725456110154905,0.0452633390705679,0.0,0.0013769363166953,0.0439397590361445,0.0,0.0041428571428571
2014-09-29 21:00:00,0.2307766497461929,0.0,0.0,0.0729509306260575,0.0,0.0,0.0016108291032148,0.0451133671742808,0.0,0.0041235194585448
2014-09-29 22:00:00,0.4254674457429048,0.0,0.0,0.0730100166944908,0.0649916527545909,0.0,0.0016844741235392,0.0440100166944908,0.0,0.004118530884808
2014-09-29 23:00:00,0.3170366666666667,0.0,0.0,0.0729733333333333,0.0,0.0,0.00174,0.0447183333333333,0.0,0.0041183333333333
2014-09-30 00:00:00,0.3284016666666666,0.0,0.0,0.0727516666666666,0.0148116666666666,0.0,0.0016899999999999,0.0437883333333333,0.0,0.0040916666666666
2014-09-30 01:00:00,0.38775,0.0,0.0,0.072295,0.0498433333333333,0.0,0.0016383333333333,0.0463549999999999,0.0,0.0041116666666666
2014-09-30 02:00:00,0.2546594323873122,0.0,0.0,0.0720801335559265,0.0,0.0,0.0017529215358931,0.0438731218697829,0.0,0.0041202003338898
2014-09-30 03:00:00,0.2882445923460898,0.0,0.0,0.0717038269550748,0.0540232945091514,0.0,0.0017537437603993,0.0446938435940099,0.0,0.0040915141430948
2014-09-30 04:00:00,0.227575959933222,0.0,0.0,0.071,0.0015826377295492,0.0,0.0016911519198664,0.0439282136894824,0.0,0.0041302170283806
2014-09-30 05:00:00,0.4304575707154742,0.0,0.0,0.0703444259567387,0.0167038269550748,0.0,0.0016788685524126,0.0447970049916805,0.0,0.0041480865224625
2014-09-30 06:00:00,0.9195246179966045,0.0,0.0,0.0699100169779286,0.0373582342954159,0.0,0.0015568760611205,0.0438030560271646,0.0423514431239388,0.0041460101867572
2014-09-30 07:00:00,0.8379244966442954,0.0,0.0,0.0692768456375838,0.0,0.0,0.0014328859060402,0.0626006711409395,0.0,0.0041359060402684
2014-09-30 08:00:00,0.920768551236749,0.0,0.0,0.0688886925795053,0.0503356890459363,0.0,0.0013551236749116,0.1276696113074205,0.0,0.0041130742049469
2014-09-30 09:00:00,0.6809219600725953,0.0,0.0,0.068600725952813,0.0,0.1765934664246823,0.0013030852994555,0.0798584392014519,0.0,0.00413611615245
2014-09-30 10:00:00,0.8743519163763066,0.0,0.0,0.0683118466898954,0.0527073170731707,0.0247822299651567,0.0012195121951219,0.0460871080139372,0.0,0.0041672473867595
2014-09-30 11:00:00,1.0265615251299829,0.0,0.0,0.0684090121317157,0.0,0.0,0.0013466204506065,0.053899480069324,0.0,0.004159445407279
2014-09-30 12:00:00,0.6277956204379562,0.0,0.0,0.0702664233576642,0.0622627737226277,0.0,0.0008795620437956,0.1083576642335766,0.0,0.0041897810218978
2014-09-30 13:00:00,0.7853366666666667,0.0,0.0,0.0706066666666666,0.0275483333333333,0.0,0.00015,0.0921333333333333,0.0,0.0041616666666666
2014-09-30 14:00:00,0.4893557894736842,0.0,0.0,0.0696947368421052,0.0505621052631578,0.0,0.0011221052631578,0.0878778947368421,0.0,0.0041663157894736
2014-09-30 15:00:00,0.4061142857142857,0.0,0.0,0.0695462184873949,0.0115193277310924,0.0,0.0010487394957983,0.1205277310924369,0.0,0.0041596638655462
2014-09-30 16:00:00,0.3557219251336899,0.0,0.0,0.0696238859180035,0.0437967914438502,0.0,0.0010677361853832,0.0701764705882352,0.0,0.0041158645276292
2014-09-30 17:00:00,0.92809010989011,0.0,0.0,0.0688285714285714,0.0101516483516483,0.0,0.0010461538461538,0.0379054945054945,0.2752901098901099,0.0041406593406593
2014-09-30 18:00:00,1.1269252173913045,0.0,0.0,0.0688052173913043,0.0393878260869565,0.0638382608695652,0.4174139130434782,0.0558260869565217,0.0,0.0041426086956521
2014-09-30 19:00:00,1.496634974533107,0.0,0.0,0.0692818336162988,0.0140933786078098,0.5028183361629881,0.5017249575551783,0.0737979626485568,0.0,0.0041052631578947
2014-09-30 20:00:00,0.5626086206896551,0.0,0.0,0.0687086206896551,0.0167362068965517,0.1032775862068965,0.0076224137931034,0.0741051724137931,0.0,0.004151724137931
2014-09-30 21:00:00,0.2816271777003484,0.0,0.0,0.0687038327526132,0.0365801393728223,0.0,0.0015104529616724,0.0366376306620209,0.0,0.0041463414634146
2014-09-30 22:00:00,0.2221099830795262,0.0,0.0,0.0686497461928934,0.0,0.0,0.0014856175972927,0.0368477157360406,0.0,0.0041133671742808
2014-09-30 23:00:00,0.2789383697813121,0.0,0.0,0.0688767395626242,0.0544592445328031,0.0,0.0016838966202783,0.0364890656063618,0.0,0.0041471172962226
2014-10-01 00:00:00,0.2597367303609342,0.0,0.0,0.0688895966029724,0.0411740976645435,0.0,0.0016751592356687,0.0358407643312101,0.0,0.0041613588110403
2014-10-01 01:00:00,0.2246688888888889,0.0,0.0,0.0685666666666666,0.0,0.0,0.00166,0.0355533333333333,0.0,0.0041577777777777
2014-10-01 02:00:00,0.3939755555555556,0.0,0.0,0.0683488888888888,0.0548222222222222,0.0,0.0016333333333333,0.0366377777777777,0.0,0.0041288888888888
2014-10-01 03:00:00,0.2956032482598608,0.0,0.0,0.0683132250580046,0.0,0.0,0.001737819025522,0.0358700696055684,0.0,0.0041461716937354
2014-10-01 04:00:00,0.330679012345679,0.0,0.0,0.0682543209876543,0.0197456790123456,0.0,0.0017259259259259,0.0361185185185185,0.0,0.0041185185185185
2014-10-01 05:00:00,0.3560536912751678,0.0,0.0,0.0660671140939597,0.0461677852348993,0.0,0.0016241610738255,0.0346442953020134,0.0,0.0040201342281879
2014-10-01 06:00:00,0.376301775147929,0.0,0.0,0.0667100591715976,0.0,0.0060591715976331,0.0012130177514792,0.0354556213017751,0.0,0.004094674556213
2014-10-01 07:00:00,1.005446215139442,0.0,0.0,0.065609561752988,0.0235976095617529,0.0,0.001402390438247,0.035011952191235,0.0096494023904382,0.0040876494023904
2014-10-01 08:00:00,0.9082645348837208,0.0,0.0,0.0663633720930232,0.0,0.4535697674418604,0.0014156976744186,0.0360436046511627,0.0,0.0041482558139534
2014-10-01 09:00:00,0.6701350364963504,0.0,0.0,0.065463503649635,0.0210510948905109,0.2388357664233576,0.001405109489051,0.0349014598540146,0.0,0.0040912408759124
2014-10-01 10:00:00,0.3931064814814815,0.0,0.0,0.0655324074074074,0.0,0.0634027777777777,0.0013425925925925,0.0373287037037037,0.0,0.0040555555555555
2014-10-01 11:00:00,0.3101794871794872,0.0,0.0,0.0644807692307692,0.0382243589743589,0.0,0.0013782051282051,0.03525,0.0,0.004051282051282
2014-10-01 12:00:00,0.2921824817518248,0.0,0.0,0.065941605839416,0.0204963503649635,0.0,0.0013138686131386,0.0347810218978102,0.0,0.0040656934306569
2014-10-01 13:00:00,0.3411896551724138,0.0,0.0,0.0632672413793103,0.0221120689655172,0.0,0.0012758620689655,0.0481896551724137,0.0,0.0039827586206896
2014-10-01 14:00:00,0.3855081967213115,0.0,0.0,0.0665,0.0177950819672131,0.0,0.0013524590163934,0.0381803278688524,0.0,0.0041147540983606
2014-10-01 15:00:00,0.3870833333333333,0.0,0.0,0.0650075757575757,0.0297196969696969,0.0,0.0013787878787878,0.0356287878787878,0.0,0.0040530303030303
2014-10-01 16:00:00,0.4202546419098143,0.0,0.0,0.065631299734748,0.0,0.0111326259946949,0.0013368700265251,0.0362228116710875,0.0,0.0042201591511936
2014-10-01 17:00:00,1.40478431372549,0.0,0.0,0.0665854341736694,0.0715882352941176,0.2588067226890756,0.0012212885154061,0.0363417366946778,8.96358543417367e-05,0.0043053221288515
2014-10-01 18:00:00,0.9573766519823788,0.0,0.0,0.066101321585903,0.0162753303964757,0.1194295154185022,0.0012290748898678,0.0371321585903083,0.0,0.0041541850220264
2014-10-01 19:00:00,2.511345054945055,0.0,0.0,0.0662395604395604,0.0295142857142857,0.4470769230769231,0.1104021978021978,0.0363934065934066,0.0,0.0041296703296703
2014-10-01 20:00:00,1.5652743362831858,0.0,0.0,0.0668915929203539,0.041716814159292,0.1110884955752212,0.7956349557522123,0.0720929203539823,0.0,0.0041283185840707
2014-10-01 21:00:00,0.3384646017699115,0.0,0.0,0.0667411504424778,0.0428915929203539,0.0303163716814159,0.0149092920353982,0.0459557522123893,0.0,0.0041349557522123
2014-10-01 22:00:00,0.1981148648648648,0.0,0.0,0.067009009009009,0.007072072072072,0.0,0.001536036036036,0.036545045045045,0.0,0.0041328828828828
2014-10-01 23:00:00,0.2212767857142857,0.0,0.0,0.0670290178571428,0.0360223214285714,0.0,0.001625,0.0361875,0.0,0.0041316964285714
2014-10-02 00:00:00,0.2243882618510158,0.0,0.0,0.0670496613995485,0.0415553047404063,0.0,0.0016884875846501,0.0367539503386004,0.0,0.0041038374717832
2014-10-02 01:00:00,0.2694910714285714,0.0,0.0,0.0667678571428571,0.0,0.0,0.0016361607142857,0.0356941964285714,0.0,0.0041495535714285
2014-10-02 02:00:00,0.32336,0.0,0.0,0.0665733333333333,0.0420688888888888,0.0,0.0016822222222222,0.0365688888888888,0.0,0.0041266666666666
2014-10-02 03:00:00,0.297086859688196,0.0,0.0,0.0665991091314031,0.0293830734966592,0.0,0.0017438752783964,0.0355991091314031,0.0,0.004120267260579
2014-10-02 04:00:00,0.2512075892857143,0.0,0.0,0.0664508928571428,0.0114040178571428,0.0,0.00178125,0.036515625,0.0,0.004140625
2014-10-02 05:00:00,0.2297011764705882,0.0,0.0,0.0661811764705882,0.038755294117647,0.0,0.0017835294117647,0.0355764705882352,0.0,0.0041647058823529
2014-10-02 06:00:00,0.2449393203883495,0.0,0.0,0.065631067961165,0.0,0.0,0.0016796116504854,0.0376456310679611,0.0,0.0041456310679611
2014-10-02 07:00:00,1.1157408376963351,0.0,0.0,0.014458115183246,0.0506727748691099,0.0,0.0014476439790575,0.0357434554973822,0.0702486910994764,0.0041282722513089
2014-10-02 08:00:00,0.4578574610244988,0.0,0.0,0.0688596881959911,0.004913140311804,0.0,0.0011336302895322,0.0365812917594654,0.0,0.0041158129175946
2014-10-02 09:00:00,0.2185933333333333,0.0,0.0,0.0660466666666666,0.0367199999999999,0.0,0.0011622222222222,0.0356733333333333,0.0,0.0041533333333333
2014-10-02 10:00:00,0.209410199556541,0.0,0.0,0.0655964523281596,0.0262838137472283,0.0,0.0011130820399113,0.0367050997782705,0.0,0.0041640798226164
2014-10-02 11:00:00,0.1960907079646017,0.0,0.0,0.0655464601769911,0.0157101769911504,0.0,0.0011039823008849,0.0356659292035398,0.0,0.0041858407079646
2014-10-02 12:00:00,0.2270959821428571,0.0,0.0,0.06553125,0.0427522321428571,0.0,0.0010691964285714,0.0367522321428571,0.0,0.0041450892857142
2014-10-02 13:00:00,0.3188666666666667,0.0,0.0,0.0654888888888888,0.0,0.0,0.0011844444444444,0.0464622222222222,0.0295911111111111,0.0041711111111111
2014-10-02 14:00:00,0.3295413870246085,0.0,0.0,0.0654921700223713,0.044744966442953,0.0,0.0013601789709172,0.0366711409395973,0.0,0.0041565995525727
2014-10-02 15:00:00,0.2571086474501108,0.0,0.0,0.066,0.0,0.0,0.0014855875831485,0.0359756097560975,0.0,0.0041263858093126
2014-10-02 16:00:00,0.3288348416289592,0.0,0.0,0.0662013574660633,0.0453506787330316,0.0,0.001524886877828,0.0367488687782805,0.0,0.0041787330316742
2014-10-02 17:00:00,2.078932735426009,0.0,0.0,0.0679170403587444,0.0272040358744394,0.0,0.0014035874439461,0.0366255605381165,0.0,0.0041502242152466
2014-10-02 18:00:00,0.6951160714285715,0.0,0.0,0.0684464285714285,0.0134709821428571,0.0,0.001203125,0.0643035714285714,0.0,0.0041316964285714
2014-10-02 19:00:00,1.1272860310421289,0.0,0.0,0.0686452328159645,0.0353259423503325,0.0,0.1334434589800443,0.0573015521064301,0.0,0.0041263858093126
2014-10-02 20:00:00,1.6498841870824053,0.0,0.0,0.068946547884187,0.0145478841870824,0.540554565701559,0.338576837416481,0.0932472160356347,0.0,0.0005857461024498
2014-10-02 21:00:00,1.3200041928721171,0.0,0.0,0.0695471698113207,0.0374591194968553,0.1179622641509434,0.4572012578616352,0.1118218029350104,0.0,0.0
2014-10-02 22:00:00,0.4769892473118279,0.0,0.0,0.0696881720430107,0.0102537634408602,0.0646451612903225,0.0012817204301075,0.0832838709677419,0.0,0.0
2014-10-02 23:00:00,0.274359375,0.0,0.0,0.0699575892857142,0.0377544642857142,0.0,0.0016517857142857,0.0368571428571428,0.0,0.0
2014-10-03 00:00:00,0.2337079646017699,0.0,0.0,0.0698982300884955,0.00954203539823,0.0,0.0016924778761061,0.0374800884955752,0.0,0.0
2014-10-03 01:00:00,0.3588079470198675,0.0,0.0,0.0696048565121412,0.0351258278145695,0.0,0.0015805739514348,0.0371125827814569,0.0,0.0
2014-10-03 02:00:00,0.3236385809312638,0.0,0.0,0.0696585365853658,0.0095476718403547,0.0,0.0016829268292682,0.0371219512195122,0.0,0.0
2014-10-03 03:00:00,0.3573977777777777,0.0,0.0,0.0696244444444444,0.0400133333333333,0.0,0.0017733333333333,0.0363355555555555,0.0,0.0
2014-10-03 04:00:00,0.2980155210643015,0.0,0.0,0.0694611973392461,0.0076718403547671,0.0,0.0017516629711751,0.0364722838137472,0.0,0.0
2014-10-03 05:00:00,0.6406319290465632,0.0,0.0,0.0689090909090909,0.0356585365853658,0.0,0.0016496674057649,0.0935742793791574,0.0,0.0929467849223946
2014-10-03 06:00:00,0.57788,0.0,0.0,0.0683422222222222,0.0105866666666666,0.0,0.0016155555555555,0.1006111111111111,0.0,0.1490911111111111
2014-10-03 07:00:00,1.3863972602739725,0.0,0.0,0.067769406392694,0.0371050228310502,0.0,0.0014703196347031,0.0356164383561643,0.0,0.1736415525114155
2014-10-03 08:00:00,0.5472678571428571,0.0,0.0,0.0675178571428571,0.0097544642857142,0.0,0.0015691964285714,0.0374397321428571,0.0,0.1885513392857142
2014-10-03 09:00:00,0.5216607142857144,0.0,0.0,0.0671183035714285,0.0409910714285714,0.0,0.0014553571428571,0.0691540178571428,0.0,0.1856651785714285
2014-10-03 10:00:00,1.0125198237885462,0.0,0.0,0.067,0.0095881057268722,0.0,0.0014052863436123,0.1027114537444933,0.0,0.1458193832599119
2014-10-03 11:00:00,0.416750556792873,0.0,0.0,0.0667750556792873,0.0466035634743875,0.0,0.00128285077951,0.07813140311804,0.0,0.1431002227171492
2014-10-03 12:00:00,0.3312833787465939,0.0,0.0,0.0669155313351498,0.0,0.0,0.0013487738419618,0.0524196185286103,0.0,0.1187329700272479
2014-10-03 13:00:00,0.4413598233995585,0.0,0.0,0.0670618101545253,0.0478013245033112,0.0,0.0013311258278145,0.1003222958057395,0.0,0.0430419426048565
2014-10-03 14:00:00,0.405125,0.0,0.0,0.0678839285714285,0.0,0.0,0.00125,0.1145424107142857,0.0,0.01025
2014-10-03 15:00:00,0.4402534246575342,0.0,0.0,0.0679018264840182,0.0504657534246575,0.0,0.0015319634703196,0.0675890410958904,0.0,0.0004748858447488
2014-10-03 16:00:00,0.3593698630136986,0.0,0.0,0.067796803652968,0.0,0.0,0.0015091324200913,0.1194794520547945,0.0,0.0004977168949771
2014-10-03 17:00:00,0.9555279642058166,0.0,0.0,0.0675503355704698,0.0496868008948545,0.0,0.0013534675615212,0.0806510067114094,0.2353042505592841,0.0001431767337807
2014-10-03 18:00:00,1.0596902654867255,0.0,0.0,0.066787610619469,0.0293849557522123,0.0,0.3872809734513274,0.0367389380530973,0.0,0.0
2014-10-03 19:00:00,1.339328888888889,0.0,0.0,0.0668111111111111,0.0158822222222222,0.0123755555555555,0.5146755555555556,0.0466422222222222,0.0,0.0
2014-10-03 20:00:00,1.094183035714286,0.0,0.0,0.066828125,0.0440803571428571,0.5511183035714285,0.0018705357142857,0.0509598214285714,0.0,0.0
2014-10-03 21:00:00,0.5876436525612472,0.0,0.0,0.067097995545657,0.0277639198218262,0.120022271714922,0.0014342984409799,0.0729020044543429,0.0,0.0
2014-10-03 22:00:00,0.3232628062360801,0.0,0.0,0.067184855233853,0.0181714922048997,0.0,0.0015478841870824,0.0592628062360801,0.0,0.0
2014-10-03 23:00:00,0.3139185520361991,0.0,0.0,0.0672262443438914,0.0460294117647058,0.0,0.0016493212669683,0.0372149321266968,0.0,0.0
2014-10-04 00:00:00,0.1924523281596452,0.0,0.0,0.0671929046563192,0.0,0.0,0.0016252771618625,0.036760532150776,0.0,0.0
2014-10-04 01:00:00,0.3364439461883408,0.0,0.0,0.0668654708520179,0.0468565022421524,0.0,0.0016367713004484,0.035329596412556,0.0,0.0
2014-10-04 02:00:00,0.2563453038674033,0.0,0.0,0.0668674033149171,0.0,0.0,0.0016574585635359,0.0365,0.0,0.0
2014-10-04 03:00:00,0.327,0.0,0.0,0.0669295454545454,0.0491840909090909,0.0,0.001740909090909,0.035540909090909,0.0,0.0
2014-10-04 04:00:00,0.2420138248847926,0.0,0.0,0.0667327188940092,0.0,0.0,0.0017672811059907,0.0362165898617511,0.0,0.0
2014-10-04 05:00:00,0.2320181818181818,0.0,0.0,0.0666227272727272,0.0496681818181818,0.0,0.0017431818181818,0.0351795454545454,0.0,0.0
2014-10-04 06:00:00,0.1776009174311926,0.0,0.0,0.066144495412844,0.0,0.0,0.0017133027522935,0.0363807339449541,0.0,0.0
2014-10-04 07:00:00,0.3937409090909091,0.0,0.0,0.0661431818181818,0.0438454545454545,0.0,0.0017272727272727,0.0354363636363636,0.0,0.0
2014-10-04 08:00:00,0.355920814479638,0.0,0.0,0.0656855203619909,0.0064366515837104,0.0,0.0015022624434389,0.0364547511312217,0.0,0.0001470588235294
2014-10-04 09:00:00,1.2317975903614458,0.0,0.0,0.0655686746987951,0.022722891566265,0.0,0.0014457831325301,0.0366409638554216,0.0,0.0009325301204819
2014-10-04 10:00:00,0.8950486725663717,0.0,0.0,0.0654269911504424,0.0306526548672566,0.0,0.0014469026548672,0.080570796460177,0.0,0.0002743362831858
2014-10-04 11:00:00,1.391719730941704,0.0,0.0,0.0653116591928251,0.0,0.0,0.00154932735426,0.0951367713004484,0.0260044843049327,4.708520179372197e-05
2014-10-04 12:00:00,1.0104567627494456,0.0,0.0,0.0650332594235033,0.0514124168514412,0.0224634146341463,5.98669623059867e-05,0.0750886917960088,0.0188558758314855,2.8824833702882484e-05
2014-10-04 13:00:00,2.40384649122807,0.0,0.0,0.0648925438596491,0.0,0.5389495614035088,0.0078991228070175,0.0478662280701754,0.0,3.947368421052632e-05
2014-10-04 14:00:00,2.373063063063063,0.0,0.0,0.0650405405405405,0.0494752252252252,0.1023963963963964,0.6715157657657658,0.1043716216216216,0.0,2.927927927927928e-05
2014-10-04 15:00:00,1.2754545454545454,0.0,0.0,0.0341441241685144,0.0132527716186252,0.0,0.2105676274944567,0.0934811529933481,0.029580931263858,3.769401330376941e-05
2014-10-04 16:00:00,0.3714755244755244,0.0,0.0,0.0458181818181818,0.0553636363636363,0.0,0.0013286713286713,0.0371958041958041,0.0,5.244755244755245e-05
2014-10-04 17:00:00,0.2326266318537859,0.0,0.0,0.0655274151436031,0.0175770234986945,0.0,0.0013133159268929,0.0359738903394255,0.0,2.8720626631853787e-05
2014-10-04 18:00:00,0.2370997679814385,0.0,0.0,0.0649651972157772,0.0308236658932714,0.0,0.0013294663573085,0.0365290023201856,0.0,2.5522041763341067e-05
2014-10-04 19:00:00,0.6508496583143508,0.0,0.0,0.0251571753986332,0.0110159453302961,0.0,0.0013120728929384,0.0363143507972665,0.0,1.8223234624145783e-05
2014-10-04 20:00:00,0.982785388127854,0.0,0.0,0.066810502283105,0.0377945205479452,0.0,0.0014703196347031,0.0364360730593607,0.0,1.5981735159817352e-05
2014-10-04 21:00:00,1.4093204545454543,0.0,0.0,0.0217545454545454,0.0201,0.6869977272727272,0.0013340909090909,0.0552681818181818,0.0,2.045454545454545e-05
2014-10-04 22:00:00,0.6297078651685394,0.0,0.0,0.0690606741573033,0.024629213483146,0.134591011235955,0.001552808988764,0.0734426966292134,0.0,3.1460674157303374e-05
2014-10-04 23:00:00,0.3760294784580499,0.0,0.0,0.0303015873015873,0.0348820861678004,0.0955056689342403,0.0018548752834467,0.0353718820861678,0.0,2.040816326530612e-05
2014-10-05 00:00:00,0.2256371882086167,0.0,0.0,0.0609954648526077,0.0088526077097505,0.0,0.0018117913832199,0.0367528344671201,0.0,1.8140589569161e-05
2014-10-05 01:00:00,0.2291447963800905,0.0,0.0,0.0268257918552036,0.0373280542986425,0.0,0.0017239819004524,0.0353687782805429,0.0,2.7149321266968327e-05
2014-10-05 02:00:00,0.2592340909090909,0.0,0.0,0.0652522727272727,0.0044045454545454,0.0,0.0017090909090909,0.036615909090909,0.0,2.5e-05
2014-10-05 03:00:00,0.4362760180995475,0.0,0.0,0.0216199095022624,0.0319524886877828,0.0,0.0018619909502262,0.0354004524886877,0.0,2.941176470588236e-05
2014-10-05 04:00:00,0.36175854214123,0.0,0.0,0.0706879271070615,0.0118132118451025,0.0,0.0018587699316628,0.0363621867881549,0.0,1.1389521640091117e-05
2014-10-05 05:00:00,0.3005226666666666,0.0,0.0,0.02148,0.0214613333333333,0.0,0.001808,0.03676,0.0,2.133333333333333e-05
2014-10-05 06:00:00,0.3415340909090909,0.0,0.0,0.0582818181818181,0.0138886363636363,0.0,0.0016840909090909,0.0363863636363636,0.0,2.9545454545454545e-05
2014-10-05 07:00:00,0.571134703196347,0.0,0.0,0.0302785388127853,0.0422442922374429,0.0,0.001324200913242,0.0355410958904109,0.0,2.73972602739726e-05
2014-10-05 08:00:00,0.4119548532731377,0.0,0.0,0.0482347629796839,0.001079006772009,0.0,0.0002437923250564,0.044313769751693,0.0,0.0002076749435665
2014-10-05 09:00:00,0.6197757847533633,0.0,0.0,0.044701793721973,0.0356838565022421,0.0,0.3624327354260089,0.03554932735426,0.0,0.001
2014-10-05 10:00:00,0.4144402654867256,0.0,0.0,0.0344070796460177,0.0113407079646017,0.0,0.218037610619469,0.0385221238938053,0.0,0.001
2014-10-05 11:00:00,0.5688362831858407,0.0,0.0,0.0591371681415929,0.0201814159292035,0.0,0.3421172566371682,0.0354623893805309,0.0,0.001
2014-10-05 12:00:00,0.2394855875831485,0.0,0.0,0.0656452328159645,0.0279534368070953,0.0,0.0012660753880266,0.0365254988913525,0.0,0.001
2014-10-05 13:00:00,0.1846808035714285,5.8035714285714285e-05,0.0,0.0254285714285714,0.0,0.0,0.0015803571428571,0.0359799107142857,0.0,0.001
2014-10-05 14:00:00,0.2665986547085202,0.0,0.0,0.0679887892376681,0.0518206278026905,0.0,0.0015179372197309,0.035829596412556,0.0,0.001
2014-10-05 15:00:00,0.2836629464285714,0.0,0.0,0.0657522321428571,0.0,0.0,0.00146875,0.035375,0.0,0.001
2014-10-05 16:00:00,0.4256022222222222,0.0,0.0,0.0655177777777777,0.0523577777777777,0.0,0.0013911111111111,0.0365333333333333,0.0,0.001
2014-10-05 17:00:00,0.6186940639269407,0.0,0.0,0.0649086757990867,0.0031187214611872,0.0,0.0011757990867579,0.0596529680365296,0.0,0.001
2014-10-05 18:00:00,1.6665244444444445,0.0,0.0,0.0645555555555555,0.0042244444444444,0.01032,0.0011111111111111,0.0414311111111111,0.0,0.001
2014-10-05 19:00:00,1.668372767857143,0.0,0.0,0.0646026785714285,0.0539352678571428,0.534875,0.0011852678571428,0.0627879464285714,0.0,0.001
2014-10-05 20:00:00,0.4720559284116331,0.0,0.0,0.0641543624161073,0.0,0.1184362416107382,0.0013042505592841,0.0779664429530201,0.0,0.001
2014-10-05 21:00:00,0.2890311111111111,0.0,0.0,0.0230755555555555,0.0177822222222222,0.0,0.0014955555555555,0.0744977777777777,0.0,0.001
2014-10-05 22:00:00,0.2349554565701559,0.0,0.0,0.0673095768374164,0.0394966592427616,0.0,0.0016681514476614,0.0434498886414253,0.0,0.001
2014-10-05 23:00:00,0.170739420935412,0.0,0.0,0.0478151447661469,0.0,0.0,0.0017104677060133,0.0374231625835189,0.0,0.001
2014-10-06 00:00:00,0.2025835189309577,0.0,0.0,0.0444187082405345,0.0309910913140311,0.0,0.0018552338530066,0.0381158129175946,0.0,0.001
2014-10-06 01:00:00,0.199913140311804,0.0,0.0,0.0682249443207126,0.0240913140311803,0.0,0.0017639198218262,0.0356369710467706,0.0,0.001
2014-10-06 02:00:00,0.1603288888888888,0.0,0.0,0.0214755555555555,0.0,0.0,0.0017377777777777,0.0366488888888888,0.0,0.001
2014-10-06 03:00:00,0.2210951327433628,0.0,0.0,0.0699911504424778,0.0405862831858407,0.0,0.0018053097345132,0.0355929203539823,0.0,0.001
2014-10-06 04:00:00,0.2412455752212389,0.0,0.0,0.061146017699115,0.0178982300884955,0.0,0.0018539823008849,0.0364712389380531,0.0,0.001
2014-10-06 05:00:00,0.4259070796460177,0.0,0.0,0.0267654867256637,0.0,0.0,0.0017522123893805,0.0509446902654867,0.0,0.001
2014-10-06 06:00:00,0.6861352549889135,0.0,0.0,0.0672350332594235,0.0304257206208425,0.0,0.0016363636363636,0.1018359201773835,0.0,0.001
2014-10-06 07:00:00,1.0927384196185288,0.0,0.0,0.0477656675749318,0.0363950953678474,0.0,0.0014059945504087,0.0364196185286103,0.0779482288828337,0.001
2014-10-06 08:00:00,0.6242177985948477,0.0,0.0,0.0358384074941452,0.0,0.0,0.0014051522248243,0.0364192037470726,0.0,0.001
2014-10-06 09:00:00,0.2222376681614349,0.0,0.0,0.065914798206278,0.0337017937219731,0.0,0.0014596412556053,0.0357107623318385,0.0,0.001
2014-10-06 10:00:00,0.2551482300884956,0.0,0.0,0.0647123893805309,0.0290929203539823,0.0,0.0014380530973451,0.0731371681415929,0.0,0.001
2014-10-06 11:00:00,1.032,0.0,0.0,0.0642054176072234,0.0,0.0,0.0012325056433408,0.0485620767494356,0.0,0.001
2014-10-06 12:00:00,1.1320056980056978,0.0,0.0,0.0308176638176638,0.0484273504273504,0.0,0.0013960113960113,0.0719658119658119,0.0556353276353276,0.001
2014-10-06 13:00:00,1.3693540229885055,0.0,0.0,0.0544022988505747,0.0202252873563218,0.0,0.4116528735632184,0.0726689655172413,0.0858298850574712,0.001
2014-10-06 14:00:00,1.005249443207127,0.0,0.0,0.0652138084632516,0.0,0.0,0.5292962138084633,0.1213518930957683,0.0,0.001
2014-10-06 15:00:00,0.3705654101995565,0.0,0.0,0.0645898004434589,0.0624146341463414,0.0,0.0020643015521064,0.059880266075388,0.0,0.001
2014-10-06 16:00:00,0.6538555555555556,0.0,0.0,0.0241266666666666,0.0,0.0,0.0013088888888888,0.0587977777777777,0.0,0.001
2014-10-06 17:00:00,0.8820200445434299,0.0,0.0,0.0679487750556793,0.0523118040089086,0.0,0.0011113585746102,0.0357483296213808,0.0,0.001
2014-10-06 18:00:00,0.8428244444444445,0.0,0.0,0.0645977777777777,0.0086977777777777,0.0,0.0011555555555555,0.0667422222222222,0.0,0.001
2014-10-06 19:00:00,1.261202222222222,0.0,0.0,0.0642533333333333,0.0,0.5270577777777778,0.0011466666666666,0.1089622222222222,0.0,0.001
2014-10-06 20:00:00,0.8602555555555556,0.0,0.0,0.0642222222222222,0.0648688888888888,0.1211844444444444,0.0012688888888888,0.0786644444444444,0.1014977777777777,0.001
2014-10-06 21:00:00,0.3479911111111111,0.0,0.0,0.0526222222222222,0.0,0.0098044444444444,0.0013888888888888,0.0786866666666666,0.0,0.001
2014-10-06 22:00:00,0.2455045045045045,0.0,0.0,0.0353108108108108,0.041831081081081,0.0,0.0014819819819819,0.0498851351351351,0.0,0.001
2014-10-06 23:00:00,0.1988883928571428,0.0,0.0,0.066578125,0.0154040178571428,0.0,0.0016852678571428,0.0374419642857142,0.0,0.001
2014-10-07 00:00:00,0.1719779249448123,4.415011037527594e-06,0.0,0.0574392935982339,0.0,0.0,0.0018211920529801,0.0369028697571743,0.0,0.001
2014-10-07 01:00:00,0.2049288888888888,0.0,0.0,0.0291222222222222,0.0556199999999999,0.0,0.0016288888888888,0.0355911111111111,0.0,0.001
2014-10-07 02:00:00,0.1790288888888889,8.888888888888888e-06,0.0,0.0668911111111111,0.0,0.0,0.0015466666666666,0.0371533333333333,0.0,0.001
2014-10-07 03:00:00,0.1930066225165563,0.0,0.0,0.0496357615894039,0.0308565121412803,0.0,0.0016203090507726,0.0364988962472406,0.0,0.001
2014-10-07 04:00:00,0.1802765486725663,7.300884955752213e-05,0.0,0.0380818584070796,0.0237234513274336,0.0,0.0016061946902654,0.0358982300884955,0.0,0.001
2014-10-07 05:00:00,0.1903525498891352,0.0,0.0,0.0663747228381374,0.0,0.0,0.0016274944567627,0.0357472283813747,0.0,0.001
2014-10-07 06:00:00,0.3290884955752212,0.0,0.0,0.0182986725663716,0.0559269911504424,0.0,0.0015597345132743,0.0359070796460177,0.0002035398230088,0.001
2014-10-07 07:00:00,0.9399599109131404,0.0,0.0,0.0696191536748329,0.0,0.0,0.0060289532293986,0.0357082405345211,0.0442026726057906,0.001
2014-10-07 08:00:00,0.9533968957871396,0.0,0.0,0.0465543237250554,0.0274190687361419,0.0,0.4135232815964523,0.0372572062084257,0.0,0.001
2014-10-07 09:00:00,1.2652472406181017,0.0,0.0,0.0431258278145695,0.0291611479028697,0.0,0.4829006622516556,0.0367417218543046,0.0,0.001
2014-10-07 10:00:00,0.6586792873051225,0.0,0.0,0.0659955456570155,0.0499710467706013,0.0,0.0018619153674832,0.0379064587973273,0.0,0.001
2014-10-07 11:00:00,0.8158775055679288,0.0,0.0,0.0233340757238307,0.0,0.0,0.0013385300668151,0.0368530066815144,0.0,0.001
2014-10-07 12:00:00,0.3723772321428572,0.0,0.0,0.0655848214285714,0.0506160714285714,0.0,0.0013236607142857,0.0372522321428571,0.0,0.001
2014-10-07 13:00:00,0.3477632743362832,0.0,0.0,0.0516106194690265,0.0,0.0,0.0012610619469026,0.0462654867256637,0.0,0.001
2014-10-07 14:00:00,0.4928351893095768,0.0,0.0,0.0367438752783964,0.0557839643652561,2.2271714922049e-06,0.0012293986636971,0.0380512249443207,0.0,0.001
2014-10-07 15:00:00,0.322876404494382,0.0,0.0,0.0661977528089887,0.0,0.0,0.0013752808988764,0.0362224719101123,0.0,0.001
2014-10-07 16:00:00,0.3993766816143497,0.0,0.0,0.0644484304932735,0.0517982062780269,0.0,0.0012578475336322,0.0373497757847533,0.0,0.001
2014-10-07 17:00:00,0.3480870535714285,0.0,0.0,0.0198013392857142,0.0,0.0,0.0012611607142857,0.0356741071428571,0.0,0.001
2014-10-07 18:00:00,0.4799261744966443,0.0,0.0,0.0669507829977628,0.0540313199105145,0.0,0.0011230425055928,0.0593467561521252,0.0,0.001
2014-10-07 19:00:00,1.1147527839643654,0.0,0.0,0.0348730512249443,0.0,0.5298641425389755,0.0011135857461024,0.0906213808463251,0.0,0.001
2014-10-07 20:00:00,0.7426263982102909,0.0,0.0,0.0528098434004474,0.051834451901566,0.1152997762863534,0.0012729306487695,0.1138590604026845,0.0,0.001
2014-10-07 21:00:00,0.538641592920354,0.0,0.0,0.0489269911504424,0.0021703539823008,0.029754424778761,0.0013075221238938,0.0841327433628318,0.0,0.001
2014-10-07 22:00:00,0.2862048997772828,0.0,0.0,0.0399086859688196,0.0248106904231625,0.0,0.0013830734966592,0.0381002227171492,0.0,0.001
2014-10-07 23:00:00,0.2750111111111111,0.0,0.0,0.0555088888888888,0.0295377777777777,0.0,0.00156,0.0381266666666666,0.0,0.001
2014-10-08 00:00:00,0.1643473451327433,0.0,0.0,0.0345110619469026,0.0,0.0,0.0016438053097345,0.0386017699115044,0.0,0.001
2014-10-08 01:00:00,0.2278504464285714,0.0,0.0,0.0561517857142857,0.0538794642857142,0.0,0.0015044642857142,0.0356160714285714,0.0,0.001
2014-10-08 02:00:00,0.1636585365853658,0.0,0.0,0.0318292682926829,0.0,4.434589800443459e-06,0.0014124168514412,0.0368048780487804,0.0,0.001
2014-10-08 03:00:00,0.1852093541202672,0.0,0.0,0.0644654788418708,0.0125300668151447,0.0,0.0014587973273942,0.035750556792873,0.0,0.001
2014-10-08 04:00:00,0.1883177777777777,0.0,0.0,0.0240777777777777,0.0408244444444444,0.0,0.0015688888888888,0.0366666666666666,0.0,0.001
2014-10-08 05:00:00,0.3075898004434589,0.0,0.0,0.0681973392461197,0.0,0.0,0.0016186252771618,0.0355698447893569,0.0,0.001
2014-10-08 06:00:00,0.4015511111111111,0.0,0.0,0.0199733333333333,0.0386222222222222,0.0,0.0015488888888888,0.0365311111111111,0.0,0.001
2014-10-08 07:00:00,1.346113895216401,0.0,0.0,0.0677084282460136,0.0155558086560364,0.0,0.0012710706150341,0.0356583143507972,0.0773940774487471,0.001
2014-10-08 08:00:00,0.8569258426966292,0.0,0.0,0.065667415730337,0.0435505617977528,0.1495033707865168,0.0013483146067415,0.036791011235955,0.0,0.001
2014-10-08 09:00:00,0.8159285714285714,0.0,0.0,0.065200460829493,0.0088433179723502,0.4511152073732719,0.0013801843317972,0.0382281105990783,0.0,0.001
2014-10-08 10:00:00,0.4507654028436019,0.0,0.0,0.0651587677725118,0.0263175355450236,0.1145568720379146,0.001324644549763,0.0365663507109004,0.0,0.001
2014-10-08 11:00:00,0.3045573033707865,0.0,0.0,0.0650786516853932,0.0272651685393258,0.0,0.0013280898876404,0.0356696629213483,0.0,0.001
2014-10-08 12:00:00,0.2527516930022573,0.0,0.0,0.0651331828442438,0.0,0.0,0.0012799097065462,0.0366117381489842,0.0,0.001
2014-10-08 13:00:00,0.4084584269662921,0.0,0.0,0.0653685393258426,0.0540629213483146,0.0,0.0013280898876404,0.0564651685393258,0.0605955056179775,0.001
2014-10-08 14:00:00,0.209829213483146,0.0,0.0,0.0648112359550561,0.0,0.0,0.0010112359550561,0.0371235955056179,0.0,0.001
2014-10-08 15:00:00,0.2749706546275395,0.0,0.0,0.0652257336343115,0.0432618510158013,0.0,0.0010519187358916,0.0366907449209932,0.0,0.001
2014-10-08 16:00:00,1.247929203539823,0.0,0.0,0.0649889380530973,0.012721238938053,0.0,0.0010110619469026,0.0360663716814159,0.0,0.001
2014-10-08 17:00:00,1.171497767857143,0.0,0.0,0.0649129464285714,0.042296875,0.0,0.0010290178571428,0.0367053571428571,0.0,0.0010044642857142
2014-10-08 18:00:00,1.163986547085202,0.0,0.0,0.0641614349775784,0.0119865470852017,0.0,0.4026838565022422,0.0506547085201793,0.0,0.001
2014-10-08 19:00:00,1.0943430493273545,0.0,0.0,0.0640403587443946,0.0280829596412556,0.0220739910313901,0.4761547085201794,0.0629865470852018,0.0,0.001
2014-10-08 20:00:00,1.2960695067264574,0.0,0.0,0.0647466367713004,0.0388834080717488,0.5410538116591928,0.0052600896860986,0.090244394618834,0.0,0.001
2014-10-08 21:00:00,0.5556785714285715,0.0,0.0,0.0645066964285714,0.0,0.0959419642857142,0.0013549107142857,0.0758816964285714,0.0,0.001
2014-10-08 22:00:00,0.3983235955056179,0.0,0.0,0.0623550561797752,0.0636202247191011,0.0,0.0015101123595505,0.0375235955056179,0.0,0.001
2014-10-08 23:00:00,0.2194187082405345,0.0,0.0,0.0248507795100222,0.0,0.0,0.0016035634743875,0.0356926503340757,0.0,0.0010089086859688
2014-10-09 00:00:00,0.2798058035714285,4.464285714285714e-05,0.0,0.0674263392857142,0.0,0.0,0.0017522321428571,0.0370959821428571,0.0,0.001
2014-10-09 01:00:00,0.2840626398210291,0.0,0.0,0.0322438478747203,0.0625995525727069,0.0,0.0016308724832214,0.0368635346756152,0.0,0.001
2014-10-09 02:00:00,0.1746167400881057,0.004511013215859,0.0,0.056715859030837,0.0,0.0,0.0015506607929515,0.0367466960352422,0.0,0.001
2014-10-09 03:00:00,0.1780801781737193,0.0,0.0,0.0587995545657015,0.0077082405345211,0.0,0.0016258351893095,0.0356993318485523,0.0,0.001
2014-10-09 04:00:00,0.1940755555555555,0.0,0.0,0.0290377777777777,0.0530933333333333,0.0,0.0017177777777777,0.0367333333333333,0.0,0.001
2014-10-09 05:00:00,0.1742834821428571,0.0,0.0,0.0672589285714285,0.0,0.0,0.0016785714285714,0.0365580357142857,0.0,0.001
2014-10-09 06:00:00,0.2435565410199556,0.0,0.0,0.0294722838137472,0.0165764966740576,0.0,0.0015343680709534,0.0368048780487804,0.0,0.001
2014-10-09 07:00:00,1.2063777777777778,0.0,0.0,0.06214,0.0497955555555555,0.0,0.0012422222222222,0.0369955555555555,0.0707955555555555,0.001
2014-10-09 08:00:00,0.99006,0.0,0.0,0.0605866666666666,0.0,0.5301844444444445,0.0013933333333333,0.0366488888888888,0.0,0.001
2014-10-09 09:00:00,0.3700311804008909,0.0,0.0,0.0268151447661469,0.0442561247216035,0.0252717149220489,0.0013385300668151,0.0356859688195991,0.0,0.001
2014-10-09 10:00:00,0.344305122494432,0.0,0.0,0.0670734966592427,0.0178775055679287,0.0,0.0012895322939866,0.0367015590200445,0.0,0.001
2014-10-09 11:00:00,0.4129889135254989,0.0,0.0,0.0643769401330376,0.0,0.0,0.0012239467849223,0.0358292682926829,0.0,0.001
2014-10-09 12:00:00,0.554326710816777,0.0,0.0,0.0558785871964679,0.058653421633554,0.0,0.0012737306843267,0.0555827814569536,0.0606622516556291,0.001
2014-10-09 13:00:00,0.3650752212389381,0.0,0.0,0.0313185840707964,0.0039845132743362,0.0,0.0013318584070796,0.0357632743362831,0.0,0.001
2014-10-09 14:00:00,0.3836755555555555,0.0,0.0,0.0663644444444444,0.0,0.0,0.0013177777777777,0.0370422222222222,0.0,0.001
2014-10-09 15:00:00,0.3869623059866962,0.0,0.0,0.06460088691796,0.0652971175166297,0.0,0.0013458980044345,0.0369889135254988,0.0,0.001
2014-10-09 16:00:00,0.4399495614035087,0.0,0.0,0.0640701754385965,0.0,0.0,0.0012543859649122,0.0366951754385964,0.0,0.001
2014-10-09 17:00:00,1.3652120535714287,0.0,0.0,0.0642142857142857,0.0289330357142857,0.0,0.0002321428571428,0.0357566964285714,0.0,0.001
2014-10-09 18:00:00,0.8602714932126697,0.0,0.0,0.0638371040723981,0.0406764705882353,0.0,2.262443438914028e-06,0.0664683257918552,0.0,0.001
2014-10-09 19:00:00,0.9221522727272728,0.0,0.0,0.021490909090909,0.0174977272727272,0.0074545454545454,0.0069272727272727,0.0763727272727272,0.0,0.001
2014-10-09 20:00:00,2.062627539503386,0.0,0.0,0.0669480812641083,0.0425643340857787,0.6133498871331828,0.4150970654627539,0.0784604966139954,0.0,0.001
2014-10-09 21:00:00,1.164471655328798,0.0,0.0,0.0493582766439909,0.0349523809523809,0.1256054421768707,0.4550680272108843,0.0759183673469387,0.0,0.001
2014-10-09 22:00:00,0.2476943820224719,0.0,0.0,0.0414651685393258,0.0190696629213483,0.0,0.0018067415730337,0.0480044943820224,0.0,0.001
2014-10-09 23:00:00,0.275328125,0.0,0.0,0.0663236607142857,0.0380691964285714,0.0,0.0014955357142857,0.0375,0.0,0.001
2014-10-10 00:00:00,0.25014,0.0,0.0,0.0243311111111111,0.0157955555555555,0.0,0.0015733333333333,0.0368999999999999,0.0,0.001
2014-10-10 01:00:00,0.2768195991091314,0.0,0.0,0.0661024498886414,0.0167461024498886,0.0,0.0015278396436525,0.0356904231625835,0.0,0.001
2014-10-10 02:00:00,0.2863747228381375,0.0,0.0,0.0438580931263858,0.0384634146341463,0.0,0.0014368070953436,0.0367716186252771,0.0,0.001
2014-10-10 03:00:00,0.188529933481153,0.0,0.0,0.0457716186252771,0.0,0.0,0.0014611973392461,0.0358447893569844,0.0,0.001
2014-10-10 04:00:00,0.2565612472160356,0.0,0.0,0.0641804008908686,0.0554365256124721,0.0,0.0015478841870824,0.0366236080178173,0.0,0.001
2014-10-10 05:00:00,0.2968040089086859,0.0,0.0,0.0313363028953229,0.0,0.0,0.0016503340757238,0.0617104677060133,0.0,0.001
2014-10-10 06:00:00,0.4736541019955654,0.0,0.0,0.0671884700665188,0.0207937915742793,0.0,0.0014257206208425,0.098350332594235,0.0,0.0009977827050997
2014-10-10 07:00:00,1.027369469026549,0.0,0.0,0.0235884955752212,0.0400110619469026,0.0,0.0014535398230088,0.0357787610619469,0.0,0.001
2014-10-10 08:00:00,0.2987627494456762,0.0,0.0,0.067920177383592,0.0,0.0,0.001490022172949,0.0382926829268292,0.0,0.001
2014-10-10 09:00:00,0.5969529147982062,0.0,0.0,0.0209910313901345,0.0601434977578475,0.0,0.001354260089686,0.0357040358744394,0.0,0.001
2014-10-10 10:00:00,0.3206883408071749,0.0,0.0,0.0689237668161435,0.0,0.0,0.0013318385650224,0.036744394618834,0.0,0.001
2014-10-10 11:00:00,0.3401428571428572,0.0,0.0,0.0616984126984127,0.0242811791383219,0.0,0.0014648526077097,0.0366054421768707,0.0,0.001
2014-10-10 12:00:00,0.6467472283813748,0.0,0.0,0.0295742793791574,0.0408270509977827,0.0,0.0013370288248337,0.0820421286031042,0.0973592017738359,0.001
2014-10-10 13:00:00,0.5723488888888888,0.0,0.0,0.0666355555555555,0.0,0.0,0.0012111111111111,0.0552177777777777,0.0309577777777777,0.001
2014-10-10 14:00:00,0.5081933333333333,0.0,0.0,0.0654466666666666,0.0578888888888888,0.0,0.00138,0.0629244444444444,0.0,0.001
2014-10-10 15:00:00,0.5403392461197339,0.0,0.0,0.0651796008869179,0.0,0.0,0.0013436807095343,0.0357272727272727,0.0,0.001
2014-10-10 16:00:00,0.9294733333333334,0.0,0.0,0.0657822222222222,0.0455444444444444,0.0001088888888888,0.0012577777777777,0.0512488888888888,0.0,0.001
2014-10-10 17:00:00,3.866862831858407,0.0,0.0,0.0656017699115044,0.0121371681415929,0.567570796460177,0.0010707964601769,0.0931570796460176,0.0,0.001
2014-10-10 18:00:00,1.30084375,0.0,0.0,0.0654508928571428,0.0437901785714285,0.127359375,0.3493995535714285,0.0715066964285714,0.0,0.001
2014-10-10 19:00:00,0.6653769751693002,0.0,0.0,0.0650338600451467,0.0123115124153498,0.0007674943566591,0.2516027088036117,0.0646817155756207,0.0,0.001
2014-10-10 20:00:00,0.8131666666666666,0.0,0.0,0.0651103603603603,0.0405067567567567,0.0,0.305518018018018,0.0782477477477477,0.0,0.001
2014-10-10 21:00:00,0.3120534521158129,0.0,0.0,0.0652249443207127,0.0151559020044543,7.126948775055679e-05,0.0012761692650334,0.0575233853006681,0.0,0.001
2014-10-10 22:00:00,0.2229910714285714,0.0,0.0,0.0650915178571428,0.0330691964285714,0.0,0.0014397321428571,0.0375825892857142,0.0,0.001
2014-10-10 23:00:00,0.1983794642857143,0.0,0.0,0.0655044642857143,0.0215736607142857,0.0,0.0016808035714285,0.0367232142857142,0.0,0.001
2014-10-11 00:00:00,0.1702176870748299,0.0,0.0,0.0386167800453514,0.0096439909297052,0.0,0.0016371882086167,0.0373560090702947,0.0,0.001
2014-10-11 01:00:00,0.2083895216400911,0.0,0.0,0.0547425968109339,0.0439749430523918,0.0,0.0015398633257403,0.0364646924829157,0.0023325740318906,0.001
2014-10-11 02:00:00,0.175359375,0.0,0.0,0.0600491071428571,0.0,0.0,0.0015290178571428,0.0374732142857142,0.0,0.001
2014-10-11 03:00:00,0.3054944071588367,0.0,0.0,0.0297986577181208,0.054565995525727,0.0,0.0016353467561521,0.0368791946308724,0.0,0.001
2014-10-11 04:00:00,0.2600907079646017,0.0,0.0,0.0673672566371681,0.0,0.0,0.001754424778761,0.0373783185840708,0.0,0.001
2014-10-11 05:00:00,0.2497661469933184,0.0,0.0,0.0241670378619153,0.0279109131403118,0.0,0.0017706013363028,0.0363786191536748,0.0,0.001
2014-10-11 06:00:00,0.3410684326710816,0.0,0.0,0.0658079470198675,0.0259977924944812,0.0,0.001653421633554,0.0373929359823399,0.0,0.001
2014-10-11 07:00:00,0.4095835189309577,0.0,0.0,0.0256391982182628,0.0,0.0,0.0016436525612472,0.0379153674832962,0.0,0.001
2014-10-11 08:00:00,0.415518018018018,0.0,0.0,0.0634639639639639,0.0574617117117117,0.0,0.0015292792792792,0.0374459459459459,0.0,0.0009977477477477
2014-10-11 09:00:00,1.5459222222222222,0.0,0.0,0.0281155555555555,0.0,0.0,0.0012266666666666,0.0366444444444444,0.0,0.001
2014-10-11 10:00:00,1.1713650442477876,0.0,0.0,0.0672101769911504,0.0568407079646017,0.0,0.4184646017699115,0.0375309734513274,0.0,0.001
2014-10-11 11:00:00,0.8933044444444445,0.0,0.0,0.0242777777777777,0.0027955555555555,0.0,0.4266733333333333,0.0364422222222222,0.0,0.001
2014-10-11 12:00:00,0.3611160714285714,0.0,0.0,0.0687879464285714,0.0346517857142857,0.0,0.0012901785714285,0.0385580357142857,0.0,0.001
2014-10-11 13:00:00,0.3374854586129753,0.0,0.0,0.0667114093959731,0.0195346756152125,0.0,0.0014026845637583,0.0364854586129753,0.0,0.001
2014-10-11 14:00:00,0.539076062639821,0.0,0.0,0.0663400447427293,0.0087673378076062,0.0,0.0012460850111856,0.0374384787472035,0.0,0.001
2014-10-11 15:00:00,0.4847511111111111,0.0,0.0,0.0662911111111111,0.0468244444444444,0.0,0.0010711111111111,0.04878,0.0,0.001
2014-10-11 16:00:00,0.3535511111111111,0.0,0.0,0.0662511111111111,0.0,0.0,0.0011222222222222,0.07826,0.0,0.001
2014-10-11 17:00:00,0.3497339246119734,0.0,0.0,0.0703791574279379,0.0541796008869179,0.0,0.0010576496674057,0.0455898004434589,0.0,0.001
2014-10-11 18:00:00,0.2161294642857142,0.0,0.0,0.0650848214285714,0.0,0.0,0.0010133928571428,0.0375200892857142,0.0,0.001
2014-10-11 19:00:00,0.2494505494505494,0.0,0.0,0.0651296703296703,0.0451472527472527,0.0,0.0010505494505494,0.0367648351648351,0.0,0.001
2014-10-11 20:00:00,0.4283296460176991,0.0,0.0,0.0648296460176991,0.007179203539823,0.0,0.0010553097345132,0.0472522123893805,0.0,0.001
2014-10-11 21:00:00,0.4667817371937639,0.0,0.0,0.0647238307349666,0.0231692650334075,0.0,0.0013385300668151,0.0375300668151447,0.0,0.001
2014-10-11 22:00:00,0.2641463414634146,0.0,0.0,0.0253592017738359,0.0350465631929046,0.0,0.0015521064301552,0.0378314855875831,0.0,0.001
2014-10-11 23:00:00,0.1836337078651685,0.0,0.0,0.0687033707865168,0.0,0.0,0.0017303370786516,0.0363707865168539,0.0,0.001
2014-10-12 00:00:00,0.1929466666666666,0.0002933333333333,0.0,0.02426,0.0438933333333333,0.0,0.0017577777777777,0.0374488888888888,0.0,0.001
2014-10-12 01:00:00,0.1782790178571428,0.0,0.0,0.0695,0.0,0.0,0.0017120535714285,0.0373526785714285,0.0,0.001
2014-10-12 02:00:00,0.1881311111111111,0.0,0.0,0.0215111111111111,0.0420755555555555,0.0,0.0016,0.0375133333333333,0.0,0.001
2014-10-12 03:00:00,0.1878807785888077,0.0,0.0,0.0638102189781022,0.0,0.0,0.0016934306569343,0.0364549878345498,0.0,0.001
2014-10-12 04:00:00,0.2745942350332594,0.0,0.0,0.027210643015521,0.0442993348115299,0.0,0.0018137472283813,0.0372815964523281,0.0,0.001
2014-10-12 05:00:00,0.415514606741573,0.0,0.0,0.0468943820224719,0.0,0.0,0.0017640449438202,0.0617123595505618,0.0,0.001
2014-10-12 06:00:00,0.5730398230088496,0.0,0.0,0.0399048672566371,0.0323893805309734,0.0,0.0016659292035398,0.1222853982300885,0.0,0.001
2014-10-12 07:00:00,0.4797206208425721,0.0,0.0,0.0362439024390243,0.0124722838137472,0.0,0.0015365853658536,0.104370288248337,0.0,0.001
2014-10-12 08:00:00,0.538703125,0.0,0.0,0.0529464285714285,0.0329129464285714,0.0,0.0012433035714285,0.0772321428571428,0.0,0.001
2014-10-12 09:00:00,0.9994409799554566,0.0,0.0,0.0223652561247216,0.011750556792873,0.0,0.0014498886414253,0.0554855233853006,0.0,0.0010712694877505
2014-10-12 10:00:00,0.549058690744921,0.0,0.0,0.0682686230248307,0.0302347629796839,0.0,0.00141309255079,0.1037133182844243,0.0,0.0011264108352144
2014-10-12 11:00:00,0.4456455981941309,0.0,0.0,0.0165733634311512,0.0175823927765237,0.0,0.0014785553047404,0.1202189616252821,0.0,0.001
2014-10-12 12:00:00,0.3144104308390023,0.0,0.0,0.0703968253968253,0.0263718820861678,0.0,0.0015147392290249,0.1215056689342403,0.0,0.001
2014-10-12 13:00:00,0.817873271889401,0.0,0.0,0.0263294930875576,0.0209400921658986,0.0,0.0013894009216589,0.0674516129032258,0.0,0.001
2014-10-12 14:00:00,1.722952914798206,0.0,0.0,0.0667376681614349,0.0406479820627802,0.0,0.0010784753363228,0.0376165919282511,0.0,0.001
2014-10-12 15:00:00,1.2439582366589328,0.0,0.0,0.0656241299303944,0.0045452436194895,0.0,0.0031670533642691,0.0378955916473317,0.0,0.001
2014-10-12 16:00:00,1.409156756756757,0.0,0.0,0.0647621621621621,0.0324405405405405,0.0,0.4273108108108108,0.1069324324324324,0.0,0.001
2014-10-12 17:00:00,1.22437807606264,0.0,0.0,0.041814317673378,0.0375704697986577,0.0,0.3256689038031319,0.1208814317673378,0.0,0.001
2014-10-12 18:00:00,1.031297777777778,0.0,0.0,0.0455933333333333,0.0387733333333333,0.0,0.0011177777777777,0.1092644444444444,0.0,0.001
2014-10-12 19:00:00,0.962896860986547,0.0,0.0,0.0657556053811659,0.0,0.0002040358744394,0.0011995515695067,0.0395739910313901,0.0,0.002152466367713
2014-10-12 20:00:00,1.516377011494253,0.0,0.0,0.0326045977011494,0.042351724137931,0.6305770114942529,0.0013057471264367,0.0761402298850574,0.0,0.0043057471264367
2014-10-12 21:00:00,0.7883460674157303,0.0,0.0,0.0567797752808988,0.041191011235955,0.1224719101123595,0.0014921348314606,0.076867415730337,0.0,0.004191011235955
2014-10-12 22:00:00,0.3852,0.0,0.0,0.0659044444444444,0.0,6.666666666666668e-06,0.0015844444444444,0.0592288888888888,0.0,0.0041666666666666
2014-10-12 23:00:00,0.2083325842696629,0.0,0.0,0.0165752808988764,0.041305617977528,0.0,0.0017393258426966,0.0364876404494382,0.0,0.0041415730337078
2014-10-13 00:00:00,0.2115701559020044,0.0,0.0,0.0702115812917594,0.0175322939866369,0.0,0.0017706013363028,0.0380556792873051,0.0,0.0042026726057906
2014-10-13 01:00:00,0.2146341463414634,0.0,0.0,0.0659578713968957,0.0246829268292682,0.0,0.0016518847006651,0.0373547671840354,0.0,0.0041662971175166
2014-10-13 02:00:00,0.1998129175946547,0.0,0.0,0.0200913140311803,0.0326146993318485,0.0,0.0016057906458797,0.0377728285077951,0.0,0.0042004454342984
2014-10-13 03:00:00,0.2118,0.0,0.0,0.0687311111111111,0.0100177777777777,0.0,0.0016777777777777,0.03656,0.0,0.00418
2014-10-13 04:00:00,0.2287982261640798,0.0,0.0,0.0658558758314856,0.0382793791574279,0.0,0.0017427937915742,0.0374811529933481,0.0,0.0041662971175166
2014-10-13 05:00:00,0.1911703539823009,0.0,0.0,0.0163207964601769,0.0048384955752212,0.0,0.0017367256637168,0.0364712389380531,0.0,0.0041415929203539
2014-10-13 06:00:00,0.4032026726057907,0.0,0.0,0.0685077951002227,0.0376815144766147,0.0,0.0015812917594654,0.0377416481069042,0.0,0.0041625835189309
2014-10-13 07:00:00,1.1633207126948777,0.0,0.0,0.064913140311804,0.0062093541202672,0.0,0.0014209354120267,0.0365189309576837,0.0,0.0041648106904231
2014-10-13 08:00:00,0.6000872483221477,0.0,0.0,0.019152125279642,0.0370894854586129,0.0,0.0010671140939597,0.0374295302013422,0.0,0.0041498881431767
2014-10-13 09:00:00,0.4005617021276596,0.0,0.0,0.0679680851063829,0.0092063829787234,0.0,0.0012191489361702,0.0365468085106383,0.0,0.0043106382978723
2014-10-13 10:00:00,0.2973720508166969,0.0,0.0,0.0649491833030853,0.0433956442831216,0.0,0.0017640653357531,0.0367586206896551,0.0,0.0046243194192377
2014-10-13 11:00:00,0.1703957345971564,0.0,0.0,0.0276872037914691,0.0010781990521327,0.0,0.0014289099526066,0.03660663507109,0.0,0.0042109004739336
2014-10-13 12:00:00,0.8469688995215311,0.0,0.0,0.0705334928229665,0.0788325358851674,0.0,0.0015023923444976,0.0372918660287081,0.1857344497607655,0.0041028708133971
2014-10-13 13:00:00,0.6955746268656717,0.0,0.0,0.0673917910447761,0.093,0.0,0.0014869402985074,0.0709179104477611,0.0122891791044776,0.004
2014-10-13 14:00:00,0.747946096654275,0.0,0.0,0.0668624535315985,0.093,0.0,0.0013308550185873,0.0470669144981412,0.0,0.004
2014-10-13 15:00:00,0.7490038461538461,0.0,0.0,0.066351923076923,0.093,0.0,0.0011480769230769,0.0479249999999999,0.0277076923076923,0.004
2014-10-13 16:00:00,1.8849124767225325,0.0,0.0,0.0660986964618249,0.093,0.0,0.4008175046554935,0.0488845437616387,0.0,0.004
2014-10-13 17:00:00,2.280581784386617,0.0,0.0,0.0661412639405204,0.093,0.0,0.4927453531598513,0.0647732342007434,0.0,0.004
2014-10-13 18:00:00,1.0721433891992551,0.0,0.0,0.0658175046554934,0.0968379888268156,0.0093873370577281,0.0017225325884543,0.0563854748603352,0.0,0.0035139664804469
2014-10-13 19:00:00,1.6605377358490565,0.0,0.0,0.065277358490566,0.0962641509433962,0.6153566037735849,0.0011283018867924,0.0708735849056603,0.0,0.001
2014-10-13 20:00:00,0.7052577519379845,0.0,0.0,0.0655872093023255,0.0080813953488372,0.1121860465116279,0.0013023255813953,0.1150058139534883,0.0,0.001
2014-10-13 21:00:00,0.4511531190926276,0.0,0.0,0.065633270321361,0.0566635160680529,0.0,0.0013837429111531,0.0712136105860113,0.0,0.001
2014-10-13 22:00:00,0.2144457142857142,0.0,0.0,0.0657923809523809,0.0257428571428571,0.0,0.001527619047619,0.0376723809523809,0.0,0.001
2014-10-13 23:00:00,0.2076354961832061,0.0,0.0,0.0659351145038168,0.026942748091603,0.0011908396946564,0.001679389312977,0.0381106870229007,0.0,0.001
2014-10-14 00:00:00,0.2207602339181286,0.0,0.0,0.066261208576998,0.0417485380116959,0.0,0.0018206627680311,0.0383625730994152,0.0,0.001
2014-10-14 01:00:00,0.1879322033898305,0.0,0.0,0.0657212806026365,0.0135310734463276,0.0,0.0017062146892655,0.0365612052730696,0.0,0.001
2014-10-14 02:00:00,0.2120924528301886,0.0,0.0,0.0652490566037735,0.0334716981132075,0.0,0.0015792452830188,0.0376849056603773,0.0,0.001
2014-10-14 03:00:00,0.1962423076923077,0.0,0.0,0.0651442307692307,0.0190865384615384,0.0,0.0015923076923076,0.0368153846153846,0.0,0.001
2014-10-14 04:00:00,0.1689718574108818,0.0,0.0,0.0177223264540337,0.0162983114446529,0.0,0.0017148217636022,0.0372851782363977,0.0,0.001
2014-10-14 05:00:00,0.2263314500941619,0.0,0.0,0.0680320150659133,0.0359661016949152,0.0,0.0093992467043314,0.0392975517890772,0.0,0.001
2014-10-14 06:00:00,0.3932913533834586,0.0,0.0,0.0653458646616541,0.0,0.0,0.0015977443609022,0.0376033834586466,0.0,0.001
2014-10-14 07:00:00,0.8927406015037594,0.0,0.0,0.0188402255639097,0.0546240601503759,0.0,0.0013496240601503,0.037531954887218,0.0395563909774436,0.001
2014-10-14 08:00:00,0.7944976958525346,0.0,0.0,0.0633041474654377,0.0,0.0,0.000258064516129,0.0384769585253456,0.0,0.001
2014-10-14 09:00:00,1.0874352720450282,0.0,0.0,0.0650487804878048,0.0545403377110694,0.0008405253283302,2.4390243902439022e-05,0.0372870544090056,0.0,0.001
2014-10-14 10:00:00,0.5509118198874297,0.0,0.0,0.0189099437148217,0.0,0.0,2.626641651031895e-05,0.0388705440900562,0.0,0.001
2014-10-14 11:00:00,0.4994323308270676,0.0,0.0,0.0688890977443609,0.0557951127819548,0.0,4.323308270676692e-05,0.0465977443609022,0.0,0.001
2014-10-14 12:00:00,0.2417871939736346,0.0,0.0,0.0655084745762711,0.0005216572504708,0.0,0.0001393596986817,0.0887024482109227,0.0,0.001
2014-10-14 13:00:00,0.4275902255639097,0.0,0.0,0.0331071428571428,0.05096992481203,0.0,0.0009906015037593,0.0821447368421052,0.0800902255639097,0.001
2014-10-14 14:00:00,0.7848941398865785,0.0,0.0,0.0639867674858223,0.0,0.0038714555765595,0.5606483931947069,0.0376805293005671,0.0,0.001
2014-10-14 15:00:00,0.8609847328244276,0.0,0.0,0.0656374045801526,0.0,0.0,0.3435992366412213,0.0689503816793893,0.0,0.001
2014-10-14 16:00:00,1.0113383458646616,0.0,0.0,0.0650770676691729,0.064546992481203,0.0,0.0013740601503759,0.1153007518796992,0.0,0.001
2014-10-14 17:00:00,1.386326375711575,0.0,0.0,0.0647988614800759,0.0,0.0,0.0006698292220113,0.094719165085389,0.0945332068311195,0.001
2014-10-14 18:00:00,1.6543168880455408,0.0,0.0,0.0249525616698292,0.0,0.6196470588235294,3.795066413662239e-06,0.0537020872865275,0.0,0.001
2014-10-14 19:00:00,1.6882937853107345,0.0,0.0,0.0678888888888888,0.0687344632768361,0.1233107344632768,0.3796195856873823,0.0576045197740113,0.0,0.001
2014-10-14 20:00:00,1.1412377358490566,0.0,0.0,0.0650320754716981,0.0,0.0541792452830188,0.4982132075471698,0.0857735849056603,0.0,0.001
2014-10-14 21:00:00,0.6418352272727272,0.0,0.0,0.0424337121212121,0.02475,0.0,0.002435606060606,0.0857064393939393,0.0945208333333333,0.0009962121212121
2014-10-14 22:00:00,0.3210206766917293,0.0,0.0,0.0492894736842105,0.0370657894736842,0.0,0.0014887218045112,0.0459680451127819,0.0,0.001
2014-10-14 23:00:00,0.236088122605364,0.0,0.0,0.06627969348659,0.0,0.0,0.0017471264367816,0.0454885057471264,0.0,0.001
2014-10-15 00:00:00,0.2231226415094339,0.0,0.0,0.0466283018867924,0.0500283018867924,0.0,0.0018528301886792,0.0457811320754716,0.0,0.0009981132075471
2014-10-15 01:00:00,0.1861121495327102,0.0,0.0,0.0393682242990654,0.0098616822429906,0.0,0.0016523364485981,0.0455831775700934,0.0,0.001
2014-10-15 02:00:00,0.1917629629629629,0.0,0.0,0.0660518518518518,0.0,0.0,0.001437037037037,0.0455185185185185,0.0,0.001
2014-10-15 03:00:00,0.2435139664804469,0.0,0.0,0.0558696461824953,0.0588789571694599,0.0,0.0016182495344506,0.0448938547486033,0.0,0.001
2014-10-15 04:00:00,0.1780280373831775,0.0,0.0,0.0289551401869158,0.0,0.0,0.0015775700934579,0.0477345794392523,0.0,0.001
2014-10-15 05:00:00,0.20053095684803,0.0,0.0,0.0668086303939962,0.0,0.0,0.0015253283302063,0.044765478424015,0.0,0.001
2014-10-15 06:00:00,0.3254878048780488,0.0,0.0,0.0647016885553471,0.0599174484052532,0.0,0.0014015009380863,0.0464127579737335,0.0,0.001
2014-10-15 07:00:00,0.8786153846153847,0.0,0.0,0.0194384615384615,0.0,0.0,0.0014903846153846,0.0460442307692307,0.0,0.001
2014-10-15 08:00:00,0.6695559921414539,0.0,0.0,0.0676326129666011,0.0276856581532416,0.0207111984282907,0.0016247544204322,0.0461237721021611,0.0,0.008041257367387
2014-10-15 09:00:00,0.2711102803738318,0.0,0.0,0.0648672897196261,0.0311532710280373,0.0,0.0014392523364485,0.0462766355140186,0.0,0.001
2014-10-15 10:00:00,0.289237037037037,0.0,0.0,0.0290277777777777,0.0,0.0,0.0013407407407407,0.0458092592592592,0.0,0.001
2014-10-15 11:00:00,0.3734531835205992,0.0,0.0,0.0576947565543071,0.0482771535580524,0.0,0.0013595505617977,0.0454850187265917,0.0,0.001
2014-10-15 12:00:00,0.3293409090909091,0.0,0.0,0.0654034090909091,0.0128617424242424,0.0,0.001403409090909,0.0463920454545454,0.0,0.001
2014-10-15 13:00:00,0.2979681647940074,0.0,0.0,0.0646985018726591,0.0,0.0,0.0013202247191011,0.0446722846441947,0.0,0.001
2014-10-15 14:00:00,0.2870383877159309,0.0,0.0,0.0644107485604606,0.0607984644913627,0.0,0.001320537428023,0.0455911708253359,0.0,0.001
2014-10-15 15:00:00,0.5400847457627119,0.0,0.0,0.0654990583804143,0.0,0.0,0.001337099811676,0.0450037664783427,0.0,0.001
2014-10-15 16:00:00,0.7790795454545455,0.0,0.0,0.0366837121212121,0.0015625,0.0,0.0012329545454545,0.080810606060606,0.0,0.001
2014-10-15 17:00:00,1.817899628252788,0.0,0.0,0.0478977695167286,0.068360594795539,0.0,0.0011988847583643,0.0663215613382899,0.0046505576208178,0.001
2014-10-15 18:00:00,1.0499981167608288,0.0,0.0,0.0650677966101695,0.0,0.0,0.0012033898305084,0.0455762711864406,0.0,0.001
2014-10-15 19:00:00,1.1788526119402984,0.0,0.0,0.0642611940298507,0.0461847014925373,0.0004365671641791,0.0011940298507462,0.0472126865671641,0.0,0.0013843283582089
2014-10-15 20:00:00,1.9915943396226408,0.0,0.0,0.0640358490566037,0.0238301886792452,0.5829566037735849,0.4040037735849057,0.1172490566037735,0.0,0.0010113207547169
2014-10-15 21:00:00,1.2838971962616823,0.0,0.0,0.0179551401869158,0.0176467289719626,0.1369719626168224,0.4920897196261682,0.1134542056074766,0.09703738317757,0.0
2014-10-15 22:00:00,0.3382453531598512,0.0,0.0,0.0679981412639405,0.0407081784386617,0.0009144981412639,0.0017750929368029,0.0512899628252788,0.0,0.0
2014-10-15 23:00:00,0.2808502772643253,0.0,0.0,0.0655212569316081,0.0,0.0,0.0015582255083179,0.0449223659889094,0.0,0.0
2014-10-16 00:00:00,0.4122584269662921,0.0,0.0,0.0652490636704119,0.0608052434456928,0.0,0.0016348314606741,0.047250936329588,0.0,0.0
2014-10-16 01:00:00,0.2845898876404494,0.0,0.0,0.0400168539325842,0.0,0.0,0.001625468164794,0.0447621722846441,0.0,0.0
2014-10-16 02:00:00,0.3449717514124294,0.0,0.0,0.0458568738229755,0.0398097928436911,0.0,0.0014519774011299,0.0453540489642184,0.0,0.0
2014-10-16 03:00:00,0.2994101123595505,0.0,0.0,0.0659307116104869,0.019812734082397,0.0,0.0015318352059925,0.0453202247191011,0.0,0.0
2014-10-16 04:00:00,0.2393078358208955,0.0,0.0,0.0650764925373134,0.0,0.0,0.0015839552238805,0.0456044776119402,0.0,0.0
2014-10-16 05:00:00,0.4455148698884759,0.0,0.0,0.019453531598513,0.0617044609665427,0.0,0.0016133828996282,0.074635687732342,0.0,0.0
2014-10-16 06:00:00,0.5058835489833642,0.0,0.0,0.0660573012939001,0.0,0.0,0.0014214417744916,0.0744621072088724,0.0,0.0
2014-10-16 07:00:00,1.1480955056179776,0.0,0.0,0.0652209737827715,0.0550074906367041,0.0,0.0014550561797752,0.0446011235955056,0.0,0.0
2014-10-16 08:00:00,0.4007677902621723,0.0,0.0,0.0588970037453183,0.0,0.0,0.0013539325842696,0.0473951310861423,0.0,0.0
2014-10-16 09:00:00,0.2229041353383458,0.0,0.0,0.0287951127819548,0.0231785714285714,0.0,0.0015357142857142,0.0450187969924812,0.0,0.0
2014-10-16 10:00:00,0.2557773654916512,0.0,0.0,0.0669591836734693,0.0346178107606679,0.0,0.0015732838589981,0.0457105751391465,0.0,0.0
2014-10-16 11:00:00,0.2164384328358209,0.0,0.0,0.0648973880597015,0.0,0.0,0.0013824626865671,0.0454328358208955,0.0,0.0
2014-10-16 12:00:00,0.2805528301886792,0.0,0.0,0.0646849056603773,0.057866037735849,0.0,0.001454716981132,0.0455132075471698,0.0,0.0
2014-10-16 13:00:00,0.3013538175046554,0.0,0.0,0.0641713221601489,0.0,0.0,0.0013333333333333,0.060487895716946,0.0,0.0
2014-10-16 14:00:00,0.3412934579439252,0.0,0.0,0.0643046728971962,0.0232280373831775,0.0,0.0013831775700934,0.0463570093457944,2.9906542056074768e-05,0.0
2014-10-16 15:00:00,0.3516553672316384,0.0,0.0,0.0644651600753295,0.0348568738229755,0.0,0.0014048964218455,0.046352165725047,0.0,0.0
2014-10-16 16:00:00,1.1881726078799248,0.0,0.0,0.0642232645403377,0.0,0.0,0.0012607879924953,0.0457110694183864,0.0,0.0
2014-10-16 17:00:00,1.959664179104477,0.0,0.0,0.0641007462686567,0.060240671641791,0.0,0.0011847014925373,0.0447350746268656,0.0,0.0
2014-10-16 18:00:00,0.9429664179104476,0.0,0.0,0.0590410447761194,0.0,0.0,0.0011828358208955,0.0455,0.0,0.0
2014-10-16 19:00:00,0.7834235074626865,0.0,0.0,0.0308451492537313,0.0533899253731343,0.0,0.0012164179104477,0.0571380597014925,0.0,0.0
2014-10-16 20:00:00,0.4200315985130111,0.0,0.0,0.0656710037174721,0.0,0.0,0.0012007434944237,0.0877416356877323,0.0,0.0
2014-10-16 21:00:00,0.4194227188081937,0.0,0.0,0.0651340782122905,0.0475493482309124,0.0,0.0014208566108007,0.0848975791433891,0.0,0.0
2014-10-16 22:00:00,0.2519701492537313,0.0,0.0,0.0652014925373134,0.0121212686567164,0.0,0.0015578358208955,0.0497089552238805,0.0,0.0
2014-10-16 23:00:00,0.2126133828996282,0.0,0.0,0.0645260223048327,0.0045315985130111,0.0,0.0017193308550185,0.0461040892193308,0.0,0.0
2014-10-17 00:00:00,0.2295065666041275,0.0,0.0,0.0192307692307692,0.0552307692307692,0.0,0.0017729831144465,0.0470469043151969,0.0,0.0
2014-10-17 01:00:00,0.2042661737523105,0.0,0.0,0.0675138632162661,0.0,0.0,0.0016118299445471,0.0448706099815157,0.0,0.0
2014-10-17 02:00:00,0.2641080074487896,0.0,0.0,0.0652476722532588,0.0517169459962756,0.0,0.0014338919925512,0.0455195530726256,0.0,0.0
2014-10-17 03:00:00,0.2110524344569288,0.0,0.0,0.065192883895131,0.005252808988764,0.0,0.0016086142322097,0.0454981273408239,0.0,0.0
2014-10-17 04:00:00,0.1819869646182495,0.0,0.0,0.0216108007448789,0.0,0.0,0.0016554934823091,0.0454227188081936,0.0,0.0
2014-10-17 05:00:00,0.4187124304267161,0.0,0.0,0.0638552875695732,0.0544378478664192,0.0,0.0016066790352504,0.0457680890538033,0.0,0.0
2014-10-17 06:00:00,0.5927401869158879,0.0,0.0,0.0652616822429906,0.0,0.0,0.0015401869158878,0.0455084112149532,0.0,0.0
2014-10-17 07:00:00,1.5643810408921934,0.0,0.0997379182156133,0.0492026022304832,0.0556654275092936,0.00017843866171,0.0011263940520446,0.045131970260223,0.0,0.0
2014-10-17 08:00:00,1.387047619047619,0.0,0.0,0.0368590476190476,0.0067885714285714,0.4229180952380952,0.001047619047619,0.0478190476190476,0.0,0.0
2014-10-17 09:00:00,1.0518078358208955,0.0,0.0,0.0654664179104477,0.0066809701492537,0.1996305970149253,0.0010783582089552,0.0444309701492537,0.0,0.0
2014-10-17 10:00:00,0.5475584415584416,0.0,0.0,0.0651205936920222,0.0547142857142857,0.0678293135435992,0.0011168831168831,0.0454972170686456,0.0,0.0
2014-10-17 11:00:00,0.4411113172541744,0.0,0.0,0.0645732838589981,0.0,0.0,0.0010871985157699,0.0449758812615955,0.0,0.0
2014-10-17 12:00:00,0.3351410018552875,0.0,0.0,0.0646883116883116,0.0520946196660482,0.0,0.0010853432282003,0.0757625231910946,0.0,0.0
2014-10-17 13:00:00,1.1105510204081634,0.0,0.0,0.0643376623376623,0.0082319109461966,0.0,0.0010500927643784,0.047508348794063,0.0,0.0
2014-10-17 14:00:00,0.2449586466165413,0.0,0.0,0.0645451127819548,0.0094191729323308,0.0,0.0012424812030075,0.0679624060150376,0.0,0.0
2014-10-17 15:00:00,0.336743879472693,0.0,0.0,0.0649039548022598,0.0490979284369114,0.0,0.0013935969868173,0.045713747645951,0.0,0.0
2014-10-17 16:00:00,1.021248134328358,0.0,0.0,0.0650111940298507,0.0,0.6425951492537314,0.0013470149253731,0.0476679104477612,0.0,0.0
2014-10-17 17:00:00,1.0837588785046728,0.0,0.0,0.0646448598130841,0.0616411214953271,0.1192242990654205,0.4783794392523364,0.0456971962616822,0.0,0.0
2014-10-17 18:00:00,0.7872287334593573,0.0,0.0,0.064289224952741,0.0031134215500945,0.0448393194706994,0.4467410207939508,0.0459035916824196,0.0,0.0
2014-10-17 19:00:00,0.3654423791821561,0.0,0.0,0.0643364312267658,0.0494981412639405,0.0,0.0011226765799256,0.0461542750929368,0.0,0.0
2014-10-17 20:00:00,0.9392339449541284,0.0,0.0,0.064591743119266,0.0294380733944954,0.0,0.0011995412844036,0.0462041284403669,0.0,0.0
2014-10-17 21:00:00,0.919693032015066,0.0,0.0,0.0649642184557438,0.0277551789077212,0.0,0.0013653483992467,0.0855593220338983,7.532956685499058e-06,0.0
2014-10-17 22:00:00,0.3814815498154981,0.0,0.0,0.0649612546125461,0.0341162361623616,0.0,0.0014630996309963,0.0590387453874538,0.0,0.0
2014-10-17 23:00:00,0.2185271493212669,0.0,0.0,0.0651063348416289,0.0258190045248868,0.0,0.001552036199095,0.0470090497737556,0.0,0.0
2014-10-18 00:00:00,0.2100893854748603,0.0,0.0,0.0655828677839851,0.0235456238361266,0.0,0.0017169459962756,0.0482458100558659,0.0,0.0
2014-10-18 01:00:00,0.2181507633587786,0.0,0.0,0.0651278625954198,0.0340038167938931,0.0,0.0015648854961832,0.0456431297709923,0.0,0.0
2014-10-18 02:00:00,0.185946096654275,0.0,0.0,0.0649089219330855,0.0,0.0,0.001449814126394,0.0469944237918215,0.0,0.0
2014-10-18 03:00:00,0.2444469273743016,0.0,0.0,0.065096834264432,0.0589832402234636,0.0,0.0015865921787709,0.0453109869646182,0.0,0.0
2014-10-18 04:00:00,0.1817790432801822,0.0,0.0,0.065384965831435,0.0,0.0,0.0017175398633257,0.0462870159453302,0.0,0.0
2014-10-18 05:00:00,0.3807153419593346,0.0,0.0,0.0653253234750462,0.0550499075785582,0.0,0.0017060998151571,0.0503992606284658,0.0,0.0
2014-10-18 06:00:00,0.4715629629629629,0.0,0.0,0.0651314814814814,0.0029592592592592,0.0,0.0016055555555555,0.0967574074074074,0.0,0.0
2014-10-18 07:00:00,0.6752090395480226,0.0,0.0,0.0649792843691148,0.0103691148775894,0.0,0.0016817325800376,0.0871751412429378,0.0,0.0
2014-10-18 08:00:00,0.848586592178771,0.0,0.0,0.0648100558659217,0.0492346368715083,0.0,0.0015232774674115,0.077780260707635,0.0,0.0
2014-10-18 09:00:00,1.1806810933940777,0.0,0.0,0.064886104783599,0.0,0.0,0.0014874715261958,0.0536082004555808,0.0,0.0
2014-10-18 10:00:00,1.0355669144981412,0.0,0.0,0.0646542750929368,0.0612565055762081,0.0,0.0013401486988847,0.0834572490706319,0.0,0.0
2014-10-18 11:00:00,0.8581787709497206,0.0,0.0,0.064804469273743,0.0,0.0,0.0012551210428305,0.053633147113594,0.0,0.0
2014-10-18 12:00:00,1.0818923933209648,0.0,0.0,0.0649740259740259,0.0466066790352504,0.0,0.0013283858998144,0.0453840445269016,0.0127439703153988,0.0
2014-10-18 13:00:00,1.3229795539033458,0.0,0.0,0.0657230483271375,0.0103438661710037,0.0,0.1079795539033457,0.0447546468401487,0.0440929368029739,0.0
2014-10-18 14:00:00,1.1541728624535317,0.0,0.0,0.0653810408921933,0.0041059479553903,0.0,0.7806988847583644,0.0454293680297397,0.0,0.0
2014-10-18 15:00:00,0.4067300380228137,0.0,0.0,0.0656292775665399,0.0579524714828897,0.0002433460076045,0.0153403041825095,0.048615969581749,0.0,0.0
2014-10-18 16:00:00,0.5259810246679317,0.0,0.0,0.0652732447817836,0.0,0.0,0.0012485768500948,0.0985351043643263,0.0,0.0
2014-10-18 17:00:00,1.3937490706319702,0.0,0.0,0.0653717472118959,0.0603940520446096,0.0,0.0012472118959107,0.0706449814126394,0.0,0.0
2014-10-18 18:00:00,0.816625,0.0,0.0,0.0650186567164179,0.0,0.0,0.0012108208955223,0.0615559701492537,0.0,0.0
2014-10-18 19:00:00,0.8192513661202185,0.0,0.0,0.0657486338797814,0.0602677595628415,0.0,0.0013224043715846,0.0832568306010929,0.0,0.0
2014-10-18 20:00:00,0.3824489795918367,0.0,0.0,0.0657551020408163,0.0,0.0,0.0012285714285714,0.0941306122448979,0.0,0.0
2014-10-18 21:00:00,0.4397408906882591,0.0,0.0,0.0655708502024291,0.0299757085020242,0.0,0.0228744939271255,0.0768623481781376,0.0,0.0
2014-10-18 22:00:00,0.9132222222222222,0.0,0.0,0.0658304093567251,0.0208479532163742,0.0,0.5594619883040935,0.0454035087719298,0.0,0.0
2014-10-18 23:00:00,0.980271844660194,0.0,0.0,0.065009708737864,0.0129029126213592,0.0,0.6485145631067961,0.0440194174757281,0.0,0.0
2014-10-19 00:00:00,0.3393768844221105,0.0,0.0,0.0651306532663316,0.0531959798994974,0.0,0.0013115577889447,0.0447286432160804,0.0,0.0
2014-12-01 00:00:00,0.1759295238095238,0.0,0.0,0.0611180952380952,0.0,0.0,0.0015695238095238,0.0374666666666666,0.0,0.0
2014-12-01 01:00:00,0.3335028355387524,0.0,0.0,0.0305293005671077,0.0666446124763705,0.0,0.0014215500945179,0.035930056710775,0.0,0.0
2014-12-01 02:00:00,0.2535584905660377,0.0,0.0,0.0638132075471698,0.0,0.0,0.0015622641509433,0.0369792452830188,0.0,0.0
2014-12-01 03:00:00,0.2205179584120982,0.0,0.0,0.0265519848771266,0.0,0.0,0.0016238185255198,0.035977315689981,0.0,0.0
2014-12-01 04:00:00,0.3535943396226415,0.0,0.0,0.0626943396226415,0.0616830188679245,0.0,0.0017415094339622,0.0368849056603773,0.0,0.0
2014-12-01 05:00:00,0.203279792746114,0.0,0.0,0.0362538860103626,0.0050854922279792,0.0,0.0016450777202072,0.0364274611398963,0.0,0.0
2014-12-01 06:00:00,1.2271784232365146,0.0,0.0959813278008298,0.0605954356846473,0.0,0.0,0.0014917012448132,0.0368381742738589,0.0,0.0
2014-12-01 07:00:00,1.401415559772296,0.0,0.0328766603415559,0.0288387096774193,0.0443396584440227,0.0,0.0012163187855787,0.0373244781783681,0.0,0.0
2014-12-01 08:00:00,0.684864,0.0,0.0,0.069904,0.0416659999999999,0.0,1.2e-05,0.038202,0.0,0.0
2014-12-01 09:00:00,0.4551690427698574,0.0,0.0,0.0213401221995926,0.0,0.0,0.0,0.0370061099796334,0.0,0.0
2014-12-01 10:00:00,0.7130785440613027,0.0,0.0,0.0687643678160919,0.0,0.0,0.0,0.0369540229885057,0.0,0.0
2014-12-01 11:00:00,0.5653155893536121,0.0,0.0,0.0217300380228136,0.0629239543726235,0.0,0.0,0.0617946768060836,0.0,0.0
2014-12-01 12:00:00,0.8063627639155471,0.0,0.0,0.0679846449136276,0.0,0.0,0.0,0.042067178502879,0.0,0.0
2014-12-01 13:00:00,0.9732518891687656,0.0,0.0,0.0289697732997481,0.0,0.0,0.0,0.0368841309823677,0.0,0.0
2014-12-01 14:00:00,1.1035236294896031,0.0,0.0,0.0639810964083175,0.0570264650283553,0.0,3.780718336483932e-06,0.0368620037807183,0.0,0.0
2014-12-01 15:00:00,1.0009077212806028,0.0,0.0,0.0243935969868173,0.0,0.0,3.766478342749529e-06,0.0416892655367231,0.0,0.0
2014-12-01 16:00:00,1.98558945386064,0.0,0.0,0.0572542372881355,0.0,0.0,1.8832391713747648e-06,0.0671958568738229,0.0,0.0
2014-12-01 17:00:00,1.9816193181818185,0.0021704545454545,0.0,0.0328465909090909,0.0790795454545454,0.1778409090909091,0.0,0.0357916666666666,0.0,0.0
2014-12-01 18:00:00,2.510671785028791,0.0,0.0,0.0470479846449136,0.0,0.4649692898272552,0.5152859884836851,0.0624011516314779,0.0049865642994241,0.0
2014-12-01 19:00:00,2.8687142857142858,0.0,0.0,0.0408723809523809,0.0326990476190476,0.3294609523809524,0.4598857142857143,0.0669466666666666,0.0,0.0
2014-12-01 20:00:00,3.311065666041276,0.0,0.0,0.0356697936210131,0.0356923076923077,0.0246116322701688,0.0011275797373358,0.0757936210131332,0.0,0.0
2014-12-01 21:00:00,0.766735238095238,0.0,0.0,0.0537390476190476,0.0,0.0,0.0012419047619047,0.0754990476190476,0.0,0.0
2014-12-01 22:00:00,0.3552222222222222,0.0,0.0,0.0261302681992337,0.0643065134099616,0.0,0.001463601532567,0.0405287356321839,0.0,0.0
2014-12-01 23:00:00,0.2530328185328185,0.0,0.0,0.0629806949806949,0.0073146718146718,0.0,0.0016428571428571,0.0367644787644787,0.0,0.0
2014-12-02 00:00:00,0.2150439770554493,0.0,0.0,0.0186539196940726,0.0,0.0,0.0014493307839388,0.0370229445506692,0.0,0.0
2014-12-02 01:00:00,0.3139386973180076,0.0,0.0,0.0693639846743295,0.0692854406130268,0.0,0.0013026819923371,0.035787356321839,0.0,0.0
2014-12-02 02:00:00,0.1841283018867924,0.0,0.0,0.0210452830188679,0.0,0.0,0.0013377358490566,0.036777358490566,0.0,0.0
2014-12-02 03:00:00,0.2046863117870722,0.0,0.0,0.0609581749049429,0.0,0.0,0.0016501901140684,0.0361273764258555,0.0,0.0
2014-12-02 04:00:00,0.2354801512287334,0.0,0.0,0.0301058601134215,0.0413024574669187,0.0,0.0016427221172022,0.0370510396975425,0.0,0.0
2014-12-02 05:00:00,0.4435237191650854,0.0,0.0,0.0481574952561669,0.0232732447817836,0.0,0.0015844402277039,0.0358216318785578,0.0,0.0
2014-12-02 06:00:00,0.3307003816793893,0.0,0.0,0.0424103053435114,0.0,0.0,0.0014599236641221,0.0368740458015267,0.0,0.0
2014-12-02 07:00:00,1.3468295454545456,0.0,0.0,0.0310075757575757,0.031653409090909,0.0,0.0013125,0.0357840909090909,0.0,0.0
2014-12-02 08:00:00,1.1782163187855788,0.0,0.0,0.0603415559772296,0.0408823529411764,0.003392789373814,0.0010436432637571,0.0375294117647058,0.0,0.0
2014-12-02 09:00:00,2.741879924953096,0.0,0.0,0.0209155722326454,0.0,0.5709212007504691,0.0010412757973733,0.0714015009380863,0.0,0.0
2014-12-02 10:00:00,1.418282196969697,0.0,0.0,0.0577196969696969,0.0414905303030303,0.1364166666666666,0.0010189393939393,0.0368276515151515,0.0,0.0
2014-12-02 11:00:00,1.4112730696798494,0.0,0.0,0.0342485875706214,0.0250169491525423,0.0,0.0010244821092278,0.0364293785310734,0.0,0.0
2014-12-02 12:00:00,4.253988614800759,0.0,0.0,0.0383434535104364,0.0,0.4977343453510436,0.0010208728652751,0.0378406072106261,0.0,0.0
2014-12-02 13:00:00,2.1345578747628084,0.0,0.0,0.0514516129032258,0.0423851992409867,0.316943074003795,0.0010151802656546,0.0433681214421252,0.0,0.0
2014-12-02 14:00:00,0.5208809073724008,0.0,0.0,0.0528922495274102,0.0245671077504725,0.0633175803402646,0.0010775047258979,0.0379527410207939,0.0,0.0
2014-12-02 15:00:00,0.4143584905660377,0.0,0.0,0.0375188679245283,0.0,0.0,0.0010283018867924,0.0374471698113207,0.0,0.0
2014-12-02 16:00:00,1.0394952919020717,0.0,0.0,0.0354218455743879,0.0,0.0,0.0010320150659133,0.0609114877589453,0.0,0.0
2014-12-02 17:00:00,1.2955056390977442,0.0,0.0,0.0553703007518796,0.0798026315789473,0.0,0.0010075187969924,0.0378045112781954,0.0,0.0
2014-12-02 18:00:00,3.934476459510358,0.0,0.0,0.0219453860640301,0.0,0.5495235404896421,0.0010037664783427,0.0394237288135593,0.0,0.0
2014-12-02 19:00:00,1.581444234404537,0.0,0.0,0.0517051039697542,0.0,0.10034404536862,0.0010189035916824,0.0548185255198487,0.0,0.0
2014-12-02 20:00:00,1.85542641509434,0.0,0.0,0.0375830188679245,0.0203509433962264,0.0515358490566037,0.4610792452830188,0.0779716981132075,0.0,0.0
2014-12-02 21:00:00,1.3062361904761906,0.0,0.0,0.0219828571428571,0.0609485714285714,1.9047619047619047e-06,0.4715371428571428,0.0757923809523809,0.0,0.0
2014-12-02 22:00:00,0.3056405353728489,0.0,0.0,0.0575793499043977,0.0,0.0,0.0014703632887189,0.0335047801147227,0.0,0.0
2014-12-02 23:00:00,0.235373106060606,0.0,0.0,0.032248106060606,0.0,0.0,0.0017424242424242,0.0280340909090909,0.0,0.0
2014-12-03 00:00:00,0.2269623352165725,0.0,0.0,0.0245065913370998,0.0070998116760828,0.0,0.0016252354048964,0.0298662900188323,0.0,0.0
2014-12-03 01:00:00,0.2661780303030303,0.0,0.0,0.0537140151515151,0.0600037878787878,0.0,0.0014128787878787,0.0283996212121212,0.0,0.0
2014-12-03 02:00:00,0.2081969696969696,0.0,0.0,0.0304848484848484,0.0,0.0,0.0015208333333333,0.0325473484848484,0.0,0.0
2014-12-03 03:00:00,0.2086396226415094,0.0,0.0,0.0212849056603773,0.0,0.0,0.0016811320754716,0.0324226415094339,0.0,0.0
2014-12-03 04:00:00,0.225162213740458,0.0,0.0,0.0551870229007633,0.0,0.0,0.0017080152671755,0.0319961832061068,0.0,0.0
2014-12-03 05:00:00,0.3860189393939394,0.0,0.0,0.0345795454545454,0.0618541666666666,0.0,0.0015738636363636,0.029215909090909,0.0,0.0
2014-12-03 06:00:00,0.3708745247148289,0.0,0.0,0.019041825095057,0.0,0.0,0.0015950570342205,0.0293250950570342,0.0,0.0
2014-12-03 07:00:00,0.662344696969697,0.0,0.0,0.0432916666666666,0.0,0.0,0.0013787878787878,0.0280643939393939,0.0402518939393939,0.0
2014-12-03 08:00:00,0.5458293135435992,0.0,0.0,0.0456586270871985,0.071204081632653,0.0,0.0012541743970315,0.0305844155844155,0.0,0.0
2014-12-03 09:00:00,0.1861212121212121,0.0,0.0,0.0214791666666666,0.0,0.0,0.0014375,0.0281041666666666,0.0,0.0
2014-12-03 10:00:00,0.1935561904761904,0.0,0.0,0.0307561904761904,0.0,0.0,0.0013904761904761,0.0293409523809523,0.0,0.0
2014-12-03 11:00:00,0.2578859315589353,0.0,0.0,0.0508688212927756,0.0560437262357414,0.0,0.001361216730038,0.0281045627376425,0.0,0.0
2014-12-03 12:00:00,0.2126370510396975,0.0,0.0,0.0300831758034026,0.0157277882797731,0.0,0.0012230623818525,0.029226843100189,0.0,0.0
2014-12-03 13:00:00,0.3509622641509434,0.0,0.0,0.0224811320754717,0.0,0.0,0.001254716981132,0.0404301886792452,0.0666490566037735,0.0
2014-12-03 14:00:00,0.3379810246679317,0.0,0.0,0.058527514231499,0.0252333965844402,0.0,0.0013624288425047,0.0366432637571157,0.0,0.0
2014-12-03 15:00:00,0.5365630885122411,0.0,0.0,0.0387664783427495,0.0444764595103578,0.0,0.0012843691148775,0.0368757062146892,0.0,0.0
2014-12-03 16:00:00,1.271535238095238,0.0,0.0,0.060215238095238,0.0,0.0,0.0012247619047619,0.0782438095238095,0.0,0.0
2014-12-03 17:00:00,2.1866223908918405,0.0,4.554079696394687e-05,0.0389222011385199,0.0065939278937381,0.0,0.0010759013282732,0.0363605313092979,0.0,0.0
2014-12-03 18:00:00,2.936670433145009,0.0,0.0,0.0407156308851224,0.0691205273069679,0.0,0.0010131826741996,0.0367175141242937,0.0,0.0
2014-12-03 19:00:00,2.2303003802281367,0.0,0.0,0.0570171102661596,0.0,0.0482471482889733,0.3448003802281368,0.0463783269961977,0.0,0.0
2014-12-03 20:00:00,2.463627819548872,0.0,0.0,0.0287744360902255,0.0664887218045112,0.8398646616541354,0.2601748120300752,0.087672932330827,0.0,0.0
2014-12-03 21:00:00,1.1302362948960305,0.0,0.0,0.0431890359168241,0.0,0.0865425330812854,0.3617655954631379,0.1269262759924385,0.0,0.0
2014-12-03 22:00:00,0.3428458646616542,0.0,0.0,0.0548345864661654,0.0361992481203007,0.0,0.0011954887218045,0.0729360902255639,0.0,0.0
2014-12-03 23:00:00,0.1944315589353612,0.0,0.0,0.0304733840304182,0.0255456273764258,0.0,0.0015722433460076,0.0361444866920152,0.0,0.0
2014-12-04 00:00:00,0.1844869402985074,0.0,0.0,0.0363320895522388,0.0,0.0,0.0015223880597014,0.0392350746268656,0.0,0.0
2014-12-04 01:00:00,0.2227958801498127,0.0,0.0,0.0585861423220973,0.0219082397003745,0.0,0.0014569288389513,0.0362790262172284,0.0,0.0
2014-12-04 02:00:00,0.2151666666666666,0.0,0.0,0.0299602272727272,0.033935606060606,0.0,0.0014621212121212,0.0369734848484848,0.0,0.0
2014-12-04 03:00:00,0.1984588014981273,0.0,0.0,0.0275992509363295,0.0,0.0,0.0015449438202247,0.0356741573033707,0.0,0.0
2014-12-04 04:00:00,0.2159188679245283,0.0,0.0,0.0533188679245283,0.0,0.0,0.0016924528301886,0.0365396226415094,0.0,0.0
2014-12-04 05:00:00,0.5174608208955224,0.0,0.0,0.0359682835820895,0.0559272388059701,0.0,0.0016753731343283,0.035955223880597,0.0,0.0
2014-12-04 06:00:00,0.3455093984962405,0.0,0.0,0.0232161654135338,0.0,0.0,0.0015018796992481,0.0368327067669172,0.0,0.0
2014-12-04 07:00:00,1.0935541044776118,0.0,0.0,0.0538171641791044,0.0067108208955223,0.0,0.001481343283582,0.0366548507462686,0.0,0.0
2014-12-04 08:00:00,2.268871747211896,0.0,0.0,0.038721189591078,0.0625408921933085,0.0,0.0010594795539033,0.0367434944237918,0.0,0.0
2014-12-04 09:00:00,1.052792843691149,0.0,0.0,0.0209359698681732,0.0,0.0,0.0010753295668549,0.0376177024482109,0.0,0.0
2014-12-04 10:00:00,0.2111794392523364,0.0,0.0,0.0441345794392523,0.0,0.0,0.001033644859813,0.0367813084112149,0.0,0.0
2014-12-04 11:00:00,0.409375,0.0,0.0,0.0438451492537313,0.0569085820895522,0.0,0.0010279850746268,0.0616231343283582,0.0,0.0
2014-12-04 12:00:00,0.3106890130353817,0.0,0.0,0.0204562383612662,0.0156890130353817,0.0,0.0010689013035381,0.0883687150837988,0.0,0.0
2014-12-04 13:00:00,0.3406301115241635,0.0,0.0,0.0453940520446096,0.0,0.0,0.0010111524163568,0.0870074349442379,0.0,0.0
2014-12-04 14:00:00,0.4229643527204503,0.0,0.0,0.0433677298311444,0.0284277673545966,0.0,0.001217636022514,0.0886960600375234,0.0,0.0138292682926829
2014-12-04 15:00:00,0.4690317757009346,0.0,0.0,0.0195663551401869,0.0476560747663551,0.0,0.0013850467289719,0.0419943925233644,0.0,0.0
2014-12-04 16:00:00,0.5966221804511279,0.0,0.0,0.0517274436090225,0.0,0.0,0.00121992481203,0.0395563909774436,0.0,0.0
2014-12-04 17:00:00,2.373966355140187,0.0,0.0,0.0363607476635514,0.0153850467289719,0.0,0.001033644859813,0.0678691588785046,0.2123514018691588,0.0
2014-12-04 18:00:00,1.9638220973782767,0.0,0.0,0.02062734082397,0.0535823970037453,0.0,0.3569737827715356,0.0549288389513108,0.0,0.0
2014-12-04 19:00:00,1.469170731707317,0.0,0.0,0.0587617260787992,0.0,0.0193677298311444,0.2616941838649155,0.050170731707317,0.0,0.0
2014-12-04 20:00:00,2.293769961977186,0.0,0.0,0.0293041825095057,0.0568136882129277,0.6100190114068441,0.3669182509505703,0.0756311787072243,0.0,0.0
2014-12-04 21:00:00,0.74634516765286,0.0,0.0,0.0275207100591716,0.0110867850098619,0.1005522682445759,0.0012110453648915,0.0751932938856015,0.0,0.0
2014-12-04 22:00:00,0.3694145383104126,0.0,0.0,0.057426326129666,0.0,0.0,0.001410609037328,0.0479548133595284,0.0,0.0
2014-12-04 23:00:00,0.3006610486891385,0.0,0.0,0.0218520599250936,0.0591329588014981,0.0,0.0015823970037453,0.0357453183520599,0.0,0.0
2014-12-05 00:00:00,0.2203039399624765,0.0,0.0,0.0360806754221388,0.0063771106941838,0.0,0.0015084427767354,0.0370112570356472,0.0,0.0
2014-12-05 01:00:00,0.1921575984990619,0.0,0.0,0.0517692307692307,0.0,0.0,0.0013133208255159,0.0357073170731707,0.0,0.0
2014-12-05 02:00:00,0.1897101727447216,0.0,0.0,0.0212610364683301,0.0052053742802303,0.0,0.0013378119001919,0.0368234165067178,0.0,0.0
2014-12-05 03:00:00,0.2537796610169491,0.0,0.0,0.0438625235404896,0.0538455743879472,0.0,0.0014444444444444,0.0359133709981167,0.0,0.0
2014-12-05 04:00:00,0.213396261682243,0.0,0.0,0.0443495327102803,0.0,0.0,0.0015794392523364,0.0377719626168224,0.0,0.0
2014-12-05 05:00:00,0.3103184357541899,0.0,0.0,0.0177839851024208,0.0,0.0,0.0015921787709497,0.0361415270018621,0.0,0.0
2014-12-05 06:00:00,0.3800056179775281,0.0,0.0,0.0487490636704119,0.0525149812734082,0.0,0.0014101123595505,0.0368295880149812,0.0,0.0
2014-12-05 07:00:00,0.5486343283582089,0.0,0.0,0.0394832089552238,0.0139253731343283,0.0,0.0014067164179104,0.0356212686567164,0.0,0.0
2014-12-05 08:00:00,0.3757825278810409,0.0,0.0,0.0192881040892193,0.0,1.8587360594795536e-06,0.0015278810408921,0.0374776951672862,0.0,0.0
2014-12-05 09:00:00,2.358247211895911,0.0,0.0,0.0466394052044609,0.0562174721189591,0.0,0.0013475836431226,0.0649814126394052,0.0,0.0
2014-12-05 10:00:00,1.0623520599250935,0.0,0.0,0.0412602996254681,0.0141460674157303,0.0,0.001376404494382,0.0765524344569288,0.0,0.0
2014-12-05 11:00:00,1.3015390334572492,0.0,0.0,0.0187267657992565,0.0,0.0126301115241635,0.0013866171003717,0.0454293680297397,0.0,0.0
2014-12-05 12:00:00,1.8205621521335809,0.0,0.0,0.0478423005565862,0.0593153988868274,0.6468293135435993,7.050092764378478e-05,0.0725380333951762,0.0,0.0019888682745825
2014-12-05 13:00:00,1.5963738656987296,0.0,0.0,0.0428856624319419,0.0091560798548094,0.1379473684210526,0.0,0.0756243194192377,0.0,0.0052649727767695
2014-12-05 14:00:00,2.588391061452514,0.0,0.0,0.0194301675977653,0.0,0.0,0.0,0.0496368715083798,0.0,0.0
2014-12-05 15:00:00,0.9910694183864917,0.0,0.0,0.0633696060037523,0.0700919324577861,0.0,1.3133208255159477e-05,0.0368461538461538,0.0,0.0
2014-12-05 16:00:00,0.6367579737335836,0.0,0.0,0.0254671669793621,0.0,0.0,1.876172607879925e-06,0.0379043151969981,0.0,0.0048255159474671
2014-12-05 17:00:00,1.1054143126177025,0.0,0.0,0.0332090395480226,0.0513163841807909,0.0,0.0,0.0516139359698681,0.0264915254237288,0.0029265536723163
2014-12-05 18:00:00,1.49030426716141,0.0,0.0,0.0553153988868274,0.0173376623376623,0.0,0.0,0.0718831168831168,0.0,0.0
2014-12-05 19:00:00,2.66917439703154,0.0,0.0,0.018799628942486,0.0,0.0,0.4005139146567718,0.0661020408163265,0.0,0.0
2014-12-05 20:00:00,1.5244702602230484,0.0,0.0,0.0351970260223048,0.0659256505576208,0.0,0.5211431226765799,0.0641486988847583,0.0,0.0
2014-12-05 21:00:00,0.3910742115027829,0.0,0.0,0.0519554730983302,0.0,0.0,0.0017625231910946,0.0700315398886827,0.0,0.0
2014-12-05 22:00:00,0.1765783582089552,0.0,0.0,0.0183283582089552,0.0,0.0,0.0015429104477611,0.0366529850746268,0.0,0.0
2014-12-05 23:00:00,0.2202867783985102,0.0,0.0,0.0317448789571694,0.058804469273743,0.0,0.0015903165735567,0.0359515828677839,0.0,0.0
2014-12-06 00:00:00,0.1789365671641791,0.0,0.0,0.0481977611940298,0.0,0.0,0.0014738805970149,0.0367537313432835,0.0,0.0
2014-12-06 01:00:00,0.1815446096654275,0.0,0.0,0.0251635687732342,0.0,0.0,0.0013698884758364,0.0366988847583643,0.0,0.0
2014-12-06 02:00:00,0.2079694072657743,0.0,0.0,0.0219751434034416,0.0290783938814531,0.0,0.0014149139579349,0.0367093690248566,0.0,0.0
2014-12-06 03:00:00,0.2795437616387337,0.0,0.0,0.0445791433891992,0.0210633147113594,0.0,0.0015139664804469,0.0365288640595903,0.0,0.0
2014-12-06 04:00:00,0.2833519553072626,0.0,0.0,0.0389273743016759,1.8621973929236496e-06,0.0,0.0016256983240223,0.0368715083798882,0.0,0.0
2014-12-06 05:00:00,0.4679424860853432,0.0,0.0,0.0163970315398886,0.0311391465677179,0.0,0.0016901669758812,0.0357792207792207,0.0,0.0
2014-12-06 06:00:00,0.5805307262569832,0.0,0.0,0.0322793296089385,0.0167150837988826,0.0,0.0016722532588454,0.0365921787709497,0.0,0.0
2014-12-06 07:00:00,0.4182014925373134,0.0,0.0,0.0427201492537313,0.0,0.0,0.0016921641791044,0.0357462686567164,0.0,0.0
2014-12-06 08:00:00,0.4559795539033457,0.0,0.0,0.0262509293680297,0.0540408921933085,0.0,0.0016431226765799,0.0368289962825278,0.0,0.0
2014-12-06 09:00:00,0.3938994413407821,0.0,0.0,0.0156368715083798,0.0,0.0,0.0014022346368715,0.0386722532588454,0.0,0.0
2014-12-06 10:00:00,0.3330167286245353,0.0,0.0,0.0369591078066914,0.0075594795539033,0.024542750929368,0.0012472118959107,0.0402379182156133,0.0,0.0
2014-12-06 11:00:00,1.1006901669758813,0.0,0.0,0.0441187384044526,0.0461298701298701,0.6414860853432282,0.0013654916512059,0.0367680890538033,0.0,0.0
2014-12-06 12:00:00,0.6122263450834879,0.0,0.0,0.0273988868274582,0.0,0.1053543599257885,0.0015491651205936,0.0481669758812615,0.0,0.0
2014-12-06 13:00:00,0.8088122676579926,0.0,0.0,0.0215241635687732,0.0316412639405204,0.0,0.0016022304832713,0.0879553903345724,0.0,0.0
2014-12-06 14:00:00,2.5313407821229053,0.0,0.0,0.0515772811918063,0.0234022346368715,0.3999776536312849,0.1734525139664804,0.0368826815642458,0.0,0.0
2014-12-06 15:00:00,2.1890464684014868,0.0,0.0,0.0355743494423791,0.0,0.0651040892193308,0.7714851301115242,0.0358271375464684,0.0,0.0
2014-12-06 16:00:00,0.6075828677839851,0.0,0.0,0.0239515828677839,0.0638584729981378,0.000314711359404,0.0119962756052141,0.0981433891992551,0.0,0.0
2014-12-06 17:00:00,1.5919646840148698,0.0,0.0,0.0548903345724907,0.0,0.0,0.0010278810408921,0.1080650557620817,0.0,0.0
2014-12-06 18:00:00,0.9001076066790352,0.0,0.0,0.0344341372912801,0.0543153988868274,0.0,0.0011335807050092,0.0861243042671614,0.0,0.0
2014-12-06 19:00:00,2.7157723880597016,0.0,0.0,0.0215746268656716,0.0239888059701492,0.5656194029850746,0.001320895522388,0.0715578358208955,0.0,0.0
2014-12-06 20:00:00,0.8547374301675977,0.0,0.0,0.0565977653631284,0.0,0.1040931098696461,0.0013296089385474,0.0848603351955307,0.0487895716945996,0.0
2014-12-06 21:00:00,0.6287462686567165,0.0,0.0,0.032125,0.0717929104477611,0.0491082089552238,0.0012873134328358,0.081820895522388,0.0,0.0
2014-12-06 22:00:00,0.2786697761194029,0.0,0.0,0.0295130597014925,0.0,0.0,0.0016026119402985,0.0748675373134328,0.0,0.0
2014-12-06 23:00:00,0.1973574074074074,0.0,0.0,0.0605462962962963,0.0,1.851851851851852e-06,0.0017314814814814,0.0438518518518518,0.0,0.0
2014-12-07 00:00:00,0.2333692022263451,0.0,0.0,0.0205324675324675,0.068556586270872,0.0,0.0015306122448979,0.0453098330241187,0.0,0.0
2014-12-07 01:00:00,0.1893358070500927,0.0,0.0,0.0450482374768089,0.0,0.0,0.0013079777365491,0.0440055658627087,0.0,0.0
2014-12-07 02:00:00,0.1959849906191369,0.0,0.0,0.0433958724202626,0.0,0.0,0.001311444652908,0.0451219512195122,0.0,0.0
2014-12-07 03:00:00,0.2043651685393258,0.0,0.0,0.0253389513108614,0.0204569288389513,0.0,0.0013970037453183,0.0441704119850187,0.0,0.0
2014-12-07 04:00:00,0.2596280373831776,0.0,0.0,0.0667962616822429,0.0446710280373831,0.0,0.0015514018691588,0.0449495327102803,0.0,0.0
2014-12-07 05:00:00,0.3485666666666666,0.0,0.0,0.020687037037037,0.0,0.0,0.0016888888888888,0.0437611111111111,0.0,0.0
2014-12-07 06:00:00,0.3697569573283859,0.0,0.0,0.0657773654916512,0.0,0.0,0.0016586270871985,0.0448181818181818,0.0,0.0
2014-12-07 07:00:00,0.6123407407407407,0.0,0.0,0.0228629629629629,0.0767407407407407,0.0,0.0016611111111111,0.0438,0.0,0.0
2014-12-07 08:00:00,1.1594320297951584,0.0,0.0,0.0559888268156424,0.0025418994413407,0.0,0.0017504655493482,0.044756052141527,0.001512104283054,0.0
2014-12-07 09:00:00,0.9541078066914498,0.0,0.0,0.0333754646840148,9.29368029739777e-06,0.0,0.4059814126394052,0.0437509293680297,0.0,0.0
2014-12-07 10:00:00,1.10165306122449,0.0,0.0,0.0444656771799628,0.0594100185528757,0.0,0.5367142857142857,0.0448089053803339,0.0,0.0
2014-12-07 11:00:00,0.4423469387755102,0.0,0.0,0.0454526901669758,0.0110927643784786,0.0,0.0112059369202226,0.0437755102040816,0.0,0.0
2014-12-07 12:00:00,0.6751525423728814,0.0,0.0,0.0288154425612052,0.0,0.0,0.001216572504708,0.0564011299435028,0.0,0.0
2014-12-07 13:00:00,0.5106679035250463,0.0,0.0,0.0605751391465677,0.04921706864564,0.0,0.0015732838589981,0.0713933209647495,0.0,0.0
2014-12-07 14:00:00,0.4042756052141527,0.0,0.0,0.0208510242085661,0.0212160148975791,0.0,0.0013091247672253,0.0448491620111731,0.0,0.0
2014-12-07 15:00:00,2.534366852886406,0.0,0.0,0.0572458100558659,0.0,0.0,0.0013221601489757,0.0440800744878957,0.0,0.0
2014-12-07 16:00:00,1.244174721189591,0.0,0.0,0.0309386617100371,0.0045111524163568,0.0,0.0012750929368029,0.0459702602230483,0.0,0.0
2014-12-07 17:00:00,0.7131327102803738,0.0,0.0,0.0313364485981308,0.0698878504672897,0.0,0.0012093457943925,0.044003738317757,0.0,0.0
2014-12-07 18:00:00,0.7324562383612663,0.0,2.23463687150838e-05,0.0549441340782122,0.0,0.0,0.0156592178770949,0.0596443202979515,0.0,0.0
2014-12-07 19:00:00,1.784789077212806,0.0,0.0,0.0199453860640301,0.051608286252354,0.5947306967984934,0.4277645951035781,0.0782297551789077,0.0,0.0
2014-12-07 20:00:00,1.2053,0.0,0.0,0.0415096153846153,0.016476923076923,0.1284307692307692,0.4747288461538462,0.082525,0.0,0.0
2014-12-07 21:00:00,0.3417924528301886,0.0,0.0,0.0490566037735849,0.0,0.0013509433962264,0.0012509433962264,0.0746584905660377,0.0,0.0
2014-12-07 22:00:00,0.2669943925233645,0.0,0.0,0.0181084112149532,0.065,0.0,0.001429906542056,0.0449813084112149,0.0,0.0
2014-12-07 23:00:00,0.2216168224299065,0.0,0.0,0.0458710280373831,0.0,0.0,0.0015794392523364,0.0441813084112149,0.0,0.0
2014-12-08 00:00:00,0.3030299625468164,0.0,0.0,0.0448314606741573,0.0,0.0,0.0015074906367041,0.0455224719101123,0.0,0.0
2014-12-08 01:00:00,0.3188435754189944,0.0,0.0,0.0178230912476722,0.0381042830540037,0.0,0.0013445065176908,0.0443091247672253,0.0,0.0
2014-12-08 02:00:00,0.3342137546468401,0.0,0.0,0.0441301115241635,0.0224163568773234,0.0,0.0014256505576208,0.0449014869888475,0.0,0.0
2014-12-08 03:00:00,0.2576572504708098,0.0,0.0,0.0436459510357815,0.0,0.0,0.0016158192090395,0.0439133709981167,0.0,0.0
2014-12-08 04:00:00,0.2295418994413407,0.0,0.0,0.0171657355679702,0.0,0.0,0.001729981378026,0.0448994413407821,0.0,0.0
2014-12-08 05:00:00,0.4597742537313433,0.0,0.0,0.0447779850746268,0.0545858208955223,0.0,0.0016492537313432,0.0441361940298507,0.0,0.0
2014-12-08 06:00:00,0.3583694029850746,0.0,0.0,0.0432294776119403,0.0,0.0,0.0015988805970149,0.0461548507462686,0.0,0.0
2014-12-08 07:00:00,0.8854469273743018,0.0,0.0,0.0176554934823091,0.0,0.0,0.0002644320297951,0.0438752327746741,0.0,0.0
2014-12-08 08:00:00,0.5303959107806692,0.0,0.0,0.0380539033457249,0.064271375464684,0.0,5.204460966542751e-05,0.0456375464684014,0.0,0.0
2014-12-08 09:00:00,0.5640335820895522,0.0,0.0,0.0506380597014925,0.0,0.0,1.8656716417910448e-06,0.0892033582089552,0.0,0.0
2014-12-08 10:00:00,2.13514126394052,0.0,0.0,0.0162602230483271,0.0,1.8587360594795536e-06,1.1152416356877324e-05,0.0550594795539033,0.0,0.0137174721189591
2014-12-08 11:00:00,1.081438432835821,0.0,0.0,0.0346175373134328,0.0731772388059701,0.0,1.3059701492537312e-05,0.0473805970149253,0.0488843283582089,0.0
2014-12-08 12:00:00,0.3101390977443609,0.0,0.0,0.0522218045112782,0.0,0.0,1.8796992481203007e-06,0.0822161654135338,0.0,0.0
2014-12-08 13:00:00,1.5925914179104477,0.0,0.0,0.0178376865671641,0.0,0.0,0.0,0.0549272388059701,0.064240671641791,0.0023973880597014
2014-12-08 14:00:00,0.9739063670411984,0.0,0.0,0.0387996254681647,0.0557602996254681,0.0,0.0,0.061376404494382,0.0,0.0
2014-12-08 15:00:00,0.5858398510242085,0.0,0.0,0.0549757914338919,0.0146219739292365,0.0,1.8621973929236496e-06,0.0439348230912476,0.0,0.0
2014-12-08 16:00:00,2.3794205607476635,0.0,0.0,0.0341102803738317,0.0,0.0,1.869158878504673e-06,0.045418691588785,0.0,0.0
2014-12-08 17:00:00,2.279773654916512,0.0,0.0,0.0579053803339517,0.0568274582560296,0.0,3.710575139146568e-06,0.0439536178107606,0.0,0.0
2014-12-08 18:00:00,1.270878277153558,0.0,0.0,0.0225074906367041,0.0144906367041198,0.0,0.0113520599250936,0.0513595505617977,0.0,0.0
2014-12-08 19:00:00,1.9683627819548872,0.0,0.0,0.0330827067669172,6.015037593984962e-05,0.60075,0.4661015037593985,0.0786503759398496,0.0,0.0
2014-12-08 20:00:00,1.2302902621722849,0.0,0.0,0.0502490636704119,0.0666385767790262,0.132191011235955,0.4929962546816479,0.1053108614232209,0.0,0.0
2014-12-08 21:00:00,2.359852886405959,0.0,0.0,0.0232346368715083,0.0,0.0007765363128491,0.0012700186219739,0.0857690875232774,0.0,0.0
2014-12-08 22:00:00,0.420747680890538,0.0,0.0,0.0252782931354359,0.023747680890538,0.0,0.0014916512059369,0.0489888682745825,0.0,0.0
2014-12-08 23:00:00,0.250205223880597,0.0,0.0,0.0472388059701492,0.034856343283582,0.0,0.0015279850746268,0.0446268656716417,0.0,0.0
2014-12-09 00:00:00,0.2226070763500931,0.0,0.0,0.034754189944134,0.0,0.0,0.0014078212290502,0.0452104283054003,0.0,0.0
2014-12-09 01:00:00,0.2264233870967742,0.0,0.0,0.0161088709677419,0.0,0.0,0.0012983870967741,0.0439314516129032,0.0,0.0
2014-12-09 02:00:00,0.2874123222748815,0.0,0.0,0.0297156398104265,0.0595118483412322,0.0,0.0013293838862559,0.0446540284360189,0.0,0.0
2014-12-09 03:00:00,0.2508239700374532,0.0,0.0,0.0441704119850187,0.0,0.0,0.0014363295880149,0.0443071161048689,0.0,0.0
2014-12-09 04:00:00,0.2419456928838951,0.0,0.0,0.0212453183520599,0.0,0.0,0.0015992509363295,0.0454063670411985,0.0,0.0
2014-12-09 05:00:00,0.4089172932330827,0.0,0.0,0.0221240601503759,0.0325958646616541,0.0,0.0015112781954887,0.0446748120300751,0.0,0.0
2014-12-09 06:00:00,0.3812316384180791,0.0,0.0,0.0455593220338983,0.0168983050847457,0.0,0.0015047080979284,0.045,0.0,0.0
2014-12-09 07:00:00,0.8356629213483147,0.0,0.0,0.0352846441947565,0.0,0.0,0.0013295880149812,0.0442434456928838,0.0,0.0
2014-12-09 08:00:00,1.2061518218623482,0.0,0.0013603238866396,0.0186740890688259,0.05432995951417,0.0,3.846153846153846e-05,0.0602287449392712,0.0,0.0
2014-12-09 09:00:00,2.3051409774436094,0.0,0.0,0.0368458646616541,0.0,0.0,1.1278195488721805e-05,0.0450432330827067,0.0,0.0126823308270676
2014-12-09 10:00:00,0.8604429906542056,0.0,0.0,0.0450542056074766,0.0,0.0,3.738317757009346e-06,0.072618691588785,0.0,0.0
2014-12-09 11:00:00,0.3434304761904762,0.0,0.0,0.020215238095238,0.0555257142857142,0.0,0.0,0.0445847619047619,0.0,0.0
2014-12-09 12:00:00,0.231949720670391,0.0,0.0,0.025804469273743,0.0,0.0,3.7243947858473e-06,0.045925512104283,0.0,0.0
2014-12-09 13:00:00,0.2530243902439024,0.0,0.0,0.0491894934333958,0.0088611632270168,0.0,1.876172607879925e-06,0.0447861163227016,0.0,0.0
2014-12-09 14:00:00,0.2837419962335216,0.0,0.0,0.0344915254237288,0.0508512241054613,0.0,1.8832391713747648e-06,0.0458851224105461,0.0,0.0
2014-12-09 15:00:00,0.3901181988742964,0.0,0.0,0.0389793621013133,0.0,0.0,5.628517823639775e-06,0.0457767354596622,0.0,0.0
2014-12-09 16:00:00,0.6554,0.0,0.000237037037037,0.0542962962962963,0.0,0.0,3.703703703703704e-06,0.045687037037037,0.0,0.0
2014-12-09 17:00:00,0.4172317757009345,0.0,0.0,0.0246485981308411,0.0689831775700934,0.0,0.0,0.0463682242990654,0.0,0.0
2014-12-09 18:00:00,0.5401428571428571,0.0,0.0,0.0672687969924812,0.0,0.0,0.0,0.0662312030075188,0.0,0.0
2014-12-09 19:00:00,1.540128491620112,0.0,0.0,0.0262718808193668,0.0,0.6000335195530727,0.0,0.0577001862197393,0.0,0.0
2014-12-09 20:00:00,0.7632766355140187,0.0,0.0,0.0626822429906542,0.0304523364485981,0.120814953271028,1.1214953271028036e-05,0.0803626168224299,0.0,0.0
2014-12-09 21:00:00,0.7705373134328358,0.0,0.0,0.0285541044776119,0.0479888059701492,0.0423059701492537,1.8656716417910448e-06,0.084330223880597,0.0958955223880597,0.0
2014-12-09 22:00:00,0.491136186770428,0.0,0.0,0.0605914396887159,0.0,0.0,6.420233463035018e-05,0.0658813229571984,0.0,0.0
2014-12-09 23:00:00,0.362938202247191,0.0,0.0,0.0285205992509363,0.0,0.0,9.550561797752808e-05,0.0448089887640449,0.0,0.0
2014-12-10 00:00:00,0.4425714285714285,0.0,0.0,0.0632653061224489,0.0,0.0,6.307977736549165e-05,0.0463858998144712,0.0,0.0
2014-12-10 01:00:00,0.4120893854748603,0.0,0.0,0.025070763500931,0.0665642458100558,0.0,9.31098696461825e-06,0.0455512104283054,0.0,0.0
2014-12-10 02:00:00,0.3526779026217229,0.0,0.0,0.0579625468164794,0.0,0.0,3.183520599250936e-05,0.0462790262172284,0.0,0.0
2014-12-10 03:00:00,0.3512749529190207,0.0,0.0,0.0319981167608286,0.0,0.0,0.0001016949152542,0.0447250470809792,0.0,0.0
2014-12-10 04:00:00,0.3594746716697936,0.0,0.0,0.0383377110694183,0.0,0.0,0.0001369606003752,0.0458086303939962,0.0,0.0
2014-12-10 05:00:00,0.633065543071161,0.0,0.0,0.0493370786516853,0.0643258426966292,0.0,0.000125468164794,0.0447415730337078,0.0,0.0
2014-12-10 06:00:00,0.4470489642184557,0.0,0.0,0.0172787193973634,0.0,0.0,5.461393596986817e-05,0.0457363465160075,0.0,0.0
2014-12-10 07:00:00,1.2288059701492535,0.0,0.0,0.0595615671641791,0.0,0.0,4.104477611940299e-05,0.0451082089552238,0.0,0.0
2014-12-10 08:00:00,0.7681906542056075,0.0,0.0,0.0296654205607476,0.0594205607476635,0.0,0.0,0.0457214953271028,0.0,0.0
2014-12-10 09:00:00,0.2235574074074074,0.0,0.0,0.0310351851851851,0.0127888888888888,0.0,0.0,0.044787037037037,0.0,0.0
2014-12-10 10:00:00,0.2233401486988847,0.0,0.0003661710037174,0.0549442379182156,0.0,0.0,0.0,0.0457825278810408,0.0,0.0
2014-12-10 11:00:00,0.2363227016885553,0.0,0.0048030018761726,0.0181763602251407,0.0,0.0,0.0,0.045842401500938,0.0,0.0
2014-12-10 12:00:00,0.2835371747211896,0.0,0.0,0.0476375464684014,0.0649981412639405,0.0,0.0,0.0458159851301115,0.0,0.0
2014-12-10 13:00:00,0.3238063314711359,0.0,0.0,0.0405996275605214,0.0,0.0,0.0,0.044973929236499,0.0,0.0
2014-12-10 14:00:00,0.3786059479553903,0.0,0.0,0.0272323420074349,0.0,0.0,0.0,0.04585687732342,0.0824944237918215,0.0
2014-12-10 15:00:00,0.7138595505617977,0.0,0.0,0.0592602996254681,0.0430374531835206,0.0,5.617977528089887e-06,0.0505393258426966,0.0009232209737827,0.0
2014-12-10 16:00:00,1.2102873134328358,0.0,0.0,0.0181044776119402,0.0292089552238805,0.0,1.492537313432836e-05,0.05875,0.0,0.0
2014-12-10 17:00:00,1.6086666666666667,0.0,0.0,0.0686011235955056,0.0,0.0,0.0,0.044750936329588,0.0,0.0
2014-12-10 18:00:00,1.248207865168539,0.0,0.0,0.0186498127340823,0.0493745318352059,0.0,0.0,0.0461479400749063,0.0,0.0
2014-12-10 19:00:00,3.581988785046729,0.0,0.0038280373831775,0.0582654205607476,0.022611214953271,0.4309626168224298,0.4344280373831776,0.044826168224299,0.0,0.0
2014-12-10 20:00:00,2.991860335195531,0.0,0.0,0.0416368715083798,0.0043351955307262,0.1988584729981378,0.5289571694599627,0.0671843575418994,0.0,0.0
2014-12-10 21:00:00,1.392547842401501,0.0,0.0,0.0677129455909943,0.0713339587242026,0.0644240150093808,0.0016735459662288,0.0844615384615384,0.0,0.0
2014-12-10 22:00:00,0.9796263940520444,0.0,0.0,0.0660966542750929,0.0,0.0,0.0014405204460966,0.085085501858736,0.0,0.0
2014-12-10 23:00:00,0.2537416974169741,0.0,0.0,0.0263431734317343,0.0047896678966789,0.0,0.0016660516605166,0.0487693726937269,0.0,0.0
2014-12-11 00:00:00,0.2905650557620818,0.0,0.0,0.0682453531598513,0.060135687732342,0.0,0.0015799256505576,0.0458624535315985,0.0,0.0
2014-12-11 01:00:00,0.1913500931098696,0.0,0.0,0.02368156424581,0.0,0.0,0.0013947858472998,0.0450800744878957,0.0,0.0
2014-12-11 02:00:00,0.2290018587360595,0.0,0.0,0.0653791821561338,0.0,0.0,0.0014739776951672,0.0457081784386617,0.0,0.0
2014-12-11 03:00:00,0.2710749063670412,0.0,0.0,0.0265430711610486,0.0601460674157303,0.0,0.0016067415730337,0.0446516853932584,0.0,0.0
2014-12-11 04:00:00,0.2439124767225326,0.0,0.0,0.0475158286778398,0.0002216014897579,0.0,0.00168156424581,0.0471098696461824,0.0,0.0
2014-12-11 05:00:00,0.4747527881040892,0.0,0.0,0.042542750929368,0.0,0.0,0.0015762081784386,0.044585501858736,0.0,0.0
2014-12-11 06:00:00,0.469219739292365,0.0,0.0,0.0268491620111731,0.017510242085661,0.0,0.0014785847299813,0.0461024208566108,0.0,0.0
2014-12-11 07:00:00,1.377608208955224,0.0,0.0913488805970149,0.0639048507462686,0.0536940298507462,0.0,0.001,0.0457033582089552,0.1289776119402985,0.0
2014-12-11 08:00:00,2.694765363128492,0.0,0.0,0.0190111731843575,0.0,0.0,0.0,0.0456405959031657,0.0,0.0
2014-12-11 09:00:00,1.00625468164794,0.0,0.0,0.0479868913857677,0.0,0.0,0.0,0.0446610486891385,0.0,0.0
2014-12-11 10:00:00,0.4003537037037037,0.0,0.0,0.0393537037037037,0.0602074074074074,0.0,0.0,0.0457685185185185,0.0,0.0
2014-12-11 11:00:00,0.3612351851851851,0.0,0.0,0.0238185185185185,0.0,0.0,0.0,0.0447685185185185,0.0,0.0
2014-12-11 12:00:00,0.3551757009345794,0.0,0.0,0.0639532710280373,0.0,0.0,0.0,0.0457308411214953,0.0,0.0
2014-12-11 13:00:00,0.4208932584269663,0.0,0.0,0.017876404494382,0.0681423220973782,0.0,0.0,0.0447116104868913,0.0,0.0
2014-12-11 14:00:00,0.3700186219739292,0.0,0.0,0.0538342644320298,7.448789571694599e-06,0.0,0.0,0.0457970204841713,0.0,0.0
2014-12-11 15:00:00,0.5584916201117319,0.0,0.0,0.0417132216014897,0.0,0.0,2.7932960893854746e-05,0.0446499068901303,0.0,0.0
2014-12-11 16:00:00,1.6956914498141265,0.0,1.486988847583643e-05,0.0293234200743494,0.0289126394052044,0.0,3.717472118959108e-06,0.052589219330855,0.0,0.0
2014-12-11 17:00:00,2.045342803030303,0.0,0.0,0.0598655303030303,0.0482613636363636,0.0,0.0,0.0862518939393939,0.0,0.0
2014-12-11 18:00:00,0.963063670411985,0.0,0.0,0.0204007490636704,0.0,0.0,0.0096872659176029,0.0475449438202247,0.0,0.0
2014-12-11 19:00:00,2.037531835205993,0.0,0.0,0.0675486891385767,0.0209176029962546,0.0,0.7384812734082397,0.0498895131086142,0.0,0.006005617977528
2014-12-11 20:00:00,1.2919133709981168,0.0,0.0,0.0664048964218455,0.0540960451977401,0.0105065913370998,0.2174218455743879,0.0488248587570621,0.0,0.0037269303201506
2014-12-11 21:00:00,1.1815858208955223,0.0,0.0,0.0272220149253731,0.0,0.6353712686567164,0.0012910447761194,0.0847182835820895,0.0,0.0
2014-12-11 22:00:00,0.6199313543599257,0.0,0.0,0.0678200371057514,0.0,0.1181669758812616,0.0014730983302411,0.0588051948051948,0.0,0.0
2014-12-11 23:00:00,0.3422574626865672,0.0,0.0,0.0256641791044776,0.0685149253731343,0.0,0.0015167910447761,0.0447705223880597,0.0,0.0
2014-12-12 00:00:00,0.2719704251386322,0.0,0.0,0.068709796672828,0.0010628465804066,0.0,0.0014768946395563,0.0460129390018484,0.0,0.0
2014-12-12 01:00:00,0.2274189944134078,0.0,0.0,0.0254748603351955,0.0,0.0,0.0013463687150837,0.044729981378026,0.0,0.0
2014-12-12 02:00:00,0.2206518518518518,0.0,0.0,0.0675611111111111,0.0,0.0,0.0013685185185185,0.0457777777777777,0.0,0.0
2014-12-12 03:00:00,0.231804469273743,0.0,0.0,0.0298901303538175,0.0528845437616387,0.0,0.0015418994413407,0.0457430167597765,0.0,0.0
2014-12-12 04:00:00,0.2382092592592592,0.0,0.0,0.0626037037037037,0.0159796296296296,0.0,0.0016722222222222,0.046137037037037,0.0,0.0
2014-12-12 05:00:00,0.341187037037037,0.0,0.0,0.0232685185185185,0.0,0.0,0.0015814814814814,0.0448425925925925,0.0,0.0
2014-12-12 06:00:00,1.2458542056074766,0.0,0.0,0.0641551401869158,0.0,0.0,0.0015009345794392,0.045814953271028,0.0,0.0
2014-12-12 07:00:00,1.0926322701688556,0.0,0.0,0.0201257035647279,0.0559455909943714,0.0,0.0015084427767354,0.0447148217636022,0.0,0.0
2014-12-12 08:00:00,2.558114232209738,0.0,0.0,0.0616666666666666,0.0264194756554307,0.0,0.0013539325842696,0.0457116104868913,0.0,0.0
2014-12-12 09:00:00,0.974812030075188,0.0,0.0,0.0260338345864661,0.0,0.0,0.0013834586466165,0.0446954887218045,0.0,0.0118233082706766
2014-12-12 10:00:00,0.3225981132075471,0.0,0.0,0.0412433962264151,0.0653830188679245,0.0,0.0014075471698113,0.0459207547169811,0.0,0.0
2014-12-12 11:00:00,0.2231,0.0,0.0,0.0469981132075471,0.0,0.0,0.0013188679245283,0.0455754716981132,1.8867924528301889e-06,0.0
2014-12-12 12:00:00,0.3268101503759398,0.0,0.0,0.0193646616541353,0.0,0.0,0.001328947368421,0.0633082706766917,0.0884605263157894,0.0
2014-12-12 13:00:00,0.3094724857685009,0.0,0.0,0.0632618595825427,0.0658519924098671,0.0,0.0012637571157495,0.0447343453510436,0.0,0.0
2014-12-12 14:00:00,0.3434632768361582,0.0,0.0,0.0308173258003766,0.0,0.0,0.0012561205273069,0.0703653483992467,0.0,0.0
2014-12-12 15:00:00,1.487861163227017,0.0,0.0,0.0455065666041275,0.0,0.0,0.5051313320825516,0.0512457786116322,0.0,0.0
2014-12-12 16:00:00,2.3461441947565547,0.0,0.0,0.0394363295880149,0.0357790262172284,0.0,0.4694250936329588,0.0457921348314606,0.0,0.0
2014-12-12 17:00:00,1.5862242990654205,0.0,0.0,0.0523738317757009,0.0404056074766355,0.0,0.001029906542056,0.045018691588785,0.0,0.0
2014-12-12 18:00:00,0.5757407407407408,0.0,0.0,0.0402296296296296,0.0,0.0,0.0010462962962962,0.045737037037037,0.0,0.0
2014-12-12 19:00:00,0.4422835820895522,0.0,0.0,0.0285447761194029,0.0,0.0,0.0010093283582089,0.0447388059701492,0.0,0.0
2014-12-12 20:00:00,0.4920783582089552,0.0,0.0,0.0613470149253731,0.0683134328358208,0.0,0.0010298507462686,0.0457985074626865,0.0,0.0
2014-12-12 21:00:00,0.3739646182495345,0.0,0.0,0.0218398510242085,0.005534450651769,0.0,0.0010391061452513,0.0449869646182495,0.0,0.0
2014-12-12 22:00:00,0.5583483146067416,0.0,0.0,0.0339719101123595,0.0,0.0,0.0013988764044943,0.074876404494382,0.0,0.0
2014-12-12 23:00:00,0.2233787878787878,0.0,0.0,0.0510662878787878,0.0,0.0,0.0016003787878787,0.044780303030303,0.0,0.0
2014-12-13 00:00:00,0.2099169811320754,0.0,0.0,0.0230698113207547,0.0270301886792452,0.0,0.0015018867924528,0.0460358490566037,0.0,0.0
2014-12-13 01:00:00,0.2329152542372881,0.0,0.0,0.0267212806026365,0.0400094161958568,0.0,0.0013992467043314,0.0447514124293785,0.0,0.0
2014-12-13 02:00:00,0.2206842105263158,0.0,0.0,0.0481616541353383,0.0,0.0,0.0014342105263157,0.0460338345864661,0.0,0.0
2014-12-13 03:00:00,0.2159342105263157,0.0,0.0,0.0291597744360902,0.0,0.0,0.0014943609022556,0.0450526315789473,0.0,0.0
2014-12-13 04:00:00,0.2168664122137404,0.0,0.0,0.0177748091603053,0.0,0.0,0.0016087786259541,0.0457690839694656,0.0,0.0
2014-12-13 05:00:00,0.387266037735849,0.0,0.0,0.0491283018867924,0.0091867924528301,0.0,0.0016792452830188,0.044643396226415,0.0,0.0
2014-12-13 06:00:00,0.4348415094339622,0.0,0.0,0.0366,0.0564245283018867,0.0,0.0015452830188679,0.0457924528301886,0.0,0.0
2014-12-13 07:00:00,0.5811136363636363,0.0,0.0,0.0145189393939393,0.0,0.0,0.001655303030303,0.0465643939393939,0.0,0.0
2014-12-13 08:00:00,0.65975390625,0.0,0.0,0.038201171875,0.0,0.0,0.001490234375,0.07269140625,0.0,0.0
2014-12-13 09:00:00,1.242222433460076,0.0,0.0,0.0422661596958174,0.053264258555133,0.0,0.0012794676806083,0.0559828897338403,0.0,0.0
2014-12-13 10:00:00,0.4339184466019417,0.0,0.0,0.0199067961165048,0.0266660194174757,0.0,0.0012349514563106,0.0471902912621359,0.010252427184466,0.0
2014-12-13 11:00:00,1.0342446601941746,0.0,0.0,0.0220912621359223,0.0,0.0,0.4819242718446602,0.0463203883495145,0.0,0.0
2014-12-13 12:00:00,1.4679825242718445,0.0,0.0,0.0448058252427184,0.0,0.0,0.4657300970873786,0.0467922330097087,0.0,0.0
2014-12-13 13:00:00,0.7984446564885497,0.0,0.0,0.0358645038167938,0.0728969465648854,0.0,0.0012690839694656,0.0456164122137404,0.0,0.0
2014-12-13 14:00:00,0.2733352490421456,0.0,0.0,0.018919540229885,0.0,0.0,0.001419540229885,0.0464080459770114,0.0,0.0
2014-12-13 15:00:00,0.2861669829222011,0.0,0.0,0.0444193548387096,0.0,0.0,0.0014554079696394,0.0456204933586337,0.0,0.0
2014-12-13 16:00:00,0.4035248091603053,0.0,0.0,0.0438854961832061,0.0,0.0,0.0013320610687022,0.0571431297709923,0.0,0.0
2014-12-13 17:00:00,2.546604606525912,0.0,0.0,0.0239942418426103,0.0799654510556621,0.0,0.0011074856046065,0.1142303262955854,0.0,0.0
2014-12-13 18:00:00,1.870885122410546,0.0,0.0,0.0604595103578154,0.0,0.0,0.0010357815442561,0.1162297551789077,0.0404067796610169,0.0
2014-12-13 19:00:00,1.2358026315789472,0.0,0.0,0.032266917293233,0.0214041353383458,0.0,0.0500281954887218,0.071187969924812,0.0,0.0
2014-12-13 20:00:00,2.6211798839458416,0.0,0.0,0.027485493230174,0.0529439071566731,0.5810019342359768,0.910953578336557,0.1125976789168278,0.0,0.0
2014-12-13 21:00:00,0.933984934086629,0.0,0.0,0.0587495291902071,0.0,0.1071205273069679,0.0192843691148775,0.0811450094161958,0.0,0.0
2014-12-13 22:00:00,0.8139560229445507,0.0,0.0,0.0305219885277246,0.0528967495219885,0.0587590822179732,8.986615678776292e-05,0.0816921606118546,0.0,0.0
2014-12-13 23:00:00,0.3519160305343511,0.0,0.0,0.0274580152671755,0.0090992366412213,0.0,5.725190839694656e-06,0.0589580152671755,0.0,0.0
2014-12-14 00:00:00,0.237758034026465,0.0,0.0,0.0571493383742911,0.0,0.0,1.890359168241966e-06,0.0458846880907372,0.0,0.0
2014-12-14 01:00:00,0.2291396226415094,0.0,0.0,0.0283415094339622,0.0110452830188679,0.0,3.773584905660377e-06,0.0451132075471698,0.0,0.0
2014-12-14 02:00:00,0.2815103189493433,0.0,0.0,0.0284033771106941,0.0473939962476547,0.0,5.628517823639775e-06,0.0477354596622889,0.0,0.0
2014-12-14 03:00:00,0.2781838649155722,0.0,0.0,0.0550337711069418,0.0,0.0,5.628517823639775e-06,0.0449474671669793,0.0,0.0
2014-12-14 04:00:00,0.2516011342155009,0.0,0.0,0.028523629489603,0.0,0.0,1.5122873345935728e-05,0.0456068052930056,0.0,0.0
2014-12-14 05:00:00,0.4475461393596986,0.0,0.0,0.0264312617702448,0.0384538606403013,0.0,7.532956685499058e-06,0.0442241054613936,0.0,0.0
2014-12-14 06:00:00,0.5174953271028037,0.0,0.0,0.0548168224299065,0.0168392523364485,0.0,1.8691588785046727e-05,0.0454205607476635,0.0,0.0
2014-12-14 07:00:00,0.6295152091254753,0.0,0.0,0.0276406844106463,0.0,0.0,3.231939163498099e-05,0.044287072243346,0.0,0.0
2014-12-14 08:00:00,1.2291819887429645,0.0,0.0,0.0252739212007504,0.0587242026266416,0.0,4.315196998123828e-05,0.045358348968105,0.0,0.0
2014-12-14 09:00:00,0.6720317164179105,0.0,0.0,0.0549160447761194,0.0123003731343283,0.0,0.0043507462686567,0.0450298507462686,0.0,0.0
2014-12-14 10:00:00,0.8854942965779468,0.0,0.0,0.0261844106463878,0.0,0.0,0.4449467680608365,0.0458745247148289,0.0,0.0
2014-12-14 11:00:00,0.9559942418426104,0.0,0.0,0.0300326295585412,0.0229808061420345,0.0,0.5086084452975048,0.0437811900191938,0.0,0.0
2014-12-14 12:00:00,0.4809943396226415,0.0,0.0,0.0608377358490566,0.0394018867924528,0.0,0.001743396226415,0.0458075471698113,0.0,0.0
2014-12-14 13:00:00,0.4214502814258912,0.0,0.0,0.0222063789868667,0.0,0.0,0.0014165103189493,0.0439193245778611,0.0,0.0
2014-12-14 14:00:00,0.4252146892655367,0.0,0.0,0.0464896421845574,0.0,0.0,0.0013502824858757,0.0447947269303201,0.0,0.0
2014-12-14 15:00:00,0.5150189753320683,0.0,0.0,0.0416242884250474,0.0627647058823529,0.0,0.0012675521821631,0.0437590132827324,0.0,0.0
2014-12-14 16:00:00,0.4215367231638418,0.0,0.0,0.0281544256120527,0.0,0.0,0.0012975517890772,0.0447777777777777,0.0,0.0
2014-12-14 17:00:00,1.1261242937853109,0.0,7.532956685499058e-06,0.0604971751412429,0.0,0.0,0.0011318267419962,0.043819209039548,0.0,0.0
2014-12-14 18:00:00,0.6326033834586466,0.0,0.0,0.0185996240601503,0.07271992481203,0.0,0.0012218045112781,0.0788176691729323,0.0,0.0
2014-12-14 19:00:00,2.7071374764595104,0.0,0.0,0.068563088512241,0.0,0.0,0.0014030131826741,0.0798455743879472,0.0,0.0
2014-12-14 20:00:00,1.2960721062618594,0.0,0.0,0.0221157495256167,0.0621631878557874,0.0,0.0015692599620493,0.0824952561669829,0.0,0.0
2014-12-14 21:00:00,0.3986200378071833,0.0,0.0,0.0537051039697542,0.0,0.0,0.001625708884688,0.0774952741020793,0.0,0.0
2014-12-14 22:00:00,0.298015122873346,0.0,0.0,0.0381398865784499,0.044765595463138,1.890359168241966e-06,0.0017202268431001,0.0448260869565217,0.0,0.0
2014-12-14 23:00:00,0.2231171003717472,0.0,0.0,0.0346263940520446,0.0159163568773234,0.0,0.0018234200743494,0.0440092936802974,0.0,0.0
2014-12-15 00:00:00,0.2912033582089552,0.0,0.0,0.0552947761194029,0.0,0.0,0.0016884328358208,0.0447985074626865,0.0,0.0
2014-12-15 01:00:00,0.307780260707635,0.0,0.0,0.0193631284916201,0.0380558659217877,0.0,0.0015139664804469,0.0438435754189944,0.0,0.0
2014-12-15 02:00:00,0.3254485981308411,0.0,0.0,0.0624803738317757,0.0183738317757009,0.0,0.0015158878504672,0.0448411214953271,0.0,0.0
2014-12-15 03:00:00,0.2805439252336448,0.0,0.0,0.0264280373831775,0.0,0.0,0.0016280373831775,0.0440691588785046,0.0,0.0
2014-12-15 04:00:00,0.2524442344045369,0.0,0.0,0.0384952741020793,0.0128903591682419,0.0,0.0017164461247637,0.0448809073724007,0.0,0.0
2014-12-15 05:00:00,0.5838093457943925,0.0,0.0,0.0495046728971962,0.0417046728971962,0.0,0.0017345794392523,0.0440392523364486,0.0,0.0
2014-12-15 06:00:00,0.5301303538175046,0.0,0.0,0.0184972067039106,0.0,0.0,0.0016219739292364,0.0448398510242085,0.0,0.0
2014-12-15 07:00:00,1.0711638418079097,0.0,0.1764293785310734,0.0566760828625235,0.0334952919020715,0.0,0.0022937853107344,0.0437401129943502,0.0,0.0
2014-12-15 08:00:00,0.9288368121442124,0.0,0.0,0.032066413662239,0.0294250474383301,0.0,0.4555294117647058,0.0465445920303605,0.0,0.0
2014-12-15 09:00:00,1.1012830188679246,0.0,0.0,0.0259094339622641,0.0,0.0,0.5445264150943396,0.0458792452830188,0.0241018867924528,0.0461566037735849
2014-12-15 10:00:00,1.1907344632768362,0.0,0.0,0.0601299435028248,0.0542485875706214,0.5917645951035782,0.0017758945386064,0.0455273069679849,0.0,0.0
2014-12-15 11:00:00,0.5041988636363637,0.0,0.0,0.0214299242424242,0.0123011363636363,0.1015378787878787,0.0012897727272727,0.0444564393939393,0.0,0.0
2014-12-15 12:00:00,1.5745909943714822,0.0,0.0,0.0413133208255159,0.0,0.0524746716697936,0.0013001876172607,0.0672589118198874,0.0,0.0
2014-12-15 13:00:00,3.0437771535580525,0.0,0.0,0.0460430711610486,0.0611760299625468,0.0,0.0013014981273408,0.081063670411985,0.0714943820224719,0.0
2014-12-15 14:00:00,1.07496261682243,0.0,0.0,0.020218691588785,0.0093813084112149,0.0,0.0013177570093457,0.0839962616822429,0.0,0.0
2014-12-15 15:00:00,2.1529851024208564,0.0,0.0,0.0665381750465549,0.0,0.0,0.0010540037243947,0.0491527001862197,0.0,0.0
2014-12-15 16:00:00,0.9935028037383178,0.0,0.0,0.0203644859813084,0.0503551401869158,0.0,0.0010429906542056,0.0745869158878504,0.0,0.0
2014-12-15 17:00:00,2.380936567164179,0.0,0.0,0.0678507462686567,0.0245951492537313,0.5857070895522388,0.0010447761194029,0.0780018656716418,0.0,0.0
2014-12-15 18:00:00,1.926260707635009,0.0,0.0,0.0517504655493482,0.0,0.1049776536312849,0.5022756052141527,0.0510558659217877,0.0145381750465549,0.0
2014-12-15 19:00:00,1.530245283018868,0.0,0.0,0.0414792452830188,0.0533132075471698,0.0377396226415094,0.4929867924528301,0.0832735849056603,0.0,0.0
2014-12-15 20:00:00,3.513612359550562,0.0,0.0,0.0332153558052434,0.0210580524344569,0.6124625468164794,0.0012191011235955,0.0855786516853932,0.0,0.0
2014-12-15 21:00:00,1.053536448598131,0.0,0.0,0.0587775700934579,0.0,0.1539700934579439,0.0014317757009345,0.0834467289719626,0.0,0.0
2014-12-15 22:00:00,0.3399906890130353,0.0,0.0,0.0228733705772811,0.0450837988826815,0.0066480446927374,0.0016554934823091,0.0685698324022346,0.0,0.0
2014-12-15 23:00:00,0.2361985157699443,0.0,0.0,0.0456307977736549,0.0201576994434137,0.0,0.0017291280148423,0.045582560296846,0.0,0.0
2014-12-16 00:00:00,0.2069052044609665,0.0,0.0,0.0468215613382899,0.0,0.0,0.0017657992565055,0.0453289962825278,0.0,0.0
2014-12-16 01:00:00,0.1994555555555555,0.0,0.0,0.0204574074074074,0.0,0.0,0.0015925925925925,0.0440703703703703,0.0,0.0
2014-12-16 02:00:00,0.2844421641791044,0.0,0.0,0.0485541044776119,0.0584402985074626,0.0,0.0016119402985074,0.0447294776119402,0.0,0.0
2014-12-16 03:00:00,0.2305231910946197,0.0,0.0,0.0428107606679035,0.0,0.0,0.0016901669758812,0.04391280148423,0.0,0.0
2014-12-16 04:00:00,0.222212523719165,0.0,0.0,0.0210815939278937,0.0,0.0,0.0017058823529411,0.0446204933586337,0.0,0.0
2014-12-16 05:00:00,0.4036703910614525,0.0,0.0,0.0473258845437616,0.0427206703910614,0.0,0.0017188081936685,0.0436908752327746,0.0,0.0
2014-12-16 06:00:00,0.3579328358208955,0.0,0.0,0.0428227611940298,0.0138414179104477,0.0,0.0016641791044776,0.0447481343283582,0.0,0.0
2014-12-16 07:00:00,0.6464701492537314,0.0,0.0,0.0193544776119402,0.0,0.0,0.0015727611940298,0.0434888059701492,0.0396268656716417,0.0
2014-12-16 08:00:00,1.1891055555555556,0.0,0.0,0.042174074074074,0.0611296296296296,0.0218462962962962,0.0011814814814814,0.0444444444444444,0.0,0.0
2014-12-16 09:00:00,3.597354359925789,0.0,0.0,0.0460500927643784,0.0070278293135435,0.6302152133580705,0.0010927643784786,0.0576679035250463,0.0,0.0
2014-12-16 10:00:00,1.936896103896104,0.0038237476808905,0.0,0.0193079777365491,0.0,0.1118367346938775,0.0011020408163265,0.044860853432282,0.0,0.0
2014-12-16 11:00:00,3.155688311688312,0.0,0.0,0.039595547309833,0.0635510204081632,0.0,0.0010760667903525,0.0439276437847866,0.0,0.0
2014-12-16 12:00:00,1.484061111111111,0.0,0.0,0.0499962962962962,0.0,0.0,0.0010648148148148,0.0489944444444444,0.0,0.0
2014-12-16 13:00:00,1.2965028037383175,0.0,0.1005009345794392,0.0206485981308411,0.0059588785046728,0.0,0.0599439252336448,0.0527345794392523,0.0,0.0
2014-12-16 14:00:00,1.3206203703703705,0.0,0.0,0.0503388888888888,0.0586814814814814,0.0,0.8869166666666666,0.0445851851851851,0.0,0.0
2014-12-16 15:00:00,0.7574805194805194,0.0,0.0,0.0402708719851577,0.0,0.0,0.0187421150278293,0.0439276437847866,0.0,0.0
2014-12-16 16:00:00,1.2463345656192235,0.0,0.0,0.0674085027726432,0.053709796672828,0.5800203327171904,0.0012587800369685,0.0446580406654343,0.0,0.0
2014-12-16 17:00:00,0.5628305709023941,0.0,0.0,0.0422799263351749,0.0044493554327808,0.1056813996316758,0.0016427255985267,0.0434806629834254,0.0,0.0
2014-12-16 18:00:00,0.4356580406654344,0.0,0.0,0.0532292051756007,0.0068835489833641,0.0412329020332717,0.0010924214417744,0.0445822550831793,0.0,0.0
2014-12-16 19:00:00,1.7579473684210527,0.0,0.0,0.0229304511278195,0.051078947368421,0.1050056390977443,0.0016353383458646,0.060922932330827,0.0,0.0
2014-12-16 20:00:00,2.934146892655367,0.0,0.0,0.0685291902071563,0.0167175141242937,0.5479661016949152,0.0019736346516007,0.0847570621468926,0.0,0.0
2014-12-16 21:00:00,0.6082011278195489,0.0,0.0,0.0241127819548872,0.0424793233082706,0.0941165413533834,0.0016015037593984,0.0825112781954887,0.0,0.0
2014-12-16 22:00:00,0.303921200750469,0.0,0.0,0.0477579737335834,0.0287992495309568,0.0,0.0017129455909943,0.0454033771106941,0.0,0.0
2014-12-16 23:00:00,0.2271641791044776,0.0,0.0,0.0422108208955223,0.0232182835820895,0.0,0.0017462686567164,0.044445895522388,0.0,0.0
2014-12-17 00:00:00,0.2060544090056285,0.0,0.0,0.027545966228893,0.0145741088180112,0.0,0.0016923076923076,0.0440018761726078,0.0,0.0
2014-12-17 01:00:00,0.2621613508442776,0.0,0.0,0.0631444652908067,0.0369493433395872,0.0,0.0015834896810506,0.0435909943714821,0.0,0.0
2014-12-17 02:00:00,0.2104285714285714,0.0,0.0,0.0224842300556586,0.0,0.0,0.0017551020408163,0.0437773654916512,0.0,0.0
2014-12-17 03:00:00,0.2903308550185874,0.0,0.0,0.064864312267658,0.054039033457249,0.0,0.001721189591078,0.0434107806691449,0.0,0.0
2014-12-17 04:00:00,0.2216437847866419,0.0,0.0,0.0249165120593692,0.0,0.0,0.0016846011131725,0.0445621521335807,0.0,0.0
2014-12-17 05:00:00,0.5057042513863216,0.0,0.0,0.058086876155268,0.0364547134935305,0.0,0.0020554528650646,0.0435212569316081,0.0,0.0
2014-12-17 06:00:00,0.4243147113594041,0.0,0.0,0.0302849162011173,0.0159813780260707,0.0,0.0016424581005586,0.0445567970204841,0.0028603351955307,0.0
2014-12-17 07:00:00,1.2546163873370575,0.0,0.0,0.0548901303538175,0.0380800744878957,0.0,0.0015735567970204,0.0441471135940409,0.0798696461824953,0.0
2014-12-17 08:00:00,0.7957132216014897,0.0,0.0,0.0331862197392923,0.0155530726256983,0.0,0.0015791433891992,0.0454562383612662,0.0,0.0
2014-12-17 09:00:00,0.2855613382899628,0.0,0.0,0.0571486988847583,0.0,0.0,0.0015315985130111,0.0435966542750929,0.0,0.0
2014-12-17 10:00:00,0.2608208955223881,0.0,0.0,0.0307201492537313,0.0544738805970149,0.0,0.0015951492537313,0.0446194029850746,0.0,0.0
2014-12-17 11:00:00,0.2320594795539033,0.0,0.0,0.065267657992565,0.0,0.0,0.0014758364312267,0.0436022304832713,0.0,0.0
2014-12-17 12:00:00,0.2062698706099815,0.0,0.0,0.0247615526802218,0.0,0.0,0.0014972273567467,0.0446931608133086,0.0,0.0
2014-12-17 13:00:00,0.3109416909620991,0.0,0.0,0.0684227405247813,0.0617580174927113,0.0,0.0015102040816326,0.0442740524781341,0.0,0.0
2014-12-17 14:00:00,0.2265688073394495,0.0,0.0,0.006848623853211,0.0,0.0,0.0015825688073394,0.0462660550458715,0.0,0.0
2014-12-17 15:00:00,0.587,0.0,0.0,0.0695555555555555,0.0,0.0,0.0010864197530864,0.0438765432098765,0.0,0.0
2014-12-17 16:00:00,0.9518287037037036,0.0,0.0,0.0478194444444444,0.0868101851851851,0.0,0.0592222222222222,0.0685462962962962,0.0,0.0
2014-12-17 17:00:00,3.545536842105263,0.0,0.0,0.0608210526315789,0.0,0.0,0.7035368421052632,0.0831578947368421,0.0,0.0
2014-12-17 18:00:00,1.284630985915493,0.0,0.0,0.0657492957746478,0.0,0.0,0.0138957746478873,0.0662619718309859,0.0,0.0
2014-12-17 19:00:00,1.3186179775280895,0.0,0.0,0.0649494382022471,0.0748258426966292,0.0237471910112359,0.0014044943820224,0.0450112359550561,0.0,0.0
2014-12-17 20:00:00,1.387556776556777,0.0,0.0,0.0646410256410256,0.0,0.1989853479853479,0.0013663003663003,0.0808791208791208,0.0,0.0
2014-12-17 21:00:00,1.0507338709677418,0.0,0.0,0.0322768817204301,0.0394704301075268,0.0726505376344086,0.0015322580645161,0.0830537634408602,0.0,0.0
2014-12-17 22:00:00,0.5910227920227921,0.0,0.0,0.0681794871794871,0.0112735042735042,0.0,0.0016011396011396,0.0833048433048433,0.0,0.0
2014-12-17 23:00:00,0.2907239263803681,0.0,0.0,0.0144723926380368,0.0,0.0,0.0017392638036809,0.0460858895705521,0.0,0.0
2014-12-18 00:00:00,0.30273046875,0.0,0.0,0.0704921875,0.00725,0.0,0.001609375,0.04498046875,0.0,0.0
2014-12-18 01:00:00,0.2775714285714286,0.0,0.0,0.0156842105263157,0.0200751879699248,0.0,0.001578947368421,0.043593984962406,0.0,0.0
2014-12-18 02:00:00,0.2494023255813953,0.0,0.0,0.0600418604651162,0.0,0.0,0.0015232558139534,0.0448674418604651,0.0,0.0
2014-12-18 03:00:00,0.1951827731092437,0.0,0.0,0.0445273109243697,0.0,0.0,0.0015693277310924,0.0436869747899159,0.0,0.0
2014-12-18 04:00:00,0.2681291208791209,0.0,0.0,0.0286675824175824,0.0753021978021978,0.0,0.0015576923076923,0.0451098901098901,0.0,0.0
2014-12-18 05:00:00,0.3703013698630137,0.0,0.0,0.066958904109589,0.0,0.0,0.0013972602739726,0.0443287671232876,0.0,0.0
2014-12-18 06:00:00,0.2432559241706161,0.0,0.0,0.0089620853080568,0.0,0.0,0.0015545023696682,0.045127962085308,0.0,0.0
2014-12-18 07:00:00,1.0531973684210527,0.0,0.0576052631578947,0.0691973684210526,0.0686315789473684,0.0,0.001328947368421,0.0438947368421052,0.0,0.0
2014-12-18 08:00:00,1.5920639269406391,0.0,0.0,0.0581643835616438,0.0,0.0,0.80224200913242,0.0444703196347031,0.0,0.0
2014-12-18 09:00:00,0.553113924050633,0.0,0.0,0.0265949367088607,0.0,0.0,0.3750632911392405,0.0436455696202531,0.0,0.0
2014-12-18 10:00:00,0.3151754385964912,0.0,0.0,0.0666929824561403,0.0845701754385964,0.0,0.0014736842105263,0.0450964912280701,0.0,0.0
2014-12-18 11:00:00,,,,,,,,,,
2014-12-18 12:00:00,,,,,,,,,,
2014-12-18 13:00:00,,,,,,,,,,
2014-12-18 14:00:00,,,,,,,,,,
2014-12-18 15:00:00,,,,,,,,,,
2014-12-18 16:00:00,,,,,,,,,,
2014-12-18 17:00:00,,,,,,,,,,
2014-12-18 18:00:00,,,,,,,,,,
2014-12-18 19:00:00,,,,,,,,,,
2014-12-18 20:00:00,,,,,,,,,,
2014-12-18 21:00:00,,,,,,,,,,
2014-12-18 22:00:00,,,,,,,,,,
2014-12-18 23:00:00,,,,,,,,,,
2014-12-19 00:00:00,,,,,,,,,,
2014-12-19 01:00:00,,,,,,,,,,
2014-12-19 02:00:00,,,,,,,,,,
2014-12-19 03:00:00,,,,,,,,,,
2014-12-19 04:00:00,,,,,,,,,,
2014-12-19 05:00:00,,,,,,,,,,
2014-12-19 06:00:00,,,,,,,,,,
2014-12-19 07:00:00,,,,,,,,,,
2014-12-19 08:00:00,,,,,,,,,,
2014-12-19 09:00:00,,,,,,,,,,
2014-12-19 10:00:00,0.3201608040201005,0.0,0.0,0.038467336683417,0.0,0.0,0.0014472361809045,0.0452763819095477,0.0,0.0
2014-12-19 11:00:00,0.3457629796839729,0.0,0.0,0.0612076749435665,0.0,0.0,0.001451467268623,0.0441602708803611,0.0,0.0
2014-12-19 12:00:00,0.5305539033457249,0.0,0.0,0.0405464684014869,0.0506486988847583,0.0,0.0013197026022304,0.0498085501858736,0.0,0.0
2014-12-19 13:00:00,0.3388520599250936,0.0,0.0,0.0320505617977528,0.0272284644194756,0.0,0.0014363295880149,0.083440074906367,0.0,0.0
2014-12-19 14:00:00,0.2935503731343283,0.0,0.0,0.0579141791044776,0.024660447761194,0.0,0.0014850746268656,0.0519757462686567,0.0,0.0
2014-12-19 15:00:00,0.450496282527881,0.0,0.0,0.0202955390334572,0.0310130111524163,0.0029405204460966,0.0014163568773234,0.0438197026022304,0.0,0.0
2014-12-19 16:00:00,1.889977528089888,0.0,0.0,0.0693501872659176,0.0034063670411985,0.6224962546816479,0.0010786516853932,0.0913558052434456,0.0,0.0
2014-12-19 17:00:00,0.9673128491620112,0.0,0.0,0.0577020484171322,0.0654152700186219,0.1336238361266294,0.0011061452513966,0.0842569832402234,0.0,0.0
2014-12-19 18:00:00,3.139759259259259,0.0,0.0,0.0319722222222222,0.0,0.3097944444444444,0.0011222222222222,0.1140074074074074,0.0443907407407407,0.0
2014-12-19 19:00:00,3.595544609665428,0.0012081784386617,0.0,0.0373289962825278,0.0602936802973977,0.3283382899628252,0.3954851301115241,0.0592137546468401,0.0,0.0
2014-12-19 20:00:00,1.160163568773234,0.0,0.0,0.0543959107806691,0.0059219330855018,0.0864888475836431,0.5572620817843866,0.0845204460966542,0.0,0.0
2014-12-19 21:00:00,0.7578589981447125,0.0,0.0,0.019090909090909,0.0102152133580705,0.0,0.0017829313543599,0.0740204081632653,0.0,0.0
2014-12-19 22:00:00,0.2706159554730983,0.0,0.0,0.0618237476808905,0.0549406307977736,0.0,0.001747680890538,0.0443821892393321,0.0,0.0
2014-12-19 23:00:00,0.1667458256029684,0.0,0.0,0.0306029684601113,0.0,1.855287569573284e-06,0.0017922077922077,0.0441669758812615,0.0,0.0
2014-12-20 00:00:00,0.1837063197026022,0.0,0.0,0.0339423791821561,0.0265576208178438,0.0,0.001721189591078,0.0448810408921933,0.0,0.0
2014-12-20 01:00:00,0.2891933085501859,0.0,0.0,0.0565817843866171,0.0298420074349442,0.0,0.0015929368029739,0.0438754646840148,0.0,0.0
2014-12-20 02:00:00,0.2192434944237918,0.0,0.0,0.020814126394052,0.0,0.0,0.0016635687732342,0.0451561338289962,0.0,0.0
2014-12-20 03:00:00,0.2707652495378927,0.0,0.0,0.0479205175600739,0.0104195933456561,0.0,0.001724584103512,0.0456876155268022,0.0,0.0
2014-12-20 04:00:00,0.3074208566108007,0.0,0.0,0.045243947858473,0.0430074487895716,0.0,0.0018342644320297,0.0448752327746741,0.0,0.0
2014-12-20 05:00:00,0.3105732838589981,0.0,0.0,0.0196029684601113,0.0,0.0,0.0018404452690166,0.0437551020408163,0.0,0.0
2014-12-20 06:00:00,0.3897597765363129,0.0,0.0,0.0624506517690875,0.0312085661080074,0.0,0.0016983240223463,0.0448491620111731,0.0,0.0
2014-12-20 07:00:00,0.4961457943925234,0.0,0.0,0.0296411214953271,0.0277943925233644,0.0,0.0017289719626168,0.044003738317757,0.0,0.0
2014-12-20 08:00:00,0.4273851851851852,0.0,0.0,0.033774074074074,0.0,0.0,0.0017129629629629,0.0448703703703703,0.0,0.0
2014-12-20 09:00:00,1.1433605947955392,0.0,0.0917434944237918,0.0564851301115241,0.0627100371747211,0.0,0.0013717472118959,0.0438475836431226,0.0,0.0
2014-12-20 10:00:00,2.143487895716946,0.0,0.0,0.024290502793296,0.0018472998137802,0.019754189944134,0.4511899441340782,0.0449646182495344,0.0,0.0
2014-12-20 11:00:00,3.515768224299065,0.0,0.0,0.0680785046728972,0.0,0.6097102803738318,0.4949383177570093,0.0604429906542056,0.0,0.0
2014-12-20 12:00:00,1.0462323420074349,0.0,0.0,0.0249386617100371,0.0673122676579925,0.1168587360594795,0.0014442379182156,0.0620204460966542,0.0,0.0
2014-12-20 13:00:00,0.4559776951672862,0.0,0.0,0.0683959107806691,0.0,0.0,0.001496282527881,0.0810817843866171,0.0,0.0
2014-12-20 14:00:00,0.3387407407407408,0.0,0.0,0.0247925925925925,0.0,0.0,0.0012962962962962,0.0693796296296296,0.0,0.0
2014-12-20 15:00:00,0.4778215613382899,0.0,0.0,0.0579144981412639,0.0654256505576208,0.0,0.0010910780669144,0.0437267657992565,0.0,0.0
2014-12-20 16:00:00,0.5979307116104869,0.0,0.0,0.0346029962546816,0.0,0.0,0.0011029962546816,0.0451647940074906,0.0,0.0
2014-12-20 17:00:00,1.741275092936803,0.0,0.0,0.0573401486988847,0.0442360594795539,0.0,0.0010687732342007,0.0448048327137546,0.0,0.0
2014-12-20 18:00:00,0.91958379373849,0.0,0.0,0.0331381215469613,0.0217900552486187,0.0,0.0262283609576427,0.0448379373848987,0.0,0.0
2014-12-20 19:00:00,1.199983208955224,0.0,0.0,0.0364328358208955,0.0235783582089552,0.0,0.459875,0.0437985074626865,0.0,0.0
2014-12-20 20:00:00,1.0568794063079776,0.0,0.0,0.0565751391465677,0.0344471243042671,0.0,0.475543599257885,0.0837198515769944,0.0,0.0
2014-12-20 21:00:00,0.4826171003717472,0.0,0.0,0.0187843866171003,0.0024721189591078,0.0,0.0013661710037174,0.0830669144981412,0.0,0.0
2014-12-20 22:00:00,0.4579256505576208,0.0,0.0,0.0618921933085501,0.0529553903345724,0.0,0.0016988847583643,0.0678308550185873,0.0,0.0
2014-12-20 23:00:00,0.1722022263450834,0.0,0.003799628942486,0.0307161410018552,0.0,0.0,0.0017773654916512,0.0437272727272727,0.0,0.0
2014-12-21 00:00:00,0.201731343283582,0.0,0.0,0.036070895522388,0.0538899253731343,0.0,0.0016791044776119,0.0452089552238806,0.0,0.0
2014-12-21 01:00:00,0.176096834264432,0.0,0.0,0.0543687150837988,0.0007355679702048,0.0,0.0016499068901303,0.0442513966480446,0.0,0.0
2014-12-21 02:00:00,0.1631380597014925,0.0,0.0,0.0183805970149253,0.0,0.0,0.0017033582089552,0.0459421641791044,0.0,0.0
2014-12-21 03:00:00,0.2331486988847583,0.0,0.0,0.0609684014869888,0.0494721189591078,0.0,0.0016635687732342,0.0438903345724907,0.0,0.0
2014-12-21 04:00:00,0.3094990723562152,0.0,0.0,0.0311168831168831,0.0,0.0,0.0017384044526901,0.0449053803339517,0.0,0.0
2014-12-21 05:00:00,0.5149350649350649,0.0,0.0,0.0362745825602968,0.0175473098330241,0.0,0.0017588126159554,0.0933525046382189,0.0,0.0
2014-12-21 06:00:00,0.6840633147113595,0.0,0.0,0.0535977653631285,0.0338324022346368,0.0,0.0017337057728119,0.087756052141527,0.0,0.0
2014-12-21 07:00:00,0.4914701492537313,0.0,0.0,0.0197126865671641,0.0,0.0,0.0017201492537313,0.0438992537313432,0.0,0.0
2014-12-21 08:00:00,1.1834734848484847,0.0,0.1596893939393939,0.0633958333333333,0.0595170454545454,0.0,0.001590909090909,0.0452386363636363,0.0,0.0
2014-12-21 09:00:00,0.4898392523364486,0.0,0.0,0.0280953271028037,0.0,0.0,0.0011607476635514,0.0439158878504672,0.0,0.0
2014-12-21 10:00:00,1.697407476635514,3.738317757009346e-06,0.0,0.0423588785046728,0.0520093457943925,0.0153925233644859,0.0010841121495327,0.0449925233644859,0.0,0.0
2014-12-21 11:00:00,3.0319271028037384,0.0037233644859813,0.0,0.0469495327102803,0.0085962616822429,0.5990728971962617,0.0010897196261682,0.0441495327102803,0.0,0.0
2014-12-21 12:00:00,1.1420260707635008,0.0,0.0,0.0306927374301675,0.0533575418994413,0.1047728119180633,0.0015083798882681,0.0463445065176908,0.1313929236499069,0.0
2014-12-21 13:00:00,0.7450856610800745,0.0,0.0,0.0585009310986964,0.011364990689013,0.0,0.0005698324022346,0.0921247672253258,0.127536312849162,0.0
2014-12-21 14:00:00,1.0402439478584729,0.0,0.0,0.0345865921787709,0.0359087523277467,0.0,0.4209124767225325,0.0685884543761638,0.0,0.0
2014-12-21 15:00:00,1.1039035250463822,0.0,0.0,0.0565732838589981,0.0309109461966604,0.0050166975881261,0.4989109461966605,0.0438571428571428,0.0,0.0
2014-12-21 16:00:00,0.5760630797773655,0.0,0.0,0.0391873840445269,0.0217235621521335,0.0,0.0020853432282003,0.0452152133580705,0.0,0.0
2014-12-21 17:00:00,0.5029570895522388,0.0,0.0,0.0493320895522388,0.0279160447761194,0.0,0.001625,0.0438787313432835,0.0,0.0
2014-12-21 18:00:00,0.5120130841121495,0.0,0.0,0.0445420560747663,0.0323401869158878,0.0,0.0015364485981308,0.0451943925233644,0.0,0.0
2014-12-21 19:00:00,1.0506468401486988,0.0,0.0,0.0445966542750929,0.0029256505576208,0.0,0.0011710037174721,0.0439144981412639,0.0,0.0
2014-12-21 20:00:00,0.8349683426443203,0.0,0.0,0.0517094972067039,0.0555251396648044,0.0,0.0012607076350093,0.0574003724394785,0.0,0.0
2014-12-21 21:00:00,0.6967057728119181,0.0,0.0,0.0401806331471136,0.0,0.0,0.0003966480446927,0.0731378026070763,0.0,0.0
2014-12-21 22:00:00,0.2991704119850187,0.0,0.0,0.0602284644194756,0.0590805243445692,0.0,0.0003501872659176,0.0449157303370786,0.0,0.0
2014-12-21 23:00:00,0.185152133580705,0.0,0.0,0.0296159554730983,0.0,1.855287569573284e-06,0.0004267161410018,0.0442653061224489,0.0,0.0
2014-12-22 00:00:00,0.218226168224299,0.0,0.0,0.0680953271028037,0.0126859813084112,0.0,0.0002990654205607,0.045207476635514,0.0,0.0
2014-12-22 01:00:00,0.2226747663551402,0.0,0.0,0.0200205607476635,0.0446934579439252,0.0,0.0001214953271028,0.0437981308411214,0.0,0.0
2014-12-22 02:00:00,0.2101208178438662,0.0,0.0,0.0701672862453531,0.0,0.0,8.921933085501858e-05,0.0448680297397769,0.0,0.0
2014-12-22 03:00:00,0.22656052141527,0.0,0.0,0.0528882681564245,0.0329962756052141,0.0,0.000145251396648,0.0438510242085661,0.0,0.0
2014-12-22 04:00:00,0.221,0.0,0.0,0.0351404494382022,0.0225767790262172,0.0,0.0001142322097378,0.0449044943820224,0.0,0.0
2014-12-22 05:00:00,0.4398385899814471,0.0,0.0,0.067139146567718,0.0,0.0,0.0009888682745825,0.0441094619666048,0.0,0.0
2014-12-22 06:00:00,0.4615711610486891,0.0,0.0,0.0373464419475655,0.0505749063670412,0.0,7.303370786516854e-05,0.0454138576779026,0.0,0.0
2014-12-22 07:00:00,0.6330837988826815,0.0,0.0,0.0509143389199255,0.0125716945996275,0.0,8.379888268156425e-05,0.0454972067039106,0.0,0.0
2014-12-22 08:00:00,0.7991548507462686,0.0,0.0825970149253731,0.0662462686567164,0.0017835820895522,0.0,7.276119402985074e-05,0.0462164179104477,0.0,0.0
2014-12-22 09:00:00,0.53574531835206,0.0,0.0,0.0654438202247191,0.0635243445692883,0.0,8.052434456928839e-05,0.0451367041198501,0.0,0.0
2014-12-22 10:00:00,0.4600262664165103,0.0,0.0,0.0190075046904315,0.0,0.0,7.317073170731707e-05,0.0644784240150093,0.0,0.0
2014-12-22 11:00:00,0.4106055555555555,0.0,0.0,0.0699537037037037,0.0565407407407407,0.0,6.851851851851852e-05,0.0842185185185185,0.0,0.0
2014-12-22 12:00:00,0.3232448598130841,0.0,0.0,0.0655028037383177,0.0103588785046728,0.0,3.177570093457944e-05,0.0500710280373831,0.0,0.0
2014-12-22 13:00:00,1.1572932330827068,0.0,0.0,0.0211785714285714,0.0113458646616541,0.0223815789473684,0.0001184210526315,0.0593533834586466,0.0,0.0
2014-12-22 14:00:00,2.918555970149254,0.0,0.0,0.0674085820895522,0.0514048507462686,0.6275485074626865,0.0,0.0696082089552238,0.0,0.0252276119402985
2014-12-22 15:00:00,0.4629271028037383,0.0,0.0,0.0594355140186915,0.0,0.0991102803738317,0.0,0.0444915887850467,0.0,0.0
2014-12-22 16:00:00,0.9261175373134328,0.0,0.0,0.028990671641791,0.0616212686567164,0.0,9.328358208955222e-06,0.0469067164179104,0.0,0.0
2014-12-22 17:00:00,2.2159755639097742,0.0,0.0,0.0673026315789473,0.0046691729323308,0.0,5.639097744360902e-06,0.054375939849624,0.0,0.0
2014-12-22 18:00:00,3.662304672897197,0.0,0.0,0.0332934579439252,0.0356579439252336,0.0,0.0,0.0542280373831775,0.0,0.0
2014-12-22 19:00:00,3.377048417132216,0.0,0.0,0.0546778398510242,0.027998137802607,0.6221042830540038,0.4839050279329608,0.0535884543761638,0.0,0.0
2014-12-22 20:00:00,1.932418994413408,0.0,0.0,0.0655754189944134,0.0,0.1289608938547486,0.5032420856610801,0.049145251396648,0.0,0.0059962756052141
2014-12-22 21:00:00,0.6803977695167287,0.0,0.0,0.0220873605947955,0.063039033457249,0.0090241635687732,0.0017174721189591,0.0866877323420074,0.0,0.0
2014-12-22 22:00:00,0.3836421845574387,0.0,0.0,0.0699585687382297,0.0,0.0,0.0017834274952919,0.0630866290018832,0.0,0.0
2014-12-22 23:00:00,0.2303167587476979,0.0,0.0,0.0672946593001841,0.0,0.0,0.0017476979742173,0.0444548802946593,0.0002946593001841,0.0
2014-12-23 00:00:00,0.299391143911439,0.0,0.0,0.0666715867158671,0.0647712177121771,0.0,0.0017269372693726,0.0461457564575645,0.0,0.0
2014-12-23 01:00:00,0.2257430683918669,0.0,0.0,0.066181146025878,0.0009463955637707,0.0,0.0016062846580406,0.0452051756007393,2.957486136783734e-05,0.0
2014-12-23 02:00:00,0.2256746765249538,0.0,0.0,0.0659796672828096,4.436229205175601e-05,0.0,0.0016894639556377,0.0454879852125693,0.0,0.0
2014-12-23 03:00:00,0.239492565055762,0.0,0.0,0.0657472118959107,0.0154516728624535,0.0,0.001771375464684,0.0450966542750929,0.0,0.0
2014-12-23 04:00:00,0.2520922509225092,0.0,0.0,0.0327214022140221,0.0448468634686346,0.0,0.001780442804428,0.0454926199261992,0.0,0.0
2014-12-23 05:00:00,0.346909604519774,0.0,0.0,0.0569585687382297,0.0,0.0,0.0017457627118644,0.0446365348399246,0.0,0.0
2014-12-23 06:00:00,0.3454712430426716,0.0,0.0,0.0642727272727272,0.0,0.0,0.0016883116883116,0.0455324675324675,0.0,0.0
2014-12-23 07:00:00,1.155349442379182,0.0,0.0,0.0221431226765799,0.0733345724907063,0.0,0.0015037174721189,0.0446171003717472,0.0,0.0
2014-12-23 08:00:00,2.247651851851852,0.0,0.0,0.0670314814814814,0.0,0.0,0.001437037037037,0.0456,0.0,0.0
2014-12-23 09:00:00,0.7392323420074349,0.0,0.104128252788104,0.0202137546468401,0.0,0.0,0.0014776951672862,0.0446802973977695,0.043585501858736,0.0
2014-12-23 10:00:00,0.9225,0.0,0.0,0.0696970260223048,0.0720315985130111,0.0,0.0015,0.0456208178438661,0.0,0.0
2014-12-23 11:00:00,1.0167900552486189,0.0,0.0,0.042841620626151,0.0006666666666666,0.1807642725598526,0.0015064456721915,0.0508674033149171,0.0,0.0
2014-12-23 12:00:00,1.2203075506445673,0.0,0.0,0.0460589318600368,0.0,0.5159116022099447,0.0015230202578268,0.0747348066298342,0.0,0.0
2014-12-23 13:00:00,0.6080037037037036,0.0,0.0,0.0664777777777777,0.0636277777777777,0.0918277777777777,0.0014962962962962,0.044637037037037,0.0,0.0
2014-12-23 14:00:00,0.3084259259259259,0.0,0.0,0.0258481481481481,0.0,0.0,0.00165,0.046037037037037,0.0,0.0
2014-12-23 15:00:00,0.7789721189591078,0.0,0.0,0.0642509293680297,0.0,0.0,0.0014721189591078,0.0850074349442379,0.0145464684014869,0.0
2014-12-23 16:00:00,1.014918215613383,0.0,0.0,0.065310408921933,0.0488661710037174,0.0,0.0013996282527881,0.0981728624535315,0.0,0.0
2014-12-23 17:00:00,0.8782364990689012,0.0,0.0,0.0181284916201117,0.0302029795158286,0.0,0.0015046554934823,0.0681787709497206,0.0,0.0
2014-12-23 18:00:00,1.3010701754385965,0.0,0.0,0.0728771929824561,0.0,0.0,0.0013274853801169,0.081672514619883,0.0,0.0
2014-12-23 19:00:00,0.6512354368932038,0.0,0.0,0.0505631067961165,0.0010606796116504,0.0,0.0016383495145631,0.0841917475728155,0.0,0.0
2014-12-23 20:00:00,0.7541436464088398,0.0,0.0,0.0336869244935543,0.0794014732965009,0.0,0.0010441988950276,0.0854125230202578,0.0,0.0
2014-12-23 21:00:00,0.4155176252319109,0.0,0.0,0.0670705009276437,0.0,0.0,0.0001595547309833,0.0861706864564007,0.0,0.0
2014-12-23 22:00:00,0.3325623836126629,0.0,0.0,0.0201378026070763,0.0072383612662942,0.0,0.000316573556797,0.0679068901303538,0.0,0.0
2014-12-23 23:00:00,0.2988703703703704,0.0,0.0,0.0690814814814814,0.0591462962962963,0.0,0.0004092592592592,0.0454018518518518,0.0,0.0
2014-12-24 00:00:00,0.2271534195933456,0.0,0.0,0.0296765249537892,0.0,0.0,0.0002088724584103,0.0468817005545286,0.0,0.0
2014-12-24 01:00:00,0.3043678373382624,0.0,0.0,0.0581441774491682,0.00281146025878,0.0,0.0001497227356746,0.0456820702402957,0.0,0.0
2014-12-24 02:00:00,0.3765147601476015,0.0,0.0,0.0555774907749077,0.0591476014760147,0.0028339483394833,0.0002047970479704,0.0469594095940959,0.0,0.0
2014-12-24 03:00:00,0.2587574074074074,0.0,0.0,0.0315129629629629,0.0,0.0,0.0003685185185185,0.0458703703703703,0.0,0.0
2014-12-24 04:00:00,0.297925788497217,0.0,0.0,0.0677847866419295,0.0052987012987012,1.4842300556586271e-05,0.0002523191094619,0.0468033395176252,0.0,0.0
2014-12-24 05:00:00,0.459347504621072,0.0,0.0,0.019351201478743,0.0516820702402957,0.0,0.0002255083179297,0.0457670979667282,0.0,0.0
2014-12-24 06:00:00,0.4983159851301115,0.0,0.0,0.0658791821561338,0.0,0.0,0.0003791821561338,0.0458940520446096,0.0,0.0
2014-12-24 07:00:00,0.8268582089552239,0.0,0.0,0.022080223880597,0.0448376865671641,0.0,0.0002033582089552,0.0474029850746268,0.0219626865671641,0.0
2014-12-24 08:00:00,0.6883888888888889,0.0,0.0,0.0554407407407407,0.020437037037037,0.0,0.0001351851851851,0.0464314814814814,0.0,0.0
2014-12-24 09:00:00,0.4445796296296296,0.0,0.0,0.0318425925925925,0.0,0.0,0.0001444444444444,0.0447555555555555,0.0,0.0
2014-12-24 10:00:00,0.6104721189591078,0.0,0.0,0.0384163568773234,0.065131970260223,0.0,9.66542750929368e-05,0.046128252788104,0.0,0.0
2014-12-24 11:00:00,2.948475836431227,0.0,0.0,0.0496598513011152,0.0,0.0,4.0892193308550185e-05,0.0450297397769516,0.0,0.0
2014-12-24 12:00:00,0.8482555970149254,0.0,0.0,0.0649123134328358,0.0336529850746268,0.0,6.529850746268656e-05,0.0462294776119402,0.0,0.0
2014-12-24 13:00:00,1.056078066914498,0.0,0.0,0.0273587360594795,0.0296078066914498,0.0,0.4601542750929368,0.0639572490706319,0.0,0.0
2014-12-24 14:00:00,0.969981308411215,0.0,0.0,0.0683009345794392,0.0,0.0,0.485796261682243,0.0945401869158878,0.0,0.0
2014-12-24 15:00:00,0.7025921787709498,0.0,0.0,0.0243500931098696,0.0662998137802607,0.0,0.001217877094972,0.0871787709497206,0.1137597765363128,0.0
2014-12-24 16:00:00,1.5271185185185183,0.0,0.0,0.0592537037037037,0.0,0.0,0.0010962962962962,0.0473907407407407,0.0,0.0
2014-12-24 17:00:00,1.9134487895716945,0.0008640595903165,0.0,0.0334525139664804,0.027877094972067,0.0,0.0010856610800744,0.0468249534450651,0.0,0.0
2014-12-24 18:00:00,1.2021447124304268,0.0,0.0,0.0382059369202226,0.0311372912801484,0.0,0.0011298701298701,0.04721706864564,0.1224768089053803,0.0
2014-12-24 19:00:00,1.3448645640074213,0.0,0.0,0.0529925788497217,0.0,0.0,0.4840185528756957,0.0597439703153988,7.050092764378478e-05,0.0
2014-12-24 20:00:00,1.2166722222222222,0.0,0.0,0.0194648148148148,0.0621407407407407,0.0,0.4960666666666666,0.0865833333333333,0.0182814814814814,0.0
2014-12-24 21:00:00,0.689760667903525,0.0,0.0,0.0577402597402597,0.0,0.0,0.0012244897959183,0.0659090909090909,0.0,0.0
2014-12-24 22:00:00,0.4788923933209647,0.0,0.0,0.0348552875695732,0.0412541743970315,0.0,0.0013191094619666,0.069721706864564,0.0,0.0
2014-12-24 23:00:00,0.2176182495344506,0.0,0.0,0.0287523277467411,0.0149869646182495,0.0,0.0013314711359404,0.0452160148975791,0.0,0.0
2014-12-25 00:00:00,0.2136148148148148,0.0,0.0,0.0616444444444444,0.0,0.0,0.0012629629629629,0.0468351851851851,0.0,0.0
2014-12-25 01:00:00,0.23881146025878,0.0,0.0,0.0210129390018484,0.0533493530499075,0.0,0.0012088724584103,0.0457615526802218,0.0,0.0
2014-12-25 02:00:00,0.2136574074074074,0.0,0.0,0.0397648148148148,0.0,0.0,0.0012425925925925,0.0467648148148148,0.0,0.0
2014-12-25 03:00:00,0.2469124767225326,0.0,0.0,0.0523426443202979,0.0,0.0,0.0012960893854748,0.0446797020484171,0.0,0.0
2014-12-25 04:00:00,0.2878200371057514,0.0,0.0,0.0201224489795918,0.0496252319109462,0.0,0.0014211502782931,0.0456790352504638,0.0,0.0
2014-12-25 05:00:00,0.3912141527001862,0.0,0.0,0.046268156424581,0.0,0.0,0.0014413407821229,0.0445288640595903,0.0,0.0
2014-12-25 06:00:00,0.7885148148148148,0.0,0.0,0.0454092592592592,0.0023222222222222,0.0,0.0013,0.0460166666666666,0.0,0.0
2014-12-25 07:00:00,0.6790467289719626,0.0,0.0,0.0187588785046728,0.0526130841121495,0.0,0.0017514018691588,0.04463738317757,0.0,0.0
2014-12-25 08:00:00,0.6427495361781076,0.0,0.0,0.047443413729128,0.0,0.0,0.001760667903525,0.0456901669758812,0.0126697588126159,0.0
2014-12-25 09:00:00,0.8158994413407821,0.0,0.0,0.0429292364990689,0.0463817504655493,0.0,0.0016722532588454,0.0642700186219739,0.0,0.0
2014-12-25 10:00:00,0.577325278810409,0.0,0.0,0.0187174721189591,0.0134907063197026,0.0,0.0011895910780669,0.1156152416356877,0.0,0.0
2014-12-25 11:00:00,0.4337977736549165,0.0,0.0,0.0481020408163265,0.0,0.0,0.0012152133580705,0.0575936920222634,0.0,0.0
2014-12-25 12:00:00,0.5059907235621521,0.0,0.0,0.0436641929499072,0.0585343228200371,0.0,0.0012077922077922,0.0448237476808905,0.0,0.0
2014-12-25 13:00:00,0.4225677179962894,0.0,0.0,0.0221317254174397,0.0,0.0,0.0012152133580705,0.0441558441558441,0.0,0.0
2014-12-25 14:00:00,0.4929609665427509,0.0,0.0,0.0552323420074349,0.0420130111524163,0.0,0.0012453531598513,0.0447992565055762,0.0,0.0
2014-12-25 15:00:00,0.4478682745825603,0.0,0.0,0.0339424860853432,0.0177087198515769,0.0,0.0012745825602968,0.0439369202226345,0.0,0.0
2014-12-25 16:00:00,0.4192402234636871,0.0,0.0,0.0255009310986964,0.0,0.0,0.0012513966480446,0.0463240223463687,0.0,0.0
2014-12-25 17:00:00,0.4639296296296296,0.0,0.0,0.0592574074074074,0.0610037037037037,0.0,0.0012944444444444,0.0439703703703703,0.0,0.0
2014-12-25 18:00:00,0.3349778188539741,0.0,0.0,0.0236210720887245,0.0,0.0,0.0012624768946395,0.0447966728280961,0.0,0.0
2014-12-25 19:00:00,0.3857087198515769,0.0,0.0,0.0348886827458256,0.0346307977736549,0.0,0.0012467532467532,0.0439480519480519,0.0,0.0
2014-12-25 20:00:00,0.8970055762081784,0.0,0.0,0.0537379182156133,0.0250408921933085,0.0,0.0012379182156133,0.0615167286245353,0.0,0.0
2014-12-25 21:00:00,0.7091747211895911,0.0,0.0,0.0207118959107806,0.0,0.0,0.0017063197026022,0.0757007434944238,0.0,0.0
2014-12-25 22:00:00,0.4184748603351955,0.0,0.0,0.0409310986964618,0.0572122905027932,0.0,0.0018566108007448,0.0652029795158286,0.0,0.0
2014-12-25 23:00:00,0.1927523277467411,0.0,0.0,0.0499627560521415,0.0,0.0,0.0018268156424581,0.0440055865921787,0.0,0.0
2014-12-26 00:00:00,0.1672973977695167,0.0,0.0,0.0196189591078066,0.0,0.0,0.0018234200743494,0.0450780669144981,0.0,0.0
2014-12-26 01:00:00,0.2322255083179297,0.0,0.0,0.0388724584103512,0.0498133086876155,0.0,0.0017319778188539,0.0437449168207024,0.0,0.0
2014-12-26 02:00:00,0.2035177570093458,0.0,0.0,0.0506990654205607,0.0,0.0,0.0017345794392523,0.0448448598130841,0.0,0.0
2014-12-26 03:00:00,0.2087304832713754,0.0,0.0,0.0195204460966542,0.0127360594795539,0.0,0.0018327137546468,0.0437825278810408,0.0,0.0
2014-12-26 04:00:00,0.2741187384044527,0.0,0.0,0.0300018552875695,0.0351094619666048,0.0,0.0018293135435992,0.0454174397031539,0.0,0.0
2014-12-26 05:00:00,0.4237862453531599,0.0,0.0,0.0491635687732342,0.0,0.0,0.0018122676579925,0.0443791821561338,0.0,0.0
2014-12-26 06:00:00,0.435821892393321,0.0,0.0,0.0278534322820037,0.0341243042671614,0.0,0.0017050092764378,0.0454155844155844,0.0,0.0
2014-12-26 07:00:00,0.6217771639042358,0.0,0.0,0.0222357274401473,0.0202246777163904,0.0,0.0017697974217311,0.0443775322283609,0.0,0.0
2014-12-26 08:00:00,1.1062944444444445,0.0,0.0,0.0479259259259259,0.0,0.0,0.0016074074074074,0.0467425925925925,0.0,0.0
2014-12-26 09:00:00,1.3146419294990723,0.0,0.0,0.0380705009276437,0.0579944341372912,0.0,0.0013599257884972,0.0961855287569573,0.0793617810760667,0.0
2014-12-26 10:00:00,1.1403011152416356,0.0,0.0,0.022131970260223,0.0,0.0,0.5527881040892194,0.1160446096654275,0.0,0.0
2014-12-26 11:00:00,1.159287037037037,0.0,0.0,0.043037037037037,0.0106537037037037,0.0,0.4127388888888889,0.1133962962962963,0.0,0.0
2014-12-26 12:00:00,0.6392003710575139,0.0,0.0,0.044860853432282,0.0487884972170686,0.0,0.0015974025974025,0.0831725417439703,0.0,0.0
2014-12-26 13:00:00,0.5341022304832713,0.0,0.0,0.0192081784386617,0.0,0.0,0.0016542750929368,0.058542750929368,0.0,0.0
2014-12-26 14:00:00,0.6936574074074074,0.0,0.0,0.0475814814814814,0.0527037037037037,0.0,0.0014555555555555,0.1144592592592592,0.0,0.0
2014-12-26 15:00:00,0.7751940850277265,0.0,0.0,0.040351201478743,0.0086672828096118,0.0,0.0014436229205175,0.0565341959334565,0.0999519408502772,0.0
2014-12-26 16:00:00,0.4686394052044609,0.0,0.0,0.0183420074349442,0.0,0.0,0.0016728624535315,0.0760130111524163,0.0,0.0
2014-12-26 17:00:00,0.5717012987012987,0.0,0.0,0.0545751391465677,0.0628497217068645,0.0,0.0016270871985157,0.0749758812615955,0.0,0.0
2014-12-26 18:00:00,0.8080166051660517,0.0,0.0,0.0370350553505535,0.0,0.0203210332103321,0.0014446494464944,0.0599188191881918,0.0,0.0
2014-12-26 19:00:00,1.3576296296296295,0.0,0.0,0.020274074074074,0.0299666666666666,0.6459407407407407,0.0011574074074074,0.0757444444444444,0.0,0.0
2014-12-26 20:00:00,1.139743068391867,0.0,0.0502421441774491,0.0549353049907578,0.0328761552680221,0.098166358595194,0.0016136783733826,0.0766118299445471,0.0,0.0
2014-12-26 21:00:00,0.5901948529411765,0.0,0.0,0.0266636029411764,0.0,0.0,0.0016856617647058,0.0755643382352941,0.0,0.0
2014-12-26 22:00:00,0.4187031539888682,0.0,0.0,0.0283673469387755,0.0573710575139146,5.9369202226345086e-05,0.0016734693877551,0.0561743970315398,0.0,0.0
2014-12-26 23:00:00,0.2123465160075329,0.0,0.0,0.0563935969868173,0.0,0.0,0.0017984934086629,0.0357495291902071,0.0,0.0
2014-12-27 00:00:00,0.2246189591078067,0.0,0.0,0.0176078066914498,0.0,0.0,0.0017750929368029,0.0370464684014869,0.0,0.0
2014-12-27 01:00:00,0.2613773234200743,0.0,0.0,0.0344832713754646,0.0360371747211895,0.0,0.0016133828996282,0.0369516728624535,0.0,0.0
2014-12-27 02:00:00,0.2719349442379182,0.0,0.0,0.0507342007434944,0.0124089219330855,0.0,0.0016579925650557,0.0380966542750929,0.0,0.0
2014-12-27 03:00:00,0.2536259259259259,0.0,0.0,0.0169962962962962,0.0,0.0,0.0016722222222222,0.0365925925925925,0.0,0.0
2014-12-27 04:00:00,0.2784545454545454,0.0,0.0,0.032925788497217,0.0274192949907235,0.0,0.0017365491651205,0.0369666048237476,0.0,0.0
2014-12-27 05:00:00,0.4379424860853432,0.0,0.0,0.0530964749536178,0.017799628942486,0.0,0.0017365491651205,0.0358905380333951,0.0,0.0
2014-12-27 06:00:00,0.5575341959334565,0.0,0.0,0.0195120147874306,0.0,0.0,0.0016672828096118,0.0369131238447319,0.0,0.0
2014-12-27 07:00:00,1.4216189591078066,0.0,0.0,0.0289665427509293,0.0484684014869888,0.0,0.4356784386617101,0.0358736059479553,0.0,0.0
2014-12-27 08:00:00,2.458295539033457,0.0,0.0,0.0490464684014869,0.0,0.0974479553903345,0.5682193308550186,0.0370464684014869,0.0,0.0
2014-12-27 09:00:00,2.679622222222222,0.0,0.0,0.0230055555555555,0.0234796296296296,0.5462944444444445,0.0019259259259259,0.0359222222222222,0.0,0.0
2014-12-27 10:00:00,0.7233582375478927,0.0,0.0,0.0249521072796934,0.0329616858237547,0.0859348659003831,0.0015574712643678,0.0605555555555555,0.0966992337164751,0.0
2014-12-27 11:00:00,0.4976951672862453,0.0,0.0,0.0483903345724907,0.0,0.0,0.001674721189591,0.0772490706319702,0.0,0.0
2014-12-27 12:00:00,3.047364814814815,0.0,0.0,0.0290611111111111,0.0601518518518518,0.5580481481481482,0.0012722222222222,0.0770148148148148,0.0,0.0
2014-12-27 13:00:00,1.102877094972067,0.0,0.0,0.0205176908752327,0.0,0.1106145251396648,0.001169459962756,0.0433128491620111,0.0,0.0
2014-12-27 14:00:00,0.5183906542056075,0.0,0.0,0.0509439252336448,0.0,0.0584897196261682,0.0011607476635514,0.036826168224299,0.0,0.0
2014-12-27 15:00:00,0.6280727611940298,0.0,0.0,0.034705223880597,0.0567835820895522,0.0,0.0012033582089552,0.0360447761194029,0.0,0.0
2014-12-27 16:00:00,3.457848148148148,0.0,0.0,0.0175185185185185,0.0,0.0,0.0014296296296296,0.0497518518518518,0.0,0.0
2014-12-27 17:00:00,1.9992630597014924,0.0,0.0,0.0521417910447761,0.0390876865671641,0.0,0.0002145522388059,0.074535447761194,0.0,0.0
2014-12-27 18:00:00,1.6527203703703703,0.0,0.0,0.0375277777777777,0.0238388888888888,0.0,7.407407407407407e-05,0.0368148148148148,0.0,0.0
2014-12-27 19:00:00,1.3430222634508349,0.0,0.0,0.01891280148423,0.0,0.0,0.0001576994434137,0.03621706864564,0.0,0.0
2014-12-27 20:00:00,1.767282527881041,0.0,0.0,0.0464275092936802,0.0637992565055762,0.6442657992565056,0.0001970260223048,0.0567490706319702,0.0,0.0
2014-12-27 21:00:00,0.739746765249538,0.0,0.0,0.0407042513863216,0.0,0.0917356746765249,0.0001682070240295,0.0694121996303142,0.0,0.0
2014-12-27 22:00:00,0.3603159851301115,0.0,0.0,0.0175223048327137,0.050810408921933,0.0249832713754646,0.0002788104089219,0.0367360594795539,0.0,0.0
2014-12-27 23:00:00,0.2796266416510319,0.0,0.0,0.0361594746716697,0.0,0.0,0.0005009380863039,0.0362007504690431,0.0,0.0
2014-12-28 00:00:00,0.2794767225325884,0.0,0.0,0.0461508379888268,0.0,0.0,0.0003333333333333,0.0368696461824953,0.0,0.0
2014-12-28 01:00:00,0.3025120593692022,0.0,0.0,0.0209795918367346,0.0455064935064935,0.0,0.0001725417439703,0.0362133580705009,0.0,0.0
2014-12-28 02:00:00,0.2654796296296296,0.0,0.0,0.0240018518518518,0.0,0.0,0.000137037037037,0.0368833333333333,0.0,0.0
2014-12-28 03:00:00,0.284547134935305,0.0,0.0,0.0429815157116451,0.0107707948243992,0.0,0.0002698706099815,0.035902033271719,0.0,0.0
2014-12-28 04:00:00,0.2922708719851577,0.0,0.0,0.037721706864564,0.0316586270871985,0.0,0.0002894248608534,0.0368682745825603,0.0,0.0
2014-12-28 05:00:00,0.4329502762430939,0.0,0.0,0.0164530386740331,0.0,0.0,0.0003793738489871,0.0357219152854512,0.0,0.0
2014-12-28 06:00:00,0.5237439703153989,0.0,0.0,0.0285565862708719,0.0442560296846011,0.0,0.0003710575139146,0.0368961038961038,0.0,0.0
2014-12-28 07:00:00,1.8151985157699444,0.0,0.0,0.0391168831168831,0.0,0.0,0.0002727272727272,0.0358144712430426,0.0,0.0
2014-12-28 08:00:00,1.9851592592592595,0.0,0.1316574074074074,0.0350018518518518,0.0322203703703703,0.0,0.4672166666666666,0.0379129629629629,0.0422888888888888,0.0
2014-12-28 09:00:00,1.781562851782364,0.0039118198874296,0.0,0.0157091932457786,0.0161369606003752,0.0,0.5731669793621013,0.0357166979362101,0.0,0.0
2014-12-28 10:00:00,1.1207481343283583,0.0,0.0,0.0250130597014925,0.0,0.0,0.0019048507462686,0.0368843283582089,0.0265914179104477,0.0
2014-12-28 11:00:00,1.0942425373134328,0.000490671641791,0.0,0.0375522388059701,0.0464944029850746,0.0,0.001356343283582,0.0370970149253731,0.0,0.0
2014-12-28 12:00:00,0.8549330855018588,0.0,0.0,0.0383159851301115,0.0,0.0,0.0017230483271375,0.0368308550185873,0.0,0.0
2014-12-28 13:00:00,0.5358007448789571,0.0,0.0,0.0316201117318435,0.0453202979515828,0.0,0.0016350093109869,0.0358100558659217,0.0302290502793296,0.0
2014-12-28 14:00:00,0.5065884543761638,0.0,0.0,0.0193631284916201,0.0,0.0,0.0013258845437616,0.0947728119180633,0.0,0.0
2014-12-28 15:00:00,0.6961018518518518,0.0,0.0,0.033987037037037,0.0491074074074074,0.0,0.00165,0.1118481481481481,0.0,0.0
2014-12-28 16:00:00,0.6085600739371535,0.0,0.0,0.042818853974122,0.0,1.478743068391867e-05,0.0015582255083179,0.1141719038817005,0.0,0.0
2014-12-28 17:00:00,0.8980111524163569,0.0,0.0,0.0340724907063197,0.0228475836431226,0.0,0.0013029739776951,0.1132118959107806,0.0,0.0
2014-12-28 18:00:00,3.656490671641791,0.0,0.0,0.0201194029850746,0.0264645522388059,0.0,0.4223507462686567,0.0733488805970149,0.0076847014925373,0.0
2014-12-28 19:00:00,1.767724074074074,0.0,0.0,0.0295351851851851,0.001524074074074,0.0,0.5406240740740741,0.0866388888888888,0.0309481481481481,0.0
2014-12-28 20:00:00,0.8213345794392524,0.0,0.0,0.0385925233644859,0.0455682242990654,0.0,0.0017813084112149,0.0861084112149532,0.101429906542056,0.0
2014-12-28 21:00:00,0.7678417132216014,0.0,0.0,0.0381378026070763,0.0,0.0,0.0016890130353817,0.0859534450651769,0.0139348230912476,0.0
2014-12-28 22:00:00,0.7046208178438661,0.0,0.0,0.0224126394052044,0.0442509293680297,0.0,0.0017862453531598,0.0836208178438661,0.0,0.0
2014-12-28 23:00:00,0.2866660482374767,0.0,0.0,0.0186270871985157,0.0,0.0,0.001860853432282,0.0461187384044526,0.0,0.0
2014-12-29 00:00:00,0.2750813308687615,0.0,0.0,0.0342292051756007,0.0402587800369685,0.0,0.0017763401109057,0.0481053604436229,0.0,0.0
2014-12-29 01:00:00,0.2440538033395176,0.0,0.0,0.036634508348794,0.0,0.0,0.0016512059369202,0.0474025974025974,0.0,0.0
2014-12-29 02:00:00,0.2698592592592592,0.0,0.0,0.0365074074074074,0.0241814814814814,0.0,0.0016796296296296,0.046774074074074,0.0,0.0
2014-12-29 03:00:00,0.2555759259259259,0.0,0.0,0.0274314814814814,0.0118074074074074,0.0,0.0017962962962962,0.0455425925925925,0.0,0.0
2014-12-29 04:00:00,0.2474048059149723,0.0,0.0,0.0197781885397412,0.0,0.0,0.0018243992606284,0.0472735674676524,0.0,0.0
2014-12-29 05:00:00,0.4216542750929368,0.0,0.0,0.028631970260223,0.0371208178438661,0.0,0.001767657992565,0.0450018587360594,0.0,0.0
2014-12-29 06:00:00,0.3558345724907063,0.0,0.0,0.0367825278810408,0.0,0.0,0.0016858736059479,0.0458921933085501,0.0,0.0
2014-12-29 07:00:00,0.2989237918215613,0.0,0.0,0.0367044609665427,0.0403791821561338,0.0,0.0017657992565055,0.0463345724907063,0.0,0.0
2014-12-29 08:00:00,0.712098696461825,0.0,0.0,0.0271489757914338,0.0,0.0,0.0017895716945996,0.0466797020484171,0.0071601489757914,0.0
2014-12-29 09:00:00,0.76871719038817,0.0,0.0,0.02281146025878,0.038260628465804,0.0,0.0013308687615526,0.0465009242144177,0.1141589648798521,0.0
2014-12-29 10:00:00,0.5053556797020484,0.0,0.0,0.0256983240223463,0.0,0.0,0.0011862197392923,0.0476219739292365,0.0,0.0
2014-12-29 11:00:00,0.5747895716945997,0.0,0.0,0.0373091247672253,0.0442085661080074,0.0,0.0011359404096834,0.0459143389199255,0.0,0.0
2014-12-29 12:00:00,0.4856876155268022,0.0,0.0,0.0429168207024029,0.0,0.0,0.0011848428835489,0.0470813308687615,0.0,0.0
2014-12-29 13:00:00,0.6596819923371647,0.0,0.0,0.0276206896551724,0.0226743295019157,0.0,0.0011762452107279,0.0462662835249042,0.0,0.0
2014-12-29 14:00:00,1.189224074074074,0.0,0.0,0.0204944444444444,0.0209462962962962,0.5829277777777778,0.0011314814814814,0.0719777777777777,0.0,0.0
2014-12-29 15:00:00,0.7027851851851853,0.0,0.0,0.0394018518518518,0.0,0.085237037037037,0.0011518518518518,0.1009574074074074,0.0,0.0
2014-12-29 16:00:00,1.7662955390334574,0.0,0.0,0.0433959107806691,0.0455278810408921,0.090314126394052,0.0011208178438661,0.0867769516728624,0.0,0.0
2014-12-29 17:00:00,3.513221189591078,0.0,0.0,0.0296988847583643,0.0,0.5924944237918215,0.0010687732342007,0.0575278810408921,0.0209405204460966,0.0
2014-12-29 18:00:00,1.7831842105263158,0.0,0.0,0.0193327067669172,0.0488627819548872,0.0955075187969924,0.0902913533834586,0.0475657894736842,0.0,0.0
2014-12-29 19:00:00,3.494919607843137,0.0,0.0,0.0373490196078431,0.0,0.0002725490196078,0.393721568627451,0.0554647058823529,0.0,0.0
2014-12-29 20:00:00,4.107308447937132,0.0,0.0,0.0400766208251473,0.0423850687622789,0.5991925343811395,0.4801591355599214,0.0681905697445972,0.0,0.0
2014-12-29 21:00:00,0.8903296089385475,0.0,0.0580037243947858,0.0310521415270018,0.0060782122905027,0.1179664804469273,0.0013910614525139,0.0853500931098696,0.0,0.0
2014-12-29 22:00:00,0.5336007393715343,0.0,0.0,0.0183086876155268,0.0252088724584103,0.0513715341959334,0.0017060998151571,0.0749630314232902,0.0,0.0
2014-12-29 23:00:00,0.2457016885553471,0.0,0.0,0.0291425891181988,0.015827392120075,0.0,0.001842401500938,0.0468180112570356,0.0,0.0
2014-12-30 00:00:00,0.2344115456238361,0.0,9.31098696461825e-06,0.0369646182495344,0.0158212290502793,0.0,0.0017988826815642,0.048048417132216,0.0,0.0
2014-12-30 01:00:00,0.2872878504672897,0.0,0.0,0.0375420560747663,0.0214168224299065,0.0,0.0016822429906542,0.0474242990654205,0.0,0.0
2014-12-30 02:00:00,0.2480111731843575,0.0,0.0,0.0250037243947858,0.0,0.0,0.00168156424581,0.0464953445065176,0.0,0.0
2014-12-30 03:00:00,0.2625586592178771,0.0,0.0,0.0166163873370577,0.0371284916201117,0.0,0.0017635009310986,0.0459366852886405,0.0,0.0
2014-12-30 04:00:00,0.2562737430167598,0.0,0.0,0.0284059590316573,0.0,0.0,0.001828677839851,0.0480558659217877,0.0,0.0
2014-12-30 05:00:00,0.4936877323420074,0.0,0.0,0.0343959107806691,0.0350539033457249,0.0,0.0018029739776951,0.0458401486988847,0.0,0.0
2014-12-30 06:00:00,0.3603518518518518,0.0,0.0,0.0341148148148148,0.0,0.0,0.0017518518518518,0.0469074074074074,0.0,0.0
2014-12-30 07:00:00,0.5741259259259259,0.0,0.0,0.0247981481481481,0.0367481481481481,0.0,0.0017888888888888,0.046124074074074,0.0,0.0
2014-12-30 08:00:00,0.7003631284916202,0.0,0.0,0.0168752327746741,0.0,0.0,0.0018119180633147,0.0472551210428305,0.0,0.0
2014-12-30 09:00:00,0.4688197026022305,0.0,0.0,0.0245055762081784,0.0364107806691449,0.0,0.0004628252788104,0.0480669144981412,0.0,0.0
2014-12-30 10:00:00,0.3162925925925926,0.0,0.0,0.0337537037037037,0.0,0.0,0.0,0.0477962962962962,8.333333333333333e-05,0.0
2014-12-30 11:00:00,0.3427922077922078,0.0,0.0,0.0340797773654916,0.0399888682745825,0.0,1.2987012987012988e-05,0.0478627087198515,0.0,0.0
2014-12-30 12:00:00,0.3043840445269016,0.0,0.0,0.034204081632653,0.0,0.0,0.0,0.0470185528756957,0.0,0.0
2014-12-30 13:00:00,1.381804469273743,0.0,0.0,0.0196685288640595,0.0439124767225325,0.0,1.8621973929236496e-06,0.0598324022346368,0.0033854748603351,0.0057523277467411
2014-12-30 14:00:00,2.3992193308550185,0.0081468401486988,0.0,0.02535687732342,0.0,0.0,3.717472118959108e-06,0.0874981412639405,0.136817843866171,0.0108271375464684
2014-12-30 15:00:00,1.2103599257884974,0.0013580705009276,0.0,0.0442003710575139,0.0403933209647495,0.0,0.500178107606679,0.0860482374768089,0.0,0.0
2014-12-30 16:00:00,2.565948148148148,0.0,0.0,0.0442592592592592,0.0061611111111111,0.0,0.4651611111111111,0.108537037037037,0.0771629629629629,0.0
2014-12-30 17:00:00,2.6316765799256503,0.0,0.0,0.0199126394052044,0.0204144981412639,0.0,0.0013494423791821,0.1142100371747212,0.0,0.0
2014-12-30 18:00:00,1.2177388059701493,0.0,0.0,0.025106343283582,0.0298992537313432,0.0,0.0015541044776119,0.088606343283582,0.0,0.0
2014-12-30 19:00:00,1.11336312849162,0.0,0.0,0.043145251396648,0.0,0.0,0.0014338919925512,0.055437616387337,0.0,0.0
2014-12-30 20:00:00,1.1488230912476722,0.0,0.0,0.0382700186219739,0.0519888268156424,0.0,0.0012327746741154,0.0566983240223463,0.0,0.0
2014-12-30 21:00:00,1.0883653846153845,0.0,0.0,0.0191538461538461,0.0,0.0,0.0011807692307692,0.0560384615384615,0.0,0.0
2014-12-30 22:00:00,1.0932148148148149,0.0,0.0,0.0277592592592592,0.0446481481481481,0.0,0.0012481481481481,0.0550814814814814,0.0,0.0
2014-12-30 23:00:00,1.0304729981378025,0.0,0.0,0.041364990689013,0.0022364990689013,0.0,0.0013836126629422,0.0549813780260707,0.0,0.0
2014-12-31 00:00:00,0.8561823308270676,0.0,0.0,0.0376860902255639,0.0,0.0,0.5014981203007519,0.0556184210526315,0.0,0.0
2014-12-31 01:00:00,0.8169369202226345,0.0,0.0,0.0178126159554731,0.0424712430426716,0.0,0.5656382189239332,0.0542764378478664,0.0,0.0
2014-12-31 02:00:00,0.2442722222222222,0.0,0.0,0.0232777777777777,0.0,0.0,0.0018462962962962,0.0566055555555555,0.0,0.0
2014-12-31 03:00:00,0.2950186567164179,0.0,0.0,0.0378824626865671,0.0413152985074626,0.0,0.0016623134328358,0.0534533582089552,0.0,0.0
2014-12-31 04:00:00,0.2753519553072626,0.0,0.0,0.0395139664804469,0.0,0.0,0.0017504655493482,0.0558398510242085,0.0,0.0
2014-12-31 05:00:00,0.4400092936802974,0.0,0.0,0.0251635687732342,0.0211245353159851,0.0,0.0017360594795539,0.0550557620817843,0.0,0.0
2014-12-31 06:00:00,0.3608398510242085,0.0,0.0,0.0174990689013035,0.0199385474860335,0.0,0.0017616387337057,0.0573910614525139,0.0,0.0
2014-12-31 07:00:00,0.5108791821561338,0.0,0.0,0.0329405204460966,0.0319665427509293,0.0,0.0016598513011152,0.0548828996282527,0.0,0.0
2014-12-31 08:00:00,0.6318379888268156,0.0,0.0,0.0400372439478584,0.0054394785847299,0.0,0.0015940409683426,0.049729981378026,0.0,0.0
2014-12-31 09:00:00,0.586937037037037,0.0,0.0,0.0359388888888888,0.0308296296296296,0.0,0.0017074074074074,0.0472962962962962,0.0,0.0
2014-12-31 10:00:00,0.6406129629629629,0.0,0.0,0.0181148148148148,0.0094833333333333,0.0,0.0012518518518518,0.0459296296296296,0.0195611111111111,0.0
2014-12-31 11:00:00,0.4764692737430167,0.0,0.0,0.0236294227188081,0.011949720670391,0.0,0.0015325884543761,0.0465009310986964,0.0,0.0
2014-12-31 12:00:00,1.0918884758364311,0.0,0.0,0.0429442379182156,0.031949814126394,0.0,0.0013884758364312,0.0470353159851301,0.0,0.0
2014-12-31 13:00:00,1.050090573012939,0.0,0.0,0.0434029574861367,0.0,0.0,0.0013253234750462,0.0477079482439926,0.0,0.0
2014-12-31 14:00:00,1.3149944237918216,0.0,0.0,0.0191133828996282,0.0476133828996282,0.0,0.4743828996282528,0.0476003717472118,0.0,0.0
2014-12-31 15:00:00,1.107251386321627,0.0,0.0,0.0304436229205175,0.0,0.0,0.5201645101663586,0.0447375231053604,0.0,0.0
2014-12-31 16:00:00,0.7396629422718809,0.0,0.0,0.0469851024208566,0.0479534450651769,0.0,0.0020167597765363,0.0458137802607076,0.0,0.0
2014-12-31 17:00:00,1.0684562383612664,0.0,0.0,0.031949720670391,0.0,0.0,0.0014394785847299,0.0425661080074487,0.0988417132216015,0.0
2014-12-31 18:00:00,1.0940912476722533,0.0,0.0,0.0186405959031657,0.0507430167597765,0.0,0.0013016759776536,0.0297281191806331,0.0,0.0
2014-12-31 19:00:00,0.405,0.0,0.0,0.0460148975791433,0.0,0.0,0.0016219739292364,0.0296424581005586,0.0,0.0
2014-12-31 20:00:00,0.4422754158964879,0.0,0.0,0.0447264325323475,0.0299833641404805,0.0,0.0016524953789279,0.0283012939001848,0.0,0.0
2014-12-31 21:00:00,0.4046888888888889,0.0,0.0,0.0214925925925925,0.0209703703703703,0.0,0.0016777777777777,0.0290166666666666,0.0,0.0
2014-12-31 22:00:00,0.3487029520295203,0.0,0.0,0.0361789667896678,0.0,1.8450184501845017e-06,0.0017380073800738,0.0300830258302583,0.0,0.0
2014-12-31 23:00:00,0.4063314814814815,0.0,0.0,0.0506685185185185,0.0472888888888888,0.0,0.0017981481481481,0.0288166666666666,0.0,0.0
2015-01-01 00:00:00,0.3320341685649202,0.0,0.0,0.0280820045558086,0.0,0.0,0.0017357630979498,0.0325535307517084,0.0,0.0
2015-01-01 01:00:00,0.37635687732342,0.0,0.0,0.0306654275092936,0.0403847583643122,0.0,0.00167843866171,0.0283513011152416,0.0,0.0
2015-01-01 02:00:00,0.3640018518518518,0.0,0.0,0.0536574074074074,0.0030759259259259,0.0,0.0016814814814814,0.0296425925925925,0.0,0.0
2015-01-01 03:00:00,0.396712962962963,0.0,0.0,0.0271259259259259,0.0311722222222222,0.0,0.0016962962962962,0.0327111111111111,0.0,0.0
2015-01-01 04:00:00,0.4795018518518518,0.0,0.0,0.0288444444444444,0.009787037037037,0.0,0.001787037037037,0.0340074074074074,0.0,0.0
2015-01-01 05:00:00,0.6267759259259259,0.0,0.0,0.0581296296296296,0.0187425925925925,0.0,0.0018018518518518,0.0281666666666666,0.0,0.0
2015-01-01 06:00:00,0.5883599257884972,0.0,0.0,0.0228404452690167,0.0211354359925788,0.0,0.0018237476808905,0.0304508348794063,0.0,0.0
2015-01-01 07:00:00,0.4586814814814814,0.0,0.0,0.0366666666666666,0.0241555555555555,0.0,0.0018037037037037,0.0299018518518518,0.0,0.0
2015-01-01 08:00:00,0.4221892393320964,0.0,0.0,0.0537161410018552,0.0185398886827458,0.0,0.0017977736549165,0.0299833024118738,0.0,0.0
2015-01-01 09:00:00,1.2311877323420073,0.0,0.1763048327137546,0.0219981412639405,0.0082342007434944,0.0,0.0015966542750929,0.0289944237918215,0.0,0.0
2015-01-01 10:00:00,0.7888886827458256,0.0,0.0,0.0544972170686456,0.0436252319109462,0.0,0.0012374768089053,0.0311669758812615,0.0,0.0
2015-01-01 11:00:00,0.7737486033519554,0.0,0.0,0.0381992551210428,0.0,0.0,0.0011080074487895,0.0779944134078212,0.0,0.0
2015-01-01 12:00:00,0.7873105360443623,0.0,0.0,0.035271719038817,0.0571219963031423,0.0169408502772643,0.0011645101663585,0.1055822550831793,0.0,0.0
2015-01-01 13:00:00,1.6579005628517822,0.0,0.0,0.0563133208255159,0.0,0.6349399624765478,0.002311444652908,0.0778086303939962,0.0,0.0
2015-01-01 14:00:00,2.072437037037037,0.0,0.0,0.0232092592592592,0.0279277777777777,0.095824074074074,0.6310685185185185,0.0667111111111111,0.0,0.0
2015-01-01 15:00:00,4.995337037037037,0.0,0.0,0.068024074074074,0.0288296296296296,0.5441703703703704,0.3708722222222222,0.0616259259259259,0.0,0.0
2015-01-01 16:00:00,3.888147663551402,0.0,0.0,0.0210504672897196,0.0,0.1028971962616822,0.0010598130841121,0.0331084112149532,0.0,0.0
2015-01-01 17:00:00,1.5855185873605948,0.0,0.0,0.070360594795539,0.0525557620817843,0.0574981412639405,0.0013159851301115,0.0330724907063197,0.0,0.0
2015-01-01 18:00:00,1.200814606741573,0.0,0.0,0.0334456928838951,0.0,0.0,0.0013483146067415,0.0497453183520599,0.0,0.0
2015-01-01 19:00:00,3.610738888888889,0.0,0.0,0.0584851851851851,0.0476462962962963,0.0,0.5522203703703703,0.0776148148148148,0.0,0.0
2015-01-01 20:00:00,1.3320185185185185,0.0,0.0,0.038137037037037,0.0107259259259259,0.0,0.4260759259259259,0.0798462962962963,0.0,0.0
2015-01-01 21:00:00,0.7241460674157304,0.0,0.0,0.0541704119850187,0.0086123595505618,0.0,0.0016647940074906,0.0760187265917603,0.1220224719101123,0.0
2015-01-01 22:00:00,0.4257622641509433,0.0,0.0,0.0573679245283018,0.0506207547169811,0.0,0.0017490566037735,0.0458415094339622,0.0,0.0
2015-01-01 23:00:00,0.2290864661654135,0.0,0.0,0.0345676691729323,0.0,0.0,0.001796992481203,0.039437969924812,0.0,0.0
2015-01-02 00:00:00,0.2973775700934579,0.0,0.0,0.0679644859813084,0.0519009345794392,1.869158878504673e-06,0.0017009345794392,0.0397009345794392,0.0,0.0
2015-01-02 01:00:00,0.2111115241635687,0.0,0.0,0.022810408921933,0.0010594795539033,0.0,0.0015557620817843,0.0384944237918215,0.0,0.0
2015-01-02 02:00:00,0.2439626865671642,0.0,0.0,0.0695541044776119,0.0082929104477611,0.0,0.0016716417910447,0.0378451492537313,0.0,0.0
2015-01-02 03:00:00,0.3051226765799256,0.0,0.0,0.0220408921933085,0.0410408921933085,0.0,0.0018085501858736,0.0387899628252788,0.0,0.0
2015-01-02 04:00:00,0.2595489833641405,0.0,0.0,0.0704695009242144,0.0,0.0,0.0018225508317929,0.0395378927911275,0.0,0.0
2015-01-02 05:00:00,0.3867592592592592,0.0,0.0,0.0221203703703703,0.0471574074074074,0.0,0.0017814814814814,0.0385722222222222,0.0,0.0
2015-01-02 06:00:00,0.3563320964749536,0.0,0.0,0.0542523191094619,0.0,0.0,0.001773654916512,0.0388200371057513,0.0,0.0
2015-01-02 07:00:00,0.2978810408921933,0.0,0.0,0.0369405204460966,0.0310631970260223,0.0,0.0017156133828996,0.0382472118959107,0.0,0.0
2015-01-02 08:00:00,0.7281774491682069,0.0,0.0,0.029543438077634,0.0261182994454713,0.0,0.0017726432532347,0.0395988909426987,0.0214343807763401,0.0
2015-01-02 09:00:00,0.7518756957328386,0.0,0.0,0.0604211502782931,0.0,0.0,0.0012448979591836,0.0386808905380334,0.0,0.0
2015-01-02 10:00:00,0.997244859813084,0.0,0.0,0.0213700934579439,0.0564859813084112,0.0155233644859813,0.0010766355140186,0.0453738317757009,0.0,0.0
2015-01-02 11:00:00,1.5310408921933083,0.0,0.0,0.0374200743494423,0.0,0.6487657992565056,0.0010762081784386,0.044449814126394,0.0,0.0
2015-01-02 12:00:00,0.7947050092764378,0.0,0.0,0.0532764378478664,0.0531168831168831,0.1240241187384044,0.0010742115027829,0.0512820037105751,0.0,0.0
2015-01-02 13:00:00,0.492732342007435,0.0,0.0,0.02167843866171,0.0060799256505576,0.0,0.00135687732342,0.0566468401486988,0.0,0.0
2015-01-02 14:00:00,0.5102022263450835,0.0,0.0,0.0510797773654916,0.0133320964749536,0.0,0.0019777365491651,0.0505398886827458,0.0,0.0
2015-01-02 15:00:00,0.4539200743494423,0.0,0.0,0.0427434944237918,0.0442620817843866,0.0,0.0015353159851301,0.0781022304832713,0.0,0.0
2015-01-02 16:00:00,1.2257,0.0,0.0,0.0220388888888888,0.0,0.0,0.0012722222222222,0.0533925925925925,0.0,0.0
2015-01-02 17:00:00,4.273762962962963,0.0,0.0,0.0605259259259259,0.0577796296296296,0.0,0.4699314814814814,0.0380388888888888,0.0,0.0
2015-01-02 18:00:00,3.5416617100371743,0.0,0.0,0.0326710037174721,0.0,0.0,0.4580260223048327,0.0565762081784386,0.0,0.0
2015-01-02 19:00:00,1.5764971962616825,0.0,0.0,0.025218691588785,0.0500934579439252,0.0,0.0013514018691588,0.0655588785046728,0.0,0.0
2015-01-02 20:00:00,1.2378659217877097,0.0,0.0,0.0567988826815642,0.0058119180633147,0.0,0.0015530726256983,0.0763687150837988,0.0,0.0
2015-01-02 21:00:00,1.1201906542056077,0.0,0.0,0.0307028037383177,0.0261925233644859,0.0,0.0016205607476635,0.0782841121495327,0.0,0.0
2015-01-02 22:00:00,1.1008462962962962,0.0,0.0,0.0261111111111111,0.0303888888888888,0.0,0.0016148148148148,0.0778425925925926,0.0,0.0
2015-01-02 23:00:00,0.9075495327102804,0.0,0.0,0.0554785046728971,0.0,0.0,0.0017214953271028,0.0675738317757009,0.0,0.0
2015-01-03 00:00:00,0.3053670411985018,0.0,0.0,0.032438202247191,0.0492191011235955,0.0,0.001565543071161,0.0406067415730337,0.0,0.0
2015-01-03 01:00:00,0.2330707635009311,0.0,0.0,0.0254878957169459,0.0,0.0,0.0014003724394785,0.0399590316573556,0.0,0.0
2015-01-03 02:00:00,0.2687188081936685,0.0,0.0,0.0546852886405959,0.0133910614525139,0.0,0.001512104283054,0.0392495344506517,0.0,0.0
2015-01-03 03:00:00,0.2858752327746741,0.0,0.0,0.0297020484171322,0.0325214152700186,0.0,0.0014841713221601,0.0393109869646182,0.0,0.0
2015-01-03 04:00:00,0.2452296296296296,0.0,0.0,0.0263666666666666,0.0,0.0,0.0016777777777777,0.0389537037037037,0.0,0.0
2015-01-03 05:00:00,0.427834879406308,0.0,0.0,0.0573005565862708,0.0492745825602968,0.0,0.0016994434137291,0.0380927643784786,0.0,0.0
2015-01-03 06:00:00,0.3783159851301115,0.0,0.0,0.0266951672862453,0.0,0.0,0.0015520446096654,0.0390371747211895,0.0,0.0
2015-01-03 07:00:00,0.2916310861423221,0.0,0.0,0.029876404494382,0.0200093632958801,0.0,0.0016554307116104,0.0388352059925093,0.0,0.0
2015-01-03 08:00:00,1.208685873605948,0.0,0.1030371747211895,0.055817843866171,0.0308996282527881,0.0,0.0016301115241635,0.0389312267657992,0.0,0.0
2015-01-03 09:00:00,0.5617392923649906,0.0,0.0,0.0247392923649906,0.0,0.0,0.0011973929236499,0.0389664804469273,0.0,0.0
2015-01-03 10:00:00,0.3108321033210332,0.0,0.0,0.0308690036900369,0.04680073800738,0.0,0.0011014760147601,0.0389243542435424,0.0,0.0
2015-01-03 11:00:00,0.2769869402985074,0.0,0.0,0.0556828358208955,0.0,3.7313432835820897e-06,0.001125,0.0391567164179104,0.0,0.0
2015-01-03 12:00:00,2.3181725417439702,0.0022949907235621,0.0,0.0211706864564007,0.0461187384044526,0.610326530612245,0.5369925788497216,0.0392968460111317,0.0,0.0
2015-01-03 13:00:00,1.962535185185185,0.0,0.0,0.0345425925925925,3.703703703703704e-06,0.1033685185185185,0.4708740740740741,0.0391425925925925,0.0,0.0
2015-01-03 14:00:00,2.1090187265917604,0.0,0.0,0.0532228464419475,0.0305337078651685,0.2098014981273408,0.0010730337078651,0.0392378277153558,0.0,0.0
2015-01-03 15:00:00,2.3171385767790262,0.0,0.0,0.0192921348314606,0.0211235955056179,0.4687041198501873,0.0010205992509363,0.038941947565543,0.0,0.0
2015-01-03 16:00:00,0.8163326959847036,0.0,0.0,0.0366195028680688,0.0,0.0945277246653919,0.000699808795411,0.0781089866156787,0.0,0.0
2015-01-03 17:00:00,0.7534925093632959,0.0,0.0,0.0502247191011236,0.0547827715355805,0.0,0.0,0.0388071161048689,0.0,0.0
2015-01-03 18:00:00,0.8071055555555556,0.0,0.0,0.0167759259259259,0.0,0.0,0.0,0.0498,0.0,0.0
2015-01-03 19:00:00,0.6553470149253732,0.0,0.0,0.0344645522388059,0.0536847014925373,0.0,0.0,0.0635876865671641,0.0,0.0
2015-01-03 20:00:00,1.086818691588785,0.0,0.0,0.047,0.0,0.0,3.7383177570093454e-05,0.0790523364485981,0.0,0.0
2015-01-03 21:00:00,0.7119664804469273,0.0,0.0,0.0279869646182495,0.031633147113594,0.0,4.283054003724395e-05,0.0794785847299813,0.0,0.0
2015-01-03 22:00:00,0.5502657992565056,0.0,0.0,0.0189702602230483,0.0209814126394052,0.0,0.0011765799256505,0.0760539033457249,0.0,0.0
2015-01-03 23:00:00,0.8554423791821562,0.0,0.0,0.0455631970260223,0.0,0.0,0.6026840148698885,0.0388327137546468,0.0,0.0
2015-01-04 00:00:00,0.6612708719851577,0.0,0.0,0.041064935064935,0.0447810760667903,0.0,0.4218126159554731,0.0397829313543599,0.0,0.0
2015-01-04 01:00:00,0.2380576208178438,0.0,0.0,0.0175594795539033,0.0,0.0,0.0012379182156133,0.0395520446096654,0.0,0.0
2015-01-04 02:00:00,0.2625512104283054,0.0,0.0,0.0285791433891992,0.0184674115456238,0.0,0.0013631284916201,0.0394338919925512,0.0,0.0
2015-01-04 03:00:00,0.3354349442379182,0.0,0.0,0.041674721189591,0.0229795539033457,0.0,0.0014572490706319,0.0390185873605947,0.0,0.0
2015-01-04 04:00:00,0.3581524163568773,0.0,0.0,0.032631970260223,0.0,0.0,0.0014702602230483,0.0393531598513011,0.0,0.0
2015-01-04 05:00:00,0.5095295202952029,0.0,0.0,0.0157416974169741,0.0388136531365313,0.0,0.0015424354243542,0.0391642066420664,0.0,0.0
2015-01-04 06:00:00,0.4601351851851852,0.0,0.0,0.0338703703703703,0.0,0.0,0.0015388888888888,0.0395851851851851,0.0,0.0
2015-01-04 07:00:00,0.3196927374301676,0.0,0.0,0.0418175046554934,0.0396964618249534,0.0,0.0016741154562383,0.0392979515828677,0.0,0.0
2015-01-04 08:00:00,0.8767202268431001,0.0,0.0,0.0292797731568998,0.0,0.0,0.0017069943289224,0.0393667296786389,0.0,0.0
2015-01-04 09:00:00,0.9313810408921932,0.0,0.1545780669144981,0.0179256505576208,0.0405185873605947,0.0,0.0015780669144981,0.0411133828996282,0.0,0.0
2015-01-04 10:00:00,0.4984307116104868,0.0,0.0,0.0289325842696629,0.0,0.0,0.0023295880149812,0.0390411985018726,0.0,0.0
2015-01-04 11:00:00,0.544875,0.0,0.0,0.0377891791044776,0.0410429104477611,0.0,0.0013955223880597,0.0395876865671641,0.0,0.0
2015-01-04 12:00:00,0.5026135084427767,0.0,0.0,0.0388048780487804,0.0,0.0,0.0013733583489681,0.0392439024390243,0.0,0.0
2015-01-04 13:00:00,0.6814990619136961,0.0,0.0,0.0224821763602251,0.0423864915572232,0.0,0.0013696060037523,0.0386622889305816,0.1151594746716698,0.0
2015-01-04 14:00:00,0.5784299065420561,0.0,0.0,0.019607476635514,0.0,0.0,0.0013140186915887,0.0685532710280373,0.0,0.0
2015-01-04 15:00:00,2.3313600746268657,0.0,0.0,0.044160447761194,0.0427630597014925,0.2344123134328358,0.0011977611940298,0.1155820895522388,0.0,0.0
2015-01-04 16:00:00,4.411751865671642,0.0,0.0,0.0419496268656716,0.0,0.0247929104477611,0.0010895522388059,0.099285447761194,0.0,0.0
2015-01-04 17:00:00,1.3950944444444444,0.0,0.0,0.0180759259259259,0.045637037037037,0.0,0.0010111111111111,0.0767333333333333,0.0225092592592592,0.0
2015-01-04 18:00:00,1.1877891791044777,0.0,0.0,0.0243843283582089,0.0,0.0037705223880597,0.0010279850746268,0.0623041044776119,0.0,0.0
2015-01-04 19:00:00,2.0026256983240223,0.0,0.0,0.0405083798882681,0.0357858472998137,0.6157188081936685,0.0625437616387337,0.0624450651769087,0.0,0.0
2015-01-04 20:00:00,1.2666654205607475,0.0,0.0,0.0410056074766355,0.0133943925233644,0.1182467289719626,0.4278878504672897,0.0948878504672897,0.0,0.0
2015-01-04 21:00:00,0.9464237918215614,0.0,0.0,0.0208754646840148,0.0268680297397769,0.0,0.5262695167286245,0.1098959107806691,0.0,0.0
2015-01-04 22:00:00,0.3413917910447761,0.0,0.0,0.0244776119402985,0.0179328358208955,0.0,0.0011660447761194,0.0721921641791044,0.0,0.0
2015-01-04 23:00:00,0.2498925925925925,0.0,0.0,0.044274074074074,0.0024981481481481,1.851851851851852e-06,0.0016851851851851,0.0550518518518518,0.0,0.0
2015-01-05 00:00:00,0.270595547309833,0.0,0.0,0.0389554730983302,0.0383543599257885,0.0,0.0014582560296846,0.0556716141001855,0.0,0.0
2015-01-05 01:00:00,0.2395743494423791,0.0,0.0,0.0195613382899628,0.0,0.0,0.0013271375464684,0.0540929368029739,0.0,0.0
2015-01-05 02:00:00,0.2878905380333951,0.0,0.0,0.0311001855287569,0.0398794063079777,0.0,0.0016141001855287,0.0558070500927643,0.0,0.0
2015-01-05 03:00:00,0.269376404494382,0.0,0.0,0.0459157303370786,0.0,0.0,0.0015074906367041,0.0538183520599251,0.0,0.0
2015-01-05 04:00:00,0.3134115456238361,0.0,0.0,0.0333836126629422,0.0371657355679702,0.0,0.0015549348230912,0.0552588454376163,0.0,0.0
2015-01-05 05:00:00,0.3918093457943925,0.0,0.0,0.0201383177570093,0.0,3.738317757009346e-06,0.0014953271028037,0.0545813084112149,0.0,0.0
2015-01-05 06:00:00,0.4068698884758364,0.0,0.0,0.0414851301115241,0.0381505576208178,0.0,0.0015315985130111,0.0547137546468401,0.0,0.0
2015-01-05 07:00:00,0.9735,0.0,0.0,0.0507047970479704,0.0030977859778597,1.4760147601476014e-05,0.0013819188191881,0.0547324723247232,0.0,0.0
2015-01-05 08:00:00,2.9433147113594043,0.0,0.0,0.0190502793296089,0.0283426443202979,0.4385549348230912,0.0010651769087523,0.0547411545623836,0.0,0.0
2015-01-05 09:00:00,2.2347546468401487,0.0,0.0,0.0299516728624535,0.0148382899628252,0.2074014869888475,0.0010557620817843,0.0545724907063197,0.0,0.0038643122676579
2015-01-05 10:00:00,2.1119052044609665,0.0,0.0,0.0506505576208178,0.0175483271375464,0.0732118959107806,0.0010631970260223,0.0550780669144981,0.0047230483271375,0.0301078066914498
2015-01-05 11:00:00,3.324330841121496,0.0,0.0,0.0284242990654205,0.0311289719626168,0.0,0.0011289719626168,0.078818691588785,0.0,0.0125308411214953
2015-01-05 12:00:00,1.4414269662921348,0.0011947565543071,0.0,0.023001872659176,0.0,0.0,0.0012378277153558,0.0694176029962546,0.0,0.0
2015-01-05 13:00:00,1.1150130597014924,0.0,0.0,0.0560466417910447,0.0500130597014925,0.0,0.001125,0.0701194029850746,0.0,0.0
2015-01-05 14:00:00,0.3585679702048417,0.0,0.0,0.0316741154562383,0.0,0.0,0.0012495344506517,0.0754767225325884,0.0,0.0
2015-01-05 15:00:00,0.5945962962962963,0.0,0.0,0.0294296296296296,0.0479685185185185,0.0,0.0011962962962962,0.0720407407407407,0.1144796296296296,0.0
2015-01-05 16:00:00,0.6954070631970259,0.0,0.0,0.0613847583643122,0.0,0.0,0.0011840148698884,0.0557769516728624,0.0,0.0
2015-01-05 17:00:00,1.7699775280898875,0.0009213483146067,0.0,0.0309513108614232,0.0504250936329588,0.0,0.0010599250936329,0.0555280898876404,0.0,0.0
2015-01-05 18:00:00,1.0946940298507464,0.0,0.0,0.0413861940298507,0.0,0.0,0.0117891791044776,0.0624757462686567,0.0,0.0
2015-01-05 19:00:00,1.305438432835821,0.0,0.0,0.0495223880597014,0.0430839552238805,7.462686567164178e-05,0.4615037313432835,0.0843824626865671,0.0,0.0
2015-01-05 20:00:00,1.1196542750929368,0.0,0.0,0.0211096654275092,0.0124776951672862,0.0,0.505914498141264,0.1166263940520446,0.0,0.0
2015-01-05 21:00:00,0.6414237918215614,0.0,0.0,0.0601133828996282,0.0188289962825278,0.0,0.0022732342007434,0.0967695167286245,0.0,0.0
2015-01-05 22:00:00,0.5421497227356746,0.0,0.0,0.0341792975970425,0.034804066543438,0.0,0.0016913123844731,0.0967929759704251,0.0,0.0
2015-01-05 23:00:00,0.3837640449438202,0.0,0.0,0.0334176029962546,0.0,0.0,0.0016516853932584,0.0565842696629213,0.0,0.0
2015-01-06 00:00:00,0.4144477611940299,0.0,0.0,0.058776119402985,0.0481623134328358,0.0,0.0014869402985074,0.0555429104477612,0.0,0.0
2015-01-06 01:00:00,0.3677150837988827,0.0,0.0,0.0206778398510242,0.0,0.0,0.0012756052141527,0.0553351955307262,0.0,0.0
2015-01-06 02:00:00,0.3614440298507463,0.0,0.0,0.0588768656716417,0.0402294776119403,0.0,0.0014496268656716,0.0555242537313432,0.0,0.0
2015-01-06 03:00:00,0.275037037037037,0.0,0.0,0.0334111111111111,0.0027055555555555,0.0,0.0013925925925925,0.0550333333333333,0.0,0.0
2015-01-06 04:00:00,0.2870093283582089,0.0,0.0,0.0361305970149253,0.016276119402985,0.0,0.0014869402985074,0.054990671641791,0.0,0.0
2015-01-06 05:00:00,0.43260853432282,0.0,0.0,0.0542875695732838,0.0260426716141001,0.0,0.0014619666048237,0.0548589981447124,0.0,0.0
2015-01-06 06:00:00,0.3832565055762081,0.0,0.0,0.0213122676579925,0.0,0.0,0.0015706319702602,0.0544126394052044,0.0,0.0
2015-01-06 07:00:00,0.859268156424581,0.0,0.1093761638733705,0.064046554934823,0.0500819366852886,0.0,0.0013389199255121,0.0550577281191806,0.0409944134078212,0.0
2015-01-06 08:00:00,0.8318159851301115,0.0,0.0,0.0268884758364312,0.0,0.0899107806691449,0.001039033457249,0.0596040892193308,0.0,0.0
2015-01-06 09:00:00,1.9173888888888888,0.0,0.0,0.0443444444444444,0.0522277777777777,0.5818740740740741,0.0010296296296296,0.0865629629629629,0.0,0.0
2015-01-06 10:00:00,0.7104842300556586,0.0,0.0,0.0461224489795918,0.0,0.0970408163265306,0.0010463821892393,0.0544378478664192,0.0,0.0
2015-01-06 11:00:00,2.194153703703704,0.0,0.0,0.0253111111111111,0.0359981481481481,0.3164148148148148,0.0010203703703703,0.072787037037037,0.0,0.0
2015-01-06 12:00:00,2.1540260223048326,0.0,0.0,0.0642360594795539,0.0152881040892193,0.3122379182156133,0.0010260223048327,0.0550278810408921,0.0,0.0
2015-01-06 13:00:00,1.2799364485981308,0.0,0.0,0.0409607476635514,0.0,0.0875869158878504,0.0011607476635514,0.0546560747663551,0.0,0.0
2015-01-06 14:00:00,3.343606284658041,0.0,0.0,0.0477726432532347,0.0514177449168207,0.5985101663585951,0.0010517560073937,0.1067523105360443,0.0,0.0
2015-01-06 15:00:00,0.6347504621072089,0.0,0.0,0.0222957486136783,0.0,0.1199371534195933,0.0010813308687615,0.0833955637707948,0.0,0.0
2015-01-06 16:00:00,2.1117537037037035,0.0,0.0,0.0595981481481481,0.051337037037037,0.0,0.0010314814814814,0.0959462962962963,0.0,0.0
2015-01-06 17:00:00,4.0328284132841326,0.0,0.0,0.0324612546125461,0.0,0.0,0.0010147601476014,0.0685885608856088,0.0,0.0
2015-01-06 18:00:00,1.7642230483271375,0.0,0.0,0.0276245353159851,0.0319144981412639,0.356403345724907,0.4802806691449814,0.0876617100371747,0.0,0.0
2015-01-06 19:00:00,1.4153358070500928,0.0,0.0,0.0552615955473098,0.0170834879406307,0.2863228200371058,0.4981985157699443,0.094,0.0,0.0
2015-01-06 20:00:00,0.573165120593692,0.0,0.0,0.0270148423005565,0.0231632653061224,0.0792820037105751,0.0014397031539888,0.0944341372912801,0.0,0.0
2015-01-06 21:00:00,0.8159067164179105,0.0,0.0,0.0286753731343283,0.0253843283582089,0.0,0.0013544776119402,0.094401119402985,0.1107947761194029,0.0
2015-01-06 22:00:00,2.15751582867784,0.0,0.0,0.0524227188081936,0.0034543761638733,0.0,0.0010931098696461,0.0699553072625698,0.0,0.0
2015-01-06 23:00:00,0.3386616541353383,0.0,0.0,0.0296560150375939,0.0425451127819548,0.0,0.0011917293233082,0.0553778195488721,0.0,0.0
2015-01-07 00:00:00,0.2491487758945386,0.0,0.0,0.0220414312617702,0.0,0.0,0.0011468926553672,0.0555743879472693,0.0,0.0
2015-01-07 01:00:00,0.3227849056603774,0.0,0.0,0.0517150943396226,0.0406471698113207,0.0,0.001054716981132,0.0553188679245282,0.0,0.0
2015-01-07 02:00:00,0.2753879472693032,0.0,0.0,0.036864406779661,0.0,0.0,0.0010715630885122,0.0557419962335216,0.0,0.0
2015-01-07 03:00:00,0.3569136960600375,0.0,0.0,0.0194577861163227,0.0362307692307692,0.0,0.001076923076923,0.0558348968105065,0.0,0.0
2015-01-07 04:00:00,0.3726310861423221,0.0,0.0,0.0458876404494382,0.0020730337078651,0.0,0.0011067415730337,0.0553876404494382,0.0,0.0
2015-01-07 05:00:00,0.4999332096474953,0.0,0.0,0.0429628942486085,0.0201595547309833,0.0,0.0011372912801484,0.054660482374768,0.0,0.0
2015-01-07 06:00:00,0.5405037453183521,0.0,0.0,0.0181647940074906,0.0175131086142322,0.0,0.0011217228464419,0.0550617977528089,0.0,0.0
2015-01-07 07:00:00,1.354892393320965,0.0,0.0,0.040582560296846,0.0284007421150278,0.0,0.0012634508348794,0.0552059369202226,0.1256901669758812,0.0
2015-01-07 08:00:00,0.7316103896103896,0.0,0.0,0.0514378478664193,0.011230055658627,0.0,0.0013747680890538,0.0551224489795918,0.0,0.0
2015-01-07 09:00:00,0.306268022181146,0.0,0.0,0.0184121996303142,0.0257024029574861,0.0,0.0014953789279112,0.0549316081330868,0.0,0.0
2015-01-07 10:00:00,0.2811462686567164,0.0,0.0,0.0112716417910447,0.0151462686567164,0.0,0.0012985074626865,0.0549701492537313,0.0,0.0
2015-01-07 11:00:00,0.3037629629629629,0.0,0.0,0.0561685185185185,0.0183648148148148,0.0,0.0014629629629629,0.0551888888888888,0.0,0.0
2015-01-07 12:00:00,0.456631970260223,0.0,0.0,0.0242955390334572,0.0245092936802973,0.0,0.0012007434944237,0.0554275092936802,0.0,0.0
2015-01-07 13:00:00,0.6125092592592593,0.0,0.0,0.0345629629629629,0.0,0.0,0.0012111111111111,0.0750222222222222,0.1014148148148148,0.0
2015-01-07 14:00:00,0.560453531598513,0.0,0.0,0.0551003717472118,0.0464089219330855,0.0,0.0013345724907063,0.0786821561338289,0.0,0.0
2015-01-07 15:00:00,0.6335936920222635,0.0,0.0,0.0240352504638218,0.0,0.0,0.0013116883116883,0.0564712430426716,0.0,0.0
2015-01-07 16:00:00,0.6755446096654275,0.0,0.0,0.0452788104089219,0.0501895910780669,0.0,0.0012379182156133,0.0552788104089219,0.0,0.0
2015-01-07 17:00:00,1.682522222222222,0.0,0.0,0.0447333333333333,0.0,0.0,0.0010351851851851,0.0554018518518518,0.0,0.0
2015-01-07 18:00:00,1.836401851851852,0.0,0.0,0.0259462962962962,0.045424074074074,0.4204703703703703,0.001,0.0553462962962962,0.0,0.0
2015-01-07 19:00:00,1.8486063432835824,0.0,0.0,0.0615839552238805,0.0103973880597014,0.2309626865671641,0.4370298507462686,0.0879794776119402,0.0,0.0
2015-01-07 20:00:00,1.7011204819277108,0.0,0.0,0.021004016064257,0.0,0.0434718875502008,0.5682650602409639,0.1125441767068273,0.0,0.0
2015-01-07 21:00:00,2.376880373831776,0.0,0.0,0.0589345794392523,0.0577420560747663,0.0,0.0017214953271028,0.0951457943925233,0.0,0.0
2015-01-07 22:00:00,2.316656015037594,0.0,0.0,0.0303815789473684,0.0,0.0,0.0014454887218045,0.0722236842105263,0.0,0.0
2015-01-07 23:00:00,0.3409793621013133,0.0,0.0,0.0452307692307692,0.0047129455909943,0.0,0.0015590994371482,0.0558949343339587,0.0,0.0
2015-01-08 00:00:00,0.3378740601503759,0.0,0.0,0.0442913533834586,0.048078947368421,0.0,0.0014605263157894,0.0562067669172932,0.0,0.0
2015-01-08 01:00:00,0.2818014981273408,0.0,0.0,0.034692883895131,0.0,0.0,0.0013745318352059,0.055567415730337,0.0,0.0
2015-01-08 02:00:00,0.3233646616541353,0.0,0.0,0.0536766917293233,0.0324586466165413,0.0,0.0012744360902255,0.0554981203007518,0.0,0.0
2015-01-08 03:00:00,0.3180786516853932,0.0,0.0,0.0277097378277153,0.0138408239700374,0.0,0.0013445692883895,0.0552640449438202,0.0,0.0
2015-01-08 04:00:00,0.3138483146067415,0.0,0.0,0.0619456928838951,0.0,0.0,0.0013970037453183,0.055376404494382,0.0,0.0
2015-01-08 05:00:00,0.4901579925650557,0.0,0.0,0.0184851301115241,0.0462973977695167,0.0,0.0014944237918215,0.0556802973977695,0.0,0.0
2015-01-08 06:00:00,0.4377449168207024,0.0,0.0,0.0689556377079482,0.0,0.0,0.0014713493530499,0.0555656192236598,0.0,0.0
2015-01-08 07:00:00,1.241495361781076,0.0,0.0,0.0222022263450834,0.0515677179962894,0.0,0.001230055658627,0.0555398886827458,0.0902022263450834,0.0
2015-01-08 08:00:00,0.7905921787709498,0.0,0.0,0.0611229050279329,0.0051340782122905,0.0,0.0014264432029795,0.0552625698324022,0.0,0.0
2015-01-08 09:00:00,0.2774456928838951,0.0,0.0,0.0279475655430711,0.0,0.0,0.0015543071161048,0.0554456928838951,0.0,0.0
2015-01-08 10:00:00,0.4420782122905028,0.0,0.0,0.044998137802607,0.048193668528864,0.0,0.0014357541899441,0.0553445065176908,0.0,0.0
2015-01-08 11:00:00,0.3755483271375465,0.0,0.0,0.0438345724907063,0.0,0.0,0.0013550185873605,0.0554814126394052,0.0,0.0
2015-01-08 12:00:00,0.4023358208955224,0.0,0.0,0.0284328358208955,0.0475,0.0,0.0013917910447761,0.055580223880597,0.0,0.0
2015-01-08 13:00:00,0.4974655493482309,0.0,0.0,0.0600707635009311,0.0,0.0,0.0012476722532588,0.0710521415270018,0.0575754189944134,0.0
2015-01-08 14:00:00,0.3356305970149254,0.0,0.0,0.020106343283582,0.0209496268656716,0.0,0.001490671641791,0.0578152985074626,0.0,0.0
2015-01-08 15:00:00,0.5473277467411546,0.0,0.0,0.0647448789571694,0.0279273743016759,0.0,0.0013500931098696,0.061024208566108,0.0,0.0
2015-01-08 16:00:00,1.767657355679702,0.0,0.0,0.0261098696461824,0.0,0.0,0.0013966480446927,0.0554469273743016,0.0,0.0
2015-01-08 17:00:00,2.5442096474953617,0.0,0.0,0.0427068645640074,0.0464230055658627,0.0,0.0011224489795918,0.0740853432282003,0.0,0.0
2015-01-08 18:00:00,1.1193761638733706,0.0,0.0,0.0476610800744878,0.0,0.0,0.0010502793296089,0.0598230912476722,0.0647113594040968,0.0
2015-01-08 19:00:00,2.387730483271376,0.0,0.0,0.0184163568773234,0.0535929368029739,0.0247193308550185,0.4995334572490706,0.0639275092936803,0.0,0.0
2015-01-08 20:00:00,1.8551486988847583,0.0,0.0,0.0656078066914498,0.0,0.6245353159851301,0.4860185873605948,0.0952137546468401,0.0,0.0
2015-01-08 21:00:00,0.6850922509225092,0.0,0.0,0.0230535055350553,0.056540590405904,0.1064667896678966,0.0025682656826568,0.0950498154981549,0.0,0.0
2015-01-08 22:00:00,0.3928837638376383,0.0,0.0,0.0441439114391143,0.0,0.0,0.0013782287822878,0.0560940959409594,0.0,0.0
2015-01-08 23:00:00,0.3991481481481481,0.0,0.0,0.0459907407407407,0.0356037037037037,0.0,0.0019851851851851,0.0559407407407407,0.0,0.0
2015-01-09 00:00:00,0.327224074074074,0.0,0.0,0.0221777777777777,0.0117925925925925,0.0,0.0013574074074074,0.0557074074074074,0.0,0.0
2015-01-09 01:00:00,0.3252560296846011,0.0,0.0,0.0679573283858998,0.0,0.0,0.0012820037105751,0.055430426716141,0.0,0.0
2015-01-09 02:00:00,0.2891626617375231,0.0,0.0,0.0181127541589648,0.0435508317929759,0.0,0.0013696857670979,0.0553197781885397,0.0,0.0
2015-01-09 03:00:00,0.2857081784386617,0.0,0.0,0.0585557620817843,0.0,0.0,0.0015557620817843,0.0556115241635687,0.0,0.0
2015-01-09 04:00:00,0.304291280148423,0.0,0.0,0.0299406307977736,0.0437421150278293,0.0,0.0015269016697588,0.0557068645640074,0.0,0.0
2015-01-09 05:00:00,0.4085444444444444,0.0,0.0,0.0468796296296296,0.0,0.0,0.0014388888888888,0.0553777777777777,0.0,0.0
2015-01-09 06:00:00,0.4353079777365491,0.0,0.0,0.0423339517625231,0.043925788497217,0.0,0.0015769944341372,0.0553636363636363,0.0,0.0
2015-01-09 07:00:00,0.8605528756957328,0.0,0.0,0.0348552875695732,0.0,0.0,0.0013784786641929,0.0554341372912801,0.0009350649350649,0.0
2015-01-09 08:00:00,0.508990671641791,0.0,0.0,0.0550335820895522,0.0443861940298507,0.0,0.0013544776119402,0.055615671641791,0.0,0.0
2015-01-09 09:00:00,1.1187420560747663,0.0,0.0,0.022611214953271,0.0043158878504672,0.0,0.00143738317757,0.0555551401869158,0.0,0.0
2015-01-09 10:00:00,2.8858345724907064,0.0,0.0,0.0673773234200743,0.0210037174721189,0.0,0.0013197026022304,0.073135687732342,0.0,0.0
2015-01-09 11:00:00,0.49268156424581,0.0,0.0,0.0195735567970204,0.029998137802607,0.0,0.0014413407821229,0.0810055865921787,0.0,0.0
2015-01-09 12:00:00,0.6002639405204461,0.0,0.0,0.0698494423791821,0.0,0.0,0.0015241635687732,0.0830669144981412,0.0,0.0
2015-01-09 13:00:00,0.7891706864564008,0.0,0.0,0.0188478664192949,0.0539907235621521,0.0,0.0014118738404452,0.0952411873840445,0.0822282003710575,0.0
2015-01-09 14:00:00,0.6110186219739293,0.0,0.0,0.0708435754189944,0.0,0.0,0.0014152700186219,0.094022346368715,0.0,0.0
2015-01-09 15:00:00,0.5662588454376164,0.0,0.0,0.0290595903165735,0.0509068901303538,0.0,0.0013668528864059,0.0732811918063314,0.0,0.0
2015-01-09 16:00:00,0.7663951310861423,0.0,0.0,0.0623108614232209,0.0035224719101123,0.0,0.0011985018726591,0.0946479400749063,0.0,0.0
2015-01-09 17:00:00,1.6194048507462688,0.0,0.0,0.0583115671641791,0.0143470149253731,0.0,0.0012033582089552,0.0953526119402985,0.0,0.0
2015-01-09 18:00:00,1.1693819188191883,0.0,0.0,0.0306365313653136,0.0404630996309963,0.0,0.0010977859778597,0.076090405904059,0.0,0.0
2015-01-09 19:00:00,1.440443413729128,0.0,0.0,0.0671484230055658,0.0,0.3131929499072356,0.458100185528757,0.0735602968460111,0.0,0.0
2015-01-09 20:00:00,1.6359775700934578,0.0,0.0,0.0648616822429906,0.0595962616822429,0.3685738317757009,0.5401439252336449,0.0950560747663551,0.0,0.0
2015-01-09 21:00:00,0.5554550561797753,0.0,0.0,0.0209644194756554,0.0,0.0897471910112359,0.0017116104868913,0.0562996254681647,0.0,0.0
2015-01-09 22:00:00,0.393364990689013,0.0,0.0,0.0686536312849162,0.026852886405959,0.0,0.0014897579143389,0.0576517690875232,0.0,0.0
2015-01-09 23:00:00,0.3928248587570621,0.0,0.0,0.0657702448210922,0.0302542372881355,0.0,0.0016403013182674,0.0556026365348399,0.0,0.0
2015-01-10 00:00:00,0.305833644859813,0.0,0.0,0.0208710280373831,0.0,0.0,0.0014,0.0556485981308411,0.0,0.0
2015-01-10 01:00:00,0.4256115241635688,0.0,0.0,0.0693531598513011,0.0522862453531598,0.0,0.0011877323420074,0.0555947955390334,0.0,0.0
2015-01-10 02:00:00,0.3259329608938547,0.0,0.0,0.0652774674115456,0.0,0.0,0.0013389199255121,0.055949720670391,0.0,0.0
2015-01-10 03:00:00,0.250178107606679,0.0,0.0,0.0241465677179962,0.0110185528756957,0.0,0.001469387755102,0.0557161410018552,0.0,0.0
2015-01-10 04:00:00,0.3008033395176252,0.0,0.0,0.0650556586270872,0.0382115027829313,0.0,0.0015324675324675,0.0557792207792207,0.0,0.0
2015-01-10 05:00:00,0.4260428305400372,0.0,0.0,0.065657355679702,0.0,0.0,0.0015642458100558,0.0555418994413407,0.0,0.0
2015-01-10 06:00:00,0.4476040892193308,0.0,0.0,0.0404368029739777,0.0550557620817843,0.0,0.0014739776951672,0.0555631970260223,0.0,0.0
2015-01-10 07:00:00,0.6230890538033396,0.0,0.0,0.0483413729128014,0.0,0.0,0.001634508348794,0.0556827458256029,0.0,0.0
2015-01-10 08:00:00,0.9042634508348796,0.0,0.0,0.0661762523191094,0.0275584415584415,0.0,0.0014619666048237,0.0569814471243042,0.0387903525046382,0.0
2015-01-10 09:00:00,0.6616263940520446,0.0,0.0,0.0187602230483271,0.0281672862453531,0.0,0.0010817843866171,0.0738104089219331,0.0,0.0
2015-01-10 10:00:00,0.5388367346938776,0.0,0.0,0.0703413729128014,0.0,0.0,0.0011391465677179,0.0555621521335807,0.0,0.0
2015-01-10 11:00:00,0.4744786641929499,0.0,0.0,0.0310593692022263,0.0545788497217068,0.0,0.0010538033395176,0.0558627087198515,0.0,0.0
2015-01-10 12:00:00,1.3117014925373134,0.0047369402985074,0.0,0.0579888059701492,0.0,0.0,0.0010298507462686,0.0559141791044776,0.184195895522388,0.0
2015-01-10 13:00:00,3.0315772811918063,0.0,0.0,0.0218566108007448,0.0329720670391061,0.0,0.2194692737430167,0.0555325884543761,0.0,0.0
2015-01-10 14:00:00,1.585919776119403,0.0,0.0,0.0656119402985074,0.0188843283582089,0.0,0.7773899253731343,0.0557257462686567,0.0,0.0
2015-01-10 15:00:00,0.4172606284658041,0.0,0.0,0.0195249537892791,0.0,0.0,0.0081146025878003,0.0556210720887245,0.0,0.0
2015-01-10 16:00:00,0.5710593692022263,0.0,0.0,0.062595547309833,0.0536233766233766,0.0,0.0011113172541743,0.0947532467532467,0.0,0.0
2015-01-10 17:00:00,2.8889067164179103,0.0,0.0,0.0274944029850746,0.0002388059701492,0.0,0.0011492537313432,0.0556380597014925,0.0,0.0
2015-01-10 18:00:00,1.065065298507463,0.0,0.0,0.0387649253731343,0.0468227611940298,0.0187145522388059,0.0010932835820895,0.101490671641791,0.0,0.0
2015-01-10 19:00:00,1.3871601489757914,0.0,0.0,0.0515437616387337,0.0081005586592178,0.6204711359404097,0.00112104283054,0.0938938547486033,0.0,0.0
2015-01-10 20:00:00,0.7030671641791044,0.0,0.0,0.0185578358208955,0.011740671641791,0.1100914179104477,0.0015167910447761,0.0799962686567164,0.0,0.0
2015-01-10 21:00:00,0.5066454033771107,0.0,0.0,0.0556923076923076,0.0466060037523452,0.0,0.0015590994371482,0.0797091932457786,0.0,0.0
2015-01-10 22:00:00,0.3669009345794392,0.0,0.0,0.0325028037383177,0.0,0.0,0.0015364485981308,0.0570747663551401,0.0,0.0
2015-01-10 23:00:00,0.3596015037593985,0.0,0.0,0.0282048872180451,0.0518233082706766,0.0,0.0016372180451127,0.0398270676691729,0.0,0.0
2015-01-11 00:00:00,0.3279869646182495,0.0,0.0,0.0578063314711359,0.0,0.0,0.0013817504655493,0.0403556797020484,0.0,0.0
2015-01-11 01:00:00,0.2763234200743494,0.0,0.0,0.0189014869888475,0.0,0.0,0.0012565055762081,0.0400557620817843,0.0,0.0
2015-01-11 02:00:00,0.3192542056074766,0.0,0.0,0.0400841121495327,0.0451588785046729,0.0,0.0011663551401869,0.0403644859813084,0.0,0.0
2015-01-11 03:00:00,0.2604256505576208,0.0,0.0,0.045635687732342,0.0,0.0,0.0012695167286245,0.0399851301115241,0.0,0.0
2015-01-11 04:00:00,0.2731059479553903,0.0,0.0,0.0170557620817843,0.0306171003717472,0.0,0.0014981412639405,0.0400743494423791,0.0,0.0
2015-01-11 05:00:00,0.4299907407407408,0.0,0.0,0.051774074074074,0.0142592592592592,0.0,0.001474074074074,0.0399685185185185,0.0,0.0
2015-01-11 06:00:00,0.5696553672316383,0.0,0.0,0.0362561205273069,0.0095499058380414,0.0,0.0014802259887005,0.0400207156308851,0.0,0.0
2015-01-11 07:00:00,0.6866994434137291,0.0,0.0,0.0196846011131725,0.0380797773654916,0.0,0.0016697588126159,0.0413580705009276,0.0,0.0
2015-01-11 08:00:00,1.1938271375464682,0.0,0.0,0.0554591078066914,0.0,0.0,0.0017509293680297,0.0399275092936802,0.0,0.0
2015-01-11 09:00:00,1.127122905027933,0.0,0.0,0.0288119180633147,0.0500800744878957,0.0,0.1625865921787709,0.0400912476722532,0.1149608938547486,0.0
2015-01-11 10:00:00,0.754503717472119,0.0,0.0,0.0275501858736059,0.0,0.0,0.3475092936802973,0.039992565055762,0.0,0.0
2015-01-11 11:00:00,1.0201809701492537,0.0,0.0,0.0593376865671641,0.0523917910447761,0.0,0.4632574626865672,0.0401082089552238,0.0,0.0
2015-01-11 12:00:00,0.8406635514018692,0.0,0.0,0.018229906542056,0.0032467289719626,0.0,0.0010878504672897,0.0401271028037383,0.0,0.0
2015-01-11 13:00:00,0.4281191806331471,0.0,0.0,0.0474487895716946,0.0157355679702048,0.0,0.0010893854748603,0.0610260707635009,0.0,0.0
2015-01-11 14:00:00,0.6075588785046728,0.0,0.0,0.0423869158878504,0.0395084112149532,0.0,0.0015476635514018,0.0593457943925233,0.0,0.0
2015-01-11 15:00:00,1.046337057728119,0.0,0.0,0.028072625698324,0.0,0.0,0.0012737430167597,0.0916666666666666,0.0,0.0
2015-01-11 16:00:00,5.077776937618148,0.0,0.0,0.0608998109640831,0.0545727788279773,0.4665765595463138,0.0010529300567107,0.0639640831758034,0.0,0.0
2015-01-11 17:00:00,3.1379869158878506,0.0,0.0,0.021211214953271,0.0,0.1427214953271028,0.0108355140186915,0.0402785046728971,0.0,0.0
2015-01-11 18:00:00,2.00403007518797,0.0,0.0,0.0636766917293233,0.0426992481203007,0.0436090225563909,0.7359210526315789,0.0408233082706766,0.0,0.0
2015-01-11 19:00:00,4.157897769516729,0.0,0.0,0.0243252788104089,0.0132936802973977,0.5793791821561339,0.2271877323420074,0.0404609665427509,0.0,0.0
2015-01-11 20:00:00,1.8856934579439253,0.0,0.0,0.0479140186915887,0.0206485981308411,0.1251850467289719,0.0011644859813084,0.0632934579439252,0.0,0.0
2015-01-11 21:00:00,0.5716660482374768,0.0,0.0,0.0411354359925788,0.0328812615955473,0.0176734693877551,0.0013191094619666,0.0792207792207792,0.0560630797773654,0.0
2015-01-11 22:00:00,0.4118847583643122,0.0,0.0,0.0310576208178438,0.0,0.0,0.0014832713754646,0.0769423791821561,0.058360594795539,0.0
2015-01-11 23:00:00,0.4383444444444444,0.0,0.0,0.0573907407407407,0.0518611111111111,1.851851851851852e-06,0.0016425925925925,0.0479666666666666,0.0,0.0
2015-01-12 00:00:00,0.2901593927893738,0.0,0.0,0.0174516129032258,0.0,0.0,0.0014497153700189,0.0409089184060721,0.0,0.0
2015-01-12 01:00:00,0.369462962962963,0.0,0.0,0.0698277777777777,0.0299074074074074,0.0,0.0012074074074074,0.0401333333333333,0.0,0.0
2015-01-12 02:00:00,0.2424007421150278,0.0,0.0,0.0179202226345083,0.0192393320964749,0.0,0.0013098330241187,0.0402003710575139,0.0,0.0
2015-01-12 03:00:00,0.2659420560747663,0.0,0.0,0.0633084112149532,0.0,0.0,0.0013570093457943,0.0402635514018691,0.0,0.0
2015-01-12 04:00:00,0.3006373831775701,0.0,0.0,0.0268411214953271,0.0477028037383177,0.0,0.0015009345794392,0.0402317757009345,0.0,0.0
2015-01-12 05:00:00,0.3993538175046555,0.0,0.0,0.0554506517690875,0.0,0.0,0.0015884543761638,0.0404469273743016,0.0,0.0
2015-01-12 06:00:00,0.3745325884543761,0.0,0.0,0.0331824953445065,0.0165027932960893,0.0,0.0014189944134078,0.0402942271880819,0.0,0.0
2015-01-12 07:00:00,1.005360747663551,0.0,0.0,0.0501981308411215,0.0360168224299065,0.0,0.0013551401869158,0.0402971962616822,0.0,0.0
2015-01-12 08:00:00,0.6786703910614525,0.0,0.0,0.0376424581005586,0.0,0.0,0.0012402234636871,0.0402756052141526,0.0,0.0
2015-01-12 09:00:00,0.4883588785046728,0.0,0.0,0.0520710280373831,0.0517532710280373,0.0,0.0013813084112149,0.0706093457943925,0.0209345794392523,0.0
2015-01-12 10:00:00,0.2554160447761194,0.0,0.0,0.0354514925373134,0.0,0.0,0.001365671641791,0.0519347014925373,0.0,0.0
2015-01-12 11:00:00,0.3728071161048689,0.0,0.0,0.0671685393258427,0.0226835205992509,0.0,0.0013314606741573,0.0405393258426966,0.0,0.0
2015-01-12 12:00:00,0.839089219330855,0.0,0.0,0.065992565055762,0.0309888475836431,6.133828996282528e-05,0.0012806691449814,0.0407267657992565,0.0,0.0171412639405204
2015-01-12 13:00:00,3.686449626865672,0.0,0.1327332089552239,0.0652108208955224,0.0,0.6023544776119403,0.0012630597014925,0.0404216417910447,0.1367033582089552,0.0088134328358208
2015-01-12 14:00:00,0.9174283054003723,0.0,0.0,0.06612104283054,0.0410186219739292,0.131,0.001437616387337,0.0661675977653631,0.0,0.0
2015-01-12 15:00:00,0.5698293135435992,0.0,0.0,0.0659443413729128,0.0159981447124304,0.0035231910946196,0.0013914656771799,0.0536994434137291,0.0,0.0
2015-01-12 16:00:00,1.8858051948051948,0.0,0.0,0.0655102040816326,0.0,0.0,0.0012096474953617,0.0714044526901669,0.0,0.0
2015-01-12 17:00:00,1.4835485074626866,0.0,0.0,0.0653507462686567,0.0615130597014925,0.0,0.000410447761194,0.0404888059701492,0.0,0.0
2015-01-12 18:00:00,1.5130241635687731,0.0,0.0,0.0650204460966542,0.0,0.0,0.5144219330855019,0.0634591078066914,0.0,0.0
2015-01-12 19:00:00,3.881739212007505,0.0,0.0,0.063780487804878,0.0187748592870544,0.5953996247654784,0.4898405253283302,0.0732307692307692,0.0460281425891182,0.0
2015-01-12 20:00:00,0.7891487758945386,0.0,0.0,0.064864406779661,0.0427966101694915,0.1146252354048964,0.0012372881355932,0.0803615819209039,0.0,0.0
2015-01-12 21:00:00,0.4321561338289963,0.0,0.0,0.0646449814126394,0.0,0.0381245353159851,0.0012788104089219,0.0797657992565055,0.0,0.0
2015-01-12 22:00:00,0.4437490706319703,0.0,0.0,0.0426654275092936,0.0557304832713754,0.0,0.0014126394052044,0.0338122676579925,0.0,0.0
2015-01-12 23:00:00,0.3119166666666667,0.0,0.0,0.0495537037037037,0.0033574074074074,0.0,0.0016703703703703,0.03325,0.0,0.0
2015-01-13 00:00:00,0.3136553672316384,0.0,0.0,0.0659058380414312,0.0,0.0,0.001442561205273,0.0336930320150659,0.0,0.0
2015-01-13 01:00:00,0.3385093283582089,0.0,0.0,0.023731343283582,0.0546436567164179,0.0,0.0012164179104477,0.0331473880597014,0.0,0.0
2015-01-13 02:00:00,0.243131970260223,0.0,0.0,0.0681078066914498,0.0,0.0,0.0012955390334572,0.0332936802973977,0.0,0.0
2015-01-13 03:00:00,0.2873252788104089,0.0,0.0,0.0200966542750929,0.0,0.0,0.0014368029739776,0.0352695167286245,0.0,0.0
2015-01-13 04:00:00,0.3302722222222222,0.0,0.0,0.069174074074074,0.0497129629629629,0.0,0.0014129629629629,0.0384018518518518,0.0,0.0
2015-01-13 05:00:00,0.3603059701492537,0.0,0.0,0.0185186567164179,0.0,0.0,0.0013992537313432,0.0369365671641791,0.0,0.0
2015-01-13 06:00:00,0.4457906542056075,0.0,0.0,0.0694654205607476,0.0221775700934579,0.0,0.0015607476635514,0.0404878504672897,0.0,0.0
2015-01-13 07:00:00,2.343946196660482,0.0,0.0,0.0199944341372912,0.0372430426716141,0.0,0.0008311688311688,0.0403413729128014,0.0542838589981447,0.0
2015-01-13 08:00:00,2.5577267657992566,0.0,0.0,0.0663364312267658,0.0,0.0,0.0,0.0416189591078066,0.0,0.0
2015-01-13 09:00:00,0.908228624535316,0.0,0.0,0.0213661710037174,0.0631078066914498,0.0,2.7881040892193307e-05,0.0811096654275093,0.0,0.0
2015-01-13 10:00:00,0.4897367424242424,0.0,0.0,0.0487083333333333,0.0013541666666666,0.0,6.818181818181817e-05,0.080530303030303,0.0,0.0
2015-01-13 11:00:00,0.6291401869158878,0.0,0.0,0.0380728971962616,0.0,0.0,2.05607476635514e-05,0.0487308411214953,0.0,0.0
2015-01-13 12:00:00,1.3954003724394786,0.0,0.0,0.0392979515828677,0.0632029795158286,0.0,1.48975791433892e-05,0.0404953445065176,0.0,0.0
2015-01-13 13:00:00,1.6724325323475044,0.0,0.0,0.049818853974122,5.914972273567468e-05,0.0,0.3085656192236599,0.0418669131238447,0.0,0.0
2015-01-13 14:00:00,1.3016950092421442,0.0,0.0,0.0188872458410351,0.0080628465804066,0.0,0.667927911275416,0.0927800369685767,0.0416654343807763,0.0
2015-01-13 15:00:00,0.6290203703703704,0.0,0.0,0.0653407407407407,0.0344388888888888,0.0,0.0023888888888888,0.0932092592592592,0.0558981481481481,0.0
2015-01-13 16:00:00,0.4959870848708487,0.0,0.0,0.0239354243542435,0.0,0.0,0.0012583025830258,0.0810885608856088,0.0,0.0
2015-01-13 17:00:00,0.4053974121996303,0.0,0.0,0.0389149722735674,0.0117597042513863,0.0,0.0012439926062846,0.0405046210720887,0.0,0.0
2015-01-13 18:00:00,1.313732342007435,0.0,0.0,0.0486895910780669,0.0,0.0,0.0010092936802973,0.0800966542750929,0.0,0.0
2015-01-13 19:00:00,0.8180687622789784,0.0,0.0,0.0180491159135559,0.0134577603143418,0.0,0.0010098231827111,0.1051984282907662,0.0,0.0
2015-01-13 20:00:00,0.5819855072463768,0.0,0.0,0.0514596273291925,0.0448385093167701,0.0,0.0010227743271221,0.1069710144927536,0.0,0.0
2015-01-13 21:00:00,0.3828353413654618,0.0,0.0,0.0388293172690763,0.0,0.0,0.0010562248995983,0.0980702811244979,0.0,0.0
2015-01-13 22:00:00,0.3440019920318725,0.0,0.0,0.0194541832669322,0.0565956175298804,0.0,0.0010697211155378,0.0685278884462151,0.0,0.0
2015-01-13 23:00:00,0.2868125,0.0,0.0,0.0557708333333333,0.0,0.0,0.001155303030303,0.0569734848484848,0.0,0.0
2015-01-14 00:00:00,0.2980093984962406,0.0,0.0,0.032531954887218,0.0,0.0,0.0010977443609022,0.0572537593984962,0.0,0.0
2015-01-14 01:00:00,0.3564786641929499,0.0,0.0,0.0231502782931354,0.0516066790352504,0.0,0.0010500927643784,0.0569870129870129,0.0,0.0
2015-01-14 02:00:00,0.2920856610800745,0.0,0.0,0.0524040968342644,0.0,0.0,0.0010670391061452,0.0572849162011173,0.0,0.0
2015-01-14 03:00:00,0.2493258426966292,0.0,0.0,0.0282734082397003,0.0,0.0,0.0011179775280898,0.0570880149812734,0.0,0.0
2015-01-14 04:00:00,0.3324795539033457,0.0,0.0,0.0216988847583643,0.0477565055762081,0.0,0.0011561338289962,0.056996282527881,0.0,0.0
2015-01-14 05:00:00,0.4143314711359404,0.0,0.0,0.0507113594040968,0.0,0.0,0.0011582867783985,0.0568417132216014,0.0,0.0
2015-01-14 06:00:00,0.3893808630393996,0.0,0.0,0.0308105065666041,0.0020919324577861,0.0,0.0011257035647279,0.0569099437148217,0.0,0.0
2015-01-14 07:00:00,0.9002164179104477,0.0,0.0,0.019285447761194,0.0474962686567164,0.0,0.0013022388059701,0.0569570895522388,0.0,0.0
2015-01-14 08:00:00,0.9315574074074072,0.0,0.0,0.0486518518518518,0.0,0.0,0.5012074074074074,0.0572092592592592,0.0,0.0
2015-01-14 09:00:00,0.8133876404494382,0.0,0.0,0.0337640449438202,0.0508258426966292,0.0,0.4714325842696629,0.0569831460674157,0.0,0.0
2015-01-14 10:00:00,0.2642686567164179,0.0,0.0,0.0156660447761194,0.0,0.0,0.0014608208955223,0.057125,0.0,0.0
2015-01-14 11:00:00,0.2833477443609022,0.0,0.0,0.0514304511278195,0.0007913533834586,0.0,0.0012556390977443,0.0580037593984962,0.0,0.0
2015-01-14 12:00:00,0.4872664165103189,0.0,0.0,0.0362213883677298,0.0524202626641651,0.0,0.0012195121951219,0.0798048780487804,0.0789718574108818,0.0
2015-01-14 13:00:00,0.3157420560747663,0.0,0.0,0.019003738317757,0.0,0.0,0.0013102803738317,0.0574467289719626,0.0,0.0
2015-01-14 14:00:00,0.3773389513108614,0.0,0.0,0.0471835205992509,0.0365224719101123,0.0,0.0012883895131086,0.0582134831460674,0.0,0.0
2015-01-14 15:00:00,0.4808985239852398,0.0,0.0,0.0409317343173431,0.0174612546125461,0.0,0.0013265682656826,0.058280442804428,0.0,0.0
2015-01-14 16:00:00,0.5736809701492538,0.0,0.0,0.0191884328358208,0.0,0.0,0.0011641791044776,0.0783358208955223,0.0,0.0
2015-01-14 17:00:00,1.918114232209737,0.0,0.0,0.0473595505617977,0.0593988764044943,0.0,0.0011479400749063,0.0570823970037453,0.0,0.0
2015-01-14 18:00:00,1.0283780260707636,0.0,0.0,0.0401527001862197,0.0,0.0073668528864059,0.0012141527001862,0.059048417132216,0.0,0.0
2015-01-14 19:00:00,2.274391061452514,0.0,0.0,0.020754189944134,0.0265009310986964,0.5854636871508381,0.4587597765363129,0.0621433891992551,0.0,0.0
2015-01-14 20:00:00,1.7707608286252354,0.0,0.0,0.064939736346516,0.0319020715630885,0.113517890772128,0.5630320150659134,0.0481393596986817,0.0,0.0
2015-01-14 21:00:00,2.4002883895131086,0.0,0.0,0.0190093632958801,0.0,0.0,0.0017078651685393,0.0820711610486891,0.0,0.0
2015-01-14 22:00:00,0.9429682242990656,0.0,0.0,0.0519925233644859,0.0582822429906542,0.0,0.001407476635514,0.0751476635514018,0.0,0.0
2015-01-14 23:00:00,0.282624765478424,0.0,0.0,0.0356772983114446,0.0,0.0,0.0016472795497185,0.0489437148217636,0.0,0.0
2015-01-15 00:00:00,0.2982373831775701,0.0,0.0,0.046618691588785,0.0,0.0,0.0014448598130841,0.0495850467289719,0.0,0.0
2015-01-15 01:00:00,0.3653296089385475,0.0,0.0,0.0431731843575419,0.0533314711359404,0.0,0.0012756052141527,0.0490391061452513,0.0,0.0
2015-01-15 02:00:00,0.2880871985157699,0.0,0.0,0.0414712430426716,0.0,0.0,0.0013914656771799,0.0489480519480519,0.0,0.0
2015-01-15 03:00:00,0.252593984962406,0.0,0.0,0.0467838345864661,0.0015676691729323,0.0,0.0013872180451127,0.0491654135338345,0.0,0.0
2015-01-15 04:00:00,0.3083556797020484,0.0,0.0,0.0426461824953445,0.0525530726256983,0.0,0.0014432029795158,0.0489813780260707,0.0,0.0
2015-01-15 05:00:00,0.4163939962476548,0.0,0.0,0.0453639774859287,0.0,0.0,0.0015328330206378,0.0489043151969981,0.0,0.0
2015-01-15 06:00:00,0.3769888682745825,0.0,0.0,0.0367235621521335,0.0067532467532467,0.0,0.0014118738404452,0.0492727272727272,0.0,0.0
2015-01-15 07:00:00,1.13717723880597,0.0,0.1468936567164179,0.0496044776119403,0.0536194029850746,0.0,0.0450373134328358,0.0489570895522388,0.0,0.0
2015-01-15 08:00:00,0.5467639405204461,0.0,0.0,0.0249423791821561,0.0,0.0,0.00135687732342,0.048953531598513,0.0,0.0
2015-01-15 09:00:00,0.3022944444444444,0.0,0.0,0.0607629629629629,0.0442666666666666,0.0,0.0014074074074074,0.0490722222222222,0.0,0.0
2015-01-15 10:00:00,0.2506338289962825,0.0,0.0,0.0206486988847583,0.0086988847583643,0.0,0.0014553903345724,0.0489981412639405,0.0,0.0
2015-01-15 11:00:00,0.2721902985074627,0.0,0.0,0.0678134328358208,0.0,0.0,0.0013973880597014,0.0493675373134328,0.0,0.0
2015-01-15 12:00:00,0.3485,0.0,0.0,0.0205373134328358,0.0546007462686567,0.0,0.0013264925373134,0.0490820895522388,0.0,0.0
2015-01-15 13:00:00,0.3487092592592593,0.0,0.0,0.0559888888888888,0.0,0.0,0.0013,0.0731092592592592,0.0,0.0
2015-01-15 14:00:00,0.3660166666666666,0.0,0.0,0.0326981481481481,0.0308629629629629,0.0,0.0014722222222222,0.0632222222222222,0.0,0.0
2015-01-15 15:00:00,0.5492838345864661,0.0100845864661654,0.0,0.0413120300751879,0.0245996240601503,0.0,0.0014022556390977,0.0573195488721804,0.0,0.0
2015-01-15 16:00:00,1.0225794392523364,0.0,0.0,0.0457084112149532,0.0,0.0,0.0012691588785046,0.0491084112149532,0.0,0.0
2015-01-15 17:00:00,1.6802537313432837,0.0,0.0,0.0236679104477611,0.0605317164179104,0.0,0.0013432835820895,0.0498059701492537,0.0,0.0
2015-01-15 18:00:00,1.0731877323420074,0.0,0.0,0.0616672862453531,0.0,0.0,0.0011561338289962,0.0728847583643122,0.0,0.0
2015-01-15 19:00:00,1.1909233644859811,0.0,0.0,0.0184467289719626,0.0109514018691588,0.0,0.4790598130841121,0.0715177570093458,0.0,0.0
2015-01-15 20:00:00,1.085059925093633,0.0,0.0,0.0486516853932584,0.047818352059925,0.0,0.5023052434456929,0.0887696629213483,0.0,0.0
2015-01-15 21:00:00,0.356656015037594,0.0,0.0,0.0374398496240601,0.0,0.0,0.0012650375939849,0.0891447368421052,0.0,0.0
2015-01-15 22:00:00,0.3540488721804511,0.0,0.0,0.0227086466165413,0.0542255639097744,0.0,0.0014774436090225,0.0764304511278195,0.0,0.0
2015-01-15 23:00:00,0.2483575418994413,0.0,0.0,0.0610372439478584,0.0013258845437616,0.0,0.0015791433891992,0.0495046554934823,0.0,0.0
2015-01-16 00:00:00,0.2177225325884544,0.0,0.0,0.0221582867783985,0.0,0.0,0.0013389199255121,0.0495325884543761,0.0,0.0
2015-01-16 01:00:00,0.2868888888888889,0.0,0.0,0.0374888888888888,0.0505203703703703,0.0,0.0012537037037037,0.0492962962962962,0.0,0.0
2015-01-16 02:00:00,0.3245065913370998,0.0,0.0,0.0496666666666666,0.0,0.0,0.0013258003766478,0.0493239171374764,0.0,0.0
2015-01-16 03:00:00,0.2935439252336448,0.0,0.0,0.0171233644859813,0.0,0.0,0.0013831775700934,0.0505925233644859,0.0,0.0
2015-01-16 04:00:00,0.3856847014925373,0.0,0.0,0.0513899253731343,0.0489347014925373,0.0,0.0014664179104477,0.0496791044776119,0.0,0.0
2015-01-16 05:00:00,0.3755158878504672,0.0,0.0,0.0357551401869158,0.0,0.0,0.0014841121495327,0.0491177570093457,0.0,0.0
2015-01-16 06:00:00,0.3687574626865672,0.0,0.0,0.0213843283582089,0.0,0.0,0.0014514925373134,0.0492444029850746,0.0,0.0
2015-01-16 07:00:00,0.9239026217228464,0.0,0.0,0.0558707865168539,0.055125468164794,0.0,0.0012134831460674,0.0492771535580524,0.0,0.0
2015-01-16 08:00:00,0.3408401486988848,0.0,0.0,0.0292267657992565,0.0,0.0,0.0010446096654275,0.0492992565055762,0.0,0.0
2015-01-16 09:00:00,0.2456178107606679,0.0,0.0,0.0247810760667903,0.0088274582560296,0.0,0.0011094619666048,0.0492875695732838,0.0,0.0
2015-01-16 10:00:00,0.4389140186915888,0.0,0.0,0.0593887850467289,0.0442747663551401,0.0,0.0010691588785046,0.0495514018691588,0.0,0.0
2015-01-16 11:00:00,0.2299792060491493,0.0,0.0,0.0187693761814744,0.0,0.0,0.0010415879017013,0.0492249527410207,0.0,0.0
2015-01-16 12:00:00,1.3594026217228463,0.0,0.0,0.0366329588014981,0.0202265917602996,0.5846610486891386,0.0011011235955056,0.0701029962546816,0.188125468164794,0.0
2015-01-16 13:00:00,0.6829395085066162,0.0,0.0,0.0497391304347826,0.0404896030245746,0.109703213610586,0.00134404536862,0.0849603024574669,0.0735897920604914,0.0
2015-01-16 14:00:00,0.4438052434456929,0.0,0.0,0.0193258426966292,0.0,0.0559325842696629,0.0014981273408239,0.0854007490636704,0.0,0.0
2015-01-16 15:00:00,2.5828592870544087,0.0,0.0,0.0536060037523452,0.0319305816135084,5.628517823639775e-05,0.0013452157598499,0.0599455909943714,0.0,0.0
2015-01-16 16:00:00,1.7932448979591835,0.0,0.0,0.0326363636363636,0.0285658627087198,0.0,0.0012949907235621,0.0872968460111317,0.0,0.0
2015-01-16 17:00:00,1.3316511194029852,0.0,0.0,0.0258432835820895,0.0,0.0,0.0013376865671641,0.0857145522388059,0.0421921641791044,0.0
2015-01-16 18:00:00,1.826260628465804,0.0,0.0,0.0541903881700554,0.0428835489833641,0.0,0.4311275415896488,0.062898336414048,0.0455822550831793,0.0
2015-01-16 19:00:00,2.145084269662921,0.0,0.0,0.0194119850187265,0.0160486891385767,0.5737902621722847,0.5668614232209738,0.0743857677902621,0.0,0.0
2015-01-16 20:00:00,0.6276873822975518,0.0,0.0,0.0324557438794726,0.0,0.109638418079096,0.0018757062146892,0.0895913370998116,0.0,0.0
2015-01-16 21:00:00,0.5947074074074075,0.0,0.0,0.0501129629629629,0.0566666666666666,0.0702611111111111,0.0013203703703703,0.0898407407407407,0.0,0.0
2015-01-16 22:00:00,0.3255903165735568,0.0,0.0,0.0166182495344506,0.0,0.0,0.0014525139664804,0.0720074487895717,0.0,0.0
2015-01-16 23:00:00,0.2838063314711359,0.0,0.0,0.0329404096834264,0.0,0.0,0.0015828677839851,0.0493072625698324,0.0,0.0
2015-01-17 00:00:00,0.3200640301318267,0.0,0.0,0.0491261770244821,0.0529322033898305,0.0,0.0014086629001883,0.04969868173258,0.0,0.0
2015-01-17 01:00:00,0.2298067061143984,0.0,0.0,0.0177869822485207,0.0,0.0,0.0012485207100591,0.0493491124260355,0.0,0.0
2015-01-17 02:00:00,0.2487514018691589,0.0,0.0,0.032811214953271,0.0,0.0,0.0013327102803738,0.0494542056074766,0.0,0.0
2015-01-17 03:00:00,0.312592523364486,0.0,0.0,0.0482411214953271,0.0505233644859813,0.0,0.0014523364485981,0.0496205607476635,0.0,0.0
2015-01-17 04:00:00,0.2446146616541353,0.0,0.0,0.0188721804511278,0.0,0.0,0.0015902255639097,0.0492932330827067,0.0,0.0
2015-01-17 05:00:00,0.3829907235621521,0.0,0.0,0.0307328385899814,0.0,1.855287569573284e-06,0.0015380333951762,0.0493599257884972,0.0,0.0
2015-01-17 06:00:00,0.5840299065420561,0.0,0.0,0.0498485981308411,0.0539644859813084,0.0,0.0014878504672897,0.0493420560747663,0.0,0.0
2015-01-17 07:00:00,0.6073376865671641,0.0,0.0,0.0200074626865671,0.0,0.0,0.001615671641791,0.0492742537313432,0.0,0.0
2015-01-17 08:00:00,0.5063685185185185,0.0,0.0,0.0293333333333333,0.0,0.0,0.0016703703703703,0.0494685185185185,0.0,0.0
2015-01-17 09:00:00,1.3408568773234202,0.0,0.1325631970260223,0.0516022304832713,0.0524702602230483,0.0,0.0012230483271375,0.049446096654275,0.0,0.0
2015-01-17 10:00:00,2.41487265917603,0.0,0.0,0.0241647940074906,0.0,0.0,0.0011835205992509,0.0493370786516853,0.0,0.0
2015-01-17 11:00:00,0.3598576709796672,0.0,0.0,0.0288170055452865,0.0321977818853974,0.0,0.0014325323475046,0.0492255083179297,0.0,0.0
2015-01-17 12:00:00,0.9391284916201116,0.0,0.0,0.0523016759776536,0.0253184357541899,0.0,0.0013668528864059,0.0503556797020484,0.0,0.0
2015-01-17 13:00:00,0.4198435754189944,0.0,0.0,0.0210651769087523,0.0,0.0,0.0011340782122905,0.0499199255121042,0.0,0.0
2015-01-17 14:00:00,1.244173831775701,0.0,0.0,0.0353813084112149,0.0558859813084112,0.6264785046728972,0.0010542056074766,0.0672990654205607,0.0,0.0
2015-01-17 15:00:00,0.6248171641791045,0.0,0.0,0.0506473880597014,0.0,0.1208563432835821,0.001106343283582,0.0892294776119402,0.0,0.0
2015-01-17 16:00:00,0.76631843575419,0.0,0.0,0.016145251396648,0.0212067039106145,0.0340130353817504,0.0011769087523277,0.0535623836126629,0.0,0.0
2015-01-17 17:00:00,0.961180790960452,0.0,0.0,0.0494406779661016,0.0370395480225988,0.0,0.5298625235404897,0.0529378531073446,0.0,0.0
2015-01-17 18:00:00,0.8476127819548872,0.0,0.0,0.0356917293233082,0.0,0.0,0.4606992481203008,0.050266917293233,0.0,0.0
2015-01-17 19:00:00,0.547405253283302,0.0,0.0,0.0198836772983114,0.0479343339587242,0.0,0.0010956848030018,0.0500919324577861,0.053624765478424,0.0
2015-01-17 20:00:00,0.7406826923076922,0.0,0.0,0.0548442307692307,0.0122538461538461,0.0,0.0010211538461538,0.0785288461538461,0.0239615384615384,0.0
2015-01-17 21:00:00,0.6081447124304267,0.0,0.0,0.0275528756957328,0.0,0.0,8.905380333951762e-05,0.0884972170686456,0.0,0.0
2015-01-17 22:00:00,0.459607879924953,0.0,0.0,0.0286097560975609,0.0563789868667917,0.0,0.0001144465290806,0.0683527204502814,0.0,0.0
2015-01-17 23:00:00,0.3026467289719626,0.0,0.0,0.0537757009345794,0.0,0.0,0.0002579439252336,0.0493233644859813,0.0,0.0
2015-01-18 00:00:00,0.301268156424581,0.0,0.0,0.0181843575418994,0.0,0.0,0.0001322160148975,0.0496964618249534,0.0,0.0
2015-03-02 00:00:00,0.2120538461538461,0.0,0.0,0.0198153846153846,0.0279461538461538,0.0,0.0,0.0391923076923076,0.0,0.0
2015-03-02 01:00:00,0.219046554934823,0.0,0.0,0.0426536312849162,0.0229683426443202,0.0,0.0,0.0386927374301675,0.0,0.0
2015-03-02 02:00:00,0.2171314814814814,0.0,0.0,0.0385,0.0233907407407407,0.0,0.0,0.0382,0.0,0.0
2015-03-02 03:00:00,0.2231948051948052,0.0,0.0,0.0197680890538033,0.0270018552875695,0.0,0.0,0.038243042671614,0.0,0.0
2015-03-02 04:00:00,0.2405130111524163,0.0,0.0,0.0590297397769516,0.0233159851301115,0.0,0.0,0.0382639405204461,0.0,0.0
2015-03-02 05:00:00,0.3663525046382189,0.0,0.0,0.0149220779220779,0.0204508348794063,0.0,0.0,0.0384174397031539,0.0,0.0
2015-03-02 06:00:00,0.4194269870609982,0.0,0.0,0.0422495378927911,0.0239112754158964,0.0,0.0,0.0382458410351201,0.0,0.0
2015-03-02 07:00:00,0.7862809611829945,0.0,0.0,0.0441497227356746,0.0231146025878003,0.0,0.0,0.0381275415896488,0.0,0.0
2015-03-02 08:00:00,2.666631970260223,0.0,0.0,0.0165520446096654,0.0935371747211895,0.2583364312267658,0.0,0.0390501858736059,0.0,0.0
2015-03-02 09:00:00,0.6571888888888888,0.0,0.0,0.0572685185185185,0.037024074074074,0.0107481481481481,0.0,0.0392962962962962,0.0,0.0
2015-03-02 10:00:00,0.2367301293900184,0.0,0.0,0.0243123844731977,0.0284972273567467,0.0,0.0,0.039539741219963,0.0,0.0
2015-03-02 11:00:00,0.226195211786372,0.0,0.0,0.037134438305709,0.0265211786372007,0.0,0.0,0.0458895027624309,0.0,0.0
2015-03-02 12:00:00,0.2512985074626865,0.0,0.0,0.0466082089552238,0.0271138059701492,0.0,0.0,0.0530858208955223,0.0,0.0
2015-03-02 13:00:00,0.2277878787878788,0.0,0.0,0.0154109848484848,0.0238806818181818,0.0,0.0,0.0391647727272727,0.0,0.0
2015-03-02 14:00:00,0.741998076923077,0.0,0.0,0.0634442307692307,0.0239865384615384,0.0,0.0,0.0391192307692307,0.0,0.0065
2015-03-02 15:00:00,0.4764581749049429,0.0,0.0,0.0439011406844106,0.0278250950570342,0.0,0.0,0.0594410646387832,0.0,0.0
2015-03-02 16:00:00,0.5041308411214953,0.0,0.0,0.0703850467289719,0.02583738317757,0.0,0.0,0.0597289719626168,0.0308766355140186,0.0
2015-03-02 17:00:00,0.8873228782287823,0.0,0.0,0.0686217712177121,0.0286217712177121,0.0207675276752767,0.0,0.0394797047970479,0.0,0.0
2015-03-02 18:00:00,1.4725703703703703,0.0,0.0,0.0677777777777777,0.0260851851851851,0.6606351851851852,0.0,0.0775462962962963,0.0,0.0
2015-03-02 19:00:00,1.039825925925926,0.0,0.0,0.0678703703703703,0.0353333333333333,0.1079333333333333,0.0010259259259259,0.0398296296296296,0.0,0.0
2015-03-02 20:00:00,2.83469685767098,0.0,0.0,0.0670351201478743,0.0266950092421441,0.6027670979667283,0.0020018484288354,0.1189112754158964,0.0,0.0
2015-03-02 21:00:00,1.160960377358491,0.0,0.0,0.067677358490566,0.0299679245283018,0.1283584905660377,0.002,0.1409264150943396,0.1159716981132075,0.0
2015-03-02 22:00:00,0.4140748560460652,0.0,0.0,0.0681017274472168,0.0281170825335892,0.0,0.002,0.1308982725527831,0.0,0.0
2015-03-02 23:00:00,0.3435806451612903,0.0,0.0,0.0680417457305502,0.024785578747628,0.0,0.0020037950664136,0.0616110056925996,0.0,0.0
2015-03-03 00:00:00,0.6543523809523809,0.0,0.0,0.0673371428571428,0.0269257142857142,0.0,0.3887161904761905,0.0392895238095238,0.0,0.0
2015-03-03 01:00:00,0.6365615671641791,0.0,0.0,0.0668059701492537,0.0243432835820895,0.0,0.3790970149253731,0.0399179104477612,0.0,0.0
2015-03-03 02:00:00,0.4086603053435114,0.0,0.0,0.0669580152671755,0.0263759541984732,0.0,0.1696641221374046,0.0394961832061068,0.0,0.0
2015-03-03 03:00:00,0.2452523364485981,0.0,0.0,0.0668635514018691,0.0229626168224299,0.0,0.0029700934579439,0.0392859813084112,0.0,0.0
2015-03-03 04:00:00,0.2500298507462686,0.0,0.0,0.0666100746268656,0.0217425373134328,0.0,0.0013936567164179,0.0394421641791044,0.0,0.0
2015-03-03 05:00:00,0.403187037037037,0.0,0.0,0.0660574074074074,0.023774074074074,0.0,0.0,0.0394629629629629,0.0,0.0
2015-03-03 06:00:00,0.4569480519480519,0.0,0.0,0.0657402597402597,0.023860853432282,0.0,0.0,0.0390705009276437,0.0,0.0
2015-03-03 07:00:00,0.988219557195572,0.0,0.2428413284132841,0.0658782287822878,0.0243763837638376,2.9520295202952027e-05,0.0,0.038990774907749,0.0,0.0
2015-03-03 08:00:00,0.3026543438077634,0.0,0.0,0.0654565619223659,0.0251959334565619,0.0,0.0,0.039166358595194,0.0,0.0
2015-03-03 09:00:00,2.4324026217228467,0.0,0.0,0.0645973782771535,0.0236704119850187,0.0,0.0,0.0946460674157303,0.0,0.0
2015-03-03 10:00:00,1.0364475655430712,0.0,0.0,0.0647640449438202,0.0240880149812734,0.0,0.0,0.0943820224719101,0.0,0.0
2015-03-03 11:00:00,0.283707635009311,0.0,0.0,0.0648324022346368,0.027437616387337,0.0,0.0,0.0389050279329608,0.0,0.0189143389199255
2015-03-03 12:00:00,0.9831202290076336,0.0,0.0,0.06431106870229,0.0277843511450381,0.578706106870229,0.0,0.0579961832061068,0.0,0.0
2015-03-03 13:00:00,0.543968932038835,0.0,0.0,0.0648990291262135,0.0284466019417475,0.1149106796116504,0.0,0.1025475728155339,0.0,0.0
2015-03-03 14:00:00,0.3341617357001972,0.0,0.0,0.0646489151873767,0.0313195266272189,0.0458323471400394,0.0,0.0530039447731755,0.0,0.0
2015-03-03 15:00:00,1.563209923664122,0.0,0.0,0.0292862595419847,0.0736030534351145,0.0,0.1748931297709923,0.0471316793893129,0.0,0.0
2015-03-03 16:00:00,1.7898093587521664,0.0,0.0,0.0679896013864818,0.043161178509532,0.0,0.9366499133448872,0.0729930675909878,0.0,0.0
2015-03-03 17:00:00,0.4013877551020408,0.0,0.0,0.0294192949907235,0.0377384044526901,0.0,0.0,0.0397755102040816,0.0,0.0
2015-03-03 18:00:00,2.36789667896679,0.0,0.0,0.0648118081180811,0.0318468634686346,0.0,0.0,0.0582988929889298,0.0788118081180811,0.0
2015-03-03 19:00:00,1.3958603351955308,0.0,0.0,0.0253985102420856,0.0367113594040968,0.0144655493482309,0.0,0.0382104283054003,0.0,0.0
2015-03-03 20:00:00,1.1413544776119404,0.0,0.0,0.0532779850746268,0.0355727611940298,0.6098768656716418,0.0,0.094160447761194,0.0,0.0
2015-03-03 21:00:00,0.5393252336448598,0.0,0.0,0.0383607476635514,0.0335457943925233,0.1006878504672897,0.0,0.0777869158878504,0.0,0.0
2015-03-03 22:00:00,0.2693452157598499,0.0,0.0,0.0210938086303939,0.0324859287054409,0.0,0.0,0.0445647279549718,0.0,0.0
2015-03-03 23:00:00,0.2198804554079696,0.0,0.0,0.0590531309297912,0.0259278937381404,0.0,0.0,0.0381138519924098,0.0,0.0
2015-03-04 00:00:00,0.2069207547169811,0.0,0.0,0.0313679245283018,0.0232754716981132,0.0,0.0,0.0385188679245283,0.0,0.0
2015-03-04 01:00:00,0.2083333333333333,0.0,0.0,0.0259851024208566,0.0345139664804469,0.0,0.0,0.0382346368715083,0.0,0.0
2015-03-04 02:00:00,0.2115690298507462,0.0,0.0,0.056740671641791,0.0183768656716417,0.0,0.0,0.0386679104477611,0.0,0.0
2015-03-04 03:00:00,0.2074152700186219,0.0,0.0,0.0257337057728119,0.0222067039106145,0.0,0.0,0.0382383612662942,0.0,0.0
2015-03-04 04:00:00,0.2178661710037175,0.0,0.0,0.0282304832713754,0.0216635687732342,0.0,0.0,0.038317843866171,0.0,0.0
2015-03-04 05:00:00,0.4085914179104478,0.0,0.0,0.0510783582089552,0.0230951492537313,0.0,0.0,0.0383376865671641,0.0,0.0
2015-03-04 06:00:00,0.4415138632162662,0.0,0.0,0.0225508317929759,0.0873382624768946,0.0,0.0,0.0383604436229205,0.0,0.0
2015-03-04 07:00:00,0.8206222222222223,0.0,0.0906648148148148,0.0282185185185185,0.0391148148148148,0.0,0.0,0.0384333333333333,0.0462425925925925,0.0
2015-03-04 08:00:00,0.25330426716141,0.0,0.0,0.0501892393320964,0.0270667903525046,0.0,0.0,0.0383061224489795,0.0,0.0
2015-03-04 09:00:00,0.2182656826568265,0.0,0.0,0.0216420664206642,0.0296180811808118,0.0,0.0,0.0382859778597785,0.0,0.0
2015-03-04 10:00:00,0.2177495361781076,0.0,0.0,0.0317235621521335,0.0248961038961038,0.0,0.0,0.0382968460111317,0.0,0.0
2015-03-04 11:00:00,0.2454126394052044,0.0,0.0,0.0538159851301115,0.0253420074349442,0.0,0.0,0.0383475836431226,0.0,0.0
2015-03-04 12:00:00,0.2443078358208955,0.0,0.0,0.0172723880597014,0.0219776119402985,0.0,0.0,0.0383003731343283,0.0,0.0
2015-03-04 13:00:00,0.3261081593927893,0.0,0.0,0.04626944971537,0.022831119544592,0.0,0.0,0.0513491461100569,0.0610094876660341,0.0
2015-03-04 14:00:00,0.3439673076923077,0.0,0.0,0.0428730769230769,0.0242942307692307,0.0,0.0,0.0459788461538461,0.0,0.0
2015-03-04 15:00:00,0.3717758620689655,0.0,0.0,0.0263084291187739,0.022287356321839,0.0,0.0,0.0528563218390804,0.0,0.0
2015-03-04 16:00:00,0.4328234200743494,0.0,0.0,0.0622546468401487,0.0252360594795539,0.0,0.0,0.0524795539033457,0.0,0.0
2015-03-04 17:00:00,0.9357044609665428,0.0,0.0,0.0182750929368029,0.0288903345724907,0.0,0.0,0.0383197026022304,0.0,0.0
2015-03-04 18:00:00,0.9899793621013132,0.0,0.0,0.053,0.0342120075046904,0.0,0.0,0.0561069418386491,0.0,0.0
2015-03-04 19:00:00,1.8958342644320296,0.0,0.0,0.0347094972067039,0.0416424581005586,0.0,0.0017932960893854,0.0488007448789571,0.0,0.0
2015-03-04 20:00:00,1.6967462686567163,0.0,0.0,0.0260130597014925,0.0384794776119402,0.0,0.002,0.099035447761194,0.0,0.0
2015-03-04 21:00:00,0.4689831775700934,0.0,0.0,0.0587644859813084,0.0978130841121495,0.0,0.002,0.0661682242990654,0.0,0.0
2015-03-04 22:00:00,0.2443401486988847,0.0,0.0,0.0177267657992565,0.0397583643122676,0.0,0.002,0.0388754646840148,0.0,0.0
2015-03-04 23:00:00,0.2312878504672897,0.0,0.0,0.0384766355140186,0.0373570093457944,0.0,0.0020018691588785,0.0394766355140186,0.0,0.0
2015-03-05 00:00:00,0.2245917602996254,0.0,0.0,0.0483258426966292,0.0279662921348314,0.0,0.002003745318352,0.0384213483146067,0.0,0.0
2015-03-05 01:00:00,0.8160706319702602,0.0,0.0,0.0153754646840148,0.0303364312267658,0.0,0.5752249070631971,0.0382695167286245,0.0,0.0
2015-03-05 02:00:00,0.2516734693877551,0.0,0.0,0.0430538033395176,0.0254155844155844,0.0,0.0266938775510204,0.038951762523191,0.0,0.0
2015-03-05 03:00:00,0.6128308550185874,0.0,0.0,0.0418921933085501,0.0248736059479553,0.0,0.3616542750929368,0.0389330855018587,0.0,0.0
2015-03-05 04:00:00,0.2302365988909427,0.0,0.0,0.017354898336414,0.0257578558225508,0.0,0.0030055452865064,0.0383012939001848,0.0,0.0
2015-03-05 05:00:00,0.4038942486085343,0.0,0.0,0.0429907235621521,0.0260853432282003,0.0,0.0003654916512059,0.0382504638218923,0.0,0.0
2015-03-05 06:00:00,0.4217462686567164,0.0,0.0,0.0423917910447761,0.0230783582089552,0.0,0.0,0.0386791044776119,0.0,0.0
2015-03-05 07:00:00,0.638549815498155,0.0,0.0,0.0138671586715867,0.0246826568265682,0.0,0.0,0.0383911439114391,0.0249428044280442,0.0
2015-03-05 08:00:00,0.2452486085343228,0.0,0.0,0.0401335807050092,0.0293153988868274,0.0,0.0,0.0383358070500927,0.0,0.0
2015-03-05 09:00:00,0.2158170055452865,0.0,0.0,0.0454251386321626,0.0285157116451016,0.0,0.0,0.0382791127541589,0.0,0.0
2015-03-05 10:00:00,0.2326723484848485,0.0,0.0,0.0164867424242424,0.0261155303030303,0.0,0.0,0.0383390151515151,0.0,0.0
2015-03-05 11:00:00,0.219705289672544,0.0,0.0,0.035168765743073,0.0291360201511335,0.0,0.0,0.0383904282115869,0.0,0.0
2015-03-05 12:00:00,0.2354160305343511,0.0,0.0,0.0452786259541984,0.0220362595419847,0.0,0.0,0.0383339694656488,0.0,0.0
2015-03-05 13:00:00,0.2180767754318618,0.0,0.0,0.0174069097888675,0.0330806142034548,0.0,0.0,0.0382802303262955,0.0,0.0
2015-03-05 14:00:00,0.3431853281853281,0.0,0.0,0.0586003861003861,0.019092664092664,0.0,0.0,0.0552393822393822,0.0,0.0
2015-03-05 15:00:00,0.9781970260223048,0.0,0.0,0.0304832713754646,0.024224907063197,0.0,0.0,0.0591802973977695,0.0,0.0
2015-03-05 16:00:00,1.7051080074487894,0.0,0.0,0.0335903165735568,0.0248882681564245,0.0,0.0,0.0770167597765363,0.0,0.0
2015-03-05 17:00:00,1.7669329608938549,0.0,0.0,0.0537839851024208,0.0335288640595903,0.0,3.7243947858473e-06,0.060145251396648,0.0,0.0
2015-03-05 18:00:00,0.9447037735849056,0.0,0.0,0.0167452830188679,0.0276849056603773,0.0,0.0,0.0437679245283018,0.0,0.0
2015-03-05 19:00:00,1.1374484052532832,0.0,0.0,0.062718574108818,0.030296435272045,0.5781669793621013,0.0019643527204502,0.0793527204502814,0.0,0.0
2015-03-05 20:00:00,0.5346536312849162,0.0,0.0,0.0253947858472998,0.0283947858472998,0.1085083798882681,0.002,0.0789534450651769,0.0,0.0
2015-03-05 21:00:00,0.4021350844277673,0.0,0.0,0.041968105065666,0.0280281425891182,0.025953095684803,0.002,0.0758161350844277,0.0,0.0
2015-03-05 22:00:00,0.4791996303142328,0.0,0.0,0.0458743068391866,0.0290961182994454,0.0,0.0020036968576709,0.0754972273567467,0.0,0.0
2015-03-05 23:00:00,0.4761829944547134,0.0,0.0,0.0240480591497227,0.0268669131238447,0.0,0.002,0.0556561922365988,0.0,0.0
2015-03-06 00:00:00,0.2598700564971751,0.0,0.0,0.0626271186440678,0.0306346516007532,0.0,0.002,0.0382674199623352,0.0,0.0
2015-03-06 01:00:00,1.018257462686567,0.0,0.0,0.0193694029850746,0.0239216417910447,0.0,0.7700970149253732,0.0386641791044776,0.0,0.0
2015-03-06 02:00:00,0.2379703703703704,0.0,0.0,0.0582092592592592,0.02435,0.0,0.0260425925925925,0.0382833333333333,0.0,0.0
2015-03-06 03:00:00,0.3604555555555556,0.0,0.0,0.0298907407407407,0.0233296296296296,0.0,0.1502203703703703,0.03835,0.0,0.0
2015-03-06 04:00:00,0.2202532347504621,0.0,0.0,0.0378687615526802,0.02581146025878,0.0,0.0029796672828096,0.03862292051756,0.0,0.0
2015-03-06 05:00:00,0.4145278810408921,0.0,0.0,0.0496524163568773,0.0240278810408921,0.0,0.0,0.038182156133829,0.0,0.0
2015-03-06 06:00:00,0.4357902621722846,0.0,0.0,0.0179213483146067,0.0278071161048689,0.0,0.0,0.0381573033707865,0.0,0.0
2015-03-06 07:00:00,1.409799628942486,0.0,0.0,0.0667588126159554,0.0251818181818181,0.0,0.0,0.0381948051948052,0.0,0.0
2015-03-06 08:00:00,0.2857773654916512,0.0,0.0,0.022873840445269,0.026886827458256,0.0,0.0,0.0382486085343228,0.0,0.0
2015-03-06 09:00:00,0.8135018518518519,0.0,0.0,0.0530537037037037,0.0253407407407407,0.3931185185185185,0.0,0.0723629629629629,0.0,0.0
2015-03-06 10:00:00,0.690554104477612,0.0,0.0,0.0352947761194029,0.025410447761194,0.3011660447761194,0.0,0.0983283582089552,0.0,0.0
2015-03-06 11:00:00,1.14014312267658,0.0,0.0,0.0374684014869888,0.0321449814126394,0.0990353159851301,0.0001449814126394,0.0569256505576208,0.0,0.0
2015-03-06 12:00:00,3.007867537313433,0.0,0.0,0.0505242537313432,0.0936567164179104,0.6145186567164179,0.0,0.1042947761194029,0.0,0.0
2015-03-06 13:00:00,0.4920338345864662,0.0,0.0,0.0318120300751879,0.0432631578947368,0.1175883458646616,0.0,0.1016842105263158,0.0,0.0
2015-03-06 14:00:00,0.2776609848484849,0.0,0.0,0.0574223484848484,0.0382196969696969,0.0,0.0,0.0684810606060606,0.0,0.0
2015-03-06 15:00:00,0.2321394052044609,0.0,0.0,0.0460836431226765,0.0313550185873605,0.0,0.0,0.0383513011152416,0.0,0.0
2015-03-06 16:00:00,0.3362189239332096,0.0,0.0,0.0428905380333951,0.0262745825602968,0.0,0.0,0.0737458256029684,0.0,0.0
2015-03-06 17:00:00,0.3151131725417439,0.0,0.0,0.0577829313543599,0.0253747680890538,0.0,0.0002356215213358,0.0617625231910946,0.0,0.0
2015-03-06 18:00:00,0.5005297397769517,0.0,0.0,0.0293327137546468,0.0293996282527881,0.0,0.0,0.0504702602230483,0.0,0.0
2015-03-06 19:00:00,0.6143364485981307,0.0,0.0,0.0562317757009345,0.0297981308411214,0.0,0.0011551401869158,0.0724803738317757,0.0,0.0
2015-03-06 20:00:00,0.4272207792207792,0.0,0.0,0.0318107606679035,0.0230816326530612,0.0,0.002,0.1025027829313543,0.0,0.0
2015-03-06 21:00:00,0.5633351955307263,0.0,0.0,0.0521135940409683,0.0388547486033519,0.0,0.002,0.098778398510242,0.0636592178770949,0.0
2015-03-06 22:00:00,0.2818740740740741,0.0,0.0,0.0357814814814814,0.0284722222222222,0.0,0.002,0.0381666666666666,0.0,0.0
2015-03-06 23:00:00,0.2753550185873605,0.0,0.0,0.0464628252788104,0.0257137546468401,0.0,0.002,0.0384237918215613,0.0,0.0
2015-03-07 00:00:00,0.8067918215613383,0.0,0.0,0.0399795539033457,0.0223364312267658,0.0,0.5269628252788104,0.0382267657992565,0.0,0.0
2015-03-07 01:00:00,0.2697264325323475,0.0,0.0,0.0355951940850277,0.0252754158964879,0.0,0.0430092421441774,0.0382162661737523,0.0,0.0
2015-03-07 02:00:00,0.5958637200736648,0.0,0.0,0.0509613259668508,0.0258213627992633,0.0,0.349110497237569,0.038427255985267,0.0,0.0
2015-03-07 03:00:00,0.2834405204460966,0.0,0.0,0.0257769516728624,0.0955446096654275,0.0,0.0030315985130111,0.0385241635687732,0.0,0.0
2015-03-07 04:00:00,0.2528404452690167,0.0,0.0,0.0608367346938775,0.0351966604823747,0.0,0.0010946196660482,0.0381168831168831,0.0,0.0
2015-03-07 05:00:00,0.2636530612244898,0.0,0.0,0.0158181818181818,0.028634508348794,0.0,0.0,0.0381428571428571,0.0,0.0
2015-03-07 06:00:00,0.5045102420856611,0.0,0.0,0.0704245810055865,0.0253705772811918,0.0,0.0,0.0381229050279329,0.0,0.0
2015-03-07 07:00:00,0.4806196581196581,0.0,0.0,0.007559829059829,0.0302243589743589,0.0,0.0,0.0381538461538461,0.0,0.0
2015-03-07 08:00:00,0.5567209775967413,0.0,0.1468105906313645,0.059091649694501,0.0277963340122199,0.0,0.0,0.038366598778004,0.0,0.0
2015-03-07 09:00:00,0.3351567164179104,0.0,0.0634347014925373,0.0284123134328358,0.032856343283582,0.0,0.0,0.038285447761194,0.0,0.0
2015-03-07 10:00:00,1.0810727611940298,0.0,0.0,0.0533824626865671,0.0316119402985074,0.6176212686567164,0.0,0.0501884328358209,0.0,0.0
2015-03-07 11:00:00,0.4223996212121212,0.0,0.0,0.0355284090909091,0.027280303030303,0.1200170454545454,0.0,0.0381117424242424,0.0,0.0
2015-03-07 12:00:00,0.4038571428571428,0.0,0.0,0.0571873840445269,0.0316697588126159,0.0016586270871985,0.0,0.038482374768089,0.0,0.0
2015-03-07 13:00:00,0.2286852886405959,0.0,0.0,0.0312253258845437,0.0289329608938547,0.0,0.0,0.0380614525139664,0.0,0.0
2015-03-07 14:00:00,0.3124152700186219,0.0,0.0,0.068072625698324,0.0286182495344506,0.0264990689013035,0.0,0.0382383612662942,0.0,0.0
2015-03-07 15:00:00,1.1643252336448595,0.0,0.0,0.0652710280373831,0.0352953271028037,0.6599943925233644,5.9813084112149535e-05,0.0766242990654205,0.0,0.0
2015-03-07 16:00:00,1.513901303538175,0.0,0.0,0.0222197392923649,0.0346592178770949,0.1032216014897579,0.0,0.1021527001862197,0.0,0.0
2015-03-07 17:00:00,3.801393258426968,0.0,0.0,0.0677996254681647,0.0864662921348314,0.0,0.0,0.0525617977528089,0.0,0.0
2015-03-07 18:00:00,1.0780870370370372,0.0,0.0,0.0623055555555555,0.0490888888888888,0.0,0.0009111111111111,0.0493,0.0,0.0
2015-03-07 19:00:00,0.4330687732342008,0.0,0.0,0.0241394052044609,0.0425780669144981,0.0,0.002,0.0834795539033457,0.0,0.0
2015-03-07 20:00:00,0.4636610800744878,0.0,0.0,0.0679273743016759,0.0334581005586592,0.0,0.002,0.1026350093109869,0.0,0.0
2015-03-07 21:00:00,0.3664719101123595,0.0,0.0,0.0201029962546816,0.0367621722846441,0.0,0.002,0.1043426966292134,0.0,0.0
2015-03-07 22:00:00,0.3963709981167608,0.0,0.0,0.0665009416195856,0.0293145009416195,0.0,0.0020037664783427,0.1031676082862523,0.0,0.0
2015-03-07 23:00:00,1.0008780487804878,0.0,0.0,0.0315909943714821,0.0253939962476547,0.0,0.002,0.0722270168855534,0.0,0.0
2015-03-08 00:00:00,1.1041831775700934,0.0,0.0,0.0556523364485981,0.0305943925233644,0.0,0.2801009345794392,0.0381887850467289,0.0,0.0
2015-03-08 01:00:00,0.5320423572744015,0.0,0.0,0.0330294659300184,0.0316648250460405,0.0,0.2961086556169429,0.0386740331491712,0.0,0.0
2015-03-08 02:00:00,0.5908069852941177,0.0,0.0,0.0547518382352941,0.0239099264705882,0.0,0.3557867647058824,0.0381709558823529,0.0,0.0
2015-03-08 03:00:00,0.2204619666048237,0.0,0.0,0.0336419294990723,0.0305343228200371,0.0,0.0029165120593692,0.0383320964749536,0.0,0.0
2015-03-08 04:00:00,0.2256338289962825,0.0,0.0,0.0535817843866171,0.0256152416356877,0.0,0.0015204460966542,0.0380910780669144,0.0,0.0
2015-03-08 05:00:00,0.2474456721915285,0.0,0.0,0.0321197053406998,0.0325267034990791,0.0,0.0,0.0381731123388581,0.0,0.0
2015-03-08 06:00:00,0.4998258426966292,0.0,0.0,0.0551591760299625,0.0271797752808988,0.0,0.0,0.0381161048689138,0.0,0.0
2015-03-08 07:00:00,1.1455149253731345,0.0,0.0,0.032651119402985,0.0327985074626865,0.0,0.0,0.0380988805970149,0.0,0.0
2015-03-08 08:00:00,0.95014913957935,0.0,0.0,0.0543001912045889,0.0306137667304015,0.0,0.0,0.0381070745697896,0.0,0.0
2015-03-08 09:00:00,0.4950466417910447,0.0,0.0,0.0385111940298507,0.027651119402985,0.0,0.0,0.0381007462686567,0.0,0.0
2015-03-08 10:00:00,0.2377583025830258,0.0,0.0,0.0499446494464944,0.0279372693726937,0.0,0.0,0.0380645756457564,0.0,0.0
2015-03-08 11:00:00,0.5358107606679036,0.0,0.0,0.052230055658627,0.0938051948051948,0.0,0.000178107606679,0.067786641929499,0.0,0.0
2015-03-08 12:00:00,0.5644665427509294,0.0,0.0,0.035449814126394,0.0481802973977695,0.0,0.0,0.0679182156133829,0.0,0.0
2015-03-08 13:00:00,0.5694232209737828,0.0,0.0,0.0670543071161048,0.0403239700374531,0.0002696629213483,0.0,0.0380805243445692,0.0,0.0
2015-03-08 14:00:00,1.3255914179104478,0.0,0.0,0.0188600746268656,0.0362462686567164,0.6164645522388059,0.0,0.0854328358208955,0.0,0.0
2015-03-08 15:00:00,0.9815746268656717,0.0,0.0,0.0691884328358208,0.0439738805970149,0.128526119402985,0.0,0.1158339552238806,0.0,0.0
2015-03-08 16:00:00,0.5607416974169741,0.0,0.0,0.0237195571955719,0.0330239852398524,0.0091051660516605,0.0,0.1163357933579335,0.0,0.0
2015-03-08 17:00:00,0.6246529850746269,0.0,0.0,0.0635858208955224,0.0361361940298507,0.0,0.0,0.080035447761194,0.0,0.0
2015-03-08 18:00:00,0.7495214953271028,0.0,0.0,0.0272672897196261,0.0332280373831775,0.0,0.0,0.0767514018691588,0.0,0.0
2015-03-08 19:00:00,1.8006156716417911,0.0,0.0,0.0591996268656716,0.0411529850746268,0.015535447761194,0.0006660447761194,0.0638432835820895,0.0,0.0
2015-03-08 20:00:00,2.756750469043152,0.0,0.0,0.0230281425891182,0.0449230769230769,0.5886923076923077,0.0020056285178236,0.0934859287054409,0.0,0.0
2015-03-08 21:00:00,0.523901119402985,0.0,0.0,0.0632220149253731,0.0431641791044776,0.0966548507462686,0.0020018656716417,0.091401119402985,0.0,0.0
2015-03-08 22:00:00,0.3772830188679245,0.0,0.0,0.0164509433962264,0.0413377358490566,0.0,0.002,0.0820377358490566,0.0,0.0
2015-03-08 23:00:00,0.2738355387523629,0.0,0.0,0.05768809073724,0.0335179584120982,0.0,0.0020037807183364,0.0538166351606805,0.0,0.0
2015-03-09 00:00:00,0.3828185185185185,0.0,0.0,0.0281888888888888,0.0335129629629629,0.0,0.1379185185185185,0.0540499999999999,0.0,0.0
2015-03-09 01:00:00,0.7057633027522936,0.0,0.0,0.0314788990825688,0.0768311926605504,0.0,0.4265981651376146,0.0536568807339449,0.0,0.0
2015-03-09 02:00:00,0.7193692022263452,0.0,0.0,0.0520630797773655,0.05760853432282,0.0,0.3583061224489796,0.0928961038961039,0.0,0.0
2015-03-09 03:00:00,0.3672193308550186,0.0,0.0,0.0137230483271375,0.0429442379182156,0.0,0.0028661710037174,0.1183252788104089,0.0,0.0
2015-03-09 04:00:00,0.3715559701492537,0.0,0.0,0.0462929104477611,0.0271119402985074,0.0,0.0018955223880597,0.0782238805970149,0.0,0.0
2015-03-09 05:00:00,0.5013840445269017,0.0,0.0,0.0384749536178107,0.0281706864564007,0.0,0.0,0.0538589981447124,0.0,0.0
2015-03-09 06:00:00,0.518415270018622,0.0,0.0,0.0133184357541899,0.0272122905027932,0.0,0.0,0.0539106145251396,0.0,0.0
2015-03-09 07:00:00,1.0619160447761191,0.0,0.2257388059701492,0.0513861940298507,0.0291865671641791,0.0,0.0,0.0546082089552238,0.0,0.0
2015-03-09 08:00:00,0.2761672862453532,0.0,0.0,0.0347100371747211,0.0314182156133829,0.0,0.0,0.0535669144981412,0.0,0.0
2015-03-09 09:00:00,0.2356280373831775,0.0,0.0,0.0206355140186915,0.0281794392523364,0.0,0.0,0.053614953271028,0.0,0.0
2015-03-09 10:00:00,0.2462162661737523,0.0,0.0,0.0595508317929759,0.0275120147874306,0.0,0.0,0.0535341959334565,0.0,0.0
2015-03-09 11:00:00,0.2294638218923933,0.0,0.0,0.0247421150278293,0.0269628942486085,0.0,0.0,0.0537551020408163,0.0,0.0
2015-03-09 12:00:00,0.2597883895131086,0.0,0.0,0.0390955056179775,0.0238595505617977,0.0,0.0,0.0536779026217228,0.0,0.0
2015-03-09 13:00:00,0.2572622641509434,0.0,0.0,0.0469735849056603,0.0257584905660377,0.0,0.0,0.0759490566037735,0.0,0.0
2015-03-09 14:00:00,0.3854364326375711,0.0,0.0,0.0229506641366223,0.0314611005692599,0.0,0.0,0.0880493358633776,0.0687533206831119,0.0
2015-03-09 15:00:00,0.3770056074766355,0.0,0.0,0.0628691588785046,0.0275831775700934,0.0,0.0,0.0759233644859813,0.0,0.0
2015-03-09 16:00:00,0.3086654275092937,0.0,0.0,0.0161040892193308,0.0313754646840148,0.0,0.0,0.0951003717472118,0.0,0.0
2015-03-09 17:00:00,1.2781574074074074,0.0006777777777777,0.0,0.0697222222222222,0.0282,0.0,0.0,0.0950148148148148,0.0,0.0
2015-03-09 18:00:00,1.4459685185185185,0.0,0.0,0.0188629629629629,0.0385111111111111,0.0,0.0014222222222222,0.0946037037037037,0.0,0.0
2015-03-09 19:00:00,2.3046765799256503,0.0,0.0,0.0684368029739777,0.1018996282527881,0.0,0.002,0.1152546468401486,0.0,0.0
2015-03-09 20:00:00,0.3646987060998152,0.0,0.0,0.0172698706099815,0.0434011090573012,0.0,0.002,0.088260628465804,0.0,0.0
2015-03-09 21:00:00,0.3435741088180112,0.0,0.0,0.0698555347091932,0.0289774859287054,0.0,0.0020018761726078,0.0538405253283302,0.0,0.0
2015-03-09 22:00:00,0.2396933085501858,0.0,0.0,0.0196691449814126,0.0344107806691449,0.0,0.002,0.0544014869888475,0.0,0.0
2015-03-09 23:00:00,0.2529154135338346,0.0,0.0,0.068172932330827,0.0313665413533834,0.0,0.0020037593984962,0.0538045112781954,0.0,0.0
2015-03-10 00:00:00,0.7872830540037243,0.0,0.0,0.0186685288640595,0.0271843575418994,0.0,0.5414469273743017,0.05368156424581,0.0,0.0
2015-03-10 01:00:00,0.259275092936803,0.0,0.0,0.0542118959107806,0.0232657992565055,0.0,0.0263438661710037,0.0537973977695167,0.0,0.0
2015-03-10 02:00:00,0.5848249534450651,0.0,0.0,0.0323556797020484,0.0264245810055865,0.0,0.3525176908752328,0.0538156424581005,0.0,0.0
2015-03-10 03:00:00,0.2371722222222222,0.0,0.0,0.0344518518518518,0.0291351851851851,0.0,0.0029148148148148,0.0537314814814814,0.0,0.0
2015-03-10 04:00:00,0.2438014705882353,0.0,0.0,0.0532536764705882,0.02340625,0.0,0.0009099264705882,0.0540073529411764,0.0,0.0
2015-03-10 05:00:00,0.3842018518518518,0.0,0.0,0.0157314814814814,0.0233129629629629,0.0,0.0,0.053674074074074,0.0,0.0
2015-03-10 06:00:00,0.4307853107344633,0.0,0.0,0.0598775894538606,0.0270772128060263,0.0,0.0,0.0535819209039548,0.0,0.0
2015-03-10 07:00:00,0.5383426966292135,0.0,0.0,0.0254775280898876,0.0283033707865168,0.0,0.0,0.0537771535580524,0.0,0.0
2015-03-10 08:00:00,0.4078085501858736,0.0,0.0,0.0341691449814126,0.0256858736059479,0.0,0.0,0.0538085501858736,0.0,0.0
2015-03-10 09:00:00,1.6445270018621976,0.0,0.0,0.0508901303538175,0.0344301675977653,0.5661322160148976,0.0,0.0916722532588454,0.0,0.0
2015-03-10 10:00:00,0.7212817164179105,0.0,0.0,0.0165522388059701,0.0256884328358208,0.1120373134328358,0.0,0.0713358208955223,0.0,0.0
2015-03-10 11:00:00,0.4584141791044776,0.0,0.0,0.0614533582089552,0.028115671641791,0.0573171641791044,0.0,0.0538152985074626,0.0,0.0
2015-03-10 12:00:00,0.3494803738317757,0.0,0.0,0.0271869158878504,0.0242485981308411,0.0,0.0,0.0541588785046729,0.0,0.0
2015-03-10 13:00:00,0.3333691148775894,0.0,0.0,0.0523050847457627,0.0258757062146892,0.0,0.0,0.053864406779661,0.0,0.0
2015-03-10 14:00:00,1.3499372623574144,0.0,0.0,0.0360779467680608,0.032009505703422,0.0,0.0,0.0620076045627376,0.0,0.0
2015-03-10 15:00:00,2.6618571428571425,0.0,0.0,0.0583877551020408,0.0232745825602968,0.0,0.0,0.1184063079777365,0.0,0.0
2015-03-10 16:00:00,0.3259774859287054,0.0,0.0,0.0292626641651031,0.0244615384615384,0.0,0.0,0.0794896810506566,0.0,0.0
2015-03-10 17:00:00,0.3086592592592593,0.0,0.0,0.0627111111111111,0.030224074074074,0.0,0.0,0.0537962962962963,0.0,0.0
2015-03-10 18:00:00,0.9217706766917294,0.0,0.0,0.0276390977443609,0.0299060150375939,0.0,0.0,0.0660056390977443,0.0,0.0
2015-03-10 19:00:00,1.0016679104477613,0.0,0.0,0.0573582089552238,0.0302369402985074,0.0,0.0004701492537313,0.0946212686567164,0.0,0.0
2015-03-10 20:00:00,0.5938130841121496,0.0,0.0,0.0300093457943925,0.0328878504672897,0.0,0.002,0.0965009345794392,0.0,0.0
2015-03-10 21:00:00,0.4206329588014981,0.0,0.0,0.041316479400749,0.0335374531835205,0.0,0.0020074906367041,0.0940299625468164,0.0,0.0
2015-03-10 22:00:00,0.3121854684512428,0.0,0.0,0.0442982791586998,0.0306195028680688,0.0,0.0020114722753346,0.0565564053537284,0.0,0.0
2015-03-10 23:00:00,0.2306415094339622,0.0,0.0,0.0204811320754716,0.0273981132075471,0.0,0.002,0.0537396226415094,0.0,0.0
2015-03-11 00:00:00,0.2508526119402985,0.0,0.0,0.0618078358208955,0.0275055970149253,0.0,0.0056641791044776,0.0540988805970149,0.0,0.0
2015-03-11 01:00:00,0.9927817164179104,0.0,0.0,0.0190242537313432,0.0289272388059701,0.0,0.7307406716417911,0.0538917910447761,0.0,0.0
2015-03-11 02:00:00,0.4715703703703703,0.0,0.0,0.0395703703703703,0.0250537037037037,0.0,0.2095037037037037,0.0538648148148148,0.0,0.0
2015-03-11 03:00:00,0.2568892988929889,0.0,0.0,0.0460479704797048,0.0242416974169741,0.0,0.0030996309963099,0.0538339483394833,0.0,0.0
2015-03-11 04:00:00,0.2445425925925926,0.0,0.0,0.0138351851851851,0.0272703703703703,0.0,0.0022129629629629,0.0537685185185185,0.0,0.0
2015-03-11 05:00:00,0.4233807763401109,0.0,0.0,0.0537319778188539,0.024724584103512,0.0,0.0,0.0536062846580406,0.0,0.0
2015-03-11 06:00:00,0.4360350553505535,0.0,0.0,0.0318044280442804,0.0262841328413284,0.0,0.0,0.0535774907749077,0.0,0.0
2015-03-11 07:00:00,0.7226764705882353,0.0,0.1334044117647058,0.0216856617647058,0.0875202205882352,0.0,0.0001433823529411,0.053547794117647,0.0379301470588235,0.0
2015-03-11 08:00:00,0.2935202205882353,0.0,0.0,0.0534154411764705,0.0487959558823529,0.0,0.0,0.0535275735294117,0.0,0.0
2015-03-11 09:00:00,0.2478041044776119,0.0,0.0,0.0236865671641791,0.0404888059701492,0.0,0.0,0.0536977611940298,0.0,0.0
2015-03-11 10:00:00,0.2429832713754647,0.0,0.0,0.0338643122676579,0.0324237918215613,0.0,0.0,0.0537360594795539,0.0,0.0
2015-03-11 11:00:00,0.2488438661710037,0.0,0.0,0.0526858736059479,0.0318866171003717,0.0,0.0,0.0536189591078066,0.0,0.0
2015-03-11 12:00:00,0.2360983302411874,0.0,0.0,0.0165732838589981,0.0320612244897959,0.0,0.0,0.0537384044526901,0.0,0.0
2015-03-11 13:00:00,0.3514090909090909,0.0,0.0,0.069875,0.0320227272727272,0.0,0.0,0.0663371212121212,0.0786723484848484,0.0
2015-03-11 14:00:00,0.3944951076320939,0.0,0.0,0.017518590998043,0.0399373776908023,0.0,0.0,0.0761761252446183,0.0,0.0
2015-03-11 15:00:00,0.4364097744360902,0.0,0.0,0.0690244360902255,0.0248533834586466,0.0,0.0,0.0691203007518796,0.0,0.0
2015-03-11 16:00:00,0.9896455223880596,0.0,0.0,0.0189029850746268,0.0335429104477611,0.0,0.0,0.0947350746268656,0.0,0.0
2015-03-11 17:00:00,1.2887773654916512,0.0,0.0,0.0692875695732838,0.0462263450834879,0.0,0.0,0.0886011131725417,0.0,0.0
2015-03-11 18:00:00,0.8521311787072243,0.0,0.0,0.0177452471482889,0.049541825095057,0.0098307984790874,0.0,0.076615969581749,0.0,0.0
2015-03-11 19:00:00,1.9273857677902624,0.0,0.0,0.0690861423220973,0.0363970037453183,0.5888670411985019,0.0014794007490636,0.0594756554307116,0.0,0.0
2015-03-11 20:00:00,0.690814606741573,0.0,0.0,0.0200692883895131,0.0361760299625468,0.1100355805243445,0.002,0.1382471910112359,0.0,0.0
2015-03-11 21:00:00,2.100037313432836,0.0,0.0,0.0675447761194029,0.0393395522388059,0.0,0.0020018656716417,0.1208488805970149,0.0,0.0
2015-03-11 22:00:00,1.5477456310679611,0.0,0.0,0.0267689320388349,0.0998330097087378,0.0,0.002,0.0540601941747572,0.0,0.0
2015-03-11 23:00:00,0.2776314814814815,0.0,0.0,0.0613092592592592,0.0451333333333333,0.0,0.002,0.0541666666666666,0.0,0.0
2015-03-12 00:00:00,0.7798228782287823,0.0,0.0,0.0325811808118081,0.0331125461254612,0.0,0.5389704797047971,0.0541826568265682,0.0,0.0
2015-03-12 01:00:00,0.3185408921933085,0.0,0.0,0.0552881040892193,0.0287193308550185,0.0,0.025817843866171,0.0545947955390334,0.0,0.0
2015-03-12 02:00:00,0.5987254174397032,0.0,0.0,0.03452133580705,0.0341280148423005,0.0,0.343430426716141,0.0538163265306122,0.0,0.0
2015-03-12 03:00:00,0.2537313432835821,0.0,0.0,0.0528339552238805,0.0288264925373134,0.0,0.002910447761194,0.0535093283582089,0.0,0.0
2015-03-12 04:00:00,0.2397845303867403,0.0,0.0,0.0369005524861878,0.0281878453038674,0.0,0.0006611418047882,0.0534898710865561,0.0,0.0
2015-03-12 05:00:00,0.430449814126394,0.0,0.0,0.0523791821561338,0.0313810408921933,0.0,0.0,0.0533996282527881,0.0,0.0
2015-03-12 06:00:00,0.4371333333333333,0.0,0.0,0.0342629629629629,0.0229462962962962,0.0,0.0,0.0536833333333333,0.0,0.0
2015-03-12 07:00:00,1.0386886446886447,0.0,0.0,0.0541080586080586,0.0338901098901098,0.0,0.0,0.0534652014652014,0.0,0.0
2015-03-12 08:00:00,1.1009809264305177,0.0,0.0,0.0512425068119891,0.0392261580381471,0.0,0.0,0.0564822888283378,0.0,0.0
2015-03-12 09:00:00,0.8125882352941177,0.0,0.0,0.0655656108597285,0.0377533936651583,0.0,0.0,0.0382579185520362,0.0,0.0
2015-03-12 10:00:00,0.3504604519774011,0.0,0.0,0.0699435028248587,0.0348248587570621,0.0,0.0,0.0383389830508474,0.0,0.0
2015-03-12 11:00:00,0.2537462962962963,0.0,0.0,0.0383907407407407,0.028324074074074,0.0,0.0,0.0386277777777777,0.0,0.0
2015-03-12 12:00:00,0.252463687150838,0.0,0.0,0.0488994413407821,0.0288100558659217,0.0,0.0,0.0396554934823091,0.0,0.0
2015-03-12 13:00:00,0.2482127659574468,0.0,0.0,0.066816247582205,0.0475125725338491,0.0,0.0,0.0392727272727272,0.0,0.0
2015-03-12 14:00:00,0.3434072580645161,0.0,0.0,0.0179334677419354,0.0830020161290322,0.0,0.0,0.0459717741935483,0.0,0.0
2015-03-12 15:00:00,0.2612878787878788,0.0,0.0,0.0708617424242424,0.0415227272727272,0.0,0.0,0.0498958333333333,0.0,0.0
2015-03-12 16:00:00,0.2248513011152416,0.0,0.0,0.0653289962825278,0.030585501858736,0.0,0.0,0.0381561338289962,0.0,0.0
2015-03-12 17:00:00,0.3070785046728971,0.0,0.0,0.0186822429906542,0.0262859813084112,0.0,0.0,0.0649551401869158,0.0,0.0
2015-03-12 18:00:00,0.2957765151515151,0.0,0.0,0.0682556818181818,0.0282556818181818,0.0,0.0,0.0380246212121212,0.0,0.0
2015-03-12 19:00:00,0.6746729678638941,0.0,0.0,0.0339943289224952,0.0297202268431001,0.0,0.0,0.0529262759924385,0.0,0.0
2015-03-12 20:00:00,0.869383895131086,0.0,0.0,0.051814606741573,0.0315580524344569,0.0,0.0,0.0570299625468164,0.0,0.0
2015-03-12 21:00:00,0.4077523277467412,0.0,0.0,0.0543296089385474,0.0275772811918063,0.0,0.0,0.0853184357541899,0.0,0.0
2015-03-12 22:00:00,0.2621657032755299,0.0,0.0,0.0301541425818882,0.0292890173410404,0.0,0.0,0.0384662813102119,0.0,0.0
2015-03-12 23:00:00,0.2281388367729831,0.0,0.0,0.0676848030018761,0.0301632270168855,0.0,0.0,0.0386041275797373,0.0,0.0
2015-03-13 00:00:00,0.2052988929889298,0.0,0.0,0.0209095940959409,0.0258782287822878,0.0,0.0,0.0381236162361623,0.0,0.0
2015-03-13 01:00:00,0.2325205223880597,0.0,0.0,0.0681082089552238,0.0271436567164179,0.0,0.0,0.0381100746268656,0.0,0.0
2015-03-13 02:00:00,0.2059907578558225,0.0,0.0,0.0176210720887245,0.0278835489833641,0.0,0.0,0.0381959334565619,0.0,0.0
2015-03-13 03:00:00,0.2302962962962963,0.0,0.0,0.068974074074074,0.0264925925925925,0.0,0.0,0.038124074074074,0.0,0.0
2015-03-13 04:00:00,0.197621521335807,0.0,0.0,0.0177087198515769,0.026317254174397,0.0,0.0,0.0385269016697588,0.0,0.0
2015-03-13 05:00:00,0.2298253676470588,0.0,0.0,0.0655055147058823,0.0222463235294117,0.0,0.0,0.0381194852941176,0.0,0.0
2015-03-13 06:00:00,0.3013382899628253,0.0,0.0,0.0215687732342007,0.0263382899628252,0.0,0.0,0.0381208178438661,0.0,0.0
2015-03-13 07:00:00,1.0672096474953618,0.0,0.0,0.0610593692022263,0.0308794063079777,0.0,0.0,0.0381001855287569,0.0,0.0
2015-03-13 08:00:00,0.7365762081784386,0.0,0.0,0.0246877323420074,0.029314126394052,0.0,0.0,0.0382081784386617,0.0,0.0
2015-03-13 09:00:00,0.4293713235294117,0.0,0.0,0.0531764705882353,0.028454044117647,0.0,0.0,0.0381801470588235,0.0,0.0
2015-03-13 10:00:00,0.2812185185185185,0.0,0.0,0.0333777777777777,0.0288555555555555,0.0,0.0,0.0381981481481481,0.0,0.0
2015-03-13 11:00:00,0.245534450651769,0.0,0.0,0.0474692737430167,0.0247094972067039,0.0,0.0,0.0385921787709497,0.0,0.0
2015-03-13 12:00:00,0.3015875706214689,0.0,0.0,0.0388418079096045,0.0278964218455743,0.0,0.0,0.0441487758945386,0.0,0.0
2015-03-13 13:00:00,0.4228888888888889,0.0,0.0,0.0444310344827586,0.0264731800766283,0.0,0.0,0.1030632183908046,0.0764252873563218,0.0
2015-03-13 14:00:00,0.2804670542635659,0.0,0.0,0.0428488372093023,0.0255755813953488,0.0,0.0,0.0930484496124031,0.0,0.0
2015-03-13 15:00:00,0.2293692022263451,0.0,0.0,0.0523265306122449,0.0224638218923933,0.0,0.0085491651205936,0.03921706864564,0.0,0.0
2015-03-13 16:00:00,0.3177053406998159,0.0,0.0,0.0355709023941068,0.028683241252302,0.0,0.0,0.0794548802946593,0.0,0.0
2015-03-13 17:00:00,0.4265543071161048,0.0,0.0,0.0621573033707865,0.0314157303370786,0.0,0.0,0.0670599250936329,0.0,0.0
2015-03-13 18:00:00,1.0278426966292131,0.0005617977528089,0.0,0.0242846441947565,0.0452846441947565,0.0006423220973782,0.0,0.0439625468164794,0.0,0.0
2015-03-13 19:00:00,1.0215594795539034,0.0,0.0,0.0564349442379182,0.0980315985130111,0.0019981412639405,0.0,0.0786431226765799,0.0,0.0
2015-03-13 20:00:00,0.7996890130353818,0.0,0.0,0.0297374301675977,0.0433519553072625,0.001998137802607,0.0008547486033519,0.0782085661080074,0.0,0.0
2015-03-13 21:00:00,0.4397857142857143,0.0,0.0,0.047062271062271,0.0395421245421245,0.0019981684981684,0.002,0.0782655677655677,0.0,0.0
2015-03-13 22:00:00,1.3180910780669144,0.0,0.0,0.0399219330855018,0.0278066914498141,0.7205,0.002,0.0685353159851301,0.0,0.0
2015-03-13 23:00:00,0.5174487895716946,0.0,0.0,0.0317355679702048,0.0321713221601489,0.1328230912476722,0.0020018621973929,0.0381173184357541,0.0,0.0
2015-03-14 00:00:00,0.6443940520446096,0.0,0.0,0.0534405204460966,0.0351951672862453,0.0827732342007434,0.2643513011152416,0.0385167286245353,0.0,0.0
2015-03-14 01:00:00,0.5569814126394053,0.0,0.0,0.0156524163568773,0.0293382899628252,0.0,0.3016747211895911,0.0381449814126394,0.0,0.0
2015-03-14 02:00:00,0.6556096654275093,0.0,0.0,0.0621468401486988,0.0340408921933085,0.0,0.3566710037174721,0.0381561338289962,0.0,0.0
2015-03-14 03:00:00,0.2635621521335807,0.0,0.0,0.0267829313543599,0.0325102040816326,0.0,0.0032374768089053,0.0385157699443413,0.0,0.0
2015-03-14 04:00:00,0.2619035250463822,0.0,0.0,0.038482374768089,0.0244192949907235,0.0,0.0016827458256029,0.0380964749536178,0.0,0.0
2015-03-14 05:00:00,0.2863358070500927,0.0,0.0,0.0476864564007421,0.0390890538033395,0.0,0.0,0.0381038961038961,0.0,0.0
2015-03-14 06:00:00,0.4700018552875696,0.0,0.0,0.0153654916512059,0.0244378478664192,0.0,0.0,0.0382059369202226,0.0,0.0
2015-03-14 07:00:00,0.5095917602996255,0.0,0.0,0.0604325842696629,0.0339925093632958,0.0,0.0,0.0380955056179775,0.0,0.0
2015-03-14 08:00:00,3.059865671641791,0.0,0.0,0.0261585820895522,0.0335447761194029,0.6010690298507463,0.0,0.03825,0.0,0.0
2015-03-14 09:00:00,1.1676312849162012,0.0,0.0,0.0390949720670391,0.0452216014897579,0.0948305400372439,0.0,0.0381359404096834,0.0,0.0
2015-03-14 10:00:00,0.6508084714548803,0.0,0.0,0.0476887661141804,0.0924622467771639,0.0525543278084714,0.0,0.0381767955801105,0.0,0.0
2015-03-14 11:00:00,0.350804066543438,0.0,0.0,0.0176284658040665,0.0394158964879852,0.0,0.0,0.0382014787430683,0.0,0.0
2015-03-14 12:00:00,0.6049666666666667,0.0,0.0,0.0647925925925926,0.0346129629629629,0.0,0.0,0.0382018518518518,0.0,0.0
2015-03-14 13:00:00,1.2043940520446097,0.0,0.0,0.0199107806691449,0.0386115241635687,0.0105780669144981,0.0041505576208178,0.0380762081784386,0.0,0.0
2015-03-14 14:00:00,3.6698886827458255,0.0,0.0,0.0471428571428571,0.0324935064935064,0.5819703153988868,0.5682486085343228,0.0383358070500927,0.0,0.0
2015-03-14 15:00:00,0.9499944547134936,0.0077079482439926,0.0,0.0407097966728281,0.043166358595194,0.1172735674676525,0.3613364140480591,0.0381682070240295,0.0,0.0
2015-03-14 16:00:00,1.4154014869888476,0.0,0.0,0.0311598513011152,0.0475724907063197,0.0,0.0026691449814126,0.0381133828996282,0.0,0.0
2015-03-14 17:00:00,2.7402420262664164,0.0,0.0,0.0554108818011257,0.0430393996247654,0.0838724202626641,0.0022607879924953,0.0381425891181988,0.0,0.0047729831144465
2015-03-14 18:00:00,2.797031598513011,0.0,0.0,0.0155817843866171,0.0433271375464684,0.5487806691449814,0.0,0.0484795539033457,0.0,0.0
2015-03-14 19:00:00,0.6107024482109228,0.0,0.0,0.0621694915254237,0.0467796610169491,0.0993126177024482,0.0,0.0632033898305084,0.0,0.0
2015-03-14 20:00:00,0.4016529850746269,0.0,0.0,0.024955223880597,0.0352835820895522,0.0,0.0,0.0776268656716418,0.0,0.0
2015-03-14 21:00:00,0.4303576779026217,0.0,0.0,0.0391217228464419,0.0444925093632958,0.0,0.0,0.0795112359550561,0.0,0.0
2015-03-14 22:00:00,0.3749535315985129,0.0,0.0,0.0477156133828996,0.0387360594795539,0.0,0.0,0.0517304832713754,0.0,0.0
2015-03-14 23:00:00,0.2929665427509293,0.0,0.0,0.0153252788104089,0.0314814126394052,0.0,0.0,0.0380111524163568,0.0,0.0
2015-03-15 00:00:00,0.37775,0.0,0.0,0.0626611111111111,0.1033685185185185,0.0,0.0,0.0384222222222222,0.0,0.0
2015-03-15 01:00:00,0.3093079777365491,0.0,0.0,0.0282782931354359,0.061495361781076,0.0,0.0,0.038243042671614,0.0,0.0
2015-03-15 02:00:00,0.3032779850746269,0.0,0.0,0.03725,0.0584626865671641,0.0,0.0,0.0381007462686567,0.0,0.0
2015-03-15 03:00:00,0.2891436567164179,0.0,0.0,0.0493768656716417,0.0410541044776119,0.0,0.0,0.0382705223880597,0.0,0.0
2015-03-15 04:00:00,0.2622141527001862,0.0,0.0,0.0149199255121042,0.0364320297951582,0.0,0.0,0.0381173184357541,0.0,0.0
2015-03-15 05:00:00,0.2874388888888888,0.0,0.0,0.0656055555555555,0.0316574074074074,0.0,0.0,0.0380777777777777,0.0,0.0
2015-03-15 06:00:00,0.4580261194029851,0.0,0.0,0.0242444029850746,0.0277126865671641,0.0,0.0,0.0381026119402985,0.0,0.0
2015-03-15 07:00:00,0.6121925925925926,0.0,0.0,0.0386814814814814,0.0366888888888888,0.0,0.0,0.0735796296296296,0.0,0.0
2015-03-15 08:00:00,1.6454104477611942,0.0,0.1921548507462686,0.0481361940298507,0.0307388059701492,0.0,0.0,0.0507985074626865,0.0,0.0
2015-03-15 09:00:00,0.975981343283582,0.0,0.0,0.0161921641791044,0.0290503731343283,0.0100373134328358,0.0,0.0381623134328358,0.0,0.0
2015-03-15 10:00:00,3.4675946462715106,0.0,0.0,0.0663556405353728,0.030434034416826,0.6157304015296368,0.0,0.0385602294455066,0.0,0.0
2015-03-15 11:00:00,1.017709193245779,0.0005628517823639,0.0,0.0193808630393996,0.0296360225140712,0.1238874296435272,0.0,0.0380994371482176,0.0,0.0
2015-03-15 12:00:00,0.6398159851301115,0.0,0.0,0.0515520446096654,0.0319572490706319,0.0,0.0,0.0380055762081784,0.0,0.0
2015-03-15 13:00:00,1.152857410881801,0.0,0.0,0.0360825515947467,0.033859287054409,0.0,0.5649324577861163,0.038,0.0,0.0
2015-03-15 14:00:00,0.5665233644859814,0.0,0.0,0.0383719626168224,0.0306355140186915,0.0,0.0258616822429906,0.0379233644859813,0.0,0.0
2015-03-15 15:00:00,0.907266791044776,0.0,0.0,0.0501902985074626,0.0253376865671641,0.0,0.3421809701492537,0.0379720149253731,0.0,0.0
2015-03-15 16:00:00,0.5399869646182496,0.0,0.0,0.0253035381750465,0.0299031657355679,0.0,0.0029068901303538,0.037925512104283,0.0,0.0
2015-03-15 17:00:00,1.520684210526316,0.0,0.0,0.0602951127819548,0.0824398496240601,0.0,0.0005338345864661,0.038078947368421,0.0,0.0
2015-03-15 18:00:00,0.5434242424242424,0.0,0.0,0.0185018939393939,0.0468787878787878,0.0,0.0,0.0663882575757575,0.0,0.0
2015-03-15 19:00:00,3.658938432835821,0.0,0.0,0.0568488805970149,0.0459645522388059,0.5647070895522388,0.0,0.0549944029850746,0.0,0.0
2015-03-15 20:00:00,1.3844925093632958,0.0,0.0,0.0301048689138576,0.0456591760299625,0.1055074906367041,0.0,0.0707003745318352,0.0,0.0
2015-03-15 21:00:00,0.3814754716981132,0.0,0.0,0.0379754716981132,0.0446037735849056,0.0499264150943396,0.0,0.0379396226415094,0.0,0.0
2015-03-15 22:00:00,0.2544421641791045,0.0,0.0,0.0487145522388059,0.0437798507462686,0.0,0.0,0.0383134328358209,0.0,0.0
2015-03-15 23:00:00,0.2133003731343283,0.0,0.0,0.0198619402985074,0.030195895522388,0.0,0.0,0.0380373134328358,0.0,0.0
2015-03-16 00:00:00,0.2457662337662337,0.0,0.0,0.0660222634508348,0.0357977736549165,0.0,0.0,0.0380241187384044,0.0,0.0
2015-03-16 01:00:00,0.2269407407407407,0.0,0.0,0.015937037037037,0.0305759259259259,0.0,0.0,0.0379462962962963,0.0,0.0
2015-03-16 02:00:00,0.2541561338289962,0.0,0.0,0.0523066914498141,0.0312509293680297,0.0,0.0,0.0379609665427509,0.0,0.0
2015-03-16 03:00:00,0.2443290203327172,0.0,0.0,0.0344048059149722,0.0259038817005545,0.0,0.0,0.0379112754158964,0.0,0.0
2015-03-16 04:00:00,0.2395743494423791,0.0,0.0,0.0324907063197026,0.0226338289962825,0.0,0.0,0.0380018587360594,0.0,0.0
2015-03-16 05:00:00,0.2690353817504655,0.0,0.0,0.0535456238361266,0.0363705772811918,0.0,0.0,0.0381955307262569,0.0,0.0
2015-03-16 06:00:00,0.3186368715083799,0.0,0.0,0.0170595903165735,0.0196461824953445,0.0,0.0,0.0379534450651769,0.0,0.0
2015-03-16 07:00:00,0.7527249070631971,0.0,0.0,0.0640557620817843,0.029449814126394,0.0,0.0,0.0379591078066914,0.0,0.0
2015-03-16 08:00:00,1.6423507462686566,0.0,0.0,0.0219682835820895,0.0960932835820895,0.0,0.733259328358209,0.0379421641791044,0.0,0.0
2015-03-16 09:00:00,0.3872356215213358,0.0,0.0,0.0445398886827458,0.0419721706864564,0.0,0.0254712430426716,0.0379666048237476,0.0,0.0
2015-03-16 10:00:00,0.3747314814814814,0.0,0.0,0.0410074074074074,0.0281481481481481,0.0,0.1555981481481481,0.0381148148148148,0.0,0.0
2015-03-16 11:00:00,0.2152661737523105,0.0,0.0,0.0281238447319778,0.0279297597042513,0.0,0.0030536044362292,0.0379630314232902,0.0,0.0
2015-03-16 12:00:00,0.2505792452830189,0.0,0.0,0.0574113207547169,0.0294339622641509,0.0,0.0002339622641509,0.0379830188679245,0.0,0.0
2015-03-16 13:00:00,0.2635890151515151,0.0,0.0,0.0161666666666666,0.02975,0.0,0.0,0.0501306818181818,0.0164204545454545,0.0
2015-03-16 14:00:00,0.2486507633587786,0.0,0.0,0.0700114503816794,0.0247175572519083,0.0,0.0,0.0380324427480916,0.0,0.0
2015-03-16 15:00:00,0.2570018587360594,0.0,0.0,0.0170669144981412,0.0288289962825278,0.0,0.0,0.0383345724907063,0.0,0.0
2015-03-16 16:00:00,0.7094410058027079,0.0,0.0,0.0675396518375241,0.0298259187620889,0.0,0.0,0.0544468085106383,0.0,0.0
2015-03-16 17:00:00,1.3365300751879698,0.0,0.0,0.0194342105263157,0.0392124060150375,0.0,0.0,0.0793176691729323,0.0,0.0
2015-03-16 18:00:00,0.9097363465160077,0.0,0.0,0.0584632768361581,0.0427457627118644,0.0,0.0001148775894538,0.0728851224105461,0.0,0.0
2015-03-16 19:00:00,2.5329813432835824,0.0,0.0,0.029080223880597,0.0398078358208955,0.2578992537313432,0.0,0.0542835820895522,0.0,0.0
2015-03-16 20:00:00,2.049449626865672,0.0,0.0,0.0436492537313432,0.0318488805970149,0.4033059701492537,0.0,0.076875,0.0,0.0
2015-03-16 21:00:00,0.4737126865671641,0.0,0.0,0.0414664179104477,0.033481343283582,0.0768768656716418,0.0,0.0697294776119403,0.0,0.0
2015-03-16 22:00:00,0.2310338345864661,0.0,0.0,0.0246748120300751,0.0344191729323308,0.0,0.0,0.0382725563909774,0.0,0.0
2015-03-16 23:00:00,0.2949944237918216,0.0,0.0,0.0654423791821561,0.0979237918215613,0.0,0.0,0.0383940520446096,0.0,0.0
2015-03-17 00:00:00,0.2374804469273743,0.0,0.0,0.0146312849162011,0.0424525139664804,0.0,0.0,0.0380018621973929,0.0,0.0
2015-03-17 01:00:00,0.2490347985347985,0.0,0.0,0.0604890109890109,0.0274175824175824,0.0,0.0,0.038080586080586,0.0,0.0
2015-03-17 02:00:00,0.2349085820895522,0.0,0.0,0.0250018656716417,0.030490671641791,0.0,0.0,0.0380242537313432,0.0,0.0
2015-03-17 03:00:00,0.246756052141527,0.0,0.0,0.0390744878957169,0.0258789571694599,0.0,0.0,0.0382700186219739,0.0,0.0
2015-03-17 04:00:00,0.2522551594746717,0.0,0.0,0.0462795497185741,0.0268968105065666,0.0,0.0,0.0381744840525328,0.0,0.0
2015-03-17 05:00:00,0.2488277777777778,0.0,0.0,0.0154203703703703,0.0244685185185185,0.0,0.0,0.0380148148148148,0.0,0.0
2015-03-17 06:00:00,0.3290828729281768,0.0,0.0,0.0604696132596685,0.0266519337016574,0.0,0.0,0.0380773480662983,0.0,0.0
2015-03-17 07:00:00,0.7759050279329609,0.0,0.1939422718808193,0.0241042830540037,0.025364990689013,0.0,0.0,0.0380446927374301,0.0,0.0
2015-03-17 08:00:00,2.2340333951762523,0.0,0.0,0.0361595547309833,0.0252022263450834,0.1788589981447124,1.1131725417439702e-05,0.0380667903525046,0.0,0.0
2015-03-17 09:00:00,1.7963673469387755,0.0,0.0,0.0490500927643784,0.0370723562152133,0.4263970315398887,0.0,0.0732578849721706,0.0,0.0
2015-03-17 10:00:00,0.3677448789571694,0.0,0.0,0.0149385474860335,0.0182979515828677,0.0947765363128491,0.0,0.0581992551210428,0.0,0.0
2015-03-17 11:00:00,2.6507734806629832,0.0,0.0,0.0660883977900552,0.0276611418047882,0.0214051565377532,0.0,0.0380313075506445,0.0,0.0
2015-03-17 12:00:00,1.5477509293680298,0.0,0.0230873605947955,0.0201691449814126,0.0239386617100371,0.5655743494423793,0.0,0.0383159851301115,0.0,0.0
2015-03-17 13:00:00,0.676322641509434,0.0,0.0641207547169811,0.0525358490566037,0.0298471698113207,0.1005679245283018,0.0,0.071288679245283,0.0119113207547169,0.0
2015-03-17 14:00:00,0.4115825426944971,0.0,0.0,0.0354231499051233,0.0242428842504743,0.0,0.0,0.0751195445920303,0.0,0.0
2015-03-17 15:00:00,3.130285981308411,0.0,0.0,0.0450971962616822,0.0282205607476635,0.6052616822429907,0.0,0.0780971962616822,0.0,0.0
2015-03-17 16:00:00,0.8783469387755103,0.0,0.0,0.041369202226345,0.0236827458256029,0.1105398886827458,0.0,0.0781614100185528,2.9684601113172543e-05,0.0
2015-03-17 17:00:00,0.5334240150093809,0.0,0.0,0.0352720450281425,0.0358911819887429,0.0426116322701688,0.0,0.0766022514071294,0.0,0.0
2015-03-17 18:00:00,0.5696507592190889,0.0,0.0,0.0499674620390455,0.0995488069414316,0.0,0.0003665943600867,0.0726724511930585,0.0,0.0
2015-03-17 19:00:00,2.543441241685144,0.0,0.0,0.0224611973392461,0.0415853658536585,0.0,0.0019955654101995,0.068660753880266,0.0,0.0
2015-03-17 20:00:00,0.8339063136456212,0.0,0.0,0.0655193482688391,0.0300224032586558,0.0,0.002,0.0958513238289205,0.0,0.0
2015-03-17 21:00:00,0.4035517890772128,0.0,0.0,0.0155216572504708,0.0280018832391713,0.0,0.0020018832391713,0.0791129943502824,0.0,0.0
2015-03-17 22:00:00,0.2752783109404991,0.0,0.0,0.0521650671785028,0.030257197696737,0.0,0.002,0.0395796545105566,0.0,0.0
2015-03-17 23:00:00,0.2297792452830188,0.0,0.0,0.0344226415094339,0.0247132075471698,0.0,0.002,0.0387584905660377,0.0,0.0
2015-03-18 00:00:00,0.2376094339622641,0.0,0.0,0.025466037735849,0.0280566037735849,0.0,0.0051283018867924,0.0384641509433962,0.0,0.0
2015-03-18 01:00:00,0.8448601134215501,0.0,0.0,0.0586937618147448,0.0223156899810964,0.0,0.5595803402646503,0.0382514177693761,0.0,0.0
2015-03-18 02:00:00,0.6222232645403377,0.0,0.0,0.0148067542213883,0.0269155722326454,0.0,0.3669512195121951,0.0384146341463414,0.0,0.0
2015-03-18 03:00:00,0.2629271028037383,0.0,0.0,0.0430504672897196,0.023418691588785,0.0,0.00263738317757,0.0383233644859813,0.0,0.0
2015-03-18 04:00:00,0.267281954887218,0.0,0.0,0.0422086466165413,0.0231127819548872,0.0,0.0023345864661654,0.0381522556390977,0.0,0.0
2015-03-18 05:00:00,0.2672180451127819,0.0,0.0,0.0144436090225563,0.0267368421052631,0.0,0.0,0.0382330827067669,0.0,0.0
2015-03-18 06:00:00,0.3720458891013384,0.0,0.0,0.0547629063097514,0.0203957934990439,0.0,0.0,0.0381166347992351,0.0,0.0
2015-03-18 07:00:00,0.7597201492537314,0.0,0.1661231343283582,0.0318824626865671,0.0274272388059701,0.0,0.0,0.0382649253731343,0.0331436567164179,0.0
2015-03-18 08:00:00,0.3990955056179776,0.0,0.0,0.0223820224719101,0.0236722846441947,0.0,0.0,0.0382078651685393,0.0,0.0
2015-03-18 09:00:00,0.39,0.0,0.0,0.0560166666666666,0.02525,0.0,0.0,0.0381944444444444,0.0,0.0
2015-03-18 10:00:00,0.2494048507462686,0.0,0.0,0.0224533582089552,0.0261828358208955,0.0,0.0,0.0382014925373134,0.0,0.0
2015-03-18 11:00:00,0.2517861163227017,0.0,0.0,0.0349249530956848,0.025405253283302,0.0,0.0,0.038264540337711,0.0,0.0
2015-03-18 12:00:00,0.2519349442379182,0.0,0.0,0.050860594795539,0.0296003717472118,0.0,0.0,0.0383011152416356,0.0,0.0
2015-03-18 13:00:00,0.2585519848771266,0.0,0.0,0.0159338374291115,0.0254404536862003,0.0,0.0,0.05768809073724,0.0,0.0
2015-03-18 14:00:00,0.2625009416195856,0.0,0.0,0.0703088512241054,0.0253032015065913,0.0,0.0,0.0398983050847457,0.0,0.0
2015-03-18 15:00:00,0.3295270018621973,0.0,0.0,0.017998137802607,0.0242327746741154,0.0,0.0,0.0381638733705772,0.0,0.0
2015-03-18 16:00:00,0.7455687732342008,0.0,0.0,0.057360594795539,0.0309684014869888,0.0,0.0,0.0743550185873605,0.0,0.0
2015-03-18 17:00:00,0.8583333333333334,0.0,0.0,0.0304227188081936,0.0982011173184357,0.0,0.0,0.079096834264432,0.0,0.0
2015-03-18 18:00:00,0.769921052631579,0.0,0.0,0.0428665413533834,0.0403515037593985,0.0,0.0,0.047796992481203,0.0,0.0
2015-03-18 19:00:00,1.4113764044943822,0.0,0.0,0.0456198501872659,0.0439344569288389,0.5987022471910112,0.0,0.0651048689138576,0.0,0.0
2015-03-18 20:00:00,0.6972960893854748,0.0,0.0,0.0274115456238361,0.0322495344506517,0.1185456238361266,0.0,0.096828677839851,0.0,0.0
2015-03-18 21:00:00,0.4020056074766355,0.0,0.0,0.0626130841121495,0.030003738317757,0.0261420560747663,0.0,0.0838803738317757,0.0,0.0
2015-03-18 22:00:00,0.2741770244821092,0.0,0.0,0.0166195856873822,0.0263163841807909,0.0,0.0015367231638418,0.0474632768361582,0.0,0.0
2015-03-18 23:00:00,0.2505298507462686,0.0,0.0,0.0633376865671641,0.032330223880597,0.0,0.002,0.0381567164179104,0.0,0.0
2015-03-19 00:00:00,0.2419480519480519,0.0,0.0,0.0244007421150278,0.0244619666048237,0.0,0.0020018552875695,0.0387792207792207,0.0,0.0
2015-03-19 01:00:00,1.0425714285714287,0.0,0.0,0.0383966165413533,0.0237067669172932,0.0,0.7490977443609023,0.0382161654135338,0.0,0.0
2015-03-19 02:00:00,0.2812327746741154,0.0,0.0,0.0475027932960893,0.0274655493482309,0.0,0.0242476722532588,0.0382011173184357,0.0,0.0
2015-03-19 03:00:00,0.4157243947858473,0.0,0.0,0.0155772811918063,0.0219683426443202,0.0,0.1604543761638733,0.0384283054003724,0.0,0.0
2015-03-19 04:00:00,0.2768274582560296,0.0,0.0,0.0638348794063079,0.0218886827458256,0.0,0.0029480519480519,0.0383951762523191,0.0,0.0
2015-03-19 05:00:00,0.2640970149253731,0.0,0.0,0.0262779850746268,0.024365671641791,0.0,0.0006791044776119,0.0381641791044776,0.0,0.0
2015-03-19 06:00:00,0.361063670411985,0.0,0.0,0.0343202247191011,0.0252434456928838,0.0,0.0,0.0391853932584269,0.0,0.0
2015-03-19 07:00:00,1.201499061913696,0.0,0.1072926829268292,0.0519962476547842,0.0262138836772983,0.0,0.0,0.0380694183864915,0.0,0.0
2015-03-19 08:00:00,1.0791872659176032,0.0,0.0,0.0169644194756554,0.026441947565543,0.0,0.0,0.038191011235955,0.0,0.0
2015-03-19 09:00:00,0.8910856610800745,0.0,0.0,0.0566368715083798,0.020729981378026,0.0,0.0,0.0382253258845437,0.0,0.001877094972067
2015-03-19 10:00:00,0.875310861423221,0.0,0.0,0.0302116104868913,0.0206441947565543,0.0,0.0,0.0382602996254681,0.0,0.0
2015-03-19 11:00:00,0.7956833333333333,0.0,0.0,0.0343037037037037,0.0246851851851851,0.0,0.0,0.0386425925925925,0.0,0.0
2015-03-19 12:00:00,0.967022181146026,0.0,0.0,0.0530462107208872,0.028988909426987,0.0,0.0,0.0382754158964879,0.0,0.0
2015-03-19 13:00:00,0.805062030075188,0.0,0.0,0.0154567669172932,0.0238176691729323,0.0,0.0,0.0584492481203007,0.0,0.0
2015-03-19 14:00:00,0.8594753787878787,0.0,0.0,0.06625,0.027653409090909,0.0,0.0,0.0456212121212121,0.0,0.0
2015-03-19 15:00:00,0.8025102803738318,0.0,0.0,0.0230728971962616,0.0218467289719626,0.0,0.0,0.044811214953271,0.0,0.0
2015-03-19 16:00:00,0.8047813084112149,0.0,0.0,0.0487644859813084,0.0223757009345794,0.0,0.0,0.0423495327102803,0.0,0.0
2015-03-19 17:00:00,0.8183014981273408,0.0,0.0,0.0371835205992509,0.0271479400749063,0.0,0.0,0.0532434456928838,0.0,0.0
2015-03-19 18:00:00,0.8110844529750479,0.0,0.0,0.0303589251439539,0.024598848368522,7.677543186180422e-06,0.0,0.0382034548944337,0.0,0.0
2015-03-19 19:00:00,0.8385646387832699,0.0,0.0,0.0555855513307984,0.0307243346007604,0.0,0.0,0.0384923954372623,0.0,0.0
2015-03-19 20:00:00,0.7382546816479401,0.0,0.0,0.015252808988764,0.0292059925093632,0.0,0.0,0.0512191011235955,0.0,0.0
2015-03-19 21:00:00,0.3483828996282528,0.0,0.0,0.0665446096654275,0.0286189591078066,0.0,0.0,0.0779888475836431,0.0,0.0
2015-03-19 22:00:00,0.3162621722846442,0.0,0.0,0.0208520599250936,0.0251985018726591,0.0,0.0,0.0457715355805243,0.0,0.0
2015-03-19 23:00:00,0.2595580524344569,0.0,0.0,0.044880149812734,0.0290093632958801,0.0,0.0,0.0384794007490636,0.0,0.0
2015-03-20 00:00:00,0.2631115241635688,0.0,0.0,0.0418736059479553,0.0302769516728624,0.0,0.0,0.0385092936802973,0.0,0.0
2015-03-20 01:00:00,0.2417304832713754,0.0,0.0,0.0221524163568773,0.0215836431226765,0.0,0.0,0.0381468401486988,0.0,0.0
2015-03-20 02:00:00,0.2808208955223881,0.0,0.0,0.0618526119402985,0.0364365671641791,0.0,0.0037014925373134,0.0381884328358209,0.0,0.0
2015-03-20 03:00:00,0.2382830540037244,0.0,0.0,0.0179199255121042,0.0181080074487895,0.0,0.0,0.0382569832402234,0.0,0.0
2015-03-20 04:00:00,0.2578420074349443,0.0,1.858736059479554e-05,0.0448420074349442,0.026628252788104,0.0,0.0,0.0386486988847583,0.0,0.0
2015-03-20 05:00:00,0.5506390423572745,0.0,0.0,0.0409042357274401,0.0928839779005524,0.0,0.0,0.0841160220994475,0.0006187845303867,0.0
2015-03-20 06:00:00,0.5826994434137291,0.0,0.0,0.0194471243042671,0.0421261595547309,0.0,0.0,0.0617291280148423,0.0,0.0
2015-03-20 07:00:00,0.424830223880597,0.0,0.1442667910447761,0.0609085820895522,0.0379141791044776,0.0,0.0,0.0381138059701492,0.0,0.0
2015-03-20 08:00:00,0.5005422794117647,0.0,0.0,0.0211691176470588,0.030235294117647,0.0,0.0,0.0386617647058823,0.0,0.0
2015-03-20 09:00:00,0.3620041493775933,0.0,0.0,0.0717219917012448,0.045253112033195,0.0,0.0,0.0384564315352697,0.0,0.0
2015-03-20 10:00:00,0.334226168224299,0.0,0.0,0.0362448598130841,0.0275700934579439,0.0,0.0,0.0803775700934579,0.0,0.0
2015-03-20 11:00:00,0.3345690607734806,0.0,0.0,0.0499613259668508,0.0256372007366482,0.0,0.0,0.1025377532228361,0.0,0.0
2015-03-20 12:00:00,0.3085706319702602,0.0,0.0,0.019763940520446,0.0264628252788104,0.0,0.0,0.1025371747211895,0.0,0.0
2015-03-20 13:00:00,0.3561208178438662,0.0,0.0,0.0685631970260223,0.0251858736059479,0.0,0.0,0.10217843866171,0.0,0.0
2015-03-20 14:00:00,0.2619249530956848,0.0,0.0,0.0161763602251407,0.0267973733583489,0.0,0.0,0.0610356472795497,0.0,0.0
2015-03-20 15:00:00,0.2714151291512915,0.0,0.0,0.0715848708487084,0.0262970479704797,0.0,0.0,0.038250922509225,0.0,0.0
2015-03-20 16:00:00,0.4659813432835821,0.0,0.0,0.0277667910447761,0.0252294776119402,0.0,0.0,0.0739981343283582,0.0,0.0
2015-03-20 17:00:00,0.6977481343283582,0.0,0.0,0.0602555970149253,0.0309589552238805,0.0,0.0,0.0803675373134328,0.0,0.0
2015-03-20 18:00:00,1.0532670454545454,0.0,0.0,0.0491742424242424,0.0324829545454545,0.0,0.0,0.0690549242424242,0.0,0.0
2015-03-20 19:00:00,0.8854682835820895,0.0,0.0,0.0370671641791044,0.032820895522388,0.0,0.0,0.073875,0.0,0.0
2015-03-20 20:00:00,0.67324208566108,0.0,0.0,0.0582737430167597,0.0849683426443203,0.0,0.000461824953445,0.102316573556797,0.1114413407821229,0.0
2015-03-20 21:00:00,0.4074981343283582,0.0,0.0,0.0309291044776119,0.043660447761194,0.0,0.002,0.0683283582089552,0.0134029850746268,0.0
2015-03-20 22:00:00,0.2887481343283582,0.0,0.0,0.058865671641791,0.0421492537313432,0.0,0.002,0.0378973880597014,0.0,0.0
2015-03-20 23:00:00,0.225390977443609,0.0,0.0,0.0283176691729323,0.0343421052631578,0.0,0.002,0.0382048872180451,0.0,0.0
2015-03-21 00:00:00,0.2256512059369202,0.0,0.0,0.0522393320964749,0.0281243042671614,0.0,0.006051948051948,0.0379072356215213,0.0,0.0
2015-03-21 01:00:00,0.7990755064456722,0.0,0.0,0.0348802946593001,0.0305690607734806,0.0,0.5501491712707183,0.0379373848987108,0.0,0.0
2015-03-21 02:00:00,0.5863940520446097,0.0,0.0,0.0428345724907063,0.0283011152416356,0.0,0.3572825278810408,0.0380780669144981,0.0,0.0
2015-03-21 03:00:00,0.2245018518518518,0.0,0.0,0.0432018518518518,0.0292851851851851,0.0,0.0036555555555555,0.0385314814814814,0.0,0.0
2015-03-21 04:00:00,0.2171645101663585,0.0,0.0,0.0291682070240295,0.0238133086876155,0.0,0.0020924214417744,0.037902033271719,0.0,0.0
2015-03-21 05:00:00,0.5501611111111111,0.0,0.0,0.0564444444444444,0.0225592592592592,0.0,0.0,0.0379222222222222,0.0,0.0
2015-03-21 06:00:00,0.7972905027932962,0.0,0.0,0.0143575418994413,0.0265232774674115,0.0,0.0,0.0812327746741154,0.0,0.0
2015-03-21 07:00:00,1.5264953789279114,0.0,0.1988225508317929,0.0668780036968576,0.0286136783733826,0.0,0.0,0.0378798521256931,3.6968576709796674e-06,0.0
2015-03-21 08:00:00,2.8993333333333333,0.0,0.0,0.0193052434456928,0.0305543071161048,0.5702340823970037,0.0,0.0383220973782771,0.0,0.0
2015-03-21 09:00:00,0.6195469613259669,0.0,0.0,0.0504751381215469,0.0306721915285451,0.1038471454880294,0.0,0.0379116022099447,0.0,0.0
2015-03-21 10:00:00,2.412586592178771,0.0,0.0,0.0346797020484171,0.0288361266294227,0.38612104283054,0.0,0.0379534450651769,0.0,0.0
2015-03-21 11:00:00,2.084444237918216,0.0,0.0,0.0363828996282527,0.0245669144981412,0.3026171003717472,0.0,0.0378884758364312,0.0,0.0
2015-03-21 12:00:00,0.3920834879406308,0.0,0.0,0.0492615955473098,0.0340204081632653,0.0751076066790352,0.0,0.0378719851576994,0.0,0.003799628942486
2015-03-21 13:00:00,2.776430426716141,0.0,0.0,0.02730426716141,0.0271168831168831,0.5380909090909092,0.0,0.0403265306122448,0.003799628942486,0.0
2015-03-21 14:00:00,0.6750919324577861,0.0,0.0,0.0592851782363977,0.0272270168855534,0.0182682926829268,0.0,0.1026491557223264,0.0,0.0
2015-03-21 15:00:00,0.282870848708487,0.0,0.0,0.0228376383763837,0.0288376383763837,0.0,0.0,0.0445110701107011,0.032,0.0
2015-03-21 16:00:00,0.3569814471243043,0.0,0.0,0.0637903525046382,0.0231113172541744,0.0,0.0,0.094,0.023873840445269,0.0
2015-03-21 17:00:00,1.8986380597014925,0.0,0.0,0.0159272388059701,0.0992947761194029,0.6051417910447762,0.0,0.0762985074626865,0.0,0.0
2015-03-21 18:00:00,0.717007476635514,0.0,0.0,0.0700878504672897,0.0467065420560747,0.1075551401869158,0.0,0.0485420560747663,0.0,0.0
2015-03-21 19:00:00,0.6764915572232645,0.0,0.0,0.0175028142589118,0.0401782363977485,0.0357204502814258,0.0018086303939962,0.0589287054409005,0.0,0.0
2015-03-21 20:00:00,0.4376491557223264,0.0,0.0,0.0583039399624765,0.033686679174484,0.0,0.002,0.0915515947467167,0.0,0.0
2015-03-21 21:00:00,0.5825027932960894,0.0,0.0,0.0288733705772811,0.0331564245810055,0.0,0.0020018621973929,0.1022737430167597,0.0105027932960893,0.0
2015-03-21 22:00:00,0.251834879406308,0.0,0.0,0.0433395176252319,0.0313803339517625,0.0,0.002,0.0387680890538033,0.0,0.0
2015-03-21 23:00:00,0.2299520295202952,0.0,0.0,0.0441531365313653,0.0256697416974169,0.0,0.002,0.0378837638376383,0.0,0.0
2015-03-22 00:00:00,0.2313526119402985,0.0,0.0,0.0263675373134328,0.0292518656716417,0.0,0.0020055970149253,0.0381921641791044,0.0,0.0
2015-03-22 01:00:00,0.8226468401486988,0.0,0.0,0.0596133828996282,0.0271468401486988,0.0,0.5528289962825279,0.0397360594795539,0.0,0.0
2015-03-22 02:00:00,0.2914448598130841,0.0,0.0,0.0178467289719626,0.0261476635514018,0.0,0.0627831775700934,0.0381775700934579,0.0,0.0
2015-03-22 03:00:00,0.5576895910780669,0.0,0.0,0.0624014869888475,0.0283921933085501,0.0,0.2966933085501859,0.0380130111524163,0.0,0.0
2015-03-22 04:00:00,0.2459114391143911,0.0,0.0,0.0252693726937269,0.0231494464944649,0.0,0.0030350553505535,0.0379760147601476,0.0,0.0
2015-03-22 05:00:00,0.28712104283054,0.0,0.0003128491620111,0.0430893854748603,0.0231638733705772,0.0,6.145251396648044e-05,0.0379813780260707,0.0,0.0
2015-03-22 06:00:00,0.6319713740458015,0.0,0.0,0.0455362595419847,0.0260343511450381,0.0,0.0,0.0378473282442748,0.0,0.0
2015-03-22 07:00:00,0.4172691588785047,0.0,0.0,0.0205588785046728,0.0283794392523364,0.0,0.0,0.0852242990654205,0.0,0.0
2015-03-22 08:00:00,0.8567931034482759,0.0,0.0,0.0472344827586206,0.0327586206896551,0.0,0.0,0.1019931034482758,0.0,0.0
2015-03-22 09:00:00,,,,,,,,,,
2015-03-22 10:00:00,,,,,,,,,,
2015-03-22 11:00:00,,,,,,,,,,
2015-03-22 12:00:00,,,,,,,,,,
2015-03-22 13:00:00,,,,,,,,,,
2015-03-22 14:00:00,,,,,,,,,,
2015-03-22 15:00:00,,,,,,,,,,
2015-03-22 16:00:00,,,,,,,,,,
2015-03-22 17:00:00,,,,,,,,,,
2015-03-22 18:00:00,,,,,,,,,,
2015-03-22 19:00:00,,,,,,,,,,
2015-03-22 20:00:00,,,,,,,,,,
2015-03-22 21:00:00,,,,,,,,,,
2015-03-22 22:00:00,,,,,,,,,,
2015-03-22 23:00:00,,,,,,,,,,
2015-03-23 00:00:00,,,,,,,,,,
2015-03-23 01:00:00,,,,,,,,,,
2015-03-23 02:00:00,,,,,,,,,,
2015-03-23 03:00:00,,,,,,,,,,
2015-03-23 04:00:00,,,,,,,,,,
2015-03-23 05:00:00,,,,,,,,,,
2015-03-23 06:00:00,,,,,,,,,,
2015-03-23 07:00:00,,,,,,,,,,
2015-03-23 08:00:00,,,,,,,,,,
2015-03-23 09:00:00,,,,,,,,,,
2015-03-23 10:00:00,,,,,,,,,,
2015-03-23 11:00:00,,,,,,,,,,
2015-03-23 12:00:00,,,,,,,,,,
2015-03-23 13:00:00,,,,,,,,,,
2015-03-23 14:00:00,,,,,,,,,,
2015-03-23 15:00:00,,,,,,,,,,
2015-03-23 16:00:00,,,,,,,,,,
2015-03-23 17:00:00,,,,,,,,,,
2015-03-23 18:00:00,,,,,,,,,,
2015-03-23 19:00:00,,,,,,,,,,
2015-03-23 20:00:00,,,,,,,,,,
2015-03-23 21:00:00,,,,,,,,,,
2015-03-23 22:00:00,,,,,,,,,,
2015-03-23 23:00:00,,,,,,,,,,
2015-03-24 00:00:00,,,,,,,,,,
2015-03-24 01:00:00,,,,,,,,,,
2015-03-24 02:00:00,,,,,,,,,,
2015-03-24 03:00:00,,,,,,,,,,
2015-03-24 04:00:00,,,,,,,,,,
2015-03-24 05:00:00,,,,,,,,,,
2015-03-24 06:00:00,,,,,,,,,,
2015-03-24 07:00:00,,,,,,,,,,
2015-03-24 08:00:00,,,,,,,,,,
2015-03-24 09:00:00,,,,,,,,,,
2015-03-24 10:00:00,,,,,,,,,,
2015-03-24 11:00:00,,,,,,,,,,
2015-03-24 12:00:00,,,,,,,,,,
2015-03-24 13:00:00,,,,,,,,,,
2015-03-24 14:00:00,,,,,,,,,,
2015-03-24 15:00:00,0.4503323353293413,0.0,0.0,0.0599760479041916,0.0444251497005988,0.0,0.0,0.1000209580838323,0.0,0.0
2015-03-24 16:00:00,0.3736070763500931,0.0,0.0,0.0679441340782122,0.042389199255121,0.0,0.0,0.0750018621973929,0.0,0.0
2015-03-24 17:00:00,0.3733575418994413,0.0,0.0,0.0263705772811918,0.037268156424581,0.0,0.0,0.0379553072625698,0.0,0.0
2015-03-24 18:00:00,0.5742433460076046,0.0,0.0,0.0615988593155893,0.0469125475285171,0.0,0.0,0.0710228136882129,0.0,0.0
2015-03-24 19:00:00,1.4763465160075329,0.0,0.0,0.0427024482109227,0.0568549905838041,0.0,0.0,0.0790508474576271,0.0,0.0
2015-03-24 20:00:00,0.66143947858473,0.0,0.0,0.0429683426443203,0.0473221601489757,0.0,0.0,0.0897970204841713,0.0,0.0
2015-03-24 21:00:00,0.3696523364485981,0.0,0.0,0.0394467289719626,0.0415271028037383,0.0,0.0,0.0440803738317757,0.0,0.0
2015-03-24 22:00:00,0.2455306122448979,0.0,0.0,0.0454341372912801,0.0400593692022263,0.0,0.0,0.0379016697588126,0.0,0.0
2015-03-24 23:00:00,0.2364914933837429,0.0,0.0,0.028508506616257,0.0428865784499054,0.0,0.0,0.0383270321361058,0.0,0.0
2015-03-25 00:00:00,0.2507233644859813,0.0,0.0,0.0577869158878504,0.0349046728971962,0.0,0.0,0.0379738317757009,0.0,0.0
2015-03-25 01:00:00,0.2459944341372912,0.0,0.0,0.016343228200371,0.037734693877551,0.0,0.0,0.0379591836734693,0.0,0.0
2015-03-25 02:00:00,0.2552931354359926,0.0,0.0,0.055860853432282,0.0267847866419295,0.0,0.0,0.038330241187384,0.0,0.0
2015-03-25 03:00:00,0.2657388888888888,0.0,0.0,0.0305018518518518,0.0433777777777777,0.0,0.0,0.0380351851851851,0.0,0.0
2015-03-25 04:00:00,0.3212161654135338,0.0,0.0,0.0269360902255639,0.0877142857142857,0.0,0.0,0.0379323308270676,0.0,0.0
2015-03-25 05:00:00,0.6614082397003745,0.0,0.0,0.0586985018726591,0.0364625468164794,0.0,0.0,0.0593445692883895,0.0,0.0
2015-03-25 06:00:00,0.742012962962963,0.0,0.0,0.0153703703703703,0.0392592592592592,0.0,0.0,0.059337037037037,0.0,0.0
2015-03-25 07:00:00,0.7477118959107807,0.0,0.0,0.040946096654275,0.0338810408921933,0.0,0.0,0.038039033457249,0.0451672862453531,0.0
2015-03-25 08:00:00,0.2999441340782123,0.0,0.0,0.0443035381750465,0.0309906890130353,0.0,0.0,0.0385530726256983,0.0,0.0
2015-03-25 09:00:00,0.2650699815837937,0.0,0.0,0.015403314917127,0.031244935543278,0.0,0.0,0.0379779005524861,0.0,0.0
2015-03-25 10:00:00,0.2934935064935065,0.0,0.0,0.0625324675324675,0.0308274582560296,0.0,0.0,0.037951762523191,0.0,0.0
2015-03-25 11:00:00,0.2631399253731343,0.0,0.0,0.0275671641791044,0.0298899253731343,0.0,0.0,0.0379981343283582,0.0,0.0
2015-03-25 12:00:00,0.2739721189591078,0.0,0.0,0.0460706319702602,0.0291877323420074,0.0,0.0,0.0380018587360594,0.0,0.0
2015-03-25 13:00:00,0.3463599257884972,0.0,0.0,0.0414879406307977,0.0306771799628942,0.0,0.0,0.0489239332096475,0.0604656771799628,0.0
2015-03-25 14:00:00,0.3528780036968577,0.0,0.0,0.0411589648798521,0.0291441774491682,0.0,0.0,0.0591940850277264,0.0,0.0
2015-03-25 15:00:00,0.3623602941176471,0.0,0.0,0.0474816176470588,0.0264724264705882,0.0,0.0,0.0604742647058823,0.0,0.0
2015-03-25 16:00:00,0.9522904411764708,0.0,0.0,0.0422647058823529,0.0325514705882353,0.0,0.0,0.0847022058823529,0.0,0.0
2015-03-25 17:00:00,1.4034664179104477,0.0,0.0,0.0448507462686567,0.0361044776119403,0.0,0.0,0.0644608208955224,0.0465447761194029,0.0
2015-03-25 18:00:00,0.9685847619047618,0.0,0.0,0.0466704761904761,0.0346819047619047,0.0049180952380952,0.0,0.0496266666666666,0.0055085714285714,0.0
2015-03-25 19:00:00,1.361078947368421,0.0,0.0,0.0416748120300751,0.0978627819548872,0.6231428571428571,0.0,0.0745375939849624,0.0536672932330827,0.0
2015-03-25 20:00:00,0.6252115027829314,0.0,0.0,0.043773654916512,0.0495714285714285,0.1152541743970315,0.0,0.1025658627087198,0.0,0.0
2015-03-25 21:00:00,0.451996261682243,0.0,0.0,0.0436841121495327,0.0366,0.0,0.001611214953271,0.0558242990654205,0.0,0.0
2015-03-25 22:00:00,0.268974025974026,0.0,0.0,0.0359016697588126,0.0293339517625231,0.0,0.002,0.03791280148423,0.0,0.0
2015-03-25 23:00:00,0.2449101123595505,0.0,0.0,0.0518277153558052,0.0324044943820224,0.0,0.002,0.0382097378277153,0.0,0.0
2015-03-26 00:00:00,1.0431074074074074,0.0,0.0,0.0207074074074074,0.0300648148148148,0.0,0.7900296296296296,0.0382537037037037,0.0,0.0
2015-03-26 01:00:00,0.2685711645101663,0.0,0.0,0.0654990757855822,0.0312070240295748,7.393715341959335e-06,0.0240314232902033,0.0379242144177449,0.0,0.0
2015-03-26 02:00:00,0.3838743068391867,0.0,0.0,0.0161182994454713,0.0237948243992606,0.0,0.155630314232902,0.0379796672828096,0.0,0.0
2015-03-26 03:00:00,0.2593759259259259,0.0,0.0,0.0673333333333333,0.0263444444444444,0.0013037037037037,0.0029037037037037,0.0380111111111111,0.0,0.0
2015-03-26 04:00:00,0.2545111111111111,0.0,0.0,0.0211351851851851,0.0261111111111111,0.0,0.0007148148148148,0.0378129629629629,0.0,0.0
2015-03-26 05:00:00,0.7875214953271028,0.0,0.0,0.0525233644859813,0.0255757009345794,0.0,0.0,0.0392205607476635,0.0,0.0
2015-03-26 06:00:00,0.7212583643122676,0.0,0.0,0.0322286245353159,0.0277992565055762,0.0,0.0,0.058453531598513,0.0,0.0
2015-03-26 07:00:00,0.9718379373848988,0.0,0.0,0.0351215469613259,0.0281823204419889,0.0,0.0,0.0482983425414364,0.0,0.0
2015-03-26 08:00:00,0.4995859519408503,0.0,0.0,0.049170055452865,0.0254787430683918,0.0,0.0,0.0379205175600739,0.0,0.0
2015-03-26 09:00:00,0.4448793103448276,0.0,0.0,0.0247892720306513,0.0282528735632183,0.0,0.0,0.0381954022988505,0.0,0.0
2015-03-26 10:00:00,0.4747238805970149,0.0,0.0,0.0602444029850746,0.0262593283582089,0.0,0.0,0.037990671641791,0.0,0.0
2015-03-26 11:00:00,0.4359459962756052,0.0,0.0,0.0163556797020484,0.0284115456238361,0.0,0.0,0.0381247672253258,0.0,0.0
2015-03-26 12:00:00,0.4567546125461255,0.0,0.0,0.0690959409594095,0.022680811808118,0.0,0.0,0.0379169741697417,0.0,0.0
2015-03-26 13:00:00,0.4289725274725274,0.0,0.0,0.0164047619047619,0.0251538461538461,0.0,0.0,0.0379523809523809,0.0,0.0
2015-03-26 14:00:00,0.4714092592592592,0.0,0.0,0.0696277777777777,0.02775,0.0,0.0,0.0379685185185185,0.0,0.0
2015-03-26 15:00:00,0.4878011152416356,0.0,0.0,0.018042750929368,0.0292509293680297,0.0,0.0,0.0379665427509293,0.0,0.0
2015-03-26 16:00:00,0.5097588126159555,0.0,0.0,0.0673988868274582,0.0266920222634508,0.0,0.0,0.0619777365491651,0.0,0.0
2015-03-26 17:00:00,0.7568708487084871,0.0,0.0,0.0286309963099631,0.0292527675276752,0.0,0.0,0.0791955719557195,0.0388597785977859,0.0
2015-03-26 18:00:00,0.4830637898686679,0.0,0.0,0.0588836772983114,0.0271407129455909,0.0,0.0,0.0696885553470919,0.0,0.0
2015-03-26 19:00:00,0.7724490566037736,0.0,0.0,0.0288735849056603,0.0294924528301886,0.0,0.0,0.0795811320754717,0.0,0.0
2015-03-26 20:00:00,0.4441119402985075,0.0,0.0,0.0565578358208955,0.0302201492537313,0.0,0.0,0.104375,0.0,0.0
2015-03-26 21:00:00,0.4856485981308411,0.0,0.0,0.0246616822429906,0.0361214953271028,0.0,0.0,0.1101514018691588,0.0,0.0
2015-03-26 22:00:00,0.3121791044776119,0.0,0.0,0.0607667910447761,0.031526119402985,0.0,0.0,0.0512388059701492,0.0,0.0
2015-03-26 23:00:00,0.2196545105566218,0.0,0.0,0.0148886756238003,0.0244357005758157,0.0,0.0,0.0380479846449136,0.0,0.0
2015-03-27 00:00:00,0.2497267657992565,0.0,0.0,0.0702007434944237,0.0262044609665427,0.0,0.0,0.0383884758364312,0.0,0.0
2015-03-27 01:00:00,0.2374221388367729,0.0,0.0,0.0180206378986866,0.0284446529080675,0.0,0.0,0.0380018761726078,0.0,0.0
2015-03-27 02:00:00,0.2552725598526703,0.0,0.0,0.0465451197053407,0.0256003683241252,1.841620626151013e-06,0.0,0.0380055248618784,0.0,0.0
2015-03-27 03:00:00,0.268042750929368,0.0,0.0,0.0387044609665427,0.0250223048327137,0.0,0.0,0.0381672862453531,0.0,0.0
2015-03-27 04:00:00,0.2512504638218924,0.0,0.0,0.0256883116883116,0.0255027829313543,0.0,0.0,0.038025974025974,0.0,0.0
2015-03-27 05:00:00,0.4558901303538175,0.0,0.0,0.0603724394785847,0.0234245810055865,0.0,0.0,0.0378398510242085,0.0,0.0
2015-03-27 06:00:00,0.4029309701492537,0.0,0.0,0.0195690298507462,0.025776119402985,0.0,0.0,0.0378432835820895,0.0,0.0
2015-03-27 07:00:00,1.2565304990757855,0.0,0.0,0.0413068391866913,0.0297153419593345,0.0037855822550831,0.0629223659889094,0.0378743068391866,0.0,0.0
2015-03-27 08:00:00,1.7467462686567163,0.0,0.0,0.0434384328358209,0.0962705223880597,0.0755074626865671,1.2619160447761195,0.0379235074626865,0.0,0.0
2015-03-27 09:00:00,1.1634691588785049,0.0,0.0,0.0192168224299065,0.0411327102803738,0.5741009345794392,0.0001831775700934,0.0379177570093457,0.0,0.0
2015-03-27 10:00:00,2.5955493482309127,0.0,0.0,0.0653612662942272,0.0358156424581005,0.0946443202979515,0.0,0.0380521415270018,0.0,0.0
2015-03-27 11:00:00,0.7006096654275094,0.0,0.0,0.0689516728624535,0.0318457249070631,0.0,0.0,0.0740148698884758,0.0,0.0
2015-03-27 12:00:00,0.39175,0.0,0.0,0.0684851851851851,0.0246629629629629,0.0,0.0,0.0757166666666666,0.0,0.0
2015-03-27 13:00:00,0.4087259259259259,0.0,0.0,0.0680277777777777,0.0500555555555555,0.0,0.0,0.0793037037037037,0.0497129629629629,0.0
2015-03-27 14:00:00,0.2933831775700934,0.0,0.0,0.0680392523364486,0.0289140186915887,0.0,0.0,0.0497551401869158,0.0076429906542056,0.0
2015-03-27 15:00:00,0.342672794117647,0.0,0.0,0.0675128676470588,0.02896875,0.0,0.0,0.0396985294117647,0.0,0.0
2015-03-27 16:00:00,0.2830131086142322,0.0,0.0,0.0673838951310861,0.0276179775280898,0.0,0.0,0.0382471910112359,0.0,0.0
2015-03-27 17:00:00,0.2450581613508442,0.0,0.0,0.0671688555347092,0.0259549718574108,0.0,0.0,0.037874296435272,0.0,0.0
2015-03-27 18:00:00,0.2921201923076923,0.0,0.0,0.0665841346153846,0.0252908653846153,0.0,0.0,0.0378846153846153,0.0,0.0
2015-03-27 19:00:00,0.2806194029850746,0.0,0.0,0.0665652985074626,0.0273283582089552,0.0,0.0,0.0378880597014925,0.0,0.0
2015-03-27 20:00:00,0.7764740740740741,0.0,0.0,0.0666925925925926,0.032037037037037,0.0,0.0,0.0700222222222222,0.001487037037037,0.0
2015-03-27 21:00:00,0.4281535580524344,0.0,0.0,0.0665936329588015,0.027441947565543,0.0,0.0,0.1029307116104868,0.0,0.0
2015-03-27 22:00:00,0.344051948051948,0.0,0.0,0.0664916512059369,0.0287532467532467,0.0,0.0,0.0702059369202226,0.0,0.0
2015-03-27 23:00:00,0.3287942386831275,0.0,0.0,0.0666275720164609,0.1003539094650205,0.0,0.0,0.0378251028806584,0.0,0.0
2015-03-28 00:00:00,0.2751431535269709,0.0,0.0,0.0664128630705394,0.0386680497925311,0.0,0.0,0.0382302904564315,0.0,0.0
2015-03-28 01:00:00,0.2392346368715083,0.0,0.0,0.0229869646182495,0.0275996275605214,0.0,0.0,0.0379422718808193,0.0,0.0
2015-03-28 02:00:00,0.2782902621722846,0.0,0.0,0.0690374531835206,0.0241123595505617,0.0,0.0,0.0379307116104868,0.0,0.0
2015-03-28 03:00:00,0.2552207547169811,0.0,0.0,0.0434981132075471,0.0280207547169811,0.0,0.0,0.0383509433962264,0.0,0.0
2015-03-28 04:00:00,0.2691353919239905,0.0,0.0,0.0586342042755344,0.0312019002375296,0.0,0.0,0.0378646080760095,0.0,0.0
2015-03-28 05:00:00,0.3080776340110906,0.0,0.0,0.0679334565619223,0.0262994454713493,0.0,0.0,0.0379722735674676,0.0,0.0
2015-03-28 06:00:00,0.6566560747663551,0.0,0.0,0.0398579439252336,0.0225962616822429,0.0,0.0,0.0441420560747663,0.0,0.0
2015-03-28 07:00:00,0.9451201478743068,0.0,0.360181146025878,0.052441774491682,0.0247985212569316,0.0,0.0,0.0523567467652495,0.0,0.0
2015-03-28 08:00:00,0.3721066176470588,0.0,0.0,0.0676819852941176,0.0336305147058823,0.0,0.0,0.0379595588235294,0.0,0.0
2015-03-28 09:00:00,0.2588444444444444,0.0,0.0,0.0318666666666666,0.0287018518518518,0.0,0.0,0.0381851851851851,0.0,0.0
2015-03-28 10:00:00,0.2620149253731343,0.0,0.0,0.0564981343283582,0.0280727611940298,0.0,0.0,0.0379347014925373,0.0,0.0
2015-03-28 11:00:00,0.2727858472998137,0.0,0.0,0.0673817504655493,0.0266666666666666,0.0,0.0,0.0379906890130353,0.0,0.0
2015-03-28 12:00:00,1.1633044280442806,0.0,0.0,0.0489022140221402,0.0264298892988929,0.0,0.0,0.0379464944649446,0.2511033210332103,0.0
2015-03-28 13:00:00,1.007278810408922,0.0,0.0,0.0385947955390334,0.0308531598513011,0.0127100371747211,0.1616747211895911,0.0380557620817843,0.0,0.0
2015-03-28 14:00:00,3.953748120300752,0.0,0.0,0.0666898496240601,0.0328890977443609,0.5936278195488721,0.5637142857142856,0.101796992481203,0.0,0.0
2015-03-28 15:00:00,1.562945895522388,0.0005055970149253,0.0,0.0657220149253731,0.0273283582089552,0.1142257462686567,0.5296473880597015,0.082320895522388,0.0,0.0
2015-03-28 16:00:00,4.1625130111524165,0.000267657992565,0.0,0.0647137546468401,0.0987825278810408,0.5439479553903346,0.0004107806691449,0.061496282527881,0.0,0.0
2015-03-28 17:00:00,1.3507627118644068,0.0,0.0,0.065015065913371,0.0478079096045197,0.1124670433145009,0.0,0.0415273069679849,0.0,0.0
2015-03-28 18:00:00,0.989868068833652,0.0,0.0,0.0165927342256214,0.0365468451242829,0.0655353728489483,0.0,0.103717017208413,0.0,0.0
2015-03-28 19:00:00,0.9327514124293784,0.0,0.0,0.0706421845574388,0.0472542372881355,0.0,0.0,0.0849642184557438,0.0,0.0
2015-03-28 20:00:00,0.4149626168224298,0.0,0.0,0.0659906542056074,0.0355813084112149,0.0,0.0,0.0864485981308411,0.0,0.0
2015-03-28 21:00:00,0.5453558052434457,0.0,0.0,0.0203352059925093,0.0317265917602996,0.0,0.0,0.0704344569288389,0.1037022471910112,0.0
2015-03-28 22:00:00,0.2728472998137802,0.0,0.0,0.0705344506517691,0.0315698324022346,0.0,0.0,0.0457858472998137,0.0,0.0
2015-03-28 23:00:00,0.2404629629629629,0.0,0.0,0.0536462962962962,0.0300185185185185,0.0,0.0,0.0462351851851851,0.0,0.0
2015-03-29 00:00:00,0.2333816793893129,0.0,0.0,0.0324293893129771,0.0285324427480916,0.0,0.0,0.0472709923664122,0.0,0.0
2015-03-29 01:00:00,,,,,,,,,,
2015-03-29 02:00:00,0.2562067039106145,0.0,0.0,0.0672942271880819,0.0275921787709497,0.0,0.0,0.0459124767225325,0.0,0.0
2015-03-29 03:00:00,0.2277638376383763,0.0,0.0,0.0219428044280442,0.0295184501845018,0.0,0.0,0.0458837638376383,0.0,0.0
2015-03-29 04:00:00,0.2466977611940298,0.0,0.0,0.0646268656716417,0.0266026119402985,0.0,0.0,0.045981343283582,0.0,0.0
2015-03-29 05:00:00,0.2441959334565619,0.0,0.0,0.05171719038817,0.0305878003696857,0.0,0.0,0.0461571164510166,0.0,0.0
2015-03-29 06:00:00,0.4824674115456238,0.0,0.0,0.0374972067039106,0.0269348230912476,0.0,0.0,0.0463761638733705,0.0,0.0
2015-03-29 07:00:00,0.6078003696857671,0.0,0.0,0.0677319778188539,0.0247338262476894,0.0,0.0,0.0462846580406654,0.0,0.0
2015-03-29 08:00:00,0.6049704251386322,0.0,0.0,0.0182365988909426,0.0299482439926062,0.0,0.0,0.0463456561922365,0.0074861367837338,0.0
2015-03-29 09:00:00,1.580195530726257,0.0,0.0,0.0690633147113594,0.0305400372439478,0.0,0.54775791433892,0.0462625698324022,0.0,0.0
2015-03-29 10:00:00,1.0217242026266415,0.0068442776735459,0.0,0.0550600375234521,0.0873771106941838,0.0,0.0259136960600375,0.0463020637898686,0.0,0.0
2015-03-29 11:00:00,0.7142793296089385,0.0,0.0,0.0288063314711359,0.0443221601489757,0.0,0.3399404096834264,0.0462458100558659,0.0,0.0
2015-03-29 12:00:00,0.3971675977653631,0.0,0.0,0.0673426443202979,0.0383594040968342,0.0,0.0029385474860335,0.0463482309124767,0.0,0.0
2015-03-29 13:00:00,0.3719197761194029,0.0,1.3059701492537312e-05,0.054910447761194,0.0313992537313432,0.0,0.0004160447761194,0.0462798507462686,0.0,0.0
2015-03-29 14:00:00,0.5699529190207157,0.0,0.0,0.0293314500941619,0.0343879472693032,0.0,0.0,0.08069868173258,0.0,0.0
2015-03-29 15:00:00,0.3229606003752345,0.0,0.0,0.0681294559099437,0.0376153846153846,0.0,0.0,0.0990318949343339,0.0,0.0
2015-03-29 16:00:00,0.9030970149253732,0.0,0.0,0.0418171641791044,0.0342555970149253,0.0,0.0,0.0497611940298507,0.0,0.0
2015-03-29 17:00:00,1.1098212290502794,0.0,0.0,0.0423780260707635,0.0383500931098696,0.0,0.0,0.0575940409683426,0.0,0.0
2015-03-29 18:00:00,2.451123595505618,0.0,0.0,0.0663820224719101,0.0451872659176029,0.0122996254681647,1.059739700374532,0.0479363295880149,0.0,0.0
2015-03-29 19:00:00,3.5586104868913857,0.0,0.0,0.0172940074906367,0.03012734082397,0.598250936329588,0.1157153558052434,0.073063670411985,0.0,0.0
2015-03-29 20:00:00,0.6401280602636535,0.0,0.0,0.0687777777777777,0.0236177024482109,0.1031431261770244,0.0,0.1192259887005649,0.0,0.0
2015-03-29 21:00:00,0.3553651685393258,0.0,0.0,0.0170486891385767,0.0510131086142322,0.0,0.0,0.0870280898876404,0.0,0.0
2015-03-29 22:00:00,0.3199406307977737,0.0,0.0,0.0690853432282003,0.0369833024118738,0.0,0.0,0.0427142857142857,0.0,0.0
2015-03-29 23:00:00,0.22305,0.0,0.0,0.0224018518518518,0.0347462962962962,0.0,0.0,0.0377259259259259,0.0,0.0
2015-03-30 00:00:00,0.2351539888682745,0.0,0.0,0.063786641929499,0.0315027829313543,0.0,0.0,0.0381280148423005,0.0,0.0
2015-03-30 01:00:00,0.2726421845574387,0.0,0.0,0.0231845574387947,0.0993502824858757,0.0,0.0,0.0378549905838041,0.0,0.0
2015-03-30 02:00:00,0.2601219963031423,0.0,0.0,0.0618817005545286,0.0447966728280961,0.0,0.0,0.0379426987060998,0.0,0.0
2015-03-30 03:00:00,0.2260537037037037,0.0,0.0,0.0150925925925925,0.03525,0.0,0.0,0.0378925925925925,0.0,0.0
2015-03-30 04:00:00,0.2515157699443414,0.0,0.0,0.070077922077922,0.0334452690166975,0.0,0.0,0.0377773654916512,0.0,0.0
2015-03-30 05:00:00,0.3889444444444445,0.0,0.0,0.0149055555555555,0.0280185185185185,0.0,0.0,0.0376444444444444,0.0,0.0
2015-03-30 06:00:00,0.3980541044776119,0.0,0.0,0.0544029850746268,0.0313880597014925,0.0,0.0,0.0379701492537313,0.0,0.0
2015-03-30 07:00:00,0.4489334565619223,0.0,0.0,0.0325138632162661,0.0261164510166358,0.0,0.0,0.037626617375231,0.0,0.0
2015-03-30 08:00:00,0.3024407407407407,0.0,0.0,0.0360388888888888,0.0282203703703703,0.0,0.0,0.0377351851851851,0.0,0.0
2015-03-30 09:00:00,0.6937777777777778,0.0,0.0,0.0576592592592592,0.0256518518518518,0.0,0.0,0.0374518518518518,0.0,0.0
2015-03-30 10:00:00,2.443609615384616,0.0,0.0,0.0192673076923076,0.0308865384615384,0.0174903846153846,0.5440076923076923,0.0376865384615384,0.0,0.0
2015-03-30 11:00:00,2.098274582560297,0.0,0.003634508348794,0.0681595547309833,0.0260538033395176,0.5987309833024119,0.025621521335807,0.0376938775510204,0.0,0.0
2015-03-30 12:00:00,0.8361161048689139,0.0,0.1305299625468164,0.0175468164794007,0.0300955056179775,0.0987191011235955,0.3230468164794007,0.0376985018726591,0.0,0.0
2015-03-30 13:00:00,0.255574074074074,0.0,0.0,0.0693037037037037,0.0264481481481481,0.0,0.0029907407407407,0.0377185185185185,0.0,0.0
2015-03-30 14:00:00,0.2691118881118881,0.0,0.0,0.0171375291375291,0.0266783216783216,0.0,0.0002587412587412,0.0375827505827505,0.0,0.0
2015-03-30 15:00:00,0.3789624765478424,0.0,0.0,0.0702664165103189,0.0268461538461538,0.0,0.0,0.0375253283302063,0.0,0.0
2015-03-30 16:00:00,0.4398752327746741,0.0,0.0,0.0430800744878957,0.0274022346368715,0.0,0.0,0.0375865921787709,0.0,0.0
2015-03-30 17:00:00,0.2573444444444444,0.0,0.0,0.0440407407407407,0.0287962962962963,0.0,0.0,0.0377296296296296,0.0,0.0
2015-03-30 18:00:00,0.3524671669793621,0.0,0.0,0.0673208255159474,0.0274390243902439,0.0,0.0,0.0467242026266416,0.0,0.0
2015-03-30 19:00:00,0.6288870056497174,0.0,0.0,0.018457627118644,0.0904293785310734,0.0,0.0,0.0564764595103578,0.0,0.0
2015-03-30 20:00:00,0.4431735074626866,0.0,0.0,0.0688712686567164,0.0501082089552238,0.0,0.0,0.075695895522388,0.0,0.0
2015-03-30 21:00:00,0.366974074074074,0.0,0.0,0.0375962962962962,0.0386203703703703,0.0,0.0,0.0618203703703703,0.0,0.0
2015-03-30 22:00:00,0.2355865921787709,0.0,0.0,0.049292364990689,0.0331191806331471,0.0,0.0,0.0377206703910614,0.0,0.0
2015-03-30 23:00:00,0.2372728937728938,0.0,0.0,0.0674340659340659,0.0294065934065934,0.0,0.0,0.0384010989010989,0.0,0.0
2015-03-31 00:00:00,0.2039165120593692,0.0,0.0,0.0162615955473098,0.0269554730983302,0.0,0.0,0.0378775510204081,0.0,0.0
2015-03-31 01:00:00,0.2308671726755218,0.0,0.0,0.0710265654648956,0.0252827324478178,0.0,0.0,0.0377457305502846,0.0,0.0
2015-03-31 02:00:00,0.2286920222634508,0.0,0.0,0.0667513914656771,0.0216512059369202,0.0,0.0,0.0377495361781076,0.0,0.0
2015-03-31 03:00:00,0.2159796296296296,0.0,0.0,0.0151166666666666,0.0391777777777777,0.0,0.0,0.0378537037037037,0.0,0.0
2015-03-31 04:00:00,0.2256683168316831,0.0,0.0,0.0718316831683168,0.0197376237623762,0.0,0.0,0.0375544554455445,0.0,0.0
2015-03-31 05:00:00,,,,,,,,,,
2015-03-31 06:00:00,,,,,,,,,,
2015-03-31 07:00:00,,,,,,,,,,
2015-03-31 08:00:00,,,,,,,,,,
2015-03-31 09:00:00,,,,,,,,,,
2015-03-31 10:00:00,,,,,,,,,,
2015-03-31 11:00:00,,,,,,,,,,
2015-03-31 12:00:00,,,,,,,,,,
2015-03-31 13:00:00,,,,,,,,,,
2015-03-31 14:00:00,,,,,,,,,,
2015-03-31 15:00:00,,,,,,,,,,
2015-03-31 16:00:00,,,,,,,,,,
2015-03-31 17:00:00,,,,,,,,,,
2015-03-31 18:00:00,,,,,,,,,,
2015-03-31 19:00:00,,,,,,,,,,
2015-03-31 20:00:00,,,,,,,,,,
2015-03-31 21:00:00,,,,,,,,,,
2015-03-31 22:00:00,,,,,,,,,,
2015-03-31 23:00:00,,,,,,,,,,
2015-04-01 00:00:00,,,,,,,,,,
2015-04-01 01:00:00,,,,,,,,,,
2015-04-01 02:00:00,,,,,,,,,,
2015-04-01 03:00:00,,,,,,,,,,
2015-04-01 04:00:00,,,,,,,,,,
2015-04-01 05:00:00,,,,,,,,,,
2015-04-01 06:00:00,,,,,,,,,,
2015-04-01 07:00:00,,,,,,,,,,
2015-04-01 08:00:00,,,,,,,,,,
2015-04-01 09:00:00,,,,,,,,,,
2015-04-01 10:00:00,,,,,,,,,,
2015-04-01 11:00:00,,,,,,,,,,
2015-04-01 12:00:00,,,,,,,,,,
2015-04-01 13:00:00,,,,,,,,,,
2015-04-01 14:00:00,,,,,,,,,,
2015-04-01 15:00:00,,,,,,,,,,
2015-04-01 16:00:00,0.9063456790123458,0.0,0.0,0.0668395061728395,0.0358086419753086,0.0,0.6259444444444444,0.0370246913580246,0.0,0.0
2015-04-01 17:00:00,0.2472081911262798,0.0,0.0,0.0243651877133105,0.0340580204778157,0.0,0.0027815699658703,0.0379795221843003,0.0,0.0
2015-04-01 18:00:00,0.3229664429530201,0.0,0.0,0.0703355704697986,0.0333288590604026,0.0,0.0019597315436241,0.0375872483221476,0.0,0.0
2015-04-01 19:00:00,1.8293696369636965,0.0,0.0,0.0676369636963696,0.0407854785478547,0.0,0.0,0.041069306930693,0.0,0.0059141914191419
2015-04-01 20:00:00,1.0803354838709676,0.0,0.0,0.0236548387096774,0.0522806451612903,0.0,0.0,0.0525354838709677,0.0,0.0
2015-04-01 21:00:00,0.5088827361563518,0.0,0.0,0.0708175895765472,0.0533094462540716,0.0,0.0,0.1011596091205211,0.0,0.0
2015-04-01 22:00:00,0.3515522875816994,0.0,0.0,0.067875816993464,0.0379771241830065,0.0,0.0,0.0580686274509803,0.0,0.0
2015-04-01 23:00:00,0.246051948051948,0.0,0.0,0.0667240259740259,0.0366915584415584,0.0,0.0,0.0381396103896103,0.0,0.0
2015-04-02 00:00:00,0.2864196721311475,0.0,0.0,0.0667901639344262,0.0962622950819672,0.0,0.0,0.038911475409836,0.0,0.0
2015-04-02 01:00:00,0.259185667752443,0.0,0.0,0.0666188925081433,0.0521172638436482,0.0,0.0,0.0380390879478827,0.0,0.0
2015-04-02 02:00:00,0.2264645161290322,0.0,0.0,0.0241451612903225,0.0422419354838709,0.0,0.0,0.0378387096774193,0.0,0.0
2015-04-02 03:00:00,0.2441548387096774,0.0,0.0,0.0697903225806451,0.0336,0.0,0.0,0.0379258064516129,0.0,0.0
2015-04-02 04:00:00,0.2453790849673202,0.0,0.0,0.0515653594771241,0.0323562091503267,0.0,0.0,0.0376503267973856,0.0,0.0
2015-04-02 05:00:00,0.4384276527331189,0.0,0.0,0.0405305466237942,0.0338424437299035,0.0,0.0,0.0376463022508038,0.0,0.0
2015-04-02 06:00:00,0.4095335463258786,0.0,0.0,0.0677507987220447,0.031702875399361,0.0,0.0,0.0376709265175718,0.0,0.0
2015-04-02 07:00:00,0.4793636363636364,0.0,0.0,0.02325,0.0346493506493506,0.0,0.0,0.0660876623376623,0.0,0.0
2015-04-02 08:00:00,0.3261089743589743,0.0,0.0,0.0687564102564102,0.0242467948717948,0.0,0.0,0.0675897435897436,0.0,0.0
2015-04-02 09:00:00,0.567192926045016,0.0,0.1693118971061093,0.0214437299035369,0.0486881028938906,0.0,0.0,0.0376430868167202,0.0203440514469453,0.0
2015-04-02 10:00:00,3.1849055374592834,0.0,0.0,0.0688599348534202,0.0300097719869706,0.4111954397394137,0.5609381107491856,0.038214983713355,0.0,0.0
2015-04-02 11:00:00,1.882577922077922,0.0,0.0,0.068577922077922,0.0282922077922077,0.252487012987013,0.1962142857142857,0.0376461038961038,0.0,0.0
2015-04-02 12:00:00,0.501797385620915,0.0,0.0,0.0672581699346405,0.0332614379084967,0.0742581699346405,0.1565882352941176,0.0389183006535947,0.0,0.0
2015-04-02 13:00:00,0.385826923076923,0.0,0.0,0.0666602564102564,0.0284775641025641,0.0,0.002826923076923,0.0376634615384615,0.0,0.0
2015-04-02 14:00:00,0.2813721682847896,0.0,0.0044660194174757,0.0664886731391585,0.0252653721682847,0.0,0.0,0.0380776699029126,0.0,0.0
2015-04-02 15:00:00,0.4816045751633987,0.0,0.0926699346405228,0.0477777777777777,0.1029673202614379,0.0,0.0,0.0376176470588235,0.0,0.0
2015-04-02 16:00:00,0.281466275659824,0.0,0.0,0.0527067448680351,0.0432316715542522,0.0,0.0,0.0376539589442815,0.0364281524926686,0.0
2015-04-02 17:00:00,0.2795232774674115,0.0,0.0,0.0682737430167597,0.038145251396648,0.0,0.0,0.037608938547486,0.0,0.0
2015-04-02 18:00:00,0.6840132075471699,0.0,0.0,0.0238150943396226,0.0382735849056603,0.0,0.0,0.0378452830188679,0.0,0.0
2015-04-02 19:00:00,3.377026565464896,0.0,0.0,0.065639468690702,0.0369297912713472,0.6009544592030361,0.0,0.0524914611005692,0.0,0.0
2015-04-02 20:00:00,0.7927616387337058,0.0,0.0,0.046437616387337,0.034461824953445,0.1254040968342644,0.0,0.1032588454376163,0.0,0.0
2015-04-02 21:00:00,0.3548220973782771,0.0,0.0,0.0414812734082397,0.0295205992509363,0.001065543071161,0.0,0.1038426966292134,0.0,0.0
2015-04-02 22:00:00,0.3103016759776536,0.0,0.0,0.0683016759776536,0.0299404096834264,0.0,0.0,0.0487039106145251,0.0,0.0
2015-04-02 23:00:00,0.2217655677655677,0.0,0.0,0.0208333333333333,0.0343333333333333,0.0,0.0,0.0386062271062271,0.0,0.0
2015-04-03 00:00:00,0.2366159554730983,0.0,0.0,0.0696920222634508,0.0262282003710575,0.0,0.0,0.0405473098330241,0.0,0.0
2015-04-03 01:00:00,0.2183194805194805,0.0,0.0,0.0152597402597402,0.0351454545454545,0.0,0.0,0.039851948051948,0.0,0.0
2015-04-03 02:00:00,,,,,,,,,,
2015-04-03 03:00:00,,,,,,,,,,
2015-04-03 04:00:00,,,,,,,,,,
2015-04-03 05:00:00,,,,,,,,,,
2015-04-03 06:00:00,,,,,,,,,,
2015-04-03 07:00:00,,,,,,,,,,
2015-04-03 08:00:00,,,,,,,,,,
2015-04-03 09:00:00,,,,,,,,,,
2015-04-03 10:00:00,,,,,,,,,,
2015-04-03 11:00:00,,,,,,,,,,
2015-04-03 12:00:00,,,,,,,,,,
2015-04-03 13:00:00,,,,,,,,,,
2015-04-03 14:00:00,,,,,,,,,,
2015-04-03 15:00:00,,,,,,,,,,
2015-04-03 16:00:00,,,,,,,,,,
2015-04-03 17:00:00,,,,,,,,,,
2015-04-03 18:00:00,,,,,,,,,,
2015-04-03 19:00:00,,,,,,,,,,
2015-04-03 20:00:00,,,,,,,,,,
2015-04-03 21:00:00,,,,,,,,,,
2015-04-03 22:00:00,,,,,,,,,,
2015-04-03 23:00:00,,,,,,,,,,
2015-04-04 00:00:00,,,,,,,,,,
2015-04-04 01:00:00,,,,,,,,,,
2015-04-04 02:00:00,,,,,,,,,,
2015-04-04 03:00:00,,,,,,,,,,
2015-04-04 04:00:00,,,,,,,,,,
2015-04-04 05:00:00,,,,,,,,,,
2015-04-04 06:00:00,,,,,,,,,,
2015-04-04 07:00:00,,,,,,,,,,
2015-04-04 08:00:00,,,,,,,,,,
2015-04-04 09:00:00,,,,,,,,,,
2015-04-04 10:00:00,,,,,,,,,,
2015-04-04 11:00:00,,,,,,,,,,
2015-04-04 12:00:00,,,,,,,,,,
2015-04-04 13:00:00,,,,,,,,,,
2015-04-04 14:00:00,,,,,,,,,,
2015-04-04 15:00:00,,,,,,,,,,
2015-04-04 16:00:00,,,,,,,,,,
2015-04-04 17:00:00,,,,,,,,,,
2015-04-04 18:00:00,,,,,,,,,,
2015-04-04 19:00:00,,,,,,,,,,
2015-04-04 20:00:00,,,,,,,,,,
2015-04-04 21:00:00,,,,,,,,,,
2015-04-04 22:00:00,,,,,,,,,,
2015-04-04 23:00:00,,,,,,,,,,
2015-04-05 00:00:00,,,,,,,,,,
