time,main
2025-07-02 00:00:00,0.0003260000000009
2025-07-02 01:00:00,0.0003209999999962
2025-07-02 02:00:00,0.0003250000000043
2025-07-02 03:00:00,0.0003159999999988
2025-07-02 04:00:00,0.0009700000000011
2025-07-02 05:00:00,1e-06
2025-07-02 06:00:00,5.2999999999884e-05
2025-07-02 07:00:00,1e-06
2025-07-02 08:00:00,1e-06
2025-07-02 09:00:00,1e-06
2025-07-02 10:00:00,1e-06
2025-07-02 11:00:00,1e-06
2025-07-02 12:00:00,1e-06
2025-07-02 13:00:00,1e-06
2025-07-02 14:00:00,1e-06
2025-07-02 15:00:00,1e-06
2025-07-02 16:00:00,5.1999999996042e-05
2025-07-02 17:00:00,1.9000000000233e-05
2025-07-02 18:00:00,0.0002969999999986
2025-07-02 19:00:00,0.001122000000003
2025-07-02 20:00:00,0.0004629999999961
2025-07-02 21:00:00,0.0003480000000054
2025-07-02 22:00:00,0.0003309999999983
2025-07-02 23:00:00,0.0003130000000019
2025-07-03 00:00:00,0.0003220000000001
2025-07-03 01:00:00,0.0003129999999946
2025-07-03 02:00:00,0.0010420000000013
2025-07-03 03:00:00,0.0003740000000034
2025-07-03 04:00:00,0.0003159999999988
2025-07-03 05:00:00,5.5999999996857e-05
2025-07-03 06:00:00,6.5000000002328e-05
2025-07-03 07:00:00,1e-06
2025-07-03 08:00:00,1e-06
2025-07-03 09:00:00,1e-06
2025-07-03 10:00:00,1.9999999996799e-05
2025-07-03 11:00:00,1e-06
2025-07-03 12:00:00,1e-06
2025-07-03 13:00:00,1.0000000038417e-06
2025-07-03 14:00:00,1.4999999999418e-05
2025-07-03 15:00:00,0.0005029999999969
2025-07-03 16:00:00,0.0004300000000002
2025-07-03 17:00:00,0.0002180000000007
2025-07-03 18:00:00,0.0003139999999984
2025-07-03 19:00:00,0.0005280000000057
2025-07-03 20:00:00,0.0002129999999961
2025-07-03 21:00:00,0.000359000000004
2025-07-03 22:00:00,0.0003209999999962
2025-07-03 23:00:00,0.0004020000000018
2025-07-04 00:00:00,0.000411
2025-07-04 01:00:00,0.0004099999999962
2025-07-04 02:00:00,0.0010490000000063
2025-07-04 03:00:00,0.0003229999999966
2025-07-04 04:00:00,0.0002099999999991
2025-07-04 05:00:00,4.0000000008149006e-06
2025-07-04 06:00:00,3.6000000000058e-05
2025-07-04 07:00:00,1e-06
2025-07-04 08:00:00,1e-06
2025-07-04 09:00:00,1e-06
2025-07-04 10:00:00,1e-06
2025-07-04 11:00:00,1e-06
2025-07-04 12:00:00,1e-06
2025-07-04 13:00:00,1e-06
2025-07-04 14:00:00,1e-06
2025-07-04 15:00:00,1e-06
2025-07-04 16:00:00,1e-06
2025-07-04 17:00:00,0.0065089999999982
2025-07-04 18:00:00,0.0023640000000014
2025-07-04 19:00:00,0.0004140000000043
2025-07-04 20:00:00,0.0003689999999987
2025-07-04 21:00:00,0.0005679999999993
2025-07-04 22:00:00,0.0004020000000018
2025-07-04 23:00:00,0.0003319999999948
2025-07-05 00:00:00,0.0007079999999987
2025-07-05 01:00:00,0.0007530000000042
2025-07-05 02:00:00,0.000324999999997
2025-07-05 03:00:00,0.0003090000000011
2025-07-05 04:00:00,0.0003029999999998
2025-07-05 05:00:00,1.2000000002445e-05
2025-07-05 06:00:00,0.0093119999999981
2025-07-05 07:00:00,0.0004400000000023
2025-07-05 08:00:00,0.0002969999999986
2025-07-05 09:00:00,1.6999999999825e-05
2025-07-05 10:00:00,9.999999965657e-07
2025-07-05 11:00:00,1e-06
2025-07-05 12:00:00,7.000000005064101e-06
2025-07-05 13:00:00,0.000875
2025-07-05 14:00:00,0.0015609999999941
2025-07-05 15:00:00,0.0006160000000018
2025-07-05 16:00:00,0.000673999999999
2025-07-05 17:00:00,1e-06
2025-07-05 18:00:00,1e-06
2025-07-05 19:00:00,0.0006399999999994
2025-07-05 20:00:00,0.0003650000000052
2025-07-05 21:00:00,0.0004859999999971
2025-07-05 22:00:00,0.000411
2025-07-05 23:00:00,0.0003420000000041
2025-07-06 00:00:00,0.0003199999999997
2025-07-06 01:00:00,0.000324999999997
2025-07-06 02:00:00,0.0005429999999978
2025-07-06 03:00:00,0.0008340000000025
2025-07-06 04:00:00,0.0003629999999975
2025-07-06 05:00:00,0.0001569999999992
2025-07-06 06:00:00,0.0002380000000048
2025-07-06 07:00:00,1.4999999999418e-05
2025-07-06 08:00:00,1e-06
2025-07-06 09:00:00,6.9999999977881e-06
2025-07-06 10:00:00,1.600000000326e-05
2025-07-06 11:00:00,2.0000000004075e-06
2025-07-06 12:00:00,2.3999999997613e-05
2025-07-06 13:00:00,0.0016429999999964
2025-07-06 14:00:00,0.0003559999999997
2025-07-06 15:00:00,1.0000000002037e-05
2025-07-06 16:00:00,0.0008340000000025
2025-07-06 17:00:00,0.0001979999999966
2025-07-06 18:00:00,0.0001410000000032
2025-07-06 19:00:00,0.0006719999999986
2025-07-06 20:00:00,0.0002509999999965
2025-07-06 21:00:00,0.0004270000000033
2025-07-06 22:00:00,0.0003870000000024
2025-07-06 23:00:00,0.0004159999999974
2025-07-07 00:00:00,0.0003399999999965
2025-07-07 01:00:00,0.0003389999999999
2025-07-07 02:00:00,0.001106000000007
2025-07-07 03:00:00,0.0003329999999987
2025-07-07 04:00:00,0.0003050000000002
2025-07-07 05:00:00,0.0001559999999954
2025-07-07 06:00:00,0.0009020000000018
2025-07-07 07:00:00,0.0001209999999991
2025-07-07 08:00:00,7.500000000436601e-05
2025-07-07 09:00:00,8.79999999961e-05
2025-07-07 10:00:00,0.0062229999999981
2025-07-07 11:00:00,0.0078280000000013
2025-07-07 12:00:00,0.0068159999999989
2025-07-07 13:00:00,0.0002010000000009
2025-07-07 14:00:00,6.3999999998487e-05
2025-07-07 15:00:00,1e-06
2025-07-07 16:00:00,1e-06
2025-07-07 17:00:00,6.0000000012224e-06
2025-07-07 18:00:00,0.0001240000000034
2025-07-07 19:00:00,5.7999999997264e-05
2025-07-07 20:00:00,0.0004879999999975
2025-07-07 21:00:00,0.0004900000000052
2025-07-07 22:00:00,0.0011619999999966
2025-07-07 23:00:00,0.0003289999999979
2025-07-08 00:00:00,0.0003360000000029
2025-07-08 01:00:00,0.0003210000000035
2025-07-08 02:00:00,0.0003349999999991
2025-07-08 03:00:00,0.0003189999999958
2025-07-08 04:00:00,0.0002969999999986
2025-07-08 05:00:00,0.0008130000000019
2025-07-08 06:00:00,0.0002589999999982
2025-07-08 07:00:00,0.0001150000000052
2025-07-08 08:00:00,0.0005269999999945
2025-07-08 09:00:00,1.0000000002037e-05
2025-07-08 10:00:00,0.0037269999999989
2025-07-08 11:00:00,0.0088660000000018
2025-07-08 12:00:00,0.0053260000000009
2025-07-08 13:00:00,1e-06
2025-07-08 14:00:00,1e-06
2025-07-08 15:00:00,1e-06
2025-07-08 16:00:00,1e-06
2025-07-08 17:00:00,1e-06
2025-07-08 18:00:00,0.0004700000000011
2025-07-08 19:00:00,0.0002479999999995
2025-07-08 20:00:00,0.0002299999999959
2025-07-08 21:00:00,0.0002150000000037
2025-07-08 22:00:00,0.0001619999999966
2025-07-08 23:00:00,0.0001660000000047
2025-07-09 00:00:00,0.0001539999999949
2025-07-09 01:00:00,0.0001710000000021
2025-07-09 02:00:00,0.0008819999999977
2025-07-09 03:00:00,0.0004800000000032
2025-07-09 04:00:00,0.0002710000000006
2025-07-09 05:00:00,0.0019429999999992
2025-07-09 06:00:00,0.0005069999999977
2025-07-09 07:00:00,7.000000005064101e-06
2025-07-09 08:00:00,1e-06
2025-07-09 09:00:00,1e-06
2025-07-09 10:00:00,1e-06
2025-07-09 11:00:00,1e-06
2025-07-09 12:00:00,0.0020239999999976
2025-07-09 13:00:00,0.0007909999999974
2025-07-09 14:00:00,0.0004290000000037
2025-07-09 15:00:00,0.0005889999999999
2025-07-09 16:00:00,0.0007479999999995
2025-07-09 17:00:00,0.0004360000000015
2025-07-09 18:00:00,0.0008809999999939
2025-07-09 19:00:00,0.0022870000000039
2025-07-09 20:00:00,0.0033609999999971
2025-07-09 21:00:00,0.0008110000000015
2025-07-09 22:00:00,0.000273000000001
2025-07-09 23:00:00,0.000283000000003
2025-07-10 00:00:00,0.0006080000000001
2025-07-10 01:00:00,0.0007999999999956
2025-07-10 02:00:00,0.0001719999999986
2025-07-10 03:00:00,0.0001680000000051
2025-07-10 04:00:00,0.000163999999997
2025-07-10 05:00:00,8.6000000002969e-05
2025-07-10 06:00:00,0.010188999999998
2025-07-10 07:00:00,0.0030979999999981
2025-07-10 08:00:00,0.0017220000000016
2025-07-10 09:00:00,0.0017249999999984
2025-07-10 10:00:00,0.0010670000000027
2025-07-10 11:00:00,0.0002949999999982
2025-07-10 12:00:00,0.002489999999998
2025-07-10 13:00:00,0.0014040000000023
2025-07-10 14:00:00,3.1999999999243e-05
2025-07-10 15:00:00,1.6999999999825e-05
2025-07-10 16:00:00,0.0011410000000033
2025-07-10 17:00:00,0.0010859999999957
2025-07-10 18:00:00,0.0012309999999998
2025-07-10 19:00:00,1.0000000002037e-05
2025-07-10 20:00:00,0.0002699999999968
2025-07-10 21:00:00,0.0007590000000054
2025-07-10 22:00:00,0.0009099999999962
2025-07-10 23:00:00,0.0001909999999988
2025-07-11 00:00:00,0.000173999999999
2025-07-11 01:00:00,0.0001550000000061
2025-07-11 02:00:00,0.010238999999994
2025-07-11 03:00:00,0.0001970000000001
2025-07-11 04:00:00,0.0001620000000039
2025-07-11 05:00:00,7.2000000000116e-05
2025-07-11 06:00:00,0.0002169999999969
2025-07-11 07:00:00,1e-06
2025-07-11 08:00:00,1e-06
2025-07-11 09:00:00,1e-06
2025-07-11 10:00:00,2.900000000227e-05
2025-07-11 11:00:00,4.8999999999068994e-05
2025-07-11 12:00:00,2.3999999997613e-05
2025-07-11 13:00:00,2.4000000004889e-05
2025-07-11 14:00:00,2.8999999994994e-05
2025-07-11 15:00:00,6.799999999930199e-05
2025-07-11 16:00:00,6.0000000004948e-05
2025-07-11 17:00:00,8.999999998195602e-06
2025-07-11 18:00:00,1e-06
2025-07-11 19:00:00,4.9999999973807e-06
2025-07-11 20:00:00,0.0002309999999997
2025-07-11 21:00:00,0.0003369999999995
2025-07-11 22:00:00,0.0002590000000054
2025-07-11 23:00:00,0.0009300000000002
2025-07-12 00:00:00,0.0001569999999992
2025-07-12 01:00:00,0.0001759999999994
2025-07-12 02:00:00,0.0001619999999966
2025-07-12 03:00:00,0.0001700000000055
2025-07-12 04:00:00,0.0002239999999946
2025-07-12 05:00:00,6.0000000012224e-06
2025-07-12 06:00:00,1.0000000038417e-06
2025-07-12 07:00:00,2.7999999998428e-05
2025-07-12 08:00:00,6.0000000012224e-06
2025-07-12 09:00:00,3.6000000000058e-05
2025-07-12 10:00:00,2.100000000064e-05
2025-07-12 11:00:00,0.0011859999999942
2025-07-12 12:00:00,0.0047320000000036
2025-07-12 13:00:00,0.0037200000000012
2025-07-12 14:00:00,0.0025099999999948
2025-07-12 15:00:00,0.0002820000000065
2025-07-12 16:00:00,1e-06
2025-07-12 17:00:00,1e-06
2025-07-12 18:00:00,1e-06
2025-07-12 19:00:00,1e-06
2025-07-12 20:00:00,0.0001199999999953
2025-07-12 21:00:00,0.0002110000000029
2025-07-12 22:00:00,0.0001699999999982
2025-07-12 23:00:00,0.0001699999999982
2025-07-13 00:00:00,0.0001549999999988
2025-07-13 01:00:00,0.0001680000000051
2025-07-13 02:00:00,0.0002479999999995
2025-07-13 03:00:00,0.0001970000000001
2025-07-13 04:00:00,0.0001429999999963
2025-07-13 05:00:00,4.0000000008149006e-06
2025-07-13 06:00:00,4.4999999998254e-05
2025-07-13 07:00:00,0.0003440000000046
2025-07-13 08:00:00,3.1999999999243e-05
2025-07-13 09:00:00,2.7000000001863e-05
2025-07-13 10:00:00,2.4999999994179e-05
2025-07-13 11:00:00,3.5000000003492e-05
2025-07-13 12:00:00,1.6999999999825e-05
2025-07-13 13:00:00,1.5999999995984003e-05
2025-07-13 14:00:00,2.3000000001048e-05
2025-07-13 15:00:00,5.0000000046566e-06
2025-07-13 16:00:00,1e-06
2025-07-13 17:00:00,0.0002219999999943
2025-07-13 18:00:00,5.9000000001106e-05
2025-07-13 19:00:00,5.7000000000698e-05
2025-07-13 20:00:00,0.0002960000000021
2025-07-13 21:00:00,0.000426999999996
2025-07-13 22:00:00,0.0003420000000041
2025-07-13 23:00:00,0.0010020000000004
2025-07-14 00:00:00,0.0001900000000023
2025-07-14 01:00:00,0.0001719999999986
2025-07-14 02:00:00,0.0001699999999982
2025-07-14 03:00:00,0.0001699999999982
2025-07-14 04:00:00,0.0001180000000022
2025-07-14 05:00:00,0.0012479999999996
2025-07-14 06:00:00,0.0007050000000017
2025-07-14 07:00:00,0.0007509999999965
2025-07-14 08:00:00,0.0011189999999988
2025-07-14 09:00:00,0.0003840000000054
2025-07-14 10:00:00,0.0005569999999934
2025-07-14 11:00:00,0.0009720000000015
2025-07-14 12:00:00,0.0006419999999998
2025-07-14 13:00:00,0.0003199999999997
2025-07-14 14:00:00,6.7000000002736e-05
2025-07-14 15:00:00,2.3000000001048e-05
2025-07-14 16:00:00,5.2999999999884e-05
2025-07-14 17:00:00,1e-06
2025-07-14 18:00:00,5.3999999996449e-05
2025-07-14 19:00:00,0.0003290000000051
2025-07-14 20:00:00,0.0003629999999975
2025-07-14 21:00:00,0.0004769999999989
2025-07-14 22:00:00,0.0004680000000007
2025-07-14 23:00:00,0.0003790000000008
2025-07-15 00:00:00,0.0005889999999999
2025-07-15 01:00:00,0.0006339999999982
2025-07-15 02:00:00,0.0001540000000022
2025-07-15 03:00:00,0.0001690000000016
2025-07-15 04:00:00,0.0001459999999933
2025-07-15 05:00:00,8.8000000003376e-05
2025-07-15 06:00:00,0.0001750000000029
2025-07-15 07:00:00,4.9999999973807e-06
2025-07-15 08:00:00,1.600000000326e-05
2025-07-15 09:00:00,1e-06
2025-07-15 10:00:00,1e-06
2025-07-15 11:00:00,1e-06
2025-07-15 12:00:00,6.1999999998079e-05
2025-07-15 13:00:00,0.0008029999999998
2025-07-15 14:00:00,0.0002030000000013
2025-07-15 15:00:00,0.0001959999999962
2025-07-15 16:00:00,9.4000000004598e-05
2025-07-15 17:00:00,0.0002399999999979
2025-07-15 18:00:00,0.0003660000000018
2025-07-15 19:00:00,4.8999999999068994e-05
2025-07-15 20:00:00,0.0004340000000011
2025-07-15 21:00:00,0.0006259999999965
2025-07-15 22:00:00,0.0003960000000006
2025-07-15 23:00:00,0.0001990000000005
2025-07-16 00:00:00,0.0001599999999962
2025-07-16 01:00:00,0.0004570000000021
2025-07-16 02:00:00,0.0008179999999993
2025-07-16 03:00:00,0.0002010000000009
2025-07-16 04:00:00,0.0001560000000026
2025-07-16 05:00:00,1e-06
2025-07-16 06:00:00,4.8999999999068994e-05
2025-07-16 07:00:00,1e-06
2025-07-16 08:00:00,1e-06
2025-07-16 09:00:00,1e-06
2025-07-16 10:00:00,1e-06
2025-07-16 11:00:00,1e-06
2025-07-16 12:00:00,1e-06
2025-07-16 13:00:00,1e-06
2025-07-16 14:00:00,1e-06
2025-07-16 15:00:00,1e-06
2025-07-16 16:00:00,1e-06
2025-07-16 17:00:00,1e-06
2025-07-16 18:00:00,1e-06
2025-07-16 19:00:00,0.0002129999999961
2025-07-16 20:00:00,0.0006860000000015
2025-07-16 21:00:00,0.0007370000000009
2025-07-16 22:00:00,0.0003009999999994
2025-07-16 23:00:00,0.0003009999999994
2025-07-17 00:00:00,0.0002039999999979
2025-07-17 01:00:00,0.0005380000000004
2025-07-17 02:00:00,0.0006860000000015
2025-07-17 03:00:00,0.000161
2025-07-17 04:00:00,0.0001600000000034
2025-07-17 05:00:00,5.7000000000698e-05
2025-07-17 06:00:00,3.9999999993597e-05
2025-07-17 07:00:00,4.9000000006345e-05
2025-07-17 08:00:00,0.0001729999999952
2025-07-17 09:00:00,2.5000000001455e-05
2025-07-17 10:00:00,5.000000000291e-05
2025-07-17 11:00:00,4.599999999482e-05
2025-07-17 12:00:00,9.1000000000349e-05
2025-07-17 13:00:00,8.499999999912699e-05
2025-07-17 14:00:00,3.0000000042492e-06
2025-07-17 15:00:00,1e-06
2025-07-17 16:00:00,1e-06
2025-07-17 17:00:00,0.0001019999999989
2025-07-17 18:00:00,0.0001489999999976
2025-07-17 19:00:00,0.0003170000000027
2025-07-17 20:00:00,0.0005469999999986
2025-07-17 21:00:00,0.0003819999999977
2025-07-17 22:00:00,0.0002970000000059
2025-07-17 23:00:00,0.000176999999996
2025-07-18 00:00:00,0.0001830000000045
2025-07-18 01:00:00,0.0004739999999947
2025-07-18 02:00:00,0.0007220000000015
2025-07-18 03:00:00,0.0001630000000004
2025-07-18 04:00:00,0.0001730000000024
2025-07-18 05:00:00,0.0001489999999976
2025-07-18 06:00:00,0.0002240000000019
2025-07-18 07:00:00,0.0002439999999987
2025-07-18 08:00:00,5.2999999999884e-05
2025-07-18 09:00:00,0.0001579999999958
2025-07-18 10:00:00,1e-06
2025-07-18 11:00:00,1e-06
2025-07-18 12:00:00,1e-06
2025-07-18 13:00:00,1e-06
2025-07-18 14:00:00,1e-06
2025-07-18 15:00:00,1e-06
2025-07-18 16:00:00,7.3000000003958e-05
2025-07-18 17:00:00,0.000436999999998
2025-07-18 18:00:00,0.0003210000000035
2025-07-18 19:00:00,0.0005849999999991
2025-07-18 20:00:00,0.0008609999999971
2025-07-18 21:00:00,0.0007739999999976
2025-07-18 22:00:00,0.0003210000000035
2025-07-18 23:00:00,0.001101999999999
2025-07-19 00:00:00,0.0004380000000019
2025-07-19 01:00:00,0.0012489999999962
2025-07-19 02:00:00,0.0003440000000046
2025-07-19 03:00:00,0.0003600000000005
2025-07-19 04:00:00,0.0003729999999995
2025-07-19 05:00:00,8.79999999961e-05
2025-07-19 06:00:00,0.0001549999999988
2025-07-19 07:00:00,4.7000000005937e-05
2025-07-19 08:00:00,9.4999999993888e-05
2025-07-19 09:00:00,1.2000000002445e-05
2025-07-19 10:00:00,1.0999999998603e-05
2025-07-19 11:00:00,0.0001270000000004
2025-07-19 12:00:00,4.2000000001281e-05
2025-07-19 13:00:00,2.5000000001455e-05
2025-07-19 14:00:00,1e-06
2025-07-19 15:00:00,1.9999999996799e-05
2025-07-19 16:00:00,0.0001390000000028
2025-07-19 17:00:00,0.0001200000000026
2025-07-19 18:00:00,7.7999999994063e-05
2025-07-19 19:00:00,0.0007060000000055
2025-07-19 20:00:00,0.0002599999999947
2025-07-19 21:00:00,0.0004510000000009
2025-07-19 22:00:00,0.0004780000000027
2025-07-19 23:00:00,0.000436999999998
2025-07-20 00:00:00,0.0023740000000034
2025-07-20 01:00:00,0.0003719999999957
2025-07-20 02:00:00,0.0003250000000043
2025-07-20 03:00:00,0.0003269999999975
2025-07-20 04:00:00,0.0003130000000019
2025-07-20 05:00:00,0.0002509999999965
2025-07-20 06:00:00,0.0006529999999984
2025-07-20 07:00:00,0.0003630000000048
2025-07-20 08:00:00,1e-06
2025-07-20 09:00:00,8.000000001629801e-06
2025-07-20 10:00:00,1e-06
2025-07-20 11:00:00,1e-06
2025-07-20 12:00:00,1e-06
2025-07-20 13:00:00,1e-06
2025-07-20 14:00:00,1e-06
2025-07-20 15:00:00,1e-06
2025-07-20 16:00:00,1e-06
2025-07-20 17:00:00,0.0001479999999937
2025-07-20 18:00:00,0.0001990000000005
2025-07-20 19:00:00,0.0014340000000011
2025-07-20 20:00:00,0.0005679999999993
2025-07-20 21:00:00,0.0004919999999983
2025-07-20 22:00:00,0.0003770000000004
2025-07-20 23:00:00,0.0003340000000025
2025-07-21 00:00:00,0.0003340000000025
2025-07-21 01:00:00,0.000311999999998
2025-07-21 02:00:00,0.0003289999999979
2025-07-21 03:00:00,0.0010050000000046
2025-07-21 04:00:00,0.0003269999999975
2025-07-21 05:00:00,0.0001959999999962
2025-07-21 06:00:00,0.0003170000000027
2025-07-21 07:00:00,7.2000000000116e-05
2025-07-21 08:00:00,0.0002059999999983
2025-07-21 09:00:00,0.0002540000000008
2025-07-21 10:00:00,0.0002139999999999
2025-07-21 11:00:00,4.2000000001281e-05
2025-07-21 12:00:00,1e-06
2025-07-21 13:00:00,0.0001690000000016
2025-07-21 14:00:00,0.0002189999999973
2025-07-21 15:00:00,0.0001630000000004
2025-07-21 16:00:00,0.0004329999999972
2025-07-21 17:00:00,8.8000000003376e-05
2025-07-21 18:00:00,0.0003340000000025
2025-07-21 19:00:00,1.299999999901e-05
2025-07-21 20:00:00,0.0002969999999986
2025-07-21 21:00:00,0.001226999999999
2025-07-21 22:00:00,0.000411
2025-07-21 23:00:00,0.0003760000000038
2025-07-22 00:00:00,0.000827999999994
2025-07-22 01:00:00,0.0003190000000031
2025-07-22 02:00:00,0.0003150000000023
2025-07-22 03:00:00,0.0005699999999997
2025-07-22 04:00:00,0.0005899999999965
2025-07-22 05:00:00,0.0003470000000015
2025-07-22 06:00:00,0.000176999999996
2025-07-22 07:00:00,0.0007920000000012
2025-07-22 08:00:00,0.0001050000000032
2025-07-22 09:00:00,0.0002419999999983
2025-07-22 10:00:00,0.0002799999999988
2025-07-22 11:00:00,0.000132000000005
2025-07-22 12:00:00,0.0039470000000001
2025-07-22 13:00:00,0.000400999999998
2025-07-22 14:00:00,4.7999999995227e-05
2025-07-22 15:00:00,0.0001080000000001
2025-07-22 16:00:00,0.0003010000000067
2025-07-22 17:00:00,5.0999999999476e-05
2025-07-22 18:00:00,0.0005439999999944
2025-07-22 19:00:00,0.000161
2025-07-22 20:00:00,0.0012110000000029
2025-07-22 21:00:00,0.0005529999999998
2025-07-22 22:00:00,0.0004830000000001
2025-07-22 23:00:00,0.0003739999999961
2025-07-23 00:00:00,0.0006690000000016
2025-07-23 01:00:00,0.001698000000004
2025-07-23 02:00:00,0.0005420000000012
2025-07-23 03:00:00,0.0003189999999958
2025-07-23 04:00:00,0.0003199999999997
2025-07-23 05:00:00,8.099999999831201e-05
2025-07-23 06:00:00,8.3000000005995e-05
2025-07-23 07:00:00,0.0002049999999944
2025-07-23 08:00:00,0.00075
2025-07-23 09:00:00,9.3000000000757e-05
2025-07-23 10:00:00,0.000109000000004
2025-07-23 11:00:00,2.100000000064e-05
2025-07-23 12:00:00,2.7999999998428e-05
2025-07-23 13:00:00,2.0000000004075e-06
2025-07-23 14:00:00,2.3000000001048e-05
2025-07-23 15:00:00,0.0001599999999962
2025-07-23 16:00:00,2.5000000001455e-05
2025-07-23 17:00:00,6.7000000002736e-05
2025-07-23 18:00:00,0.0001889999999984
2025-07-23 19:00:00,0.0005899999999965
2025-07-23 20:00:00,0.0007180000000007
2025-07-23 21:00:00,0.0006260000000038
2025-07-23 22:00:00,0.001127999999997
2025-07-23 23:00:00,0.0003499999999985
2025-07-24 00:00:00,0.0012649999999993
2025-07-24 01:00:00,0.0003329999999987
2025-07-24 02:00:00,0.0003160000000061
2025-07-24 03:00:00,0.0003289999999979
2025-07-24 04:00:00,0.0010639999999985
2025-07-24 05:00:00,6.9000000003143e-05
2025-07-24 06:00:00,4.8999999999068994e-05
2025-07-24 07:00:00,0.0001059999999997
2025-07-24 08:00:00,8.000000000174599e-05
2025-07-24 09:00:00,8.5999999995693e-05
2025-07-24 10:00:00,0.000936999999998
2025-07-24 11:00:00,0.0004220000000059
2025-07-24 12:00:00,7.899999999790499e-05
2025-07-24 13:00:00,4.8000000002503e-05
2025-07-24 14:00:00,0.0001649999999935
2025-07-24 15:00:00,3.9000000004307e-05
2025-07-24 16:00:00,3.1999999999243e-05
2025-07-24 17:00:00,0.0002540000000008
2025-07-24 18:00:00,0.0002609999999986
2025-07-24 19:00:00,8.099999999831201e-05
2025-07-24 20:00:00,0.0004760000000023
2025-07-24 21:00:00,0.0005550000000002
2025-07-24 22:00:00,0.0004740000000019
2025-07-24 23:00:00,0.0003539999999993
2025-07-25 00:00:00,0.0009479999999966
2025-07-25 01:00:00,0.0014429999999992
2025-07-25 02:00:00,0.0003159999999988
2025-07-25 03:00:00,0.0003890000000028
2025-07-25 04:00:00,0.0003499999999985
2025-07-25 05:00:00,0.0002740000000048
2025-07-25 06:00:00,7.899999999790499e-05
2025-07-25 07:00:00,0.0002949999999982
2025-07-25 08:00:00,1.6999999999825e-05
2025-07-25 09:00:00,0.000275999999998
2025-07-25 10:00:00,1e-06
2025-07-25 11:00:00,1e-06
2025-07-25 12:00:00,1e-06
2025-07-25 13:00:00,1e-06
2025-07-25 14:00:00,1e-06
2025-07-25 15:00:00,1e-06
2025-07-25 16:00:00,2.6000000005297e-05
2025-07-25 17:00:00,0.0019470000000001
2025-07-25 18:00:00,0.0001359999999986
2025-07-25 19:00:00,0.0002979999999952
2025-07-25 20:00:00,0.0007940000000016
2025-07-25 21:00:00,0.0008300000000017
2025-07-25 22:00:00,0.0004709999999977
2025-07-25 23:00:00,0.001096000000005
2025-07-26 00:00:00,0.0004059999999954
2025-07-26 01:00:00,0.000661
2025-07-26 02:00:00,0.0008990000000048
2025-07-26 03:00:00,0.000324999999997
2025-07-26 04:00:00,0.0003110000000015
2025-07-26 05:00:00,7.600000000093101e-05
2025-07-26 06:00:00,0.0002039999999979
2025-07-26 07:00:00,0.0005190000000002
2025-07-26 08:00:00,7.0999999996275e-05
2025-07-26 09:00:00,1e-06
2025-07-26 10:00:00,1e-06
2025-07-26 11:00:00,1e-06
2025-07-26 12:00:00,1e-06
2025-07-26 13:00:00,1e-06
2025-07-26 14:00:00,4.6000000002095e-05
2025-07-26 15:00:00,0.0007320000000036
2025-07-26 16:00:00,0.0007369999999937
2025-07-26 17:00:00,0.0001040000000066
2025-07-26 18:00:00,9.7999999998137e-05
2025-07-26 19:00:00,0.0006529999999984
2025-07-26 20:00:00,0.0006679999999978
2025-07-26 21:00:00,0.0011070000000036
2025-07-26 22:00:00,0.0019199999999983
2025-07-26 23:00:00,0.0009250000000029
2025-07-27 00:00:00,0.0003489999999947
2025-07-27 01:00:00,0.0008250000000043
2025-07-27 02:00:00,0.0007449999999953
2025-07-27 03:00:00,0.0003220000000001
2025-07-27 04:00:00,0.0010950000000011
2025-07-27 05:00:00,0.0001750000000029
2025-07-27 06:00:00,0.0004159999999974
2025-07-27 07:00:00,0.0004490000000005
2025-07-27 08:00:00,0.0001070000000036
2025-07-27 09:00:00,1e-06
2025-07-27 10:00:00,1e-06
2025-07-27 11:00:00,9.999999965657e-07
2025-07-27 12:00:00,0.0001640000000043
2025-07-27 13:00:00,1e-06
2025-07-27 14:00:00,1e-06
2025-07-27 15:00:00,1e-06
2025-07-27 16:00:00,1e-06
2025-07-27 17:00:00,0.0004429999999993
2025-07-27 18:00:00,0.0006080000000001
2025-07-27 19:00:00,0.0001990000000005
2025-07-27 20:00:00,0.0003599999999933
2025-07-27 21:00:00,0.000458000000006
2025-07-27 22:00:00,0.0004619999999995
2025-07-27 23:00:00,0.0011159999999945
2025-07-28 00:00:00,0.0003670000000056
2025-07-28 01:00:00,0.0003169999999954
2025-07-28 02:00:00,0.0006170000000056
2025-07-28 03:00:00,0.0011549999999988
2025-07-28 04:00:00,0.0003699999999953
2025-07-28 05:00:00,0.000109000000004
2025-07-28 06:00:00,0.0007469999999957
2025-07-28 07:00:00,0.0002000000000043
2025-07-28 08:00:00,0.0007050000000017
2025-07-28 09:00:00,0.0001269999999931
2025-07-28 10:00:00,0.000135000000002
2025-07-28 11:00:00,0.0002000000000043
2025-07-28 12:00:00,0.0002109999999956
2025-07-28 13:00:00,0.0002180000000007
2025-07-28 14:00:00,0.0001549999999988
2025-07-28 15:00:00,0.000234000000004
2025-07-28 16:00:00,0.0002509999999965
2025-07-28 17:00:00,0.0006790000000037
2025-07-28 18:00:00,0.0009819999999963
2025-07-28 19:00:00,0.0007510000000038
2025-07-28 20:00:00,0.0015
2025-07-28 21:00:00,0.000541999999994
2025-07-28 22:00:00,0.0005300000000061
2025-07-28 23:00:00,0.0005009999999965
2025-07-29 00:00:00,0.001877999999997
2025-07-29 01:00:00,0.0005540000000037
2025-07-29 02:00:00,0.0003419999999969
2025-07-29 03:00:00,0.0003300000000017
2025-07-29 04:00:00,0.0003099999999976
2025-07-29 05:00:00,0.0001260000000038
2025-07-29 06:00:00,0.000135000000002
2025-07-29 07:00:00,0.0001259999999965
2025-07-29 08:00:00,0.001059000000001
2025-07-29 09:00:00,0.0004630000000033
2025-07-29 10:00:00,3.8999999997031e-05
2025-07-29 11:00:00,1.0000000002037e-05
2025-07-29 12:00:00,3.4999999996217e-05
2025-07-29 13:00:00,8.099999999831201e-05
2025-07-29 14:00:00,4.4000000001688e-05
2025-07-29 15:00:00,0.0001240000000034
2025-07-29 16:00:00,4.0000000000873e-05
2025-07-29 17:00:00,1.299999999901e-05
2025-07-29 18:00:00,0.0001419999999998
2025-07-29 19:00:00,0.0001120000000009
2025-07-29 20:00:00,0.0006979999999966
2025-07-29 21:00:00,0.000648000000001
2025-07-29 22:00:00,0.0008629999999975
2025-07-29 23:00:00,0.0008329999999987
2025-07-30 00:00:00,0.0004720000000015
2025-07-30 01:00:00,0.0004630000000033
2025-07-30 02:00:00,0.0008139999999984
2025-07-30 03:00:00,0.0010080000000016
2025-07-30 04:00:00,0.0004559999999983
2025-07-30 05:00:00,0.0008470000000015
2025-07-30 06:00:00,1e-06
2025-07-30 07:00:00,1e-06
2025-07-30 08:00:00,0.0004859999999971
2025-07-30 09:00:00,4.8999999999068994e-05
2025-07-30 10:00:00,1.6999999999825e-05
2025-07-30 11:00:00,1.600000000326e-05
2025-07-30 12:00:00,9.5000000001164e-05
2025-07-30 13:00:00,4.599999999482e-05
2025-07-30 14:00:00,4.6000000002095e-05
2025-07-30 15:00:00,4.2999999997846e-05
2025-07-30 16:00:00,1e-06
2025-07-30 17:00:00,4.7000000005937e-05
2025-07-30 18:00:00,0.0021579999999958
2025-07-30 19:00:00,0.0006059999999997
2025-07-30 20:00:00,0.0005940000000046
2025-07-30 21:00:00,0.0011970000000001
2025-07-30 22:00:00,0.0007949999999982
2025-07-30 23:00:00,0.0005109999999986
2025-07-31 00:00:00,0.0003059999999968
2025-07-31 01:00:00,0.0003199999999997
2025-07-31 02:00:00,0.0003029999999998
2025-07-31 03:00:00,0.0003200000000069
2025-07-31 04:00:00,0.0003939999999929
2025-07-31 05:00:00,0.0008310000000055
2025-07-31 06:00:00,0.0001979999999966
2025-07-31 07:00:00,1e-06
2025-07-31 08:00:00,1e-06
2025-07-31 09:00:00,1e-06
2025-07-31 10:00:00,1e-06
2025-07-31 11:00:00,1e-06
2025-07-31 12:00:00,1e-06
2025-07-31 13:00:00,1e-06
2025-07-31 14:00:00,4.0000000008149006e-06
2025-07-31 15:00:00,1e-06
2025-07-31 16:00:00,1e-06
2025-07-31 17:00:00,7.2000000000116e-05
2025-07-31 18:00:00,1e-06
2025-07-31 19:00:00,9.7999999998137e-05
2025-07-31 20:00:00,0.0004190000000016
2025-07-31 21:00:00,0.0008139999999984
2025-07-31 22:00:00,0.0007000000000043
2025-07-31 23:00:00,0.0003479999999981
2025-08-01 00:00:00,0.0003199999999997
2025-08-01 01:00:00,0.0003839999999982
2025-08-01 02:00:00,0.0008539999999993
2025-08-01 03:00:00,0.0003290000000051
2025-08-01 04:00:00,0.0002979999999952
2025-08-01 05:00:00,0.0001440000000002
2025-08-01 06:00:00,0.0004850000000005
2025-08-01 07:00:00,1e-06
2025-08-01 08:00:00,1e-06
2025-08-01 09:00:00,1e-06
2025-08-01 10:00:00,1e-06
2025-08-01 11:00:00,1e-06
2025-08-01 12:00:00,1e-06
2025-08-01 13:00:00,1e-06
2025-08-01 14:00:00,1e-06
2025-08-01 15:00:00,1e-06
2025-08-01 16:00:00,1e-06
2025-08-01 17:00:00,0.0001160000000017
2025-08-01 18:00:00,0.0002099999999991
2025-08-01 19:00:00,0.0001690000000016
2025-08-01 20:00:00,0.0003399999999965
2025-08-01 21:00:00,0.0008580000000001
2025-08-01 22:00:00,0.0014270000000033
2025-08-01 23:00:00,0.0003859999999986
2025-08-02 00:00:00,0.0003380000000033
2025-08-02 01:00:00,0.0003139999999984
2025-08-02 02:00:00,0.000311999999998
2025-08-02 03:00:00,0.0003070000000007
2025-08-02 04:00:00,0.0003099999999976
2025-08-02 05:00:00,0.0002690000000002
2025-08-02 06:00:00,8.499999999912699e-05
2025-08-02 07:00:00,0.0007380000000048
2025-08-02 08:00:00,9.8999999994703e-05
2025-08-02 09:00:00,1e-06
2025-08-02 10:00:00,1e-06
2025-08-02 11:00:00,1e-06
2025-08-02 12:00:00,1e-06
2025-08-02 13:00:00,1e-06
2025-08-02 14:00:00,1e-06
2025-08-02 15:00:00,1e-06
2025-08-02 16:00:00,1e-06
2025-08-02 17:00:00,1e-06
2025-08-02 18:00:00,0.0014270000000033
2025-08-02 19:00:00,0.000650999999998
2025-08-02 20:00:00,0.0013320000000022
2025-08-02 21:00:00,0.0008490000000019
2025-08-02 22:00:00,0.0005829999999987
2025-08-02 23:00:00,0.0004209999999948
2025-08-03 00:00:00,0.0003220000000001
2025-08-03 01:00:00,0.0003220000000001
2025-08-03 02:00:00,0.0003050000000002
2025-08-03 03:00:00,0.0010770000000047
2025-08-03 04:00:00,0.0003039999999964
2025-08-03 05:00:00,0.0003199999999997
2025-08-03 06:00:00,0.010612000000001
2025-08-03 07:00:00,0.0052130000000034
2025-08-03 08:00:00,4.3999999994412e-05
2025-08-03 09:00:00,1e-06
2025-08-03 10:00:00,1e-06
2025-08-03 11:00:00,4.4000000001688e-05
2025-08-03 12:00:00,2.7999999998428e-05
2025-08-03 13:00:00,4.0000000008149006e-06
2025-08-03 14:00:00,1e-06
2025-08-03 15:00:00,1e-06
2025-08-03 16:00:00,1e-06
2025-08-03 17:00:00,0.0001470000000044
2025-08-03 18:00:00,0.000439999999995
2025-08-03 19:00:00,0.0006229999999995
2025-08-03 20:00:00,0.0005490000000063
2025-08-03 21:00:00,0.0009089999999996
2025-08-03 22:00:00,0.000574999999997
2025-08-03 23:00:00,0.0003680000000022
2025-08-04 00:00:00,0.0003070000000007
2025-08-04 01:00:00,0.000324999999997
2025-08-04 02:00:00,0.0003040000000037
2025-08-04 03:00:00,0.000324999999997
2025-08-04 04:00:00,0.0003079999999972
2025-08-04 05:00:00,0.000109000000004
2025-08-04 06:00:00,0.0001149999999979
2025-08-04 07:00:00,5.7000000000698e-05
2025-08-04 08:00:00,0.0003899999999994
2025-08-04 09:00:00,0.0003969999999972
2025-08-04 10:00:00,0.0004120000000039
2025-08-04 11:00:00,0.000413999999997
2025-08-04 12:00:00,0.0055940000000046
2025-08-04 13:00:00,0.0006599999999962
2025-08-04 14:00:00,0.0002459999999991
2025-08-04 15:00:00,0.0004320000000007
2025-08-04 16:00:00,1e-06
2025-08-04 17:00:00,0.0008539999999993
2025-08-04 18:00:00,0.0011470000000044
2025-08-04 19:00:00,0.0006189999999987
2025-08-04 20:00:00,0.0005800000000017
2025-08-04 21:00:00,0.001288999999997
2025-08-04 22:00:00,0.000408000000003
2025-08-04 23:00:00,0.0006719999999986
2025-08-05 00:00:00,0.0009419999999954
2025-08-05 01:00:00,0.0003050000000002
2025-08-05 02:00:00,0.0003290000000051
2025-08-05 03:00:00,0.000301999999996
2025-08-05 04:00:00,0.0003680000000022
2025-08-05 05:00:00,0.0009219999999986
2025-08-05 06:00:00,4.0000000008149006e-06
2025-08-05 07:00:00,5.9999999997672e-05
2025-08-05 08:00:00,0.0001949999999997
2025-08-05 09:00:00,9.1000000000349e-05
2025-08-05 10:00:00,0.0015089999999982
2025-08-05 11:00:00,0.0013730000000069
2025-08-05 12:00:00,0.0009149999999936
2025-08-05 13:00:00,0.0008290000000051
2025-08-05 14:00:00,0.0011239999999962
2025-08-05 15:00:00,0.0014490000000005
2025-08-05 16:00:00,2.0000000004075003e-05
2025-08-05 17:00:00,0.0004929999999949
2025-08-05 18:00:00,0.0006949999999997
2025-08-05 19:00:00,0.0016280000000042
2025-08-05 20:00:00,0.0005849999999991
2025-08-05 21:00:00,0.0005020000000004
2025-08-05 22:00:00,0.0005210000000006
2025-08-05 23:00:00,0.0003799999999973
2025-08-06 00:00:00,0.0003159999999988
2025-08-06 01:00:00,0.0003150000000023
2025-08-06 02:00:00,0.0003459999999977
2025-08-06 03:00:00,0.0009820000000036
2025-08-06 04:00:00,0.0003940000000002
2025-08-06 05:00:00,0.0001279999999969
2025-08-06 06:00:00,1e-06
2025-08-06 07:00:00,0.0009559999999983
2025-08-06 08:00:00,3.6000000000058e-05
2025-08-06 09:00:00,1e-06
2025-08-06 10:00:00,7.8000000001339e-05
2025-08-06 11:00:00,1e-06
2025-08-06 12:00:00,1e-06
2025-08-06 13:00:00,1e-06
2025-08-06 14:00:00,1e-06
2025-08-06 15:00:00,1e-06
2025-08-06 16:00:00,0.0019110000000001
2025-08-06 17:00:00,0.0012220000000016
2025-08-06 18:00:00,6.0000000012224e-06
2025-08-06 19:00:00,0.0001209999999991
2025-08-06 20:00:00,0.0010420000000013
2025-08-06 21:00:00,0.0010579999999973
2025-08-06 22:00:00,0.000423999999999
2025-08-06 23:00:00,0.0003559999999997
2025-08-07 00:00:00,0.0003179999999993
2025-08-07 01:00:00,0.0009820000000036
2025-08-07 02:00:00,0.0003940000000002
2025-08-07 03:00:00,0.0003450000000011
2025-08-07 04:00:00,0.0003220000000001
2025-08-07 05:00:00,0.0001970000000001
2025-08-07 06:00:00,0.0001339999999982
2025-08-07 07:00:00,0.0008559999999997
2025-08-07 08:00:00,0.0009989999999961
2025-08-07 09:00:00,0.0007839999999996
2025-08-07 10:00:00,1e-06
2025-08-07 11:00:00,1e-06
2025-08-07 12:00:00,0.0001510000000053
2025-08-07 13:00:00,6.2999999994645e-05
2025-08-07 14:00:00,6.3000000001921e-05
2025-08-07 15:00:00,0.0006900000000023
2025-08-07 16:00:00,0.0009300000000002
2025-08-07 17:00:00,0.0022189999999973
2025-08-07 18:00:00,0.0037669999999998
2025-08-07 19:00:00,0.0036610000000001
2025-08-07 20:00:00,0.0011779999999999
2025-08-07 21:00:00,0.000632000000005
2025-08-07 22:00:00,0.0006019999999989
2025-08-07 23:00:00,0.0005179999999963
2025-08-08 00:00:00,0.0003179999999993
2025-08-08 01:00:00,0.000875
2025-08-08 02:00:00,0.0006920000000027
2025-08-08 03:00:00,0.0003419999999969
2025-08-08 04:00:00,0.0003220000000001
2025-08-08 05:00:00,0.0001470000000044
2025-08-08 06:00:00,1.4999999999418e-05
2025-08-08 07:00:00,0.0002949999999982
2025-08-08 08:00:00,1e-06
2025-08-08 09:00:00,1e-06
2025-08-08 10:00:00,1e-06
2025-08-08 11:00:00,1e-06
2025-08-08 12:00:00,1e-06
2025-08-08 13:00:00,1e-06
2025-08-08 14:00:00,2.9999999969732e-06
2025-08-08 15:00:00,0.0001059999999997
2025-08-08 16:00:00,9.5000000001164e-05
2025-08-08 17:00:00,0.0001030000000027
2025-08-08 18:00:00,1e-06
2025-08-08 19:00:00,4.6999999998661e-05
2025-08-08 20:00:00,0.0005409999999974
2025-08-08 21:00:00,0.0013370000000068
2025-08-08 22:00:00,0.000387999999999
2025-08-08 23:00:00,0.0003469999999943
2025-08-09 00:00:00,0.0004130000000004
2025-08-09 01:00:00,0.0003630000000048
2025-08-09 02:00:00,0.0003229999999966
2025-08-09 03:00:00,0.0003300000000017
2025-08-09 04:00:00,0.0005800000000017
2025-08-09 05:00:00,0.000561999999998
2025-08-09 06:00:00,1.6999999999825e-05
2025-08-09 07:00:00,0.0039309999999969
2025-08-09 08:00:00,1.0000000002037e-05
2025-08-09 09:00:00,6.0000000012224e-06
2025-08-09 10:00:00,5.9999999997672e-05
2025-08-09 11:00:00,3.1000000002678e-05
2025-08-09 12:00:00,1.4000000002852e-05
2025-08-09 13:00:00,6.799999999930199e-05
2025-08-09 14:00:00,1e-06
2025-08-09 15:00:00,1e-06
2025-08-09 16:00:00,1e-06
2025-08-09 17:00:00,0.0003059999999968
2025-08-09 18:00:00,0.0001520000000018
2025-08-09 19:00:00,0.0001469999999972
2025-08-09 20:00:00,0.0007479999999995
2025-08-09 21:00:00,0.0006640000000043
2025-08-09 22:00:00,0.0003669999999983
2025-08-09 23:00:00,0.0012109999999956
2025-08-10 00:00:00,0.001122000000003
2025-08-10 01:00:00,0.0003660000000018
2025-08-10 02:00:00,0.0003179999999993
2025-08-10 03:00:00,0.0003029999999998
2025-08-10 04:00:00,0.0003070000000007
2025-08-10 05:00:00,0.0001549999999988
2025-08-10 06:00:00,3.8999999997031e-05
2025-08-10 07:00:00,5.9000000001106e-05
2025-08-10 08:00:00,7.1000000003551e-05
2025-08-10 09:00:00,8.699999999953401e-05
2025-08-10 10:00:00,0.0001229999999995
2025-08-10 11:00:00,6.5999999998894e-05
2025-08-10 12:00:00,0.0001080000000001
2025-08-10 13:00:00,0.0001860000000015
2025-08-10 14:00:00,4.6000000002095e-05
2025-08-10 15:00:00,9.999999965657e-07
2025-08-10 16:00:00,0.0001419999999998
2025-08-10 17:00:00,9.3000000000757e-05
2025-08-10 18:00:00,3.1999999999243e-05
2025-08-10 19:00:00,0.0002269999999989
2025-08-10 20:00:00,0.0005880000000033
2025-08-10 21:00:00,0.0005040000000008
2025-08-10 22:00:00,0.0005329999999958
2025-08-10 23:00:00,0.0004670000000041
2025-08-11 00:00:00,0.0003189999999958
2025-08-11 01:00:00,0.0013499999999985
2025-08-11 02:00:00,0.000911
2025-08-11 03:00:00,0.0003130000000019
2025-08-11 04:00:00,0.0003079999999972
2025-08-11 05:00:00,0.0001600000000034
2025-08-11 06:00:00,4.4000000001688e-05
2025-08-11 07:00:00,2.100000000064e-05
2025-08-11 08:00:00,0.0004130000000004
2025-08-11 09:00:00,1.6999999999825e-05
2025-08-11 10:00:00,1e-06
2025-08-11 11:00:00,1.0999999998603e-05
2025-08-11 12:00:00,2.9999999969732e-06
2025-08-11 13:00:00,1e-06
2025-08-11 14:00:00,1e-06
2025-08-11 15:00:00,1e-06
2025-08-11 16:00:00,1e-06
2025-08-11 17:00:00,1e-06
2025-08-11 18:00:00,1e-06
2025-08-11 19:00:00,0.000145000000004
2025-08-11 20:00:00,0.0004719999999943
2025-08-11 21:00:00,0.0006050000000032
2025-08-11 22:00:00,0.000398000000001
2025-08-11 23:00:00,0.0010469999999987
2025-08-12 00:00:00,0.0003559999999997
2025-08-12 01:00:00,0.0003380000000033
2025-08-12 02:00:00,0.0006199999999953
2025-08-12 03:00:00,0.0009130000000004
2025-08-12 04:00:00,0.0003470000000015
2025-08-12 05:00:00,0.0004069999999992
2025-08-12 06:00:00,0.0001209999999991
2025-08-12 07:00:00,0.0013539999999994
2025-08-12 08:00:00,6.1000000001513e-05
2025-08-12 09:00:00,1e-06
2025-08-12 10:00:00,1e-06
2025-08-12 11:00:00,1e-06
2025-08-12 12:00:00,1e-06
2025-08-12 13:00:00,1e-06
2025-08-12 14:00:00,4.0000000008149006e-06
2025-08-12 15:00:00,9.999999965657e-07
2025-08-12 16:00:00,1e-06
2025-08-12 17:00:00,3.1000000002678e-05
2025-08-12 18:00:00,2.9999999969732e-06
2025-08-12 19:00:00,0.000283000000003
2025-08-12 20:00:00,0.000497000000003
2025-08-12 21:00:00,0.0003509999999951
2025-08-12 22:00:00,0.0017390000000014
2025-08-12 23:00:00,0.0003320000000021
2025-08-13 00:00:00,0.0003379999999961
2025-08-13 01:00:00,0.0006710000000021
2025-08-13 02:00:00,0.0008779999999969
2025-08-13 03:00:00,0.0004210000000021
2025-08-13 04:00:00,0.0003630000000048
2025-08-13 05:00:00,0.0008999999999941
2025-08-13 06:00:00,1e-06
2025-08-13 07:00:00,1e-06
2025-08-13 08:00:00,1e-06
2025-08-13 09:00:00,1e-06
2025-08-13 10:00:00,1e-06
2025-08-13 11:00:00,0.0008270000000047
2025-08-13 12:00:00,0.0029939999999987
2025-08-13 13:00:00,0.0005409999999974
2025-08-13 14:00:00,1e-06
2025-08-13 15:00:00,0.0007490000000034
2025-08-13 16:00:00,9.5000000001164e-05
2025-08-13 17:00:00,0.0013929999999964
2025-08-13 18:00:00,0.000275999999998
2025-08-13 19:00:00,0.000596000000005
2025-08-13 20:00:00,0.0011769999999959
2025-08-13 21:00:00,0.0013000000000029
2025-08-13 22:00:00,0.0009380000000019
2025-08-13 23:00:00,0.0004519999999975
2025-08-14 00:00:00,0.0003510000000023
2025-08-14 01:00:00,0.0003329999999987
2025-08-14 02:00:00,0.0011460000000006
2025-08-14 03:00:00,0.0003159999999988
2025-08-14 04:00:00,0.000311999999998
2025-08-14 05:00:00,0.0002560000000012
2025-08-14 06:00:00,0.0003410000000003
2025-08-14 07:00:00,2.900000000227e-05
2025-08-14 08:00:00,1e-06
2025-08-14 09:00:00,0.0002409999999945
2025-08-14 10:00:00,1e-06
2025-08-14 11:00:00,1e-06
2025-08-14 12:00:00,1e-06
2025-08-14 13:00:00,1e-06
2025-08-14 14:00:00,1e-06
2025-08-14 15:00:00,0.002099000000002
2025-08-14 16:00:00,0.0062010000000009
2025-08-14 17:00:00,0.0022609999999986
2025-08-14 18:00:00,4.4999999998254e-05
2025-08-14 19:00:00,0.0003600000000005
2025-08-14 20:00:00,0.0007249999999985
2025-08-14 21:00:00,0.0010509999999994
2025-08-14 22:00:00,0.0005080000000016
2025-08-14 23:00:00,0.000423999999999
2025-08-15 00:00:00,0.0003140000000057
2025-08-15 01:00:00,0.0003220000000001
2025-08-15 02:00:00,0.0003059999999968
2025-08-15 03:00:00,0.0003220000000001
2025-08-15 04:00:00,0.0009979999999995
2025-08-15 05:00:00,0.0001980000000039
2025-08-15 06:00:00,5.7999999997264e-05
2025-08-15 07:00:00,2.900000000227e-05
2025-08-15 08:00:00,1.299999999901e-05
2025-08-15 09:00:00,0.0002049999999944
2025-08-15 10:00:00,3.0000000042492e-06
2025-08-15 11:00:00,2.100000000064e-05
2025-08-15 12:00:00,1e-06
2025-08-15 13:00:00,1e-06
2025-08-15 14:00:00,1e-06
2025-08-15 15:00:00,0.0003819999999977
2025-08-15 16:00:00,0.0005939999999973
2025-08-15 17:00:00,0.0004670000000041
2025-08-15 18:00:00,0.0006059999999997
2025-08-15 19:00:00,0.0020349999999962
2025-08-15 20:00:00,0.000721000000005
2025-08-15 21:00:00,0.0005250000000014
2025-08-15 22:00:00,0.0005089999999982
2025-08-15 23:00:00,0.0003859999999986
2025-08-16 00:00:00,0.0003229999999966
2025-08-16 01:00:00,0.0003340000000025
2025-08-16 02:00:00,0.0003439999999973
2025-08-16 03:00:00,0.0009910000000018
2025-08-16 04:00:00,0.0003960000000006
2025-08-16 05:00:00,0.0003430000000007
2025-08-16 06:00:00,0.0004060000000026
2025-08-16 07:00:00,0.0002350000000005
2025-08-16 08:00:00,1e-06
2025-08-16 09:00:00,0.0004839999999967
2025-08-16 10:00:00,9.999999965657e-07
2025-08-16 11:00:00,1e-06
2025-08-16 12:00:00,5.0000000046566e-06
2025-08-16 13:00:00,1e-06
2025-08-16 14:00:00,0.0001189999999987
2025-08-16 15:00:00,6.9000000003143e-05
2025-08-16 16:00:00,6.0999999994237e-05
2025-08-16 17:00:00,0.0006929999999993
2025-08-16 18:00:00,0.0003700000000026
2025-08-16 19:00:00,0.0005670000000027
2025-08-16 20:00:00,0.0011310000000011
2025-08-16 21:00:00,0.0004819999999963
2025-08-16 22:00:00,0.000533000000003
2025-08-16 23:00:00,0.0011699999999983
2025-08-17 00:00:00,0.000426999999996
2025-08-17 01:00:00,0.0003559999999997
2025-08-17 02:00:00,0.0010780000000013
2025-08-17 03:00:00,0.0003329999999987
2025-08-17 04:00:00,0.0003120000000053
2025-08-17 05:00:00,0.0003099999999976
2025-08-17 06:00:00,0.0004990000000034
2025-08-17 07:00:00,1.9000000000233e-05
2025-08-17 08:00:00,1e-06
2025-08-17 09:00:00,1e-06
2025-08-17 10:00:00,4.2999999997846e-05
2025-08-17 11:00:00,1e-06
2025-08-17 12:00:00,1e-06
2025-08-17 13:00:00,1e-06
2025-08-17 14:00:00,0.0002350000000005
2025-08-17 15:00:00,5.2999999999884e-05
2025-08-17 16:00:00,9.9000000001979e-05
2025-08-17 17:00:00,4.4999999998254e-05
2025-08-17 18:00:00,0.0001069999999963
2025-08-17 19:00:00,0.0004939999999987
2025-08-17 20:00:00,0.000632000000005
2025-08-17 21:00:00,0.0004349999999976
2025-08-17 22:00:00,0.0004859999999971
2025-08-17 23:00:00,0.0004240000000063
2025-08-18 00:00:00,0.001025999999998
2025-08-18 01:00:00,0.0003499999999985
2025-08-18 02:00:00,0.0003570000000036
2025-08-18 03:00:00,0.0003569999999963
2025-08-18 04:00:00,0.0003530000000027
2025-08-18 05:00:00,0.0003139999999984
2025-08-18 06:00:00,1e-06
2025-08-18 07:00:00,6.0000000012224e-06
2025-08-18 08:00:00,5.7000000000698e-05
2025-08-18 09:00:00,0.000186999999998
2025-08-18 10:00:00,8.000000001629801e-06
2025-08-18 11:00:00,5.5999999996857e-05
2025-08-18 12:00:00,0.0001829999999972
2025-08-18 13:00:00,3.8000000000466e-05
2025-08-18 14:00:00,2.100000000064e-05
2025-08-18 15:00:00,6.4000000005763e-05
2025-08-18 16:00:00,1.5999999995984003e-05
2025-08-18 17:00:00,0.0001699999999982
2025-08-18 18:00:00,0.0002690000000002
2025-08-18 19:00:00,0.0007969999999986
2025-08-18 20:00:00,0.0007250000000058
2025-08-18 21:00:00,0.0010239999999976
2025-08-18 22:00:00,0.0004440000000031
2025-08-18 23:00:00,0.0010109999999985
2025-08-19 00:00:00,0.0007710000000006
2025-08-19 01:00:00,0.0008790000000008
2025-08-19 02:00:00,0.0003689999999987
2025-08-19 03:00:00,0.0003509999999951
2025-08-19 04:00:00,0.0003160000000061
2025-08-19 05:00:00,0.0002209999999977
2025-08-19 06:00:00,1e-06
2025-08-19 07:00:00,0.0011840000000011
2025-08-19 08:00:00,0.0014819999999963
2025-08-19 09:00:00,0.0003600000000005
2025-08-19 10:00:00,0.0003190000000031
2025-08-19 11:00:00,0.0004539999999979
2025-08-19 12:00:00,0.0004150000000008
2025-08-19 13:00:00,0.0003430000000007
2025-08-19 14:00:00,0.0013319999999949
2025-08-19 15:00:00,0.0005320000000065
2025-08-19 16:00:00,0.0010919999999969
2025-08-19 17:00:00,0.0018589999999966
2025-08-19 18:00:00,0.0022780000000057
2025-08-19 19:00:00,0.0015409999999974
2025-08-19 20:00:00,0.0025120000000024
2025-08-19 21:00:00,0.0037699999999967
2025-08-19 22:00:00,0.0035270000000019
2025-08-19 23:00:00,0.0028719999999958
2025-08-20 00:00:00,0.0027050000000017
2025-08-20 01:00:00,0.0026100000000005
2025-08-20 02:00:00,0.0026469999999971
2025-08-20 03:00:00,0.0026620000000039
2025-08-20 04:00:00,0.0013029999999999
2025-08-20 05:00:00,0.0004930000000022
2025-08-20 06:00:00,1.5999999995984003e-05
2025-08-20 07:00:00,3.0000000042492e-06
2025-08-20 08:00:00,1e-06
2025-08-20 09:00:00,1e-06
2025-08-20 10:00:00,1e-06
2025-08-20 11:00:00,1e-06
2025-08-20 12:00:00,1e-06
2025-08-20 13:00:00,1e-06
2025-08-20 14:00:00,1e-06
2025-08-20 15:00:00,1e-06
2025-08-20 16:00:00,1e-06
2025-08-20 17:00:00,1e-06
2025-08-20 18:00:00,8.8999999999942e-05
2025-08-20 19:00:00,0.0008220000000001
2025-08-20 20:00:00,0.0004179999999978
2025-08-20 21:00:00,0.0003839999999982
2025-08-20 22:00:00,0.0026489999999976
2025-08-20 23:00:00,0.0026340000000055
2025-08-21 00:00:00,0.002612000000001
2025-08-21 01:00:00,0.0026219999999958
2025-08-21 02:00:00,0.0026379999999989
2025-08-21 03:00:00,0.0032940000000017
2025-08-21 04:00:00,0.0026209999999992
2025-08-21 05:00:00,0.0025070000000051
2025-08-21 06:00:00,0.0012019999999975
2025-08-21 07:00:00,0.0002659999999959
2025-08-21 08:00:00,4.4000000001688e-05
2025-08-21 09:00:00,1e-06
2025-08-21 10:00:00,5.9000000001106e-05
2025-08-21 11:00:00,1.0000000002037e-05
2025-08-21 12:00:00,1.4999999999418e-05
2025-08-21 13:00:00,1e-06
2025-08-21 14:00:00,1e-06
2025-08-21 15:00:00,1e-06
2025-08-21 16:00:00,1e-06
2025-08-21 17:00:00,0.001301999999996
2025-08-21 18:00:00,0.0006120000000009
2025-08-21 19:00:00,0.0015920000000042
2025-08-21 20:00:00,0.0006299999999973
2025-08-21 21:00:00,0.0005149999999994
2025-08-21 22:00:00,0.0006010000000023
2025-08-21 23:00:00,0.001137999999999
2025-08-22 00:00:00,0.0003220000000001
2025-08-22 01:00:00,0.0010630000000018
2025-08-22 02:00:00,0.0003059999999968
2025-08-22 03:00:00,0.0003539999999993
2025-08-22 04:00:00,0.0003819999999977
2025-08-22 05:00:00,0.0003270000000047
2025-08-22 06:00:00,0.0001749999999956
2025-08-22 07:00:00,2.0000000004075003e-05
2025-08-22 08:00:00,1.9999999996799e-05
2025-08-22 09:00:00,1.2000000002445e-05
2025-08-22 10:00:00,1e-06
2025-08-22 11:00:00,1e-06
2025-08-22 12:00:00,1e-06
2025-08-22 13:00:00,1e-06
2025-08-22 14:00:00,1e-06
2025-08-22 15:00:00,8.699999999953401e-05
2025-08-22 16:00:00,1.7999999996391e-05
2025-08-22 17:00:00,1e-06
2025-08-22 18:00:00,0.0002230000000054
2025-08-22 19:00:00,0.0004599999999991
2025-08-22 20:00:00,0.0003960000000006
2025-08-22 21:00:00,0.0003660000000018
2025-08-22 22:00:00,0.0003079999999972
2025-08-22 23:00:00,0.0002019999999975
2025-08-23 00:00:00,0.0001730000000024
2025-08-23 01:00:00,0.0001779999999998
2025-08-23 02:00:00,0.000262999999999
2025-08-23 03:00:00,0.0002150000000037
2025-08-23 04:00:00,0.0001749999999956
2025-08-23 05:00:00,0.0001410000000032
2025-08-23 06:00:00,0.0002119999999995
2025-08-23 07:00:00,0.0001349999999947
2025-08-23 08:00:00,3.0000000042492e-06
2025-08-23 09:00:00,0.0006419999999998
2025-08-23 10:00:00,1.299999999901e-05
2025-08-23 11:00:00,1e-06
2025-08-23 12:00:00,1e-06
2025-08-23 13:00:00,1e-06
2025-08-23 14:00:00,1e-06
2025-08-23 15:00:00,1e-06
2025-08-23 16:00:00,3.6000000000058e-05
2025-08-23 17:00:00,0.0001390000000028
2025-08-23 18:00:00,0.000137999999999
2025-08-23 19:00:00,0.0002659999999959
2025-08-23 20:00:00,0.0003610000000044
2025-08-23 21:00:00,0.0002710000000006
2025-08-23 22:00:00,0.000189999999995
2025-08-23 23:00:00,0.0001900000000023
2025-08-24 00:00:00,0.0005999999999985
2025-08-24 01:00:00,0.0007510000000038
2025-08-24 02:00:00,0.0001559999999954
2025-08-24 03:00:00,0.0001640000000043
2025-08-24 04:00:00,0.0001529999999984
2025-08-24 05:00:00,0.000122000000003
2025-08-24 06:00:00,0.0017719999999972
2025-08-24 07:00:00,0.0071370000000024
2025-08-24 08:00:00,3.2999999995809e-05
2025-08-24 09:00:00,1.0999999998603e-05
2025-08-24 10:00:00,1.0000000038417e-06
2025-08-24 11:00:00,1e-06
2025-08-24 12:00:00,0.0007799999999988
2025-08-24 13:00:00,1e-06
2025-08-24 14:00:00,1e-06
2025-08-24 15:00:00,1e-06
2025-08-24 16:00:00,8.699999999953401e-05
2025-08-24 17:00:00,0.0002119999999995
2025-08-24 18:00:00,4.0000000000873e-05
2025-08-24 19:00:00,0.0002200000000011
2025-08-24 20:00:00,0.0002869999999966
2025-08-24 21:00:00,0.0002330000000001
2025-08-24 22:00:00,0.0002269999999989
2025-08-24 23:00:00,0.0002479999999995
2025-08-25 00:00:00,0.0009610000000029
2025-08-25 01:00:00,0.0001779999999998
2025-08-25 02:00:00,0.0001600000000034
2025-08-25 03:00:00,0.0001539999999949
2025-08-25 04:00:00,0.0001560000000026
2025-08-25 05:00:00,0.0001180000000022
2025-08-25 06:00:00,0.0002149999999965
2025-08-25 07:00:00,1e-06
2025-08-25 08:00:00,0.0009559999999983
2025-08-25 09:00:00,0.0022710000000006
2025-08-25 10:00:00,0.003400999999998
2025-08-25 11:00:00,0.0005750000000043
2025-08-25 12:00:00,1e-06
2025-08-25 13:00:00,1e-06
2025-08-25 14:00:00,0.0006010000000023
2025-08-25 15:00:00,0.0004079999999958
2025-08-25 16:00:00,6.799999999930199e-05
2025-08-25 17:00:00,0.0002099999999991
2025-08-25 18:00:00,0.0001360000000058
2025-08-25 19:00:00,0.0017339999999967
2025-08-25 20:00:00,0.000923999999999
2025-08-25 21:00:00,0.0004619999999995
2025-08-25 22:00:00,0.0004040000000022
2025-08-25 23:00:00,0.0012289999999993
2025-08-26 00:00:00,0.0002739999999976
2025-08-26 01:00:00,0.0001660000000047
2025-08-26 02:00:00,0.0001959999999962
2025-08-26 03:00:00,0.0009539999999979
2025-08-26 04:00:00,0.0001670000000012
2025-08-26 05:00:00,0.0001280000000042
2025-08-26 06:00:00,0.0048689999999988
2025-08-26 07:00:00,0.0021169999999984
2025-08-26 08:00:00,1e-06
2025-08-26 09:00:00,1e-06
2025-08-26 10:00:00,1e-06
2025-08-26 11:00:00,1e-06
2025-08-26 12:00:00,1e-06
2025-08-26 13:00:00,1e-06
2025-08-26 14:00:00,0.0024709999999977
2025-08-26 15:00:00,0.0044930000000022
2025-08-26 16:00:00,0.0001699999999982
2025-08-26 17:00:00,8.8000000003376e-05
2025-08-26 18:00:00,0.0004159999999974
2025-08-26 19:00:00,0.0007079999999987
2025-08-26 20:00:00,0.0004120000000039
2025-08-26 21:00:00,0.000385000000002
2025-08-26 22:00:00,0.0002059999999983
2025-08-26 23:00:00,0.0001759999999994
2025-08-27 00:00:00,0.000163999999997
2025-08-27 01:00:00,0.0007690000000002
2025-08-27 02:00:00,0.0006100000000005
2025-08-27 03:00:00,0.0001960000000035
2025-08-27 04:00:00,0.0011990000000005
2025-08-27 05:00:00,0.000176999999996
2025-08-27 06:00:00,0.0049230000000025
2025-08-27 07:00:00,0.0023389999999999
2025-08-27 08:00:00,7.0999999996275e-05
2025-08-27 09:00:00,1e-06
2025-08-27 10:00:00,1e-06
2025-08-27 11:00:00,1e-06
2025-08-27 12:00:00,1e-06
2025-08-27 13:00:00,1.4999999999418e-05
2025-08-27 14:00:00,0.0001340000000054
2025-08-27 15:00:00,0.000176999999996
2025-08-27 16:00:00,3.6000000000058e-05
2025-08-27 17:00:00,1.0000000038417e-06
2025-08-27 18:00:00,8.9999999996508e-05
2025-08-27 19:00:00,0.0003400000000037
2025-08-27 20:00:00,0.000288999999997
2025-08-27 21:00:00,0.0002010000000009
2025-08-27 22:00:00,0.0002330000000001
2025-08-27 23:00:00,0.0010109999999985
2025-08-28 00:00:00,0.0002430000000022
2025-08-28 01:00:00,0.0001670000000012
2025-08-28 02:00:00,0.000163999999997
2025-08-28 03:00:00,0.0002419999999983
2025-08-28 04:00:00,0.0001970000000001
2025-08-28 05:00:00,0.0001589999999996
2025-08-28 06:00:00,0.0012700000000041
2025-08-28 07:00:00,0.0025590000000011
2025-08-28 08:00:00,1e-06
2025-08-28 09:00:00,1e-06
2025-08-28 10:00:00,1e-06
2025-08-28 11:00:00,1e-06
2025-08-28 12:00:00,1e-06
2025-08-28 13:00:00,1e-06
2025-08-28 14:00:00,2.0999999993364e-05
2025-08-28 15:00:00,5.0000000046566e-06
2025-08-28 16:00:00,0.0004229999999952
2025-08-28 17:00:00,0.0001560000000026
2025-08-28 18:00:00,0.0001949999999997
2025-08-28 19:00:00,0.0004630000000033
2025-08-28 20:00:00,0.0003929999999963
2025-08-28 21:00:00,0.0006189999999987
2025-08-28 22:00:00,0.0008199999999997
2025-08-28 23:00:00,0.0001589999999996
2025-08-29 00:00:00,0.000158000000003
2025-08-29 01:00:00,0.0001659999999974
2025-08-29 02:00:00,0.0002540000000008
2025-08-29 03:00:00,0.0001940000000031
2025-08-29 04:00:00,0.0001619999999966
2025-08-29 05:00:00,0.0001430000000036
2025-08-29 06:00:00,0.0001880000000019
2025-08-29 07:00:00,1e-06
2025-08-29 08:00:00,1e-06
2025-08-29 09:00:00,1e-06
2025-08-29 10:00:00,1e-06
2025-08-29 11:00:00,1e-06
2025-08-29 12:00:00,1e-06
2025-08-29 13:00:00,1e-06
2025-08-29 14:00:00,1e-06
2025-08-29 15:00:00,1e-06
2025-08-29 16:00:00,1.9999999931315e-06
2025-08-29 17:00:00,0.0027910000000047
2025-08-29 18:00:00,0.0016880000000019
2025-08-29 19:00:00,0.0005379999999931
2025-08-29 20:00:00,0.000510000000002
2025-08-29 21:00:00,0.000900999999998
2025-08-29 22:00:00,0.0005529999999998
2025-08-29 23:00:00,0.0004640000000072
2025-08-30 00:00:00,0.0009639999999999
2025-08-30 01:00:00,0.0002019999999975
2025-08-30 02:00:00,0.0001569999999992
2025-08-30 03:00:00,0.0001670000000012
2025-08-30 04:00:00,0.0001589999999996
2025-08-30 05:00:00,0.0001429999999963
2025-08-30 06:00:00,0.0047110000000029
2025-08-30 07:00:00,0.0040789999999979
2025-08-30 08:00:00,1e-06
2025-08-30 09:00:00,4.0000000008149006e-06
2025-08-30 10:00:00,1e-06
2025-08-30 11:00:00,1e-06
2025-08-30 12:00:00,1e-06
2025-08-30 13:00:00,1e-06
2025-08-30 14:00:00,1e-06
2025-08-30 15:00:00,1e-06
2025-08-30 16:00:00,1e-06
2025-08-30 17:00:00,1e-06
2025-08-30 18:00:00,0.0004310000000041
2025-08-30 19:00:00,0.0017229999999981
2025-08-30 20:00:00,0.000387999999999
2025-08-30 21:00:00,0.000413999999997
2025-08-30 22:00:00,0.0005840000000025
2025-08-30 23:00:00,0.0007410000000018
2025-08-31 00:00:00,0.0002030000000013
2025-08-31 01:00:00,0.0001659999999974
2025-08-31 02:00:00,0.0001849999999976
2025-08-31 03:00:00,0.0001800000000002
2025-08-31 04:00:00,0.0001640000000043
2025-08-31 05:00:00,0.000176999999996
2025-08-31 06:00:00,9.1000000000349e-05
2025-08-31 07:00:00,0.0001980000000039
2025-08-31 08:00:00,5.0999999999476e-05
2025-08-31 09:00:00,3.9999999935389e-06
2025-08-31 10:00:00,8.700000000681001e-05
2025-08-31 11:00:00,1e-06
2025-08-31 12:00:00,5.1999999996042e-05
2025-08-31 13:00:00,1e-06
2025-08-31 14:00:00,1e-06
2025-08-31 15:00:00,1e-06
2025-08-31 16:00:00,0.0002660000000032
2025-08-31 17:00:00,1.9999999996799e-05
2025-08-31 18:00:00,0.0001039999999993
2025-08-31 19:00:00,0.0003640000000014
2025-08-31 20:00:00,0.0002960000000021
2025-08-31 21:00:00,0.0001929999999993
2025-08-31 22:00:00,0.0004170000000012
2025-08-31 23:00:00,0.0008319999999948
2025-09-01 00:00:00,0.0001810000000041
2025-09-01 01:00:00,0.0001539999999949
2025-09-01 02:00:00,0.0001680000000051
2025-09-01 03:00:00,0.0001569999999992
2025-09-01 04:00:00,0.0001849999999976
2025-09-01 05:00:00,0.0003989999999976
2025-09-01 06:00:00,0.0003260000000009
2025-09-01 07:00:00,0.000135000000002
2025-09-01 08:00:00,1e-06
2025-09-01 09:00:00,1.4999999999418e-05
2025-09-01 10:00:00,2.900000000227e-05
2025-09-01 11:00:00,2.7000000001863e-05
2025-09-01 12:00:00,0.0079379999999946
2025-09-01 13:00:00,0.0061290000000008
2025-09-01 14:00:00,6.1999999998079e-05
2025-09-01 15:00:00,5.0000000046566e-06
2025-09-01 16:00:00,0.0014689999999973
2025-09-01 17:00:00,0.0003090000000011
2025-09-01 18:00:00,0.0003320000000021
2025-09-01 19:00:00,0.0004209999999948
2025-09-01 20:00:00,0.0004050000000061
2025-09-01 21:00:00,0.0003889999999955
2025-09-01 22:00:00,0.0005699999999997
2025-09-01 23:00:00,0.000721000000005
2025-09-02 00:00:00,0.000161
2025-09-02 01:00:00,0.0001489999999976
2025-09-02 02:00:00,0.0001630000000004
2025-09-02 03:00:00,0.0001589999999996
2025-09-02 04:00:00,0.0002439999999987
2025-09-02 05:00:00,0.0001920000000027
2025-09-02 06:00:00,0.0002269999999989
2025-09-02 07:00:00,1e-06
2025-09-02 08:00:00,1e-06
2025-09-02 09:00:00,1e-06
2025-09-02 10:00:00,1e-06
2025-09-02 11:00:00,8.999999998195602e-06
2025-09-02 12:00:00,0.0001860000000015
2025-09-02 13:00:00,0.000301999999996
2025-09-02 14:00:00,0.0001140000000014
2025-09-02 15:00:00,0.000132000000005
2025-09-02 16:00:00,0.0002189999999973
2025-09-02 17:00:00,0.0001039999999993
2025-09-02 18:00:00,0.0001750000000029
2025-09-02 19:00:00,0.0003489999999947
2025-09-02 20:00:00,0.0002580000000016
2025-09-02 21:00:00,0.0003079999999972
2025-09-02 22:00:00,0.0010880000000034
2025-09-02 23:00:00,0.0002359999999971
2025-09-03 00:00:00,0.0002000000000043
2025-09-03 01:00:00,0.0001690000000016
2025-09-03 02:00:00,0.0001749999999956
2025-09-03 03:00:00,0.000161
2025-09-03 04:00:00,0.0001730000000024
2025-09-03 05:00:00,0.000161
2025-09-03 06:00:00,0.0011140000000014
2025-09-03 07:00:00,0.0009069999999992
2025-09-03 08:00:00,5.3999999996449e-05
2025-09-03 09:00:00,1e-06
2025-09-03 10:00:00,1e-06
2025-09-03 11:00:00,0.0002720000000044
2025-09-03 12:00:00,1.9000000000233e-05
2025-09-03 13:00:00,0.0005729999999966
2025-09-03 14:00:00,1e-06
2025-09-03 15:00:00,6.0000000012224e-06
2025-09-03 16:00:00,4.4000000001688e-05
2025-09-03 17:00:00,0.0005009999999965
2025-09-03 18:00:00,4.8000000002503e-05
2025-09-03 19:00:00,0.0005910000000003
2025-09-03 20:00:00,0.0004329999999972
2025-09-03 21:00:00,0.0004020000000018
2025-09-03 22:00:00,0.0004159999999974
2025-09-03 23:00:00,0.0008970000000044
2025-09-04 00:00:00,0.0001539999999949
2025-09-04 01:00:00,0.0001900000000023
2025-09-04 02:00:00,0.000161
2025-09-04 03:00:00,0.0002620000000024
2025-09-04 04:00:00,0.0001919999999954
2025-09-04 05:00:00,0.0001860000000015
2025-09-04 06:00:00,0.00025
2025-09-04 07:00:00,1e-06
2025-09-04 08:00:00,1e-06
2025-09-04 09:00:00,1e-06
2025-09-04 10:00:00,1e-06
2025-09-04 11:00:00,1e-06
2025-09-04 12:00:00,1e-06
2025-09-04 13:00:00,1e-06
2025-09-04 14:00:00,1e-06
2025-09-04 15:00:00,1e-06
2025-09-04 16:00:00,0.0001109999999971
2025-09-04 17:00:00,0.0001970000000001
2025-09-04 18:00:00,3.9000000004307e-05
2025-09-04 19:00:00,0.0001959999999962
2025-09-04 20:00:00,0.0002020000000047
2025-09-04 21:00:00,0.0001839999999938
2025-09-04 22:00:00,0.0005160000000032
2025-09-04 23:00:00,0.0007079999999987
2025-09-05 00:00:00,0.0001540000000022
2025-09-05 01:00:00,0.0002370000000009
2025-09-05 02:00:00,0.0001909999999988
2025-09-05 03:00:00,0.0001779999999998
2025-09-05 04:00:00,0.0001599999999962
2025-09-05 05:00:00,0.0001860000000015
2025-09-05 06:00:00,0.0002390000000014
2025-09-05 07:00:00,1e-06
2025-09-05 08:00:00,1e-06
2025-09-05 09:00:00,1e-06
2025-09-05 10:00:00,1e-06
2025-09-05 11:00:00,1e-06
2025-09-05 12:00:00,1e-06
2025-09-05 13:00:00,2.1999999997206e-05
2025-09-05 14:00:00,1e-06
2025-09-05 15:00:00,1e-06
2025-09-05 16:00:00,7.2000000000116e-05
2025-09-05 17:00:00,0.0008919999999998
2025-09-05 18:00:00,0.0001560000000026
2025-09-05 19:00:00,0.0009899999999979
2025-09-05 20:00:00,0.000387999999999
2025-09-05 21:00:00,0.0003340000000025
2025-09-05 22:00:00,0.0001909999999988
2025-09-05 23:00:00,0.0001730000000024
2025-09-06 00:00:00,0.000247000000003
2025-09-06 01:00:00,0.0001959999999962
2025-09-06 02:00:00,0.0001670000000012
2025-09-06 03:00:00,0.0001630000000004
2025-09-06 04:00:00,0.0001579999999958
2025-09-06 05:00:00,0.0001440000000002
2025-09-06 06:00:00,0.0048040000000037
2025-09-06 07:00:00,0.0043339999999953
2025-09-06 08:00:00,2.5000000001455e-05
2025-09-06 09:00:00,0.0004789999999993
2025-09-06 10:00:00,0.0002810000000026
2025-09-06 11:00:00,0.0002370000000009
2025-09-06 12:00:00,2.3000000001048e-05
2025-09-06 13:00:00,3.2999999995809e-05
2025-09-06 14:00:00,1e-06
2025-09-06 15:00:00,1e-06
2025-09-06 16:00:00,1e-06
2025-09-06 17:00:00,1e-06
2025-09-06 18:00:00,2.900000000227e-05
2025-09-06 19:00:00,0.0001770000000033
2025-09-06 20:00:00,0.0001579999999958
2025-09-06 21:00:00,0.0001620000000039
2025-09-06 22:00:00,0.00025
2025-09-06 23:00:00,0.0002259999999951
2025-09-07 00:00:00,0.0001960000000035
2025-09-07 01:00:00,0.0001719999999986
2025-09-07 02:00:00,0.0001650000000008
2025-09-07 03:00:00,0.0001759999999994
2025-09-07 04:00:00,0.0001679999999978
2025-09-07 05:00:00,0.000158000000003
2025-09-07 06:00:00,0.0001029999999955
2025-09-07 07:00:00,1.3000000006286e-05
2025-09-07 08:00:00,1e-06
2025-09-07 09:00:00,1e-06
2025-09-07 10:00:00,1e-06
2025-09-07 11:00:00,1e-06
2025-09-07 12:00:00,1e-06
2025-09-07 13:00:00,1e-06
2025-09-07 14:00:00,1e-06
2025-09-07 15:00:00,1e-06
2025-09-07 16:00:00,1e-06
2025-09-07 17:00:00,5.3999999996449e-05
2025-09-07 18:00:00,0.0002359999999971
2025-09-07 19:00:00,0.0002880000000004
2025-09-07 20:00:00,0.000262999999999
2025-09-07 21:00:00,0.0002530000000042
2025-09-07 22:00:00,0.0006109999999971
2025-09-07 23:00:00,0.0007490000000034
2025-09-08 00:00:00,0.0001679999999978
2025-09-08 01:00:00,0.0001500000000014
2025-09-08 02:00:00,0.0001549999999988
2025-09-08 03:00:00,0.0001620000000039
2025-09-08 04:00:00,0.000150999999998
2025-09-08 05:00:00,0.0003620000000009
2025-09-08 06:00:00,0.0044199999999983
2025-09-08 07:00:00,0.0015279999999984
2025-09-08 08:00:00,0.0007810000000026
2025-09-08 09:00:00,0.000125
2025-09-08 10:00:00,0.0001529999999984
2025-09-08 11:00:00,0.0005590000000011
2025-09-08 12:00:00,0.0005440000000016
2025-09-08 13:00:00,4.6999999998661e-05
2025-09-08 14:00:00,1e-06
2025-09-08 15:00:00,1e-06
2025-09-08 16:00:00,0.0002779999999984
2025-09-08 17:00:00,0.0001370000000024
2025-09-08 18:00:00,0.000161
2025-09-08 19:00:00,0.0004510000000009
2025-09-08 20:00:00,0.0003209999999962
2025-09-08 21:00:00,0.0002850000000034
2025-09-08 22:00:00,0.0005589999999938
2025-09-08 23:00:00,0.0006800000000002
2025-09-09 00:00:00,0.0001680000000051
2025-09-09 01:00:00,0.0001599999999962
2025-09-09 02:00:00,0.0001540000000022
2025-09-09 03:00:00,0.0001559999999954
2025-09-09 04:00:00,0.0001640000000043
2025-09-09 05:00:00,0.0001569999999992
2025-09-09 06:00:00,0.0017960000000021
2025-09-09 07:00:00,0.0003889999999955
2025-09-09 08:00:00,0.0001470000000044
2025-09-09 09:00:00,0.0002799999999988
2025-09-09 10:00:00,5.7999999997264e-05
2025-09-09 11:00:00,0.0001010000000023
2025-09-09 12:00:00,0.0008419999999969
2025-09-09 13:00:00,0.0003630000000048
2025-09-09 14:00:00,1e-06
2025-09-09 15:00:00,0.0001059999999997
2025-09-09 16:00:00,0.0009609999999956
2025-09-09 17:00:00,0.0002960000000021
2025-09-09 18:00:00,0.0002390000000014
2025-09-09 19:00:00,0.0007350000000005
2025-09-09 20:00:00,0.0004209999999948
2025-09-09 21:00:00,0.0003480000000054
2025-09-09 22:00:00,0.0004830000000001
2025-09-09 23:00:00,0.000673999999999
2025-09-10 00:00:00,0.000161
2025-09-10 01:00:00,0.0001529999999984
2025-09-10 02:00:00,0.0001670000000012
2025-09-10 03:00:00,0.0002430000000022
2025-09-10 04:00:00,0.0001929999999993
2025-09-10 05:00:00,0.0001549999999988
2025-09-10 06:00:00,0.0003559999999997
2025-09-10 07:00:00,1e-06
2025-09-10 08:00:00,1e-06
2025-09-10 09:00:00,1e-06
2025-09-10 10:00:00,1e-06
2025-09-10 11:00:00,1e-06
2025-09-10 12:00:00,1e-06
2025-09-10 13:00:00,1e-06
2025-09-10 14:00:00,1e-06
2025-09-10 15:00:00,1.0999999998603e-05
2025-09-10 16:00:00,1e-06
2025-09-10 17:00:00,1e-06
2025-09-10 18:00:00,0.0002410000000018
2025-09-10 19:00:00,0.0003790000000008
2025-09-10 20:00:00,0.0003189999999958
2025-09-10 21:00:00,0.0003389999999999
2025-09-10 22:00:00,0.0003380000000033
2025-09-10 23:00:00,0.0005570000000007
2025-09-11 00:00:00,0.0006840000000011
2025-09-11 01:00:00,0.000163999999997
2025-09-11 02:00:00,0.0002430000000022
2025-09-11 03:00:00,0.0001959999999962
2025-09-11 04:00:00,0.0001529999999984
2025-09-11 05:00:00,0.0001510000000053
2025-09-11 06:00:00,0.000413999999997
2025-09-11 07:00:00,3.1000000002678e-05
2025-09-11 08:00:00,1e-06
2025-09-11 09:00:00,1e-06
2025-09-11 10:00:00,1e-06
2025-09-11 11:00:00,1e-06
2025-09-11 12:00:00,1e-06
2025-09-11 13:00:00,1e-06
2025-09-11 14:00:00,1e-06
2025-09-11 15:00:00,1e-06
2025-09-11 16:00:00,1.3999999995576e-05
2025-09-11 17:00:00,0.0001209999999991
2025-09-11 18:00:00,0.000596000000005
2025-09-11 19:00:00,0.0003090000000011
2025-09-11 20:00:00,0.0002089999999952
2025-09-11 21:00:00,0.0002079999999987
2025-09-11 22:00:00,0.0001700000000055
2025-09-11 23:00:00,0.0002469999999957
2025-09-12 00:00:00,0.0002039999999979
2025-09-12 01:00:00,0.0011590000000069
2025-09-12 02:00:00,0.000173999999999
2025-09-12 03:00:00,0.0001529999999984
2025-09-12 04:00:00,0.0001569999999992
2025-09-12 05:00:00,0.00025
2025-09-12 06:00:00,0.0011699999999983
2025-09-12 07:00:00,1e-06
2025-09-12 08:00:00,1e-06
2025-09-12 09:00:00,1e-06
2025-09-12 10:00:00,1e-06
2025-09-12 11:00:00,1e-06
2025-09-12 12:00:00,1e-06
2025-09-12 13:00:00,4.6999999998661e-05
2025-09-12 14:00:00,1e-06
2025-09-12 15:00:00,1e-06
2025-09-12 16:00:00,0.0001340000000054
2025-09-12 17:00:00,0.0003050000000002
2025-09-12 18:00:00,0.0004159999999974
2025-09-12 19:00:00,0.0003329999999987
2025-09-12 20:00:00,0.0002379999999975
2025-09-12 21:00:00,0.0002560000000012
2025-09-12 22:00:00,0.0001960000000035
2025-09-12 23:00:00,0.0001789999999964
2025-09-13 00:00:00,0.0004650000000037
2025-09-13 01:00:00,0.0007010000000009
2025-09-13 02:00:00,0.0001519999999945
2025-09-13 03:00:00,0.0001589999999996
2025-09-13 04:00:00,0.0001500000000014
2025-09-13 05:00:00,0.0001500000000014
2025-09-13 06:00:00,0.0052200000000011
2025-09-13 07:00:00,0.0047649999999994
2025-09-13 08:00:00,1e-06
2025-09-13 09:00:00,1e-06
2025-09-13 10:00:00,3.6999999996624e-05
2025-09-13 11:00:00,2.0000000004075e-06
2025-09-13 12:00:00,1e-06
2025-09-13 13:00:00,1e-06
2025-09-13 14:00:00,1e-06
2025-09-13 15:00:00,4.0000000000873e-05
2025-09-13 16:00:00,1e-06
2025-09-13 17:00:00,0.000872000000003
2025-09-13 18:00:00,0.0004969999999957
2025-09-13 19:00:00,0.0002420000000056
2025-09-13 20:00:00,0.0006369999999951
2025-09-13 21:00:00,0.0006800000000002
2025-09-13 22:00:00,0.0002350000000005
2025-09-13 23:00:00,0.0001520000000018
2025-09-14 00:00:00,0.0001460000000006
2025-09-14 01:00:00,0.0001540000000022
2025-09-14 02:00:00,0.0001489999999976
2025-09-14 03:00:00,0.0001460000000006
2025-09-14 04:00:00,0.0001449999999968
2025-09-14 05:00:00,0.0001549999999988
2025-09-14 06:00:00,0.0002230000000054
2025-09-14 07:00:00,1e-06
2025-09-14 08:00:00,1e-06
2025-09-14 09:00:00,1e-06
2025-09-14 10:00:00,1e-06
2025-09-14 11:00:00,1e-06
2025-09-14 12:00:00,1e-06
2025-09-14 13:00:00,1e-06
2025-09-14 14:00:00,1e-06
2025-09-14 15:00:00,1e-06
2025-09-14 16:00:00,1e-06
2025-09-14 17:00:00,1.9999999996799e-05
2025-09-14 18:00:00,0.0004919999999983
2025-09-14 19:00:00,0.0004420000000027
2025-09-14 20:00:00,0.000286
2025-09-14 21:00:00,0.0002799999999988
2025-09-14 22:00:00,0.0002050000000017
2025-09-14 23:00:00,0.0001589999999996
2025-09-15 00:00:00,0.0013079999999973
2025-09-15 01:00:00,0.000635000000002
2025-09-15 02:00:00,0.0001449999999968
2025-09-15 03:00:00,0.0001570000000065
2025-09-15 04:00:00,0.0001539999999949
2025-09-15 05:00:00,0.0003570000000036
2025-09-15 06:00:00,0.0001279999999969
2025-09-15 07:00:00,0.0002249999999985
2025-09-15 08:00:00,0.0001330000000016
2025-09-15 09:00:00,0.0001189999999987
2025-09-15 10:00:00,0.0001240000000034
2025-09-15 11:00:00,0.0001599999999962
2025-09-15 12:00:00,0.0058550000000032
2025-09-15 13:00:00,0.0066290000000008
2025-09-15 14:00:00,4.2999999997846e-05
2025-09-15 15:00:00,4.2000000001281e-05
2025-09-15 16:00:00,0.0001749999999956
2025-09-15 17:00:00,1.3000000006286e-05
2025-09-15 18:00:00,0.0001699999999982
2025-09-15 19:00:00,0.0005599999999976
2025-09-15 20:00:00,0.000561999999998
2025-09-15 21:00:00,0.0004410000000061
2025-09-15 22:00:00,0.0007429999999949
2025-09-15 23:00:00,0.0018210000000036
2025-09-16 00:00:00,0.0001500000000014
2025-09-16 01:00:00,0.0001599999999962
2025-09-16 02:00:00,0.000150999999998
2025-09-16 03:00:00,0.0001440000000002
2025-09-16 04:00:00,0.0001500000000014
2025-09-16 05:00:00,0.000158000000003
2025-09-16 06:00:00,0.0004300000000002
2025-09-16 07:00:00,5.3999999996449e-05
2025-09-16 08:00:00,0.0001690000000016
2025-09-16 09:00:00,1e-06
2025-09-16 10:00:00,5.5000000000291e-05
2025-09-16 11:00:00,1e-06
2025-09-16 12:00:00,1.5999999995984003e-05
2025-09-16 13:00:00,4.1000000004715e-05
2025-09-16 14:00:00,5.5999999996857e-05
2025-09-16 15:00:00,2.900000000227e-05
2025-09-16 16:00:00,9.1999999996915e-05
2025-09-16 17:00:00,4.8999999999068994e-05
2025-09-16 18:00:00,0.0002780000000057
2025-09-16 19:00:00,0.000449999999997
2025-09-16 20:00:00,0.0004040000000022
2025-09-16 21:00:00,0.0003240000000005
2025-09-16 22:00:00,0.0005789999999979
2025-09-16 23:00:00,0.000760000000002
2025-09-17 00:00:00,0.0001630000000004
2025-09-17 01:00:00,0.000163999999997
2025-09-17 02:00:00,0.0001520000000018
2025-09-17 03:00:00,0.0001540000000022
2025-09-17 04:00:00,0.0001659999999974
2025-09-17 05:00:00,0.000148000000001
2025-09-17 06:00:00,0.0004719999999943
2025-09-17 07:00:00,1e-06
2025-09-17 08:00:00,1e-06
2025-09-17 09:00:00,1e-06
2025-09-17 10:00:00,5.800000000454e-05
2025-09-17 11:00:00,1e-06
2025-09-17 12:00:00,1e-06
2025-09-17 13:00:00,2.7000000001863e-05
2025-09-17 14:00:00,1e-06
2025-09-17 15:00:00,1e-06
2025-09-17 16:00:00,0.0008609999999971
2025-09-17 17:00:00,0.000536
2025-09-17 18:00:00,0.0003000000000029
2025-09-17 19:00:00,0.0002819999999992
2025-09-17 20:00:00,0.0002279999999955
2025-09-17 21:00:00,0.0002289999999993
2025-09-17 22:00:00,0.0001640000000043
2025-09-17 23:00:00,0.0001540000000022
2025-09-18 00:00:00,0.0005639999999984
2025-09-18 01:00:00,0.0007699999999968
2025-09-18 02:00:00,0.0012569999999978
2025-09-18 03:00:00,0.0004520000000047
2025-09-18 04:00:00,0.0001500000000014
2025-09-18 05:00:00,0.0001579999999958
2025-09-18 06:00:00,0.0005460000000021
2025-09-18 07:00:00,2.5000000001455e-05
2025-09-18 08:00:00,1.1999999995169e-05
2025-09-18 09:00:00,1e-06
2025-09-18 10:00:00,1e-06
2025-09-18 11:00:00,1e-06
2025-09-18 12:00:00,1e-06
2025-09-18 13:00:00,1e-06
2025-09-18 14:00:00,4.2000000001281e-05
2025-09-18 15:00:00,0.0016419999999998
2025-09-18 16:00:00,0.000533000000003
2025-09-18 17:00:00,0.0002479999999995
2025-09-18 18:00:00,0.0010789999999979
2025-09-18 19:00:00,0.0017700000000041
2025-09-18 20:00:00,0.0003029999999998
2025-09-18 21:00:00,0.000301999999996
2025-09-18 22:00:00,0.0001719999999986
2025-09-18 23:00:00,0.0001810000000041
2025-09-19 00:00:00,0.0010970000000016
2025-09-19 01:00:00,0.0010459999999948
2025-09-19 02:00:00,0.0005260000000053
2025-09-19 03:00:00,0.0002429999999949
2025-09-19 04:00:00,0.0001949999999997
2025-09-19 05:00:00,0.0003940000000002
2025-09-19 06:00:00,0.0055900000000038
2025-09-19 07:00:00,0.0022379999999976
2025-09-19 08:00:00,3.3999999999650995e-05
2025-09-19 09:00:00,4.0000000008149006e-06
2025-09-19 10:00:00,1e-06
2025-09-19 11:00:00,1e-06
2025-09-19 12:00:00,1e-06
2025-09-19 13:00:00,1e-06
2025-09-19 14:00:00,1e-06
2025-09-19 15:00:00,1e-06
2025-09-19 16:00:00,9.999999965657e-07
2025-09-19 17:00:00,0.0001200000000026
2025-09-19 18:00:00,0.0001849999999976
2025-09-19 19:00:00,0.0004030000000057
2025-09-19 20:00:00,0.0005009999999965
2025-09-19 21:00:00,0.000398000000001
2025-09-19 22:00:00,0.0002839999999996
2025-09-19 23:00:00,0.000199999999997
2025-09-20 00:00:00,0.0001670000000012
2025-09-20 01:00:00,0.000158000000003
2025-09-20 02:00:00,0.0001959999999962
2025-09-20 03:00:00,0.000234000000004
2025-09-20 04:00:00,0.0001909999999988
2025-09-20 05:00:00,0.000161
2025-09-20 06:00:00,0.0001109999999971
2025-09-20 07:00:00,6.7000000002736e-05
2025-09-20 08:00:00,1e-06
2025-09-20 09:00:00,1e-06
2025-09-20 10:00:00,1e-06
2025-09-20 11:00:00,2.7999999998428e-05
2025-09-20 12:00:00,1e-06
2025-09-20 13:00:00,3.3999999999650995e-05
2025-09-20 14:00:00,0.0002589999999982
2025-09-20 15:00:00,0.0001070000000036
2025-09-20 16:00:00,1e-06
2025-09-20 17:00:00,1.6999999999825e-05
2025-09-20 18:00:00,0.0004590000000025
2025-09-20 19:00:00,0.0014069999999992
2025-09-20 20:00:00,0.0008359999999956
2025-09-20 21:00:00,0.0003070000000007
2025-09-20 22:00:00,0.000161
2025-09-20 23:00:00,0.0001589999999996
2025-09-21 00:00:00,0.000158000000003
2025-09-21 01:00:00,0.0001579999999958
2025-09-21 02:00:00,0.0001530000000056
2025-09-21 03:00:00,0.0002279999999955
2025-09-21 04:00:00,0.0001909999999988
2025-09-21 05:00:00,0.0001600000000034
2025-09-21 06:00:00,8.499999999912699e-05
2025-09-21 07:00:00,9.999999965657e-07
2025-09-21 08:00:00,5.800000000454e-05
2025-09-21 09:00:00,0.0001109999999971
2025-09-21 10:00:00,1e-06
2025-09-21 11:00:00,1e-06
2025-09-21 12:00:00,0.000382000000005
2025-09-21 13:00:00,1e-06
2025-09-21 14:00:00,1e-06
2025-09-21 15:00:00,1e-06
2025-09-21 16:00:00,1e-06
2025-09-21 17:00:00,0.0008809999999939
2025-09-21 18:00:00,0.0007280000000027
2025-09-21 19:00:00,0.0004700000000011
2025-09-21 20:00:00,0.0003359999999956
2025-09-21 21:00:00,0.0002360000000044
2025-09-21 22:00:00,0.0001719999999986
2025-09-21 23:00:00,0.0001549999999988
2025-09-22 00:00:00,0.0007059999999983
2025-09-22 01:00:00,0.000494000000006
2025-09-22 02:00:00,0.0002429999999949
2025-09-22 03:00:00,0.0001949999999997
2025-09-22 04:00:00,0.000148000000001
2025-09-22 05:00:00,0.0003960000000006
2025-09-22 06:00:00,0.0001810000000041
2025-09-22 07:00:00,1e-06
2025-09-22 08:00:00,1e-06
2025-09-22 09:00:00,1e-06
2025-09-22 10:00:00,1e-06
2025-09-22 11:00:00,1e-06
2025-09-22 12:00:00,4.1999999994005e-05
2025-09-22 13:00:00,2.100000000064e-05
2025-09-22 14:00:00,6.0000000012224e-06
2025-09-22 15:00:00,1e-06
2025-09-22 16:00:00,9.1000000000349e-05
2025-09-22 17:00:00,5.0999999999476e-05
2025-09-22 18:00:00,0.0005610000000015
2025-09-22 19:00:00,0.0003379999999961
2025-09-22 20:00:00,0.0002780000000057
2025-09-22 21:00:00,0.0003779999999969
2025-09-22 22:00:00,0.0002320000000036
2025-09-22 23:00:00,0.0001659999999974
2025-09-23 00:00:00,0.0002869999999966
2025-09-23 01:00:00,0.0009910000000018
2025-09-23 02:00:00,0.0001770000000033
2025-09-23 03:00:00,0.0002319999999963
2025-09-23 04:00:00,0.0001830000000045
2025-09-23 05:00:00,0.0001549999999988
2025-09-23 06:00:00,0.0004049999999988
2025-09-23 07:00:00,0.0001979999999966
2025-09-23 08:00:00,1e-06
2025-09-23 09:00:00,1e-06
2025-09-23 10:00:00,1e-06
2025-09-23 11:00:00,1e-06
2025-09-23 12:00:00,1e-06
2025-09-23 13:00:00,1e-06
2025-09-23 14:00:00,9.0000000054715e-06
2025-09-23 15:00:00,1e-06
2025-09-23 16:00:00,0.0003719999999957
2025-09-23 17:00:00,1.0999999998603e-05
2025-09-23 18:00:00,0.0001569999999992
2025-09-23 19:00:00,0.0020880000000034
2025-09-23 20:00:00,0.0010160000000033
2025-09-23 21:00:00,0.0009309999999968
2025-09-23 22:00:00,0.0006229999999995
2025-09-23 23:00:00,0.0003199999999997
2025-09-24 00:00:00,0.0005699999999997
2025-09-24 01:00:00,0.0008430000000007
2025-09-24 02:00:00,0.0001520000000018
2025-09-24 03:00:00,0.0051500000000015
2025-09-24 04:00:00,0.0103759999999969
2025-09-24 05:00:00,0.0002160000000003
2025-09-24 06:00:00,0.0003890000000028
2025-09-24 07:00:00,7.7999999994063e-05
2025-09-24 08:00:00,1e-06
2025-09-24 09:00:00,1e-06
2025-09-24 10:00:00,1e-06
2025-09-24 11:00:00,1e-06
2025-09-24 12:00:00,5.9000000001106e-05
2025-09-24 13:00:00,4.0000000000873e-05
2025-09-24 14:00:00,7.2000000000116e-05
2025-09-24 15:00:00,0.0001059999999997
2025-09-24 16:00:00,0.0004769999999989
2025-09-24 17:00:00,6.3999999998487e-05
2025-09-24 18:00:00,0.0002060000000055
2025-09-24 19:00:00,0.0002719999999972
2025-09-24 20:00:00,0.0002710000000006
2025-09-24 21:00:00,0.0001880000000019
2025-09-24 22:00:00,0.000161
2025-09-24 23:00:00,0.0001460000000006
2025-09-25 00:00:00,0.0015360000000001
2025-09-25 01:00:00,0.000686999999998
2025-09-25 02:00:00,0.0001569999999992
2025-09-25 03:00:00,0.0044369999999981
2025-09-25 04:00:00,0.002948000000004
2025-09-25 05:00:00,0.0001889999999984
2025-09-25 06:00:00,0.0004380000000019
2025-09-25 07:00:00,1.6999999999825e-05
2025-09-25 08:00:00,1e-06
2025-09-25 09:00:00,1e-06
2025-09-25 10:00:00,1e-06
2025-09-25 11:00:00,1e-06
2025-09-25 12:00:00,1e-06
2025-09-25 13:00:00,1e-06
2025-09-25 14:00:00,1e-06
2025-09-25 15:00:00,1e-06
2025-09-25 16:00:00,0.0002750000000014
2025-09-25 17:00:00,5.9999999939464e-06
2025-09-25 18:00:00,0.0009530000000013
2025-09-25 19:00:00,0.0013780000000042
2025-09-25 20:00:00,0.0002579999999943
2025-09-25 21:00:00,0.0001820000000007
2025-09-25 22:00:00,0.0001670000000012
2025-09-25 23:00:00,0.0001589999999996
2025-09-26 00:00:00,0.0011600000000035
2025-09-26 01:00:00,0.0002399999999979
2025-09-26 02:00:00,0.0001529999999984
2025-09-26 03:00:00,0.0001489999999976
2025-09-26 04:00:00,0.0001530000000056
2025-09-26 05:00:00,0.0003759999999965
2025-09-26 06:00:00,0.0012160000000003
2025-09-26 07:00:00,6.9999999977881e-06
2025-09-26 08:00:00,8.8000000003376e-05
2025-09-26 09:00:00,1e-06
2025-09-26 10:00:00,1e-06
2025-09-26 11:00:00,1e-06
2025-09-26 12:00:00,1e-06
2025-09-26 13:00:00,1e-06
2025-09-26 14:00:00,1e-06
2025-09-26 15:00:00,1e-06
2025-09-26 16:00:00,1e-06
2025-09-26 17:00:00,8.099999999831201e-05
2025-09-26 18:00:00,0.0004429999999993
2025-09-26 19:00:00,0.0003510000000023
2025-09-26 20:00:00,0.0003150000000023
2025-09-26 21:00:00,0.0002019999999975
2025-09-26 22:00:00,0.0002430000000022
2025-09-26 23:00:00,0.0002059999999983
2025-09-27 00:00:00,0.0008629999999975
2025-09-27 01:00:00,0.0004749999999985
2025-09-27 02:00:00,0.0001800000000002
2025-09-27 03:00:00,0.0051770000000033
2025-09-27 04:00:00,0.010279999999999
2025-09-27 05:00:00,0.0003790000000008
2025-09-27 06:00:00,0.0001690000000016
2025-09-27 07:00:00,6.799999999930199e-05
2025-09-27 08:00:00,1e-06
2025-09-27 09:00:00,1e-06
2025-09-27 10:00:00,1e-06
2025-09-27 11:00:00,0.0002839999999996
2025-09-27 12:00:00,0.000288999999997
2025-09-27 13:00:00,0.0005310000000026
2025-09-27 14:00:00,1.299999999901e-05
2025-09-27 15:00:00,2.0000000004075e-06
2025-09-27 16:00:00,1e-06
2025-09-27 17:00:00,2.0000000004075e-06
2025-09-27 18:00:00,0.0001670000000012
2025-09-27 19:00:00,0.0001589999999996
2025-09-27 20:00:00,0.0001559999999954
2025-09-27 21:00:00,0.0005820000000021
2025-09-27 22:00:00,0.0004760000000023
2025-09-27 23:00:00,0.0001730000000024
2025-09-28 00:00:00,0.0001609999999927
2025-09-28 01:00:00,0.000158000000003
2025-09-28 02:00:00,0.0001500000000014
2025-09-28 03:00:00,0.0052710000000006
2025-09-28 04:00:00,0.010413
2025-09-28 05:00:00,0.0002390000000014
2025-09-28 06:00:00,0.0003669999999983
2025-09-28 07:00:00,0.0001539999999949
2025-09-28 08:00:00,0.000208000000006
2025-09-28 09:00:00,0.0001440000000002
2025-09-28 10:00:00,3.0999999995402e-05
2025-09-28 11:00:00,2.0000000004075003e-05
2025-09-28 12:00:00,3.0999999995402e-05
2025-09-28 13:00:00,1e-06
2025-09-28 14:00:00,1e-06
2025-09-28 15:00:00,1e-06
2025-09-28 16:00:00,7.000000005064101e-06
2025-09-28 17:00:00,0.0003600000000005
2025-09-28 18:00:00,0.0005059999999939
2025-09-28 19:00:00,0.0002970000000059
2025-09-28 20:00:00,0.0002729999999937
2025-09-28 21:00:00,0.0002100000000064
2025-09-28 22:00:00,0.0001959999999962
2025-09-28 23:00:00,0.0002549999999973
2025-09-29 00:00:00,0.0005699999999997
2025-09-29 01:00:00,0.0005460000000021
2025-09-29 02:00:00,0.0013499999999985
2025-09-29 03:00:00,0.0010470000000059
2025-09-29 04:00:00,0.0002229999999981
2025-09-29 05:00:00,0.0005
2025-09-29 06:00:00,0.0003600000000005
2025-09-29 07:00:00,1.3999999995576e-05
2025-09-29 08:00:00,1.0999999998603e-05
2025-09-29 09:00:00,0.0006210000000064
2025-09-29 10:00:00,0.0002309999999997
2025-09-29 11:00:00,1e-06
2025-09-29 12:00:00,1e-06
2025-09-29 13:00:00,9.999999965657e-07
2025-09-29 14:00:00,3.6000000000058e-05
2025-09-29 15:00:00,2.900000000227e-05
2025-09-29 16:00:00,0.0005049999999973
2025-09-29 17:00:00,5.4000000003725e-05
2025-09-29 18:00:00,0.0005079999999943
2025-09-29 19:00:00,0.0002990000000063
2025-09-29 20:00:00,0.0009449999999997
2025-09-29 21:00:00,0.0003529999999955
2025-09-29 22:00:00,0.0002540000000008
2025-09-29 23:00:00,0.0001880000000019
2025-09-30 00:00:00,0.000413999999997
2025-09-30 01:00:00,0.0013960000000006
2025-09-30 02:00:00,0.000436999999998
2025-09-30 03:00:00,0.0059590000000026
2025-09-30 04:00:00,0.010347000000002
2025-09-30 05:00:00,0.0002249999999985
2025-09-30 06:00:00,0.000525999999998
2025-09-30 07:00:00,4.0000000000873e-05
2025-09-30 08:00:00,0.0002960000000021
2025-09-30 09:00:00,0.0003539999999993
2025-09-30 10:00:00,3.6000000000058e-05
2025-09-30 11:00:00,1e-06
2025-09-30 12:00:00,7.499999999709001e-05
2025-09-30 13:00:00,0.0002050000000017
2025-09-30 14:00:00,7.899999999790499e-05
2025-09-30 15:00:00,9.9000000001979e-05
2025-09-30 16:00:00,0.0022280000000028
2025-09-30 17:00:00,0.0003289999999979
2025-09-30 18:00:00,0.0003629999999975
2025-09-30 19:00:00,0.0006670000000012
2025-09-30 20:00:00,0.0007160000000003
2025-09-30 21:00:00,0.0002150000000037
2025-09-30 22:00:00,0.0010939999999973
2025-09-30 23:00:00,0.000173999999999
2025-10-01 00:00:00,0.0006240000000034
2025-10-01 01:00:00,0.0013810000000011
2025-10-01 02:00:00,0.0004279999999998
2025-10-01 03:00:00,0.0055489999999991
2025-10-01 04:00:00,0.011148999999998
2025-10-01 05:00:00,0.0002280000000027
2025-10-01 06:00:00,0.0004490000000005
2025-10-01 07:00:00,0.0002969999999986
2025-10-01 08:00:00,3.8999999997031e-05
2025-10-01 09:00:00,1e-06
2025-10-01 10:00:00,1e-06
2025-10-01 11:00:00,1e-06
2025-10-01 12:00:00,1e-06
2025-10-01 13:00:00,9.3000000000757e-05
2025-10-01 14:00:00,6.3999999998487e-05
2025-10-01 15:00:00,1.0000000038417e-06
2025-10-01 16:00:00,0.0001709999999948
2025-10-01 17:00:00,0.0016190000000061
2025-10-01 18:00:00,0.000564999999995
2025-10-01 19:00:00,0.0004290000000037
2025-10-01 20:00:00,0.000525999999998
2025-10-01 21:00:00,0.0008439999999973
2025-10-01 22:00:00,0.000244000000006
2025-10-01 23:00:00,0.0001819999999934
2025-10-02 00:00:00,0.0002390000000014
2025-10-02 01:00:00,0.0011010000000024
2025-10-02 02:00:00,0.0009539999999979
2025-10-02 03:00:00,0.0004470000000001
2025-10-02 04:00:00,0.0002139999999999
2025-10-02 05:00:00,0.0001790000000037
2025-10-02 06:00:00,0.0004660000000003
2025-10-02 07:00:00,1e-06
2025-10-02 08:00:00,1.5999999995984003e-05
2025-10-02 09:00:00,2.2000000004482e-05
2025-10-02 10:00:00,5.9999999939464e-06
2025-10-02 11:00:00,1e-06
2025-10-02 12:00:00,9.0000000054715e-06
2025-10-02 13:00:00,1e-06
2025-10-02 14:00:00,9.999999965657e-07
2025-10-02 15:00:00,1e-06
2025-10-02 16:00:00,1.6999999999825e-05
2025-10-02 17:00:00,0.000262999999999
2025-10-02 18:00:00,0.0003670000000056
2025-10-02 19:00:00,0.0002869999999966
2025-10-02 20:00:00,0.0002640000000028
2025-10-02 21:00:00,0.0002209999999977
2025-10-02 22:00:00,0.0010529999999999
2025-10-02 23:00:00,0.0001670000000012
2025-10-03 00:00:00,0.0004949999999953
2025-10-03 01:00:00,0.0008700000000026
2025-10-03 02:00:00,0.0007160000000003
2025-10-03 03:00:00,0.0001699999999982
2025-10-03 04:00:00,0.0001589999999996
2025-10-03 05:00:00,0.0004830000000001
2025-10-03 06:00:00,0.000346000000005
2025-10-03 07:00:00,0.0002339999999967
2025-10-03 08:00:00,1e-06
2025-10-03 09:00:00,1e-06
2025-10-03 10:00:00,1e-06
2025-10-03 11:00:00,1e-06
2025-10-03 12:00:00,1e-06
2025-10-03 13:00:00,0.0005679999999993
2025-10-03 14:00:00,0.0002430000000022
2025-10-03 15:00:00,0.0007359999999971
2025-10-03 16:00:00,5.7000000000698e-05
2025-10-03 17:00:00,0.0003600000000005
2025-10-03 18:00:00,0.0005270000000018
2025-10-03 19:00:00,0.0003580000000001
2025-10-03 20:00:00,0.0014979999999996
2025-10-03 21:00:00,0.0014020000000019
2025-10-03 22:00:00,0.001650999999998
2025-10-03 23:00:00,0.000635000000002
2025-10-04 00:00:00,0.0002979999999952
2025-10-04 01:00:00,0.0014760000000024
2025-10-04 02:00:00,0.0002669999999998
2025-10-04 03:00:00,0.0003899999999994
2025-10-04 04:00:00,0.0003510000000023
2025-10-04 05:00:00,0.0002039999999979
2025-10-04 06:00:00,0.0006030000000027
2025-10-04 07:00:00,0.0008129999999946
2025-10-04 08:00:00,0.0011410000000033
2025-10-04 09:00:00,1.3999999995576e-05
2025-10-04 10:00:00,2.4000000004889e-05
2025-10-04 11:00:00,1e-06
2025-10-04 12:00:00,5.2999999999884e-05
2025-10-04 13:00:00,1e-06
2025-10-04 14:00:00,0.0004729999999981
2025-10-04 15:00:00,0.0023940000000002
2025-10-04 16:00:00,0.0080939999999973
2025-10-04 17:00:00,0.0007920000000012
2025-10-04 18:00:00,0.0005270000000018
2025-10-04 19:00:00,0.0005720000000001
2025-10-04 20:00:00,0.0089490000000005
2025-10-04 21:00:00,0.0094490000000005
2025-10-04 22:00:00,0.003900999999998
2025-10-04 23:00:00,0.0005950000000011
2025-10-05 00:00:00,0.0008830000000016
2025-10-05 01:00:00,0.0001679999999978
2025-10-05 02:00:00,0.0003790000000008
2025-10-05 03:00:00,0.0009570000000021
2025-10-05 04:00:00,0.0001549999999988
2025-10-05 05:00:00,0.0002200000000011
2025-10-05 06:00:00,0.0004359999999942
2025-10-05 07:00:00,0.0008060000000041
2025-10-05 08:00:00,0.000189999999995
2025-10-05 09:00:00,1e-06
2025-10-05 10:00:00,4.4000000001688e-05
2025-10-05 11:00:00,0.0004250000000029
2025-10-05 12:00:00,0.0001019999999989
2025-10-05 13:00:00,1e-06
2025-10-05 14:00:00,1e-06
2025-10-05 15:00:00,1e-06
2025-10-05 16:00:00,0.0005080000000016
2025-10-05 17:00:00,0.000574999999997
2025-10-05 18:00:00,0.0006129999999975
2025-10-05 19:00:00,0.0004040000000022
2025-10-05 20:00:00,0.0002739999999976
2025-10-05 21:00:00,0.0002070000000021
2025-10-05 22:00:00,0.0001820000000007
2025-10-05 23:00:00,0.0016659999999974
2025-10-06 00:00:00,0.0013510000000024
2025-10-06 01:00:00,0.0013819999999978
2025-10-06 02:00:00,0.0007460000000064
2025-10-06 03:00:00,0.0018569999999963
2025-10-06 04:00:00,0.0008799999999973
2025-10-06 05:00:00,0.0005440000000016
2025-10-06 06:00:00,0.000411
2025-10-06 07:00:00,0.0003389999999999
2025-10-06 08:00:00,2.9999999998836e-05
2025-10-06 09:00:00,1e-06
2025-10-06 10:00:00,0.0003790000000008
2025-10-06 11:00:00,8.2999999998719e-05
2025-10-06 12:00:00,0.0001589999999996
2025-10-06 13:00:00,0.0003150000000023
2025-10-06 14:00:00,0.0002649999999994
2025-10-06 15:00:00,0.0001059999999997
2025-10-06 16:00:00,0.0031260000000038
2025-10-06 17:00:00,0.0012869999999966
2025-10-06 18:00:00,0.0010999999999985
2025-10-06 19:00:00,0.000471000000005
2025-10-06 20:00:00,0.0003609999999971
2025-10-06 21:00:00,0.0006229999999995
2025-10-06 22:00:00,0.0007969999999986
2025-10-06 23:00:00,0.0001750000000029
2025-10-07 00:00:00,0.0005250000000014
2025-10-07 01:00:00,0.0007370000000009
2025-10-07 02:00:00,0.0003979999999937
2025-10-07 03:00:00,0.000382000000005
2025-10-07 04:00:00,0.000387999999999
2025-10-07 05:00:00,0.0002010000000009
2025-10-07 06:00:00,0.0006389999999955
2025-10-07 07:00:00,4.2000000001281e-05
2025-10-07 08:00:00,1e-06
2025-10-07 09:00:00,3.0000000042492e-06
2025-10-07 10:00:00,0.0002330000000001
2025-10-07 11:00:00,1e-06
2025-10-07 12:00:00,1e-06
2025-10-07 13:00:00,0.0022489999999962
2025-10-07 14:00:00,0.0034210000000021
2025-10-07 15:00:00,0.0016529999999983
2025-10-07 16:00:00,0.0008989999999976
2025-10-07 17:00:00,0.0004160000000047
2025-10-07 18:00:00,0.0005669999999954
2025-10-07 19:00:00,0.0005990000000019
2025-10-07 20:00:00,0.0003570000000036
2025-10-07 21:00:00,0.0019219999999987
2025-10-07 22:00:00,0.0041789999999964
2025-10-07 23:00:00,0.0038020000000033
2025-10-08 00:00:00,0.0043349999999991
2025-10-08 01:00:00,0.003426999999996
2025-10-08 02:00:00,0.0020910000000003
2025-10-08 03:00:00,0.0007610000000058
2025-10-08 04:00:00,0.0007479999999995
2025-10-08 05:00:00,0.0003199999999997
2025-10-08 06:00:00,0.0004289999999964
2025-10-08 07:00:00,5.800000000454e-05
2025-10-08 08:00:00,1e-06
2025-10-08 09:00:00,1e-06
2025-10-08 10:00:00,1e-06
2025-10-08 11:00:00,1e-06
2025-10-08 12:00:00,6.799999999930199e-05
2025-10-08 13:00:00,0.0015179999999964
2025-10-08 14:00:00,1e-06
2025-10-08 15:00:00,0.000145000000004
2025-10-08 16:00:00,0.0010809999999983
2025-10-08 17:00:00,0.0002580000000016
2025-10-08 18:00:00,0.0004799999999959
2025-10-08 19:00:00,0.000548999999999
2025-10-08 20:00:00,0.0013430000000008
2025-10-08 21:00:00,0.0002609999999986
2025-10-08 22:00:00,0.000423999999999
2025-10-08 23:00:00,0.000908000000003
2025-10-09 00:00:00,0.0001549999999988
2025-10-09 01:00:00,0.0002160000000003
2025-10-09 02:00:00,0.0002150000000037
2025-10-09 03:00:00,0.0010349999999962
2025-10-09 04:00:00,0.0001549999999988
2025-10-09 05:00:00,0.0001600000000034
2025-10-09 06:00:00,0.0005579999999972
2025-10-09 07:00:00,0.0001270000000004
2025-10-09 08:00:00,4.8999999999068994e-05
2025-10-09 09:00:00,9.7000000001572e-05
2025-10-09 10:00:00,0.0005040000000008
2025-10-09 11:00:00,0.0001630000000004
2025-10-09 12:00:00,0.0001259999999965
2025-10-09 13:00:00,0.000109000000004
2025-10-09 14:00:00,1e-06
2025-10-09 15:00:00,1e-06
2025-10-09 16:00:00,0.0001659999999974
2025-10-09 17:00:00,0.0017799999999988
2025-10-09 18:00:00,0.0004130000000004
2025-10-09 19:00:00,0.0005540000000037
2025-10-09 20:00:00,0.0015139999999956
2025-10-09 21:00:00,0.0002000000000043
2025-10-09 22:00:00,0.0001959999999962
2025-10-09 23:00:00,0.000173999999999
2025-10-10 00:00:00,0.0002630000000062
2025-10-10 01:00:00,0.0010759999999937
2025-10-10 02:00:00,0.0011920000000027
2025-10-10 03:00:00,0.0052759999999979
2025-10-10 04:00:00,0.0054930000000022
2025-10-10 05:00:00,0.0004100000000034
2025-10-10 06:00:00,0.0002599999999947
2025-10-10 07:00:00,1.600000000326e-05
2025-10-10 08:00:00,1e-06
2025-10-10 09:00:00,1e-06
2025-10-10 10:00:00,1e-06
2025-10-10 11:00:00,2.7000000001863e-05
2025-10-10 12:00:00,2.6999999994587e-05
2025-10-10 13:00:00,1e-06
2025-10-10 14:00:00,0.0001399999999994
2025-10-10 15:00:00,1e-06
2025-10-10 16:00:00,1e-06
2025-10-10 17:00:00,0.0012880000000005
2025-10-10 18:00:00,0.0013470000000016
2025-10-10 19:00:00,0.0002390000000014
2025-10-10 20:00:00,0.0003300000000017
2025-10-10 21:00:00,0.0002659999999959
2025-10-10 22:00:00,0.0002170000000041
2025-10-10 23:00:00,0.000176999999996
2025-10-11 00:00:00,0.0001660000000047
2025-10-11 01:00:00,0.0002389999999941
2025-10-11 02:00:00,0.0006059999999997
2025-10-11 03:00:00,0.0009540000000051
2025-10-11 04:00:00,0.0008240000000005
2025-10-11 05:00:00,0.0001889999999984
2025-10-11 06:00:00,0.0004199999999982
2025-10-11 07:00:00,0.0004510000000009
2025-10-11 08:00:00,2.5999999998021e-05
2025-10-11 09:00:00,4.0000000008149006e-06
2025-10-11 10:00:00,1e-06
2025-10-11 11:00:00,0.0008360000000029
2025-10-11 12:00:00,0.0004739999999947
2025-10-11 13:00:00,4.0000000008149006e-06
2025-10-11 14:00:00,1e-06
2025-10-11 15:00:00,1e-06
2025-10-11 16:00:00,0.0002900000000008
2025-10-11 17:00:00,0.0006330000000016
2025-10-11 18:00:00,0.0004709999999977
2025-10-11 19:00:00,0.0003210000000035
2025-10-11 20:00:00,0.0002920000000012
2025-10-11 21:00:00,0.000301999999996
2025-10-11 22:00:00,0.0003260000000009
2025-10-11 23:00:00,0.0001949999999997
2025-10-12 00:00:00,0.0002660000000032
2025-10-12 01:00:00,0.0006019999999989
2025-10-12 02:00:00,0.0004789999999993
2025-10-12 03:00:00,0.0062509999999966
2025-10-12 04:00:00,0.0053440000000046
2025-10-12 05:00:00,0.0001689999999944
2025-10-12 06:00:00,0.0007669999999998
2025-10-12 07:00:00,0.0005850000000064
2025-10-12 08:00:00,0.0001800000000002
2025-10-12 09:00:00,0.0004729999999981
2025-10-12 10:00:00,2.8999999994994e-05
2025-10-12 11:00:00,0.0002120000000068
2025-10-12 12:00:00,0.0004419999999954
2025-10-12 13:00:00,0.0001650000000008
2025-10-12 14:00:00,4.2999999997846e-05
2025-10-12 15:00:00,1e-06
2025-10-12 16:00:00,3.0000000042492e-06
2025-10-12 17:00:00,0.0001339999999982
2025-10-12 18:00:00,0.0001820000000007
2025-10-12 19:00:00,0.0003510000000023
2025-10-12 20:00:00,0.0002699999999968
2025-10-12 21:00:00,0.0002169999999969
2025-10-12 22:00:00,0.0001870000000053
2025-10-12 23:00:00,0.0001709999999948
2025-10-13 00:00:00,0.0001620000000039
2025-10-13 01:00:00,0.0007770000000018
2025-10-13 02:00:00,0.0005309999999954
2025-10-13 03:00:00,0.0001670000000012
2025-10-13 04:00:00,0.0003799999999973
2025-10-13 05:00:00,0.0001640000000043
2025-10-13 06:00:00,0.0005509999999994
2025-10-13 07:00:00,0.0001959999999962
2025-10-13 08:00:00,6.999999999970901e-05
2025-10-13 09:00:00,3.5000000003492e-05
2025-10-13 10:00:00,0.0003680000000022
2025-10-13 11:00:00,8.3999999995285e-05
2025-10-13 12:00:00,7.1000000003551e-05
2025-10-13 13:00:00,0.0002940000000016
2025-10-13 14:00:00,0.0002979999999952
2025-10-13 15:00:00,0.0002190000000045
2025-10-13 16:00:00,0.000898000000001
2025-10-13 17:00:00,0.0004359999999942
2025-10-13 18:00:00,0.000859000000004
2025-10-13 19:00:00,0.0011599999999962
2025-10-13 20:00:00,0.0003770000000004
2025-10-13 21:00:00,0.0002910000000047
2025-10-13 22:00:00,0.0006189999999987
2025-10-13 23:00:00,0.0007609999999986
2025-10-14 00:00:00,0.000163999999997
2025-10-14 01:00:00,0.0002320000000036
2025-10-14 02:00:00,0.0010679999999993
2025-10-14 03:00:00,0.0052920000000013
2025-10-14 04:00:00,0.0052829999999958
2025-10-14 05:00:00,0.0003960000000006
2025-10-14 06:00:00,0.0003050000000002
2025-10-14 07:00:00,0.0005610000000015
2025-10-14 08:00:00,1e-06
2025-10-14 09:00:00,5.9000000001106e-05
2025-10-14 10:00:00,0.0003609999999971
2025-10-14 11:00:00,2.100000000064e-05
2025-10-14 12:00:00,0.0002200000000011
2025-10-14 13:00:00,0.0002099999999991
2025-10-14 14:00:00,2.3999999997613e-05
2025-10-14 15:00:00,3.2000000006519e-05
2025-10-14 16:00:00,0.0011579999999958
2025-10-14 17:00:00,0.0006719999999986
2025-10-14 18:00:00,0.0004690000000046
2025-10-14 19:00:00,0.0007330000000001
2025-10-14 20:00:00,0.0020799999999945
2025-10-14 21:00:00,0.0005420000000012
2025-10-14 22:00:00,0.0006460000000006
2025-10-14 23:00:00,0.0008799999999973
2025-10-15 00:00:00,0.0002010000000009
2025-10-15 01:00:00,0.0001720000000059
2025-10-15 02:00:00,0.0009259999999994
2025-10-15 03:00:00,0.0052429999999949
2025-10-15 04:00:00,0.0054760000000024
2025-10-15 05:00:00,0.0005869999999995
2025-10-15 06:00:00,0.0002739999999976
2025-10-15 07:00:00,7.1000000003551e-05
2025-10-15 08:00:00,1e-06
2025-10-15 09:00:00,0.0003949999999968
2025-10-15 10:00:00,0.0001549999999988
2025-10-15 11:00:00,1e-06
2025-10-15 12:00:00,0.0002220000000015
2025-10-15 13:00:00,0.0001120000000009
2025-10-15 14:00:00,1e-06
2025-10-15 15:00:00,0.0005560000000041
2025-10-15 16:00:00,0.0011849999999976
2025-10-15 17:00:00,0.0005069999999977
2025-10-15 18:00:00,0.0004259999999994
2025-10-15 19:00:00,0.0003110000000015
2025-10-15 20:00:00,0.0002399999999979
2025-10-15 21:00:00,0.0013450000000011
2025-10-15 22:00:00,0.0013590000000039
2025-10-15 23:00:00,0.0004539999999979
2025-10-16 00:00:00,0.0004360000000015
2025-10-16 01:00:00,0.0008810000000012
2025-10-16 02:00:00,0.0001569999999992
2025-10-16 03:00:00,0.0006919999999954
2025-10-16 04:00:00,0.0003919999999998
2025-10-16 05:00:00,0.0003230000000039
2025-10-16 06:00:00,0.0003029999999998
2025-10-16 07:00:00,0.0001219999999957
2025-10-16 08:00:00,1e-06
2025-10-16 09:00:00,1e-06
2025-10-16 10:00:00,0.0005060000000012
2025-10-16 11:00:00,2.7999999998428e-05
2025-10-16 12:00:00,0.0011260000000038
2025-10-16 13:00:00,0.0014539999999979
2025-10-16 14:00:00,0.0010770000000047
2025-10-16 15:00:00,0.002625
2025-10-16 16:00:00,0.0036109999999971
2025-10-16 17:00:00,0.0019239999999991
2025-10-16 18:00:00,0.0003759999999965
2025-10-16 19:00:00,0.0004830000000001
2025-10-16 20:00:00,0.0010120000000024
2025-10-16 21:00:00,0.0005
2025-10-16 22:00:00,0.0004610000000029
2025-10-16 23:00:00,0.0009569999999948
2025-10-17 00:00:00,0.0008130000000019
2025-10-17 01:00:00,0.0005540000000037
2025-10-17 02:00:00,0.0001599999999962
2025-10-17 03:00:00,0.0054720000000016
2025-10-17 04:00:00,0.0053039999999963
2025-10-17 05:00:00,0.000385000000002
2025-10-17 06:00:00,0.0003839999999982
2025-10-17 07:00:00,0.0005120000000024
2025-10-17 08:00:00,1.0000000038417e-06
2025-10-17 09:00:00,2.7999999998428e-05
2025-10-17 10:00:00,0.0001399999999994
2025-10-17 11:00:00,1e-06
2025-10-17 12:00:00,9.999999965657e-07
2025-10-17 13:00:00,0.0015489999999991
2025-10-17 14:00:00,0.0004670000000041
2025-10-17 15:00:00,3.8000000000466e-05
2025-10-17 16:00:00,1.1999999995169e-05
2025-10-17 17:00:00,0.0014240000000063
2025-10-17 18:00:00,0.0010369999999965
2025-10-17 19:00:00,0.0009809999999997
2025-10-17 20:00:00,0.0006679999999978
2025-10-17 21:00:00,0.001583000000006
2025-10-17 22:00:00,0.0007330000000001
2025-10-17 23:00:00,0.0009019999999945
2025-10-18 00:00:00,0.0002360000000044
2025-10-18 01:00:00,0.0001879999999946
2025-10-18 02:00:00,0.0001690000000016
2025-10-18 03:00:00,0.0005920000000041
2025-10-18 04:00:00,0.0005989999999947
2025-10-18 05:00:00,0.0004490000000005
2025-10-18 06:00:00,0.0004470000000001
2025-10-18 07:00:00,0.0022750000000015
2025-10-18 08:00:00,0.0019349999999976
2025-10-18 09:00:00,0.0011830000000045
2025-10-18 10:00:00,1.9000000000233e-05
2025-10-18 11:00:00,3.6999999996624e-05
2025-10-18 12:00:00,1.0000000038417e-06
2025-10-18 13:00:00,1e-06
2025-10-18 14:00:00,1e-06
2025-10-18 15:00:00,1e-06
2025-10-18 16:00:00,1e-06
2025-10-18 17:00:00,0.0001409999999959
2025-10-18 18:00:00,0.0001600000000034
2025-10-18 19:00:00,0.0001500000000014
2025-10-18 20:00:00,0.0004509999999936
2025-10-18 21:00:00,0.0005650000000023
2025-10-18 22:00:00,0.0001529999999984
2025-10-18 23:00:00,0.0002330000000001
2025-10-19 00:00:00,0.0001830000000045
2025-10-19 01:00:00,0.0001630000000004
2025-10-19 02:00:00,0.0001649999999935
2025-10-19 03:00:00,0.0052650000000067
2025-10-19 04:00:00,0.010417999999998
2025-10-19 05:00:00,0.0078960000000006
2025-10-19 06:00:00,0.0029170000000013
2025-10-19 07:00:00,0.0001809999999968
2025-10-19 08:00:00,0.0007019999999975
2025-10-19 09:00:00,0.0001039999999993
2025-10-19 10:00:00,2.0000000004075e-06
2025-10-19 11:00:00,1e-06
2025-10-19 12:00:00,1e-06
2025-10-19 13:00:00,1e-06
2025-10-19 14:00:00,1e-06
2025-10-19 15:00:00,1e-06
2025-10-19 16:00:00,4.0000000008149006e-06
2025-10-19 17:00:00,0.0001490000000048
2025-10-19 18:00:00,0.0001499999999941
2025-10-19 19:00:00,0.0001470000000044
2025-10-19 20:00:00,0.0001569999999992
2025-10-19 21:00:00,0.0005899999999965
2025-10-19 22:00:00,0.0006620000000039
2025-10-19 23:00:00,0.0005979999999981
2025-10-20 00:00:00,0.0006529999999984
2025-10-20 01:00:00,0.0006229999999995
2025-10-20 02:00:00,0.0005849999999991
2025-10-20 03:00:00,0.0004460000000035
2025-10-20 04:00:00,0.0003949999999968
2025-10-20 05:00:00,0.000148000000001
2025-10-20 06:00:00,0.0001430000000036
2025-10-20 07:00:00,0.0001349999999947
2025-10-20 08:00:00,5.2000000003318e-05
2025-10-20 09:00:00,4.0000000008149006e-06
2025-10-20 10:00:00,0.0007010000000009
2025-10-20 11:00:00,7.2000000000116e-05
2025-10-20 12:00:00,0.0004360000000015
2025-10-20 13:00:00,1e-06
2025-10-20 14:00:00,1e-06
2025-10-20 15:00:00,1e-06
2025-10-20 16:00:00,1e-06
2025-10-20 17:00:00,0.0001089999999967
2025-10-20 18:00:00,0.0001520000000018
2025-10-20 19:00:00,0.0001419999999998
2025-10-20 20:00:00,0.0001489999999976
2025-10-20 21:00:00,0.000908000000003
2025-10-20 22:00:00,0.0004130000000004
2025-10-20 23:00:00,0.0004419999999954
2025-10-21 00:00:00,0.0006909999999988
2025-10-21 01:00:00,0.0008810000000012
2025-10-21 02:00:00,0.0011399999999994
2025-10-21 03:00:00,0.0004850000000005
2025-10-21 04:00:00,0.0004440000000031
2025-10-21 05:00:00,0.000148000000001
2025-10-21 06:00:00,0.0001419999999998
2025-10-21 07:00:00,0.0001369999999951
2025-10-21 08:00:00,1.4999999999418e-05
2025-10-21 09:00:00,1e-06
2025-10-21 10:00:00,1e-06
2025-10-21 11:00:00,2.6000000005297e-05
2025-10-21 12:00:00,0.0002200000000011
2025-10-21 13:00:00,0.0001499999999941
2025-10-21 14:00:00,1e-06
2025-10-21 15:00:00,1e-06
2025-10-21 16:00:00,6.2000000005355e-05
2025-10-21 17:00:00,0.0001709999999948
2025-10-21 18:00:00,0.0001549999999988
2025-10-21 19:00:00,0.000148000000001
2025-10-21 20:00:00,0.0001530000000056
2025-10-21 21:00:00,0.000150999999998
2025-10-21 22:00:00,0.0008300000000017
2025-10-21 23:00:00,0.000324999999997
2025-10-22 00:00:00,0.0005440000000016
2025-10-22 01:00:00,0.0004379999999946
2025-10-22 02:00:00,0.0006720000000059
2025-10-22 03:00:00,0.0008179999999993
2025-10-22 04:00:00,0.0001889999999984
2025-10-22 05:00:00,0.0004709999999977
2025-10-22 06:00:00,0.0003970000000044
2025-10-22 07:00:00,0.0001129999999975
2025-10-22 08:00:00,1e-06
2025-10-22 09:00:00,1e-06
2025-10-22 10:00:00,8.6000000002969e-05
2025-10-22 11:00:00,0.0001089999999967
2025-10-22 12:00:00,1e-06
2025-10-22 13:00:00,1e-06
2025-10-22 14:00:00,1e-06
2025-10-22 15:00:00,1e-06
2025-10-22 16:00:00,6.0000000012224e-06
2025-10-22 17:00:00,0.0001549999999988
2025-10-22 18:00:00,0.0002280000000027
2025-10-22 19:00:00,0.000186999999998
2025-10-22 20:00:00,0.0001500000000014
2025-10-22 21:00:00,0.0002579999999943
2025-10-22 22:00:00,0.0009010000000053
2025-10-22 23:00:00,0.0001500000000014
2025-10-23 00:00:00,0.0001459999999933
2025-10-23 01:00:00,0.0004190000000016
2025-10-23 02:00:00,0.0004619999999995
2025-10-23 03:00:00,0.0009089999999996
2025-10-23 04:00:00,0.0006600000000034
2025-10-23 05:00:00,0.0004279999999998
2025-10-23 06:00:00,0.0001449999999968
2025-10-23 07:00:00,0.0002320000000036
2025-10-23 08:00:00,7.2000000000116e-05
2025-10-23 09:00:00,1e-06
2025-10-23 10:00:00,0.0002949999999982
2025-10-23 11:00:00,4.8999999999068994e-05
2025-10-23 12:00:00,5.0000000046566e-06
2025-10-23 13:00:00,9.7999999998137e-05
2025-10-23 14:00:00,1e-06
2025-10-23 15:00:00,1e-06
2025-10-23 16:00:00,4.4000000001688e-05
2025-10-23 17:00:00,0.0001699999999982
2025-10-23 18:00:00,0.0001469999999972
2025-10-23 19:00:00,0.0008389999999999
2025-10-23 20:00:00,0.0002300000000032
2025-10-23 21:00:00,0.0001840000000011
2025-10-23 22:00:00,0.0004850000000005
2025-10-23 23:00:00,0.0003929999999963
2025-10-24 00:00:00,0.0006180000000022
2025-10-24 01:00:00,0.0006080000000001
2025-10-24 02:00:00,0.0005919999999969
2025-10-24 03:00:00,0.0005049999999973
2025-10-24 04:00:00,0.0003970000000044
2025-10-24 05:00:00,0.0001440000000002
2025-10-24 06:00:00,0.0001489999999976
2025-10-24 07:00:00,0.000109000000004
2025-10-24 08:00:00,5.9999999939464e-06
2025-10-24 09:00:00,1e-06
2025-10-24 10:00:00,1e-06
2025-10-24 11:00:00,1.8000000003667e-05
2025-10-24 12:00:00,8.2999999998719e-05
2025-10-24 13:00:00,5.9999999997672e-05
2025-10-24 14:00:00,1.0000000038417e-06
2025-10-24 15:00:00,1e-06
2025-10-24 16:00:00,6.0000000012224e-06
2025-10-24 17:00:00,0.0001579999999958
2025-10-24 18:00:00,0.000145000000004
2025-10-24 19:00:00,0.000148000000001
2025-10-24 20:00:00,0.0003009999999994
2025-10-24 21:00:00,0.0008450000000011
2025-10-24 22:00:00,0.000811999999998
2025-10-24 23:00:00,0.0004179999999978
2025-10-25 00:00:00,0.0006290000000008
2025-10-25 01:00:00,0.000561999999998
2025-10-25 02:00:00,0.0004729999999981
2025-10-25 03:00:00,0.0008900000000066
2025-10-25 04:00:00,0.0003399999999965
2025-10-25 05:00:00,0.0005930000000007
2025-10-25 06:00:00,0.000497000000003
2025-10-25 07:00:00,0.0003769999999931
2025-10-25 08:00:00,0.0002650000000066
2025-10-25 09:00:00,0.0002569999999977
2025-10-25 10:00:00,2.0000000004075e-06
2025-10-25 11:00:00,0.0001579999999958
2025-10-25 12:00:00,1e-06
2025-10-25 13:00:00,6.600000000617e-05
2025-10-25 14:00:00,0.0001149999999979
2025-10-25 15:00:00,0.0003969999999972
2025-10-25 16:00:00,0.0001830000000045
2025-10-25 17:00:00,0.0001819999999934
2025-10-25 18:00:00,0.0001530000000056
2025-10-25 19:00:00,0.0001499999999941
2025-10-25 20:00:00,0.0004920000000056
2025-10-25 21:00:00,0.0004709999999977
2025-10-25 22:00:00,0.0005959999999977
2025-10-25 23:00:00,0.0005940000000046
2025-10-26 00:00:00,0.0011689999999944
2025-10-26 01:00:00,0.0005820000000021
2025-10-26 02:00:00,0.0007030000000013
2025-10-26 03:00:00,0.0007320000000036
2025-10-26 04:00:00,0.0004379999999946
2025-10-26 05:00:00,0.0006940000000031
2025-10-26 06:00:00,0.0003729999999995
2025-10-26 07:00:00,0.0003569999999963
2025-10-26 08:00:00,0.0002490000000034
2025-10-26 09:00:00,6.999999999970901e-05
2025-10-26 10:00:00,4.9999999973807e-06
2025-10-26 11:00:00,1e-06
2025-10-26 12:00:00,0.0001019999999989
2025-10-26 13:00:00,2.6000000005297e-05
2025-10-26 14:00:00,9.6999999994296e-05
2025-10-26 15:00:00,9.6000000005006e-05
2025-10-26 16:00:00,0.0008430000000007
2025-10-26 17:00:00,0.0001489999999976
2025-10-26 18:00:00,0.0001440000000002
2025-10-26 19:00:00,0.0001569999999992
2025-10-26 20:00:00,0.000923999999999
2025-10-26 21:00:00,0.0022090000000026
2025-10-26 22:00:00,0.0038539999999994
2025-10-26 23:00:00,0.004987000000001
2025-10-27 00:00:00,0.0046979999999967
2025-10-27 01:00:00,0.0045
2025-10-27 02:00:00,0.0043950000000041
2025-10-27 03:00:00,0.0044789999999993
2025-10-27 04:00:00,0.004226999999999
2025-10-27 05:00:00,0.0038119999999981
2025-10-27 06:00:00,0.003846000000005
2025-10-27 07:00:00,0.0035509999999995
2025-10-27 08:00:00,0.0031460000000005
2025-10-27 09:00:00,0.0036549999999988
2025-10-27 10:00:00,0.0034179999999978
2025-10-27 11:00:00,0.0030910000000003
2025-10-27 12:00:00,1e-06
2025-10-27 13:00:00,8.000000001629801e-06
2025-10-27 14:00:00,0.0003289999999979
2025-10-27 15:00:00,0.0010420000000013
2025-10-27 16:00:00,0.0022770000000019
2025-10-27 17:00:00,0.000426999999996
2025-10-27 18:00:00,0.0010670000000027
2025-10-27 19:00:00,0.0005319999999992
2025-10-27 20:00:00,0.0007770000000018
2025-10-27 21:00:00,0.0018849999999948
2025-10-27 22:00:00,0.0007249999999985
2025-10-27 23:00:00,0.0014460000000036
2025-10-28 00:00:00,0.0009890000000014
2025-10-28 01:00:00,0.0011690000000017
2025-10-28 02:00:00,0.0009839999999967
2025-10-28 03:00:00,0.0012770000000018
2025-10-28 04:00:00,0.0009249999999956
2025-10-28 05:00:00,0.000885000000002
2025-10-28 06:00:00,0.000270000000004
2025-10-28 07:00:00,0.0004849999999933
2025-10-28 08:00:00,0.0004490000000005
2025-10-28 09:00:00,0.0001080000000001
2025-10-28 10:00:00,3.3999999999650995e-05
2025-10-28 11:00:00,1e-06
2025-10-28 12:00:00,0.0003790000000008
2025-10-28 13:00:00,0.0009130000000004
2025-10-28 14:00:00,1.0000000038417e-06
2025-10-28 15:00:00,0.0011189999999988
2025-10-28 16:00:00,0.0012739999999976
2025-10-28 17:00:00,0.0005880000000033
2025-10-28 18:00:00,0.0012409999999945
2025-10-28 19:00:00,0.0003160000000061
2025-10-28 20:00:00,0.0003809999999939
2025-10-28 21:00:00,0.000372000000003
2025-10-28 22:00:00,0.0004919999999983
2025-10-28 23:00:00,0.001976999999999
2025-10-29 00:00:00,0.0010270000000018
2025-10-29 01:00:00,0.0011750000000028
2025-10-29 02:00:00,0.0010819999999949
2025-10-29 03:00:00,0.0008550000000032
2025-10-29 04:00:00,0.0008419999999969
2025-10-29 05:00:00,0.0001540000000022
2025-10-29 06:00:00,0.0004429999999993
2025-10-29 07:00:00,4.6999999998661e-05
2025-10-29 08:00:00,1e-06
2025-10-29 09:00:00,0.0004360000000015
2025-10-29 10:00:00,1e-06
2025-10-29 11:00:00,1e-06
2025-10-29 12:00:00,1e-06
2025-10-29 13:00:00,0.0007070000000021
2025-10-29 14:00:00,0.0001399999999994
2025-10-29 15:00:00,0.000512999999999
2025-10-29 16:00:00,0.0021379999999989
2025-10-29 17:00:00,0.000721000000005
2025-10-29 18:00:00,0.0007330000000001
2025-10-29 19:00:00,0.000538999999997
2025-10-29 20:00:00,0.0012620000000024
2025-10-29 21:00:00,0.0004559999999983
2025-10-29 22:00:00,0.000426999999996
2025-10-29 23:00:00,0.0009120000000039
2025-10-30 00:00:00,0.0005899999999965
2025-10-30 01:00:00,0.0007540000000008
2025-10-30 02:00:00,0.0002940000000016
2025-10-30 03:00:00,0.0005869999999995
2025-10-30 04:00:00,0.0004400000000023
2025-10-30 05:00:00,0.0001829999999972
2025-10-30 06:00:00,0.0004230000000025
2025-10-30 07:00:00,1e-06
2025-10-30 08:00:00,4.0999999997439e-05
2025-10-30 09:00:00,0.0003139999999984
2025-10-30 10:00:00,1e-06
2025-10-30 11:00:00,6.0000000012224e-06
2025-10-30 12:00:00,3.8000000000466e-05
2025-10-30 13:00:00,2.0000000004075e-06
2025-10-30 14:00:00,1e-06
2025-10-30 15:00:00,9.5000000001164e-05
2025-10-30 16:00:00,0.0011549999999988
2025-10-30 17:00:00,0.0006270000000004
2025-10-30 18:00:00,0.0004279999999998
2025-10-30 19:00:00,0.0004839999999967
2025-10-30 20:00:00,0.0010910000000002
2025-10-30 21:00:00,0.000375
2025-10-30 22:00:00,0.000382000000005
2025-10-30 23:00:00,0.0008309999999983
2025-10-31 00:00:00,0.0015449999999983
2025-10-31 01:00:00,0.0007240000000019
2025-10-31 02:00:00,0.000760000000002
2025-10-31 03:00:00,0.0004219999999986
2025-10-31 04:00:00,0.0004439999999958
2025-10-31 05:00:00,0.0004449999999997
2025-10-31 06:00:00,0.0003380000000033
2025-10-31 07:00:00,8.6000000002969e-05
2025-10-31 08:00:00,3.0999999995402e-05
2025-10-31 09:00:00,0.0003729999999995
2025-10-31 10:00:00,7.7000000004773e-05
2025-10-31 11:00:00,9.999999965657e-07
2025-10-31 12:00:00,1e-06
2025-10-31 13:00:00,5.4000000003725e-05
2025-10-31 14:00:00,9.999999965657e-07
2025-10-31 15:00:00,0.0002649999999994
2025-10-31 16:00:00,0.0003470000000015
2025-10-31 17:00:00,0.0019530000000012
2025-10-31 18:00:00,0.0006519999999945
2025-10-31 19:00:00,0.0003960000000006
2025-10-31 20:00:00,0.0013310000000055
2025-10-31 21:00:00,0.0005499999999956
2025-10-31 22:00:00,0.000885000000002
2025-10-31 23:00:00,0.0002229999999981
2025-11-01 00:00:00,0.0001549999999988
2025-11-01 01:00:00,0.0008300000000017
2025-11-01 02:00:00,0.0007669999999998
2025-11-01 03:00:00,0.0010809999999983
2025-11-01 04:00:00,0.0006750000000029
2025-11-01 05:00:00,0.0006429999999963
2025-11-01 06:00:00,0.0010740000000005
2025-11-01 07:00:00,0.0001870000000053
2025-11-01 08:00:00,2.0000000004075e-06
2025-11-01 09:00:00,0.0008389999999999
2025-11-01 10:00:00,0.0001699999999982
2025-11-01 11:00:00,0.0002609999999986
2025-11-01 12:00:00,0.000148000000001
2025-11-01 13:00:00,0.0003359999999956
2025-11-01 14:00:00,4.1000000004715e-05
2025-11-01 15:00:00,0.0001290000000008
2025-11-01 16:00:00,0.0024239999999991
2025-11-01 17:00:00,0.0007669999999998
2025-11-01 18:00:00,0.0008680000000022
2025-11-01 19:00:00,0.0008079999999972
2025-11-01 20:00:00,0.0003839999999982
2025-11-01 21:00:00,0.0004389999999984
2025-11-01 22:00:00,0.0003029999999998
2025-11-01 23:00:00,0.0005950000000011
2025-11-02 00:00:00,0.0009939999999987
2025-11-02 01:00:00,0.0012230000000053
2025-11-02 02:00:00,0.0014359999999942
2025-11-02 03:00:00,0.010162000000004
2025-11-02 04:00:00,0.010445
2025-11-02 05:00:00,0.010595000000001
2025-11-02 06:00:00,0.003612000000001
2025-11-02 07:00:00,0.0009870000000009
2025-11-02 08:00:00,0.0001269999999931
2025-11-02 09:00:00,3.9000000004307e-05
2025-11-02 10:00:00,8.000000001629801e-06
2025-11-02 11:00:00,0.0011659999999974
2025-11-02 12:00:00,0.0012880000000005
2025-11-02 13:00:00,0.0016809999999969
2025-11-02 14:00:00,0.0031759999999995
2025-11-02 15:00:00,0.0022760000000053
2025-11-02 16:00:00,0.0007739999999976
2025-11-02 17:00:00,0.0010489999999991
2025-11-02 18:00:00,0.0005860000000029
2025-11-02 19:00:00,0.0004300000000002
2025-11-02 20:00:00,0.0002949999999982
2025-11-02 21:00:00,0.0001920000000027
2025-11-02 22:00:00,0.0001929999999993
2025-11-02 23:00:00,0.0013669999999983
2025-11-03 00:00:00,0.000824999999997
2025-11-03 01:00:00,0.0001900000000023
2025-11-03 02:00:00,0.0005020000000004
2025-11-03 03:00:00,0.0003059999999968
2025-11-03 04:00:00,0.0008310000000055
2025-11-03 05:00:00,0.000413999999997
2025-11-03 06:00:00,0.0002669999999998
2025-11-03 07:00:00,6.799999999930199e-05
2025-11-03 08:00:00,8.2000000002154e-05
2025-11-03 09:00:00,0.0010199999999968
2025-11-03 10:00:00,0.0002640000000028
2025-11-03 11:00:00,0.0014320000000007
2025-11-03 12:00:00,0.0014809999999998
2025-11-03 13:00:00,0.0013559999999998
2025-11-03 14:00:00,0.0004419999999954
2025-11-03 15:00:00,0.0002560000000012
2025-11-03 16:00:00,0.0005810000000055
2025-11-03 17:00:00,0.0025279999999984
2025-11-03 18:00:00,0.000426999999996
2025-11-03 19:00:00,0.000637999999999
2025-11-03 20:00:00,0.0005030000000042
2025-11-03 21:00:00,0.0007089999999952
2025-11-03 22:00:00,0.0022920000000013
2025-11-03 23:00:00,0.0047649999999994
2025-11-04 00:00:00,0.0042050000000017
2025-11-04 01:00:00,0.0043029999999999
2025-11-04 02:00:00,0.0038099999999977
2025-11-04 03:00:00,0.0040500000000028
2025-11-04 04:00:00,0.0037490000000034
2025-11-04 05:00:00,0.0034699999999939
2025-11-04 06:00:00,0.0008540000000066
2025-11-04 07:00:00,0.0001559999999954
2025-11-04 08:00:00,5.000000000291e-05
2025-11-04 09:00:00,1e-06
2025-11-04 10:00:00,0.0001719999999986
2025-11-04 11:00:00,2.7000000001863e-05
2025-11-04 12:00:00,0.0001460000000006
2025-11-04 13:00:00,9.999999965657e-07
2025-11-04 14:00:00,0.0006560000000026
2025-11-04 15:00:00,0.0003079999999972
2025-11-04 16:00:00,0.0015920000000042
2025-11-04 17:00:00,0.0003369999999995
2025-11-04 18:00:00,0.0004130000000004
2025-11-04 19:00:00,0.0003789999999935
2025-11-04 20:00:00,0.0003790000000008
2025-11-04 21:00:00,0.0002620000000024
2025-11-04 22:00:00,0.0002059999999983
2025-11-04 23:00:00,0.0001620000000039
2025-11-05 00:00:00,0.0009359999999942
2025-11-05 01:00:00,0.0007490000000034
2025-11-05 02:00:00,0.001012999999999
2025-11-05 03:00:00,0.0004199999999982
2025-11-05 04:00:00,0.000158000000003
2025-11-05 05:00:00,0.000161
2025-11-05 06:00:00,0.0006279999999969
2025-11-05 07:00:00,9.9000000001979e-05
2025-11-05 08:00:00,1e-06
2025-11-05 09:00:00,1e-06
2025-11-05 10:00:00,0.0005420000000012
2025-11-05 11:00:00,1e-06
2025-11-05 12:00:00,9.7000000001572e-05
2025-11-05 13:00:00,0.0003960000000006
2025-11-05 14:00:00,8.099999999831201e-05
2025-11-05 15:00:00,0.0001489999999976
2025-11-05 16:00:00,0.0015950000000011
2025-11-05 17:00:00,0.000398000000001
2025-11-05 18:00:00,0.001059000000001
2025-11-05 19:00:00,0.0003919999999998
2025-11-05 20:00:00,0.0008969999999972
2025-11-05 21:00:00,0.0006359999999986
2025-11-05 22:00:00,0.0002249999999985
2025-11-05 23:00:00,0.0004600000000064
2025-11-06 00:00:00,0.0008369999999995
2025-11-06 01:00:00,0.0013799999999974
2025-11-06 02:00:00,0.0007339999999967
2025-11-06 03:00:00,0.0060510000000068
2025-11-06 04:00:00,0.010593999999997
2025-11-06 05:00:00,0.0084329999999973
2025-11-06 06:00:00,0.0031920000000026
2025-11-06 07:00:00,0.0002260000000023
2025-11-06 08:00:00,1e-06
2025-11-06 09:00:00,8.9999999996508e-05
2025-11-06 10:00:00,4.9999999973807e-06
2025-11-06 11:00:00,1e-06
2025-11-06 12:00:00,8.000000001629801e-06
2025-11-06 13:00:00,1e-06
2025-11-06 14:00:00,2.9999999998836e-05
2025-11-06 15:00:00,7.500000000436601e-05
2025-11-06 16:00:00,0.0006579999999958
2025-11-06 17:00:00,0.0007510000000038
2025-11-06 18:00:00,0.0004680000000007
2025-11-06 19:00:00,0.0002619999999951
2025-11-06 20:00:00,0.0008310000000055
2025-11-06 21:00:00,0.0011469999999972
2025-11-06 22:00:00,0.0002869999999966
2025-11-06 23:00:00,0.0007050000000017
2025-11-07 00:00:00,0.0004639999999999
2025-11-07 01:00:00,0.0011600000000035
2025-11-07 02:00:00,0.0010469999999987
2025-11-07 03:00:00,0.0009250000000029
2025-11-07 04:00:00,0.0003549999999959
2025-11-07 05:00:00,0.0004279999999998
2025-11-07 06:00:00,0.0002189999999973
2025-11-07 07:00:00,6.3000000001921e-05
2025-11-07 08:00:00,1e-06
2025-11-07 09:00:00,9.2000000004191e-05
2025-11-07 10:00:00,0.0005159999999959
2025-11-07 11:00:00,0.0001710000000021
2025-11-07 12:00:00,0.0001549999999988
2025-11-07 13:00:00,1e-06
2025-11-07 14:00:00,0.0001169999999983
2025-11-07 15:00:00,0.0003519999999989
2025-11-07 16:00:00,0.0004360000000015
2025-11-07 17:00:00,0.0008400000000037
2025-11-07 18:00:00,0.0004939999999987
2025-11-07 19:00:00,0.0003629999999975
2025-11-07 20:00:00,0.0011719999999987
2025-11-07 21:00:00,0.0004040000000022
2025-11-07 22:00:00,0.001148000000001
2025-11-07 23:00:00,0.0010120000000024
2025-11-08 00:00:00,0.000327999999994
2025-11-08 01:00:00,0.0008190000000031
2025-11-08 02:00:00,0.0005970000000015
2025-11-08 03:00:00,0.0006829999999972
2025-11-08 04:00:00,0.0006440000000002
2025-11-08 05:00:00,0.0009170000000012
2025-11-08 06:00:00,0.0003569999999963
2025-11-08 07:00:00,0.0002030000000013
2025-11-08 08:00:00,2.4000000004889e-05
2025-11-08 09:00:00,0.000161
2025-11-08 10:00:00,0.0004249999999956
2025-11-08 11:00:00,2.4000000004889e-05
2025-11-08 12:00:00,0.000163999999997
2025-11-08 13:00:00,1e-06
2025-11-08 14:00:00,8.999999998195602e-06
2025-11-08 15:00:00,0.0001569999999992
2025-11-08 16:00:00,0.0001690000000016
2025-11-08 17:00:00,0.0001619999999966
2025-11-08 18:00:00,0.0003180000000065
2025-11-08 19:00:00,0.0003559999999997
2025-11-08 20:00:00,0.0003269999999975
2025-11-08 21:00:00,0.0001829999999972
2025-11-08 22:00:00,0.0009310000000041
2025-11-08 23:00:00,0.000199999999997
2025-11-09 00:00:00,0.0004049999999988
2025-11-09 01:00:00,0.000423999999999
2025-11-09 02:00:00,0.0007070000000021
2025-11-09 03:00:00,0.000400999999998
2025-11-09 04:00:00,0.0007479999999995
2025-11-09 05:00:00,0.0002410000000018
2025-11-09 06:00:00,0.0005970000000015
2025-11-09 07:00:00,0.000288999999997
2025-11-09 08:00:00,3.9000000004307e-05
2025-11-09 09:00:00,6.1000000001513e-05
2025-11-09 10:00:00,2.0000000004075e-06
2025-11-09 11:00:00,1e-06
2025-11-09 12:00:00,1.0999999998603e-05
2025-11-09 13:00:00,2.8999999994994e-05
2025-11-09 14:00:00,1e-06
2025-11-09 15:00:00,7.400000000052399e-05
2025-11-09 16:00:00,0.0002010000000009
2025-11-09 17:00:00,0.000260000000002
2025-11-09 18:00:00,0.0003300000000017
2025-11-09 19:00:00,0.000324999999997
2025-11-09 20:00:00,0.0010040000000008
2025-11-09 21:00:00,0.0011050000000032
2025-11-09 22:00:00,0.0010939999999973
2025-11-09 23:00:00,0.0006909999999988
2025-11-10 00:00:00,0.0009400000000023
2025-11-10 01:00:00,0.0004519999999975
2025-11-10 02:00:00,0.0007980000000025
2025-11-10 03:00:00,0.0004850000000005
2025-11-10 04:00:00,0.0004119999999966
2025-11-10 05:00:00,0.0006160000000018
2025-11-10 06:00:00,0.0002690000000002
2025-11-10 07:00:00,0.0003199999999997
2025-11-10 08:00:00,0.0001710000000021
2025-11-10 09:00:00,2.6999999994587e-05
2025-11-10 10:00:00,0.0020540000000037
2025-11-10 11:00:00,0.0022010000000008
2025-11-10 12:00:00,0.0110579999999969
2025-11-10 13:00:00,0.0047549999999974
2025-11-10 14:00:00,0.000333000000006
2025-11-10 15:00:00,0.000286
2025-11-10 16:00:00,0.0011729999999952
2025-11-10 17:00:00,0.0003349999999991
2025-11-10 18:00:00,0.0004800000000032
2025-11-10 19:00:00,0.0004420000000027
2025-11-10 20:00:00,0.0006029999999955
2025-11-10 21:00:00,0.0007850000000034
2025-11-10 22:00:00,0.0005159999999959
2025-11-10 23:00:00,0.000273000000001
2025-11-11 00:00:00,0.0005160000000032
2025-11-11 01:00:00,0.0010570000000007
2025-11-11 02:00:00,0.0016159999999945
2025-11-11 03:00:00,0.0001630000000004
2025-11-11 04:00:00,0.0003790000000008
2025-11-11 05:00:00,0.0003859999999986
2025-11-11 06:00:00,0.0004870000000009
2025-11-11 07:00:00,0.0003130000000019
2025-11-11 08:00:00,0.0008159999999988
2025-11-11 09:00:00,6.9999999977881e-06
2025-11-11 10:00:00,0.0012520000000004
2025-11-11 11:00:00,0.0013240000000005
2025-11-11 12:00:00,0.0004340000000011
2025-11-11 13:00:00,0.0049599999999991
2025-11-11 14:00:00,0.0033420000000041
2025-11-11 15:00:00,0.003985999999997
2025-11-11 16:00:00,0.0042839999999996
2025-11-11 17:00:00,0.003459999999999
2025-11-11 18:00:00,0.000395000000004
2025-11-11 19:00:00,0.0004079999999958
2025-11-11 20:00:00,0.0004120000000039
2025-11-11 21:00:00,0.0005899999999965
2025-11-11 22:00:00,0.0015440000000017
2025-11-11 23:00:00,0.0001960000000035
2025-11-12 00:00:00,0.0006159999999945
2025-11-12 01:00:00,0.0010800000000017
2025-11-12 02:00:00,0.0011449999999967
2025-11-12 03:00:00,0.0111710000000019
2025-11-12 04:00:00,0.005487000000001
2025-11-12 05:00:00,0.0005080000000016
2025-11-12 06:00:00,0.0005409999999974
2025-11-12 07:00:00,5.0999999999476e-05
2025-11-12 08:00:00,1e-06
2025-11-12 09:00:00,1e-06
2025-11-12 10:00:00,0.0004570000000021
2025-11-12 11:00:00,1e-06
2025-11-12 12:00:00,0.0008220000000001
2025-11-12 13:00:00,0.0028669999999984
2025-11-12 14:00:00,0.0035540000000037
2025-11-12 15:00:00,0.0026719999999986
2025-11-12 16:00:00,0.0011899999999951
2025-11-12 17:00:00,0.0004050000000061
2025-11-12 18:00:00,0.0004039999999949
2025-11-12 19:00:00,0.0004140000000043
2025-11-12 20:00:00,0.0006290000000008
2025-11-12 21:00:00,0.0009569999999948
2025-11-12 22:00:00,0.000958000000006
2025-11-12 23:00:00,0.0006369999999951
2025-11-13 00:00:00,0.0008819999999977
2025-11-13 01:00:00,0.0013000000000029
2025-11-13 02:00:00,0.0014429999999992
2025-11-13 03:00:00,0.011489999999998
2025-11-13 04:00:00,0.0053280000000013
2025-11-13 05:00:00,0.000395000000004
2025-11-13 06:00:00,0.0004830000000001
2025-11-13 07:00:00,0.0005159999999959
2025-11-13 08:00:00,0.0001229999999995
2025-11-13 09:00:00,1.9000000000233e-05
2025-11-13 10:00:00,3.3000000003085e-05
2025-11-13 11:00:00,0.0025899999999965
2025-11-13 12:00:00,0.0027360000000044
2025-11-13 13:00:00,0.0027209999999977
2025-11-13 14:00:00,0.0031240000000034
2025-11-13 15:00:00,0.0036599999999962
2025-11-13 16:00:00,0.0043479999999981
2025-11-13 17:00:00,0.0037740000000049
2025-11-13 18:00:00,0.0035329999999958
2025-11-13 19:00:00,0.0036960000000036
2025-11-13 20:00:00,0.0036100000000005
2025-11-13 21:00:00,0.0035509999999995
2025-11-13 22:00:00,0.0021239999999962
2025-11-13 23:00:00,0.0006770000000033
2025-11-14 00:00:00,0.0005639999999984
2025-11-14 01:00:00,0.0001790000000037
2025-11-14 02:00:00,0.0009799999999959
2025-11-14 03:00:00,0.009086000000003
2025-11-14 04:00:00,0.0080609999999942
2025-11-14 05:00:00,0.0021910000000062
2025-11-14 06:00:00,0.0003139999999984
2025-11-14 07:00:00,0.0002439999999987
2025-11-14 08:00:00,0.0001310000000012
2025-11-14 09:00:00,7.6999999997497e-05
2025-11-14 10:00:00,4.0000000000873e-05
2025-11-14 11:00:00,0.0028470000000016
2025-11-14 12:00:00,0.0033739999999962
2025-11-14 13:00:00,0.0001560000000026
2025-11-14 14:00:00,0.0002319999999963
2025-11-14 15:00:00,0.0002880000000004
2025-11-14 16:00:00,0.0002030000000013
2025-11-14 17:00:00,0.0001909999999988
2025-11-14 18:00:00,0.0010080000000016
2025-11-14 19:00:00,0.0006260000000038
2025-11-14 20:00:00,0.0008499999999985
2025-11-14 21:00:00,0.0005610000000015
2025-11-14 22:00:00,0.0011990000000005
2025-11-14 23:00:00,0.0006729999999952
2025-11-15 00:00:00,0.001059000000001
2025-11-15 01:00:00,0.0010380000000005
2025-11-15 02:00:00,0.0016050000000032
2025-11-15 03:00:00,0.0008580000000001
2025-11-15 04:00:00,0.0009309999999968
2025-11-15 05:00:00,0.0007940000000016
2025-11-15 06:00:00,0.0006290000000008
2025-11-15 07:00:00,0.0003009999999994
2025-11-15 08:00:00,0.0002829999999958
2025-11-15 09:00:00,0.0002370000000009
2025-11-15 10:00:00,3.6000000000058e-05
2025-11-15 11:00:00,0.0001180000000022
2025-11-15 12:00:00,0.0002050000000017
2025-11-15 13:00:00,0.000137999999999
2025-11-15 14:00:00,0.0001939999999958
2025-11-15 15:00:00,0.0003709999999991
2025-11-15 16:00:00,0.0002820000000065
2025-11-15 17:00:00,0.0019849999999933
2025-11-15 18:00:00,0.000385000000002
2025-11-15 19:00:00,0.000372000000003
2025-11-15 20:00:00,0.0003620000000009
2025-11-15 21:00:00,0.0003240000000005
2025-11-15 22:00:00,0.0010619999999981
2025-11-15 23:00:00,0.0010529999999999
2025-11-16 00:00:00,0.0003589999999967
2025-11-16 01:00:00,0.0006130000000048
2025-11-16 02:00:00,0.000436999999998
2025-11-16 03:00:00,0.011118000000002
2025-11-16 04:00:00,0.0059069999999991
2025-11-16 05:00:00,0.0012209999999976
2025-11-16 06:00:00,0.0001829999999972
2025-11-16 07:00:00,0.000395000000004
2025-11-16 08:00:00,0.0002089999999952
2025-11-16 09:00:00,0.0002420000000056
2025-11-16 10:00:00,0.0001599999999962
2025-11-16 11:00:00,1e-06
2025-11-16 12:00:00,3.0000000042492e-06
2025-11-16 13:00:00,5.9999999939464e-06
2025-11-16 14:00:00,0.0002250000000058
2025-11-16 15:00:00,0.0007259999999951
2025-11-16 16:00:00,0.0016080000000002
2025-11-16 17:00:00,0.000734000000004
2025-11-16 18:00:00,0.0003459999999977
2025-11-16 19:00:00,0.0003400000000037
2025-11-16 20:00:00,0.0014479999999967
2025-11-16 21:00:00,0.0007379999999975
2025-11-16 22:00:00,0.0008760000000038
2025-11-16 23:00:00,0.0003099999999976
2025-11-17 00:00:00,0.0008420000000041
2025-11-17 01:00:00,0.0007669999999998
2025-11-17 02:00:00,0.0022109999999957
2025-11-17 03:00:00,0.0009830000000001
2025-11-17 04:00:00,0.0009870000000009
2025-11-17 05:00:00,0.0005219999999972
2025-11-17 06:00:00,0.0002880000000004
2025-11-17 07:00:00,0.0003400000000037
2025-11-17 08:00:00,4.0999999997439e-05
2025-11-17 09:00:00,4.6000000002095e-05
2025-11-17 10:00:00,0.0003379999999961
2025-11-17 11:00:00,0.0012040000000052
2025-11-17 12:00:00,0.0020449999999983
2025-11-17 13:00:00,0.0021650000000009
2025-11-17 14:00:00,0.0020930000000008
2025-11-17 15:00:00,0.0024549999999945
2025-11-17 16:00:00,0.0017440000000061
2025-11-17 17:00:00,0.000926999999996
2025-11-17 18:00:00,0.0005610000000015
2025-11-17 19:00:00,0.0003779999999969
2025-11-17 20:00:00,0.0003559999999997
2025-11-17 21:00:00,0.0003090000000011
2025-11-17 22:00:00,0.0024729999999981
2025-11-17 23:00:00,0.0052930000000051
2025-11-18 00:00:00,0.0041440000000002
2025-11-18 01:00:00,0.004051999999996
2025-11-18 02:00:00,0.0041160000000018
2025-11-18 03:00:00,0.0041600000000034
2025-11-18 04:00:00,0.0037989999999991
2025-11-18 05:00:00,0.0037139999999999
2025-11-18 06:00:00,0.0007849999999962
2025-11-18 07:00:00,0.0004930000000022
2025-11-18 08:00:00,0.0002450000000026
2025-11-18 09:00:00,0.0072979999999952
2025-11-18 10:00:00,0.0099540000000052
2025-11-18 11:00:00,0.0047649999999994
2025-11-18 12:00:00,0.0015639999999985
2025-11-18 13:00:00,0.0001419999999998
2025-11-18 14:00:00,2.3000000001048e-05
2025-11-18 15:00:00,0.0003479999999981
2025-11-18 16:00:00,0.0023609999999971
2025-11-18 17:00:00,0.0009630000000033
2025-11-18 18:00:00,0.0005299999999988
2025-11-18 19:00:00,0.0006430000000036
2025-11-18 20:00:00,0.0006789999999964
2025-11-18 21:00:00,0.0007390000000014
2025-11-18 22:00:00,0.0010729999999966
2025-11-18 23:00:00,0.0012860000000001
2025-11-19 00:00:00,0.0009650000000037
2025-11-19 01:00:00,0.0008679999999949
2025-11-19 02:00:00,0.0007370000000009
2025-11-19 03:00:00,0.0007969999999986
2025-11-19 04:00:00,0.0005950000000011
2025-11-19 05:00:00,0.0004250000000029
2025-11-19 06:00:00,0.0006359999999986
2025-11-19 07:00:00,0.0002030000000013
2025-11-19 08:00:00,0.0001619999999966
2025-11-19 09:00:00,0.0001030000000027
2025-11-19 10:00:00,0.0006759999999994
2025-11-19 11:00:00,0.0002660000000032
2025-11-19 12:00:00,0.0003129999999946
2025-11-19 13:00:00,0.0004730000000054
2025-11-19 14:00:00,0.0002009999999936
2025-11-19 15:00:00,0.0018240000000005
2025-11-19 16:00:00,0.0015509999999994
2025-11-19 17:00:00,0.0008760000000038
2025-11-19 18:00:00,0.0008439999999973
2025-11-19 19:00:00,0.0009250000000029
2025-11-19 20:00:00,0.001377999999997
2025-11-19 21:00:00,0.0005560000000041
2025-11-19 22:00:00,0.0015289999999949
2025-11-19 23:00:00,0.0011990000000005
2025-11-20 00:00:00,0.0012309999999998
2025-11-20 01:00:00,0.0010190000000001
2025-11-20 02:00:00,0.0011200000000026
2025-11-20 03:00:00,0.0010370000000038
2025-11-20 04:00:00,0.0007599999999947
2025-11-20 05:00:00,0.0009850000000005
2025-11-20 06:00:00,0.000273000000001
2025-11-20 07:00:00,5.9000000001106e-05
2025-11-20 08:00:00,1e-06
2025-11-20 09:00:00,1e-06
2025-11-20 10:00:00,1e-06
2025-11-20 11:00:00,1e-06
2025-11-20 12:00:00,0.0006919999999954
2025-11-20 13:00:00,0.0002750000000014
2025-11-20 14:00:00,2.0000000004075e-06
2025-11-20 15:00:00,0.0002649999999994
2025-11-20 16:00:00,0.0036870000000054
2025-11-20 17:00:00,0.0004939999999987
2025-11-20 18:00:00,0.0005789999999979
2025-11-20 19:00:00,0.0004669999999969
2025-11-20 20:00:00,0.0007590000000054
2025-11-20 21:00:00,0.0015439999999944
2025-11-20 22:00:00,0.0016310000000011
2025-11-20 23:00:00,0.0008499999999985
2025-11-21 00:00:00,0.0008020000000033
2025-11-21 01:00:00,0.0010720000000001
2025-11-21 02:00:00,0.0013600000000006
2025-11-21 03:00:00,0.010966999999997
2025-11-21 04:00:00,0.0057309999999998
2025-11-21 05:00:00,0.0007119999999995
2025-11-21 06:00:00,0.0002940000000016
2025-11-21 07:00:00,0.0001019999999989
2025-11-21 08:00:00,1.4999999999418e-05
2025-11-21 09:00:00,2.0000000004075003e-05
2025-11-21 10:00:00,0.0005400000000008
2025-11-21 11:00:00,0.0005029999999969
2025-11-21 12:00:00,0.0028729999999996
2025-11-21 13:00:00,0.0005999999999985
2025-11-21 14:00:00,0.0018120000000054
2025-11-21 15:00:00,0.0016389999999956
2025-11-21 16:00:00,0.0002930000000051
2025-11-21 17:00:00,0.0003410000000003
2025-11-21 18:00:00,0.0089969999999958
2025-11-21 19:00:00,0.0013700000000026
2025-11-21 20:00:00,0.0011069999999963
2025-11-21 21:00:00,0.0015970000000016
2025-11-21 22:00:00,0.0016670000000013
2025-11-21 23:00:00,0.000760000000002
2025-11-22 00:00:00,0.0009119999999966
2025-11-22 01:00:00,0.0004890000000014
2025-11-22 02:00:00,0.0008519999999989
2025-11-22 03:00:00,0.0109199999999979
2025-11-22 04:00:00,0.0059239999999991
2025-11-22 05:00:00,0.0009120000000039
2025-11-22 06:00:00,0.0011270000000003
2025-11-22 07:00:00,5.3999999996449e-05
2025-11-22 08:00:00,0.0002110000000029
2025-11-22 09:00:00,0.0003909999999959
2025-11-22 10:00:00,6.600000000617e-05
2025-11-22 11:00:00,0.0002479999999995
2025-11-22 12:00:00,0.000189999999995
2025-11-22 13:00:00,0.0002640000000028
2025-11-22 14:00:00,1.5999999995984003e-05
2025-11-22 15:00:00,0.0003190000000031
2025-11-22 16:00:00,0.0007540000000008
2025-11-22 17:00:00,0.0013130000000018
2025-11-22 18:00:00,0.0037880000000004
2025-11-22 19:00:00,0.0040609999999942
2025-11-22 20:00:00,0.0041200000000026
2025-11-22 21:00:00,0.0042200000000011
2025-11-22 22:00:00,0.0047880000000005
2025-11-22 23:00:00,0.0041549999999988
2025-11-23 00:00:00,0.0043819999999978
2025-11-23 01:00:00,0.0038300000000017
2025-11-23 02:00:00,0.0041840000000011
2025-11-23 03:00:00,0.0041650000000009
2025-11-23 04:00:00,0.0042809999999954
2025-11-23 05:00:00,0.0047560000000012
2025-11-23 06:00:00,0.0040699999999997
2025-11-23 07:00:00,0.0043940000000002
2025-11-23 08:00:00,0.0040420000000013
2025-11-23 09:00:00,0.0007439999999987
2025-11-23 10:00:00,0.0002249999999985
2025-11-23 11:00:00,9.1000000000349e-05
2025-11-23 12:00:00,0.0002620000000024
2025-11-23 13:00:00,0.0002209999999977
2025-11-23 14:00:00,9.6000000005006e-05
2025-11-23 15:00:00,0.0001949999999997
2025-11-23 16:00:00,0.0007059999999983
2025-11-23 17:00:00,0.0006569999999992
2025-11-23 18:00:00,0.0006600000000034
2025-11-23 19:00:00,0.0004649999999965
2025-11-23 20:00:00,0.0009749999999985
2025-11-23 21:00:00,0.0006150000000052
2025-11-23 22:00:00,0.001025999999998
2025-11-23 23:00:00,0.0012169999999968
2025-11-24 00:00:00,0.0012570000000051
2025-11-24 01:00:00,0.0016949999999997
2025-11-24 02:00:00,0.000939999999995
2025-11-24 03:00:00,0.0009789999999993
2025-11-24 04:00:00,0.000798999999999
2025-11-24 05:00:00,0.0008600000000005
2025-11-24 06:00:00,0.0065030000000042
2025-11-24 07:00:00,0.0086389999999956
2025-11-24 08:00:00,0.0006779999999998
2025-11-24 09:00:00,0.0067839999999997
2025-11-24 10:00:00,0.0094279999999999
2025-11-24 11:00:00,0.0007890000000043
2025-11-24 12:00:00,1e-06
2025-11-24 13:00:00,1.299999999901e-05
2025-11-24 14:00:00,0.0001299999999973
2025-11-24 15:00:00,0.0001800000000002
2025-11-24 16:00:00,0.0006920000000027
2025-11-24 17:00:00,0.001
2025-11-24 18:00:00,0.0006710000000021
2025-11-24 19:00:00,0.0006879999999946
2025-11-24 20:00:00,0.0010610000000015
2025-11-24 21:00:00,0.0010400000000009
2025-11-24 22:00:00,0.0016800000000003
2025-11-24 23:00:00,0.0014300000000003
2025-11-25 00:00:00,0.0010729999999966
2025-11-25 01:00:00,0.0008520000000062
2025-11-25 02:00:00,0.0011229999999996
2025-11-25 03:00:00,0.0010199999999968
2025-11-25 04:00:00,0.0010789999999979
2025-11-25 05:00:00,0.0005810000000055
2025-11-25 06:00:00,0.0007409999999945
2025-11-25 07:00:00,0.0001500000000014
2025-11-25 08:00:00,0.0001840000000011
2025-11-25 09:00:00,0.000150999999998
2025-11-25 10:00:00,0.0010299999999988
2025-11-25 11:00:00,0.0007139999999999
2025-11-25 12:00:00,0.000520000000004
2025-11-25 13:00:00,0.001351999999999
2025-11-25 14:00:00,0.0005010000000038
2025-11-25 15:00:00,0.001041999999994
2025-11-25 16:00:00,0.0010640000000058
2025-11-25 17:00:00,0.0006259999999965
2025-11-25 18:00:00,0.0006149999999979
2025-11-25 19:00:00,0.0005950000000011
2025-11-25 20:00:00,0.0018009999999994
2025-11-25 21:00:00,0.0032740000000049
2025-11-25 22:00:00,0.0050839999999953
2025-11-25 23:00:00,0.003875
2025-11-26 00:00:00,0.0046560000000027
2025-11-26 01:00:00,0.0048280000000013
2025-11-26 02:00:00,0.0042589999999982
2025-11-26 03:00:00,0.0044570000000022
2025-11-26 04:00:00,0.0040059999999939
2025-11-26 05:00:00,0.0014180000000051
2025-11-26 06:00:00,0.000525999999998
2025-11-26 07:00:00,0.000173999999999
2025-11-26 08:00:00,1e-06
2025-11-26 09:00:00,0.0006980000000039
2025-11-26 10:00:00,3.0999999995402e-05
2025-11-26 11:00:00,1.0000000038417e-06
2025-11-26 12:00:00,0.0003109999999942
2025-11-26 13:00:00,2.0000000004075e-06
2025-11-26 14:00:00,2.0000000004075e-06
2025-11-26 15:00:00,0.0001900000000023
2025-11-26 16:00:00,0.0014429999999992
2025-11-26 17:00:00,0.0012360000000044
2025-11-26 18:00:00,0.0008779999999969
2025-11-26 19:00:00,0.0013419999999969
2025-11-26 20:00:00,0.0011759999999995
2025-11-26 21:00:00,0.0009660000000003
2025-11-26 22:00:00,0.0009290000000037
2025-11-26 23:00:00,0.0007200000000011
2025-11-27 00:00:00,0.000689999999995
2025-11-27 01:00:00,0.0009730000000054
2025-11-27 02:00:00,0.0007180000000007
2025-11-27 03:00:00,0.0009379999999946
2025-11-27 04:00:00,0.0010260000000053
2025-11-27 05:00:00,0.0004749999999985
2025-11-27 06:00:00,0.0007019999999975
2025-11-27 07:00:00,0.0003839999999982
2025-11-27 08:00:00,0.000786
2025-11-27 09:00:00,3.9000000004307e-05
2025-11-27 10:00:00,0.0007330000000001
2025-11-27 11:00:00,0.0010169999999998
2025-11-27 12:00:00,0.0002319999999963
2025-11-27 13:00:00,0.0003519999999989
2025-11-27 14:00:00,0.000148000000001
2025-11-27 15:00:00,0.0002099999999991
2025-11-27 16:00:00,0.0009820000000036
2025-11-27 17:00:00,0.0013359999999957
2025-11-27 18:00:00,0.0006680000000051
2025-11-27 19:00:00,0.0010709999999963
2025-11-27 20:00:00,0.0012130000000034
2025-11-27 21:00:00,0.0012569999999978
2025-11-27 22:00:00,0.0014159999999974
2025-11-27 23:00:00,0.0009610000000029
2025-11-28 00:00:00,0.0009959999999991
2025-11-28 01:00:00,0.0009130000000004
2025-11-28 02:00:00,0.0018420000000042
2025-11-28 03:00:00,0.0012929999999977
2025-11-28 04:00:00,0.000548999999999
2025-11-28 05:00:00,0.0001829999999972
2025-11-28 06:00:00,0.000520000000004
2025-11-28 07:00:00,0.0003689999999987
2025-11-28 08:00:00,0.0001959999999962
2025-11-28 09:00:00,0.0002040000000051
2025-11-28 10:00:00,3.1999999999243e-05
2025-11-28 11:00:00,1.6999999999825e-05
2025-11-28 12:00:00,3.2999999995809e-05
2025-11-28 13:00:00,1e-06
2025-11-28 14:00:00,0.0006180000000022
2025-11-28 15:00:00,0.0007280000000027
2025-11-28 16:00:00,0.0010619999999981
2025-11-28 17:00:00,0.0037980000000025
2025-11-28 18:00:00,0.0039739999999947
2025-11-28 19:00:00,0.0059979999999996
2025-11-28 20:00:00,0.0042270000000062
2025-11-28 21:00:00,0.0041460000000006
2025-11-28 22:00:00,0.0054649999999965
2025-11-28 23:00:00,0.0042090000000026
2025-11-29 00:00:00,0.0046179999999949
2025-11-29 01:00:00,0.0041810000000041
2025-11-29 02:00:00,0.0055109999999986
2025-11-29 03:00:00,0.0034470000000001
2025-11-29 04:00:00,0.0011299999999974
2025-11-29 05:00:00,0.000382000000005
2025-11-29 06:00:00,0.0004119999999966
2025-11-29 07:00:00,0.0012929999999977
2025-11-29 08:00:00,0.0035339999999997
2025-11-29 09:00:00,0.003112000000001
2025-11-29 10:00:00,0.0028800000000047
2025-11-29 11:00:00,0.004186999999998
2025-11-29 12:00:00,0.0011670000000013
2025-11-29 13:00:00,0.0001679999999978
2025-11-29 14:00:00,0.0005010000000038
2025-11-29 15:00:00,0.000814999999995
2025-11-29 16:00:00,0.0013400000000038
2025-11-29 17:00:00,0.0011389999999956
2025-11-29 18:00:00,0.0004500000000043
2025-11-29 19:00:00,0.0008889999999955
2025-11-29 20:00:00,0.0017289999999993
2025-11-29 21:00:00,0.0039140000000042
2025-11-29 22:00:00,0.004775999999998
2025-11-29 23:00:00,0.0007669999999998
2025-11-30 00:00:00,0.0008689999999987
2025-11-30 01:00:00,0.0015120000000024
2025-11-30 02:00:00,0.0017839999999997
2025-11-30 03:00:00,0.0006569999999992
2025-11-30 04:00:00,0.0006690000000016
2025-11-30 05:00:00,0.0004740000000019
2025-11-30 06:00:00,0.0007529999999969
2025-11-30 07:00:00,0.000324999999997
2025-11-30 08:00:00,0.0001410000000032
2025-11-30 09:00:00,4.2000000001281e-05
2025-11-30 10:00:00,0.0003419999999969
2025-11-30 11:00:00,1e-06
2025-11-30 12:00:00,1e-06
2025-11-30 13:00:00,1e-06
2025-11-30 14:00:00,7.2000000000116e-05
2025-11-30 15:00:00,0.0002750000000014
2025-11-30 16:00:00,0.0004049999999988
2025-11-30 17:00:00,0.0008610000000044
2025-11-30 18:00:00,0.001288999999997
2025-11-30 19:00:00,0.0009789999999993
2025-11-30 20:00:00,0.0002790000000022
2025-11-30 21:00:00,0.0002449999999953
2025-11-30 22:00:00,0.0002269999999989
2025-11-30 23:00:00,0.0004590000000025
2025-12-01 00:00:00,0.0004330000000045
2025-12-01 01:00:00,0.0009019999999945
2025-12-01 02:00:00,0.0019789999999994
2025-12-01 03:00:00,0.0014320000000007
2025-12-01 04:00:00,0.0013559999999998
2025-12-01 05:00:00,0.0006820000000007
2025-12-01 06:00:00,0.0007669999999998
2025-12-01 07:00:00,0.0004250000000029
2025-12-01 08:00:00,0.0003240000000005
2025-12-01 09:00:00,5.0999999999476e-05
2025-12-01 10:00:00,0.0017249999999984
2025-12-01 11:00:00,0.0002229999999981
2025-12-01 12:00:00,0.0010630000000018
2025-12-01 13:00:00,0.003387999999999
2025-12-01 14:00:00,0.0029089999999997
2025-12-01 15:00:00,0.0003760000000038
2025-12-01 16:00:00,0.0018289999999979
2025-12-01 17:00:00,0.0011869999999981
2025-12-01 18:00:00,0.0006770000000033
2025-12-01 19:00:00,0.0005009999999965
2025-12-01 20:00:00,0.0007249999999985
2025-12-01 21:00:00,0.0010060000000012
2025-12-01 22:00:00,0.0010840000000026
2025-12-01 23:00:00,0.001002999999997
2025-12-02 00:00:00,0.0008320000000021
2025-12-02 01:00:00,0.0010869999999994
2025-12-02 02:00:00,0.0018450000000011
2025-12-02 03:00:00,0.0011679999999978
2025-12-02 04:00:00,0.0005540000000037
2025-12-02 05:00:00,0.0002089999999952
2025-12-02 06:00:00,0.0005600000000049
2025-12-02 07:00:00,0.0003609999999971
2025-12-02 08:00:00,0.0001849999999976
2025-12-02 09:00:00,0.0001830000000045
2025-12-02 10:00:00,0.0045409999999973
2025-12-02 11:00:00,0.0031909999999989
2025-12-02 12:00:00,0.0011549999999988
2025-12-02 13:00:00,0.0006730000000025
2025-12-02 14:00:00,0.000923999999999
2025-12-02 15:00:00,0.0003830000000016
2025-12-02 16:00:00,0.0012209999999976
2025-12-02 17:00:00,0.0004270000000033
2025-12-02 18:00:00,0.0014939999999988
2025-12-02 19:00:00,0.000898000000001
2025-12-02 20:00:00,0.0005460000000021
2025-12-02 21:00:00,0.0022179999999935
2025-12-02 22:00:00,0.0041910000000062
2025-12-02 23:00:00,0.0044019999999946
2025-12-03 00:00:00,0.004599000000002
2025-12-03 01:00:00,0.005211000000003
2025-12-03 02:00:00,0.0048249999999971
2025-12-03 03:00:00,0.0042560000000012
2025-12-03 04:00:00,0.0038689999999988
2025-12-03 05:00:00,0.0012130000000034
2025-12-03 06:00:00,0.0006559999999954
2025-12-03 07:00:00,0.0001940000000031
2025-12-03 08:00:00,0.0010139999999956
2025-12-03 09:00:00,0.0003050000000002
2025-12-03 10:00:00,0.000359000000004
2025-12-03 11:00:00,2.5000000001455e-05
2025-12-03 12:00:00,0.0002719999999972
2025-12-03 13:00:00,0.0003450000000011
2025-12-03 14:00:00,0.0003629999999975
2025-12-03 15:00:00,0.0001960000000035
2025-12-03 16:00:00,0.000176999999996
2025-12-03 17:00:00,0.0001830000000045
2025-12-03 18:00:00,0.0001859999999942
2025-12-03 19:00:00,0.0003300000000017
2025-12-03 20:00:00,0.0012949999999983
2025-12-03 21:00:00,0.0012800000000061
2025-12-03 22:00:00,0.0009609999999956
2025-12-03 23:00:00,0.0005860000000029
2025-12-04 00:00:00,0.0004449999999997
2025-12-04 01:00:00,0.0008359999999956
2025-12-04 02:00:00,0.0015580000000045
2025-12-04 03:00:00,0.0010610000000015
2025-12-04 04:00:00,0.0008589999999967
2025-12-04 05:00:00,0.0005250000000014
2025-12-04 06:00:00,0.0007390000000014
2025-12-04 07:00:00,0.0002330000000001
2025-12-04 08:00:00,0.0005599999999976
2025-12-04 09:00:00,0.0003620000000009
2025-12-04 10:00:00,0.0005899999999965
2025-12-04 11:00:00,8.000000000174599e-05
2025-12-04 12:00:00,0.0013430000000008
2025-12-04 13:00:00,0.003788999999997
2025-12-04 14:00:00,0.0037479999999996
2025-12-04 15:00:00,0.0025840000000026
2025-12-04 16:00:00,0.0009769999999989
2025-12-04 17:00:00,0.0006589999999996
2025-12-04 18:00:00,0.0003960000000006
2025-12-04 19:00:00,0.0005440000000016
2025-12-04 20:00:00,0.0009029999999984
2025-12-04 21:00:00,0.0020500000000029
2025-12-04 22:00:00,0.0008280000000013
2025-12-04 23:00:00,0.0010299999999988
2025-12-05 00:00:00,0.001015999999996
2025-12-05 01:00:00,0.0007160000000003
2025-12-05 02:00:00,0.001319000000003
2025-12-05 03:00:00,0.0015740000000005
2025-12-05 04:00:00,0.000811999999998
2025-12-05 05:00:00,0.0005270000000018
2025-12-05 06:00:00,0.0002370000000009
2025-12-05 07:00:00,0.0002049999999944
2025-12-05 08:00:00,0.000161
2025-12-05 09:00:00,5.800000000454e-05
2025-12-05 10:00:00,1.7999999996391e-05
2025-12-05 11:00:00,1e-06
2025-12-05 12:00:00,1e-06
2025-12-05 13:00:00,0.0001390000000028
2025-12-05 14:00:00,0.0004709999999977
2025-12-05 15:00:00,0.0012649999999993
2025-12-05 16:00:00,0.0006339999999982
2025-12-05 17:00:00,0.0006130000000048
2025-12-05 18:00:00,0.0013479999999981
2025-12-05 19:00:00,0.0009340000000011
2025-12-05 20:00:00,0.0009590000000025
2025-12-05 21:00:00,0.0012799999999988
2025-12-05 22:00:00,0.0011310000000011
2025-12-05 23:00:00,0.0005299999999988
2025-12-06 00:00:00,0.0011129999999975
2025-12-06 01:00:00,0.0003150000000023
2025-12-06 02:00:00,0.0001729999999952
2025-12-06 03:00:00,0.0009440000000031
2025-12-06 04:00:00,0.0001710000000021
2025-12-06 05:00:00,0.000400999999998
2025-12-06 06:00:00,0.0081299999999974
2025-12-06 07:00:00,0.011982000000004
2025-12-06 08:00:00,0.0019599999999991
2025-12-06 09:00:00,0.0008199999999997
2025-12-06 10:00:00,0.0007790000000022
2025-12-06 11:00:00,0.0003240000000005
2025-12-06 12:00:00,0.0004089999999996
2025-12-06 13:00:00,0.0004439999999958
2025-12-06 14:00:00,0.0010599999999977
2025-12-06 15:00:00,0.0002280000000027
2025-12-06 16:00:00,0.000298999999999
2025-12-06 17:00:00,0.0003940000000002
2025-12-06 18:00:00,0.0004919999999983
2025-12-06 19:00:00,0.0006940000000031
2025-12-06 20:00:00,0.0005829999999987
2025-12-06 21:00:00,0.0011450000000041
2025-12-06 22:00:00,0.0007589999999982
2025-12-06 23:00:00,0.0008470000000015
2025-12-07 00:00:00,0.0006519999999945
2025-12-07 01:00:00,0.0009030000000057
2025-12-07 02:00:00,0.0019969999999958
2025-12-07 03:00:00,0.0009360000000015
2025-12-07 04:00:00,0.0001710000000021
2025-12-07 05:00:00,0.0006059999999997
2025-12-07 06:00:00,0.0002359999999971
2025-12-07 07:00:00,0.0005440000000016
2025-12-07 08:00:00,0.0002050000000017
2025-12-07 09:00:00,4.2999999997846e-05
2025-12-07 10:00:00,5.7000000000698e-05
2025-12-07 11:00:00,0.0030789999999979
2025-12-07 12:00:00,0.0034320000000006
2025-12-07 13:00:00,0.003849000000002
2025-12-07 14:00:00,0.0036879999999946
2025-12-07 15:00:00,0.003760000000002
2025-12-07 16:00:00,0.0044490000000005
2025-12-07 17:00:00,0.0039349999999977
2025-12-07 18:00:00,0.0038840000000055
2025-12-07 19:00:00,0.0036379999999989
2025-12-07 20:00:00,0.0041409999999959
2025-12-07 21:00:00,0.0044300000000003
2025-12-07 22:00:00,0.002780000000006
2025-12-07 23:00:00,0.001100999999995
2025-12-08 00:00:00,0.0010429999999977
2025-12-08 01:00:00,0.0016530000000056
2025-12-08 02:00:00,0.0016140000000014
2025-12-08 03:00:00,0.001051999999996
2025-12-08 04:00:00,0.0005460000000021
2025-12-08 05:00:00,0.0004320000000007
2025-12-08 06:00:00,0.0002829999999958
2025-12-08 07:00:00,0.0003499999999985
2025-12-08 08:00:00,0.0001589999999996
2025-12-08 09:00:00,0.0010990000000019
2025-12-08 10:00:00,0.0001010000000023
2025-12-08 11:00:00,0.0002569999999977
2025-12-08 12:00:00,0.0004190000000016
2025-12-08 13:00:00,0.0017459999999992
2025-12-08 14:00:00,0.0007850000000034
2025-12-08 15:00:00,0.0004059999999954
2025-12-08 16:00:00,0.0057760000000052
2025-12-08 17:00:00,0.0003699999999953
2025-12-08 18:00:00,0.0006659999999974
2025-12-08 19:00:00,0.0004720000000015
2025-12-08 20:00:00,0.0004599999999991
2025-12-08 21:00:00,0.0021229999999996
2025-12-08 22:00:00,0.011845000000001
2025-12-08 23:00:00,0.010647000000004
2025-12-09 00:00:00,0.0080079999999944
2025-12-09 01:00:00,0.0036150000000052
2025-12-09 02:00:00,0.0001749999999956
2025-12-09 03:00:00,0.0005290000000022
2025-12-09 04:00:00,0.0005109999999986
2025-12-09 05:00:00,0.0001949999999997
2025-12-09 06:00:00,0.0005299999999988
2025-12-09 07:00:00,0.0003320000000021
2025-12-09 08:00:00,0.0003009999999994
2025-12-09 09:00:00,0.0001690000000016
2025-12-09 10:00:00,1e-06
2025-12-09 11:00:00,4.0000000008149006e-06
2025-12-09 12:00:00,1.9999999996799e-05
2025-12-09 13:00:00,0.0001050000000032
2025-12-09 14:00:00,0.0009789999999993
2025-12-09 15:00:00,0.0003150000000023
2025-12-09 16:00:00,0.0014609999999957
2025-12-09 17:00:00,0.0004570000000021
2025-12-09 18:00:00,0.0005509999999994
2025-12-09 19:00:00,0.0003700000000026
2025-12-09 20:00:00,0.0009989999999961
2025-12-09 21:00:00,0.0007660000000032
2025-12-09 22:00:00,0.0013029999999999
2025-12-09 23:00:00,0.0015760000000009
2025-12-10 00:00:00,0.0010459999999948
2025-12-10 01:00:00,0.0011290000000008
2025-12-10 02:00:00,0.0006990000000005
2025-12-10 03:00:00,0.0007549999999973
2025-12-10 04:00:00,0.0001890000000057
2025-12-10 05:00:00,0.0004899999999979
2025-12-10 06:00:00,0.0002750000000014
2025-12-10 07:00:00,0.0002289999999993
2025-12-10 08:00:00,0.0001180000000022
2025-12-10 09:00:00,0.0010139999999956
2025-12-10 10:00:00,1.4000000002852e-05
2025-12-10 11:00:00,0.0003260000000009
2025-12-10 12:00:00,0.0004799999999959
2025-12-10 13:00:00,0.0003510000000023
2025-12-10 14:00:00,0.0002810000000026
2025-12-10 15:00:00,0.0006459999999933
2025-12-10 16:00:00,0.0008890000000028
2025-12-10 17:00:00,0.0003870000000024
2025-12-10 18:00:00,0.0006089999999967
2025-12-10 19:00:00,0.0004500000000043
2025-12-10 20:00:00,0.0011729999999952
2025-12-10 21:00:00,0.0004160000000047
2025-12-10 22:00:00,0.0004079999999958
2025-12-10 23:00:00,0.0020160000000033
2025-12-11 00:00:00,0.0012209999999976
2025-12-11 01:00:00,0.0009060000000026
2025-12-11 02:00:00,0.0009490000000005
2025-12-11 03:00:00,0.0009059999999954
2025-12-11 04:00:00,0.0004930000000022
2025-12-11 05:00:00,0.0004040000000022
2025-12-11 06:00:00,0.0004409999999988
2025-12-11 07:00:00,0.0010780000000013
2025-12-11 08:00:00,0.0006409999999959
2025-12-11 09:00:00,3.6000000000058e-05
2025-12-11 10:00:00,0.0004429999999993
2025-12-11 11:00:00,0.0005480000000025
2025-12-11 12:00:00,2.100000000064e-05
2025-12-11 13:00:00,1e-06
2025-12-11 14:00:00,0.0003709999999991
2025-12-11 15:00:00,0.0014599999999991
2025-12-11 16:00:00,0.000523000000001
2025-12-11 17:00:00,0.0010760000000009
2025-12-11 18:00:00,0.0010570000000007
2025-12-11 19:00:00,0.0005589999999938
2025-12-11 20:00:00,0.0002710000000006
2025-12-11 21:00:00,0.0016330000000016
2025-12-11 22:00:00,0.000510000000002
2025-12-11 23:00:00,0.0019320000000007
2025-12-12 00:00:00,0.001140999999996
2025-12-12 01:00:00,0.000523000000001
2025-12-12 02:00:00,0.0008260000000009
2025-12-12 03:00:00,0.0006779999999998
2025-12-12 04:00:00,0.0008439999999973
2025-12-12 05:00:00,0.0005210000000006
2025-12-12 06:00:00,0.0004809999999997
2025-12-12 07:00:00,0.0002280000000027
2025-12-12 08:00:00,0.0002169999999969
2025-12-12 09:00:00,1e-06
2025-12-12 10:00:00,1e-06
2025-12-12 11:00:00,1e-06
2025-12-12 12:00:00,7.1000000003551e-05
2025-12-12 13:00:00,0.0008079999999972
2025-12-12 14:00:00,0.0003919999999998
2025-12-12 15:00:00,0.0004120000000039
2025-12-12 16:00:00,0.006739999999998
2025-12-12 17:00:00,0.0027479999999996
2025-12-12 18:00:00,0.0006589999999996
2025-12-12 19:00:00,0.0009409999999988
2025-12-12 20:00:00,0.0004639999999999
2025-12-12 21:00:00,0.0008150000000023
2025-12-12 22:00:00,0.0009279999999998
2025-12-12 23:00:00,0.010639999999999
2025-12-13 00:00:00,0.010690000000002
2025-12-13 01:00:00,0.0059799999999959
2025-12-13 02:00:00,0.0032099999999991
2025-12-13 03:00:00,0.0006500000000014
2025-12-13 04:00:00,0.0008150000000023
2025-12-13 05:00:00,0.0007129999999961
2025-12-13 06:00:00,0.0015810000000055
2025-12-13 07:00:00,0.0003600000000005
2025-12-13 08:00:00,0.0010859999999957
2025-12-13 09:00:00,3.1999999999243e-05
2025-12-13 10:00:00,2.2000000004482e-05
2025-12-13 11:00:00,1e-06
2025-12-13 12:00:00,1e-06
2025-12-13 13:00:00,1e-06
2025-12-13 14:00:00,6.9999999977881e-06
2025-12-13 15:00:00,0.0002710000000006
2025-12-13 16:00:00,0.0010009999999965
2025-12-13 17:00:00,0.0016290000000008
2025-12-13 18:00:00,0.0015970000000016
2025-12-13 19:00:00,0.0004290000000037
2025-12-13 20:00:00,0.0008499999999985
2025-12-13 21:00:00,0.0009490000000005
2025-12-13 22:00:00,0.0013639999999941
2025-12-13 23:00:00,0.0008920000000071
2025-12-14 00:00:00,0.0002089999999952
2025-12-14 01:00:00,0.0010659999999989
2025-12-14 02:00:00,0.0005520000000033
2025-12-14 03:00:00,0.0008640000000014
2025-12-14 04:00:00,0.000926999999996
2025-12-14 05:00:00,0.0011460000000006
2025-12-14 06:00:00,0.0018590000000039
2025-12-14 07:00:00,0.0009939999999987
2025-12-14 08:00:00,0.0001279999999969
2025-12-14 09:00:00,0.0001990000000005
2025-12-14 10:00:00,0.0002070000000021
2025-12-14 11:00:00,4.9999999973807e-06
2025-12-14 12:00:00,2.100000000064e-05
2025-12-14 13:00:00,0.0003600000000005
2025-12-14 14:00:00,0.0002909999999974
2025-12-14 15:00:00,0.0003700000000026
2025-12-14 16:00:00,0.0004590000000025
2025-12-14 17:00:00,0.001850999999995
2025-12-14 18:00:00,0.0004979999999995
2025-12-14 19:00:00,0.0003970000000044
2025-12-14 20:00:00,0.0011899999999951
2025-12-14 21:00:00,0.0005430000000051
2025-12-14 22:00:00,0.0011879999999946
2025-12-14 23:00:00,0.0015180000000037
2025-12-15 00:00:00,0.0009400000000023
2025-12-15 01:00:00,0.0011529999999983
2025-12-15 02:00:00,0.0009830000000001
2025-12-15 03:00:00,0.0009660000000003
2025-12-15 04:00:00,0.000536
2025-12-15 05:00:00,0.0001909999999988
2025-12-15 06:00:00,0.0004459999999962
2025-12-15 07:00:00,0.0003290000000051
2025-12-15 08:00:00,0.0014519999999975
2025-12-15 09:00:00,0.0002070000000021
2025-12-15 10:00:00,0.0021789999999964
2025-12-15 11:00:00,0.0036270000000004
2025-12-15 12:00:00,0.0051430000000037
2025-12-15 13:00:00,0.0043539999999994
2025-12-15 14:00:00,0.0036469999999972
2025-12-15 15:00:00,0.0003610000000044
2025-12-15 16:00:00,0.0026929999999993
2025-12-15 17:00:00,0.0009259999999994
2025-12-15 18:00:00,0.0006359999999986
2025-12-15 19:00:00,0.0009590000000025
2025-12-15 20:00:00,0.0021649999999936
2025-12-15 21:00:00,0.0005180000000036
2025-12-15 22:00:00,0.0008050000000002
2025-12-15 23:00:00,0.0020270000000019
2025-12-16 00:00:00,0.0010910000000002
2025-12-16 01:00:00,0.0008220000000001
2025-12-16 02:00:00,0.0007529999999969
2025-12-16 03:00:00,0.0008589999999967
2025-12-16 04:00:00,0.0009320000000007
2025-12-16 05:00:00,0.0004060000000026
2025-12-16 06:00:00,0.000658000000003
2025-12-16 07:00:00,0.0003509999999951
2025-12-16 08:00:00,9.4000000004598e-05
2025-12-16 09:00:00,0.0009309999999968
2025-12-16 10:00:00,1e-06
2025-12-16 11:00:00,0.0001650000000008
2025-12-16 12:00:00,9.3999999997322e-05
2025-12-16 13:00:00,1.600000000326e-05
2025-12-16 14:00:00,0.0011129999999975
2025-12-16 15:00:00,0.0008470000000015
2025-12-16 16:00:00,0.0013790000000008
2025-12-16 17:00:00,0.0005539999999964
2025-12-16 18:00:00,0.001851999999999
2025-12-16 19:00:00,0.000497000000003
2025-12-16 20:00:00,0.0005069999999977
2025-12-16 21:00:00,0.0003919999999998
2025-12-16 22:00:00,0.0004120000000039
2025-12-16 23:00:00,0.0014409999999989
2025-12-17 00:00:00,0.0012419999999984
2025-12-17 01:00:00,0.0006569999999992
2025-12-17 02:00:00,0.0008760000000038
2025-12-17 03:00:00,0.0009510000000009
2025-12-17 04:00:00,0.0004689999999973
2025-12-17 05:00:00,0.0004550000000017
2025-12-17 06:00:00,0.0004669999999969
2025-12-17 07:00:00,0.000346000000005
2025-12-17 08:00:00,0.0003679999999949
2025-12-17 09:00:00,9.7999999998137e-05
2025-12-17 10:00:00,0.0001400000000066
2025-12-17 11:00:00,0.0001139999999941
2025-12-17 12:00:00,0.0001059999999997
2025-12-17 13:00:00,0.010466
2025-12-17 14:00:00,0.0079170000000013
2025-12-17 15:00:00,0.0015279999999984
2025-12-17 16:00:00,0.0018199999999997
2025-12-17 17:00:00,0.000533000000003
2025-12-17 18:00:00,0.0013819999999978
2025-12-17 19:00:00,0.000885000000002
2025-12-17 20:00:00,0.0010060000000012
2025-12-17 21:00:00,0.001140999999996
2025-12-17 22:00:00,0.0018940000000002
2025-12-17 23:00:00,1e-06
