time,main,freezer,washing_machine,dishwasher,mjy_computer,tv_satelite,microwave,kettle,toaster,pgm_computer
2014-06-04 00:00:00,0.2769405940594059,0.0269727722772277,0.0,0.0,0.0400049504950495,0.0153465346534653,0.001,0.0,0.0,0.0070123762376237
2014-06-04 01:00:00,0.254210242587601,0.0253288409703504,0.0,0.0,0.0069137466307277,0.0147412398921832,0.001,0.0,0.0,0.0070080862533692
2014-06-04 02:00:00,0.2500801104972375,0.030610497237569,0.0,0.0,0.0069475138121546,0.0142403314917127,0.001,0.0,0.0,0.0070055248618784
2014-06-04 03:00:00,0.2515977337110481,0.0268866855524079,0.0,0.0,0.0069886685552407,0.0142181303116147,0.001,0.0,0.0,0.0069943342776203
2014-06-04 04:00:00,0.2359441489361702,0.0256090425531914,0.0,0.0,0.0069574468085106,0.0159255319148936,0.001,0.0,0.0,0.0070053191489361
2014-06-04 05:00:00,0.2488854166666666,0.0248515625,0.0,0.0,0.0069010416666666,0.0149817708333333,0.001,0.0,0.0,0.0069921875
2014-06-04 06:00:00,0.5008302752293579,0.0267041284403669,0.0,0.0,0.0069449541284403,0.0140940366972477,0.001,0.0545229357798165,0.0,0.0069954128440366
2014-06-04 07:00:00,0.3409650872817955,0.0241097256857855,0.0,0.0,0.006935162094763,0.0146134663341645,0.001,0.0,0.0,0.007004987531172
2014-06-04 08:00:00,0.2623201970443349,0.0361822660098522,0.0,0.0,0.0373817733990147,0.0141256157635467,0.001,0.0,0.0,0.0070073891625615
2014-06-04 09:00:00,0.3794537246049661,0.0269435665914221,0.0,0.0,0.1710316027088036,0.0147381489841986,0.001,0.0,0.0,0.0070293453724604
2014-06-04 10:00:00,0.416191699604743,0.0222687747035573,0.0,0.0,0.1606442687747035,0.0144090909090909,0.001,0.0,0.0,0.0070395256916996
2014-06-04 11:00:00,0.505158215010142,0.0295699797160243,0.0,0.0,0.1831359026369168,0.0155679513184584,0.001,0.043839756592292,0.0,0.007024340770791
2014-06-04 12:00:00,0.41782995951417,0.0225506072874493,0.0,0.0,0.1887368421052631,0.0146963562753036,0.001,0.0,0.0,0.0070242914979757
2014-06-04 13:00:00,0.4156422924901186,0.0233181818181818,0.0,0.0,0.178096837944664,0.0148241106719367,0.001,0.0,0.0,0.0070533596837944
2014-06-04 14:00:00,0.5916194174757281,0.031209708737864,0.0,0.0,0.147126213592233,0.0317378640776699,0.001,0.0998893203883495,0.0,0.041009708737864
2014-06-04 15:00:00,0.6371064572425829,0.0232425828970331,0.0,0.0,0.1632338568935427,0.1269022687609075,0.0144816753926701,0.0,0.0,0.0245200698080279
2014-06-04 16:00:00,0.4010991304347825,0.0251391304347826,0.0,0.0,0.1063304347826086,0.0781965217391304,0.001,0.0,0.0,0.0080017391304347
2014-06-04 17:00:00,0.2270254041570439,0.0272124711316397,0.0,0.0,0.0066397228637413,0.0147367205542725,0.001,0.0,0.0,0.0079907621247113
2014-06-04 18:00:00,0.6527614457831326,0.029467469879518,0.0,0.0,0.1148554216867469,0.0301855421686747,0.165812048192771,0.0,0.0,0.0080024096385542
2014-06-04 19:00:00,0.5909432432432433,0.0209324324324324,0.0,0.0,0.1533837837837837,0.1268486486486486,0.0179297297297297,0.0999648648648648,0.0,0.0080135135135135
2014-06-04 20:00:00,0.5159444444444444,0.0303888888888888,0.0,0.0,0.156474074074074,0.126474074074074,0.001,0.0245351851851851,0.0,0.0080703703703703
2014-06-04 21:00:00,0.6666804123711341,0.023340206185567,0.0,0.0,0.1610721649484536,0.1254149484536082,0.001,0.1290463917525773,0.0,0.012561855670103
2014-06-04 22:00:00,0.6141162227602907,0.0228547215496368,0.0,0.0,0.1679418886198547,0.114501210653753,0.0124285714285714,0.0390435835351089,0.0,0.0083099273607748
2014-06-04 23:00:00,0.2685597920277296,0.035844020797227,0.0,0.0,0.0246291161178509,0.0148734835355285,0.001,0.0,0.0,0.0080346620450606
2014-06-05 00:00:00,0.2468244406196213,0.0206867469879518,0.0,0.0,0.0069500860585197,0.0184423407917383,0.001,0.0,0.0,0.0080068846815834
2014-06-05 01:00:00,0.2342465034965035,0.0269353146853146,0.0,0.0,0.0069493006993006,0.0167132867132867,0.001,0.0,0.0,0.0080227272727272
2014-06-05 02:00:00,0.2355008547008547,0.0251777777777777,0.0,0.0,0.0069435897435897,0.0188273504273504,0.001,0.0,0.0,0.0080102564102564
2014-06-05 03:00:00,0.2489222797927461,0.0214732297063903,0.0,0.0,0.0069550949913644,0.014727115716753,0.001,0.0,0.0,0.0080172711571675
2014-06-05 04:00:00,0.2280140350877192,0.0343929824561403,0.0,0.0,0.0069350877192982,0.0159315789473684,0.001,0.0,0.0,0.008019298245614
2014-06-05 05:00:00,0.2634217081850534,0.01944128113879,0.0,0.0,0.0067562277580071,0.0188024911032028,0.001,0.0,0.0,0.0080284697508896
2014-06-05 06:00:00,0.3430509666080844,0.0257539543057996,0.0,0.0,0.0068189806678383,0.0181704745166959,0.001,0.0,0.0,0.00802460456942
2014-06-05 07:00:00,0.3184888507718696,0.0241955403087478,0.0,0.0,0.0068833619210977,0.0142915951972555,0.001,0.0321801029159519,0.0,0.0080240137221269
2014-06-05 08:00:00,0.3667713787085515,0.0272687609075043,0.0,0.0,0.0068883071553228,0.0146684118673647,0.001,0.0516579406631762,0.0,0.0080174520069808
2014-06-05 09:00:00,0.4779362068965517,0.0259120689655172,0.0,0.0,0.1394241379310345,0.0147,0.001,0.05965,0.0489051724137931,0.0080603448275862
2014-06-05 10:00:00,1.0935432525951558,0.025614186851211,0.0,0.6345363321799308,0.1624878892733564,0.015015570934256,0.001,0.0,0.0103961937716262,0.0080674740484429
2014-06-05 11:00:00,1.2943099315068494,0.0226181506849315,0.0,0.8263938356164383,0.1844571917808219,0.0150051369863013,0.001,0.0,0.0,0.0080479452054794
2014-06-05 12:00:00,0.6035492957746479,0.0376214788732394,0.0,0.0006654929577464,0.1634119718309859,0.0734031690140845,0.0202341549295774,0.1017147887323943,0.0,0.0080528169014084
2014-06-05 13:00:00,0.5615051546391752,0.0210721649484536,0.0,0.0,0.1764312714776632,0.1265807560137457,0.001,0.0231374570446735,0.0,0.0080498281786941
2014-06-05 14:00:00,0.8440463121783877,0.0305763293310463,0.0,0.0,0.1823945111492281,0.0670720411663807,0.025197255574614,0.2451389365351629,0.0,0.0080703259005145
2014-06-05 15:00:00,0.6964671280276816,0.0246955017301038,0.0,0.0,0.1794878892733563,0.1154982698961937,0.001,0.0,0.0,0.0243460207612456
2014-06-05 16:00:00,0.7565279850746268,0.0254291044776119,0.0,0.0,0.1800988805970149,0.1267425373134328,0.001,0.0,0.0,0.0618526119402985
2014-06-05 17:00:00,0.574380846325167,0.0286258351893095,0.0,0.0,0.1704387527839643,0.0385790645879732,0.001,0.0,0.0,0.00828285077951
2014-06-05 18:00:00,0.5860282051282052,0.0219,0.0,0.0,0.1530102564102564,0.0149666666666666,0.0546179487179487,0.0,0.0076076923076923,0.0084435897435897
2014-06-05 19:00:00,0.7056491228070175,0.0321979949874686,0.0,0.0,0.1508646616541353,0.1199473684210526,0.0393208020050125,0.0534736842105263,0.0342756892230576,0.011172932330827
2014-06-05 20:00:00,0.664351966873706,0.0279026915113871,0.0,0.0,0.145703933747412,0.1261304347826087,0.001,0.1091242236024844,0.0,0.0116356107660455
2014-06-05 21:00:00,0.5747547974413646,0.0206332622601279,4.264392324093816e-06,0.0,0.1449914712153518,0.1262153518123667,0.001,0.033865671641791,0.0,0.0163923240938166
2014-06-05 22:00:00,0.46836,0.0293755555555555,0.0068266666666666,0.0,0.0840022222222222,0.0528577777777777,0.001,0.0,0.0,0.0070244444444444
2014-06-05 23:00:00,0.2303434782608695,0.0241630434782608,0.0,0.0,0.0069130434782608,0.015041304347826,0.001,0.0,0.0,0.007
2014-06-06 00:00:00,0.2366443418013857,0.0256443418013856,0.0,0.0,0.006960739030023,0.0155981524249422,0.001,0.0,0.0,0.007027713625866
2014-06-06 01:00:00,0.2353978260869565,0.0294630434782608,0.0,0.0,0.0069478260869565,0.0147826086956521,0.001,0.0,0.0001043478260869,0.0070021739130434
2014-06-06 02:00:00,0.2235454545454545,0.0203911205073995,0.0,0.0,0.0069492600422832,0.0142938689217758,0.001,0.0,0.0,0.0070042283298097
2014-06-06 03:00:00,0.2260530785562632,0.028868365180467,0.0,0.0,0.006936305732484,0.0142632696390658,0.001,0.0,0.0,0.0070127388535031
2014-06-06 04:00:00,0.228734649122807,0.0222258771929824,0.0,0.0,0.0069057017543859,0.0159780701754385,0.001,0.0,0.0,0.0070109649122807
2014-06-06 05:00:00,0.2396494845360824,0.028701030927835,0.0,0.0,0.0068061855670103,0.0149051546391752,0.001,0.0,0.0,0.0070041237113402
2014-06-06 06:00:00,0.2301307053941908,0.0206493775933609,0.0,0.0,0.0068381742738589,0.0140995850622406,0.001,0.0,0.0,0.0070082987551867
2014-06-06 07:00:00,0.2483199233716475,0.0252528735632183,0.0,0.0,0.0068716475095785,0.0141168582375478,0.001,0.0,0.0,0.0070095785440613
2014-06-06 08:00:00,0.4530229885057471,0.0221513409961685,0.0,0.0,0.0069693486590038,0.0151321839080459,0.001,0.1126934865900383,5.747126436781609e-06,0.0070114942528735
2014-06-06 09:00:00,1.008046511627907,0.0244050387596899,0.6599069767441861,0.0,0.0069418604651162,0.0146899224806201,0.001,0.0,9.689922480620156e-06,0.0070271317829457
2014-06-06 10:00:00,0.871058365758755,0.0260291828793774,0.2918424124513619,0.0,0.0407976653696498,0.0153988326848249,0.001,0.0423307392996109,0.0,0.0070252918287937
2014-06-06 11:00:00,0.5732687385740401,0.0220548446069469,0.0859945155393053,0.0,0.1834277879341865,0.015780621572212,0.001,0.0,0.0,0.0070274223034734
2014-06-06 12:00:00,0.4544388489208633,0.0292859712230215,0.0008453237410071,0.0,0.1896960431654676,0.0148561151079136,0.0373705035971223,0.0,0.0,0.0070395683453237
2014-06-06 13:00:00,0.5504117647058823,0.0256401384083044,0.0,0.0,0.1489152249134948,0.0498823529411764,0.001,0.1067058823529411,0.0,0.0070224913494809
2014-06-06 14:00:00,0.3433823529411764,0.0276314878892733,0.0001107266435986,0.0,0.0787612456747404,0.0146211072664359,0.001,0.0,0.0,0.0070276816608996
2014-06-06 15:00:00,0.3511024305555555,0.031578125,0.0,0.0,0.0069722222222222,0.039453125,0.001,0.0850711805555555,0.0,0.0070069444444444
2014-06-06 16:00:00,0.3879948006932409,0.0224298093587521,0.0,0.0,0.0068786828422876,0.1269220103986135,0.001,0.0377590987868284,0.0,0.0078578856152513
2014-06-06 17:00:00,0.3832252559726962,0.0235819112627986,0.0,0.0,0.0067337883959044,0.1264061433447099,0.001,0.0,0.0,0.0070085324232081
2014-06-06 18:00:00,0.5425563258232236,0.0287556325823223,0.0,0.0,0.0068544194107452,0.1263050259965338,0.001,0.0,0.0531490467937608,0.0070190641247833
2014-06-06 19:00:00,0.5366421404682274,0.021438127090301,0.0,0.0,0.0068210702341137,0.1263227424749163,0.0857307692307692,0.0529214046822742,3.3444816053511705e-06,0.007015050167224
2014-06-06 20:00:00,0.3795,0.0270017064846416,0.0,0.0,0.0068071672354948,0.1260767918088737,0.001,0.0133088737201365,0.0,0.006994880546075
2014-06-06 21:00:00,0.5557868020304569,0.026984771573604,0.0,0.0,0.006818950930626,0.1263654822335025,0.001,0.0928832487309644,0.0,0.010560067681895
2014-06-06 22:00:00,0.5197628676470588,0.0220698529411764,0.0,0.0,0.0068676470588235,0.1269448529411764,0.001,0.0781029411764706,0.0,0.0097113970588235
2014-06-06 23:00:00,0.3109455909943714,0.0304146341463414,0.0,0.0,0.0097936210131332,0.0673283302063789,0.001,0.0,0.0,0.0070131332082551
2014-06-07 00:00:00,0.243626168224299,0.0238448598130841,2.9906542056074768e-05,0.0,0.0068878504672897,0.0147308411214953,0.001,0.0,0.0,0.0070018691588785
2014-06-07 01:00:00,0.2523959107806691,0.0313048327137546,0.0,0.0,0.0069330855018587,0.015271375464684,0.001,0.0,0.0,0.0070018587360594
2014-06-07 02:00:00,0.2449542857142857,0.0268685714285714,0.0,0.0,0.0069371428571428,0.0141219047619047,0.001,0.0,0.0,0.0070057142857142
2014-06-07 03:00:00,0.2328880597014925,0.0209608208955223,0.0,0.0,0.0069309701492537,0.0141212686567164,0.001,0.0,0.0,0.0070055970149253
2014-06-07 04:00:00,0.2446400742115028,0.027025974025974,0.0,0.0,0.0069332096474953,0.0216196660482374,0.001,0.0,0.0,0.0070037105751391
2014-06-07 05:00:00,0.2586032028469751,0.0248985765124555,0.0,0.0,0.0068327402135231,0.014864768683274,0.001,0.0,0.0,0.0070017793594306
2014-06-07 06:00:00,0.2428594306049822,0.0246637010676156,0.0,0.0,0.0068309608540925,0.0142348754448398,0.001,0.0,0.0,0.007
2014-06-07 07:00:00,0.241731884057971,0.0296177536231884,0.0,0.0,0.0068460144927536,0.0142264492753623,0.001,0.0,0.0,0.007
2014-06-07 08:00:00,0.3027388987566607,0.0213641207815275,0.0,0.0,0.006829484902309,0.0142362344582593,0.001,0.0516944937833037,0.0,0.0070106571936056
2014-06-07 09:00:00,0.3181254480286738,0.0250806451612903,0.0,0.0,0.006774193548387,0.0142419354838709,0.001,0.1077777777777777,0.0,0.0070035842293906
2014-06-07 10:00:00,0.4981340388007054,0.0242504409171075,0.0003386243386243,0.0,0.0964938271604938,0.0142768959435626,0.001,0.0414620811287477,0.0601164021164021,0.0435132275132275
2014-06-07 11:00:00,0.6058576388888889,0.0273211805555555,0.0,0.0,0.1680138888888888,0.0142204861111111,0.001,0.1176614583333333,0.0,0.0903072916666666
2014-06-07 12:00:00,0.5577674825174825,0.0296276223776223,0.0,0.0,0.1831398601398601,0.0619178321678321,0.001,0.0001083916083916,0.0,0.079340909090909
2014-06-07 13:00:00,0.6557205081669691,0.0212958257713248,0.0,0.0,0.152595281306715,0.1269038112522686,0.0009963702359346,0.1140834845735027,7.622504537205081e-05,0.0305771324863883
2014-06-07 14:00:00,0.6195358422939069,0.0294767025089605,0.0,0.0,0.1573333333333333,0.1266326164874552,0.001,0.1055465949820788,0.0,0.0081308243727598
2014-06-07 15:00:00,0.6461032608695653,0.0287282608695652,0.0,0.0,0.1877789855072463,0.1271557971014492,0.001,0.105909420289855,0.0,0.0070815217391304
2014-06-07 16:00:00,0.6149856373429085,0.0296355475763016,0.0,0.0,0.2513231597845601,0.1270789946140036,0.0010035906642728,0.0,0.0,0.0071238779174147
2014-06-07 17:00:00,0.6012214411247803,0.0322091388400702,0.0,0.0,0.2259033391915641,0.1264710017574692,0.001,0.0,0.0,0.0127820738137082
2014-06-07 18:00:00,0.5826916221033869,0.0321016042780748,0.0,0.0,0.1673832442067736,0.0602976827094474,0.001,0.0,0.0,0.0117183600713012
2014-06-07 19:00:00,0.6711259259259259,0.0289925925925925,0.0,0.0,0.1525666666666666,0.0145351851851851,0.0463777777777777,0.0,0.0,0.0071018518518518
2014-06-07 20:00:00,0.95605615942029,0.0271503623188405,0.0,0.0,0.1449384057971014,0.0152481884057971,0.1160923913043478,0.1731503623188406,0.0,0.0070960144927536
2014-06-07 21:00:00,0.4002673992673992,0.0217472527472527,0.0,0.0,0.1449175824175824,0.0141978021978021,0.001,0.0,0.0,0.0070787545787545
2014-06-07 22:00:00,0.427695895522388,0.0283712686567164,0.0,0.0,0.1458768656716418,0.0143134328358208,0.001,0.0,0.0,0.0070783582089552
2014-06-07 23:00:00,0.6511756756756756,0.027596525096525,0.0,0.0,0.1577625482625482,0.0762992277992277,0.001,0.0669845559845559,0.0,0.007073359073359
2014-06-08 00:00:00,0.3097630161579892,0.0216427289048473,0.0,0.0,0.0225044883303411,0.0183016157989228,0.001,0.0,0.0,0.0070394973070017
2014-06-08 01:00:00,0.239573502722323,0.0292540834845735,0.0,0.0,0.0069382940108892,0.0155825771324863,0.001,0.0,0.0,0.0070199637023593
2014-06-08 02:00:00,0.2422946593001841,0.0246077348066298,0.0,0.0,0.0069171270718232,0.0146022099447513,0.001,0.0,0.0,0.0070552486187845
2014-06-08 03:00:00,0.2316054054054054,0.0223369369369369,0.0,0.0,0.0069567567567567,0.0142108108108108,0.001,0.0,0.0,0.0070198198198198
2014-06-08 04:00:00,0.2603989071038251,0.0312550091074681,0.0,0.0,0.0068706739526411,0.0159326047358834,0.001,0.0,0.0,0.0070182149362477
2014-06-08 05:00:00,0.2758545454545454,0.027050909090909,0.0,0.0,0.0068654545454545,0.0188472727272727,0.0009963636363636,0.0,0.0,0.0070199999999999
2014-06-08 06:00:00,0.3023085106382979,0.026627659574468,0.0,0.0,0.0067890070921985,0.0186861702127659,0.001,0.0,0.0,0.0070248226950354
2014-06-08 07:00:00,0.4713241758241758,0.0281391941391941,0.0,0.0,0.0067619047619047,0.0184578754578754,0.001,0.0,0.0,0.007029304029304
2014-06-08 08:00:00,0.4800215053763441,0.0204551971326164,0.0,0.0,0.006774193548387,0.0184014336917562,0.001,0.0,0.0,0.0070250896057347
2014-06-08 09:00:00,0.6653039568345324,0.0262913669064748,0.0098219424460431,0.0,0.0067014388489208,0.0185089928057553,0.001,0.1472823741007194,0.0,0.0070323741007194
2014-06-08 10:00:00,0.8948059701492538,0.0316343283582089,0.2946884328358209,0.0,0.0067164179104477,0.0184626865671641,0.001,0.0348880597014925,0.0509365671641791,0.0070335820895522
2014-06-08 11:00:00,1.2121547826086956,0.0301026086956521,0.4577843478260869,0.0,0.1643478260869565,0.0157234782608695,0.0407965217391304,0.1177443478260869,0.0,0.0070747826086956
2014-06-08 12:00:00,0.8414175627240144,0.0283781362007168,0.0945806451612903,0.0,0.1843602150537634,0.0141469534050179,0.001,0.1381935483870967,0.0,0.0070698924731182
2014-06-08 13:00:00,0.6306442831215971,0.0325771324863883,0.0613702359346642,0.0,0.1627241379310345,0.127059891107078,0.001,0.0243647912885662,0.0,0.0071052631578947
2014-06-08 14:00:00,0.5868359788359788,0.0289294532627865,0.0,0.0,0.15742151675485,0.1264850088183421,0.0644479717813051,0.0,0.0,0.0071058201058201
2014-06-08 15:00:00,0.6817681415929203,0.0244070796460177,0.0,0.0124477876106194,0.1809982300884955,0.1265132743362831,0.001,0.1117469026548672,0.0,0.0087681415929203
2014-06-08 16:00:00,1.5587609489051095,0.0230091240875912,2.5547445255474453e-05,0.8307572992700729,0.1600164233576642,0.1266040145985401,0.001,0.0,0.0,0.0115802919708029
2014-06-08 17:00:00,1.4734880294659298,0.0313020257826887,0.0,0.5226924493554328,0.1443609576427256,0.1266777163904235,0.001,0.0622265193370165,0.0,0.0109318600368324
2014-06-08 18:00:00,0.8191747747747747,0.0293045045045045,0.0,0.0,0.1627765765765766,0.1262684684684684,0.001,0.1098,0.0,0.008836036036036
2014-06-08 19:00:00,0.5574962121212121,0.0247045454545454,0.0,0.0,0.1509507575757575,0.1263920454545454,0.001,0.0,0.0,0.0407651515151515
2014-06-08 20:00:00,0.582938704028021,0.0249176882661996,0.0,0.0,0.1796760070052539,0.1256339754816112,0.001,0.0,0.0,0.0199019264448336
2014-06-08 21:00:00,0.6661163636363636,0.0293218181818181,0.0,0.0,0.1591527272727272,0.1268090909090909,0.001,0.0658490909090909,0.0,0.0450890909090909
2014-06-08 22:00:00,0.5782171532846716,0.0265948905109489,0.0,0.0,0.1741332116788321,0.0205711678832116,0.001,0.0759434306569343,0.0,0.0287262773722627
2014-06-08 23:00:00,0.3871578947368421,0.0228366606170598,0.0,0.0,0.1512613430127041,0.015103448275862,0.001,0.0,0.0,0.0109872958257713
2014-06-09 00:00:00,0.2393446428571428,0.0291767857142857,0.0,0.0,0.0069124999999999,0.0147553571428571,0.001,0.0,0.0,0.0084821428571428
2014-06-09 01:00:00,0.2507070175438596,0.0252052631578947,0.0,0.0,0.0069140350877192,0.0151894736842105,0.001,0.0,0.0,0.0084491228070175
2014-06-09 02:00:00,0.2332328519855595,0.0225054151624548,0.0,0.0,0.0069602888086642,0.014138989169675,0.001,0.0,0.0,0.0084350180505415
2014-06-09 03:00:00,0.2328106194690265,0.0272743362831858,0.0,0.0,0.0069504424778761,0.0140831858407079,0.001,0.0,0.0,0.0084566371681415
2014-06-09 04:00:00,0.2507688073394495,0.0263651376146789,0.0,0.0,0.0069009174311926,0.0164513761467889,0.001,0.0,0.0,0.0084238532110091
2014-06-09 05:00:00,0.3629741219963031,0.0215582255083179,0.0,0.0,0.0067781885397412,0.0188336414048059,0.001,0.0974639556377079,0.0,0.0083955637707948
2014-06-09 06:00:00,0.243803738317757,0.0282093457943925,0.0,0.0,0.0067570093457943,0.0152953271028037,0.001,0.0,0.0,0.0084691588785046
2014-06-09 07:00:00,0.3047184643510054,0.028744058500914,0.0,0.0,0.006872029250457,0.0178263254113345,0.001,0.0282943327239488,0.0,0.0081645338208409
2014-06-09 08:00:00,0.3534467713787085,0.0206265270506108,0.0,0.0,0.0093525305410122,0.0167661431064572,0.0118883071553228,0.0321483420593368,0.0,0.0568638743455497
2014-06-09 09:00:00,0.4765871080139373,0.0292891986062717,0.0,0.0,0.0600452961672473,0.0149581881533101,0.0225801393728223,0.0506567944250871,0.0,0.0871951219512195
2014-06-09 10:00:00,0.5726997319034852,0.0251045576407506,0.0,0.0,0.1858686327077748,0.0156139410187667,0.001,0.0712707774798927,0.0,0.0873163538873994
2014-06-09 11:00:00,0.617263986013986,0.0231258741258741,0.0,0.0,0.1847412587412587,0.0156328671328671,0.0586206293706293,0.0606136363636363,0.0,0.0770104895104895
2014-06-09 12:00:00,0.6193993055555556,0.0230625,0.0,0.0,0.1831875,0.0384913194444444,0.001,0.0804201388888888,0.0,0.05915625
2014-06-09 13:00:00,0.5689616026711185,0.0298146911519198,0.0,0.0,0.1504557595993322,0.1265893155258764,0.001,0.0,0.0,0.0580066777963272
2014-06-09 14:00:00,0.5711773648648649,0.0251554054054054,0.0,0.0,0.1415135135135135,0.1262331081081081,0.001,0.0,0.0,0.0581351351351351
2014-06-09 15:00:00,0.9516627118644068,0.0237237288135593,0.0,0.0,0.1411847457627118,0.126264406779661,0.001,0.0,0.0,0.0714593220338983
2014-06-09 16:00:00,0.6591452702702704,0.0251216216216216,0.0,0.0,0.0931722972972972,0.126152027027027,0.001,0.1291807432432432,0.0,0.0742027027027027
2014-06-09 17:00:00,0.3831160409556314,0.0287184300341296,0.0,0.0,0.0105102389078498,0.1263225255972696,0.001,0.0,0.0,0.0195648464163822
2014-06-09 18:00:00,0.3139407783417935,0.0310575296108291,0.0,0.0,0.0106886632825719,0.0654010152284264,0.0055431472081218,0.0,0.0,0.0253451776649746
2014-06-09 19:00:00,0.3404327086882453,0.023655877342419,0.0,0.0,0.0107819420783645,0.015778534923339,0.089144804088586,0.0,0.0,0.0077802385008517
2014-06-09 20:00:00,0.7384677966101695,0.0248305084745762,0.0,0.0,0.0106237288135593,0.117893220338983,0.1469983050847457,0.1014813559322033,0.0,0.007822033898305
2014-06-09 21:00:00,0.3919103214890017,0.0303062605752961,0.0,0.0,0.0107191201353637,0.1256988155668358,0.001,0.0,0.0,0.0077275803722504
2014-06-09 22:00:00,0.4991591289782244,0.0289246231155778,0.0,0.0,0.0108324958123953,0.1257554438860971,0.0010251256281407,0.0,0.0,0.0071222780569514
2014-06-09 23:00:00,0.3040402193784278,0.0255521023765996,0.0,0.0,0.0075904936014625,0.0314021937842778,0.001,0.0,0.0,0.007
2014-06-10 00:00:00,0.2500081300813008,0.0238983739837398,0.0,0.0,0.0068658536585365,0.0147743902439024,0.001,0.0,0.0,0.0070081300813008
2014-06-10 01:00:00,0.2455183752417795,0.0279032882011605,0.0,0.0,0.006880077369439,0.015384912959381,0.001,0.0,0.0,0.0070038684719535
2014-06-10 02:00:00,0.2395239043824701,0.0290996015936255,0.0,0.0,0.0069322709163346,0.0141792828685258,0.001,0.0,0.0,0.0070139442231075
2014-06-10 03:00:00,0.238780487804878,0.024040650406504,0.0,0.0,0.0068719512195121,0.0141788617886178,0.001,0.0,0.0,0.0070020325203252
2014-06-10 04:00:00,0.2339768907563025,0.0239411764705882,0.0,0.0,0.0068067226890756,0.0157899159663865,0.001,0.0,0.0,0.0070021008403361
2014-06-10 05:00:00,0.2631139489194499,0.0354027504911591,0.0,0.0,0.0067583497053045,0.0179941060903732,0.001,0.0,0.0,0.0070039292730844
2014-06-10 06:00:00,0.3408571428571428,0.0298747553816046,0.0,0.0,0.0067181996086105,0.0185792563600782,0.001,0.0934990215264187,0.0,0.0070039138943248
2014-06-10 07:00:00,0.2485538752362948,0.0228922495274102,0.0,0.0,0.0068506616257088,0.0152570888468809,0.001,0.0,0.0,0.0070113421550094
2014-06-10 08:00:00,0.3303980952380952,0.0229638095238095,0.0,0.0,0.0067619047619047,0.0152514285714285,0.001,0.0,0.0,0.0070019047619047
2014-06-10 09:00:00,0.3206494464944649,0.0320885608856088,0.0,0.0,0.0067896678966789,0.0158154981549815,0.001,0.0,0.0,0.0070055350553505
2014-06-10 10:00:00,0.4638660550458716,0.0276788990825688,0.0,0.0,0.1463174311926605,0.014594495412844,0.001,0.0824733944954128,0.0,0.0070238532110091
2014-06-10 11:00:00,0.4215432098765432,0.024010582010582,0.0,0.0,0.1834320987654321,0.0146155202821869,0.0206649029982363,0.0,0.0,0.007015873015873
2014-06-10 12:00:00,0.3942324786324787,0.0240205128205128,0.0,0.0,0.1832700854700854,0.0141760683760683,0.001,0.0,0.0,0.0070119658119658
2014-06-10 13:00:00,0.7649078260869565,0.0320434782608695,0.0,0.0,0.1570226086956521,0.0444486956521739,0.001,0.0653721739130434,0.0,0.0070226086956521
2014-06-10 14:00:00,0.4509656946826758,0.0293138936535162,0.0,0.0,0.1647735849056603,0.0594476843910806,0.001,0.0,0.0,0.0070428816466552
2014-06-10 15:00:00,0.8828587155963303,0.0268238532110091,0.0,0.0,0.146,0.0149302752293577,0.001,0.0587633027522935,0.0,0.0070165137614678
2014-06-10 16:00:00,0.5595219683655536,0.0262021089630931,0.0,0.0,0.1451493848857645,0.0158031634446397,0.001,0.0,0.0,0.00701230228471
2014-06-10 17:00:00,0.5860199275362319,0.0275,0.0,0.0,0.1460634057971014,0.014606884057971,0.001,0.0,0.0,0.0070126811594202
2014-06-10 18:00:00,0.4278468013468013,0.027516835016835,0.0,0.0,0.1841464646464646,0.0141767676767676,0.001,0.0,0.0,0.007050505050505
2014-06-10 19:00:00,0.709738255033557,0.0216359060402684,0.0,0.0,0.2126140939597315,0.0228020134228187,0.101744966442953,0.0750788590604026,0.0,0.0070385906040268
2014-06-10 20:00:00,0.604495145631068,0.0322407766990291,0.0,0.0,0.1647805825242718,0.1262330097087378,0.0010155339805825,0.0664077669902912,0.0,0.0070271844660194
2014-06-10 21:00:00,0.6721297989031079,0.0310548446069469,0.0,0.0,0.166762340036563,0.1258939670932358,0.047508226691042,0.0529469835466179,0.0,0.0312084095063985
2014-06-10 22:00:00,0.556913306451613,0.020149193548387,0.0,0.0,0.1724153225806451,0.1261875,0.001,0.0,0.0,0.0143125
2014-06-10 23:00:00,0.4489263803680981,0.0291042944785276,0.0,0.0,0.1838977505112474,0.015920245398773,0.001,0.0,0.0,0.0070327198364008
2014-06-11 00:00:00,0.2817216494845361,0.0265134020618556,0.0,0.0,0.0502474226804123,0.0149298969072164,0.001,0.0,0.0,0.0070123711340206
2014-06-11 01:00:00,0.2357685950413223,0.0219235537190082,0.0,0.0,0.0068760330578512,0.0163636363636363,0.001,0.0,0.0,0.007
2014-06-11 02:00:00,0.2481452282157676,0.0297821576763485,0.0,0.0,0.0068734439834024,0.0142095435684647,0.001,0.0,0.0,0.007
2014-06-11 03:00:00,0.2447698924731182,0.0279763440860215,0.0,0.0,0.0068516129032258,0.0141913978494623,0.001,0.0,0.0,0.0070021505376344
2014-06-11 04:00:00,0.2393305084745762,0.0220868644067796,0.0,0.0,0.0067584745762711,0.0159724576271186,0.001,0.0,0.0,0.0070021186440677
2014-06-11 05:00:00,0.2603290322580645,0.0271333333333333,0.0,0.0,0.0067978494623655,0.014821505376344,0.001,0.0,0.0,0.0069913978494623
2014-06-11 06:00:00,0.3484737903225807,0.0317137096774193,0.0,0.0,0.0067096774193548,0.0140887096774193,0.001,0.0360947580645161,0.0583306451612903,0.0070100806451612
2014-06-11 07:00:00,0.2360205338809035,0.0266776180698151,0.0,0.0,0.0068932238193018,0.0141129363449691,0.001,0.0,0.0,0.007
2014-06-11 08:00:00,0.2395702647657841,0.0210142566191446,0.0,0.0,0.0068513238289205,0.015417515274949,0.001,0.0,0.0,0.0070020366598778
2014-06-11 09:00:00,0.5298588469184892,0.028779324055666,0.0,0.0,0.1602942345924453,0.0142683896620278,0.001,0.0784711729622266,0.0,0.007013916500994
2014-06-11 10:00:00,0.4854400785854617,0.0292868369351669,0.0,0.0,0.1775638506876228,0.0149410609037328,0.001,0.0,0.0,0.0070216110019646
2014-06-11 11:00:00,0.44101171875,0.02230859375,0.0,0.0,0.1785546875,0.015529296875,0.001,0.0,0.0,0.007041015625
2014-06-11 12:00:00,0.4899621513944223,0.0263545816733067,0.0,0.0,0.1794780876494024,0.014511952191235,0.0253944223107569,0.0,0.0,0.0070179282868525
2014-06-11 13:00:00,0.5716217303822938,0.0309919517102615,0.0,0.0,0.1565573440643863,0.0501046277665996,0.001,0.0857806841046277,0.0,0.007020120724346
2014-06-11 14:00:00,0.5724083885209713,0.0223951434878587,0.0,0.0,0.174878587196468,0.1264326710816777,0.001,0.0,0.0,0.0070331125827814
2014-06-11 15:00:00,0.7633892617449665,0.0295480984340044,0.0,0.0,0.1531319910514541,0.1264049217002237,0.001,0.1515279642058165,0.0,0.0070111856823266
2014-06-11 16:00:00,0.5264137931034483,0.0257892720306513,0.0,0.0,0.1210172413793103,0.1262068965517241,0.001,0.0,0.0,0.0070210727969348
2014-06-11 17:00:00,0.4606156941649899,0.0312897384305835,0.0180804828973843,0.0,0.027748490945674,0.1252072434607646,0.001,0.0,0.0,0.0070140845070422
2014-06-11 18:00:00,0.6655373737373738,0.029420202020202,0.0,0.0,0.1330767676767676,0.1258323232323232,0.0344828282828282,0.0601717171717171,0.0,0.0070121212121212
2014-06-11 19:00:00,0.6596666666666666,0.0222969348659003,0.0,0.0,0.150463601532567,0.1254233716475095,0.0471532567049808,0.0559157088122605,0.0,0.0070249042145593
2014-06-11 20:00:00,0.7205553435114503,0.0214980916030534,0.0,0.0,0.1768301526717557,0.1269751908396946,0.001,0.0,0.0,0.0070343511450381
2014-06-11 21:00:00,0.8109156378600823,0.0329053497942386,0.0,0.0,0.1706090534979424,0.1263004115226337,0.001,0.0831172839506172,0.0,0.0070123456790123
2014-06-11 22:00:00,0.6134480651731161,0.0303095723014256,0.0,0.0,0.1628635437881873,0.0482219959266802,0.001,0.0,0.0,0.0070122199592668
2014-06-11 23:00:00,0.328741935483871,0.021763440860215,0.0,0.0,0.016916129032258,0.0150301075268817,0.001,0.0,0.0,0.0070043010752688
2014-06-12 00:00:00,0.2471987179487179,0.0263611111111111,0.0,0.0,0.0068247863247863,0.0153397435897435,0.001,0.0,0.0,0.0069957264957264
2014-06-12 01:00:00,0.2352712215320911,0.0322629399585921,0.0,0.0,0.006927536231884,0.0157763975155279,0.001,0.0,0.0,0.0070020703933747
2014-06-12 02:00:00,0.231641592920354,0.0253362831858407,0.0,0.0,0.0069247787610619,0.0142455752212389,0.001,0.0,0.0,0.0070088495575221
2014-06-12 03:00:00,0.2366004273504273,0.0216538461538461,0.0,0.0,0.0068931623931623,0.0141944444444444,0.001,0.0,0.0,0.007
2014-06-12 04:00:00,0.2329956896551724,0.026728448275862,0.0,0.0,0.0067931034482758,0.0157456896551724,0.001,0.0,0.0,0.0070021551724137
2014-06-12 05:00:00,0.2769523809523809,0.0283373015873015,0.0,0.0,0.0067361111111111,0.0188075396825396,0.001,0.0,0.0,0.0070019841269841
2014-06-12 06:00:00,0.2906725490196079,0.0209960784313725,0.0,0.0,0.006692156862745,0.0188313725490196,0.001,0.0,0.0,0.0070078431372549
2014-06-12 07:00:00,0.3878768939393939,0.0277746212121212,0.0,0.0,0.0068617424242424,0.016280303030303,0.001,0.0905984848484848,0.0,0.0070113636363636
2014-06-12 08:00:00,0.4941314741035856,0.0281653386454183,0.0,0.0,0.0068565737051792,0.0140976095617529,0.001,0.1463525896414342,0.0,0.0083067729083665
2014-06-12 09:00:00,0.2933207547169811,0.0238283018867924,0.0,0.0,0.0069132075471698,0.0151283018867924,0.001,0.0,0.0,0.0070113207547169
2014-06-12 10:00:00,0.2806763110307414,0.022506329113924,0.0,0.0,0.0069439421338155,0.0148354430379746,0.001,0.0,0.0,0.00700904159132
2014-06-12 11:00:00,0.2963440677966101,0.0386084745762711,0.0,0.0,0.0069338983050847,0.0148254237288135,0.001,0.0,0.0,0.007
2014-06-12 12:00:00,0.2839680134680135,0.0273653198653198,0.0,0.0,0.0069595959595959,0.0141077441077441,0.001,0.0,0.0,0.0070050505050505
2014-06-12 13:00:00,0.2923972835314092,0.0240305602716468,0.0,0.0,0.0069117147707979,0.0152801358234295,0.001,0.0,0.0,0.0070050933786078
2014-06-12 14:00:00,0.2828777219430486,0.0245946398659966,0.0,0.0,0.0069061976549413,0.0146365159128978,0.001,0.0,0.0,0.0070100502512562
2014-06-12 15:00:00,0.2877816666666667,0.029315,0.0,0.0,0.0068566666666666,0.01557,0.001,0.0,0.0,0.0070033333333333
2014-06-12 16:00:00,0.29102,0.0291983333333333,0.0,0.0,0.0068516666666666,0.01528,0.001,0.0,0.0,0.0069933333333333
2014-06-12 17:00:00,0.3631886477462437,0.0242721202003338,0.0,0.0,0.006821368948247,0.0148848080133555,0.001,0.075151919866444,0.0,0.0070033388981636
2014-06-12 18:00:00,0.7329384359400998,0.0257603993344425,0.0,0.0,0.1549717138103161,0.0999550748752079,0.0244658901830282,0.0597237936772046,0.0630998336106489,0.0070166389351081
2014-06-12 19:00:00,0.98182,0.0274566666666666,0.0,0.0,0.1524233333333333,0.126425,0.073285,0.1425883333333333,0.0629083333333333,0.0070016666666666
2014-06-12 20:00:00,0.5596176470588236,0.0285605536332179,0.0,0.0,0.1512387543252595,0.1269083044982699,0.001,0.0,0.0,0.0070294117647058
2014-06-12 21:00:00,0.7604632352941176,0.0282022058823529,2.389705882352941e-05,0.0,0.1776838235294117,0.1266011029411764,0.001,0.0341139705882352,0.0109319852941176,0.0218988970588235
2014-06-12 22:00:00,0.5951883333333334,0.0242283333333333,0.0,0.0,0.1616666666666666,0.0813766666666666,0.001,0.0,0.0,0.034345
2014-06-12 23:00:00,0.3945291095890411,0.0255599315068493,0.0,0.0,0.0762636986301369,0.0148424657534246,0.001,0.0,0.0,0.008279109589041
2014-06-13 00:00:00,0.250655,0.0288516666666666,0.0,0.0,0.0068666666666666,0.015295,0.001,0.0,0.0,0.006965
2014-06-13 01:00:00,0.2418416666666666,0.0312733333333333,0.0,0.0,0.0068516666666666,0.0145866666666666,0.001,0.0,0.0,0.0069416666666666
2014-06-13 02:00:00,0.2318964941569282,0.0279465776293823,0.0,0.0,0.0068998330550918,0.0141202003338898,0.001,0.0,0.0,0.0069649415692821
2014-06-13 03:00:00,0.2344625623960066,0.0247853577371048,0.0,0.0,0.00691846921797,0.0141114808652246,0.001,0.0,0.0,0.006963394342762
2014-06-13 04:00:00,0.243584307178631,0.0245893155258764,0.0,0.0,0.0067729549248747,0.0158731218697829,0.001,0.0,0.0,0.0069465776293823
2014-06-13 05:00:00,0.2675324459234608,0.0271863560732113,0.0,0.0,0.0067703826955074,0.0149301164725457,0.001,0.0,0.0,0.0069567387687188
2014-06-13 06:00:00,0.2898840336134453,0.0306924369747899,0.0,0.0,0.0067478991596638,0.0142470588235294,0.001,0.0,0.0,0.0069428571428571
2014-06-13 07:00:00,0.3642171717171717,0.0278299663299663,0.0,0.0,0.0068114478114478,0.0142474747474747,0.001,0.0606548821548821,0.0,0.0069612794612794
2014-06-13 08:00:00,0.5660551839464883,0.0248996655518394,0.0,0.0,0.0814799331103679,0.014376254180602,0.001,0.0923311036789297,0.0523461538461538,0.0069682274247491
2014-06-13 09:00:00,0.4480947546531302,0.0235668358714044,0.0,0.0,0.058248730964467,0.0150913705583756,0.001,0.0400287648054145,0.0602318104906937,0.0069763113367174
2014-06-13 10:00:00,0.4749691252144082,0.0308301886792452,0.0,0.0,0.1859639794168096,0.0155917667238421,0.001,0.0,0.0,0.0076740994854202
2014-06-13 11:00:00,0.5063378151260505,0.0293159663865546,0.0,0.0,0.1839226890756302,0.0161747899159663,0.0273394957983193,0.0,0.0,0.0069932773109243
2014-06-13 12:00:00,1.368958181818182,0.0277090909090909,0.0,0.8246272727272728,0.1778563636363636,0.0142090909090909,0.0013545454545454,0.0,0.0,0.0069927272727272
2014-06-13 13:00:00,1.3133986486486489,0.0292804054054054,0.0,0.5150472972972973,0.1522077702702702,0.0162567567567567,0.001,0.0940456081081081,0.0,0.0069898648648648
2014-06-13 14:00:00,0.5579169491525424,0.0298525423728813,0.0,0.0,0.1225169491525423,0.0153186440677966,0.001,0.0176915254237288,0.0449593220338983,0.0411271186440677
2014-06-13 15:00:00,0.3796168384879725,0.0252319587628866,0.0,0.0,0.0106563573883161,0.0151752577319587,0.001,0.0,0.0,0.0639656357388316
2014-06-13 16:00:00,0.3256313131313131,0.0299595959595959,0.0,0.0,0.0106144781144781,0.015023569023569,0.001,0.0,0.0,0.0079966329966329
2014-06-13 17:00:00,0.803130198915009,0.0318408679927667,0.0,0.0,0.0105189873417721,0.0153942133815551,0.0615678119349005,0.101623869801085,0.2888643761301989,0.0104339963833634
2014-06-13 18:00:00,0.7415311355311356,0.0327106227106227,0.0,0.0,0.2080952380952381,0.1017252747252747,0.0187399267399267,0.0671172161172161,0.0839322344322344,0.0124450549450549
2014-06-13 19:00:00,0.6723983333333333,0.0348983333333333,5.333333333333334e-05,0.0,0.2074766666666666,0.1263333333333333,0.0222616666666666,0.052455,0.0,0.0113333333333333
2014-06-13 20:00:00,0.821738255033557,0.0288422818791946,0.0,0.0,0.1789077181208053,0.1264563758389262,0.0174362416107382,0.0,0.0,0.0739312080536912
2014-06-13 21:00:00,0.8366779661016949,0.0289355932203389,0.0,0.0,0.1825915254237288,0.1260016949152542,0.001,0.0527830508474576,0.0,0.0358050847457627
2014-06-13 22:00:00,0.6484390651085142,0.0305342237061769,0.0,0.0,0.1496360601001669,0.1257863105175292,0.001,0.039813021702838,0.0,0.0069816360601001
2014-06-13 23:00:00,0.5879575221238938,0.0264743362831858,0.0,0.0,0.1651539823008849,0.0879097345132743,0.001,0.0,0.0,0.0069911504424778
2014-06-14 00:00:00,0.3508777219430485,0.0265159128978224,0.0,0.0,0.0558894472361809,0.0147772194304857,0.001,0.0,0.0,0.0069597989949748
2014-06-14 01:00:00,0.2328386023294509,0.026873544093178,0.0,0.0,0.0068419301164725,0.015332778702163,0.001,0.0,0.0,0.0069467554076539
2014-06-14 02:00:00,0.2410883333333333,0.0297566666666666,0.0,0.0,0.006865,0.0142083333333333,0.001,0.0,0.0,0.00695
2014-06-14 03:00:00,0.23478,0.0315983333333333,0.0,0.0,0.0068899999999999,0.0141483333333333,0.001,0.0,0.0,0.0069533333333333
2014-06-14 04:00:00,0.2355716666666666,0.03145,0.0,0.0,0.0068716666666666,0.0158833333333333,0.001,0.0,0.0,0.0069566666666666
2014-06-14 05:00:00,0.2717217537942664,0.0249662731871838,0.0,0.0,0.0068111298482293,0.0147672849915682,0.001,0.0,0.0,0.006973018549747
2014-06-14 06:00:00,0.2848361486486486,0.0255101351351351,0.0,0.0,0.0068057432432432,0.0140945945945945,0.001,0.0,0.0,0.0069543918918918
2014-06-14 07:00:00,0.4169078726968174,0.0256130653266331,0.0,0.0,0.0067018425460636,0.014108877721943,0.001,0.0750703517587939,0.0,0.0069514237855946
2014-06-14 08:00:00,0.4099059500959692,0.0282245681381957,0.0,0.0,0.0067120921305182,0.014088291746641,0.001,0.0653186180422265,0.0,0.0094625719769673
2014-06-14 09:00:00,0.4465203883495146,0.0286135922330097,0.0,0.0,0.006809708737864,0.01406213592233,0.001,0.0205436893203883,0.0598330097087378,0.0091902912621359
2014-06-14 10:00:00,0.6532695984703633,0.0294665391969407,0.0,0.0,0.125793499043977,0.0147762906309751,0.001,0.0,0.0,0.0089330783938814
2014-06-14 11:00:00,0.6441580952380953,0.0292247619047619,0.0,0.0,0.1483104761904762,0.0174171428571428,0.001,0.0,0.0,0.0076895238095238
2014-06-14 12:00:00,0.7172433460076046,0.0246026615969581,0.0,0.0,0.1556520912547528,0.0185133079847908,0.0394524714828897,0.0,0.0,0.0074125475285171
2014-06-14 13:00:00,0.6404006908462867,0.026587219343696,0.0,0.0,0.1684732297063903,0.0183696027633851,0.001,0.0,0.0,0.0073886010362694
2014-06-14 14:00:00,0.7383483535528597,0.0315840554592721,0.0,0.0,0.1451750433275563,0.0350918544194107,0.001,0.0591958405545927,0.0,0.0074020797227036
2014-06-14 15:00:00,0.661733705772812,0.0299627560521415,0.0,0.0,0.1446108007448789,0.048536312849162,0.001,0.0,0.0,0.0079851024208566
2014-06-14 16:00:00,0.5373269565217391,0.024775652173913,0.0,0.0,0.1536382608695652,0.0141947826086956,0.001,0.0,0.0,0.0081721739130434
2014-06-14 17:00:00,0.5290769230769231,0.0276446886446886,0.0,0.0,0.1492838827838827,0.0148278388278388,0.001,0.0,0.0,0.0082289377289377
2014-06-14 18:00:00,0.8752458193979933,0.0298946488294314,0.0,0.0,0.1600317725752508,0.01438127090301,0.2639882943143812,0.0,0.0,0.0231354515050167
2014-06-14 19:00:00,0.7911585976627713,0.0318864774624374,0.0,0.0,0.144338898163606,0.1064090150250417,0.110771285475793,0.0573355592654424,0.0,0.0171686143572621
2014-06-14 20:00:00,0.656018302828619,0.0301148086522462,0.0,0.0,0.1628785357737105,0.1262279534109817,0.0122312811980033,0.0087254575707154,0.0,0.0093011647254575
2014-06-14 21:00:00,0.8281151919866444,0.0329549248747913,0.0,0.0,0.1534140233722871,0.1266210350584307,0.001,0.1052437395659432,0.0,0.0085525876460767
2014-06-14 22:00:00,0.7147993311036789,0.0536705685618729,0.0,0.0,0.1746321070234114,0.1261187290969899,0.001,0.0,0.0,0.0410518394648829
2014-06-14 23:00:00,0.6599982728842833,0.0531796200345423,0.0,0.0,0.1420310880829015,0.113048359240069,0.001,0.0,0.0,0.0069689119170984
2014-06-15 00:00:00,0.2554333333333333,0.064774074074074,0.0,0.0,0.0069074074074074,0.0148611111111111,0.001,0.0,0.0,0.0069518518518518
2014-06-15 01:00:00,0.2471969949916527,0.0417996661101836,0.0,0.0,0.0068864774624373,0.0152954924874791,0.001,0.0,0.0,0.0069549248747913
2014-06-15 02:00:00,0.2440815307820299,0.0438469217970049,0.0,0.0,0.0068768718801996,0.0141663893510815,0.001,0.0,0.0,0.0069567387687188
2014-06-15 03:00:00,0.23812,0.0423,0.0,0.0,0.0068833333333333,0.0142016666666666,0.001,0.0,0.0,0.0069516666666666
2014-06-15 04:00:00,0.2487733333333333,0.042405,0.0,0.0,0.0068816666666666,0.0158666666666666,0.001,0.0,0.0,0.00696
2014-06-15 05:00:00,0.2721400709219858,0.0321968085106382,0.0,0.0,0.0068953900709219,0.0148262411347517,0.001,0.0,0.0,0.0069556737588652
2014-06-15 06:00:00,0.2925962521294719,0.0400783645655877,0.0,0.0,0.0068568994889267,0.0141090289608177,0.001,0.0,0.0,0.0069727427597955
2014-06-15 07:00:00,0.30131,0.03485,0.0,0.0,0.006755,0.015195,0.001,0.0,0.0,0.0069383333333333
2014-06-15 08:00:00,0.3544886164623468,0.0306514886164623,0.0,0.0,0.0067022767075306,0.0149299474605954,0.001,0.0508704028021015,0.0,0.0069492119089316
2014-06-15 09:00:00,0.3896393989983305,0.0314707846410684,0.0,0.0,0.0066510851419031,0.016609348914858,0.001,0.0777445742904841,0.0,0.0080100166944908
2014-06-15 10:00:00,0.3183067590987868,0.0311958405545927,0.0,0.0,0.0066221837088388,0.0184159445407279,0.001,0.0,0.0,0.0072720970537261
2014-06-15 11:00:00,0.2927532228360957,0.0300165745856353,0.0,0.0,0.0066482504604051,0.0175285451197053,0.001,0.0,0.0,0.0069668508287292
2014-06-15 12:00:00,0.2942010968921389,0.0269908592321755,0.0,0.0,0.0066983546617915,0.0143144424131627,0.001,0.0,0.0,0.006945155393053
2014-06-15 13:00:00,0.2885753968253968,0.0282162698412698,0.0,0.0,0.0068412698412698,0.0147797619047619,0.001,0.0,0.0,0.006954365079365
2014-06-15 14:00:00,0.3058626262626262,0.0344262626262626,0.0,0.0,0.006870707070707,0.018410101010101,0.001,0.0,0.0003434343434343,0.0069575757575757
2014-06-15 15:00:00,0.2922722117202268,0.0290699432892249,0.0,0.0,0.0067844990548204,0.0184650283553875,0.001,0.0,0.0,0.0069565217391304
2014-06-15 16:00:00,0.2999836956521739,0.0242934782608695,0.0,0.0,0.0067880434782608,0.0183713768115942,0.001,0.0,0.0,0.0069673913043478
2014-06-15 17:00:00,0.3582779783393501,0.0277003610108303,0.0,0.0,0.0066227436823104,0.0176841155234657,0.001,0.0,0.0,0.0069368231046931
2014-06-15 18:00:00,0.4343706176961602,0.0328480801335559,0.0,0.0,0.0282804674457429,0.0142921535893155,0.001,0.0964757929883138,0.0,0.0099031719532554
2014-06-15 19:00:00,0.54935,0.034575,0.0,0.0,0.1733249999999999,0.0578316666666666,0.001,0.0,0.0,0.0127933333333333
2014-06-15 20:00:00,0.6807683333333333,0.031415,0.0,0.0,0.1537233333333333,0.1266216666666666,0.001,0.0401266666666666,0.0,0.0076116666666666
2014-06-15 21:00:00,0.645615,0.03129,0.0,0.0,0.1660933333333333,0.126195,0.001,0.0266033333333333,0.0,0.0071566666666666
2014-06-15 22:00:00,0.6232775919732442,0.0280434782608695,0.0,0.0,0.1848076923076923,0.0937408026755852,0.001,0.0,0.0,0.0069816053511705
2014-06-15 23:00:00,0.4592466666666667,0.02861,0.0,0.0,0.1095566666666666,0.0148333333333333,0.001,0.0,0.0,0.0069716666666666
2014-06-16 00:00:00,0.2507870216306156,0.0332113144758735,0.0,0.0,0.0068801996672212,0.0153227953410981,0.001,0.0,0.0,0.0069484193011647
2014-06-16 01:00:00,0.254949720670391,0.0298379888268156,0.0,0.0,0.0068938547486033,0.0146405959031657,0.001,0.0,0.0,0.0069646182495344
2014-06-16 02:00:00,0.2318541666666666,0.0260291666666666,0.0,0.0,0.0068375,0.0141333333333333,0.0011666666666666,0.0,0.0,0.0069354166666666
2014-06-16 03:00:00,0.2351860940695296,0.0254989775051124,0.0,0.0,0.0068895705521472,0.0140879345603272,0.001,0.0,0.0,0.0069591002044989
2014-06-16 04:00:00,0.239156,0.026562,0.0,0.0,0.006882,0.015724,0.001,0.0,0.0,0.006954
2014-06-16 05:00:00,0.2725609756097561,0.0323760162601626,0.0,0.0,0.006770325203252,0.0188841463414634,0.001390243902439,0.0,0.0,0.0069573170731707
2014-06-16 06:00:00,0.2951160896130346,0.0245417515274949,0.0,0.0,0.0066272912423625,0.0186028513238289,0.001,0.0,0.0,0.0069490835030549
2014-06-16 07:00:00,0.3041197604790419,0.0292574850299401,0.0,0.0,0.0068602794411177,0.0183393213572854,0.001,0.0,0.0,0.0069720558882235
2014-06-16 08:00:00,0.4842173913043478,0.0298423913043478,0.0,0.0,0.0068369565217391,0.016320652173913,0.001,0.1343170289855072,0.0,0.0069619565217391
2014-06-16 09:00:00,0.3905068259385665,0.0301109215017064,0.0,0.0,0.0101023890784982,0.0151433447098976,0.0284607508532423,0.0,0.0,0.0540358361774744
2014-06-16 10:00:00,0.559984126984127,0.0278253968253968,0.0,0.0,0.010672619047619,0.0157281746031746,0.001,0.1384087301587301,0.0,0.1004682539682539
2014-06-16 11:00:00,0.4112593220338983,0.0251423728813559,0.0,0.0,0.0542271186440678,0.0151169491525423,0.001,0.0,0.0,0.0689677966101694
2014-06-16 12:00:00,0.3049266211604096,0.0250085324232081,0.0,0.0,0.0118566552901023,0.0150802047781569,0.001,0.0,0.0,0.0079812286689419
2014-06-16 13:00:00,0.2949650735294117,0.0333400735294117,0.0,0.0,0.0068088235294117,0.0148933823529411,0.001,0.0,0.0,0.0079816176470588
2014-06-16 14:00:00,0.2879379432624113,0.0247216312056737,0.0,0.0,0.0068971631205673,0.014959219858156,0.001,0.0,0.0,0.0080053191489361
2014-06-16 15:00:00,0.6106029684601113,0.0234638218923933,0.0,0.0,0.1730445269016697,0.0190111317254174,0.0446029684601113,0.0,0.0,0.0664749536178107
2014-06-16 16:00:00,0.6904723247232472,0.0349298892988929,0.0,0.0,0.1697896678966789,0.08230073800738,0.0309317343173431,0.0514040590405904,0.0,0.0733560885608856
2014-06-16 17:00:00,0.6149094412331407,0.0323911368015414,0.0,0.0,0.084140655105973,0.0670038535645472,0.001,0.097290944123314,0.0,0.0576069364161849
2014-06-16 18:00:00,0.4023409090909091,0.021615909090909,0.0,0.0,0.0107977272727272,0.0601499999999999,0.001,0.0,0.0,0.0679954545454545
2014-06-16 19:00:00,1.247647191011236,0.0284831460674157,0.0,0.0,0.0107685393258426,0.1270966292134831,0.001,0.0,0.0,0.0741730337078651
2014-06-16 20:00:00,0.58971875,0.0295446428571428,0.0,0.0,0.0107745535714285,0.1276629464285714,0.001,0.0541450892857142,0.0,0.0924263392857143
2014-06-16 21:00:00,0.5228423529411765,0.0299270588235294,0.0,0.0,0.0107811764705882,0.1275294117647059,0.001,0.0,0.0,0.0877388235294117
2014-06-16 22:00:00,0.4986481481481482,0.0201435185185185,0.0,0.0,0.0106041666666666,0.1270277777777777,0.0296064814814814,0.0,0.0,0.0140578703703703
2014-06-16 23:00:00,0.4062895377128954,0.0264817518248175,0.0,0.0,0.0089878345498783,0.0216423357664233,0.001,0.0,0.0,0.0069975669099756
2014-06-17 00:00:00,0.2467853773584905,0.0301226415094339,0.0,0.0,0.0068301886792452,0.0148561320754717,0.001,0.0,0.0,0.0069858490566037
2014-06-17 01:00:00,0.2394189814814815,0.024037037037037,0.0,0.0,0.006875,0.0152291666666666,0.001,0.0,0.0,0.0069907407407407
2014-06-17 02:00:00,0.23040625,0.0191009615384615,0.0,0.0,0.0068653846153846,0.0141105769230769,0.001,0.0,0.0,0.0069975961538461
2014-06-17 03:00:00,0.2337357142857143,0.0294404761904761,0.0,0.0,0.0068833333333333,0.0141071428571428,0.001,0.0,0.0,0.006997619047619
2014-06-17 04:00:00,0.2561540342298288,0.0255525672371638,0.0,0.0,0.0068166259168704,0.0158068459657701,0.001,0.0,0.0,0.0069902200488997
2014-06-17 05:00:00,0.2960149253731343,0.0236716417910447,0.0,0.0,0.0066542288557213,0.0148756218905472,0.001,0.0,0.0,0.0069900497512437
2014-06-17 06:00:00,0.2922188295165394,0.0295750636132315,0.0,0.0,0.0067786259541984,0.0140661577608142,0.001,0.0,0.0,0.0069949109414758
2014-06-17 07:00:00,0.3690715990453461,0.0244463007159904,0.0,0.0,0.0068329355608591,0.0140692124105011,0.001,0.0736300715990453,0.0,0.0069832935560859
2014-06-17 08:00:00,0.3023209109730849,0.023871635610766,0.0,0.0,0.006879917184265,0.0140662525879917,0.001,0.0,0.0,0.006983436853002
2014-06-17 09:00:00,0.2876505494505494,0.0298131868131868,0.0,0.0,0.0068615384615384,0.0140571428571428,0.001,0.0,0.0,0.0069890109890109
2014-06-17 10:00:00,0.4211363636363636,0.0221260330578512,0.0,0.0,0.1402954545454545,0.0140516528925619,0.001,0.0,0.0,0.0073285123966942
2014-06-17 11:00:00,0.4758672376873661,0.0306595289079229,0.0,0.0,0.1846916488222698,0.0155032119914346,0.001,0.0,0.0,0.007017130620985
2014-06-17 12:00:00,0.47154,0.026204,0.0,0.0,0.184348,0.014528,0.001,0.0,0.0,0.007
2014-06-17 13:00:00,0.4601270491803278,0.0215512295081967,0.0,0.0,0.1832090163934426,0.0151004098360655,0.001,0.0,0.0,0.007
2014-06-17 14:00:00,0.91367940552017,0.0309193205944798,0.0,0.0,0.1615774946921443,0.0648874734607218,0.001,0.218452229299363,0.1443906581740976,0.0070127388535031
2014-06-17 15:00:00,0.6524613778705637,0.0250438413361169,0.0,0.0,0.1487369519832985,0.1246910229645094,0.001,0.0495594989561586,1.4613778705636743e-05,0.0070041753653444
2014-06-17 16:00:00,0.4563883847549909,0.0230834845735027,0.0,0.0,0.1449437386569873,0.014119782214156,0.001,0.0,3.629764065335753e-06,0.0070090744101633
2014-06-17 17:00:00,1.2900318791946308,0.0284714765100671,0.0,0.0,0.1565704697986577,0.0145419463087248,0.0985755033557047,0.0,0.0,0.0070050335570469
2014-06-17 18:00:00,1.3056215753424658,0.0306489726027397,0.0,0.0,0.14375,0.1189417808219178,0.0400616438356164,0.0,0.0,0.0069965753424657
2014-06-17 19:00:00,0.7072782462057335,0.0309612141652613,0.0,0.0,0.1527537942664418,0.1260067453625632,0.0977217537942664,0.0,0.0,0.0070016863406408
2014-06-17 20:00:00,0.6587999999999999,0.0398766666666666,0.0,0.0,0.1891666666666666,0.1270016666666666,0.001,0.0,0.0,0.0069866666666666
2014-06-17 21:00:00,0.7515383333333333,0.0372749999999999,0.0,0.0,0.1822483333333333,0.1273416666666666,0.001,0.07934,0.0,0.007005
2014-06-17 22:00:00,0.639284757118928,0.0314221105527638,0.0,0.0,0.1628609715242881,0.126929648241206,0.001,0.0,0.0,0.0436867671691792
2014-06-17 23:00:00,0.5757434094903339,0.0417908611599297,0.0,0.0,0.130402460456942,0.0395729349736379,0.001,0.0,0.0,0.0209824253075571
2014-06-18 00:00:00,0.246685,0.0307083333333333,0.0,0.0,0.0069333333333333,0.01467,0.001,0.0,0.0,0.0069349999999999
2014-06-18 01:00:00,0.2434366666666666,0.03007,0.0,0.0,0.0069033333333333,0.015175,0.001,0.0,0.0,0.006955
2014-06-18 02:00:00,0.2338283333333333,0.0348233333333333,0.0,0.0,0.006865,0.0140983333333333,0.001,0.0,0.0,0.0069633333333333
2014-06-18 03:00:00,0.24089,0.0319833333333333,0.0,0.0,0.0069033333333333,0.0140583333333333,0.001,0.0,0.0,0.0069349999999999
2014-06-18 04:00:00,0.2340483333333333,0.0300916666666666,0.0,0.0,0.0068383333333333,0.01586,0.001,0.0,0.0,0.0069566666666666
2014-06-18 05:00:00,0.2656383333333333,0.0239583333333333,0.0,0.0,0.0067416666666666,0.014915,0.001,0.0,0.0,0.0069633333333333
2014-06-18 06:00:00,0.2966661101836393,0.0278864774624373,0.0,0.0,0.0067462437395659,0.0141919866444073,0.001,0.0,0.0,0.0069549248747913
2014-06-18 07:00:00,0.29067,0.0314533333333333,0.0,0.0,0.00674,0.01417,0.001,0.0,0.0,0.006945
2014-06-18 08:00:00,0.35274,0.0300983333333333,0.0,0.0,0.00684,0.01555,0.001,0.0568983333333333,0.0,0.0069683333333333
2014-06-18 09:00:00,0.4711505016722408,0.0259983277591973,0.0,0.0,0.0067976588628762,0.0154214046822742,0.001,0.0362207357859531,0.0,0.0069448160535117
2014-06-18 10:00:00,0.8089226804123711,0.0225756013745704,0.0,0.0,0.1883453608247422,0.0158762886597938,0.001,0.1129261168384879,0.0,0.0532371134020618
2014-06-18 11:00:00,0.7848400673400673,0.0285959595959595,0.0,0.0,0.170580808080808,0.0154023569023569,0.001,0.0,0.0,0.0866245791245791
2014-06-18 12:00:00,0.9687116357504216,0.0279274873524451,0.0,0.0,0.1545851602023608,0.014193929173693,0.001,0.1436795952782462,0.0516391231028667,0.0667048903878583
2014-06-18 13:00:00,0.7933266331658291,0.0245192629815745,0.0,0.0,0.1675075376884422,0.0151691792294807,0.001,0.0358726968174204,0.0416616415410385,0.0136968174204355
2014-06-18 14:00:00,0.8052585616438356,0.0284058219178082,0.0,0.0,0.1553116438356164,0.0149982876712328,0.001,0.0,0.0,0.0443030821917808
2014-06-18 15:00:00,0.9159521367521368,0.0288871794871794,0.0,0.0,0.1594615384615384,0.0141846153846153,0.001,0.0315897435897435,0.0,0.0545572649572649
2014-06-18 16:00:00,0.6081038525963149,0.0289195979899497,0.0,0.0,0.1019396984924623,0.0156901172529313,0.001,0.0,0.0,0.008
2014-06-18 17:00:00,0.286752508361204,0.026767558528428,0.0,0.0,0.0107508361204013,0.0147107023411371,0.001,0.0,0.0,0.0080117056856187
2014-06-18 18:00:00,0.3430566666666667,0.0232749999999999,0.0,0.0,0.0106766666666666,0.0146783333333333,0.001,0.0,0.0,0.008
2014-06-18 19:00:00,0.5871283333333334,0.0280266666666666,0.0,0.0,0.0106166666666666,0.076855,0.0645716666666666,0.10081,0.0,0.0080066666666666
2014-06-18 20:00:00,0.606210702341137,0.0324163879598662,0.0,0.0,0.0644665551839464,0.1257959866220735,0.001,0.1054280936454849,0.0,0.0080016722408026
2014-06-18 21:00:00,0.7415814751286449,0.0258473413379073,0.0,0.0,0.1917444253859348,0.1264133790737564,0.001,0.0718816466552315,0.0,0.008008576329331
2014-06-18 22:00:00,0.6346683333333333,0.02402,0.0,0.0,0.1823366666666666,0.1225733333333333,0.001,0.0,0.0,0.0080116666666666
2014-06-18 23:00:00,0.5156006884681583,0.0275886402753872,0.0,0.0,0.1442168674698795,0.0149173838209982,0.001,0.0,0.0,0.0080051635111876
2014-06-19 00:00:00,0.2592883333333333,0.0304066666666666,0.0,0.0,0.0069083333333333,0.0186933333333333,0.001,0.0,0.0,0.0080116666666666
2014-06-19 01:00:00,0.240175,0.029255,0.0,0.0,0.0069133333333333,0.0152466666666666,0.001,0.0,0.0,0.007995
2014-06-19 02:00:00,0.25239,0.02421,0.0,0.0,0.0068383333333333,0.01465,0.001,0.0,0.0,0.0080016666666666
2014-06-19 03:00:00,0.2301157718120805,0.0280369127516778,0.0,0.0,0.0068942953020134,0.0141224832214765,0.001,0.0,0.0,0.007994966442953
2014-06-19 04:00:00,0.2455433333333333,0.0289683333333333,0.0,0.0,0.0068816666666666,0.015785,0.001,0.0,0.0,0.0080016666666666
2014-06-19 05:00:00,0.2762633333333333,0.0284033333333333,0.0,0.0,0.0067883333333333,0.0191016666666666,0.001,0.0,0.0,0.008005
2014-06-19 06:00:00,0.3004647651006711,0.029479865771812,0.0,0.0,0.0067097315436241,0.0179026845637583,0.001,0.0,0.0,0.007988255033557
2014-06-19 07:00:00,0.30495,0.0283983333333333,0.0,0.0,0.0067633333333333,0.01469,0.001,0.0,6.666666666666668e-06,0.0079933333333333
2014-06-19 08:00:00,0.379395,0.03198,0.0,0.0,0.0068133333333333,0.0149733333333333,0.001,0.0614016666666666,0.0,0.0080033333333333
2014-06-19 09:00:00,0.5100435510887772,0.0329145728643216,0.0,0.0,0.1427269681742043,0.0151021775544388,0.001,0.0479865996649916,0.0,0.0080050251256281
2014-06-19 10:00:00,0.5793735343383585,0.0256783919597989,0.0,0.0,0.1891909547738693,0.0160703517587939,0.0439916247906197,0.0,0.0,0.0207420435510887
2014-06-19 11:00:00,0.6621765704584041,0.0267691001697792,0.0,0.0,0.1765670628183361,0.0144584040747028,0.01176740237691,0.0,0.0,0.0838319185059422
2014-06-19 12:00:00,0.6975109243697479,0.0276016806722689,0.0,0.0,0.1465781512605042,0.0142302521008403,0.001,0.1073495798319327,0.0,0.0218184873949579
2014-06-19 13:00:00,0.5834197952218431,0.0293481228668941,0.0,0.0,0.1494266211604095,0.1184641638225255,0.001,0.0181843003412969,0.0,0.0080102389078498
2014-06-19 14:00:00,0.5971880341880342,0.0284786324786324,0.0,0.0,0.1742222222222222,0.1261880341880342,0.001,0.0,0.0,0.0132752136752136
2014-06-19 15:00:00,0.7412376068376068,0.0230700854700854,0.0,0.0,0.1848991452991452,0.1261606837606837,0.001,0.0,0.0,0.1284307692307692
2014-06-19 16:00:00,0.7794619289340102,0.0293451776649746,0.0,0.0,0.1876175972927241,0.0696463620981387,0.001,0.1209780033840947,0.0,0.0955397631133671
2014-06-19 17:00:00,0.7489130434782608,0.0280183946488294,0.0,0.0,0.1612759197324415,0.085190635451505,0.1424347826086956,0.0001705685618729,0.0,0.0216739130434782
2014-06-19 18:00:00,0.5172742474916388,0.0250585284280936,0.0,0.0,0.2100401337792642,0.014195652173913,0.001,0.0,0.0,0.0284163879598662
2014-06-19 19:00:00,0.4936904761904762,0.0221020408163265,0.0,0.0,0.1860867346938775,0.0148316326530612,0.001,0.0,0.0,0.0083792517006802
2014-06-19 20:00:00,0.6988947368421053,0.0283412563667232,0.0,0.0,0.1777317487266553,0.0799473684210526,0.001,0.1315840407470288,0.0,0.0082122241086587
2014-06-19 21:00:00,0.640528880866426,0.0287779783393501,0.0,0.0,0.1863592057761733,0.1209314079422382,0.001,0.0,0.0,0.0115956678700361
2014-06-19 22:00:00,0.5564624277456648,0.0318265895953757,0.0,0.0,0.1895587668593449,0.0142447013487475,0.001,0.0,0.0,0.0080366088631984
2014-06-19 23:00:00,0.3682463503649635,0.0232390510948905,0.0,0.0,0.043691605839416,0.0156897810218978,0.001,0.0,0.0,0.0080255474452554
2014-06-20 00:00:00,0.3139982363315696,0.0256208112874779,0.0,0.0,0.0068853615520282,0.0147954144620811,0.001,0.0,0.0,0.0080141093474426
2014-06-20 01:00:00,0.2528994515539305,0.0321901279707495,0.0,0.0,0.0068957952468007,0.0147349177330895,0.001,0.0,0.0,0.0080237659963436
2014-06-20 02:00:00,0.2493536804308797,0.03062118491921,0.0,0.0,0.0068150807899461,0.0142351885098743,0.001,0.0,0.0,0.0080287253141831
2014-06-20 03:00:00,0.267031690140845,0.02675,0.0,0.0,0.0068996478873239,0.01425,0.001,0.0,0.0,0.008019366197183
2014-06-20 04:00:00,0.2726696428571428,0.0246339285714285,0.0,0.0,0.0068535714285714,0.0159946428571428,0.001,0.0,0.0,0.0080196428571428
2014-06-20 05:00:00,0.2803734513274336,0.0279274336283185,0.0,0.0,0.0066955752212389,0.014904424778761,0.001,0.0,0.0,0.0080141592920353
2014-06-20 06:00:00,0.318661921708185,0.0259911032028469,0.0,0.0,0.0068024911032028,0.014153024911032,0.001,0.0,2.846975088967972e-05,0.0080213523131672
2014-06-20 07:00:00,0.5985375626043405,0.0230818030050083,0.0,0.0,0.0068063439065108,0.0140901502504173,0.001,0.0,0.0,0.0080150250417362
2014-06-20 08:00:00,0.4881867145421903,0.0275260323159784,0.0,0.0,0.0067360861759425,0.0140951526032315,0.001,0.1217289048473967,0.0,0.0080143626570915
2014-06-20 09:00:00,0.392072695035461,0.0282854609929078,0.0,0.0,0.0829414893617021,0.0154024822695035,0.001,0.0,0.0,0.0095762411347517
2014-06-20 10:00:00,1.4603861720067453,0.0292006745362563,0.0,0.8951753794266442,0.1874704890387858,0.0157217537942664,0.001,0.0,0.0,0.0080472175379426
2014-06-20 11:00:00,1.0840855704697987,0.0252533557046979,0.0,0.5089614093959731,0.1940838926174496,0.0148070469798657,0.001,0.0,0.0002852348993288,0.0080302013422818
2014-06-20 12:00:00,0.6146750841750842,0.0244360269360269,0.0,0.0,0.1584444444444444,0.0151683501683501,0.001,0.0,0.0,0.008037037037037
2014-06-20 13:00:00,0.7294149305555555,0.0249097222222222,0.0,0.0,0.1782413194444444,0.080421875,0.001,0.0739010416666666,0.0,0.0080260416666666
2014-06-20 14:00:00,0.884660441426146,0.0324074702886247,0.0,0.0,0.1675585738539898,0.0206926994906621,0.001,0.1045314091680815,0.0,0.0080305602716468
2014-06-20 15:00:00,0.7847908745247149,0.0282490494296577,0.0,0.0,0.1871673003802281,0.0145798479087452,0.001,0.0251178707224334,0.0,0.0668859315589353
2014-06-20 16:00:00,0.3387558922558922,0.0283872053872053,0.0,0.0,0.0257037037037037,0.0154242424242424,0.001,0.0,0.0,0.0143804713804713
2014-06-20 17:00:00,0.3071552587646076,0.0251535893155258,0.0,0.0,0.01079632721202,0.0141085141903171,0.001,0.0,0.0,0.0070050083472454
2014-06-20 18:00:00,0.2960116666666667,0.0284733333333333,0.0,0.0,0.0108433333333333,0.0141083333333333,0.001,0.0,0.0,0.0070033333333333
2014-06-20 19:00:00,0.3118363939899833,0.0247378964941569,0.0,0.0,0.0107629382303839,0.0146911519198664,0.001,0.0,0.0,0.0070116861435726
2014-06-20 20:00:00,0.48434375,0.031671875,0.0,0.0,0.06458203125,0.0332421875,0.001,0.0,0.045396484375,0.006994140625
2014-06-20 21:00:00,0.6896024734982331,0.0276855123674911,0.0,0.0,0.0106572438162544,0.1264946996466431,0.0757791519434629,0.0836625441696113,3.5335689045936394e-06,0.0069964664310954
2014-06-20 22:00:00,0.5617854671280277,0.025916955017301,0.0,0.0,0.0106176470588235,0.1250501730103806,0.001,0.04519723183391,0.0,0.0102456747404844
2014-06-20 23:00:00,0.3736793103448276,0.0256586206896551,0.0,0.0,0.0076724137931034,0.0336586206896551,0.001,0.0,0.0,0.0069827586206896
2014-06-21 00:00:00,0.2673986013986014,0.0250402097902097,0.0,0.0,0.0069020979020979,0.01481993006993,0.001,0.0,0.0,0.0069930069930069
2014-06-21 01:00:00,0.2621672473867595,0.0277195121951219,0.0,0.0,0.0068466898954703,0.015280487804878,0.001,0.0,0.0,0.00698606271777
2014-06-21 02:00:00,0.2475837438423645,0.0308423645320197,0.0,0.0,0.006911330049261,0.0140763546798029,0.001,0.0,0.0,0.0069926108374384
2014-06-21 03:00:00,0.2863698296836983,0.0260437956204379,2.4330900243309e-05,0.0,0.0069367396593673,0.0140754257907542,0.001,0.0,0.0,0.0070024330900243
2014-06-21 04:00:00,0.2633333333333333,0.0214888888888888,0.0,0.0,0.0068296296296296,0.0156049382716049,0.001,0.0,0.0,0.0069802469135802
2014-06-21 05:00:00,0.2875616797900262,0.0266404199475065,0.0,0.0,0.0068083989501312,0.0149842519685039,0.001,0.0,0.0,0.0069947506561679
2014-06-21 06:00:00,0.3215408653846153,0.027108173076923,0.0,0.0,0.0069134615384615,0.0142115384615384,0.001,0.0,0.0,0.0069903846153846
2014-06-21 07:00:00,0.3688325,0.0286825,0.0,0.0,0.0068949999999999,0.0141675,0.001,0.0460649999999999,0.0,0.006995
2014-06-21 08:00:00,0.5096163366336633,0.0257301980198019,0.0,0.0,0.0068242574257425,0.0141460396039603,0.001,0.1032846534653465,0.0,0.0069975247524752
2014-06-21 09:00:00,0.7554858611825194,0.0362622107969151,0.2715706940874036,0.0,0.0709434447300771,0.0142005141388174,0.001,0.0,0.0,0.0283701799485861
2014-06-21 10:00:00,0.6710287769784172,0.0378081534772182,0.0968225419664268,0.0,0.192630695443645,0.0141510791366906,0.001,0.0,0.0,0.0834700239808153
2014-06-21 11:00:00,0.4359290060851927,0.0297038539553752,0.0004300202839756,0.0,0.1210892494929006,0.015050709939148,0.001,0.0,0.0,0.0630040567951318
2014-06-21 12:00:00,0.2901337579617834,0.0295690021231422,0.0,0.0,0.0069596602972399,0.0184968152866242,0.001,0.0,0.0,0.0069893842887473
2014-06-21 13:00:00,0.2592345132743363,0.0316615044247787,0.0,0.0,0.0069491150442477,0.0185486725663716,0.001,0.0,0.0,0.0069823008849557
2014-06-21 14:00:00,0.7808685831622176,0.0279158110882956,0.3821889117043121,0.0,0.0068542094455852,0.0230410677618069,0.001,0.0590390143737166,0.0,0.0069917864476386
2014-06-21 15:00:00,0.5775897435897436,0.0380106837606837,0.1359230769230769,0.0,0.0068824786324786,0.0175042735042735,0.0277222222222222,0.0,0.0,0.0069935897435897
2014-06-21 16:00:00,0.2989863547758284,0.0282573099415204,0.0006374269005847,0.0,0.0067855750487329,0.0142553606237816,0.0129766081871345,0.0,0.0,0.0069785575048732
2014-06-21 17:00:00,0.8334526315789473,0.0229663157894736,0.0,0.0,0.0067663157894736,0.0142042105263157,0.001,0.0,0.0,0.0069894736842105
2014-06-21 18:00:00,0.9136051502145924,0.0270643776824034,0.0,0.0,0.1691802575107296,0.046,0.0145278969957081,0.0568283261802575,0.0,0.0069957081545064
2014-06-21 19:00:00,0.6710574468085106,0.0242063829787234,0.0,0.0,0.2026574468085106,0.1266170212765957,0.077595744680851,0.0,0.0,0.007
2014-06-21 20:00:00,0.7253161290322582,0.0474924731182795,0.0,0.0,0.2368430107526881,0.0192903225806451,0.001,0.0460301075268817,0.0,0.0444860215053763
2014-06-21 21:00:00,0.6123484848484849,0.021551948051948,0.0,0.0,0.1892034632034632,0.107,0.001,0.0,0.0,0.0246839826839826
2014-06-21 22:00:00,0.6605216494845361,0.0246329896907216,0.0,0.0,0.1906515463917525,0.1259711340206185,0.001,0.0378907216494845,0.0,0.009940206185567
2014-06-21 23:00:00,0.49625,0.0255645161290322,0.0,0.0,0.1599193548387096,0.05375,0.001,0.0,0.0,0.0074798387096774
2014-06-22 00:00:00,0.2623694690265487,0.0235929203539823,0.0,0.0,0.0075066371681415,0.0149137168141592,0.001,0.0,0.0,0.0069513274336283
2014-06-22 01:00:00,0.2693241525423728,0.0259194915254237,0.0,0.0,0.0068898305084745,0.0153008474576271,0.001,0.0,0.0,0.0069237288135593
2014-06-22 02:00:00,0.2401365546218487,0.023281512605042,0.0,0.0,0.0069054621848739,0.0141869747899159,0.001,0.0,0.0,0.0069663865546218
2014-06-22 03:00:00,0.2565866388308977,0.0270250521920668,0.0,0.0,0.0069164926931106,0.0141628392484342,0.001,0.0,0.0,0.006964509394572
2014-06-22 04:00:00,0.2387701149425287,0.0196896551724137,0.0,0.0,0.0069287356321839,0.0157425287356321,0.001,0.0,0.0,0.006967816091954
2014-06-22 05:00:00,0.2511643835616438,0.0284337899543379,0.0,0.0,0.0068698630136986,0.0184200913242009,0.001,0.0,0.0,0.0069520547945205
2014-06-22 06:00:00,0.2496600441501103,0.0236799116997792,0.0,0.0,0.0067593818984547,0.018494481236203,0.001,0.0,0.0,0.0069558498896247
2014-06-22 07:00:00,0.2522398286937901,0.0286680942184154,0.0,0.0,0.0068736616702355,0.0184304068522483,0.001,0.0168415417558886,0.0,0.0069550321199143
2014-06-22 08:00:00,0.376662192393736,0.0189485458612975,0.0,0.0,0.0068545861297539,0.0184787472035794,0.001,0.0760559284116331,0.0,0.0069328859060402
2014-06-22 09:00:00,0.5506511111111112,0.0361288888888888,0.0,0.0,0.0067599999999999,0.0185333333333333,0.001,0.1689044444444444,0.0,0.0069422222222222
2014-06-22 10:00:00,0.2661834061135371,0.02785807860262,0.0,0.0,0.006740174672489,0.0182707423580786,0.001,0.0,0.0,0.0069606986899563
2014-06-22 11:00:00,0.2556972281449893,0.026046908315565,0.0,0.0,0.0067782515991471,0.0147334754797441,0.001,0.0,0.0,0.0069594882729211
2014-06-22 12:00:00,0.2519617834394904,0.0311231422505307,6.794055201698513e-05,0.0,0.0068492569002123,0.0140764331210191,0.001,0.0,0.0,0.0069108280254777
2014-06-22 13:00:00,0.2589978586723769,0.022051391862955,0.0,0.0,0.0067773019271948,0.0141327623126338,0.001,0.0,0.0,0.0069550321199143
2014-06-22 14:00:00,0.2705822510822511,0.0316341991341991,0.0,0.0,0.0067229437229437,0.014077922077922,0.001,0.0,0.0,0.0069307359307359
2014-06-22 15:00:00,0.2768223684210527,0.0264188596491228,0.0,0.0,0.0067236842105263,0.0141206140350877,0.001,0.0,0.0,0.0069495614035087
2014-06-22 16:00:00,0.2600723404255319,0.0320063829787234,0.0,0.0,0.0067595744680851,0.0141148936170212,0.001,0.0,0.0,0.0069489361702127
2014-06-22 17:00:00,0.2488768898488121,0.0244060475161987,0.0,0.0,0.0067969762419006,0.0141900647948164,0.001,0.0,0.0,0.006963282937365
2014-06-22 18:00:00,0.2910082987551867,0.0242551867219917,0.0,0.0,0.0068298755186721,0.0140746887966804,0.001,0.027259336099585,0.0,0.0069336099585062
2014-06-22 19:00:00,0.5495115303983229,0.0266645702306079,0.0,0.0,0.0404318658280922,0.0619266247379454,0.0416519916142557,0.0823186582809224,0.0518134171907756,0.0069475890985324
2014-06-22 20:00:00,0.421311203319502,0.0357614107883817,0.0,0.0,0.0067863070539419,0.1269730290456431,0.0369564315352697,0.0,0.0,0.0069481327800829
2014-06-22 21:00:00,0.4565031847133758,0.0246857749469214,0.0,0.0,0.0359214437367303,0.1266687898089172,0.001,0.0499129511677282,0.0,0.0069596602972399
2014-06-22 22:00:00,0.6485414012738853,0.034176220806794,0.0,0.0,0.1938980891719745,0.1145605095541401,0.001,0.0,0.0,0.0069872611464968
2014-06-22 23:00:00,0.4781262729124236,0.0258105906313645,0.0,0.0,0.1484175152749491,0.0152097759674134,0.001,0.0,0.0,0.0069816700610997
2014-06-23 00:00:00,0.2697183406113537,0.0270436681222707,0.0,0.0,0.0068624454148471,0.0169585152838427,0.001,0.0,0.0,0.006943231441048
2014-06-23 01:00:00,0.2476076759061833,0.0274861407249466,0.0,0.0,0.0068976545842217,0.0184861407249466,0.001,0.0,0.0,0.006955223880597
2014-06-23 02:00:00,0.246623046875,0.025658203125,0.0,0.0,0.00692578125,0.018689453125,0.001,0.0,0.0,0.006951171875
2014-06-23 03:00:00,0.2495868644067796,0.0275656779661016,0.0,0.0,0.0069512711864406,0.0179279661016949,0.001,0.0,0.0,0.0069639830508474
2014-06-23 04:00:00,0.2495758241758242,0.0224461538461538,0.0,0.0,0.006887912087912,0.0162175824175824,0.001,0.0,0.0,0.0069494505494505
2014-06-23 05:00:00,0.2780533333333333,0.0290755555555555,0.0,0.0,0.0068666666666666,0.0189466666666666,0.001,0.0,0.0,0.0069244444444444
2014-06-23 06:00:00,0.2491245059288537,0.0207193675889328,0.0,0.0,0.0068379446640316,0.0186067193675889,0.001,0.0,0.0,0.0069466403162055
2014-06-23 07:00:00,0.3305527426160337,0.0356962025316455,0.0,0.0,0.0068206751054852,0.0180569620253164,0.001,0.0718143459915611,0.0,0.0069578059071729
2014-06-23 08:00:00,0.3007349397590361,0.0190642570281124,0.0,0.0,0.0068293172690763,0.0148253012048192,0.001,0.0430361445783132,0.0,0.0069718875502008
2014-06-23 09:00:00,0.3474198473282442,0.0409809160305343,0.0,0.0,0.0068912213740458,0.0151335877862595,0.001,0.0862614503816794,0.0,0.0069599236641221
2014-06-23 10:00:00,1.277973134328358,0.0368716417910447,0.0,0.0,0.1584835820895522,0.0156447761194029,0.001,0.0,0.0096358208955223,0.0084119402985074
2014-06-23 11:00:00,1.5687453310696096,0.0396146010186757,0.0,0.0,0.1599949066213922,0.0148981324278438,0.011685908319185,0.1413056027164686,0.0051494057724957,0.010213921901528
2014-06-23 12:00:00,1.0115845323741006,0.030978417266187,0.0,0.0,0.1507895683453237,0.0424226618705035,0.001,0.0964190647482014,0.0,0.007
2014-06-23 13:00:00,0.8409083191850595,0.0363242784380305,0.0,0.0,0.1629524617996604,0.0975314091680814,0.001,0.0272088285229202,0.0,0.007
2014-06-23 14:00:00,0.6750234505862647,0.031966499162479,4.020100502512563e-05,0.0,0.1848994974874371,0.0150134003350083,0.001,0.0,0.0,0.007
2014-06-23 15:00:00,0.7819460370994941,0.0451618887015177,0.0,0.0,0.1532276559865092,0.0156273187183811,0.001,0.0900067453625632,0.0,0.0070033726812816
2014-06-23 16:00:00,0.3754285714285714,0.0564450549450549,0.0,0.0,0.02257326007326,0.0154963369963369,0.001,0.0,0.0,0.0104139194139194
2014-06-23 17:00:00,0.3132935779816513,0.0548018348623853,0.0,0.0,0.0107522935779816,0.0141743119266055,0.001,0.0,0.0,0.007
2014-06-23 18:00:00,0.4503730017761989,0.0426287744227353,0.0,0.0,0.0104422735346358,0.0141936056838365,0.001,0.0,0.0,0.0070017761989342
2014-06-23 19:00:00,0.3213666092943201,0.0333476764199655,0.0,0.0,0.0887452667814113,0.0147194492254733,0.001,0.0,0.0,0.0069948364888123
2014-06-23 20:00:00,1.4382421052631578,0.0397052631578947,0.0,0.0,0.0107087719298245,0.0799298245614035,0.001,0.0521526315789473,0.0,0.0098315789473684
2014-06-23 21:00:00,0.7607514018691588,0.0375495327102803,0.0,0.0,0.1846485981308411,0.126033644859813,0.0617214953271028,0.0957831775700934,0.0,0.0104355140186915
2014-06-23 22:00:00,0.4363134057971014,0.033070652173913,0.0,0.0,0.0121865942028985,0.1260362318840579,0.001,0.0,0.0,0.0075978260869565
2014-06-23 23:00:00,0.3177218181818182,0.032670909090909,0.0,0.0,0.0081163636363636,0.042950909090909,0.001,0.0,0.0,0.0069672727272727
2014-06-24 00:00:00,0.2579475655430712,0.0297265917602996,0.0,0.0,0.0069063670411985,0.014814606741573,0.001,0.0,0.0,0.0069700374531835
2014-06-24 01:00:00,0.253955223880597,0.0301138059701492,0.0,0.0,0.006910447761194,0.0154682835820895,0.001,0.0,0.0,0.0069720149253731
2014-06-24 02:00:00,0.2399369369369369,0.0295009009009009,0.0,0.0,0.0068972972972972,0.0141927927927927,0.001,0.0,0.0,0.0069621621621621
2014-06-24 03:00:00,0.2518085867620751,0.0343363148479427,0.0,0.0,0.006948121645796,0.0141610017889087,0.001,0.0,0.0,0.0069445438282647
2014-06-24 04:00:00,0.2473122605363984,0.0319272030651341,0.0,0.0,0.0068946360153256,0.0163697318007662,0.001,0.0,0.0,0.0069444444444444
2014-06-24 05:00:00,0.2623675675675676,0.0279477477477477,0.0,0.0,0.0067855855855855,0.0165369369369369,0.001,0.0,0.0,0.0069675675675675
2014-06-24 06:00:00,0.2587961672473867,0.0336898954703832,0.0,0.0,0.0067926829268292,0.0141027874564459,0.001,0.0,0.0,0.0069459930313588
2014-06-24 07:00:00,0.3101964912280701,0.0281859649122807,0.0,0.0,0.0068456140350877,0.014098245614035,0.001,0.0559649122807017,0.0,0.0069456140350877
2014-06-24 08:00:00,0.4130853242320819,0.0272457337883959,0.0,0.0,0.007334470989761,0.0148737201365187,0.001,0.0451843003412969,0.0,0.0531689419795221
2014-06-24 09:00:00,0.3059371727748691,0.0375846422338568,0.0,0.0,0.0108987783595113,0.0151029668411867,0.001,0.0,0.0,0.0309511343804537
2014-06-24 10:00:00,0.2603899480069324,0.0264332755632582,0.0,0.0,0.0109324090121317,0.0155199306759098,0.0009965337954939,0.0,0.0,0.008001733102253
2014-06-24 11:00:00,0.2539438775510204,0.0339523809523809,0.0,0.0,0.0109455782312925,0.0140510204081632,0.001,0.0,0.0,0.0080017006802721
2014-06-24 12:00:00,0.2628477157360406,0.0294703891708967,0.0,0.0,0.010912013536379,0.0148934010152284,0.001,0.0,0.0,0.008
2014-06-24 13:00:00,0.2549112227805695,0.0251842546063651,0.0,0.0,0.0108777219430485,0.01543216080402,0.001,0.0,0.0,0.0080150753768844
2014-06-24 14:00:00,0.258964824120603,0.0320569514237855,0.0,0.0,0.0108391959798994,0.0140686767169179,0.001,0.0,0.0,0.008003350083752
2014-06-24 15:00:00,0.2597310924369748,0.0236655462184873,0.0,0.0,0.0107462184873949,0.0141008403361344,0.001,0.0,0.0,0.0080050420168067
2014-06-24 16:00:00,0.4661057046979866,0.0293892617449664,0.0,0.0,0.0108154362416107,0.1110268456375838,0.001,0.0926744966442953,0.0,0.0257885906040268
2014-06-24 17:00:00,0.474785,0.0299266666666666,0.0,0.0,0.0105783333333333,0.1264516666666666,0.001,0.0,0.0,0.0547916666666666
2014-06-24 18:00:00,0.3897,0.021975,0.0,0.0,0.010675,0.12627,0.001,0.0,0.0,0.0080133333333333
2014-06-24 19:00:00,1.3094873949579833,0.0298184873949579,0.0,0.0,0.0107462184873949,0.1263109243697479,0.0145176470588235,0.0,0.0,0.0080100840336134
2014-06-24 20:00:00,0.4171294117647058,0.0261210084033613,0.0033882352941176,0.0,0.0107042016806722,0.1255294117647059,0.001,0.0,0.0,0.0080016806722689
2014-06-24 21:00:00,0.5859141414141414,0.0279377104377104,0.0,0.0,0.0107693602693602,0.1267558922558922,0.0532255892255892,0.077574074074074,0.0,0.008003367003367
2014-06-24 22:00:00,0.4266655518394649,0.0278929765886287,0.0,0.0,0.0089983277591973,0.0707107023411371,0.001,0.0,0.0,0.0079983277591973
2014-06-24 23:00:00,0.26894,0.0250966666666666,0.0,0.0,0.0067666666666666,0.0150166666666666,0.001,0.0,0.0,0.007995
2014-06-25 00:00:00,0.2456739495798319,0.0301495798319327,0.0,0.0,0.006872268907563,0.0155831932773109,0.001,0.0,0.0,0.0079966386554621
2014-06-25 01:00:00,0.2501765704584041,0.02083701188455,3.2258064516129034e-05,0.0,0.0069032258064516,0.0147130730050933,0.001,0.0,0.0,0.0079847198641765
2014-06-25 02:00:00,0.2428671209540034,0.027831345826235,0.0,0.0,0.0069182282793867,0.0141788756388415,0.001,0.0,0.0,0.0080068143100511
2014-06-25 03:00:00,0.2483082706766917,0.0293834586466165,0.0,0.0,0.0069360902255639,0.0141766917293233,0.001,0.0,0.0,0.0080075187969924
2014-06-25 04:00:00,0.2380350584307178,0.0263505843071786,0.0,0.0,0.0069081803005008,0.0158864774624373,0.001,0.0,0.0,0.0080016694490818
2014-06-25 05:00:00,0.2737858347386172,0.0248971332209106,0.0,0.0,0.0068128161888701,0.0149139966273187,0.001,0.0,0.0,0.0080067453625632
2014-06-25 06:00:00,0.296253781512605,0.022326050420168,0.0,0.0,0.0068134453781512,0.0141394957983193,0.001,0.0,0.0,0.0079932773109243
2014-06-25 07:00:00,0.2984016666666666,0.0296883333333333,0.0,0.0,0.0068683333333333,0.01414,0.001,0.0088433333333333,0.0,0.0080033333333333
2014-06-25 08:00:00,0.4517252559726962,0.0225819112627986,0.0,0.0,0.0068208191126279,0.0151092150170648,0.001,0.1185119453924914,0.0,0.0125494880546075
2014-06-25 09:00:00,0.3152283609576427,0.0298158379373849,0.0,0.0,0.0069613259668508,0.0149465930018416,0.001,0.044366482504604,0.0,0.0094290976058931
2014-06-25 10:00:00,1.3068134991119005,0.0293428063943161,0.8163143872113677,0.0,0.1039076376554174,0.0148934280639431,0.001,0.0,0.0,0.0083570159857904
2014-06-25 11:00:00,0.8075026737967914,0.0242245989304812,0.0866559714795009,0.0,0.2093725490196078,0.01525311942959,0.0916898395721925,0.0,0.0,0.0080089126559714
2014-06-25 12:00:00,0.8339109589041096,0.029208904109589,0.093222602739726,0.0,0.2947397260273972,0.0143030821917808,0.0134417808219178,0.1258184931506849,0.0,0.0079760273972602
2014-06-25 13:00:00,0.4760550774526678,0.0217573149741824,0.0,0.0,0.1620774526678141,0.0854509466437177,0.001,0.0,0.0,0.0080137693631669
2014-06-25 14:00:00,0.4396581196581196,0.0295076923076923,0.0,0.0,0.143634188034188,0.015234188034188,0.001,0.0,0.0,0.0080017094017094
2014-06-25 15:00:00,0.6753833049403748,0.0332776831345826,0.0,0.0,0.0538909710391822,0.0160340715502555,0.0636967632027257,0.1349148211243611,0.0,0.0080119250425894
2014-06-25 16:00:00,0.5283451776649746,0.0267529610829103,0.0,0.0,0.1062639593908629,0.0147935702199661,0.001,0.0,0.0,0.0114297800338409
2014-06-25 17:00:00,0.66369,0.0302616666666666,0.0,0.0,0.0104766666666666,0.01413,0.1240183333333333,0.07401,0.0,0.06606
2014-06-25 18:00:00,0.6455443686006825,0.0288361774744027,0.0,0.0,0.0106518771331058,0.0869180887372013,0.1371655290102389,0.1244078498293515,0.0,0.0080255972696245
2014-06-25 19:00:00,0.5114866666666666,0.02076,0.0,0.0,0.0639583333333333,0.126505,0.001,0.0736183333333333,0.0,0.0080433333333333
2014-06-25 20:00:00,0.5887889273356401,0.0287595155709342,0.0,0.0,0.1921435986159169,0.1270069204152249,0.001,0.0,0.0,0.0080397923875432
2014-06-25 21:00:00,0.7263852596314908,0.0322211055276382,0.0,0.0,0.1953634840871021,0.1269983249581239,0.0009983249581239,0.0490083752093802,0.0,0.0738877721943048
2014-06-25 22:00:00,0.6445594639865997,0.0210603015075376,0.0,0.0,0.1910083752093802,0.1268710217755443,0.001,0.0,0.0,0.0375561139028475
2014-06-25 23:00:00,0.5093468309859155,0.0298239436619718,0.0,0.0,0.164588028169014,0.0719084507042253,0.001,0.0,0.0,0.0097799295774647
2014-06-26 00:00:00,0.33803,0.0226333333333333,0.0,0.0,0.0842283333333333,0.0147216666666666,0.001,0.0,0.0,0.0069683333333333
2014-06-26 01:00:00,0.2532433333333333,0.0267283333333333,0.0,0.0,0.0068966666666666,0.0159283333333333,0.001,0.0,0.0,0.00696
2014-06-26 02:00:00,0.2433187919463087,0.0242919463087248,0.0,0.0,0.0069026845637583,0.0158859060402684,0.001,0.0,0.0,0.0069563758389261
2014-06-26 03:00:00,0.2495468227424749,0.021438127090301,0.0,0.0,0.006948160535117,0.0140802675585284,0.001,0.0,0.0,0.0069598662207357
2014-06-26 04:00:00,0.2578933333333333,0.0287766666666666,0.0,0.0,0.0068983333333333,0.0158266666666666,0.001,0.0,0.0,0.00696
2014-06-26 05:00:00,0.2635933806146572,0.0168983451536643,0.0,0.0,0.0067163120567375,0.0188747044917257,0.001,0.0,0.0,0.0069479905437352
2014-06-26 06:00:00,0.2720211764705882,0.0290729411764705,0.0,0.0,0.0068941176470588,0.0186870588235294,0.001,0.0,0.0,0.0069623529411764
2014-06-26 07:00:00,0.5376683291770573,0.0191995012468827,0.0,0.0,0.0068728179551122,0.0176309226932668,0.001,0.0917830423940149,0.0,0.0069476309226932
2014-06-26 08:00:00,0.3365843621399177,0.0279794238683127,0.0,0.0,0.0068971193415637,0.0144691358024691,0.001,0.049753086419753,0.0,0.0069609053497942
2014-06-26 09:00:00,0.4405767543859649,0.018109649122807,0.0,0.0,0.0068903508771929,0.0151710526315789,0.0463355263157894,0.0,0.0,0.0069736842105263
2014-06-26 10:00:00,1.107832627118644,0.0264322033898305,0.0,0.6427266949152542,0.0069279661016949,0.0143813559322033,0.001,0.0,0.0,0.0069533898305084
2014-06-26 11:00:00,1.456564935064935,0.0216363636363636,0.0,0.8207792207792207,0.0739134199134199,0.0156515151515151,0.0451082251082251,0.0,0.0,0.0582597402597402
2014-06-26 12:00:00,0.8229307692307692,0.0221596153846153,0.0,0.0006153846153846,0.1744192307692307,0.0795403846153846,0.001,0.0813538461538461,0.0,0.0735153846153846
2014-06-26 13:00:00,0.721102253032929,0.0294800693240901,0.0037712305025996,0.0,0.1720415944540728,0.1266551126516464,0.001,0.0047538994800693,0.0,0.070162911611785
2014-06-26 14:00:00,0.8746486486486487,0.0217531531531531,0.0,0.0,0.1742684684684684,0.1264972972972973,0.001,0.094454054054054,0.0,0.085
2014-06-26 15:00:00,0.7945843694493783,0.0289609236234458,0.0,0.0,0.1492078152753108,0.1264991119005328,0.001,0.0,0.0,0.0842238010657193
2014-06-26 16:00:00,0.5745235507246377,0.0222717391304347,0.0,0.0,0.1156974637681159,0.0843405797101449,0.001,0.0,0.0,0.0653786231884058
2014-06-26 17:00:00,0.2413996350364963,0.0285218978102189,0.0,0.0,0.0108576642335766,0.014213503649635,0.001,0.0,0.0,0.0069908759124087
2014-06-26 18:00:00,0.2395509259259259,0.0255162037037037,0.0,0.0,0.0108634259259259,0.015412037037037,0.001,0.0,0.0,0.0069976851851851
2014-06-26 19:00:00,0.9162117117117116,0.036813063063063,0.0,0.0,0.0487409909909909,0.0163175675675675,0.143813063063063,0.0589707207207207,0.2684797297297297,0.0070157657657657
2014-06-26 20:00:00,0.3554173913043478,0.0204260869565217,0.0,0.0,0.0107521739130434,0.1236282608695652,0.001,0.0,6.521739130434782e-06,0.007
2014-06-26 21:00:00,0.537092807424594,0.027106728538283,0.0,0.0,0.0107703016241299,0.1269280742459396,0.0221693735498839,0.1199443155452436,0.0,0.0070069605568445
2014-06-26 22:00:00,0.3925816554809843,0.0237360178970917,0.0,0.0,0.0106935123042505,0.1267270693512304,0.001,0.0,0.0,0.0070089485458612
2014-06-26 23:00:00,0.3363807439824945,0.0191050328227571,0.0,0.0,0.0085295404814004,0.0573741794310722,0.001,0.0,0.0,0.006980306345733
2014-06-27 00:00:00,0.2542857142857143,0.0281709956709956,0.0,0.0,0.0068961038961038,0.0149112554112554,0.001,0.0,0.0,0.0069891774891774
2014-06-27 01:00:00,0.2460487288135593,0.0200974576271186,0.0,0.0,0.0068665254237288,0.0163305084745762,0.001,0.0,0.0,0.0069978813559322
2014-06-27 02:00:00,0.2390297239915074,0.0274479830148619,0.0,0.0,0.0069065817409766,0.0148131634819532,0.001,0.0,0.0,0.0069957537154989
2014-06-27 03:00:00,0.2890673952641165,0.0187085610200364,0.0,0.0,0.0069125683060109,0.0142185792349726,0.001,0.0,0.0,0.0069945355191256
2014-06-27 04:00:00,0.2529168316831683,0.0269465346534653,0.0,0.0,0.0069425742574257,0.0161148514851485,0.001,0.0,0.0,0.0069861386138613
2014-06-27 05:00:00,0.2670427135678392,0.0208316582914572,0.0,0.0,0.0068316582914572,0.0149120603015075,0.001,0.0,0.0,0.0069874371859296
2014-06-27 06:00:00,0.2419094922737306,0.0206777041942604,0.0,0.0,0.0066490066225165,0.0140949227373068,0.001,0.0,0.0,0.0069933774834437
2014-06-27 07:00:00,0.2424228971962617,0.0240490654205607,0.0,0.0,0.006768691588785,0.0140934579439252,0.001,0.0,0.0,0.0069953271028037
2014-06-27 08:00:00,0.4209308855291576,0.0197840172786177,0.0,0.0,0.0068120950323974,0.0141015118790496,0.001,0.1306349892008639,0.0,0.0069913606911447
2014-06-27 09:00:00,0.4446557059961315,0.0284081237911025,0.0,0.0,0.1060754352030947,0.0140735009671179,0.001,0.0,0.0,0.028669245647969
2014-06-27 10:00:00,0.5054830508474576,0.0204135593220338,0.0,0.0,0.189864406779661,0.0160491525423728,0.001,0.0,0.0,0.0500949152542372
2014-06-27 11:00:00,0.4307003610108303,0.0260144404332129,0.0,0.0,0.1871317689530686,0.0152436823104693,0.001,0.0,0.0,0.0069981949458483
2014-06-27 12:00:00,0.5180796812749004,0.0229282868525896,0.0,0.0,0.1812908366533864,0.0446952191235059,0.001,0.0584462151394422,0.0,0.007011952191235
2014-06-27 13:00:00,0.5184969199178645,0.0235852156057494,0.0,0.0,0.1521683778234086,0.0313798767967145,0.001,0.0,0.0,0.0069938398357289
2014-06-27 14:00:00,0.3683980952380952,0.025535238095238,0.0,0.0,0.1431714285714286,0.0151619047619047,0.001,0.0,0.0,0.007
2014-06-27 15:00:00,0.610673469387755,0.0179183673469387,0.0,0.0,0.1406496598639455,0.1151139455782312,0.001,0.1226445578231292,0.0,0.0070034013605442
2014-06-27 16:00:00,0.5738629343629343,0.0287123552123552,0.0,0.0,0.1409343629343629,0.1270752895752895,0.001,0.0357239382239382,0.0,0.007
2014-06-27 17:00:00,1.6562908653846156,0.0249375,0.0,0.0,0.1402139423076923,0.1270120192307692,0.0799086538461538,0.0,0.0,0.0069951923076923
2014-06-27 18:00:00,0.5954063260340632,0.0190754257907542,0.0,0.0,0.1403284671532846,0.1270875912408759,0.001,0.038596107055961,0.0,0.0072214111922141
2014-06-27 19:00:00,0.4437531172069826,0.0256907730673316,0.0,0.0,0.1635810473815461,0.0585087281795511,0.001,0.0,0.0,0.0103192019950124
2014-06-27 20:00:00,0.4203528138528138,0.0245757575757575,0.0,0.0,0.1822380952380952,0.0148398268398268,0.001,0.0,0.0,0.0069913419913419
2014-06-27 21:00:00,0.7036004056795132,0.0251866125760649,0.0,0.0,0.1704016227180527,0.0756774847870182,0.001,0.1134482758620689,0.0,0.0076348884381338
2014-06-27 22:00:00,0.567283618581907,0.0245036674816625,0.0,0.0,0.1451760391198044,0.1252713936430317,0.001,0.0,0.0,0.0069706601466992
2014-06-27 23:00:00,0.5086949602122016,0.0338063660477453,0.0,0.0,0.0882546419098143,0.0701697612732095,0.001,0.0,0.0,0.006973474801061
2014-06-28 00:00:00,0.2551935483870968,0.0251042183622828,0.0,0.0,0.006925558312655,0.0146997518610421,0.001,0.0,0.0,0.0069578163771712
2014-06-28 01:00:00,0.2412281553398058,0.0213349514563106,0.0,0.0,0.0069174757281553,0.0152718446601941,0.001,0.0,0.0,0.0069684466019417
2014-06-28 02:00:00,0.2474975961538461,0.0250384615384615,0.0,0.0,0.0069447115384615,0.0146658653846153,0.001,0.0,0.0,0.0069735576923076
2014-06-28 03:00:00,0.2432604422604422,0.0227371007371007,0.0,0.0,0.0069459459459459,0.0141203931203931,0.001,0.0,0.0,0.0069778869778869
2014-06-28 04:00:00,0.2382505592841163,0.0218165548098434,0.0,0.0,0.0069530201342281,0.0146442953020134,0.001,0.0,0.0,0.0069664429530201
2014-06-28 05:00:00,0.2617206572769953,0.0275727699530516,0.0,0.0,0.0068990610328638,0.0141666666666666,0.001,0.0,0.0,0.0069366197183098
2014-06-28 06:00:00,0.2371035353535353,0.0203611111111111,0.0,0.0,0.0067853535353535,0.0141287878787878,0.001,0.0,0.0,0.0069671717171717
2014-06-28 07:00:00,0.2435223880597014,0.0249203980099502,0.0,0.0,0.0068109452736318,0.0141194029850746,0.001,0.0,0.0,0.0069527363184079
2014-06-28 08:00:00,0.2461584821428571,0.0225580357142857,0.0,0.0,0.0067388392857142,0.0141696428571428,0.001,0.0,0.0,0.0069553571428571
2014-06-28 09:00:00,0.3306506024096385,0.018833734939759,0.0,0.0,0.0068072289156626,0.0149108433734939,0.001,0.0884578313253012,0.0,0.0069614457831325
2014-06-28 10:00:00,0.4984436274509803,0.0273480392156862,0.0,0.0,0.0072916666666666,0.0171200980392156,0.001,0.1244632352941176,0.0,0.0198651960784313
2014-06-28 11:00:00,0.5778450363196126,0.0181646489104116,0.0,0.0,0.0109370460048426,0.0183341404358353,0.001,0.0,0.0,0.0874866828087167
2014-06-28 12:00:00,0.4822512690355329,0.0236446700507614,0.0,0.0,0.0109390862944162,0.1205456852791878,0.001,0.0,0.0,0.031977157360406
2014-06-28 13:00:00,0.5120142517814726,0.0287268408551068,0.0,0.0,0.1147054631828978,0.1272779097387173,0.0121828978622327,0.0,0.0,0.0111330166270783
2014-06-28 14:00:00,0.7789953051643193,0.0243591549295774,0.0,0.0,0.1866807511737089,0.1269929577464788,0.001,0.0740868544600939,0.0,0.0168286384976525
2014-06-28 15:00:00,0.903148148148148,0.0353777777777777,0.0,0.0,0.1724197530864197,0.1268123456790123,0.001,0.1077604938271604,0.0,0.0877925925925926
2014-06-28 16:00:00,0.6576970443349753,0.0292783251231527,0.0,0.0,0.1332142857142857,0.1268226600985221,0.001,0.0,0.0032684729064039,0.0315886699507389
2014-06-28 17:00:00,0.2508810126582279,0.0247493670886075,0.0,0.0,0.0072759493670886,0.0182886075949367,0.001,0.0,0.0,0.0080025316455696
2014-06-28 18:00:00,0.2385870535714286,0.0288526785714285,0.0,0.0,0.0067276785714285,0.0142433035714285,0.001,0.0,0.0,0.0080022321428571
2014-06-28 19:00:00,0.2425359628770301,0.0254037122969837,2.320185614849188e-05,0.0,0.0067308584686774,0.0149164733178654,0.001,0.0,0.0,0.0079953596287703
2014-06-28 20:00:00,0.2545117370892019,0.0228427230046948,0.0,0.0,0.0065915492957746,0.0145328638497652,0.001,0.0,0.0,0.0079906103286384
2014-06-28 21:00:00,0.3612296650717703,0.0259210526315789,0.0,0.0,0.0068564593301435,0.0808492822966507,0.001,0.0,0.0,0.0080047846889952
2014-06-28 22:00:00,0.5308308823529412,0.019767156862745,0.0,0.0,0.0068774509803921,0.1053161764705882,0.001,0.0655833333333333,0.0,0.0080147058823529
2014-06-28 23:00:00,0.2663300492610837,0.0240763546798029,0.0,0.0,0.0068842364532019,0.0142783251231527,0.001,0.0,0.0,0.0080049261083743
2014-06-29 00:00:00,0.2568102189781022,0.0256690997566909,0.0,0.0,0.0068905109489051,0.0154184914841849,0.001,0.0,0.0,0.0079975669099756
2014-06-29 01:00:00,0.2454976303317535,0.0184265402843601,0.0,0.0,0.0068957345971563,0.0148720379146919,0.001,0.0,0.0,0.0079976303317535
2014-06-29 02:00:00,0.2420175,0.0257424999999999,0.0,0.0,0.006905,0.014255,0.001,0.0,0.0,0.0080275
2014-06-29 03:00:00,0.2341923990498812,0.0187577197149643,0.0,0.0,0.0069216152019002,0.0142327790973871,0.001,0.0,0.0,0.0080023752969121
2014-06-29 04:00:00,0.2445239294710327,0.0261057934508816,0.0,0.0,0.0069118387909319,0.0157682619647355,0.001,0.0,0.0,0.007992443324937
2014-06-29 05:00:00,0.2495825,0.0218575,0.0,0.0,0.0068625,0.0188925,0.001,0.0,0.0,0.007995
2014-06-29 06:00:00,0.2406820276497696,0.0168041474654377,0.0,0.0,0.0068525345622119,0.0188594470046082,0.001,0.0,0.0,0.0080023041474654
2014-06-29 07:00:00,0.349625,0.0271862244897959,0.0,0.0,0.0067653061224489,0.0185586734693877,0.001,0.0965025510204081,0.0,0.008
2014-06-29 08:00:00,0.2710669745958429,0.0204041570438799,0.0,0.0,0.0067667436489607,0.0185450346420323,0.001,0.0,0.0,0.0079976905311778
2014-06-29 09:00:00,0.2381376623376623,0.0225688311688311,0.0,0.0,0.0067428571428571,0.0148857142857142,0.0009948051948051,0.0,0.0,0.0080025974025974
2014-06-29 10:00:00,0.2373956310679612,0.0232014563106796,0.0,0.0,0.0067766990291262,0.0142985436893203,0.001,0.0,0.0,0.0079902912621359
2014-06-29 11:00:00,0.2553422330097087,0.0191456310679611,0.0,0.0,0.0066674757281553,0.0143106796116504,0.001,0.0,0.0,0.0079951456310679
2014-06-29 12:00:00,0.3014347826086956,0.027007672634271,0.0,0.0,0.006849104859335,0.0142557544757033,0.0009974424552429,0.0598644501278772,0.0,0.0079897698209718
2014-06-29 13:00:00,0.3271157407407407,0.0215833333333333,0.0003333333333333,0.0,0.006824074074074,0.0946134259259259,0.0083657407407407,0.0,0.0,0.0091967592592592
2014-06-29 14:00:00,0.322989898989899,0.0214722222222222,0.0,0.0,0.0068181818181818,0.0142626262626262,0.001,0.0,0.0,0.012270202020202
2014-06-29 15:00:00,0.316046403712297,0.0242134570765661,0.0,0.0,0.0067795823665893,0.0148979118329466,0.001,0.0601345707656612,0.0,0.0090788863109048
2014-06-29 16:00:00,0.2484631828978622,0.0188931116389548,0.0,0.0,0.006750593824228,0.0143016627078384,0.001,0.0,0.0,0.0079952494061757
2014-06-29 17:00:00,0.2604668304668304,0.0279533169533169,0.0,0.0,0.0068452088452088,0.0142432432432432,0.001,0.0,0.0,0.0079975429975429
2014-06-29 18:00:00,0.3786426966292135,0.0191707865168539,0.0,0.0,0.1192337078651685,0.0142719101123595,0.001,0.0,0.0,0.0080134831460674
2014-06-29 19:00:00,0.7178131067961164,0.0268519417475728,0.0,0.0,0.1646844660194174,0.0694368932038834,0.0651140776699029,0.1058883495145631,0.0484150485436893,0.008004854368932
2014-06-29 20:00:00,0.5505739130434782,0.025745652173913,0.0,0.0,0.1679565217391304,0.0604326086956521,0.0149369565217391,0.0679304347826087,0.0,0.0080130434782608
2014-06-29 21:00:00,0.4938086560364464,0.0251571753986332,0.0,0.0,0.1826902050113895,0.0495968109339407,0.001,0.0,0.0,0.008006833712984
2014-06-29 22:00:00,0.6507047413793103,0.0253448275862068,0.0,0.0,0.1760797413793103,0.0809741379310344,0.001,0.114676724137931,0.0,0.0080021551724137
2014-06-29 23:00:00,0.3733406862745098,0.0179289215686274,0.0,0.0,0.0820735294117647,0.0177549019607843,0.001,0.0,0.0,0.0080049019607843
2014-06-30 00:00:00,0.2448561151079136,0.0226906474820143,0.0,0.0,0.0069520383693045,0.0158824940047961,0.001,0.0,0.0,0.0080023980815347
2014-06-30 01:00:00,0.2411411764705882,0.0251788235294117,0.0,0.0,0.0069764705882352,0.0147505882352941,0.001,0.0,0.0,0.0080070588235294
2014-06-30 02:00:00,0.2415801526717557,0.0181170483460559,0.0,0.0,0.006944020356234,0.015295165394402,0.001,0.0,0.0,0.0080050890585241
2014-06-30 03:00:00,0.2480173267326732,0.0301163366336633,0.0,0.0,0.0069678217821782,0.0164331683168316,0.001,0.0,0.0,0.0079950495049504
2014-06-30 04:00:00,0.2958051282051282,0.0167410256410256,0.0,0.0,0.0069205128205128,0.0157615384615384,0.001,0.0,0.0,0.0080102564102564
2014-06-30 05:00:00,0.2492372093023255,0.0241976744186046,0.0,0.0,0.0068325581395348,0.0190255813953488,0.001,0.0,0.0,0.0079930232558139
2014-06-30 06:00:00,0.2470866666666666,0.0167822222222222,0.0,0.0,0.0066888888888888,0.0183488888888888,0.001,0.0,0.0,0.0079955555555555
2014-06-30 07:00:00,0.3625043859649123,0.0259956140350877,0.0,0.0,0.0069057017543859,0.0150570175438596,0.001,0.1229276315789473,0.0,0.008
2014-06-30 08:00:00,0.350482062780269,0.0226950672645739,0.0,0.0,0.0069013452914798,0.0147242152466367,0.0015201793721973,0.0413026905829596,0.0422130044843049,0.008
2014-06-30 09:00:00,0.2820698198198198,0.0194121621621621,0.0,0.0,0.0069166666666666,0.0149527027027027,0.001,0.0,0.0,0.0079932432432432
2014-06-30 10:00:00,0.3481701492537313,0.0270626865671641,0.0,0.0,0.0069283582089552,0.0154417910447761,0.001,0.0564179104477611,0.0,0.0080119402985074
2014-06-30 11:00:00,0.3333659420289855,0.0198713768115942,0.0,0.0,0.0069130434782608,0.0152463768115942,0.001,0.0,0.0,0.0080072463768115
2014-06-30 12:00:00,0.3956725352112676,0.0265404929577464,0.0,0.0,0.0759718309859154,0.0142095070422535,0.0293573943661971,0.0,0.0,0.0080140845070422
2014-06-30 13:00:00,0.6534106844741235,0.0212020033388981,0.0,0.0,0.1524841402337229,0.1185826377295492,0.001,0.1306193656093489,0.0,0.0080300500834724
2014-06-30 14:00:00,0.4742465277777777,0.0190277777777777,0.0,0.0,0.1629027777777777,0.07509375,0.001,0.0,0.0,0.0080208333333333
2014-06-30 15:00:00,0.6315452961672474,0.0262560975609756,0.0,0.0,0.1636376306620209,0.0146515679442508,0.001,0.0451515679442508,0.0,0.0080348432055749
2014-06-30 16:00:00,0.5561846435100548,0.0329744058500914,0.003744058500914,0.0,0.2277129798903107,0.0148190127970749,0.001,0.0,0.0,0.0080237659963436
2014-06-30 17:00:00,0.5937476808905381,0.0252894248608534,0.0,0.0,0.0888664192949907,0.09630426716141,0.0128645640074211,0.107469387755102,0.0,0.0090482374768089
2014-06-30 18:00:00,0.5065020491803278,0.0279897540983606,0.0,0.0,0.0107254098360655,0.1270594262295082,0.001,0.0792889344262295,0.0,0.0418094262295082
2014-06-30 19:00:00,0.4018930817610063,0.0308259958071278,0.0,0.0,0.0108490566037735,0.1271991614255765,0.001,0.0,0.0,0.0080314465408805
2014-06-30 20:00:00,0.4654276859504132,0.01999173553719,0.0,0.0,0.0109028925619834,0.1270785123966942,0.001,0.0709855371900826,0.0,0.0080309917355371
2014-06-30 21:00:00,0.4122370892018779,0.029093896713615,0.0,0.0,0.0108286384976525,0.1271596244131455,0.001,0.0,0.0,0.0080492957746478
2014-06-30 22:00:00,0.5483877551020409,0.0232857142857142,0.0,0.0,0.0108367346938775,0.1272857142857142,0.0150181405895691,0.1093560090702947,0.0,0.0080453514739229
2014-06-30 23:00:00,0.3811662763466042,0.0255526932084309,0.0,0.0,0.0100210772833723,0.0733559718969555,0.001,0.0,0.0,0.0080374707259953
2014-07-01 00:00:00,0.2504415887850467,0.0209485981308411,0.0,0.0,0.0069462616822429,0.0140864485981308,0.001,0.0,0.0,0.0080303738317757
2014-07-01 01:00:00,0.2489548387096774,0.0264602150537634,0.0,0.0,0.0069333333333333,0.0153010752688172,0.001,0.0,0.0,0.0080408602150537
2014-07-01 02:00:00,0.2405348314606741,0.0269325842696629,0.0,0.0,0.0069348314606741,0.0141033707865168,0.001,0.0,0.0,0.0080179775280898
2014-07-01 03:00:00,0.2373761904761905,0.0202619047619047,0.0,0.0,0.0069523809523809,0.0141,0.001,0.0,0.0,0.0080095238095238
2014-07-01 04:00:00,0.2596420323325635,0.0258198614318706,0.0,0.0,0.0068683602771362,0.0161824480369515,0.001,0.0,0.0,0.008027713625866
2014-07-01 05:00:00,0.2741976516634051,0.0228160469667319,0.0,0.0,0.0068434442270058,0.0187299412915851,0.001,0.0,0.0,0.0080176125244618
2014-07-01 06:00:00,0.2553959731543624,0.0261812080536912,0.0,0.0,0.0067684563758389,0.0150906040268456,0.001,0.0,0.0,0.0080167785234899
2014-07-01 07:00:00,0.4770702576112412,0.0167470725995316,0.0,0.0,0.0069531615925058,0.0147447306791569,0.001,0.0,0.0,0.0080281030444964
2014-07-01 08:00:00,0.3835166240409207,0.0242404092071611,0.0,0.0,0.0068618925831202,0.0147672634271099,0.001,0.0267877237851662,0.0,0.0080332480818414
2014-07-01 09:00:00,0.5121016548463357,0.0268250591016548,0.0,0.0,0.0068652482269503,0.0149078014184397,0.001,0.0937186761229314,0.06025768321513,0.0080260047281323
2014-07-01 10:00:00,0.3079388753056234,0.0245867970660146,0.0,0.0,0.0069364303178484,0.0146943765281173,0.001,0.0,0.0,0.0080317848410757
2014-07-01 11:00:00,1.298313775510204,0.0286147959183673,0.8402704081632653,0.0,0.0069183673469387,0.0153801020408163,0.050344387755102,0.0,0.0,0.0080178571428571
2014-07-01 12:00:00,1.3062631578947368,0.0204593301435406,0.1606076555023923,0.0,0.1351387559808612,0.1083205741626794,0.001,0.3508612440191387,0.0,0.0161913875598086
2014-07-01 13:00:00,0.8207542168674699,0.0282385542168674,0.0960433734939759,0.0,0.152467469879518,0.1259469879518072,0.001,0.0774265060240963,0.0,0.0080481927710843
2014-07-01 14:00:00,0.5072967581047382,0.0271720698254364,0.0,0.0,0.1454488778054863,0.1272992518703241,0.001,0.0003665835411471,0.0,0.0080124688279301
2014-07-01 15:00:00,0.3883004807692308,0.0242355769230769,0.0,0.0,0.03153125,0.1116610576923076,0.001,0.0,0.0,0.008045673076923
2014-07-01 16:00:00,0.3895862068965517,0.0285225464190981,0.0,0.0,0.0106737400530503,0.1267771883289124,0.001,0.0,0.0,0.0080291777188328
2014-07-01 17:00:00,0.4877524038461538,0.026625,0.0,0.0,0.0277860576923076,0.1269158653846153,0.025125,0.0,0.0,0.0080264423076923
2014-07-01 18:00:00,0.6351833333333333,0.0211285714285714,0.0,0.0,0.1658714285714285,0.1265690476190476,0.0837166666666666,0.0,0.0,0.008045238095238
2014-07-01 19:00:00,0.688763723150358,0.0310071599045346,0.0,0.0,0.1801336515513126,0.1263532219570405,0.001,0.0443579952267303,0.0,0.0785751789976133
2014-07-01 20:00:00,0.6495862068965518,0.0235402298850574,0.0,0.0,0.176719540229885,0.1269379310344827,0.001,0.0363747126436781,0.0,0.0864436781609195
2014-07-01 21:00:00,0.6752314814814815,0.0241967592592592,0.0,0.0,0.1704837962962963,0.1275949074074074,0.001,0.0929537037037037,0.0,0.0094699074074074
2014-07-01 22:00:00,0.5922668269230769,0.0295817307692307,0.0,0.0,0.155764423076923,0.0983942307692307,0.001,0.0380913461538461,0.0,0.0069975961538461
2014-07-01 23:00:00,0.3921274038461538,0.0207115384615384,0.0,0.0,0.1036274038461538,0.0142067307692307,0.001,0.0,0.0,0.0069903846153846
2014-07-02 00:00:00,0.2582342569269521,0.0238539042821158,0.0,0.0,0.0068942065491183,0.0148186397984886,0.001,0.0,0.0,0.007
2014-07-02 01:00:00,0.2429140049140049,0.0217985257985257,0.0,0.0,0.0068918918918918,0.0149090909090909,0.001,0.0,0.0,0.0069901719901719
2014-07-02 02:00:00,0.2356409638554217,0.0214987951807228,0.0,0.0,0.0068650602409638,0.0141999999999999,0.001,0.0,0.0,0.0069807228915662
2014-07-02 03:00:00,0.2363440594059405,0.0295816831683168,0.0,0.0,0.0069034653465346,0.0142326732673267,0.001,0.0,0.0,0.0070049504950495
2014-07-02 04:00:00,0.2356675531914893,0.0231090425531914,0.0,0.0,0.0069494680851063,0.0149468085106382,0.001,0.0,0.0,0.0069840425531914
2014-07-02 05:00:00,0.2671853658536585,0.0259756097560975,0.0,0.0,0.0068439024390243,0.014190243902439,0.001,0.0,0.0,0.0069975609756097
2014-07-02 06:00:00,0.2394388489208633,0.0227482014388489,0.0,0.0,0.0067937649880095,0.014199040767386,0.001,0.0,0.0,0.0069904076738609
2014-07-02 07:00:00,0.2338924731182795,0.0287473118279569,0.0,0.0,0.0069005376344086,0.0141801075268817,0.001,0.0,0.0,0.0069865591397849
2014-07-02 08:00:00,0.28325,0.0229975728155339,0.0,0.0,0.0068932038834951,0.0142305825242718,0.001,0.0325485436893203,0.0,0.0069975728155339
2014-07-02 09:00:00,0.5560456621004566,0.0172328767123287,0.0,0.0,0.0553515981735159,0.015769406392694,0.001,0.1160433789954337,0.0,0.0069931506849315
2014-07-02 10:00:00,0.3011212121212121,0.0285479797979797,0.0,0.0,0.0069040404040404,0.0143737373737373,0.001,0.0670050505050505,0.0,0.007
2014-07-02 11:00:00,0.9249587155963304,0.0216605504587155,0.0,0.5630848623853211,0.0259266055045871,0.0149655963302752,0.0295366972477064,0.0667935779816513,0.0,0.0069954128440366
2014-07-02 12:00:00,1.4338321513002363,0.022338061465721,0.0,0.7142907801418439,0.1726004728132388,0.0733498817966903,0.001,0.1402387706855792,0.0,0.0070047281323877
2014-07-02 13:00:00,0.5265538116591928,0.0281748878923766,0.0,0.0010313901345291,0.1702286995515695,0.1224506726457399,0.001,0.0,0.0,0.0070089686098654
2014-07-02 14:00:00,0.5115698689956332,0.0187620087336244,0.0,0.0,0.194768558951965,0.0153406113537117,0.001,0.0,0.0,0.0804104803493449
2014-07-02 15:00:00,0.6780948081264109,0.0327990970654627,0.0,0.0,0.2286568848758465,0.0149841986455981,0.001,0.0727223476297968,0.0,0.057471783295711
2014-07-02 16:00:00,0.5986799007444168,0.0246451612903225,0.0,0.0,0.2125136476426799,0.0718312655086848,0.001,0.0,0.0,0.0113449131513647
2014-07-02 17:00:00,0.742756880733945,0.0238555045871559,0.0,0.0,0.1578509174311926,0.1073899082568807,0.001,0.0,0.0,0.0080183486238532
2014-07-02 18:00:00,0.7916282051282051,0.027925641025641,0.0,0.0,0.1598589743589743,0.0964794871794871,0.0597384615384615,0.1212794871794871,0.0,0.0080128205128205
2014-07-02 19:00:00,0.5635415676959621,0.0300380047505938,0.0,0.0,0.1504299287410926,0.1262517814726841,0.0374014251781472,0.0,0.0,0.0080285035629453
2014-07-02 20:00:00,0.8212279069767442,0.0208023255813953,0.0,0.0,0.1482116279069767,0.1273302325581395,0.001,0.078553488372093,0.0,0.0080348837209302
2014-07-02 21:00:00,0.6080374531835206,0.0228632958801498,0.0,0.0,0.1829981273408239,0.1269737827715356,0.001,0.0,0.0,0.0114681647940074
2014-07-02 22:00:00,0.6534486873508354,0.0297828162291169,0.0,0.0,0.1686658711217183,0.1074272076372315,0.001,0.0438377088305489,0.0,0.0070047732696897
2014-07-02 23:00:00,0.4642701149425287,0.0202777777777777,0.0,0.0,0.0837662835249042,0.0178007662835249,0.001,0.0252701149425287,0.0,0.007
2014-07-03 00:00:00,0.2669438405797101,0.0235543478260869,0.0,0.0,0.0108949275362318,0.0168115942028985,0.001,0.0,0.0,0.007
2014-07-03 01:00:00,0.2506764199655766,0.0273631669535284,0.0,0.0,0.0109053356282271,0.0180998278829604,0.001,0.0,0.0,0.0069948364888123
2014-07-03 02:00:00,0.2534086956521739,0.0236278260869565,0.0,0.0,0.0108869565217391,0.0171826086956521,0.001,0.0,0.0,0.0070052173913043
2014-07-03 03:00:00,0.2517390510948905,0.0277116788321167,0.0,0.0,0.0109434306569343,0.0141167883211678,0.001,0.0,0.0,0.0070054744525547
2014-07-03 04:00:00,0.2999263157894736,0.0295684210526315,0.0,0.0,0.0109578947368421,0.0146807017543859,0.001,0.0,0.0,0.0070035087719298
2014-07-03 05:00:00,0.2826746031746032,0.0232380952380952,0.0,0.0,0.0107896825396825,0.0140773809523809,0.001,0.0,0.0,0.0069920634920634
2014-07-03 06:00:00,0.2655617433414043,0.0306489104116222,0.0,0.0,0.0108135593220338,0.0140992736077481,0.001,0.0,0.0,0.0069975786924939
2014-07-03 07:00:00,0.2523259259259259,0.0261629629629629,0.0,0.0,0.0109382716049382,0.0140962962962962,0.001,0.0,0.0,0.0069975308641975
2014-07-03 08:00:00,0.4040523690773067,0.01943391521197,0.0,0.0,0.0109127182044887,0.0141197007481296,0.001,0.1257930174563591,0.0,0.0069950124688279
2014-07-03 09:00:00,0.3034410377358491,0.033188679245283,0.0,0.0,0.0109716981132075,0.0147004716981132,0.001,0.044502358490566,0.0,0.0070094339622641
2014-07-03 10:00:00,0.272803970223325,0.0321166253101736,0.0,0.0,0.0109057071960297,0.014560794044665,0.0009975186104218,0.0,0.0,0.0070099255583126
2014-07-03 11:00:00,0.2710281329923273,0.0290741687979539,0.0,0.0,0.0109565217391304,0.0140895140664961,0.001,0.0,0.0,0.007
2014-07-03 12:00:00,0.2828101265822785,0.0276455696202531,0.0,0.0,0.0109645569620253,0.0141037974683544,0.001,0.0,0.0,0.0070151898734177
2014-07-03 13:00:00,0.2631962174940898,0.0338959810874704,0.0,0.0,0.0109456264775413,0.0140874704491725,0.001,0.0,0.0,0.007
2014-07-03 14:00:00,0.2757136150234742,0.0317230046948356,0.0,0.0,0.0107558685446009,0.0149483568075117,0.001,0.0,0.0,0.0069882629107981
2014-07-03 15:00:00,0.4842865064695009,0.0298391866913123,0.0,0.0,0.0576377079482439,0.0483216266173752,0.0009981515711645,0.129902033271719,0.0,0.0070018484288354
2014-07-03 16:00:00,0.5783224489795918,0.0310938775510204,0.0,0.0,0.1561122448979592,0.1233551020408163,0.001,0.0432469387755102,0.0,0.0161612244897959
2014-07-03 17:00:00,0.6579873417721519,0.0311088607594936,2.531645569620253e-06,0.0,0.2271493670886075,0.1267417721518987,0.001,0.0459088607594936,0.0,0.0163215189873417
2014-07-03 18:00:00,0.5516621315192743,0.0284807256235827,0.0,0.0,0.146875283446712,0.127517006802721,0.0189569160997732,0.0,0.0,0.008015873015873
2014-07-03 19:00:00,0.7283128078817734,0.0277044334975369,0.0,0.0,0.2478546798029556,0.0411453201970443,0.001,0.0575418719211822,0.0,0.008039408866995
2014-07-03 20:00:00,0.682431718061674,0.0242092511013215,0.0,0.0,0.2011057268722467,0.0338898678414096,0.001,0.0869295154185022,0.0,0.0080440528634361
2014-07-03 21:00:00,0.6139399538106236,0.0288960739030023,0.0,0.0,0.1840046189376443,0.1272702078521939,0.001,0.0,0.0,0.0523810623556582
2014-07-03 22:00:00,0.6035259433962264,0.0256816037735849,0.0,0.0,0.1819080188679245,0.1263891509433962,0.001,0.0,0.0,0.0069929245283018
2014-07-03 23:00:00,0.5695131894484413,0.0250695443645083,0.0,0.0,0.1484484412470024,0.0244916067146282,0.001,0.0442422062350119,0.0,0.0070023980815347
2014-07-04 00:00:00,0.2929150684931507,0.0280027397260273,0.0,0.0,0.0068438356164383,0.0148904109589041,0.001,0.0,0.0,0.006986301369863
2014-07-04 01:00:00,0.2509596977329975,0.0288539042821158,0.0,0.0,0.0068614609571788,0.0155314861460957,0.0010201511335012,0.0,0.0,0.0069722921914357
2014-07-04 02:00:00,0.2491375921375921,0.0241597051597051,0.0,0.0,0.0068845208845208,0.0151375921375921,0.001,0.0,0.0,0.0069975429975429
2014-07-04 03:00:00,0.2759951573849879,0.0267651331719128,0.0,0.0,0.0069443099273607,0.0142179176755447,0.001,0.0,0.0,0.0069806295399515
2014-07-04 04:00:00,0.2673807228915663,0.0298385542168674,0.0,0.0,0.0069421686746987,0.0158722891566265,0.001,0.0,0.0,0.0069975903614457
2014-07-04 05:00:00,0.2793625,0.02174,0.0,0.0,0.006735,0.01495,0.001,0.0,0.0,0.0069825
2014-07-04 06:00:00,0.3232240566037735,0.0266863207547169,0.0,0.0,0.0066179245283018,0.0140896226415094,0.001,0.0,0.0,0.0069882075471698
2014-07-04 07:00:00,0.50664,0.0281435294117647,0.0,0.0,0.0068117647058823,0.0140847058823529,0.001,0.0,0.0,0.006995294117647
2014-07-04 08:00:00,0.6469214285714285,0.0241904761904761,0.0,0.0,0.0806333333333333,0.014097619047619,0.001,0.2185380952380952,0.0,0.0070119047619047
2014-07-04 09:00:00,0.4207632183908046,0.0283701149425287,0.0,0.0,0.1693264367816092,0.014087356321839,0.001,0.0,0.0,0.0073402298850574
2014-07-04 10:00:00,0.250047263681592,0.0249601990049751,0.0,0.0,0.0037014925373134,0.015139303482587,0.0284502487562189,0.0,0.0,0.0014502487562189
2014-07-04 11:00:00,0.2031469879518072,0.0327975903614457,0.0049156626506024,0.0,0.003,0.0142867469879518,0.001,0.0,0.0,0.0
2014-07-04 12:00:00,0.1984066193853428,0.0255650118203309,0.0,0.0,0.003,0.0151702127659574,0.001,0.0,0.0,0.0
2014-07-04 13:00:00,0.2042400835073068,0.0271398747390396,0.0,0.0,0.0030041753653444,0.0149331941544885,0.001,0.0,0.0,0.0
2014-07-04 14:00:00,0.2128311444652908,0.0255365853658536,0.0,0.0,0.0030037523452157,0.014484052532833,0.001,0.0,0.0,0.0
2014-07-04 15:00:00,0.2441774580335731,0.0331342925659472,0.0,0.0,0.003,0.014115107913669,0.001,0.0,0.0,0.0
2014-07-04 16:00:00,0.1991591928251121,0.023744394618834,0.0,0.0,0.0029977578475336,0.0149170403587443,0.001,0.0,0.0,0.0
2014-07-04 17:00:00,0.2078311036789297,0.0223127090301003,0.0,0.0,0.0145785953177257,0.0144665551839464,0.001,0.0,0.0,0.0
2014-07-04 18:00:00,0.2067257462686567,0.0272966417910447,0.0,0.0,0.003,0.0148675373134328,0.001,0.0,0.0,0.0
2014-07-04 19:00:00,0.2012624999999999,0.0293375,0.0,0.0,0.003,0.0144520833333333,0.001,0.0,0.0,0.0
2014-07-04 20:00:00,0.1924337979094076,0.0238188153310104,0.0,0.0,0.003,0.0147787456445993,0.001,0.0,0.0,0.0
2014-07-04 21:00:00,0.194081466395112,0.0199653767820773,0.0,0.0,0.003,0.014112016293279,0.001,0.0,0.0,0.0
2014-07-04 22:00:00,0.2022272727272727,0.0265358851674641,0.0,0.0,0.003,0.014834928229665,0.001,0.0,0.0,0.0
2014-07-04 23:00:00,0.2038984881209503,0.0242937365010799,0.0,0.0,0.003,0.0148639308855291,0.001,0.0,0.0,0.0
2014-07-05 00:00:00,0.1972037037037037,0.022875,0.0,0.0,0.003,0.0147847222222222,0.001,0.0,0.0,0.0
2014-07-05 01:00:00,0.1955682926829268,0.0354243902439024,0.0,0.0,0.003,0.0146829268292682,0.001,0.0,0.0,0.0
2014-07-05 02:00:00,0.1955561357702349,0.028219321148825,0.0022976501305483,0.0,0.003,0.0140913838120104,0.001,0.0,0.0,0.0
2014-07-05 03:00:00,0.1966601466992665,0.023562347188264,0.0008337408312958,0.0,0.003,0.0141320293398533,0.001,0.0,0.0,0.0
2014-07-05 04:00:00,0.1987994858611825,0.0236221079691516,0.0,0.0,0.0030077120822622,0.0156401028277634,0.001,0.0,0.0,0.0
2014-07-05 05:00:00,0.2095999999999999,0.0283820512820512,0.0019692307692307,0.0,0.003,0.0149076923076923,0.001,0.0,0.0,0.0
2014-07-05 06:00:00,0.1970930232558139,0.0224108527131782,0.0,0.0,0.003,0.0142144702842377,0.001,0.0,0.0,0.0
2014-07-05 07:00:00,0.1944880694143167,0.0201258134490238,0.0,0.0,0.003,0.0141691973969631,0.001,0.0,0.0,0.0
2014-07-05 08:00:00,0.1974622641509434,0.0268207547169811,0.0,0.0,0.003,0.0142037735849056,0.001,0.0,0.0,0.0
2014-07-05 09:00:00,0.1939341176470588,0.0231576470588235,0.0,0.0,0.003,0.0141905882352941,0.001,0.0,0.0,0.0
2014-07-05 10:00:00,0.200598971722365,0.0222904884318766,0.0,0.0,0.003,0.0141670951156812,0.001,0.0,0.0,0.0
2014-07-05 11:00:00,0.2180239808153477,0.0256115107913669,0.0,0.0,0.018568345323741,0.0142230215827338,0.001,0.0,0.0,0.0
2014-07-05 12:00:00,0.2007283653846154,0.0280528846153846,0.0,0.0,0.0029975961538461,0.0153052884615384,0.001,0.0,0.0,0.0
2014-07-05 13:00:00,0.1995330296127562,0.0227471526195899,0.0,0.0,0.003004555808656,0.0185148063781321,0.001,0.0,0.0,0.0
2014-07-05 14:00:00,0.1960183908045977,0.0215126436781609,0.0,0.0,0.003,0.0184827586206896,0.001,0.0,0.0,0.0
2014-07-05 15:00:00,0.1978356807511737,0.026819248826291,0.0,0.0,0.003,0.0184319248826291,0.001,0.0,0.0,0.0
2014-07-05 16:00:00,0.1982827102803738,0.0232827102803738,0.0,0.0,0.003,0.0171028037383177,0.001,0.0,0.0,0.0
2014-07-05 17:00:00,0.1990315533980582,0.0204441747572815,0.0,0.0,0.003,0.0142208737864077,0.001,0.0,0.0,0.0
2014-07-05 18:00:00,0.2141289752650176,0.0255512367491166,0.0,0.0,0.0201395759717314,0.0142438162544169,0.001,0.0,0.0,0.0
2014-07-05 19:00:00,0.1927610208816705,0.0269605568445475,0.0,0.0,0.003,0.0147053364269141,0.001,0.0,0.0,0.0
2014-07-05 20:00:00,0.196879012345679,0.0235209876543209,0.0,0.0,0.003,0.0148197530864197,0.001,0.0,0.0,0.0
2014-07-05 21:00:00,0.2061736641221374,0.0277786259541984,0.0,0.0,0.003,0.0150267175572519,0.001,0.0,0.0,0.0
2014-07-05 22:00:00,0.1972576064908722,0.0318458417849898,0.0,0.0,0.003,0.0149411764705882,0.001,0.0,0.0,0.0
2014-07-05 23:00:00,0.2014268537074148,0.0248697394789579,0.0,0.0,0.003,0.015006012024048,0.001,0.0,0.0,0.0
2014-07-06 00:00:00,0.1974126637554585,0.0210109170305676,0.0,0.0,0.003,0.0147903930131004,0.001,0.0,0.0,0.0
2014-07-06 01:00:00,0.1965944881889763,0.0314291338582677,0.0,0.0,0.003003937007874,0.0147480314960629,0.001,0.0,0.0,0.0
2014-07-06 02:00:00,0.2092405063291139,0.0230021097046413,0.0,0.0,0.003,0.0140801687763713,0.001,0.0,0.0,0.0
2014-07-06 03:00:00,0.193932,0.018256,0.0,0.0,0.003,0.014188,0.001,0.0,0.0,0.0
2014-07-06 04:00:00,0.198479302832244,0.0272309368191721,0.0,0.0,0.003,0.0159215686274509,0.001,0.0,0.0,0.0
2014-07-06 05:00:00,0.1983211206896551,0.0234956896551724,0.0,0.0,0.003,0.0148620689655172,0.001,0.0,0.0,0.0
2014-07-06 06:00:00,0.2093479166666666,0.0206812499999999,0.0,0.0,0.003,0.01509375,0.0009979166666666,0.0,0.0,0.0
2014-07-06 07:00:00,0.2270581395348837,0.0295174418604651,0.0,0.0,0.003,0.014125968992248,0.001,0.0,0.0,0.0
2014-07-06 08:00:00,0.1982173144876325,0.0235265017667844,0.0,0.0,0.0030035335689045,0.014595406360424,0.001,0.0,0.0,0.0
2014-07-06 09:00:00,0.1993340206185567,0.0203319587628866,0.0,0.0,0.003,0.017020618556701,0.001,0.0,0.0,0.0
2014-07-06 10:00:00,0.204395744680851,0.0241531914893617,0.0,0.0,0.003,0.018463829787234,0.001,0.0,0.0,0.0
2014-07-06 11:00:00,0.2057850098619329,0.0267810650887573,0.0,0.0,0.003,0.0184457593688362,0.001,0.0,0.0,0.0
2014-07-06 12:00:00,0.2024817204301075,0.0195247311827957,0.0,0.0,0.003,0.0183505376344086,0.001,0.0,0.0,0.0
2014-07-06 13:00:00,0.2011597051597051,0.0187027027027027,0.0,0.0,0.003004914004914,0.0164226044226044,0.001,0.0,0.0,0.0
2014-07-06 14:00:00,0.1932482100238663,0.0284439140811455,0.0,0.0,0.003,0.0144463007159904,0.001,0.0,0.0,0.0
2014-07-06 15:00:00,0.1950094562647754,0.0222813238770685,0.0,0.0,0.0029976359338061,0.0175366430260047,0.001,0.0,0.0,0.0
2014-07-06 16:00:00,0.199047263681592,0.0190174129353233,0.0,0.0,0.003,0.0184328358208955,0.001,0.0,0.0,0.0
2014-07-06 17:00:00,0.1954271604938271,0.0268345679012345,0.0,0.0,0.002995061728395,0.0153679012345679,0.001,0.0,0.0,0.0
2014-07-06 18:00:00,0.1977981651376147,0.0231766055045871,0.0,0.0,0.003,0.0141330275229357,0.001,0.0,0.0,0.0
2014-07-06 19:00:00,0.1972,0.0232658227848101,0.0,0.0,0.003,0.0145620253164556,0.001,0.0,0.0,0.0
2014-07-06 20:00:00,0.2164563894523326,0.0273529411764705,0.0,0.0,0.0104482758620689,0.0147647058823529,0.001,0.0,0.0,0.0
2014-07-06 21:00:00,0.2239253393665158,0.0273031674208144,0.0,0.0,0.003,0.0140972850678733,0.001,0.0,0.0,0.0
2014-07-06 22:00:00,0.1939004739336493,0.0202488151658767,0.0,0.0,0.003,0.015388625592417,0.001,0.0,0.0,0.0
2014-07-06 23:00:00,0.2007121212121212,0.0264722222222222,0.0,0.0,0.003,0.0175631313131313,0.001,0.0,0.0,0.0
2014-07-07 00:00:00,0.1968684863523573,0.0265781637717121,0.0,0.0,0.003,0.0183200992555831,0.001,0.0,0.0,0.0
2014-07-07 01:00:00,0.2109264705882353,0.0186544117647058,0.0,0.0,0.003,0.0168431372549019,0.001,0.0,0.0,0.0
2014-07-07 02:00:00,0.1974,0.027836923076923,0.0,0.0,0.0030153846153846,0.0161476923076923,0.001,0.0,0.0,0.0
2014-07-07 03:00:00,,,,,,,,,,
2014-07-07 04:00:00,,,,,,,,,,
2014-07-07 05:00:00,,,,,,,,,,
2014-07-07 06:00:00,,,,,,,,,,
2014-07-07 07:00:00,,,,,,,,,,
2014-07-07 08:00:00,0.2736516853932584,0.0192734082397003,0.0,0.0,0.003,0.0143333333333333,0.001,0.0,0.0,0.0
2014-07-07 09:00:00,0.2968894645941278,0.0284922279792746,0.0,0.0,0.0166303972366148,0.0154525043177892,0.001,0.0,0.0,0.0
2014-07-07 10:00:00,0.1967885985748218,0.02158432304038,0.0,0.0,0.0030023752969121,0.016,0.001,0.0,0.0,0.0
2014-07-07 11:00:00,0.1959546351084812,0.0207830374753451,0.0,0.0,0.003,0.015163708086785,0.001,0.0,0.0,0.0
2014-07-07 12:00:00,0.202761797752809,0.0271573033707865,0.0,0.0,0.0030022471910112,0.0141280898876404,0.001,0.0,0.0,0.0
2014-07-07 13:00:00,0.1957364341085271,0.0241162790697674,0.0,0.0,0.003,0.0141085271317829,0.001,0.0,0.0,0.0
2014-07-07 14:00:00,0.2152929292929293,0.0221649831649831,0.0,0.0,0.003,0.0141296296296296,0.001,0.0,0.0,0.0
2014-07-07 15:00:00,0.2038640429338103,0.0272128801431127,0.0,0.0,0.003,0.014953488372093,0.001,0.0,0.0,0.0
2014-07-07 16:00:00,0.1972177033492823,0.0232966507177033,0.0004066985645933,0.0,0.003,0.0148373205741626,0.001,0.0,0.0,0.0
2014-07-07 17:00:00,0.1988878504672897,0.022607476635514,0.0,0.0,0.003,0.0141168224299065,0.001,0.0,0.0,0.0
2014-07-07 18:00:00,0.2062619047619047,0.0255809523809523,0.0,0.0,0.002997619047619,0.0146523809523809,0.001,0.0,0.0,0.0
2014-07-07 19:00:00,0.2042287334593572,0.0209168241965973,0.0,0.0,0.003,0.0180245746691871,0.001,0.0,0.0,0.0
2014-07-07 20:00:00,0.1979647058823529,0.0197647058823529,0.0,0.0,0.0029966386554621,0.0191210084033613,0.001,0.0,0.0,0.0
2014-07-07 21:00:00,0.2012141652613827,0.0285446880269814,0.0,0.0,0.003,0.0187150084317032,0.001,0.0,0.0,0.0
2014-07-07 22:00:00,0.2107435456110155,0.0260929432013769,0.0,0.0,0.003,0.0159586919104991,0.001,0.0,0.0,0.0
2014-07-07 23:00:00,0.2403183333333333,0.0229183333333333,0.0,0.0,0.0030016666666666,0.01575,0.001,0.0,0.0,0.0
2014-07-08 00:00:00,0.2063198653198653,0.0288922558922558,0.0034478114478114,0.0,0.003,0.0147946127946127,0.001,0.0,0.0,0.0
2014-07-08 01:00:00,0.2018798646362098,0.0219035532994923,0.0,0.0,0.003,0.0147597292724196,0.001,0.0,0.0,0.0
2014-07-08 02:00:00,0.1946303236797274,0.0212606473594548,0.0,0.0,0.003,0.014228279386712,0.001,0.0,0.0,0.0
2014-07-08 03:00:00,0.1935357142857142,0.0307006802721088,0.0,0.0,0.0030017006802721,0.0142448979591836,0.001,0.0,0.0,0.0
2014-07-08 04:00:00,0.1954532871972318,0.0220207612456747,0.0,0.0,0.003,0.0160501730103806,0.001,0.0,0.0,0.0
2014-07-08 05:00:00,0.1990206540447504,0.0229345955249569,0.0,0.0,0.003,0.0152839931153184,0.001,0.0,0.0,0.0
2014-07-08 06:00:00,0.1956532399299474,0.0268301225919439,0.0,0.0,0.003,0.0141488616462346,0.001,0.0,0.0,0.0
2014-07-08 07:00:00,0.1948145025295109,0.0190219224283305,0.0,0.0,0.0030016863406408,0.0141096121416526,0.001,0.0,0.0,0.0
2014-07-08 08:00:00,0.227084175084175,0.0234831649831649,0.0,0.0,0.0142323232323232,0.0142693602693602,0.001,0.0,0.0,0.0
2014-07-08 09:00:00,0.2340325342465753,0.0238972602739726,0.0,0.0,0.003,0.0149794520547945,0.001,0.0,0.0,0.0
2014-07-08 10:00:00,0.2027822445561139,0.0205125628140703,0.0,0.0,0.003,0.0149581239530988,0.001,0.0,0.0,0.0
2014-07-08 11:00:00,0.1979055649241146,0.0266070826306914,0.0,0.0,0.003,0.0148161888701517,0.001,0.0,0.0,0.0
2014-07-08 12:00:00,0.1996717171717171,0.026547138047138,0.0,0.0,0.003,0.014097643097643,0.001,0.0,0.0,0.0
2014-07-08 13:00:00,0.1950670016750418,0.0187269681742043,0.0,0.0,0.003,0.0145946398659966,0.001,0.0,0.0,0.0
2014-07-08 14:00:00,0.1997162162162162,0.0255506756756756,0.0,0.0,0.003,0.0156114864864864,0.001,0.0,0.0,0.0
2014-07-08 15:00:00,0.2002292768959435,0.0232557319223985,0.0,0.0,0.003,0.0149682539682539,0.001,0.0,0.0,0.0
2014-07-08 16:00:00,0.1946252927400468,0.0184777517564402,0.0,0.0,0.003,0.0155878220140515,0.001,0.0,0.0,0.0
2014-07-08 17:00:00,0.241,0.0209026128266033,0.0,0.0,0.003,0.0143681710213776,0.001,0.0,0.0,0.0
2014-07-08 18:00:00,0.5566943127962086,0.0298720379146919,0.0,0.0,0.003,0.0826658767772511,0.0636421800947867,0.0,0.073760663507109,0.0
2014-07-08 19:00:00,0.5487969924812031,0.0182030075187969,0.0,0.0,0.003,0.1266090225563909,0.0666365914786967,0.0731002506265664,0.0,0.0
2014-07-08 20:00:00,0.4575,0.0262066326530612,0.0,0.0,0.0100408163265306,0.1266428571428571,0.001,0.0,0.0,0.0
2014-07-08 21:00:00,0.676,0.02234375,0.0,0.0,0.189140625,0.1270513392857143,0.001,0.0,0.0,0.00215625
2014-07-08 22:00:00,0.7426642335766424,0.0255596107055961,0.0,0.0,0.1813625304136253,0.1218223844282238,0.001,0.0888515815085158,0.0,0.0047810218978102
2014-07-08 23:00:00,0.4876634844868735,0.0275536992840095,0.0,0.0,0.1589522673031026,0.018945107398568,0.001,0.0,0.0,1.1933174224343674e-05
2014-07-09 00:00:00,0.2570438144329897,0.0191752577319587,0.0,0.0,0.003,0.019270618556701,0.001,0.0,0.0,0.0
2014-07-09 01:00:00,0.2200751295336787,0.0201917098445595,0.0,0.0,0.0030025906735751,0.014940414507772,0.001,0.0,0.0,0.0
2014-07-09 02:00:00,0.2234600484261501,0.0255447941888619,0.0,0.0,0.003,0.0184891041162227,0.001,0.0,0.0,0.0
2014-07-09 03:00:00,0.2238616352201257,0.0218679245283018,0.0,0.0,0.003,0.0159098532494758,0.001,0.0,0.0,0.0
2014-07-09 04:00:00,0.2346535269709543,0.0217302904564315,0.0,0.0,0.003,0.0156804979253112,0.001,0.0,0.0,0.0
2014-07-09 05:00:00,0.2346806167400881,0.0285088105726872,0.0,0.0,0.003,0.0151079295154185,0.001,0.0,0.0,0.0
2014-07-09 06:00:00,0.2329510638297872,0.0193425531914893,0.0,0.0,0.003,0.0142829787234042,0.001,0.0,0.0,0.0
2014-07-09 07:00:00,0.4281755102040817,0.0207265306122448,0.0,0.0,0.003,0.0142183673469387,0.001,0.0,0.0,0.0
2014-07-09 08:00:00,0.7646607142857144,0.0278115079365079,0.2153710317460317,0.0,0.0044325396825396,0.0142400793650793,0.001,0.1167361111111111,0.0,0.028595238095238
2014-07-09 09:00:00,0.4397400419287212,0.0221949685534591,0.0848574423480083,0.0,0.0069958071278826,0.0142893081761006,0.001,0.0,0.0,0.0036519916142557
2014-07-09 10:00:00,0.2313948126801152,0.0158703170028818,0.0,0.0,0.007,0.0156109510086455,0.001,0.0,0.0,0.0013919308357348
2014-07-09 11:00:00,0.2647894736842105,0.0272495126705653,0.0,0.0,0.0069356725146198,0.0156686159844054,0.001,0.0,0.0,0.0013801169590643
2014-07-09 12:00:00,0.3368067061143984,0.019723865877712,0.0,0.0,0.0957988165680473,0.0151242603550295,0.001,0.0,0.0,0.0013925049309664
2014-07-09 13:00:00,0.4962028397565923,0.0221926977687626,0.0,0.0,0.1604665314401622,0.0152697768762677,0.001,0.0,0.0,0.0014016227180527
2014-07-09 14:00:00,0.701960498960499,0.0265072765072765,0.0,0.0,0.1417588357588357,0.1113243243243243,0.001,0.1623471933471933,0.0,0.0013929313929313
2014-07-09 15:00:00,0.5429109311740891,0.0199453441295546,0.0,0.0,0.1660506072874494,0.0735323886639676,0.001,0.0882267206477732,0.0,0.0014028340080971
2014-07-09 16:00:00,0.3898304093567252,0.0264619883040935,0.0,0.0,0.1072456140350877,0.0150643274853801,0.001,0.0,0.0,0.0012339181286549
2014-07-09 17:00:00,0.2667653276955603,0.0269513742071881,0.0,0.0,0.003,0.0153594080338266,0.001,0.0,0.0,0.0010063424947145
2014-07-09 18:00:00,1.1829309623430964,0.0330753138075313,0.0,0.0,0.003,0.0142196652719665,0.001,0.0,0.0,0.0047489539748953
2014-07-09 19:00:00,0.873642,0.02931,0.0,0.0,0.003,0.105972,0.010846,0.1181239999999999,0.0,0.005872
2014-07-09 20:00:00,0.5666764705882352,0.0288901960784313,0.0,0.0,0.003,0.1272529411764706,0.0570549019607843,0.1227058823529411,0.0,0.0044274509803921
2014-07-09 21:00:00,0.5498783783783783,0.0244227799227799,0.0,0.0,0.0919826254826254,0.1271814671814672,0.001,0.0562664092664092,0.0,0.0013841698841698
2014-07-09 22:00:00,0.591978417266187,0.0280503597122302,0.0,0.0,0.1765215827338129,0.1273057553956834,0.001,0.0,0.0,0.0326115107913669
2014-07-09 23:00:00,0.5830790513833992,0.0278260869565217,0.0,0.0,0.151100790513834,0.0756679841897233,0.001,0.0517233201581027,0.0,0.0181205533596837
2014-07-10 00:00:00,0.2562148760330578,0.0224256198347107,0.0,0.0,0.003,0.0159028925619834,0.001,0.0,0.0,0.0037561983471074
2014-07-10 01:00:00,0.2411419878296146,0.025103448275862,0.0,0.0,0.003,0.0164279918864097,0.001,0.0,0.0,0.0019959432048681
2014-07-10 02:00:00,0.2361763485477178,0.0282157676348547,0.0,0.0,0.003,0.0174045643153526,0.001,0.0,0.0,0.0019937759336099
2014-07-10 03:00:00,0.2337775330396475,0.0197841409691629,0.0,0.0,0.0030044052863436,0.0183325991189427,0.001,0.0,0.0,0.0019955947136563
2014-07-10 04:00:00,0.2400555555555555,0.0245235042735042,0.0,0.0,0.003,0.0179273504273504,0.001,0.0,0.0,0.0019893162393162
2014-07-10 05:00:00,0.253565306122449,0.0276795918367346,0.0,0.0,0.003,0.0180775510204081,0.001,0.0,0.0,0.0019938775510204
2014-07-10 06:00:00,0.2302360248447205,0.0193146997929606,0.0,0.0,0.003,0.0151283643892339,0.001,0.0,0.0,0.0019896480331262
2014-07-10 07:00:00,0.2350021459227468,0.0221995708154506,0.0,0.0,0.003,0.0145107296137339,0.001,0.0,0.0,0.001989270386266
2014-07-10 08:00:00,0.264796812749004,0.0316633466135458,0.0,0.0,0.003,0.014605577689243,0.001,0.0,0.0,0.0019960159362549
2014-07-10 09:00:00,0.4980209923664122,0.0250152671755725,0.0,0.0,0.0030019083969465,0.0143511450381679,0.001,0.1221202290076335,0.0,0.0019923664122137
2014-07-10 10:00:00,0.3733992395437263,0.0239733840304182,0.0010893536121673,0.057828897338403,0.003,0.0150912547528517,0.001,0.0393688212927756,0.073,0.0019923954372623
2014-07-10 11:00:00,1.2311,0.0279418181818181,0.0151763636363636,0.7845836363636364,0.0045763636363636,0.0141527272727272,0.001,0.1531309090909091,0.0,0.03206
2014-07-10 12:00:00,0.7351782363977486,0.0204634146341463,0.0,0.499562851782364,0.0070018761726078,0.0146191369606003,0.001,0.0,0.0,0.002
2014-07-10 13:00:00,0.5398673076923077,0.0238442307692307,0.0,0.0,0.006951923076923,0.11405,0.001,0.0767923076923076,0.0,0.002
2014-07-10 14:00:00,0.4562410546139359,0.0361996233521657,0.0,0.0,0.0069924670433145,0.0222561205273069,0.001,0.0606892655367231,0.0,0.0265687382297551
2014-07-10 15:00:00,0.3767029126213592,0.0359320388349514,0.0,0.0,0.0069805825242718,0.0144679611650485,0.001,0.0,0.0,0.0089980582524271
2014-07-10 16:00:00,0.4108010849909584,0.0288698010849909,0.0,0.0,0.0911392405063291,0.0155533453887884,0.001,0.0340307414104882,0.0,0.002
2014-07-10 17:00:00,0.4404630996309963,0.0321328413284132,0.0,0.0,0.1822250922509225,0.0148966789667896,0.001,0.0,0.0,0.002
2014-07-10 18:00:00,0.5369608843537415,0.0399302721088435,0.0,0.0,0.1570051020408163,0.0950238095238095,0.0108792517006802,0.031360544217687,0.0,0.002
2014-07-10 19:00:00,0.4283606870229007,0.0276755725190839,0.0,0.0,0.2193129770992366,0.014942748091603,0.001,0.0,0.0,0.002
2014-07-10 20:00:00,0.6133971486761711,0.0303727087576374,0.0,0.0,0.2389735234215886,0.0197841140529531,0.001,0.0891792260692464,0.0,0.002
2014-07-10 21:00:00,0.5507524752475248,0.0331405940594059,0.0,0.0,0.1824633663366336,0.1109722772277227,0.001,0.0,0.0,0.002
2014-07-10 22:00:00,0.518879518072289,0.0252389558232931,0.0,0.0,0.1530120481927711,0.1251987951807229,0.001,0.0,0.0,0.002
2014-07-10 23:00:00,0.6205050916496945,0.0217372708757637,0.0,0.0,0.161132382892057,0.0148553971486761,0.001,0.1016476578411405,0.0,0.0184541751527494
2014-07-11 00:00:00,0.2214682926829268,0.0248682926829268,0.0,0.0,0.003,0.0155560975609756,0.001,0.0,0.0,0.0
2014-07-11 01:00:00,0.2439788359788359,0.0278571428571428,0.0,0.0,0.003,0.0142857142857142,0.001,0.0,0.0,0.0
2014-07-11 02:00:00,0.2285354969574036,0.0213813387423935,0.0,0.0,0.0030040567951318,0.0140993914807302,0.001,0.0,0.0,0.0
2014-07-11 03:00:00,0.2312,0.0287625,0.0,0.0,0.003,0.0141062499999999,0.001,0.0,0.0,0.0
2014-07-11 04:00:00,0.2533056768558952,0.0306746724890829,0.0,0.0,0.003,0.0158340611353711,0.001,0.0,0.0,0.0
2014-07-11 05:00:00,0.2326555323590814,0.0205156576200417,0.0,0.0,0.0029979123173277,0.0149707724425887,0.001,0.0,0.0,0.0
2014-07-11 06:00:00,0.2397489959839357,0.0232309236947791,0.0,0.0,0.003,0.0142449799196787,0.001,0.0,0.0,0.0
2014-07-11 07:00:00,0.4673158953722334,0.0277082494969818,0.0,0.0,0.0029919517102615,0.0142173038229376,0.001,0.0,0.0,0.0
2014-07-11 08:00:00,0.4458727272727272,0.0212525252525252,0.0,0.0,0.003,0.0143636363636363,0.001,0.1507757575757576,0.0,0.000210101010101
2014-07-11 09:00:00,0.3010515463917526,0.0215237113402061,0.0,0.0,0.0164824742268041,0.0146123711340206,0.001,0.0002969072164948,0.0,0.0464639175257731
2014-07-11 10:00:00,0.658972709551657,0.028074074074074,0.0,0.0,0.1545575048732943,0.0157504873294347,0.0706998050682261,0.0613840155945419,0.0607543859649122,0.0625867446393762
2014-07-11 11:00:00,0.4815399239543726,0.0225171102661597,0.0,0.0,0.1882338403041825,0.0148593155893536,0.001,0.0,0.0,0.046180608365019
2014-07-11 12:00:00,0.5996862745098038,0.0221901960784313,0.0,0.0,0.1686176470588235,0.0998843137254902,0.0171686274509803,0.0772862745098039,0.0,0.0020803921568627
2014-07-11 13:00:00,0.4832205323193916,0.0262091254752851,0.0,0.0,0.178115969581749,0.1008326996197718,0.001,0.0,0.0,7.604562737642585e-06
2014-07-11 14:00:00,0.4333057692307692,0.0256538461538461,0.0,0.0,0.1863442307692307,0.0154826923076923,0.001,0.0,0.0,5.76923076923077e-06
2014-07-11 15:00:00,0.455461693548387,0.0229334677419354,0.0,0.0,0.125875,0.0444556451612903,0.001,0.0644637096774193,0.0,0.0
2014-07-11 16:00:00,0.2258857758620689,0.0267672413793103,0.0,0.0,0.003,0.0148081896551724,0.001,0.0,0.0,0.0
2014-07-11 17:00:00,0.2282012072434607,0.0279859154929577,0.0,0.0,0.003,0.0149416498993963,0.001,0.0,0.0,0.0
2014-07-11 18:00:00,1.0102211155378489,0.0216474103585657,0.0,0.0,0.003,0.0653725099601593,0.001,0.0,0.0,0.0
2014-07-11 19:00:00,0.4077283950617284,0.0250205761316872,0.0,0.0,0.003,0.1265555555555555,0.0106131687242798,0.0597201646090535,0.0,0.0
2014-07-11 20:00:00,0.4031405622489959,0.0285943775100401,0.0,0.0,0.1755481927710843,0.0287048192771084,0.001,0.0,0.0,2.008032128514056e-06
2014-07-11 21:00:00,0.3981026119402985,0.0232779850746268,0.0,0.0,0.1818115671641791,0.0141902985074626,0.001,0.0,0.0,7.462686567164179e-06
2014-07-11 22:00:00,0.4469713701431492,0.0212781186094069,0.0,0.0,0.1568854805725971,0.072803680981595,0.001,0.0,0.0,0.0
2014-07-11 23:00:00,0.4161049723756906,0.0273499079189686,0.0,0.0,0.1882891344383057,0.0149355432780847,0.001,0.0,0.0,7.366482504604052e-06
2014-07-12 00:00:00,0.2525609756097561,0.0242947154471544,0.0,0.0,0.0199674796747967,0.015420731707317,0.001,0.0,0.0,0.0
2014-07-12 01:00:00,0.2249501992031872,0.0202629482071713,0.0,0.0,0.003,0.0146932270916334,0.001,0.0,0.0,0.0
2014-07-12 02:00:00,0.2299700598802395,0.0246806387225548,0.0,0.0,0.003,0.0156626746506986,0.001,0.0,0.0,0.0
2014-07-12 03:00:00,0.2188012552301255,0.0272092050209205,0.0,0.0,0.003,0.0142133891213389,0.001,0.0,0.0,0.0
2014-07-12 04:00:00,0.2222174796747967,0.02075,0.0,0.0,0.0030020325203252,0.0159186991869918,0.001,0.0,0.0,0.0
2014-07-12 05:00:00,0.2462240663900415,0.0243547717842323,0.0,0.0,0.003,0.0149356846473029,0.001,0.0,0.0,0.0
2014-07-12 06:00:00,0.2246186612576065,0.028393509127789,0.0,0.0,0.0029959432048681,0.0141338742393509,0.001,0.0,0.0,0.0
2014-07-12 07:00:00,0.2271806451612903,0.0226408602150537,0.0,0.0,0.003,0.0141268817204301,0.001,0.0,0.0,0.0
2014-07-12 08:00:00,0.2677081784386617,0.0194293680297397,0.0,0.0,0.003,0.0154665427509293,0.001,0.0,0.0,0.0
2014-07-12 09:00:00,0.3058710865561694,0.0244696132596685,0.0,0.0,0.003,0.0141399631675874,0.001,0.0,0.0,0.0
2014-07-12 10:00:00,0.3079117647058824,0.0307647058823529,0.0,0.0,0.0313096885813148,0.0146176470588235,0.001,0.0,0.0,0.0
2014-07-12 11:00:00,0.4668434237995825,0.0226868475991649,0.0,0.0,0.003,0.0171315240083507,0.001,0.0,0.0,0.0
2014-07-12 12:00:00,0.8055641547861507,0.0225437881873727,0.0,0.0,0.003,0.01840733197556,0.001,0.0,0.0,0.0
2014-07-12 13:00:00,0.5764699792960662,0.0265693581780538,0.0,0.0,0.003,0.0883043478260869,0.001,0.0384513457556935,0.0,0.0
2014-07-12 14:00:00,1.061624229979466,0.0273408624229979,0.0,0.0,0.003,0.0499609856262833,0.001,0.0,0.0,0.0
2014-07-12 15:00:00,0.4505018450184502,0.0259557195571955,0.0,0.0,0.1794151291512915,0.0180553505535055,0.001,0.0,0.0,0.0
2014-07-12 16:00:00,0.3947334669338677,0.0240821643286573,0.0,0.0,0.1764749498997996,0.0184669338677354,0.001,0.0,0.0,0.0
2014-07-12 17:00:00,0.4504061224489796,0.0239163265306122,0.0,0.0,0.2098204081632653,0.0146367346938775,0.001,0.0,0.0,4.081632653061225e-06
2014-07-12 18:00:00,1.184004048582996,0.0294797570850202,0.0,0.0,0.180744939271255,0.0583097165991902,0.001,0.0,0.0,0.0
2014-07-12 19:00:00,0.6515674603174604,0.0268234126984127,0.0,0.0,0.1526765873015872,0.1267619047619047,0.0160019841269841,0.0615337301587301,0.004063492063492,1.984126984126984e-06
2014-07-12 20:00:00,0.4364529058116232,0.0234829659318637,0.0,0.0,0.1561583166332665,0.0444448897795591,0.001,0.0,0.0,0.0
2014-07-12 21:00:00,0.3991485148514851,0.0256475247524752,0.0,0.0,0.1568930693069307,0.0147980198019801,0.001,0.0,0.0,5.940594059405941e-06
2014-07-12 22:00:00,0.4199163265306122,0.0268408163265306,0.0,0.0,0.1690632653061224,0.0147734693877551,0.001,0.0,0.0,0.0
2014-07-12 23:00:00,0.3799864341085271,0.0291937984496124,0.0,0.0,0.1158468992248062,0.0149922480620155,0.001,0.0,0.0,0.0
2014-07-13 00:00:00,0.2411420454545454,0.0166732954545454,0.0,0.0,0.003,0.0151022727272727,0.001,0.0,0.0,0.0
2014-07-13 01:00:00,0.2288483290488432,0.0257300771208226,0.0,0.0,0.003,0.0146401028277634,0.001,0.0,0.0,0.0
2014-07-13 02:00:00,0.2228053278688524,0.0271536885245901,0.0,0.0,0.003,0.0141700819672131,0.001,0.0,0.0,0.0
2014-07-13 03:00:00,0.2222782426778242,0.0285418410041841,0.0,0.0,0.003,0.0142092050209205,0.001,0.0,0.0,0.0
2014-07-13 04:00:00,0.2254799999999999,0.0278063157894736,0.0,0.0,0.003,0.0158126315789473,0.001,0.0,0.0,0.0
2014-07-13 05:00:00,0.227344017094017,0.0221346153846153,0.0,0.0,0.0030021367521367,0.014792735042735,0.001,0.0,0.0,0.0
2014-07-13 06:00:00,0.2236011787819253,0.0226895874263261,0.0,0.0,0.003,0.0141178781925343,0.001,0.0,0.0,0.0
2014-07-13 07:00:00,0.223730192719486,0.0284432548179871,0.0,0.0,0.003,0.0140728051391862,0.001,0.0,0.0,0.0
2014-07-13 08:00:00,0.2284933920704845,0.0283370044052863,0.0,0.0,0.003,0.0145550660792951,0.001,0.0,0.0,0.0
2014-07-13 09:00:00,0.2662194616977226,0.0248281573498964,0.0,0.0,0.003,0.0173146997929606,0.001,0.0,0.0,0.0
2014-07-13 10:00:00,0.2274518201284796,0.0227922912205567,0.0,0.0,0.003,0.0185310492505353,0.001,0.0,0.0,0.0
2014-07-13 11:00:00,0.3642049180327869,0.0223688524590163,0.0,0.0,0.1544241803278688,0.0184405737704918,0.001,0.0,0.0,0.0
2014-07-13 12:00:00,0.293041067761807,0.0266016427104722,0.0,0.0,0.003,0.0183839835728952,0.001,0.0,0.0,0.0
2014-07-13 13:00:00,0.4452510121457489,0.0293360323886639,0.0,0.0,0.003,0.0769696356275303,0.001,0.0607267206477732,0.0672510121457489,0.0
2014-07-13 14:00:00,0.4168399209486166,0.0277055335968379,0.0,0.0,0.1730079051383399,0.0196304347826086,0.001,0.0,0.0,0.0001600790513833
2014-07-13 15:00:00,0.4074168224299065,0.0262056074766355,0.0,0.0,0.188603738317757,0.0144429906542056,0.001,0.0,0.0,0.0
2014-07-13 16:00:00,0.4813921161825726,0.0225912863070539,0.0,0.0,0.2474958506224066,0.0148962655601659,0.001,0.0,0.0,0.0
2014-07-13 17:00:00,0.484208,0.021682,0.0,0.0,0.153464,0.014664,0.001,0.0900759999999999,0.0,4e-06
2014-07-13 18:00:00,0.3770674846625767,0.0272617586912065,0.0,0.0,0.1228875255623721,0.0154498977505112,0.001,0.0,0.0,0.0352147239263803
2014-07-13 19:00:00,0.2060020920502092,0.0281171548117154,0.0,0.0,0.003,0.0176610878661087,0.001,0.0,0.0,0.0
2014-07-13 20:00:00,0.2134012738853503,0.0231380042462845,0.0,0.0,0.0029978768577494,0.0147006369426751,0.0010021231422505,0.0,0.0,0.0
2014-07-13 21:00:00,0.2114406779661017,0.0221186440677966,0.0,0.0,0.003,0.0140635593220338,0.001,0.0,0.0,0.0
2014-07-13 22:00:00,0.1980255863539445,0.026501066098081,0.0,0.0,0.003,0.0147505330490405,0.001,0.0,0.0,0.0
2014-07-13 23:00:00,0.2108594249201278,0.0290191693290734,0.0,0.0,0.0029936102236421,0.0153258785942492,0.001,0.0,0.0,0.0
2014-07-14 00:00:00,0.3100277777777778,0.0545,0.0,0.0,0.003,0.0140277777777777,0.001,0.0,0.0,0.0
2014-07-14 01:00:00,0.234152749490835,0.0237637474541751,0.0,0.0,0.003,0.0151038696537678,0.001,0.0,0.0,0.0
2014-07-14 02:00:00,0.2002222222222222,0.0228155136268343,0.0,0.0,0.003,0.0159119496855345,0.001,0.0,0.0,0.0
2014-07-14 03:00:00,0.2102648305084745,0.027625,0.0,0.0,0.0030042372881355,0.014697033898305,0.001,0.0,0.0,0.0
2014-07-14 04:00:00,0.2135555555555555,0.0266089743589743,0.0,0.0,0.003008547008547,0.0156388888888888,0.001,0.0,0.0,0.0
2014-07-14 05:00:00,0.2072922755741127,0.0204384133611691,0.0,0.0,0.003,0.0189832985386221,0.001,0.0,0.0,0.0
2014-07-14 06:00:00,0.2006918103448275,0.0202780172413793,0.0,0.0,0.0030043103448275,0.0154719827586206,0.001,0.0,0.0,0.0
2014-07-14 07:00:00,0.2021578947368421,0.0270884210526315,0.0,0.0,0.0030021052631578,0.0140673684210526,0.001,0.0,0.0,0.0
2014-07-14 08:00:00,0.2219156862745098,0.0285372549019607,0.0,0.0,0.0029960784313725,0.0150215686274509,0.001,0.0,0.0,0.0
2014-07-14 09:00:00,0.2524162062615101,0.0210644567219152,0.0,0.0,0.003,0.0153388581952117,0.001,0.0,0.0,0.0
2014-07-14 10:00:00,0.2029952606635071,0.0244952606635071,0.0,0.0,0.0029976303317535,0.0154763033175355,0.001,0.0,0.0,0.0
2014-07-14 11:00:00,0.2028146718146718,0.0278976833976834,0.0,0.0,0.0030057915057915,0.0149420849420849,0.0011621621621621,0.0,0.0,0.0
2014-07-14 12:00:00,0.2004930693069307,0.0285900990099009,0.0,0.0,0.003,0.0140990099009901,0.001,0.0,0.0,0.0
2014-07-14 13:00:00,0.2064826958105646,0.0226684881602914,0.0,0.0,0.003,0.0152222222222222,0.001,0.0,0.0,0.0
2014-07-14 14:00:00,0.2043157894736842,0.0206206896551724,0.0,0.0,0.003,0.0153266787658802,0.001,0.0,0.0,0.0
2014-07-14 15:00:00,0.2084471544715447,0.0253922764227642,0.0,0.0,0.003,0.0149146341463414,0.001,0.0,0.0,0.0
2014-07-14 16:00:00,0.2047392197125256,0.0271437371663244,0.0,0.0,0.0029979466119096,0.0159075975359342,0.001,0.0,0.0,0.0
2014-07-14 17:00:00,0.21160546875,0.02640625,0.0,0.0,0.003,0.01840234375,0.001,0.0,0.0,0.0
2014-07-14 18:00:00,0.2123261296660117,0.0243143418467583,0.0,0.0,0.0030019646365422,0.0179214145383104,0.001,0.0,0.0,0.0
2014-07-14 19:00:00,0.2011336032388664,0.0210526315789473,0.0,0.0,0.003,0.0155404858299595,0.001,0.0,0.0,0.0
2014-07-14 20:00:00,0.2071719367588932,0.0258893280632411,0.0,0.0,0.002994071146245,0.0192707509881422,0.001,0.0,0.0,0.0
2014-07-14 21:00:00,0.2019672131147541,0.0269733606557377,0.0,0.0,0.003,0.0147704918032786,0.001,0.0,0.0,0.0
2014-07-14 22:00:00,0.4110129310344827,0.0237047413793103,0.0,0.0,0.003,0.0148512931034482,0.001,0.0792004310344827,0.0,0.0
2014-07-14 23:00:00,0.3254017094017094,0.0222457264957264,0.0,0.0,0.003,0.0150405982905982,0.001,0.0,0.0,0.0
2014-07-15 00:00:00,0.2317471783295711,0.0231738148984198,0.0,0.0,0.0029977426636568,0.0148577878103837,0.001,0.0,0.0,0.0
2014-07-15 01:00:00,0.2285474137931034,0.0342176724137931,0.0,0.0,0.003,0.0146681034482758,0.001,0.0,0.0,0.0
2014-07-15 02:00:00,0.2301652542372881,0.0281885593220338,0.0,0.0,0.003,0.0141271186440677,0.001,0.0,0.0,0.0
2014-07-15 03:00:00,0.2182167689161554,0.0223353783231083,0.0,0.0,0.0030040899795501,0.0141697341513292,0.001,0.0,0.0,0.0
2014-07-15 04:00:00,0.2214361702127659,0.0203106382978723,0.0,0.0,0.003,0.0160872340425531,0.001,0.0,0.0,0.0
2014-07-15 05:00:00,0.2518329621380846,0.0246436525612472,0.0,0.0,0.003,0.0148218262806236,0.001,0.0,0.0,0.0
2014-07-15 06:00:00,0.2688172484599589,0.0271991786447638,0.0,0.0,0.003,0.0140924024640657,0.001,0.0,0.0,0.0
2014-07-15 07:00:00,0.2256280487804878,0.0266991869918699,0.0,0.0,0.003,0.0140792682926829,0.001,0.0,0.0,0.0
2014-07-15 08:00:00,0.2945600858369099,0.0218476394849785,0.0,0.0,0.003,0.0146287553648068,0.001,0.0685665236051502,0.0,0.0
2014-07-15 09:00:00,0.3474522821576763,0.0236410788381742,0.0,0.0,0.003,0.014402489626556,0.001,0.0759668049792531,0.0,0.0
2014-07-15 10:00:00,0.358650505050505,0.0271535353535353,0.0,0.0,0.0994060606060606,0.0151454545454545,0.001,0.0,0.0,0.0
2014-07-15 11:00:00,0.6057315175097276,0.0274007782101167,0.0,0.0,0.1803151750972762,0.0140953307392996,0.001,0.1144105058365758,0.0,0.0300116731517509
2014-07-15 12:00:00,0.5085310734463276,0.0206892655367231,0.0,0.0,0.1850489642184557,0.0141845574387947,0.001,0.0,0.0,0.078969868173258
2014-07-15 13:00:00,0.6473992395437262,0.0233174904942965,0.0,0.0,0.1748079847908745,0.1006425855513308,0.001,0.1592395437262357,0.0,0.0210988593155893
2014-07-15 14:00:00,0.6102919132149901,0.025171597633136,0.0,0.0,0.2471913214990138,0.051447731755424,0.001,0.0,0.0,0.0013076923076923
2014-07-15 15:00:00,0.5197648221343873,0.0273517786561264,0.0,0.0,0.1435355731225296,0.0140830039525691,0.001,0.0,0.0,0.0748557312252964
2014-07-15 16:00:00,0.4860922431865828,0.0271278825995807,0.0,0.0,0.1038301886792452,0.0156666666666666,0.001,0.0835618448637316,0.0,0.0451215932914046
2014-07-15 17:00:00,0.22150625,0.0207041666666666,0.0,0.0,0.003,0.01563125,0.001,0.0,0.0,0.0010479166666666
2014-07-15 18:00:00,0.268396694214876,0.0252479338842975,0.0,0.0,0.003,0.0184834710743801,0.0327024793388429,0.0,0.0,0.0010413223140495
2014-07-15 19:00:00,0.4829794238683128,0.0276893004115226,0.0,0.0,0.1061028806584362,0.0518888888888888,0.1085041152263374,0.0,0.0,0.0010679012345679
2014-07-15 20:00:00,0.4301403162055336,0.0279387351778656,0.0,0.0,0.003,0.1268853754940711,0.0508794466403162,0.0,0.0,0.0010454545454545
2014-07-15 21:00:00,0.5119937106918239,0.0229937106918239,0.0,0.0,0.0443291404612159,0.1263941299790356,0.001,0.0895073375262054,0.0,0.0012033542976939
2014-07-15 22:00:00,0.555763963963964,0.0197225225225225,0.0,0.0,0.1777801801801801,0.1263693693693693,0.001,0.0,0.0,0.0017297297297297
2014-07-15 23:00:00,0.4783890020366598,0.0275437881873727,0.0,0.0,0.1227596741344195,0.0886985743380855,0.001,0.0,0.0,0.0016334012219959
2014-07-16 00:00:00,0.2313697813121272,0.0265825049701789,0.0,0.0,0.003,0.0147296222664015,0.001,0.0,0.0,0.0010596421471172
2014-07-16 01:00:00,0.222306,0.021486,0.0,0.0,0.003,0.014978,0.001,0.0,0.0,0.001068
2014-07-16 02:00:00,0.2251950207468879,0.0211016597510373,0.0,0.0,0.003,0.0158153526970954,0.001,0.0,0.0,0.0010788381742738
2014-07-16 03:00:00,0.2397913223140496,0.0274979338842975,0.0,0.0,0.003,0.0140847107438016,0.001,0.0,0.0,0.0010847107438016
2014-07-16 04:00:00,0.2220657084188911,0.0298932238193018,0.0,0.0,0.003,0.0157679671457905,0.001,0.0,0.0,0.0010841889117043
2014-07-16 05:00:00,0.2422822757111597,0.0202625820568927,0.0,0.0,0.0030021881838074,0.0149080962800875,0.001,0.0,0.0,0.0010831509846827
2014-07-16 06:00:00,0.2299074803149606,0.0224133858267716,0.0,0.0,0.003,0.0141535433070866,0.001,0.0,0.0,0.0010964566929133
2014-07-16 07:00:00,0.2328025477707006,0.0269405520169851,0.0,0.0,0.003,0.0141656050955414,0.001,0.0,0.0,0.0010594479830148
2014-07-16 08:00:00,0.3216303901437371,0.02452977412731,0.0,0.0,0.0029979466119096,0.0141786447638603,0.001,0.0323757700205338,0.0,0.0010657084188911
2014-07-16 09:00:00,0.4452825203252032,0.0234878048780487,0.0,0.0,0.003,0.015790650406504,0.001,0.0656138211382113,0.0,0.0010752032520325
2014-07-16 10:00:00,0.3285682281059063,0.0220427698574338,0.0,0.0,0.0446985743380855,0.0150468431771894,0.001,0.0,0.0,0.0012423625254582
2014-07-16 11:00:00,0.4294715909090909,0.0276212121212121,0.0,0.0,0.1817329545454545,0.0149943181818181,0.001,0.0,0.0,0.0017443181818181
2014-07-16 12:00:00,0.7848757396449704,0.030887573964497,0.0,0.0,0.1518224852071006,0.0141025641025641,0.0316903353057199,0.0,0.0,0.0022071005917159
2014-07-16 13:00:00,0.4601228406909788,0.022151631477927,0.0,0.0,0.1658694817658349,0.0161266794625719,0.001,0.0,0.0,0.0017696737044145
2014-07-16 14:00:00,0.6821811175337187,0.0234913294797687,0.0,0.0,0.1770462427745665,0.1129306358381503,0.001,0.144150289017341,0.0,0.0017244701348747
2014-07-16 15:00:00,0.5568099999999999,0.025884,0.0,0.0,0.183044,0.114052,0.001,0.0,0.0,0.010646
2014-07-16 16:00:00,0.5876345454545454,0.0274745454545454,0.0,0.0,0.1725181818181818,0.0166418181818181,0.001,0.0584145454545454,0.0,0.0880945454545454
2014-07-16 17:00:00,0.7305149105367793,0.0274771371769383,0.0,0.0,0.1649304174950298,0.0503817097415506,0.0578568588469184,0.0627574552683896,0.0,0.0824671968190854
2014-07-16 18:00:00,0.6652402464065708,0.0247268993839835,0.0,0.0,0.1506488706365503,0.1269733059548254,0.0236468172484599,0.0480349075975359,0.0,0.0637946611909651
2014-07-16 19:00:00,0.6130613861386139,0.022239603960396,0.0,0.0,0.1736514851485148,0.1263564356435643,0.001,0.0,0.0,0.0586178217821782
2014-07-16 20:00:00,0.7063475046210721,0.0273160813308687,0.0,0.0,0.2044602587800369,0.1266155268022181,0.001,0.0942014787430683,0.0,0.0119094269870609
2014-07-16 21:00:00,0.5900053571428572,0.0281357142857142,0.0,0.0,0.1813714285714285,0.1261446428571428,0.001,0.0,0.0,0.0037517857142857
2014-07-16 22:00:00,0.5732801635991821,0.0236073619631901,0.0,0.0,0.1591308793456032,0.1240899795501022,0.001,0.0,0.0,0.0012678936605316
2014-07-16 23:00:00,0.5752462845010616,0.0213333333333333,0.0,0.0,0.1247664543524416,0.0950488322717622,0.001,0.0,0.0,0.0012781316348195
2014-07-17 00:00:00,0.2669245283018868,0.0219454926624737,0.0,0.0,0.003,0.0147295597484276,0.001,0.0,0.0,0.0010125786163522
2014-07-17 01:00:00,0.2511137339055794,0.0276781115879828,0.0,0.0,0.003,0.0151094420600858,0.001,0.0,0.0,0.0010107296137339
2014-07-17 02:00:00,0.2612780172413793,0.0298383620689655,0.0,0.0,0.003,0.0140560344827586,0.001,0.0,0.0,0.0010107758620689
2014-07-17 03:00:00,0.2466571428571428,0.0240061224489795,0.0,0.0,0.003,0.0140714285714285,0.001,0.0,0.0,0.0010102040816326
2014-07-17 04:00:00,0.2704,0.0214868686868686,0.0,0.0,0.0030020202020202,0.0163030303030303,0.001,0.0,0.0,0.0010080808080808
2014-07-17 05:00:00,0.2588704883227176,0.0207622080679405,0.0,0.0,0.003004246284501,0.0168747346072186,0.001,0.0,0.0,0.001004246284501
2014-07-17 06:00:00,0.2615714285714285,0.0274285714285714,0.0,0.0,0.003,0.0143167701863354,0.001,0.0,0.0,0.0009979296066252
2014-07-17 07:00:00,0.5620411522633745,0.0258312757201646,0.0,0.0,0.003,0.0141358024691358,0.001,0.075574074074074,0.0,0.0010102880658436
2014-07-17 08:00:00,0.4011871227364185,0.0212293762575452,0.0,0.0,0.003,0.0141509054325955,0.001,0.0265613682092555,0.0,0.0010080482897384
2014-07-17 09:00:00,0.9050359281437126,0.0289700598802395,0.3023932135728542,0.0,0.003005988023952,0.015129740518962,0.0136946107784431,0.0483413173652694,0.061129740518962,0.001005988023952
2014-07-17 10:00:00,0.7440905660377358,0.0261018867924528,0.0773264150943396,0.0,0.0695264150943396,0.0148754716981132,0.001,0.0404509433962264,0.0,0.0249962264150943
2014-07-17 11:00:00,0.8487827788649707,0.0272778864970645,0.0699158512720156,0.0,0.1795949119373777,0.0141663405088062,0.001,0.1260313111545988,0.0,0.0093248532289628
2014-07-17 12:00:00,0.7112792642140469,0.0278879598662207,0.0,0.0,0.1763695652173913,0.0148695652173913,0.001,0.0,0.0,0.0169096989966555
2014-07-17 13:00:00,0.8152154882154882,0.031087542087542,0.0,0.0,0.1002575757575757,0.1265858585858585,0.001,0.0856010101010101,0.0,0.0422962962962963
2014-07-17 14:00:00,0.5957479131886477,0.0284140233722871,0.0,0.0,0.0069866444073455,0.126779632721202,0.001,0.0,0.0,0.0443455759599332
2014-07-17 15:00:00,0.4405210084033613,0.0312470588235294,0.0,0.0,0.0069764705882352,0.0909159663865546,0.001,0.0583865546218487,0.0,0.0019478991596638
2014-07-17 16:00:00,0.2785899653979239,0.0564965397923875,0.0,0.0,0.0069792387543252,0.0147266435986159,0.001,0.0,0.0,0.001735294117647
2014-07-17 17:00:00,0.2669238476953908,0.0614188376753507,0.0,0.0,0.0068496993987975,0.0225470941883767,0.001,0.0,0.0,0.0023647294589178
2014-07-17 18:00:00,0.2862214022140221,0.0562878228782287,0.0,0.0,0.0067859778597785,0.0162047970479704,0.001,0.0,0.0,0.0016918819188191
2014-07-17 19:00:00,0.5618216318785579,0.0558671726755218,0.0,0.0,0.0069089184060721,0.0764762808349146,0.1305597722960151,0.0394629981024667,0.0,0.001662239089184
2014-07-17 20:00:00,0.5308213627992634,0.057,0.0,0.0,0.006891344383057,0.1268766114180478,0.0443462246777163,0.0585893186003683,0.0,0.0016869244935543
2014-07-17 21:00:00,0.5125456273764258,0.0562205323193916,0.0,0.0,0.0265038022813688,0.1267566539923954,0.001,0.0555931558935361,0.0,0.0017414448669201
2014-07-17 22:00:00,0.5274090909090908,0.0378996212121212,0.0,0.0,0.1871704545454545,0.0670511363636363,0.001,0.0,0.0,0.0016950757575757
2014-07-17 23:00:00,0.3650018903591682,0.0425954631379962,0.0,0.0,0.0717277882797731,0.0191361058601134,0.001,0.0,0.0,0.0013043478260869
2014-07-18 00:00:00,0.2552244897959184,0.0424044526901669,0.0,0.0,0.003,0.019773654916512,0.001,0.0,0.0,0.0010760667903525
2014-07-18 01:00:00,0.2571242937853107,0.0310470809792843,0.0,0.0,0.003,0.0187156308851224,0.001,0.0,0.0,0.0010753295668549
2014-07-18 02:00:00,0.2507329317269076,0.0382068273092369,0.0,0.0,0.003,0.0176385542168674,0.001,0.0,0.0,0.0010441767068273
2014-07-18 03:00:00,0.2575498007968127,0.0326075697211155,0.0,0.0,0.003,0.0155657370517928,0.001,0.0,0.0,0.0010717131474103
2014-07-18 04:00:00,0.2470975609756097,0.0377764227642276,0.0,0.0,0.0029979674796747,0.0157459349593495,0.001,0.0,0.0,0.0010650406504065
2014-07-18 05:00:00,0.2509427402862986,0.025562372188139,0.0,0.0,0.0030040899795501,0.0150143149284253,0.001,0.0,0.0,0.0010490797546012
2014-07-18 06:00:00,0.255370297029703,0.0413128712871287,0.0,0.0,0.003,0.0146772277227722,0.001,0.0,0.0,0.001049504950495
2014-07-18 07:00:00,0.3519959183673469,0.0308224489795918,0.0,0.0,0.003,0.0178020408163265,0.001,0.0,0.0,0.001034693877551
2014-07-18 08:00:00,0.4243298701298701,0.0333870129870129,0.0,0.0,0.003,0.0178285714285714,0.001,0.1141870129870129,0.0,0.001038961038961
2014-07-18 09:00:00,0.2713852459016393,0.0561147540983606,0.0,0.0,0.003,0.0159590163934426,0.001,0.0,0.0,0.0010491803278688
2014-07-18 10:00:00,0.5186987179487179,0.030542735042735,0.0,0.0,0.1726987179487179,0.0142200854700854,0.001,0.0,0.0,0.0701623931623931
2014-07-18 11:00:00,0.7553643263757116,0.0291859582542694,0.0,0.0850417457305502,0.1651024667931688,0.0153130929791271,0.001,0.136146110056926,0.0,0.0791404174573055
2014-07-18 12:00:00,1.3458681672025723,0.0377813504823151,0.0,0.9104598070739548,0.069636655948553,0.0152443729903536,0.001,0.0,0.0,0.0298392282958199
2014-07-18 13:00:00,0.7225728155339806,0.0382213592233009,0.0,0.3816893203883495,0.0069728155339805,0.0142135922330097,0.001,0.0,0.0,0.0012951456310679
2014-07-18 14:00:00,0.5082410147991544,0.0374587737843551,0.0,0.0,0.0069936575052854,0.0606871035940803,0.001,0.1213847780126849,0.0,0.0013171247357293
2014-07-18 15:00:00,0.3743744855967078,0.0306152263374485,0.0,0.0,0.0069650205761316,0.1016913580246913,0.001,0.0055432098765432,0.0,0.0013312757201646
2014-07-18 16:00:00,0.397495126705653,0.03953216374269,0.0,0.0,0.0069844054580896,0.0170097465886939,0.001,0.0,0.0,0.0013352826510721
2014-07-18 17:00:00,0.7271399594320487,0.034129817444219,0.0,0.0,0.085105476673428,0.0179046653144016,0.001,0.0,0.0,0.0012677484787018
2014-07-18 18:00:00,1.442312252964427,0.0300454545454545,0.0,0.0,0.1886106719367589,0.0210513833992094,0.1370513833992095,0.0,0.0,0.0012865612648221
2014-07-18 19:00:00,0.6221171548117155,0.0339665271966527,0.0,0.0,0.1438242677824267,0.1265585774058577,0.0679518828451882,0.0596903765690376,0.0,0.0013221757322175
2014-07-18 20:00:00,0.5270891089108911,0.035469306930693,0.0,0.0,0.1637128712871287,0.1088079207920792,0.001,0.0,0.0,0.0012732673267326
2014-07-18 21:00:00,0.6629011627906977,0.030329457364341,0.0,0.0,0.1682577519379845,0.019375968992248,0.001,0.0,0.0,0.0012480620155038
2014-07-18 22:00:00,0.6686104417670683,0.0286666666666666,0.0,0.0,0.1605562248995984,0.044785140562249,0.001,0.0,0.0,0.0078795180722891
2014-07-18 23:00:00,0.4560967741935484,0.0293187855787476,0.0,0.0,0.1043529411764705,0.0431176470588235,0.001,0.0,0.0,0.017
2014-07-19 00:00:00,0.2449433198380566,0.0294453441295546,0.0,0.0,0.003,0.0147874493927125,0.001,0.0,0.0,0.0010141700404858
2014-07-19 01:00:00,0.2328735177865612,0.0282490118577075,0.0,0.0,0.003,0.0152193675889328,0.001,0.0,0.0,0.0010079051383399
2014-07-19 02:00:00,0.2376091269841269,0.0282996031746031,0.0,0.0,0.003,0.014204365079365,0.001,0.0,0.0,0.0010099206349206
2014-07-19 03:00:00,0.2615786163522012,0.0285639412997903,0.0,0.0,0.003,0.014167714884696,0.001,0.0,0.0,0.0010041928721174
2014-07-19 04:00:00,0.2396536964980544,0.0288210116731517,0.0,0.0,0.003,0.0158210116731517,0.001,0.0,0.0,0.0010019455252918
2014-07-19 05:00:00,0.2439621052631579,0.0276505263157894,0.0,0.0,0.003,0.0147852631578947,0.001,0.0,0.0,0.0010021052631578
2014-07-19 06:00:00,0.3006680327868852,0.0267827868852459,0.0,0.0,0.003,0.0140655737704918,0.001,0.0,0.0,0.001
2014-07-19 07:00:00,0.283560975609756,0.0263325942350332,0.0,0.0,0.003,0.0140798226164079,0.001,0.0,0.0,0.001
2014-07-19 08:00:00,0.3840251046025104,0.0313200836820083,0.0,0.0,0.003,0.0140564853556485,0.001,0.0661673640167364,0.0,0.0010020920502092
2014-07-19 09:00:00,0.4687724425887265,0.0328121085594989,0.0,0.0,0.003,0.0140647181628392,0.0436450939457202,0.1267974947807933,0.0,0.0010104384133611
2014-07-19 10:00:00,0.4834801512287334,0.0298166351606805,0.0,0.0,0.1380056710775047,0.0140831758034026,0.001,0.0,0.0,0.065937618147448
2014-07-19 11:00:00,0.6891433333333333,0.0288633333333333,5.333333333333334e-05,0.0,0.169025,0.0986333333333333,0.001,0.092675,0.0,0.0635616666666666
2014-07-19 12:00:00,0.6314774624373957,0.0340434056761268,0.0,0.0,0.1823021702838063,0.1265175292153589,0.001,0.0,0.0,0.0801018363939899
2014-07-19 13:00:00,0.7981384615384616,0.0354942307692307,0.0,0.0,0.16765,0.1265269230769231,0.001,0.1279692307692307,0.0,0.0690076923076923
2014-07-19 14:00:00,0.5381846153846154,0.0308211538461538,0.0,0.0,0.158475,0.0633557692307692,0.001,0.0,0.0,0.0672346153846153
2014-07-19 15:00:00,0.5676218181818182,0.0283,0.0,0.0,0.1824127272727272,0.0350090909090909,0.0300381818181818,0.0,0.0,0.0835927272727272
2014-07-19 16:00:00,0.6345828460038987,0.0276101364522417,0.0,0.0,0.1825087719298245,0.0167972709551656,0.001,0.0713664717348927,0.0,0.0893294346978557
2014-07-19 17:00:00,0.7335060240963855,0.0297409638554216,0.0,0.0,0.1874116465863453,0.0787871485943775,0.001,0.0425401606425702,0.0,0.0705642570281124
2014-07-19 18:00:00,0.6075783898305085,0.0266419491525423,0.0,0.0,0.1396016949152542,0.1271165254237288,0.0378665254237288,0.0,0.0,0.0542118644067796
2014-07-19 19:00:00,0.6665356415478615,0.0270448065173116,0.0,0.0,0.1396313645621181,0.1266293279022403,0.001,0.0796863543788187,0.0,0.0739572301425662
2014-07-19 20:00:00,0.5711308016877636,0.0247046413502109,0.0,0.0,0.1396708860759493,0.1263523206751055,0.001,0.0,0.0,0.0678227848101265
2014-07-19 21:00:00,0.7095677799607073,0.027320235756385,0.0,0.0,0.1832888015717092,0.1268683693516699,0.001,0.0,0.0,0.059803536345776
2014-07-19 22:00:00,0.7187142857142856,0.0252361904761904,0.0,0.0,0.1859504761904762,0.1182761904761904,0.001,0.0,0.0,0.0625123809523809
2014-07-19 23:00:00,0.490320235756385,0.0248369351669941,0.0,0.0,0.1290098231827111,0.0149273084479371,0.001,0.0,0.0,9.823182711198428e-06
2014-07-20 00:00:00,0.2332539682539682,0.0240416666666666,0.0,0.0,0.003,0.0152738095238095,0.001,0.0,0.0,0.0
2014-07-20 01:00:00,0.2206878850102669,0.025012320328542,0.0,0.0,0.003,0.0146940451745379,0.001,0.0,0.0,0.0
2014-07-20 02:00:00,0.2309237288135593,0.0261292372881355,0.0,0.0,0.003,0.0141758474576271,0.001,0.0,0.0,0.0
2014-07-20 03:00:00,0.2404868686868687,0.0261979797979797,0.0,0.0,0.003,0.0141616161616161,0.001,0.0,0.0,0.0
2014-07-20 04:00:00,0.2251408450704225,0.0265875251509054,0.0,0.0,0.003,0.0159436619718309,0.001,0.0,0.0,0.0
2014-07-20 05:00:00,0.2382410147991543,0.0265919661733615,0.0,0.0,0.0030042283298097,0.0187124735729386,0.001,0.0,0.0,0.0
2014-07-20 06:00:00,0.23035546875,0.02690625,0.0,0.0,0.003,0.018767578125,0.001,0.0,0.0,0.0
2014-07-20 07:00:00,0.2276502057613168,0.0261810699588477,0.0,0.0,0.003,0.0183888888888888,0.001,0.0,0.0,0.0
2014-07-20 08:00:00,0.2973041575492341,0.0264310722100656,0.0,0.0,0.003,0.0182647702407002,0.001,0.0527045951859956,0.0,0.0
2014-07-20 09:00:00,0.2606127744510977,0.0354351297405189,0.0,0.0,0.0029920159680638,0.0146666666666666,0.0232994011976047,0.0040878243512974,0.0,0.0
2014-07-20 10:00:00,0.5322418699186992,0.0269654471544715,0.0,0.0,0.0034390243902439,0.0146666666666666,0.0188719512195121,0.1705975609756097,0.0708211382113821,0.0108760162601626
2014-07-20 11:00:00,0.2919618473895582,0.028656626506024,0.0,0.0,0.006929718875502,0.0173895582329317,0.001,0.0,0.0,0.0422911646586345
2014-07-20 12:00:00,0.4575266393442623,0.0270471311475409,0.0,0.0,0.0069118852459016,0.0854118852459016,0.0205163934426229,0.0221680327868852,0.0,0.0770901639344262
2014-07-20 13:00:00,0.6514948240165631,0.0379792960662525,0.0,0.0,0.0069648033126293,0.1272380952380952,0.001,0.2152298136645962,0.0,0.0146832298136645
2014-07-20 14:00:00,0.5566135458167331,0.0316832669322709,0.0,0.0,0.0069780876494023,0.127113545816733,0.001,0.1167410358565737,0.0,0.0016912350597609
2014-07-20 15:00:00,0.7116888888888888,0.0298,0.0,0.0,0.0069151515151515,0.1269232323232323,0.001,0.0385414141414141,0.0,0.0017131313131313
2014-07-20 16:00:00,0.7598405172413794,0.0265452586206896,0.0,0.0,0.0830926724137931,0.1264913793103448,0.001,0.0858577586206896,0.0,0.0017133620689655
2014-07-20 17:00:00,0.5081680497925312,0.027259336099585,0.0,0.0,0.1448091286307054,0.1263589211618257,0.001,0.0,0.0,0.0016825726141078
2014-07-20 18:00:00,0.4598877338877338,0.0323180873180873,0.0,0.0,0.0069584199584199,0.1264927234927235,0.001,0.0166216216216216,0.0526465696465696,0.0017110187110187
2014-07-20 19:00:00,0.5188287671232876,0.0264063926940639,0.0,0.0,0.0068949771689497,0.1262237442922374,0.0135525114155251,0.0841986301369863,6.84931506849315e-06,0.0254566210045662
2014-07-20 20:00:00,0.3876977329974811,0.0265037783375314,0.0,0.0,0.006808564231738,0.0606146095717884,0.001,0.0265566750629722,0.0,0.0016649874055415
2014-07-20 21:00:00,0.4525183887915937,0.0270665499124343,0.0,0.0,0.0068879159369527,0.0972872154115586,0.001,0.0,0.0,0.0881961471103327
2014-07-20 22:00:00,0.3759276315789473,0.0251140350877192,0.0,0.0,0.0064517543859649,0.1055899122807017,0.001,0.0,0.0,0.0086907894736842
2014-07-20 23:00:00,0.3185931558935361,0.0242490494296577,0.0,0.0,0.0295361216730038,0.0149182509505703,0.001,0.0,0.0,0.0007813688212927
2014-07-21 00:00:00,0.2287742574257426,0.0227683168316831,0.0,0.0,0.003,0.0153485148514851,0.001,0.0,0.0,0.0
2014-07-21 01:00:00,0.2244634146341463,0.0291056910569105,0.0,0.0,0.003,0.0146361788617886,0.001,0.0,0.0,0.0
2014-07-21 02:00:00,0.2352936507936507,0.0245714285714285,0.0,0.0,0.003,0.014079365079365,0.001,0.0,0.0,0.0
2014-07-21 03:00:00,0.2254694736842105,0.0273915789473684,0.0,0.0,0.003,0.0140842105263157,0.001,0.0,0.0,0.0
2014-07-21 04:00:00,0.227792,0.027712,0.0,0.0,0.003,0.016714,0.001,0.0,0.0,0.0
2014-07-21 05:00:00,0.258603813559322,0.0268474576271186,0.0,0.0,0.003,0.018572033898305,0.001,0.0,0.0,0.0
2014-07-21 06:00:00,0.2283883495145631,0.0299456310679611,0.0,0.0,0.003,0.0170349514563106,0.001,0.0,0.0,0.0
2014-07-21 07:00:00,0.2720142857142857,0.0235489795918367,0.0,0.0,0.003,0.0161326530612244,0.001,0.0493938775510204,0.0,0.0
2014-07-21 08:00:00,0.3244004106776181,0.0231334702258726,0.0,0.0,0.003,0.0165975359342915,0.001,0.0698110882956878,0.0,0.0
2014-07-21 09:00:00,0.2918228571428571,0.0234780952380952,0.0,0.0,0.003,0.0319314285714285,0.001,0.0303885714285714,0.0,0.0
2014-07-21 10:00:00,0.4691227154046997,0.0253185378590078,0.0,0.0,0.1495483028720626,0.0148146214099216,0.001,0.0,0.0,0.0784934725848564
2014-07-21 11:00:00,0.6535313092979127,0.0268519924098671,0.0,0.0,0.1818557874762808,0.0154648956356736,0.0305426944971537,0.095662239089184,0.0,0.0680132827324478
2014-07-21 12:00:00,0.7144906937394248,0.0272148900169204,0.0,0.0,0.1854433164128595,0.0141708967851099,0.001,0.0,0.0,0.0774128595600676
2014-07-21 13:00:00,0.6819682274247492,0.0271404682274247,0.0,0.0,0.1810334448160535,0.0152943143812709,0.001,0.1068411371237458,0.0,0.0664949832775919
2014-07-21 14:00:00,0.4804890016920474,0.0271878172588832,0.0,0.0,0.0789001692047377,0.0176040609137055,0.001,0.0,0.0,0.0439560067681895
2014-07-21 15:00:00,0.3928819047619047,0.0280171428571428,0.0,0.0,0.0243104761904761,0.0167085714285714,0.001,0.1033580952380952,0.0,0.0016609523809523
2014-07-21 16:00:00,0.431129363449692,0.0267371663244353,0.0,0.0,0.0622114989733059,0.0172156057494866,0.001,0.0,0.0,0.0017597535934291
2014-07-21 17:00:00,0.5320968992248062,0.0271472868217054,0.0,0.0,0.0877093023255813,0.0254554263565891,0.001,0.0,0.0,0.0205193798449612
2014-07-21 18:00:00,0.6003143459915612,0.0262151898734177,0.0,0.0,0.0068565400843881,0.1268902953586498,0.0538628691983122,0.0,0.0,0.0081308016877637
2014-07-21 19:00:00,0.6297857142857143,0.0287162698412698,0.0,0.0,0.0069623015873015,0.1264682539682539,0.001,0.0,0.0,0.0834722222222222
2014-07-21 20:00:00,0.7621696252465483,0.0246252465483234,0.0,0.0,0.1484102564102564,0.1269763313609467,0.001,0.0470315581854043,0.0,0.0331873767258382
2014-07-21 21:00:00,0.3766731182795699,0.0256924731182795,0.0,0.0,0.0069462365591397,0.1264193548387096,0.001,0.0,0.0,0.0140408602150537
2014-07-21 22:00:00,0.4914872881355932,0.0254025423728813,0.0,0.0,0.0068665254237288,0.1266991525423728,0.0075572033898305,0.073468220338983,0.0,0.0126186440677966
2014-07-21 23:00:00,0.3181022044088176,0.0234048096192384,0.0,0.0,0.005376753507014,0.0570220440881763,0.001,0.0,0.0,6.412825651302605e-05
2014-07-22 00:00:00,0.2300530451866404,0.0235422396856581,0.0,0.0,0.0030019646365422,0.0147308447937131,0.001,0.0,0.0,0.0
2014-07-22 01:00:00,0.2204552631578947,0.0312105263157894,0.0,0.0,0.003,0.0155947368421052,0.001,0.0,0.0,0.0
2014-07-22 02:00:00,0.2320100755667506,0.0293627204030226,0.0,0.0,0.003,0.0141561712846347,0.001,0.0,0.0,0.0
2014-07-22 03:00:00,0.2328093023255814,0.0267976744186046,0.0,0.0,0.003,0.0141023255813953,0.001,0.0,0.0,0.0
2014-07-22 04:00:00,0.2508730964467005,0.0263401015228426,0.0,0.0,0.003,0.0157715736040609,0.001,8.121827411167512e-05,0.0,0.0
2014-07-22 05:00:00,0.2588463414634147,0.0238853658536585,0.0,0.0,0.003,0.0148536585365853,0.001,0.0,0.0,0.0
2014-07-22 06:00:00,0.2314351464435146,0.0227635983263598,0.0,0.0,0.003,0.0140376569037656,0.001,0.0,0.0,0.0
2014-07-22 07:00:00,0.3974471365638766,0.0218546255506607,0.0,0.0,0.003,0.0140462555066079,0.001,0.1057753303964757,0.067522026431718,0.0
2014-07-22 08:00:00,0.3702050113895216,0.0241890660592255,0.0,0.0,0.0281389521640091,0.015134396355353,0.0015580865603644,0.0487038724373576,0.0616469248291571,1.1389521640091117e-05
2014-07-22 09:00:00,0.4156733780760626,0.028062639821029,0.0,0.0,0.1817673378076062,0.0145123042505592,0.001,0.0,0.0,0.000152125279642
2014-07-22 10:00:00,0.4291435523114355,0.0266204379562043,0.0,0.0,0.182323600973236,0.0140413625304136,0.001,0.0,0.0,0.0001630170316301
2014-07-22 11:00:00,0.4948181818181818,0.0273014354066985,0.0,0.0,0.1820574162679425,0.0140406698564593,0.001,0.0,0.0,0.0001052631578947
2014-07-22 12:00:00,0.649165548098434,0.0257829977628635,0.0,0.0,0.1842326621923937,0.0140492170022371,0.0290872483221476,0.0,0.0,9.172259507829976e-05
2014-07-22 13:00:00,0.4790616438356164,0.0260890410958904,0.0,0.0,0.1812602739726027,0.0153812785388127,0.001,0.0,0.0,9.1324200913242e-05
2014-07-22 14:00:00,0.7560320366132723,0.0329839816933638,0.0,0.0,0.1590732265446224,0.0704988558352402,0.001,0.1169016018306636,0.0,0.0001075514874141
2014-07-22 15:00:00,1.0713892773892777,0.0434428904428904,0.0,0.4417902097902098,0.1476923076923076,0.1227529137529137,0.001,0.0434428904428904,0.0,0.0001142191142191
2014-07-22 16:00:00,1.4264288793103448,0.0342090517241379,0.0,0.7841961206896552,0.1728599137931034,0.0140840517241379,0.0096465517241379,0.0,0.0,0.0120926724137931
2014-07-22 17:00:00,1.0277683741648107,0.03056570155902,0.0,0.0014922048997772,0.2929821826280623,0.0146614699331848,0.001,0.0,0.0,0.0136481069042316
2014-07-22 18:00:00,1.5683511777301928,0.0332162740899357,0.0,0.0,0.3508179871520342,0.054475374732334,0.001,0.0728158458244111,0.0,0.0016145610278372
2014-07-22 19:00:00,0.8858868778280542,0.0337239819004524,0.0,0.0,0.3439049773755656,0.1222217194570135,0.0522760180995475,0.0302036199095022,0.0,0.0495565610859728
2014-07-22 20:00:00,0.8671089743589744,0.0299508547008547,0.0,0.0,0.3752564102564102,0.1213162393162393,0.001,0.0,0.0,0.09208547008547
2014-07-22 21:00:00,1.047184331797235,0.0292695852534562,0.0,0.0,0.360610599078341,0.1240138248847926,0.001,0.1031866359447004,0.0,0.0120576036866359
2014-07-22 22:00:00,0.7946768916155419,0.0310490797546012,0.0,0.0,0.3748916155419223,0.080280163599182,0.001,0.0,0.0,0.0095112474437627
2014-07-22 23:00:00,0.6815542406311637,0.0268717948717948,0.0,0.0,0.2951518737672584,0.0149368836291913,0.001,0.0,0.0,0.0069881656804733
2014-07-23 00:00:00,0.4757594433399602,0.0299980119284294,0.0,0.0,0.2176719681908548,0.0152922465208747,0.001,0.0,0.0,0.0069920477137176
2014-09-01 00:00:00,,,,,,,,,,
2014-09-01 01:00:00,,,,,,,,,,
2014-09-01 02:00:00,,,,,,,,,,
2014-09-01 03:00:00,,,,,,,,,,
2014-09-01 04:00:00,,,,,,,,,,
2014-09-01 05:00:00,,,,,,,,,,
2014-09-01 06:00:00,,,,,,,,,,
2014-09-01 07:00:00,,,,,,,,,,
2014-09-01 08:00:00,,,,,,,,,,
2014-09-01 09:00:00,,,,,,,,,,
2014-09-01 10:00:00,,,,,,,,,,
2014-09-01 11:00:00,,,,,,,,,,
2014-09-01 12:00:00,,,,,,,,,,
2014-09-01 13:00:00,,,,,,,,,,
2014-09-01 14:00:00,,,,,,,,,,
2014-09-01 15:00:00,,,,,,,,,,
2014-09-01 16:00:00,0.1775945945945946,0.0,0.0,0.0,0.003,0.0161351351351351,0.001,0.0,0.0,0.0
2014-09-01 17:00:00,0.2089420935412026,0.0262093541202672,0.0,0.0,0.003,0.0123652561247216,0.001,0.0,0.0,0.0
2014-09-01 18:00:00,0.2105100671140939,0.0209149888143176,0.0,0.0,0.0029910514541387,0.0119530201342281,0.001,0.0,0.0,0.0
2014-09-01 19:00:00,0.2165302013422818,0.0204384787472035,0.0,0.0,0.003,0.0120648769574944,0.001,0.0,0.0,0.0
2014-09-01 20:00:00,0.2256659192825112,0.0258632286995515,0.0,0.0,0.0029910313901345,0.0158789237668161,0.001,0.0,0.0,0.0
2014-09-01 21:00:00,0.2100495495495495,0.0223806306306306,0.0,0.0,0.0029977477477477,0.0127252252252252,0.001,0.0,0.0,0.0
2014-09-01 22:00:00,0.2153333333333333,0.021,0.0,0.0,0.003,0.0156959459459459,0.001,0.0,0.0,0.0
2014-09-01 23:00:00,0.2159304932735426,0.0286995515695067,0.0,0.0,0.0030022421524663,0.0131053811659192,0.001,0.0,0.0,0.0
2014-09-02 00:00:00,0.2094606741573033,0.0165842696629213,0.0,0.0,0.0030022471910112,0.0123955056179775,0.001,0.0,0.0,0.0
2014-09-02 01:00:00,0.2053251121076233,0.0244349775784753,0.0,0.0,0.003,0.0127466367713004,0.001,0.0,0.0,0.0
2014-09-02 02:00:00,0.2101411483253588,0.0241100478468899,0.0,0.0,0.003,0.0121650717703349,0.001,0.0,0.0,0.0
2014-09-02 03:00:00,0.2050232018561485,0.0177401392111368,0.0,0.0,0.003,0.0116009280742459,0.001,0.0,0.0,0.0
2014-09-02 04:00:00,0.2382279909706546,0.0234492099322799,0.0,0.0,0.003,0.0115530474040632,0.001,0.0,0.0,0.0
2014-09-02 05:00:00,0.2140156950672645,0.0251031390134529,0.0,0.0,0.003,0.0127331838565022,0.001,0.0,0.0,0.0
2014-09-02 06:00:00,0.2056756152125279,0.0137539149888143,0.0,0.0,0.003,0.0122147651006711,0.001,0.0,0.0,0.0
2014-09-02 07:00:00,0.2098202247191011,0.0239460674157303,0.0,0.0,0.003,0.0114494382022471,0.001,0.0,0.0,0.0
2014-09-02 08:00:00,0.2126935123042505,0.0255570469798657,0.0,0.0,0.003,0.0125883668903803,0.001,0.0,0.0,0.0
2014-09-02 09:00:00,0.2043333333333333,0.0162274774774774,0.0,0.0,0.003,0.0154009009009009,0.001,0.0,0.0,0.0
2014-09-02 10:00:00,0.2123214285714285,0.0251517857142857,0.0,0.0,0.003,0.0120223214285714,0.001,0.0,0.0,0.0
2014-09-02 11:00:00,0.2420337078651685,0.0248089887640449,0.0,0.0,0.003,0.0113820224719101,0.001,0.0,0.0,0.0
2014-09-02 12:00:00,0.2202085201793721,0.0133475336322869,0.0,0.0,0.003,0.0123340807174887,0.001,0.0,0.0,0.0
2014-09-02 13:00:00,0.2124688888888889,0.0255311111111111,0.0,0.0,0.003,0.0115488888888888,0.001,0.0,0.0,0.0
2014-09-02 14:00:00,0.2233698630136986,0.0231757990867579,0.0,0.0,0.003,0.0122716894977168,0.001,0.0,0.0,0.0
2014-09-02 15:00:00,0.2086795454545454,0.0154636363636363,0.0,0.0,0.003,0.0114681818181818,0.001,0.0,0.0,0.0
2014-09-02 16:00:00,0.2108928571428571,0.0264776785714285,0.0,0.0,0.003,0.0116116071428571,0.001,0.0,0.0,0.0
2014-09-02 17:00:00,0.2268873873873873,0.0219977477477477,0.0,0.0,0.0186981981981982,0.0114752252252252,0.001,0.0,0.0,0.0
2014-09-02 18:00:00,0.2079436936936937,0.0174054054054054,0.0,0.0,0.003,0.0118716216216216,0.001,0.0,0.0,0.0
2014-09-02 19:00:00,0.209196388261851,0.0281038374717832,0.0,0.0,0.0030022573363431,0.0114243792325056,0.001,0.0,0.0,0.0
2014-09-02 20:00:00,0.209890625,0.0235066964285714,0.0,0.0,0.003,0.01228125,0.001,0.0,0.0,0.0
2014-09-02 21:00:00,0.2109820224719101,0.0191460674157303,0.0,0.0,0.003,0.0118426966292134,0.001,0.0,0.0,0.0
2014-09-02 22:00:00,0.2128465011286681,0.0279051918735891,0.0,0.0,0.003,0.0114830699774266,0.001,0.0,0.0,0.0
2014-09-02 23:00:00,0.2044876957494407,0.0185838926174496,0.0,0.0,0.003,0.0114675615212527,0.001,0.0,0.0,0.0
2014-09-03 00:00:00,0.2082572706935123,0.0202997762863534,0.0,0.0,0.003,0.0122505592841163,0.001,0.0,0.0,0.0
2014-09-03 01:00:00,0.2090314606741573,0.0260966292134831,0.0,0.0,0.003,0.0120516853932584,0.001,0.0,0.0,0.0
2014-09-03 02:00:00,0.2421483146067415,0.0184943820224719,0.0,0.0,0.0030022471910112,0.012029213483146,0.001,0.0,0.0,0.0
2014-09-03 03:00:00,0.2062696629213483,0.0202921348314606,0.0,0.0,0.0030044943820224,0.0114539325842696,0.001,0.0,0.0,0.0
2014-09-03 04:00:00,0.2068841870824053,0.0296013363028953,0.0,0.0,0.003,0.011380846325167,0.001,0.0,0.0,0.0
2014-09-03 05:00:00,0.2466936936936936,0.0178828828828828,0.0,0.0,0.003,0.01259009009009,0.001,0.0,0.0,0.0
2014-09-03 06:00:00,0.2162144469525959,0.0215959367945823,0.0,0.0,0.003,0.0123611738148984,0.001,0.0,0.0,0.0
2014-09-03 07:00:00,0.2126973094170403,0.0246636771300448,0.0,0.0,0.003,0.0116278026905829,0.001,0.0,0.0,0.0
2014-09-03 08:00:00,0.2063123595505618,0.0212134831460674,0.0,0.0,0.003,0.0116337078651685,0.001,0.0,0.0,0.0
2014-09-03 09:00:00,0.20728285077951,0.0203496659242761,0.0,0.0,0.0030022271714922,0.0115924276169265,0.001,0.0,0.0,0.0
2014-09-03 10:00:00,0.2122847533632287,0.0268183856502242,0.0,0.0,0.003,0.0117219730941704,0.001,0.0,0.0,0.0
2014-09-03 11:00:00,0.2090915178571428,0.0196473214285714,0.0,0.0,0.0030066964285714,0.0128459821428571,0.001,0.0,0.0,0.0
2014-09-03 12:00:00,0.2070044943820224,0.0202224719101123,0.0,0.0,0.003,0.0130741573033707,0.001,0.0,0.0,0.0
2014-09-03 13:00:00,0.2089239373601789,0.0293445190156599,0.0,0.0,0.003,0.0115928411633109,0.001,0.0,0.0,0.0
2014-09-03 14:00:00,0.2059414414414414,0.0212162162162162,0.0,0.0,0.003,0.0116058558558558,0.001,0.0,0.0,0.0
2014-09-03 15:00:00,0.2174151785714285,0.0222455357142857,0.0,0.0,0.0030022321428571,0.0123013392857142,0.001,0.0,0.0,0.0
2014-09-03 16:00:00,0.2144474272930649,0.0261051454138702,0.0,0.0,0.003,0.0123467561521252,0.001,0.0,0.0,0.0
2014-09-03 17:00:00,0.2062299107142857,0.0156941964285714,0.0,0.0,0.003,0.0125290178571428,0.001,0.0,0.0,0.0
2014-09-03 18:00:00,0.2139932584269663,0.0249752808988764,0.0,0.0,0.003,0.0161955056179775,0.001,0.0,0.0,0.0
2014-09-03 19:00:00,0.2146636568848758,0.0258284424379232,0.0,0.0,0.003,0.0122212189616252,0.001,0.0,0.0,0.0
2014-09-03 20:00:00,0.2349121621621621,0.0161081081081081,0.0,0.0,0.003,0.0120337837837837,0.001,0.0,0.0,0.0
2014-09-03 21:00:00,0.2097815315315315,0.0246689189189189,0.0,0.0,0.003,0.0118626126126126,0.001,0.0,0.0,0.0
2014-09-03 22:00:00,0.2113715596330275,0.0227385321100917,0.0,0.0,0.003,0.0118440366972477,0.001,0.0,0.0,0.0
2014-09-03 23:00:00,0.2137185354691075,0.0161235697940503,0.0,0.0,0.003,0.0122311212814645,0.001,0.0,0.0,0.0
2014-09-04 00:00:00,0.2118348623853211,0.0262637614678899,0.0,0.0,0.0029977064220183,0.0122683486238532,0.001,0.0,0.0,0.0
2014-09-04 01:00:00,0.2067110091743119,0.0226697247706422,0.0,0.0,0.0030022935779816,0.0125022935779816,0.001,0.0,0.0,0.0
2014-09-04 02:00:00,0.2067818181818181,0.0161431818181818,0.0,0.0,0.0030022727272727,0.0147340909090909,0.001,0.0,0.0,0.0
2014-09-04 03:00:00,0.2427803203661327,0.0298558352402746,0.0,0.0,0.0030022883295194,0.0125171624713958,0.001,0.0,0.0,0.0
2014-09-04 04:00:00,0.2548363636363636,0.0199090909090909,0.0,0.0,0.003,0.0114863636363636,0.001,0.0,0.0,0.0
2014-09-04 05:00:00,0.2219553571428571,0.0188214285714285,0.0,0.0,0.003,0.0128794642857142,0.001,0.0,0.0,0.0
2014-09-04 06:00:00,0.2190224215246637,0.0254551569506726,0.0,0.0,0.003,0.0161614349775784,0.001,0.0,0.0,0.0
2014-09-04 07:00:00,0.2063901345291479,0.0176659192825112,0.0,0.0,0.003,0.0125695067264573,0.001,0.0,0.0,0.0
2014-09-04 08:00:00,0.2114606741573033,0.0203303370786516,0.0,0.0,0.003,0.0120786516853932,0.001,0.0,0.0,0.0
2014-09-04 09:00:00,0.2088076062639821,0.0255570469798657,0.0,0.0,0.003,0.0126129753914988,0.001,0.0,0.0,0.0
2014-09-04 10:00:00,0.2094331210191083,0.0226836518046709,0.0,0.0,0.003,0.0125774946921443,0.001,0.0,0.0,0.0
2014-09-04 11:00:00,0.2179848484848485,0.0273063973063973,0.0,0.0,0.003,0.0119545454545454,0.001,0.0,0.0,0.0
2014-09-04 12:00:00,0.2051421319796954,0.0228494077834179,0.0,0.0,0.003,0.0122030456852791,0.001,0.0,0.0,0.0
2014-09-04 13:00:00,0.2195575620767494,0.0232460496613995,0.0,0.0,0.003,0.0118126410835214,0.001,0.0,0.0,0.0
2014-09-04 14:00:00,0.2173333333333333,0.0256620046620046,0.0,0.0,0.003002331002331,0.0131142191142191,0.001,0.0,0.0,0.0
2014-09-04 15:00:00,0.2111732456140351,0.0149780701754385,0.0,0.0,0.003,0.0160153508771929,0.001,0.0,0.0,0.0
2014-09-04 16:00:00,0.2371333333333333,0.0246755555555555,0.0,0.0,0.0220977777777777,0.0158266666666666,0.001,0.0,0.0,0.0
2014-09-04 17:00:00,0.2128851351351351,0.0275585585585585,0.0,0.0,0.003,0.0163896396396396,0.001,0.0,0.0,0.0
2014-09-04 18:00:00,0.2066764705882353,0.0141900452488687,0.0,0.0,0.003,0.0134615384615384,0.001,0.0,0.0,0.0
2014-09-04 19:00:00,0.2107759815242494,0.0273718244803695,0.0,0.0,0.0029930715935334,0.0123002309468822,0.001,0.0,0.0,0.0
2014-09-04 20:00:00,0.2084019370460048,0.024728813559322,0.0,0.0,0.003,0.0120823244552058,0.001,0.0,0.0,0.0
2014-09-04 21:00:00,0.2025728395061728,0.0132641975308641,0.0,0.0,0.003,0.0119629629629629,0.001,0.0,0.0,0.0
2014-09-04 22:00:00,0.219800518134715,0.0268367875647668,0.0,0.0,0.003,0.0143989637305699,0.001,0.0,0.0,0.0
2014-09-04 23:00:00,0.2105667506297229,0.0230377833753148,0.0,0.0,0.003,0.0137455919395466,0.001,0.0,0.0,0.0
2014-09-05 00:00:00,0.214650406504065,0.0157235772357723,0.0,0.0,0.003,0.0122574525745257,0.001,0.0,0.0,0.0
2014-09-05 01:00:00,0.2117676537585421,0.0247767653758542,0.0,0.0,0.003,0.012134396355353,0.001,0.0,0.0,0.0
2014-09-05 02:00:00,0.204688829787234,0.0253643617021276,0.0,0.0,0.003,0.0116063829787234,0.001,0.0,0.0,0.0
2014-09-05 03:00:00,0.218829081632653,0.0160408163265306,0.0,0.0,0.003,0.0116173469387755,0.001,0.0,0.0,0.0
2014-09-05 04:00:00,0.2097539267015707,0.0254502617801047,0.0,0.0,0.003,0.0135680628272251,0.001,0.0,0.0,0.0
2014-09-05 05:00:00,0.2108660714285714,0.0208696428571428,0.0,0.0,0.0029982142857142,0.0120267857142857,0.001,0.0,0.0,0.0
2014-09-05 06:00:00,0.2017015177065767,0.0179342327150084,0.0,0.0,0.003,0.0114131534569983,0.001,0.0,0.0,0.0
2014-09-05 07:00:00,0.2164224343675417,0.0258615751789976,0.0,0.0,0.003,0.0113794749403341,0.001,0.0,0.0,0.0
2014-09-05 08:00:00,0.207781990521327,0.017888625592417,0.0,0.0,0.003,0.0114715639810426,0.001,0.0,0.0,0.0
2014-09-05 09:00:00,0.2178643216080402,0.0208467336683417,0.0,0.0,0.003,0.0122060301507537,0.001,0.0,0.0,0.0
2014-09-05 10:00:00,0.2128965517241379,0.0252881773399014,0.0,0.0,0.003,0.0127413793103448,0.001,0.0,0.0,0.0
2014-09-05 11:00:00,0.2181557894736842,0.0160442105263157,0.0,0.0,0.003,0.0117768421052631,0.001,0.0,0.0,0.0
2014-09-05 12:00:00,0.2104004329004329,0.0222489177489177,0.0,0.0,0.003,0.0114761904761904,0.001,0.0,0.0,0.0
2014-09-05 13:00:00,0.2153995098039215,0.0240294117647058,0.0,0.0,0.003,0.0114779411764705,0.001,0.0,0.0,0.0
2014-09-05 14:00:00,0.2086958424507658,0.0200415754923413,0.0,0.0,0.003,0.012507658643326,0.001,0.0,0.0,0.0
2014-09-05 15:00:00,0.2088581081081081,0.0287972972972972,0.0,0.0,0.003,0.0130315315315315,0.001,0.0,0.0,0.0
2014-09-05 16:00:00,0.2143820754716981,0.0248372641509433,0.0,0.0,0.003,0.0121674528301886,0.001,0.0,0.0,0.0
2014-09-05 17:00:00,0.203147619047619,0.0180309523809523,0.0,0.0,0.0029928571428571,0.011897619047619,0.001,0.0,0.0,0.0
2014-09-05 18:00:00,0.2103668224299065,0.0265841121495327,0.0,0.0,0.003,0.0114228971962616,0.001,0.0,0.0,0.0
2014-09-05 19:00:00,0.2423741339491916,0.0270023094688221,0.0,0.0,0.003,0.0122124711316397,0.001,0.0,0.0,0.0
2014-09-05 20:00:00,0.2442954545454545,0.0166875,0.0,0.0,0.003,0.0119526515151515,0.001,0.0,0.0,0.0
2014-09-05 21:00:00,0.2136424581005586,0.0260409683426443,0.0,0.0,0.0029962756052141,0.0114711359404096,0.001,0.0,0.0,0.0
2014-09-05 22:00:00,0.2076954545454545,0.0231477272727272,0.0,0.0,0.003,0.0114545454545454,0.001,0.0,0.0,0.0
2014-09-05 23:00:00,0.2021309771309771,0.0181683991683991,0.0,0.0,0.003006237006237,0.0122515592515592,0.001,0.0,0.0,0.0
2014-09-06 00:00:00,0.21868,0.025658947368421,0.0,0.0,0.0030042105263157,0.0119136842105263,0.001,0.0,0.0,0.0
2014-09-06 01:00:00,0.2093615221987315,0.0198076109936575,0.0,0.0,0.003,0.0121331923890063,0.001,0.0,0.0,0.0
2014-09-06 02:00:00,0.2102051835853131,0.0198963282937365,0.0,0.0,0.003,0.0114470842332613,0.001,0.0,0.0,0.0
2014-09-06 03:00:00,0.2457317073170731,0.0260332594235033,0.0,0.0,0.003,0.0114368070953436,0.001,0.0,0.0,0.0
2014-09-06 04:00:00,0.2054526748971193,0.0174876543209876,0.0,0.0,0.003,0.012574074074074,0.001,0.0,0.0,0.0
2014-09-06 05:00:00,0.2083953068592058,0.0241642599277978,0.0,0.0,0.003,0.0123610108303249,0.001,0.0,0.0,0.0
2014-09-06 06:00:00,0.2124272388059701,0.025955223880597,0.0,0.0,0.0029962686567164,0.0116175373134328,0.001,0.0,0.0,0.0
2014-09-06 07:00:00,0.2014797891036907,0.0150263620386643,0.0,0.0,0.003,0.0116818980667838,0.001,0.0,0.0,0.0
2014-09-06 08:00:00,0.2129624329159213,0.0247388193202146,0.0,0.0,0.0029982110912343,0.0115867620751341,0.001,0.0,0.0,0.0
2014-09-06 09:00:00,0.214200354609929,0.0255265957446808,0.0,0.0,0.003,0.0116063829787234,0.001,0.0,0.0,0.0
2014-09-06 10:00:00,0.1987183098591549,0.0140387323943661,0.0,0.0,0.003,0.0115968309859154,0.001,0.0,0.0,0.0
2014-09-06 11:00:00,0.2127140255009107,0.0297923497267759,0.0,0.0,0.003,0.0121420765027322,0.001,0.0,0.0,0.0
2014-09-06 12:00:00,0.2123444444444444,0.0232962962962962,0.0,0.0,0.0030018518518518,0.0144444444444444,0.001,0.0,0.0,0.0
2014-09-06 13:00:00,0.2100509666080843,0.0161599297012302,0.0,0.0,0.0030035149384885,0.015866432337434,0.001,0.0,0.0,0.0
2014-09-06 14:00:00,0.2217232472324723,0.0277435424354243,0.0,0.0,0.003,0.0125645756457564,0.001,0.0,0.0,0.0
2014-09-06 15:00:00,0.209015444015444,0.0237606177606177,0.0,0.0,0.003,0.0133204633204633,0.001,0.0,0.0,0.0
2014-09-06 16:00:00,0.2142959183673469,0.0202775510204081,0.0,0.0,0.003,0.0158918367346938,0.001,0.0,0.0,0.0
2014-09-06 17:00:00,0.214534,0.0266299999999999,0.0,0.0,0.003,0.01642,0.001,0.0,0.0,0.0
2014-09-06 18:00:00,0.514996007984032,0.0183253493013972,0.0,0.0,0.003,0.0132714570858283,0.001,0.1522934131736527,0.0,0.0
2014-09-06 19:00:00,0.6672209026128266,0.021793349168646,0.0,0.0,0.003,0.1065700712589073,0.1159881235154394,0.0948147268408551,0.0,0.0
2014-09-06 20:00:00,0.4127327586206896,0.0241350574712643,0.0,0.0,0.003,0.1236436781609195,0.001,0.0,0.0,0.0
2014-09-06 21:00:00,0.4326267409470752,0.0178830083565459,0.0,0.0,0.003,0.1231810584958217,0.001,0.0,0.0,0.0
2014-09-06 22:00:00,0.4330227272727272,0.0149810606060606,0.0,0.0,0.003,0.1231515151515151,0.001,0.0,0.0,0.0
2014-09-06 23:00:00,0.453,0.0,0.0,0.0,0.003,0.123,0.001,0.0,0.0,0.0
2014-09-07 00:00:00,0.453,0.0,0.0,0.0,0.003,0.123,0.001,0.0,0.0,0.0
2014-09-07 01:00:00,0.453,0.0,0.0,0.0,0.003,0.123,0.001,0.0,0.0,0.0
2014-09-07 02:00:00,0.453,0.0,0.0,0.0,0.003,0.123,0.001,0.0,0.0,0.0
2014-09-07 03:00:00,0.453,0.0,0.0,0.0,0.003,0.123,0.001,0.0,0.0,0.0
2014-09-07 04:00:00,0.453,0.0,0.0,0.0,0.003,0.123,0.001,0.0,0.0,0.0
2014-09-07 05:00:00,0.453,0.0,0.0,0.0,0.003,0.123,0.001,0.0,0.0,0.0
2014-09-07 06:00:00,0.453,0.0,0.0,0.0,0.003,0.123,0.001,0.0,0.0,0.0
2014-09-07 07:00:00,0.453,0.0,0.0,0.0,0.003,0.123,0.001,0.0,0.0,0.0
2014-09-07 08:00:00,0.453,0.0,0.0,0.0,0.003,0.123,0.001,0.0,0.0,0.0
2014-09-07 09:00:00,0.453,0.0,0.0,0.0,0.003,0.123,0.001,0.0,0.0,0.0
2014-09-07 10:00:00,0.453,0.0,0.0,0.0,0.003,0.123,0.001,0.0,0.0,0.0
2014-09-07 11:00:00,0.453,0.0,0.0,0.0,0.003,0.123,0.001,0.0,0.0,0.0
2014-09-07 12:00:00,0.7683875598086124,0.0192248803827751,0.0,0.0,0.204645933014354,0.0276746411483253,0.001,0.216311004784689,0.0,0.0
2014-09-07 13:00:00,0.6161086956521739,0.0,0.0,0.0,0.1460217391304347,0.1240434782608695,0.001,0.0,0.0,0.0
2014-09-07 14:00:00,,,,,,,,,,
2014-09-07 15:00:00,,,,,,,,,,
2014-09-07 16:00:00,,,,,,,,,,
2014-09-07 17:00:00,0.8035436241610738,0.0193221476510067,0.0,0.0,0.1423221476510067,0.1234295302013422,0.001,0.346006711409396,0.0,0.0
2014-09-07 18:00:00,0.5239977272727273,0.0220931818181818,0.0,0.0,0.1438977272727273,0.1229181818181818,0.0230477272727272,0.0059136363636363,0.0,0.0
2014-09-07 19:00:00,0.5987416173570019,0.0166035502958579,0.0,0.0,0.1749368836291913,0.1237140039447731,0.001,0.0,0.0,9.861932938856017e-06
2014-09-07 20:00:00,0.6696363636363636,0.0263522727272727,0.0,0.0,0.1708806818181818,0.1236136363636363,0.001,0.1023030303030303,0.0,3.787878787878788e-06
2014-09-07 21:00:00,0.536975051975052,0.0202453222453222,0.0,0.0,0.1634636174636174,0.123068607068607,0.001,0.0,0.0,0.0
2014-09-07 22:00:00,0.6169229249011857,0.0186541501976284,0.0,0.0,0.1877707509881422,0.0259367588932806,0.001,0.0938596837944664,0.0,0.0
2014-09-07 23:00:00,0.318859649122807,0.025328320802005,0.0,0.0,0.0036716791979949,0.0153609022556391,0.001,0.0,0.0,0.0
2014-09-08 00:00:00,0.2403145161290322,0.0141370967741935,0.0,0.0,0.003,0.0132701612903225,0.001,0.0,0.0,0.0
2014-09-08 01:00:00,0.2245276752767527,0.0136420664206642,0.0,0.0,0.003,0.0123099630996309,0.001,0.0,0.0,0.0
2014-09-08 02:00:00,0.2344735099337748,0.0247152317880794,0.0,0.0,0.003,0.0115298013245033,0.001,0.0,0.0,0.0
2014-09-08 03:00:00,0.2362877697841726,0.0207386091127098,0.0,0.0,0.003,0.0116354916067146,0.001,0.0,0.0,0.0
2014-09-08 04:00:00,0.2324043321299639,0.019413357400722,0.0,0.0,0.003,0.0127707581227436,0.001,0.0,0.0,0.0
2014-09-08 05:00:00,0.2849244532803181,0.0263240556660039,0.0,0.0,0.003,0.0163817097415506,0.001,0.0,0.0,0.0
2014-09-08 06:00:00,0.2934563894523326,0.0172028397565922,0.0,0.0,0.003,0.0159127789046653,0.001,0.0,0.0,0.0
2014-09-08 07:00:00,0.3093307888040712,0.0293893129770992,0.0,0.0,0.003,0.0121068702290076,0.001,0.0,0.0,0.0
2014-09-08 08:00:00,0.4875397590361445,0.0239253012048192,0.0,0.0,0.003,0.0126265060240963,0.001,0.1536963855421687,0.0,0.0
2014-09-08 09:00:00,0.3281935483870967,0.0171108870967741,0.0,0.0,0.003,0.0130967741935483,0.001,0.0628225806451612,0.0,0.0
2014-09-08 10:00:00,0.2531936274509804,0.0192794117647058,0.0,0.0,0.0030049019607843,0.0122205882352941,0.001,0.0064779411764705,0.0023848039215686,0.0
2014-09-08 11:00:00,0.2283715415019762,0.0267470355731225,0.0,0.0,0.0030079051383399,0.0123063241106719,0.001,0.0,0.0,0.0
2014-09-08 12:00:00,0.4651448979591837,0.0156612244897959,0.0,0.0,0.003,0.0114102040816326,0.054804081632653,0.0541734693877551,0.0,0.0
2014-09-08 13:00:00,0.824116935483871,0.0250927419354838,0.0,0.0,0.1040403225806451,0.0121068548387096,0.1135987903225806,0.1337298387096774,0.0,0.0
2014-09-08 14:00:00,0.8315724907063198,0.026860594795539,0.0,0.0,0.1592788104089219,0.0118289962825278,0.001,0.0543717472118959,0.0,0.0156189591078066
2014-09-08 15:00:00,0.759934131736527,0.0187964071856287,0.0,0.0,0.179437125748503,0.0122215568862275,0.001,0.0638682634730539,0.0,0.1138043912175648
2014-09-08 16:00:00,0.5441663286004057,0.0256673427991886,0.0,0.0,0.1852170385395537,0.0117444219066937,0.001,0.0,0.0,0.1024827586206896
2014-09-08 17:00:00,0.4759939393939394,0.0221595959595959,0.0,0.0,0.1079151515151515,0.0204626262626262,0.001,0.0374747474747474,0.0,0.0224242424242424
2014-09-08 18:00:00,0.4924505747126437,0.0160321839080459,0.0,0.0,0.0069494252873563,0.1240229885057471,0.001,0.0885540229885057,0.0,0.0089103448275862
2014-09-08 19:00:00,0.4373504098360656,0.0278196721311475,0.0,0.0,0.0068852459016393,0.1231905737704918,0.001,0.0,0.0,0.0081352459016393
2014-09-08 20:00:00,0.5648868778280542,0.0191968325791855,0.0,0.0,0.0069683257918552,0.1230339366515837,0.0895610859728506,0.0532171945701357,0.0,0.0081402714932126
2014-09-08 21:00:00,0.6148874172185431,0.0194569536423841,0.0,0.0,0.0069977924944812,0.1236423841059602,0.001,0.1154966887417218,0.0,0.0081501103752759
2014-09-08 22:00:00,0.4457035294117646,0.0286705882352941,0.0,0.0,0.0070258823529411,0.1234188235294117,0.001,0.0,0.0,0.0273482352941176
2014-09-08 23:00:00,0.4875817805383022,0.0169668737060041,0.0,0.0,0.0045217391304347,0.0488136645962732,0.001,0.1085548654244306,0.0,0.0069958592132505
2014-09-09 00:00:00,0.2589403973509933,0.0226887417218543,0.0,0.0,0.003,0.0120154525386313,0.001,0.0,0.0,0.0069867549668874
2014-09-09 01:00:00,0.2457852494577006,0.0257375271149674,0.0,0.0,0.003,0.0123557483731019,0.001,0.0,0.0,0.0069934924078091
2014-09-09 02:00:00,0.2524146868250539,0.01485313174946,0.0,0.0,0.003,0.011377969762419,0.001,0.0,0.0,0.0069892008639308
2014-09-09 03:00:00,0.2501581508515815,0.0241435523114355,0.0,0.0,0.003,0.0113868613138686,0.001,0.0,0.0,0.0069878345498783
2014-09-09 04:00:00,0.2733703703703704,0.0267342047930283,0.0,0.0,0.003,0.0125555555555555,0.001,0.0,0.0,0.0069825708061002
2014-09-09 05:00:00,0.3849474835886214,0.0163304157549234,0.0,0.0,0.0029978118161925,0.0124004376367614,0.001,0.1261356673960612,0.0,0.0083654266958424
2014-09-09 06:00:00,0.2576786355475762,0.0246750448833034,0.0,0.0,0.003,0.0115852782764811,0.001,0.0,0.0,0.0069335727109515
2014-09-09 07:00:00,0.4446587436332767,0.0220780984719864,0.0,0.0,0.003,0.0115687606112054,0.001,0.0,0.0,0.0069456706281833
2014-09-09 08:00:00,0.5014632478632479,0.0178666666666666,0.0,0.0,0.003,0.0115863247863247,0.001,0.0,0.0,0.0069145299145299
2014-09-09 09:00:00,0.3312340067340067,0.0252878787878787,0.0,0.0,0.003,0.0122003367003367,0.001,0.0,0.0,0.0069494949494949
2014-09-09 10:00:00,0.3700488215488215,0.0244781144781144,0.0,0.0,0.003,0.0116734006734006,0.001,0.0621481481481481,0.0524225589225589,0.0069242424242424
2014-09-09 11:00:00,0.4061742043551088,0.0216063651591289,0.0,0.0,0.1630988274706867,0.0128994974874371,0.001,0.0,0.0,0.0069514237855946
2014-09-09 12:00:00,0.4273106617647058,0.0295919117647058,0.0,0.0,0.1785716911764706,0.0122904411764705,0.001,0.0,0.0,0.0069834558823529
2014-09-09 13:00:00,0.50392343387471,0.0177424593967517,0.0,0.0,0.1793039443155452,0.0120023201856148,0.054953596287703,0.0,0.0,0.0069907192575406
2014-09-09 14:00:00,0.4781199143468951,0.0221477516059957,0.0,0.0,0.1692269807280514,0.0115588865096359,0.001,0.0512483940042826,0.0,0.007
2014-09-09 15:00:00,0.4302489795918368,0.0259795918367346,0.0,0.0,0.1480653061224489,0.0117775510204081,0.0201918367346938,0.0,0.0,0.018869387755102
2014-09-09 16:00:00,0.5965708154506437,0.0187918454935622,0.0,0.0,0.174763948497854,0.1047854077253218,0.001,0.0,0.0,0.0303111587982832
2014-09-09 17:00:00,0.340908466819222,0.0256819221967963,0.0,0.0,0.0285034324942791,0.0233020594965675,0.001,0.0,0.0,0.0069313501144164
2014-09-09 18:00:00,0.314758389261745,0.021903803131991,0.0,0.0,0.003,0.0116017897091722,0.001,0.0,0.0,0.0069463087248322
2014-09-09 19:00:00,0.2973232758620689,0.0196788793103448,0.0,0.0,0.0029978448275862,0.0120625,0.001,0.0,0.0,0.0069181034482758
2014-09-09 20:00:00,0.2482718676122931,0.0259739952718676,0.0,0.0,0.0029976359338061,0.0120189125295508,0.001,0.0,0.0,0.0069338061465721
2014-09-09 21:00:00,0.2482806603773585,0.0257051886792452,0.0,0.0,0.003,0.0116438679245283,0.001,0.0,0.0,0.0069457547169811
2014-09-09 22:00:00,0.2396565420560747,0.022679906542056,0.0,0.0,0.003,0.0117079439252336,0.001,0.0,0.0,0.0069392523364485
2014-09-09 23:00:00,0.4247971360381862,0.0313150357995226,0.0,0.0,0.003,0.0123914081145584,0.001,0.1217016706443914,0.0,0.006945107398568
2014-09-10 00:00:00,0.2409325,0.018285,0.0,0.0,0.003,0.01209,0.001,0.0,0.0,0.0069574999999999
2014-09-10 01:00:00,0.2559622222222222,0.0263711111111111,0.0,0.0,0.003,0.01208,0.001,0.0,0.0,0.0069422222222222
2014-09-10 02:00:00,0.2462244008714597,0.0228997821350762,0.0,0.0,0.0030130718954248,0.0115228758169934,0.001,0.0,0.0,0.0069346405228758
2014-09-10 03:00:00,0.2333316953316953,0.0167886977886977,0.0,0.0,0.003,0.0115429975429975,0.001,0.0,0.0,0.0069410319410319
2014-09-10 04:00:00,0.2457671232876712,0.025324200913242,0.0,0.0,0.003,0.0127191780821917,0.001,0.0,0.0,0.0069246575342465
2014-09-10 05:00:00,0.2533638497652582,0.0195539906103286,0.0,0.0,0.003,0.012150234741784,0.001,0.0,0.0,0.0069389671361502
2014-09-10 06:00:00,0.2643225806451613,0.0195622119815668,0.0,0.0,0.003,0.0113525345622119,0.001,0.0,0.0,0.0069493087557603
2014-09-10 07:00:00,0.2563386004514672,0.0266365688487584,0.0,0.0,0.003,0.0119255079006772,0.001,0.0,0.0,0.0069300225733634
2014-09-10 08:00:00,0.3017113163972286,0.0196928406466512,0.0,0.0,0.0030046189376443,0.0114018475750577,0.001,0.0620692840646651,0.0,0.00694688221709
2014-09-10 09:00:00,0.3739491150442477,0.0230575221238938,0.0,0.0,0.004612831858407,0.0119955752212389,0.001,0.0237212389380531,0.0331681415929203,0.0344911504424778
2014-09-10 10:00:00,0.8117931654676259,0.0297697841726618,0.0,0.0,0.0387535971223021,0.0128902877697841,0.0011241007194244,0.2017068345323741,0.0705179856115107,0.0080449640287769
2014-09-10 11:00:00,0.5722591006423983,0.0186552462526766,0.0,0.0,0.1871070663811563,0.0116188436830835,0.0445139186295503,0.0,0.0,0.0509379014989293
2014-09-10 12:00:00,0.5790681318681319,0.0253164835164835,0.0,0.0,0.1735186813186813,0.0114087912087912,0.001,0.1287824175824176,0.0,0.0080395604395604
2014-09-10 13:00:00,0.5231731207289293,0.0261230068337129,0.0,0.0,0.1615170842824601,0.0120911161731207,0.001,0.0,0.0,0.0814646924829157
2014-09-10 14:00:00,0.6176709677419354,0.0158172043010752,0.0,0.0,0.1772344086021505,0.012068817204301,0.001,0.0,0.0,0.1284967741935483
2014-09-10 15:00:00,0.8384253112033195,0.030713692946058,0.0,0.0,0.1789211618257261,0.0118236514522821,0.001,0.2203029045643153,0.0,0.1215228215767634
2014-09-10 16:00:00,0.4680039292730844,0.0206758349705304,0.0,0.0,0.1125186640471512,0.0121001964636542,0.001,0.0,0.0,0.1035677799607072
2014-09-10 17:00:00,0.565827935222672,0.0394048582995951,0.0,0.0,0.0069898785425101,0.0388643724696356,0.0635910931174089,0.0840890688259109,0.0,0.0634291497975708
2014-09-10 18:00:00,0.5428582524271844,0.0323106796116504,0.0,0.0,0.0287747572815534,0.1241281553398058,0.0467067961165048,0.0,0.0,0.0397553398058252
2014-09-10 19:00:00,0.5960065359477125,0.0342788671023965,0.0,0.0,0.006995642701525,0.123235294117647,0.001,0.0514662309368191,0.0,0.0644531590413943
2014-09-10 20:00:00,0.5430040567951319,0.0396916835699797,0.0,0.0,0.0069614604462474,0.1231582150101419,0.0010933062880324,0.0698215010141987,0.0,0.0069837728194726
2014-09-10 21:00:00,0.4564521384928717,0.0305865580448065,0.0,0.0,0.0069938900203665,0.1232097759674134,0.0425417515274949,0.0,0.0,0.0069918533604887
2014-09-10 22:00:00,0.5000509554140127,0.0352038216560509,0.0,0.0,0.0070084925690021,0.1233184713375796,0.001,0.0455095541401273,0.0,0.0069893842887473
2014-09-10 23:00:00,0.279341052631579,0.0359115789473684,0.0,0.0,0.0036357894736842,0.0242547368421052,0.001,0.0,0.0,0.0069557894736842
2014-09-11 00:00:00,0.2531354401805869,0.027237020316027,0.0,0.0,0.003,0.0121805869074492,0.001,0.0,0.0,0.0069322799097065
2014-09-11 01:00:00,0.2623006535947712,0.0318997821350762,0.0,0.0,0.003,0.0120283224400871,0.001,0.0,0.0,0.006954248366013
2014-09-11 02:00:00,0.2545333333333333,0.0335655913978494,0.0,0.0,0.003,0.0116236559139784,0.001,0.0,0.0,0.006952688172043
2014-09-11 03:00:00,0.2851234567901234,0.0282304526748971,0.0,0.0,0.003,0.0115925925925925,0.001,0.0,0.0,0.006954732510288
2014-09-11 04:00:00,0.263607476635514,0.0294355140186915,0.0,0.0,0.003,0.0127831775700934,0.001,0.0,0.0,0.0069327102803738
2014-09-11 05:00:00,0.2782394881170018,0.0237001828153564,0.0,0.0,0.003,0.015853747714808,0.001,0.0,0.0,0.006908592321755
2014-09-11 06:00:00,0.2680549898167005,0.0213625254582484,0.0,0.0,0.003,0.0160264765784114,0.001,0.0,0.0,0.0069348268839103
2014-09-11 07:00:00,0.4280338266384778,0.0307463002114164,0.0,0.0,0.003,0.0131627906976744,0.001,0.0893044397463002,0.0466892177589852,0.0069281183932346
2014-09-11 08:00:00,0.2566526315789473,0.0268968421052631,0.0,0.0,0.003,0.012018947368421,0.001,0.0,0.0,0.0069494736842105
2014-09-11 09:00:00,0.4029712525667351,0.0173039014373716,0.0,0.0,0.003,0.0124702258726899,0.001,0.0586837782340862,0.0694373716632443,0.0069301848049281
2014-09-11 10:00:00,1.389738613861386,0.0299504950495049,0.0,0.913479207920792,0.1356950495049505,0.0130950495049504,0.001,0.0,0.0,0.0084910891089108
2014-09-11 11:00:00,1.036179640718563,0.0249481037924151,0.0,0.5403932135728543,0.1867584830339321,0.0115568862275449,0.0194291417165668,0.0,0.0,0.0069820359281437
2014-09-11 12:00:00,0.6246792828685259,0.0197768924302788,0.0,0.0003745019920318,0.1879820717131474,0.0588067729083665,0.001,0.1060438247011952,0.0,0.0069721115537848
2014-09-11 13:00:00,0.6032372881355932,0.0295741525423728,0.0,0.0006588983050847,0.1747627118644067,0.123853813559322,0.001,0.0,0.0,0.0350423728813559
2014-09-11 14:00:00,0.6116294736842105,0.0188652631578947,0.0,0.0007452631578947,0.178098947368421,0.1125936842105263,0.001,0.0,0.0,0.0710778947368421
2014-09-11 15:00:00,0.5664061757719715,0.0232684085510688,0.0,0.0008028503562945,0.1798218527315914,0.0166745843230403,0.001,0.0626532066508313,0.0,0.0080261282660332
2014-09-11 16:00:00,0.7910050632911392,0.0264075949367088,0.0,0.0008278481012658,0.1728835443037974,0.0169367088607594,0.001,0.0,0.0,0.0080455696202531
2014-09-11 17:00:00,1.7137233502538072,0.0142614213197969,0.0,0.0008553299492385,0.147002538071066,0.0166827411167512,0.0370913705583756,0.04698730964467,0.0,0.0080482233502538
2014-09-11 18:00:00,0.7287002341920374,0.0273302107728337,0.0,0.0008618266978922,0.1520889929742388,0.1241943793911007,0.0011077283372365,0.1034800936768149,0.0,0.0080421545667447
2014-09-11 19:00:00,0.5574452926208652,0.0266361323155216,0.0,0.0008854961832061,0.1483715012722646,0.1238320610687022,0.001,0.0,0.0,0.0080229007633587
2014-09-11 20:00:00,0.6579423558897244,0.0204987468671679,0.0,0.0008972431077694,0.138844611528822,0.1233734335839599,0.0011152882205513,0.1116967418546365,0.0,0.0080601503759398
2014-09-11 21:00:00,0.574453488372093,0.0272953488372093,0.0,0.0008906976744186,0.1390116279069767,0.1234302325581395,0.001,0.0,0.0,0.0080720930232558
2014-09-11 22:00:00,0.7051632653061224,0.015344387755102,0.0,0.0008928571428571,0.1514311224489795,0.1006454081632653,0.001,0.1148494897959183,0.0,0.0080561224489795
2014-09-11 23:00:00,0.4058721227621483,0.0235703324808184,0.0,0.0008849104859335,0.0961355498721227,0.0143708439897698,0.001,0.0,0.0,0.0080230179028132
2014-09-12 00:00:00,0.272367396593674,0.0289683698296836,0.0,0.000905109489051,0.003,0.0122311435523114,0.001,0.0,0.0,0.0080170316301703
2014-09-12 01:00:00,0.2562195704057279,0.0134343675417661,0.0,0.0009355608591885,0.003,0.0122004773269689,0.001,0.0,0.0,0.0080214797136038
2014-09-12 02:00:00,0.2524963855421687,0.0250867469879518,0.0,0.0009012048192771,0.0029975903614457,0.0116,0.001,0.0,0.0,0.0080168674698795
2014-09-12 03:00:00,0.2496346153846154,0.0197185314685314,0.0,0.0009265734265734,0.003,0.0115891608391608,0.001,0.0,0.0,0.008020979020979
2014-09-12 04:00:00,0.2482452830188679,0.0196929674099485,0.0,0.0009245283018867,0.003,0.0127701543739279,0.001,0.0,0.0,0.0080188679245283
2014-09-12 05:00:00,0.2591542857142857,0.0233238095238095,0.0,0.0009257142857142,0.003,0.0123028571428571,0.001,0.0,0.0,0.0080228571428571
2014-09-12 06:00:00,0.261125,0.0140612745098039,0.0,0.0009264705882352,0.0029975490196078,0.011406862745098,0.001,0.0,0.0,0.0080122549019607
2014-09-12 07:00:00,0.3352024691358025,0.0245555555555555,0.0,0.0009209876543209,0.003,0.011395061728395,0.001,0.0771086419753086,0.0,0.0080172839506172
2014-09-12 08:00:00,0.3965840909090909,0.031175,0.0,0.0008931818181818,0.003,0.012090909090909,0.001,0.0908113636363636,0.0,0.0080204545454545
2014-09-12 09:00:00,0.4535279279279279,0.0167729729729729,0.0,0.0009207207207207,0.0235621621621621,0.0120558558558558,0.001,0.1095099099099099,0.0587567567567567,0.008036036036036
2014-09-12 10:00:00,0.494,0.0278074957410562,0.0,0.00090800681431,0.1765587734241908,0.0134207836456558,0.001,0.0,0.0,0.0407495741056218
2014-09-12 11:00:00,0.3362419080068143,0.0236507666098807,0.0,0.0008654173764906,0.0646388415672913,0.0124395229982964,0.001,0.0,0.0,0.0178160136286201
2014-09-12 12:00:00,0.2509424703891709,0.0186108291032148,0.0,0.0009323181049069,0.003,0.0114010152284263,0.001,0.0,0.0,0.0069763113367174
2014-09-12 13:00:00,0.3066727879799666,0.0267662771285475,0.0,0.0009382303839732,0.003,0.0121168614357262,0.001,0.0538948247078464,0.0,0.0153522537562604
2014-09-12 14:00:00,0.3255446880269815,0.0217790893760539,0.0,0.000893760539629,0.0067807757166947,0.0122967959527824,0.001,0.0,0.0,0.0573811129848229
2014-09-12 15:00:00,0.2610585284280937,0.0208026755852842,0.0,0.0009113712374581,0.0070284280936454,0.0125451505016722,0.001,0.0,0.0,0.0081538461538461
2014-09-12 16:00:00,0.3278700854700855,0.0256717948717948,0.0,0.0009350427350427,0.0070034188034188,0.0772786324786324,0.001,0.0,0.0,0.0081247863247863
2014-09-12 17:00:00,0.4815344537815126,0.0185462184873949,0.0,0.0008336134453781,0.0069966386554621,0.1232605042016806,0.001,0.0879428571428571,0.0,0.0081882352941176
2014-09-12 18:00:00,0.6501239530988274,0.022465661641541,0.0,0.0,0.0069765494137353,0.123572864321608,0.001,0.1345494137353434,0.0,0.0081373534338358
2014-09-12 19:00:00,0.5193713798977854,0.026243611584327,0.0,0.0,0.006984667802385,0.1235894378194207,0.0866183986371379,0.0,0.0,0.0081771720613287
2014-09-12 20:00:00,0.701409168081494,0.0141884550084889,0.0,0.0,0.1185365025466893,0.1232818336162988,0.001,0.1267758913412563,0.0,0.0296213921901528
2014-09-12 21:00:00,0.6873115318416524,0.0249586919104991,0.0,0.0,0.1689122203098106,0.1234268502581755,0.001,0.0873786574870912,0.0,0.0274698795180722
2014-09-12 22:00:00,0.5495076142131979,0.0253739424703891,0.0,0.0,0.1471252115059221,0.1064365482233502,0.001,0.0,0.0,0.0081742808798646
2014-09-12 23:00:00,0.467,0.0157751277683134,0.0,0.0,0.176304940374787,0.0121976149914821,0.001,0.0,0.0,0.0081516183986371
2014-09-13 00:00:00,0.3127328767123288,0.0298356164383561,0.0,0.0,0.0260753424657534,0.012029109589041,0.001,0.0,0.0,0.0080787671232876
2014-09-13 01:00:00,0.2634920071047957,0.0215737122557726,0.0,0.0,0.003,0.0119662522202486,0.001,0.0,0.0,0.0080603907637655
2014-09-13 02:00:00,0.2538781302170284,0.0184173622704507,0.0,0.0,0.0030016694490818,0.0114240400667779,0.001,0.0,0.0,0.0080617696160267
2014-09-13 03:00:00,0.254328293736501,0.0267753779697624,0.0,0.0,0.003,0.0114535637149028,0.001,0.0,0.0,0.008084233261339
2014-09-13 04:00:00,0.2632785234899328,0.0191157718120805,0.0,0.0,0.0030067114093959,0.0126208053691275,0.001,0.0,0.0,0.0080553691275167
2014-09-13 05:00:00,0.3887225042301184,0.0195786802030456,0.0,0.0,0.003,0.0122724196277495,0.001,0.0979255499153976,0.0,0.0080389170896785
2014-09-13 06:00:00,0.3033697478991596,0.0275058823529411,0.0,0.0,0.003,0.0118134453781512,0.001,0.0,0.0,0.0080789915966386
2014-09-13 07:00:00,0.3269729729729729,0.0185320945945945,0.0,0.0,0.003,0.0159358108108108,0.001,0.0,0.0,0.0080608108108108
2014-09-13 08:00:00,0.5060432612312812,0.0218585690515807,0.0,0.0,0.003,0.0159034941763727,0.001,0.0,0.0,0.0080765391014975
2014-09-13 09:00:00,0.2750634390651085,0.0258681135225375,0.0,0.0,0.003,0.0156544240400667,0.001,0.0,0.0,0.0118681135225375
2014-09-13 10:00:00,0.5045926544240401,0.016135225375626,0.0,0.0,0.0935425709515859,0.0122487479131886,0.001,0.0793489148580968,0.0589933222036727,0.0106227045075125
2014-09-13 11:00:00,0.5104626086956522,0.0241460869565217,0.0,0.0,0.1830939130434782,0.0149060869565217,0.001,0.0,0.0,0.0095078260869565
2014-09-13 12:00:00,0.4879115191986644,0.0250467445742904,0.0,0.0,0.1782404006677796,0.0159415692821368,0.0273522537562604,0.0,0.0,0.0091151919866444
2014-09-13 13:00:00,0.4808066666666666,0.016925,0.0,0.0,0.178965,0.0125066666666666,0.0352583333333333,0.0,0.0,0.0090716666666666
2014-09-13 14:00:00,0.5042685810810811,0.0287162162162162,0.0,0.0,0.1749256756756756,0.0119780405405405,0.001,0.0,0.0,0.0081891891891891
2014-09-13 15:00:00,0.687981512605042,0.0217714285714285,0.0,0.0,0.1448386554621848,0.0512050420168067,0.0166756302521008,0.0580773109243697,0.0,0.0080319327731092
2014-09-13 16:00:00,0.527539363484087,0.0185125628140703,0.0,0.0,0.1632026800670016,0.050785594639866,0.001,0.0,0.0,0.0080636515912897
2014-09-13 17:00:00,0.7584787775891341,0.026427843803056,0.0,0.0,0.1635568760611205,0.0269660441426146,0.001,0.1191409168081494,0.0,0.0080560271646859
2014-09-13 18:00:00,0.8499615384615384,0.0177926421404682,0.0,0.0,0.1441588628762541,0.1235,0.001,0.0220953177257525,0.0,0.0080351170568561
2014-09-13 19:00:00,0.8240687919463087,0.0212533557046979,0.0,0.0,0.1434781879194631,0.1235822147651006,0.001,0.0566241610738255,0.0,0.0080570469798657
2014-09-13 20:00:00,0.630936772046589,0.0270232945091514,0.0,0.0,0.1442545757071547,0.123377703826955,0.001,0.044396006655574,0.0,0.0080515806988352
2014-09-13 21:00:00,0.5166013513513513,0.0159898648648648,0.0,0.0,0.1438344594594594,0.12325,0.001,0.0,0.0,0.0080523648648648
2014-09-13 22:00:00,0.6595008547008547,0.0235247863247863,0.0,0.0,0.1663282051282051,0.0557760683760683,0.001,0.0863247863247863,0.0,0.0080615384615384
2014-09-13 23:00:00,0.4323707482993197,0.0275425170068027,0.0,0.0,0.1029880952380952,0.0123707482993197,0.001,0.0,0.0,0.0080374149659863
2014-09-14 00:00:00,0.2520285234899329,0.0142516778523489,0.0,0.0,0.003,0.0122147651006711,0.001,0.0,0.0,0.0080151006711409
2014-09-14 01:00:00,0.2538457627118644,0.0253593220338983,0.0,0.0,0.003,0.0129966101694915,0.001,0.0,0.0,0.0080203389830508
2014-09-14 02:00:00,0.2541356783919598,0.0240619765494137,0.0,0.0,0.003003350083752,0.0160150753768844,0.001,0.0,0.0,0.0080201005025125
2014-09-14 03:00:00,0.2590436974789916,0.0175327731092437,0.0,0.0,0.0030033613445378,0.0142655462184873,0.001,0.0,0.0,0.008016806722689
2014-09-14 04:00:00,0.2520050761421319,0.0261269035532994,0.0,0.0,0.003,0.0124280879864636,0.001,0.0,0.0,0.0080338409475465
2014-09-14 05:00:00,0.2672252100840336,0.023363025210084,0.0,0.0,0.003,0.0123142857142857,0.001,0.0,0.0,0.0080252100840336
2014-09-14 06:00:00,0.2533525423728813,0.0191627118644067,0.0,0.0,0.003,0.0116559322033898,0.001,0.0,0.0,0.0080118644067796
2014-09-14 07:00:00,0.260043844856661,0.0265531197301854,0.0,0.0,0.003,0.0116677908937605,0.001,0.0,0.0,0.0080134907251264
2014-09-14 08:00:00,0.3259016666666666,0.020175,0.0,0.0,0.003,0.0121983333333333,0.001,0.0750533333333333,0.0,0.008015
2014-09-14 09:00:00,0.4249642248722317,0.0196678023850085,0.0,0.0,0.003,0.0151839863713798,0.0055008517887563,0.0724344122657581,0.0620851788756388,0.0080136286201022
2014-09-14 10:00:00,0.4942847457627118,0.0254322033898305,0.0,0.0,0.003,0.0158559322033898,0.001,0.1247525423728813,3.3898305084745763e-06,0.0080118644067796
2014-09-14 11:00:00,0.7210906040268457,0.0176761744966442,0.0,0.0,0.0956694630872483,0.0158489932885906,0.0461057046979865,0.1337147651006711,0.0609395973154362,0.0080218120805369
2014-09-14 12:00:00,0.5102521008403361,0.0222117647058823,0.0,0.0,0.1849546218487394,0.0158605042016806,0.001,0.0,0.0,0.0080487394957983
2014-09-14 13:00:00,0.6616868686868687,0.0268282828282828,0.0,0.0,0.151047138047138,0.073547138047138,0.001,0.0989090909090909,0.0,0.0081649831649831
2014-09-14 14:00:00,0.5769916247906197,0.0156046901172529,0.0,0.0,0.1792445561139028,0.0158408710217755,0.001,0.0,0.0,0.0621021775544388
2014-09-14 15:00:00,0.72435413153457,0.0256205733558178,0.0,0.0,0.182220910623946,0.0139173693086003,0.001,0.1029898819561551,0.0,0.0658532883642495
2014-09-14 16:00:00,0.7256398659966499,0.0246566164154103,0.0,0.0,0.1610351758793969,0.0118994974874371,0.001,0.0,0.0,0.0870402010050251
2014-09-14 17:00:00,0.9255540765391016,0.0201231281198003,0.0,0.0,0.1597970049916805,0.012549084858569,0.1428252911813644,0.0,0.0,0.0706222961730449
2014-09-14 18:00:00,1.2474707846410684,0.0286560934891485,0.0,0.0,0.1846293823038397,0.0675893155258764,0.1100634390651085,0.1121419031719532,0.0,0.0080267111853088
2014-09-14 19:00:00,0.7707676767676768,0.0227272727272727,0.0,0.0,0.155010101010101,0.1240858585858585,0.1177845117845117,0.0483434343434343,0.0,0.0319040404040404
2014-09-14 20:00:00,0.7172474747474747,0.0198367003367003,0.0,0.0,0.1694225589225589,0.1241868686868686,0.001,0.0,0.0,0.1205319865319865
2014-09-14 21:00:00,0.7316379018612521,0.0275465313028764,0.0,0.0,0.1825313028764805,0.1239509306260575,0.001,0.0,0.0,0.1062131979695431
2014-09-14 22:00:00,0.8307411764705882,0.0151478991596638,0.0,0.0,0.1831294117647058,0.1237478991596638,0.001,0.1129058823529411,0.0,0.0883176470588235
2014-09-14 23:00:00,0.6910452261306533,0.0284271356783919,0.0,0.0,0.1598492462311557,0.123463986599665,0.001,0.0,0.0,0.0480217755443886
2014-09-15 00:00:00,0.4531878172588832,0.0221489001692047,0.0,0.0,0.0397580372250423,0.0191844331641285,0.001,0.0806142131979695,0.0,0.006989847715736
2014-09-15 01:00:00,0.2564046822742474,0.0204933110367892,0.0,0.0,0.003,0.0154632107023411,0.001,0.0,0.0,0.0069849498327759
2014-09-15 02:00:00,0.261955,0.027985,0.0,0.0,0.0030016666666666,0.01384,0.001,0.0,0.0,0.0069833333333333
2014-09-15 03:00:00,0.2562341137123746,0.0163795986622073,0.0,0.0,0.003,0.0114046822742474,0.001,0.0,0.0,0.0069832775919732
2014-09-15 04:00:00,0.255714527027027,0.0295168918918918,0.0,0.0,0.003,0.0126756756756756,0.001,0.0,0.0,0.0069847972972972
2014-09-15 05:00:00,0.2790403361344538,0.0257848739495798,0.0,0.0,0.003,0.0160638655462184,0.001,0.0,0.0,0.0069865546218487
2014-09-15 06:00:00,0.254451048951049,0.0201800699300699,0.0,0.0,0.003,0.0131451048951048,0.001,0.0,0.0,0.0069702797202797
2014-09-15 07:00:00,0.3415951557093425,0.0266193771626297,0.0,0.0,0.0029982698961937,0.0122664359861591,0.001,0.0676038062283737,0.0,0.0069826989619377
2014-09-15 08:00:00,0.366366554054054,0.0146993243243243,0.0,0.0,0.0033733108108108,0.0136351351351351,0.001,0.0591570945945945,0.0,0.0149831081081081
2014-09-15 09:00:00,0.4201734006734007,0.0268265993265993,0.0,0.0,0.007003367003367,0.0145218855218855,0.001,0.0534444444444444,0.0493417508417508,0.043537037037037
2014-09-15 10:00:00,0.4426912878787878,0.0225246212121212,0.0,0.0,0.1657405303030303,0.0147840909090909,0.001,0.0,0.0,0.0080397727272727
2014-09-15 11:00:00,0.4833915254237288,0.0224,0.0,0.0,0.186493220338983,0.014728813559322,0.029928813559322,0.0,0.0,0.0080525423728813
2014-09-15 12:00:00,0.4804881756756757,0.0263412162162162,0.0,0.0,0.1826199324324324,0.0123141891891891,0.001,0.0,0.0,0.0080608108108108
2014-09-15 13:00:00,0.5477403685092128,0.014715242881072,0.0,0.0,0.1688810720268006,0.0679329983249581,0.001,0.053857621440536,0.0,0.0080519262981574
2014-09-15 14:00:00,0.4715171232876712,0.0305530821917808,0.0,0.0,0.1841626712328767,0.0128972602739726,0.001,0.0,0.0,0.0080496575342465
2014-09-15 15:00:00,0.469304424778761,0.0195805309734513,0.0,0.0,0.143470796460177,0.0123911504424778,0.001,0.06549203539823,0.0,0.0080442477876106
2014-09-15 16:00:00,0.4745305084745763,0.0226169491525423,0.0,0.0,0.003,0.1045118644067796,0.001,0.0820135593220339,0.0,0.0080135593220339
2014-09-15 17:00:00,0.3714468802698145,0.0257504215851602,0.0,0.0,0.0029983136593591,0.1234536256323777,0.001,0.0,0.0,0.0080202360876897
2014-09-15 18:00:00,0.4576374367622259,0.0160826306913996,0.0,0.0,0.003,0.1236357504215851,0.0423052276559865,0.0,0.0,0.008008431703204
2014-09-15 19:00:00,0.6558820512820513,0.0273008547008547,0.0,0.0,0.0029982905982905,0.121642735042735,0.0919247863247863,0.1103196581196581,0.0,0.0089880341880341
2014-09-15 20:00:00,0.4926047297297297,0.0188327702702702,0.0,0.0,0.0066114864864864,0.1222989864864864,0.001,0.0274594594594594,0.0,0.0256317567567567
2014-09-15 21:00:00,0.3922284263959391,0.0262250423011844,0.0,0.0,0.0070033840947546,0.1236666666666666,0.001,0.0,0.0,0.0069915397631133
2014-09-15 22:00:00,0.5457159663865546,0.0244705882352941,0.0,0.0,0.0070033613445378,0.1234033613445378,0.001,0.0803865546218487,0.0,0.006981512605042
2014-09-15 23:00:00,0.3410408858603066,0.0193373083475298,0.0,0.0,0.0044855195911413,0.0499574105621805,0.001,0.0,0.0,0.0069301533219761
2014-09-16 00:00:00,0.2693820033955857,0.0281392190152801,0.0,0.0,0.003,0.0126078098471986,0.001,0.0,0.0,0.0069405772495755
2014-09-16 01:00:00,0.2554630872483222,0.0175620805369127,0.0,0.0,0.0030016778523489,0.0123473154362416,0.001,0.0,0.0,0.0069244966442953
2014-09-16 02:00:00,0.2510432612312812,0.0260066555740432,0.0,0.0,0.0030016638935108,0.0113743760399334,0.001,0.0,0.0,0.0069484193011647
2014-09-16 03:00:00,0.2771292517006803,0.0262993197278911,0.0,0.0,0.003,0.0113928571428571,0.001,0.0,0.0,0.0069489795918367
2014-09-16 04:00:00,0.260395309882747,0.0175711892797319,0.0,0.0,0.003,0.0125577889447236,0.001,0.0,0.0,0.0069413735343383
2014-09-16 05:00:00,0.26583,0.02745,0.0,0.0,0.0029983333333333,0.012385,0.001,0.0,0.0,0.0068916666666666
2014-09-16 06:00:00,0.4207568965517241,0.0157931034482758,0.0,0.0,0.003,0.0115724137931034,0.001,0.0,0.0,0.0069310344827586
2014-09-16 07:00:00,0.4525538194444444,0.0269791666666666,0.0,0.0,0.003,0.0116145833333333,0.001,0.0787413194444444,0.0,0.0069097222222222
2014-09-16 08:00:00,0.2734422110552764,0.0229346733668341,0.0,0.0,0.003,0.0125829145728643,0.001,0.0,0.0,0.0069195979899497
2014-09-16 09:00:00,0.6036666666666666,0.0173959390862944,0.0,0.0,0.1559780033840947,0.0123485617597292,0.001,0.0619221658206429,0.0644263959390862,0.0069526226734348
2014-09-16 10:00:00,0.4569848739495798,0.0281294117647058,0.0,0.0,0.1817495798319327,0.0130991596638655,0.001,0.0,0.0,0.0069714285714285
2014-09-16 11:00:00,0.4515346869712352,0.017746192893401,1.6920473773265652e-06,0.0,0.1787021996615905,0.0158612521150592,0.001,0.0,0.0,0.0069864636209813
2014-09-16 12:00:00,0.5375589225589226,0.0260252525252525,0.0,0.0,0.1717693602693602,0.0139309764309764,0.001,0.0,0.0,0.0069949494949494
2014-09-16 13:00:00,0.567438566552901,0.022796928327645,0.0,0.0,0.163575085324232,0.0686962457337884,0.001,0.0590665529010238,0.0,0.0069914675767918
2014-09-16 14:00:00,0.574635,0.02004,0.0,0.0,0.1578133333333333,0.0123633333333333,0.001,0.1155133333333333,0.0,0.04504
2014-09-16 15:00:00,0.5315110356536503,0.0280050933786078,0.0,0.0,0.1840016977928692,0.0120118845500848,0.001,0.0,0.0,0.0837979626485568
2014-09-16 16:00:00,0.6810283806343906,0.0178697829716193,0.0,0.0,0.1801953255425709,0.0129682804674457,0.001,0.1776727879799666,0.0,0.0471285475792988
2014-09-16 17:00:00,0.6073333333333334,0.0394483333333333,0.0,0.0,0.179255,0.0488033333333333,0.0523533333333333,0.0,0.0,0.008755
2014-09-16 18:00:00,0.6720407470288625,0.0391035653650254,0.0,0.0,0.1432275042444821,0.1235857385398981,0.008427843803056,0.070893039049236,0.0,0.0080492359932088
2014-09-16 19:00:00,0.6128465517241379,0.0398689655172413,0.0,0.0,0.1402362068965517,0.1238327586206896,0.001,0.0629258620689655,0.0,0.0080482758620689
2014-09-16 20:00:00,0.5966122448979592,0.0364472789115646,0.0,0.0,0.1512687074829932,0.1240374149659864,0.001,0.0,0.0,0.0080374149659863
2014-09-16 21:00:00,0.5595436241610738,0.0287885906040268,0.0,0.0,0.1504496644295302,0.1237080536912751,0.001,0.0,0.0,0.0080503355704697
2014-09-16 22:00:00,0.6681302816901408,0.0394330985915492,0.0,0.0,0.1811179577464788,0.0568485915492957,0.001,0.0847411971830986,0.0,0.0080475352112676
2014-09-16 23:00:00,0.4959656946826758,0.0285814751286449,0.0,0.0,0.1491835334476844,0.0122161234991423,0.001,0.0,0.0,0.0080583190394511
2014-09-17 00:00:00,0.2675017006802721,0.0359200680272108,0.0,0.0,0.0030085034013605,0.0135272108843537,0.001,0.0,0.0,0.008017006802721
2014-09-17 01:00:00,0.2613299832495812,0.0316298157453936,0.0,0.0,0.003,0.0134840871021775,0.001,0.0,0.0,0.0080117252931323
2014-09-17 02:00:00,0.2925316666666667,0.0306566666666666,0.0,0.0,0.0030016666666666,0.0134749999999999,0.001,0.0,0.0,0.00802
2014-09-17 03:00:00,0.2807757166947723,0.0284536256323777,0.0,0.0,0.0030016863406408,0.0134755480607082,0.001,0.0,0.0,0.0080236087689713
2014-09-17 04:00:00,0.2786436974789916,0.0284285714285714,0.0,0.0,0.003,0.0136117647058823,0.001,0.0,0.0,0.0080218487394957
2014-09-17 05:00:00,0.2689881956155143,0.0244519392917369,0.0,0.0,0.003,0.0136576728499156,0.001,0.0,0.0,0.0080219224283305
2014-09-17 06:00:00,0.2592830820770519,0.0296716917922948,0.0,0.0,0.003,0.0136465661641541,0.001,0.0,0.0,0.0080217755443886
2014-09-17 07:00:00,0.2565308219178082,0.0197842465753424,0.0,0.0,0.003,0.0136592465753424,0.001,0.0,0.0,0.0080222602739726
2014-09-17 08:00:00,0.3980642978003384,0.0300423011844331,0.0,0.0,0.0030016920473773,0.0136649746192893,0.001,0.1032707275803722,0.0,0.0080236886632825
2014-09-17 09:00:00,0.3624264214046823,0.0180785953177257,0.0,0.0,0.0049966555183946,0.0136404682274247,0.001,0.0,0.0,0.0719933110367893
2014-09-17 10:00:00,1.1931663837011883,0.0290390492359932,0.4619694397283532,0.0,0.1178675721561969,0.0136723259762308,0.001,0.0400611205432937,0.0612614601018675,0.0648930390492359
2014-09-17 11:00:00,0.7396416666666666,0.0149033333333333,0.101495,0.0,0.17761,0.0136683333333333,0.001,0.0,0.0,0.0069833333333333
2014-09-17 12:00:00,1.2292218487394957,0.0302302521008403,0.0765277310924369,0.6006336134453781,0.1756739495798319,0.0136050420168067,0.001,0.0,0.0,0.0069714285714285
2014-09-17 13:00:00,1.4718110367892978,0.015329431438127,0.0,0.8234247491638796,0.1523963210702341,0.0136220735785953,0.001,0.0491755852842809,0.0,0.0069782608695652
2014-09-17 14:00:00,0.58016,0.0294366666666666,0.0,0.00234,0.1701949999999999,0.0303166666666666,0.001,0.1021583333333333,0.0,0.0069966666666666
2014-09-17 15:00:00,0.5209221658206429,0.0196192893401015,0.0,0.0,0.1598697123519458,0.0642216582064297,0.001,0.0,0.0,0.0461708967851099
2014-09-17 16:00:00,0.3729052453468697,0.0236717428087986,0.0,0.0,0.020165820642978,0.0277005076142131,0.001,0.0,0.0,0.0778071065989847
2014-09-17 17:00:00,0.2610901502504174,0.0241168614357262,0.0,0.0,0.0069582637729549,0.0189282136894824,0.001,0.0,0.0,0.008033388981636
2014-09-17 18:00:00,0.4057164685908319,0.0203667232597623,0.0,0.0,0.0069830220713073,0.0136044142614601,0.001,0.0783853989813242,0.0,0.0080305602716468
2014-09-17 19:00:00,0.5938431034482758,0.0276655172413793,0.0,0.0,0.0069603448275862,0.1017775862068965,0.0174137931034482,0.0793724137931034,0.0,0.0080362068965517
2014-09-17 20:00:00,0.5850391822827938,0.015686541737649,0.0,0.0,0.0069931856899488,0.1234378194207836,0.001,0.0718790459965928,0.0,0.0080630323679727
2014-09-17 21:00:00,0.4775076660988074,0.0305366269165247,0.0,0.0,0.0069931856899488,0.123954003407155,0.001,0.0,0.0,0.0080494037478705
2014-09-17 22:00:00,0.528097807757167,0.0164165261382799,0.0,0.0,0.0068802698145025,0.1147470489038785,0.001,0.0399915682967959,0.0,0.0080421585160202
2014-09-17 23:00:00,0.3272525252525252,0.0272962962962962,0.0,0.0,0.003,0.01353367003367,0.001,0.0,0.0,0.008016835016835
2014-09-18 00:00:00,0.288994923857868,0.0208510998307952,0.0,0.0,0.003,0.0147884940778341,0.001,0.0,0.0,0.0080084602368866
2014-09-18 01:00:00,0.3375993208828522,0.0254991511035653,0.0,0.0,0.0030016977928692,0.0136723259762308,0.001,0.0,0.0,0.0080186757215619
2014-09-18 02:00:00,0.2723916666666666,0.0268416666666666,0.0,0.0,0.0030016666666666,0.0136283333333333,0.001,0.0,0.0,0.0080183333333333
2014-09-18 03:00:00,0.2442550335570469,0.0162013422818791,0.0,0.0,0.003,0.0136359060402684,0.001,0.0,0.0,0.0080117449664429
2014-09-18 04:00:00,0.3109595278246205,0.029822934232715,0.0,0.0,0.0030016863406408,0.0136880269814502,0.001,0.0,0.0,0.008008431703204
2014-09-18 05:00:00,0.290215,0.0166633333333333,0.0,0.0,0.003,0.013495,0.001,0.0,0.0,0.008015
2014-09-18 06:00:00,0.3227596638655462,0.0277193277310924,0.0,0.0,0.003,0.0144521008403361,0.001,0.0,0.0,0.0080302521008403
2014-09-18 07:00:00,0.3494906303236797,0.0227529812606473,0.0,0.0,0.0030017035775127,0.0149352640545144,0.001,0.0316183986371379,0.0,0.0080187393526405
2014-09-18 08:00:00,0.4296988155668358,0.0190879864636209,0.0,0.0,0.003,0.0135245346869712,0.001,0.0846040609137055,0.0,0.0080084602368866
2014-09-18 09:00:00,0.6304240400667779,0.0272136894824707,0.0,0.0,0.0583021702838063,0.0135542570951585,0.0372687813021702,0.067711185308848,0.0604507512520868,0.0080283806343906
2014-09-18 10:00:00,0.7814581939799331,0.0189314381270903,0.0,0.0,0.1753595317725752,0.0135066889632107,0.001,0.1187458193979933,0.0,0.0080752508361204
2014-09-18 11:00:00,1.3063838383838384,0.0291582491582491,0.0,0.0,0.1532710437710437,0.0135,0.001,0.0,0.0,0.008074074074074
2014-09-18 12:00:00,1.2006509274873525,0.0164300168634064,0.0,0.0,0.1478246205733558,0.0169578414839797,0.001,0.0,0.0,0.0081062394603709
2014-09-18 13:00:00,0.69634179357022,0.0277918781725888,0.0,0.0,0.1669407783417935,0.0135245346869712,0.001,0.1077445008460236,0.0,0.0081167512690355
2014-09-18 14:00:00,0.7406930860033726,0.022618887015177,0.0,0.0,0.3178431703204047,0.0135615514333895,0.001,0.0089173693086003,0.0,0.0081349072512647
2014-09-18 15:00:00,0.8119674657534247,0.0217294520547945,0.0,0.0,0.2304434931506849,0.0134948630136986,0.0249760273972602,0.0814400684931506,0.0,0.0556660958904109
2014-09-18 16:00:00,0.8946468590831919,0.0257028862478777,0.0,0.0,0.1724770797962648,0.0137215619694397,0.0250203735144312,0.0,0.0,0.0571222410865874
2014-09-18 17:00:00,1.8576283783783785,0.0238682432432432,0.0,0.0,0.1688293918918919,0.0278682432432432,0.001,0.0527804054054054,0.0,0.0080236486486486
2014-09-18 18:00:00,0.7497001733102253,0.0255545927209705,0.0,0.0,0.1540155979202772,0.0856499133448873,0.001,0.1056464471403812,0.0,0.0080242634315424
2014-09-18 19:00:00,0.5269183333333333,0.0205733333333333,0.0,0.0,0.1808666666666666,0.01504,0.001,0.0,0.0,0.008035
2014-09-18 20:00:00,0.6451790540540541,0.0274324324324324,0.0,0.0,0.1788885135135135,0.0169628378378378,0.001,0.0898091216216216,0.0,0.0080371621621621
2014-09-18 21:00:00,0.6486368243243243,0.0277466216216216,0.0,0.0,0.1500304054054054,0.1236807432432432,0.001,0.0,0.0,0.0308716216216216
2014-09-18 22:00:00,0.7650253378378378,0.0291334459459459,0.0,0.0,0.1781925675675675,0.1230878378378378,0.001,0.0,0.0,0.1115135135135135
2014-09-18 23:00:00,0.7995833333333334,0.0273033333333333,0.0,0.0,0.1413133333333333,0.11862,0.0194699999999999,0.1395833333333333,0.0,0.0278933333333333
2014-09-19 00:00:00,0.4062131979695431,0.0244111675126903,0.0,0.0,0.0414467005076142,0.013663282571912,0.001,0.0,0.0,0.0079661590524534
2014-09-19 01:00:00,0.2515652920962199,0.0243986254295532,0.0,0.0,0.0030017182130584,0.0135154639175257,0.001,0.0,0.0,0.0069450171821305
2014-09-19 02:00:00,0.2521666666666666,0.025003367003367,0.0,0.0,0.003,0.0135521885521885,0.001,0.0,0.0,0.0069461279461279
2014-09-19 03:00:00,0.2456053511705685,0.0228210702341137,0.0,0.0,0.003,0.0136438127090301,0.001,0.0,0.0,0.0069247491638795
2014-09-19 04:00:00,0.275035,0.0287166666666666,0.0,0.0,0.003,0.0136616666666666,0.001,0.0,0.0,0.0069299999999999
2014-09-19 05:00:00,0.2560609137055837,0.0206565143824027,0.0,0.0,0.003,0.0134416243654822,0.0009983079526226,0.0,0.0,0.0069187817258883
2014-09-19 06:00:00,0.2633023648648648,0.027714527027027,0.0,0.0,0.003,0.0134797297297297,0.001,0.0,0.0,0.0069375
2014-09-19 07:00:00,0.2700384615384615,0.0186304347826086,0.0,0.0,0.003,0.0134548494983277,0.001,0.0,0.0,0.0069030100334448
2014-09-19 08:00:00,0.3203333333333333,0.0344221105527638,0.0,0.0,0.003,0.0134958123953098,0.001,0.0346499162479062,0.0,0.0069480737018425
2014-09-19 09:00:00,0.4039115191986644,0.0163455759599332,0.0,0.0,0.003,0.0134240400667779,0.0254323873121869,0.0793422370617696,0.0,0.0069215358931552
2014-09-19 10:00:00,0.3857290969899665,0.0321755852842809,0.0,0.0,0.003,0.0134782608695652,0.001,0.0352959866220735,0.0615568561872909,0.0069080267558528
2014-09-19 11:00:00,0.2775201342281879,0.0163640939597315,0.0,0.0,0.003,0.0135151006711409,0.027229865771812,0.0,0.0,0.0069379194630872
2014-09-19 12:00:00,0.2790986622073578,0.0288595317725752,0.0,0.0,0.003,0.0134147157190635,0.0253277591973244,0.0,0.0,0.0069147157190635
2014-09-19 13:00:00,0.3143083333333333,0.0206183333333333,0.0,0.0,0.003,0.0134733333333333,0.001,0.0,0.0,0.0069183333333333
2014-09-19 14:00:00,0.3438836424957842,0.0246290050590219,0.0,0.0,0.003,0.0345446880269814,0.0377757166947723,0.0315295109612141,0.0,0.0069224283305227
2014-09-19 15:00:00,0.43567,0.025225,0.0,0.0,0.0801566666666666,0.0761166666666666,0.001,0.0309766666666666,0.0,0.00695
2014-09-19 16:00:00,0.2522,0.0226351851851851,0.0,0.0,0.0086092592592592,0.0135388888888888,0.001,0.0,0.0,0.0069425925925925
2014-09-19 17:00:00,0.4245580952380952,0.027055238095238,0.0,0.0,0.0044628571428571,0.0134647619047619,0.001,0.1345466666666666,0.0,0.0103657142857142
2014-09-19 18:00:00,0.4836046901172529,0.016644891122278,0.0,0.0,0.003,0.1186549413735343,0.0246264656616415,0.0,0.0,0.0110670016750418
2014-09-19 19:00:00,0.6442816666666666,0.0303,0.0,0.0,0.0029966666666666,0.12278,0.0261433333333333,0.130155,0.0,0.0083433333333333
2014-09-19 20:00:00,0.4886998313659358,0.0174097807757166,0.0,0.0,0.003,0.1231433389544688,0.001,0.0,0.0,0.0069342327150084
2014-09-19 21:00:00,0.5021464646464646,0.0424090909090909,0.0,0.0,0.0029882154882154,0.1232424242424242,0.001,0.0,0.0,0.0069175084175084
2014-09-19 22:00:00,0.5159666666666667,0.0337566666666666,0.0,0.0,0.003,0.0945866666666666,0.001,0.0,0.0,0.0081383333333333
2014-09-19 23:00:00,0.2915133779264214,0.0317173913043478,0.0,0.0,0.003,0.0134230769230769,0.001,0.0,0.0,0.0099749163879598
2014-09-20 00:00:00,0.26053231292517,0.0396921768707482,0.0,0.0,0.003,0.0134931972789115,0.001,0.0,0.0,0.0077108843537414
2014-09-20 01:00:00,0.2564899665551839,0.0356053511705685,0.0,0.0,0.003,0.0134113712374581,0.001,0.0,0.0,0.0072959866220735
2014-09-20 02:00:00,0.2640892255892256,0.0314528619528619,0.0,0.0,0.003020202020202,0.0134461279461279,0.001,0.0,0.0,0.0071919191919191
2014-09-20 03:00:00,0.2717647058823529,0.0384621848739495,0.0,0.0,0.003,0.0134067226890756,0.001,0.0,0.0,0.0072184873949579
2014-09-20 04:00:00,0.2842986348122867,0.0195273037542662,0.0,0.0,0.003,0.0135341296928327,0.001,0.0,0.0,0.0071416382252559
2014-09-20 05:00:00,0.2652916666666667,0.0375783333333333,0.0,0.0,0.003,0.0135333333333333,0.001,0.0,0.0,0.0071683333333333
2014-09-20 06:00:00,0.273736301369863,0.0208989726027397,0.0,0.0,0.003,0.0135496575342465,0.001,0.0,0.0,0.0071660958904109
2014-09-20 07:00:00,0.3359881956155143,0.0368212478920742,0.0,0.0,0.0030067453625632,0.0135430016863406,0.001,0.0534519392917369,0.0,0.0070252951096121
2014-09-20 08:00:00,0.5300117647058823,0.0208403361344537,0.0,0.0,0.003,0.013581512605042,0.001,0.0916705882352941,0.0177848739495798,0.006926050420168
2014-09-20 09:00:00,0.6024093178036606,0.0318086522462562,0.0,0.0,0.1173277870216306,0.0135773710482529,0.001,0.0,0.0413710482529118,0.0197354409317803
2014-09-20 10:00:00,0.4142282793867121,0.0163458262350936,0.0,0.0,0.0568449744463373,0.0141396933560477,0.001,0.0,0.0,0.0402061328790459
2014-09-20 11:00:00,0.3283745819397993,0.0302876254180602,0.0,0.0,0.003,0.0158528428093645,0.001,0.0,0.0,0.0068879598662207
2014-09-20 12:00:00,0.2797533333333333,0.017195,0.0,0.0,0.003,0.014735,0.001,0.0,0.0,0.0069266666666666
2014-09-20 13:00:00,0.2528268907563025,0.0301428571428571,0.0,0.0,0.003,0.0135647058823529,0.001,0.0,0.0,0.0069109243697478
2014-09-20 14:00:00,0.2530861486486486,0.0199543918918918,0.0,0.0,0.0030050675675675,0.0154493243243243,0.001,0.0,0.0,0.0069510135135135
2014-09-20 15:00:00,0.272339558573854,0.0233531409168081,0.0,0.0,0.003,0.015899830220713,0.001,0.0,0.0,0.0069100169779286
2014-09-20 16:00:00,0.2569914821124361,0.0245349233390119,0.0,0.0,0.003,0.0140851788756388,0.001,0.0,0.0,0.0069199318568994
2014-09-20 17:00:00,0.2606966666666666,0.0216133333333333,0.0,0.0,0.003,0.013615,0.001,0.0,0.0,0.0069266666666666
2014-09-20 18:00:00,0.5496492411467117,0.0281298482293423,0.0,0.0,0.0029966273187183,0.0136728499156829,0.0009983136593591,0.0,0.0,0.0069207419898819
2014-09-20 19:00:00,0.5693881355932203,0.0180355932203389,0.0,0.0,0.1130355932203389,0.0136135593220338,0.001,0.0,0.0,0.0069677966101694
2014-09-20 20:00:00,0.7068324873096447,0.032,0.0,0.0,0.1606717428087986,0.0740355329949238,0.001,0.0628832487309644,0.0,0.006989847715736
2014-09-20 21:00:00,0.7751364392678869,0.0222828618968386,0.0,0.0,0.1371930116472545,0.0135174708818635,0.0292811980033277,0.1511996672212978,0.0,0.0069866888519134
2014-09-20 22:00:00,0.6231005025125628,0.0251691792294807,0.0,0.0,0.1373182579564489,0.0135494137353433,0.001,0.0,0.0,0.0069849246231155
2014-09-20 23:00:00,0.6912828282828283,0.0297760942760942,0.0,0.0,0.1362239057239057,0.0135622895622895,0.001,0.0625252525252525,0.0,0.0069797979797979
2014-09-21 00:00:00,0.3326923076923077,0.0160384615384615,0.0,0.0,0.0060418060200668,0.0136739130434782,0.001,0.0,0.0,0.0069414715719063
2014-09-21 01:00:00,0.2687312925170068,0.0297636054421768,0.0,0.0,0.0029982993197278,0.0135935374149659,0.001,0.0,0.0,0.0069166666666666
2014-09-21 02:00:00,0.3006661101836393,0.0168647746243739,0.0,0.0,0.003,0.0135642737896494,0.001,0.0,0.0,0.0069215358931552
2014-09-21 03:00:00,0.2450118443316413,0.0244060913705583,0.0,0.0,0.003,0.0135871404399323,0.001,0.0,0.0,0.0069373942470389
2014-09-21 04:00:00,0.2766447811447811,0.0268030303030303,0.0,0.0,0.003,0.0136481481481481,0.001,0.0,0.0,0.0069343434343434
2014-09-21 05:00:00,0.2537340067340067,0.017040404040404,0.0,0.0,0.003,0.0134730639730639,0.001,0.0,0.0,0.0069595959595959
2014-09-21 06:00:00,0.2482654424040066,0.0296227045075125,0.0,0.0,0.003,0.0134974958263772,0.001,0.0,0.0,0.0069432387312186
2014-09-21 07:00:00,0.2537228714524207,0.0177813021702838,0.0,0.0,0.0029966611018363,0.0150033388981636,0.001,0.0,0.0,0.0069365609348914
2014-09-21 08:00:00,0.2623989983305509,0.0216894824707846,0.0,0.0,0.003,0.0157512520868113,0.001,0.0,0.0,0.0069298831385642
2014-09-21 09:00:00,0.4107546218487394,0.0264789915966386,0.0,0.0,0.003,0.0157680672268907,0.001,0.1072957983193277,0.0,0.0069243697478991
2014-09-21 10:00:00,0.4410434056761269,0.0149081803005008,0.0,0.0,0.0931619365609349,0.0157612687813021,0.001,0.0637161936560934,0.0,0.0069632721202003
2014-09-21 11:00:00,0.4880589225589226,0.0283535353535353,0.0,0.0,0.1773451178451178,0.0157542087542087,0.0168333333333333,0.0,0.0,0.0069932659932659
2014-09-21 12:00:00,0.6002212978369384,0.0210848585690515,0.0,0.0,0.1715873544093178,0.0773361064891846,0.001,0.0944908485856905,0.0,0.009422628951747
2014-09-21 13:00:00,0.6493672787979966,0.0225242070116861,0.0,0.0,0.1500884808013355,0.1240901502504173,0.0161135225375626,0.0,0.1027412353923205,0.0104557595993322
2014-09-21 14:00:00,0.6414916387959867,0.0254916387959866,0.0,0.0,0.183510033444816,0.1237959866220735,0.001,0.0535568561872909,0.0,0.0143043478260869
2014-09-21 15:00:00,0.6543435897435897,0.0166068376068376,0.0,0.0,0.1803111111111111,0.1236871794871794,0.001,0.0,0.0,0.0910307692307692
2014-09-21 16:00:00,0.6494046822742475,0.0296204013377926,0.0,0.0,0.1928277591973244,0.1236989966555184,0.001,0.0,0.0,0.072066889632107
2014-09-21 17:00:00,0.6135083333333333,0.017745,0.0,0.0,0.1852133333333333,0.1235666666666666,0.001,0.0,0.0,0.03677
2014-09-21 18:00:00,0.3155726351351351,0.0239172297297297,0.0,0.0,0.0342077702702702,0.0325692567567567,0.001,0.0,0.0,0.0080591216216216
2014-09-21 19:00:00,0.2466496598639455,0.0243656462585034,0.0,0.0,0.0029982993197278,0.0137312925170068,0.001,0.0,0.0,0.0080442176870748
2014-09-21 20:00:00,0.4498537815126051,0.0159899159663865,0.0,0.0,0.003,0.0945848739495798,0.0418873949579831,0.0267361344537815,0.0,0.008053781512605
2014-09-21 21:00:00,0.6098881355932203,0.0276949152542372,0.0,0.0,0.0898661016949152,0.1240322033898305,0.001,0.0533067796610169,0.0,0.0081084745762711
2014-09-21 22:00:00,0.7185357737104825,0.0169051580698835,0.0,0.0,0.180369384359401,0.1239467554076539,0.001,0.0,0.0,0.0616871880199667
2014-09-21 23:00:00,0.6320805369127517,0.0226241610738255,0.0,0.0,0.1370369127516778,0.1000570469798657,0.001,0.0,0.0,0.0703003355704698
2014-09-22 00:00:00,0.2682060301507537,0.0232077051926298,0.0,0.0,0.003001675041876,0.0137202680067001,0.001,0.0,0.0,0.0069346733668341
2014-09-22 01:00:00,0.2594367622259696,0.0185025295109612,0.0,0.0,0.003,0.0139089376053962,0.001,0.0,0.0,0.006964586846543
2014-09-22 02:00:00,0.2418249999999999,0.025455,0.0,0.0,0.003,0.0152483333333333,0.001,0.0,0.0,0.0069383333333333
2014-09-22 03:00:00,0.2434295415959252,0.0164482173174872,0.0,0.0,0.003,0.0135670628183361,0.001,0.0,0.0,0.0069575551782682
2014-09-22 04:00:00,0.2433444816053512,0.0216270903010033,0.0,0.0,0.003,0.0136973244147157,0.001,0.0,0.0,0.0069347826086956
2014-09-22 05:00:00,0.2602546374367622,0.0237301854974704,0.0,0.0,0.003,0.0160050590219224,0.001,0.0,0.0,0.006946037099494
2014-09-22 06:00:00,0.2476917808219178,0.0131061643835616,0.0,0.0,0.003,0.013779109589041,0.001,0.0,0.0,0.0069160958904109
2014-09-22 07:00:00,0.3891697171381031,0.025575707154742,0.0,0.0,0.003,0.0153643926788685,0.001,0.0,0.0,0.006936772046589
2014-09-22 08:00:00,0.3772165820642978,0.0200118443316412,0.0,0.0,0.003,0.0146818950930626,0.001,0.0539543147208121,0.0,0.0069441624365482
2014-09-22 09:00:00,0.3574636209813874,0.0206311336717428,0.0,0.0,0.003,0.0137225042301184,0.019912013536379,0.0765448392554991,0.0,0.0069407783417935
2014-09-22 10:00:00,0.5613403880070547,0.028095238095238,0.0,0.0,0.0970776014109347,0.0136384479717813,0.001,0.1808218694885361,0.0576331569664902,0.0069735449735449
2014-09-22 11:00:00,1.3706247906197655,0.0151959798994974,0.0,0.0,0.1821557788944723,0.013643216080402,0.3484137353433835,0.1246834170854271,0.0,0.0069882747068676
2014-09-22 12:00:00,1.1009882154882156,0.0233821548821548,0.0,0.0,0.1816447811447811,0.0136515151515151,0.0735117845117845,0.0,0.0,0.0069898989898989
2014-09-22 13:00:00,1.6630957264957265,0.0367042735042735,0.0,0.0,0.1772358974358974,0.0136615384615384,0.1495965811965811,0.0651452991452991,0.0614358974358974,0.0304871794871794
2014-09-22 14:00:00,0.9423166666666668,0.01736,0.0,0.0035616666666666,0.1551066666666666,0.0158083333333333,0.049115,0.1462516666666666,0.05509,0.0080516666666666
2014-09-22 15:00:00,1.6066989966555183,0.0290200668896321,0.0,0.868814381270903,0.1775484949832775,0.0137725752508361,0.0021053511705685,0.0,0.0,0.0322040133779264
2014-09-22 16:00:00,1.2556491525423727,0.0197084745762711,0.0,0.5243694915254238,0.1748593220338983,0.013628813559322,0.0011169491525423,0.0,0.0,0.0819271186440678
2014-09-22 17:00:00,0.5618864774624374,0.0241318864774624,0.0,0.0,0.0069716193656093,0.1191001669449081,0.001,0.0,0.0,0.0093272120200333
2014-09-22 18:00:00,0.5839898648648649,0.0222212837837837,0.0,0.0,0.0069172297297297,0.1244577702702702,0.001,0.0,0.0,0.0322905405405405
2014-09-22 19:00:00,0.5255008635578583,0.0179637305699481,0.0,0.0,0.0069948186528497,0.1241174438687392,0.0170017271157167,0.0857115716753022,0.0,0.0118566493955095
2014-09-22 20:00:00,0.5544168067226891,0.0281882352941176,0.0,0.0,0.0070084033613445,0.1236789915966386,0.001,0.0758084033613445,0.0,0.0090016806722689
2014-09-22 21:00:00,0.4070885860306644,0.0137563884156729,0.0,0.0,0.0069982964224872,0.1247120954003407,0.001,0.0,0.0,0.0081533219761499
2014-09-22 22:00:00,0.5068741610738255,0.0301124161073825,0.0,0.0,0.0070100671140939,0.1222114093959731,0.001,0.0,0.0,0.0090469798657718
2014-09-22 23:00:00,0.2915067567567567,0.0195118243243243,0.0,0.0,0.0030912162162162,0.0135101351351351,0.001,0.0,0.0,0.0070050675675675
2014-09-23 00:00:00,0.2578726968174204,0.0208710217755443,0.0,0.0,0.003,0.0137085427135678,0.001,0.0,0.0,0.007001675041876
2014-09-23 01:00:00,0.2681433333333333,0.0259633333333333,0.0,0.0,0.003,0.013595,0.001,0.0,0.0,0.0070083333333333
2014-09-23 02:00:00,0.2507772108843537,0.015438775510204,0.0,0.0,0.0030034013605442,0.0136088435374149,0.001,0.0,0.0,0.0070017006802721
2014-09-23 03:00:00,0.252955,0.0268616666666666,0.0,0.0,0.0030033333333333,0.0136716666666666,0.001,0.0,0.0,0.0070033333333333
2014-09-23 04:00:00,0.2871167512690355,0.0194670050761421,0.0,0.0,0.003,0.0137005076142131,0.001,0.0,0.0,0.0070050761421319
2014-09-23 05:00:00,0.2891761565836299,0.0218434163701067,0.0,0.0,0.003,0.0134946619217081,0.001,0.0,0.0,0.0070017793594306
2014-09-23 06:00:00,0.2569187279151943,0.0240371024734982,0.0,0.0,0.003,0.0135282685512367,0.001,0.0,0.0,0.0070017667844522
2014-09-23 07:00:00,0.3312457912457912,0.0123804713804713,0.0,0.0,0.0030016835016835,0.0134730639730639,0.001,0.0324831649831649,0.0,0.0070117845117845
2014-09-23 08:00:00,0.3537943143812709,0.0271856187290969,0.0,0.0,0.0030016722408026,0.0135234113712374,0.001,0.0403879598662207,0.0,0.0069933110367892
2014-09-23 09:00:00,0.469589898989899,0.0185636363636363,0.0,0.0,0.1341434343434343,0.0135111111111111,0.0203959595959595,0.0,0.0363353535353535,0.007030303030303
2014-09-23 10:00:00,0.4470844370860927,0.0199619205298013,0.0,0.0,0.1820827814569536,0.0135380794701986,0.001,0.0,0.0,0.007023178807947
2014-09-23 11:00:00,0.50150756302521,0.0258739495798319,0.0,0.0,0.180926050420168,0.0134789915966386,0.0350873949579831,0.0,0.0,0.0070201680672268
2014-09-23 12:00:00,1.110690756302521,0.0150218487394957,0.4518857142857143,0.0,0.2703109243697479,0.0135109243697479,0.001,0.0,0.0,0.0070403361344537
2014-09-23 13:00:00,0.8447190388170055,0.0283160813308687,0.0854140480591497,0.0,0.200449168207024,0.0135452865064695,0.001,0.0595970425138632,0.0,0.0070314232902033
2014-09-23 14:00:00,0.5749117117117117,0.0164972972972973,0.0602702702702702,0.0,0.1637297297297297,0.0135549549549549,0.001,0.0,0.0,0.007009009009009
2014-09-23 15:00:00,0.6364759358288771,0.0260748663101604,0.0,0.0,0.1667754010695187,0.0135008912655971,0.001,0.1228645276292335,0.0,0.0070285204991087
2014-09-23 16:00:00,0.5653160535117057,0.0201254180602006,0.0,0.0,0.1635301003344481,0.0227157190635451,0.001,0.0,0.0,0.0776421404682274
2014-09-23 17:00:00,0.681910149750416,0.0211031613976705,0.0,0.0,0.1462595673876872,0.1262978369384359,0.001,0.0,0.0,0.0847088186356073
2014-09-23 18:00:00,0.9649441624365482,0.0244839255499153,0.0,0.0,0.1639407783417935,0.124896785109983,0.001,0.179912013536379,0.0,0.0870033840947546
2014-09-23 19:00:00,0.8736939799331103,0.0157357859531772,0.0,0.0,0.1396270903010033,0.126824414715719,0.1037591973244147,0.0464130434782608,0.0,0.0835969899665551
2014-09-23 20:00:00,0.6518458961474036,0.0271340033500837,0.0,0.0,0.1394438860971524,0.1277453936348408,0.001,0.0,0.0,0.0832412060301507
2014-09-23 21:00:00,0.8139692832764505,0.0161518771331058,0.0,0.0,0.1397474402730375,0.1271672354948805,0.001,0.077037542662116,0.0,0.0847337883959044
2014-09-23 22:00:00,0.7453501683501683,0.024560606060606,0.0,0.0,0.1477373737373737,0.1272777777777777,0.0109629629629629,0.0,0.0,0.1070656565656565
2014-09-23 23:00:00,0.6646133333333334,0.0227033333333333,0.0,0.0,0.1395716666666666,0.1202316666666666,0.001,0.0,0.0,0.0237366666666666
2014-09-24 00:00:00,0.3596560934891485,0.0184273789649415,0.0,0.0,0.0230834724540901,0.0162587646076794,0.001,0.0,0.0,0.0070517529215358
2014-09-24 01:00:00,0.2810083333333333,0.0276066666666666,0.0,0.0,0.003,0.0162433333333333,0.001,0.0,0.0,0.0070333333333333
2014-09-24 02:00:00,0.2562253756260433,0.0137829716193656,0.0,0.0,0.003,0.0162520868113522,0.001,0.0,0.0,0.0070383973288814
2014-09-24 03:00:00,0.2732027027027027,0.0287111486486486,0.0,0.0,0.003,0.0168834459459459,0.001,0.0,0.0,0.0070371621621621
2014-09-24 04:00:00,0.2913601340033501,0.0170619765494137,0.0,0.0,0.003,0.0162311557788944,0.001,0.0,0.0,0.0070201005025125
2014-09-24 05:00:00,0.2852132867132867,0.0244475524475524,0.0,0.0,0.003,0.0162762237762237,0.001,0.0,0.0,0.0070174825174825
2014-09-24 06:00:00,0.2657201426024955,0.0223743315508021,0.0,0.0,0.0029893048128342,0.0162210338680926,0.001,0.0,0.0,0.0070106951871657
2014-09-24 07:00:00,0.3741996615905245,0.0174433164128595,0.0,0.0,0.003,0.0162233502538071,0.001,0.1067901861252115,0.0,0.0070186125211505
2014-09-24 08:00:00,0.266736040609137,0.0269813874788494,0.0,0.0,0.0029966159052453,0.0162047377326565,0.001,0.0,0.0,0.0070473773265651
2014-09-24 09:00:00,0.2591580756013745,0.0136065292096219,0.0,0.0,0.003,0.0162371134020618,0.001,0.0,0.0,0.0070223367697594
2014-09-24 10:00:00,0.4651548821548821,0.0304158249158249,0.0,0.0,0.1263063973063973,0.0161835016835016,0.001,0.0494713804713804,0.0,0.0070959595959595
2014-09-24 11:00:00,0.4579829931972789,0.0170136054421768,0.0,0.0,0.1804319727891156,0.0162057823129251,0.001,0.0,0.0,0.0070833333333333
2014-09-24 12:00:00,0.5070591216216216,0.0236452702702702,0.0,0.0,0.1727195945945945,0.0161570945945945,0.0274679054054054,0.0,0.0,0.0070878378378378
2014-09-24 13:00:00,0.4506126878130217,0.0223906510851419,0.0,0.0,0.1821302170283806,0.0162020033388981,0.001,0.0,0.0,0.0071068447412353
2014-09-24 14:00:00,0.4705154109589041,0.020542808219178,0.0,0.0,0.1706386986301369,0.042472602739726,0.001,0.0094023972602739,0.0,0.0071198630136986
2014-09-24 15:00:00,0.4587090301003345,0.0280317725752508,0.0,0.0,0.1687458193979933,0.0407474916387959,0.001,0.0,0.0,0.0070986622073578
2014-09-24 16:00:00,0.2988019966722129,0.0154509151414309,0.0,0.0,0.0496189683860232,0.016206322795341,0.001,0.0,0.0,0.0070199667221297
2014-09-24 17:00:00,0.2646887755102041,0.0288826530612244,0.0,0.0,0.0029982993197278,0.0162176870748299,0.001,0.0,0.0,0.0070187074829931
2014-09-24 18:00:00,0.267206081081081,0.0157094594594594,0.0,0.0,0.003,0.0162111486486486,0.001,0.0,0.0,0.0070253378378378
2014-09-24 19:00:00,0.8933051724137931,0.0243724137931034,0.0,0.0,0.0029982758620689,0.0531913793103448,0.4465637931034483,0.0,0.0,0.0070051724137931
2014-09-24 20:00:00,0.503318718381113,0.0225682967959527,0.0,0.0,0.003,0.1244300168634064,0.0513676222596964,0.0490185497470489,0.0,0.0070320404721753
2014-09-24 21:00:00,0.3940189655172413,0.0190982758620689,0.0,0.0,0.003,0.1239655172413793,0.001,0.0,0.0,0.0070344827586206
2014-09-24 22:00:00,0.424425,0.0259233333333333,0.0,0.0,0.003,0.1241449999999999,0.001,0.0,0.0,0.0070266666666666
2014-09-24 23:00:00,0.3782664418212479,0.0163220910623946,0.0,0.0,0.0030134907251264,0.0646711635750421,0.001,0.0,0.0,0.0070354131534569
2014-09-25 00:00:00,0.2777278911564625,0.0297227891156462,0.0,0.0,0.003,0.0161581632653061,0.001,0.0,0.0,0.00703231292517
2014-09-25 01:00:00,0.2630939597315436,0.0189127516778523,0.0,0.0,0.003,0.0161812080536912,0.001,0.0,0.0,0.0070385906040268
2014-09-25 02:00:00,0.2549005059021922,0.0224738617200674,0.0,0.0,0.003,0.0161905564924114,0.001,0.0,0.0,0.0070505902192242
2014-09-25 03:00:00,0.264983164983165,0.024094276094276,0.0,0.0,0.003,0.0168131313131313,0.001,0.0,0.0,0.0070420875420875
2014-09-25 04:00:00,0.2925906040268456,0.0159597315436241,0.0,0.0,0.003,0.0162063758389261,0.001,0.0,0.0,0.0070419463087248
2014-09-25 05:00:00,0.2597983050847458,0.0298440677966101,0.0,0.0,0.003,0.016222033898305,0.001,0.0,0.0,0.0070237288135593
2014-09-25 06:00:00,0.2688600337268128,0.0172967959527824,0.0,0.0,0.003,0.0162040472175379,0.001,0.0,0.0,0.0070472175379426
2014-09-25 07:00:00,0.4529270462633452,0.031585409252669,0.0,0.0,0.003,0.0162366548042704,0.001,0.0,0.0,0.0070409252669039
2014-09-25 08:00:00,0.5107710843373494,0.0214354561101549,0.0,0.0,0.003,0.0162030981067125,0.001,0.0,0.0,0.007025817555938
2014-09-25 09:00:00,0.2778080279232112,0.0172582897033158,0.0,0.0,0.003001745200698,0.0162164048865619,0.001,0.0,0.0,0.0070052356020942
2014-09-25 10:00:00,0.2740051194539249,0.0276569965870307,0.0,0.0,0.003,0.0161774744027303,0.001,0.0,0.0,0.0070307167235494
2014-09-25 11:00:00,0.4289493243243243,0.0135489864864864,0.0,0.0,0.0029932432432432,0.0161824324324324,0.001,0.0501925675675675,0.0672601351351351,0.0078614864864864
2014-09-25 12:00:00,0.5125209380234507,0.0266147403685092,0.0,0.0,0.0030284757118927,0.0162412060301507,0.001,0.0,0.0,0.0113333333333333
2014-09-25 13:00:00,0.5943061594202899,0.0169710144927536,0.0,0.0,0.0259257246376811,0.0162210144927536,0.001,0.0855,0.0,0.0089474637681159
2014-09-25 14:00:00,0.5080397236614853,0.0208998272884283,0.0,0.0,0.0290155440414507,0.0548324697754749,0.001,0.0187582037996545,0.0,0.0083609671848013
2014-09-25 15:00:00,0.5488873720136519,0.0245887372013651,0.0,0.0,0.003,0.016179180887372,0.001,0.0,0.0,0.0083600682593856
2014-09-25 16:00:00,0.3711084745762712,0.0157949152542372,0.0,0.0,0.003,0.070893220338983,0.001,0.0580271186440677,0.0,0.008357627118644
2014-09-25 17:00:00,0.3867140381282495,0.0268058925476603,0.0,0.0,0.1154922010398613,0.0162235701906412,0.001,0.0,0.0,0.0070225303292894
2014-09-25 18:00:00,0.2562844827586207,0.0143948275862068,0.0,0.0,0.0029982758620689,0.0162068965517241,0.001,0.0,0.0,0.0069982758620689
2014-09-25 19:00:00,0.4500202702702702,0.0266351351351351,0.0,0.0,0.0029966216216216,0.0483378378378378,0.0410523648648648,0.0,0.0616081081081081,0.0069966216216216
2014-09-25 20:00:00,0.6307334494773519,0.0180627177700348,0.0,0.0,0.003,0.1277108013937282,0.001,0.1286811846689895,0.0,0.0206411149825783
2014-09-25 21:00:00,0.4446077441077441,0.0218535353535353,0.0,0.0,0.0098922558922558,0.1274175084175084,0.001,0.0,0.0,0.0301750841750841
2014-09-25 22:00:00,0.5453406779661016,0.0235813559322033,0.0,0.0,0.184864406779661,0.0361474576271186,0.001,0.0,0.0,0.0070186440677966
2014-09-25 23:00:00,0.4294158075601375,0.0177164948453608,0.0,0.0,0.1195773195876288,0.0188676975945017,0.001,0.0,0.0,0.0070274914089347
2014-09-26 00:00:00,0.2597546531302876,0.027399323181049,0.0,0.0,0.003,0.0162893401015228,0.001,0.0,0.0,0.0069966159052453
2014-09-26 01:00:00,0.2507554806070826,0.0181973018549747,0.0,0.0,0.003,0.016264755480607,0.001,0.0,0.0,0.0070118043844856
2014-09-26 02:00:00,0.2581763698630137,0.0273493150684931,0.0,0.0,0.003,0.0162294520547945,0.001,0.0,0.0,0.0069982876712328
2014-09-26 03:00:00,0.2599864406779661,0.022464406779661,0.0,0.0,0.0029966101694915,0.0168711864406779,0.001,0.0,0.0,0.0070050847457627
2014-09-26 04:00:00,0.2673892617449664,0.0209144295302013,0.0,0.0,0.003,0.0162583892617449,0.001,0.0,0.0,0.0070134228187919
2014-09-26 05:00:00,0.2787542087542087,0.0258114478114478,0.0,0.0,0.003,0.0162508417508417,0.001,0.0,0.0,0.0069949494949494
2014-09-26 06:00:00,0.2634126712328767,0.014570205479452,0.0,0.0,0.003,0.0162619863013698,0.001,0.0,0.0,0.0069948630136986
2014-09-26 07:00:00,0.298195246179966,0.027516129032258,0.0,0.0,0.0030016977928692,0.0162886247877758,0.001,0.0,0.0,0.0070050933786078
2014-09-26 08:00:00,0.4065864332603938,0.0155470459518599,0.0,0.0,0.0030371991247264,0.0162932166301969,0.001,0.1577374179431072,0.0,0.0070065645514223
2014-09-26 09:00:00,0.4025152224824356,0.0243700234192037,0.0,0.0,0.0030960187353629,0.0162084309133489,0.001,0.1070772833723653,0.0,0.0089953161592505
2014-09-26 10:00:00,0.5783226544622425,0.0234256292906178,0.0,0.0,0.1802951945080091,0.0162425629290617,0.001,0.0123569794050343,0.0,0.0859977116704805
2014-09-26 11:00:00,0.5384572748267897,0.0188198614318706,0.0,0.0,0.1801431870669746,0.016217090069284,0.001,0.0,0.0,0.0830023094688221
2014-09-26 12:00:00,0.5736103092783505,0.0267072164948453,0.0,0.0,0.1802082474226804,0.0162226804123711,0.001,0.0,0.0,0.1051484536082474
2014-09-26 13:00:00,0.6828364389233955,0.0143871635610766,0.0,0.0,0.1380973084886128,0.0950869565217391,0.001,0.065631469979296,0.0,0.0672380952380952
2014-09-26 14:00:00,0.7559913793103449,0.0267887931034482,0.0,0.0,0.1549698275862069,0.1088103448275862,0.001,0.0,0.0,0.0864590517241379
2014-09-26 15:00:00,0.3661716738197424,0.0198433476394849,0.0,0.0,0.0862317596566523,0.0162575107296137,0.001,0.0,0.0,0.026107296137339
2014-09-26 16:00:00,0.3018443983402489,0.0207406639004149,0.0,0.0,0.0042800829875518,0.0165145228215767,0.001,0.0,0.0,0.037564315352697
2014-09-26 17:00:00,0.5009755555555555,0.0272955555555555,0.0,0.0,0.0069933333333333,0.0414066666666666,0.001,0.0649599999999999,0.0,0.0530933333333333
2014-09-26 18:00:00,0.5532411347517731,0.0216241134751773,0.0,0.0,0.0069952718676122,0.127338061465721,0.001,0.0854846335697399,0.0,0.0152222222222222
2014-09-26 19:00:00,0.5442305986696231,0.0263348115299334,0.0,0.0,0.0069667405764966,0.1267228381374723,0.035470066518847,0.0676274944567627,0.0,0.0121662971175166
2014-09-26 20:00:00,0.5117307692307692,0.018076923076923,0.0,0.0,0.0069871794871794,0.1269380341880342,0.001,0.1051324786324786,0.0,0.0089871794871794
2014-09-26 21:00:00,0.4341580041580041,0.0285883575883575,0.0,0.0,0.0069958419958419,0.1268253638253638,0.001,0.0,0.0,0.0311891891891891
2014-09-26 22:00:00,0.4330620985010706,0.0299892933618843,0.0,0.0,0.006051391862955,0.0972912205567451,0.001,0.0,0.0,0.0081327623126338
2014-09-26 23:00:00,0.279860465116279,0.0306511627906976,0.0,0.0,0.0030021141649048,0.0162283298097251,0.001,0.0,0.0,0.0080782241014799
2014-09-27 00:00:00,0.272567134268537,0.0381042084168336,0.0,0.0,0.003,0.0162244488977955,0.001,0.0,0.0,0.0080501002004008
2014-09-27 01:00:00,0.2639879518072289,0.0265160642570281,0.0,0.0,0.003,0.0162550200803212,0.001,0.0,0.0,0.0080562248995983
2014-09-27 02:00:00,0.2586273684210526,0.0389094736842105,0.0,0.0,0.0030021052631578,0.0162778947368421,0.001,0.0,0.0,0.0080505263157894
2014-09-27 03:00:00,0.2539978260869565,0.0254260869565217,0.0,0.0,0.003,0.0169391304347826,0.001,0.0,0.0,0.0080760869565217
2014-09-27 04:00:00,0.2682662337662337,0.0309696969696969,0.0,0.0,0.003,0.0162424242424242,0.001,0.0,0.0,0.008038961038961
2014-09-27 05:00:00,0.3504792122538293,0.0315404814004376,0.0,0.0,0.003,0.0162407002188183,0.001,0.0,0.0,0.0080656455142231
2014-09-27 06:00:00,0.262741935483871,0.0254129032258064,0.0,0.0,0.003,0.0162666666666666,0.001,0.0,0.0,0.0080967741935483
2014-09-27 07:00:00,0.2778564705882353,0.0363529411764705,0.0,0.0,0.003,0.0162658823529411,0.001,0.0,0.0,0.0080541176470588
2014-09-27 08:00:00,0.3958248337028824,0.0280665188470066,0.0,0.0,0.003,0.0162926829268292,0.001,0.1110731707317073,0.0,0.008070953436807
2014-09-27 09:00:00,0.5812299107142856,0.0277366071428571,0.0,0.0,0.094796875,0.0162924107142857,0.01365625,0.1214375,0.0,0.0554196428571428
2014-09-27 10:00:00,0.5446769911504425,0.0324712389380531,0.0,0.0101570796460176,0.1472942477876106,0.0162809734513274,0.001,0.0,0.0,0.0895707964601769
2014-09-27 11:00:00,1.0791344339622642,0.0187476415094339,0.0,0.8002193396226416,0.003,0.0162405660377358,0.001,0.0,0.0,0.0070117924528301
2014-09-27 12:00:00,0.7735990990990992,0.0306891891891891,0.0,0.5037387387387388,0.003,0.0162297297297297,0.001,0.0,0.0,0.0070292792792792
2014-09-27 13:00:00,0.2483427419354838,0.0146713709677419,0.0,0.0,0.003,0.0162318548387096,0.001,0.0,0.0,0.0070383064516129
2014-09-27 14:00:00,0.2837373913043478,0.0305982608695652,0.0,0.0,0.003,0.0162695652173913,0.001,0.0,0.0,0.0070434782608695
2014-09-27 15:00:00,0.5440321888412016,0.0216351931330472,0.0,0.0,0.003,0.0892896995708154,0.001,0.148293991416309,0.0,0.0112381974248927
2014-09-27 16:00:00,0.495297619047619,0.0275928571428571,0.0,0.0,0.003,0.127497619047619,0.0186285714285714,0.0434404761904761,0.0,0.0115142857142857
2014-09-27 17:00:00,0.6235557586837295,0.0242760511882998,0.0,0.0,0.1548464351005484,0.1270402193784278,0.001,0.0,0.0,0.0105594149908592
2014-09-27 18:00:00,0.7720249042145594,0.021,0.0,0.0,0.1794080459770115,0.1267432950191571,0.0795172413793103,0.0,0.0,0.0073601532567049
2014-09-27 19:00:00,0.7757775061124694,0.0296870415647921,0.0,0.0,0.1518166259168704,0.1268948655256723,0.1118361858190709,0.0645330073349633,0.0,0.0070195599022004
2014-09-27 20:00:00,0.6039489361702127,0.0143893617021276,0.0,0.0,0.1825170212765957,0.1267723404255319,0.001,0.0,0.0,0.007027659574468
2014-09-27 21:00:00,0.7392435897435897,0.0274081196581196,0.0,0.0,0.1836666666666666,0.1269871794871795,0.001,0.0871431623931624,0.0,0.0070384615384615
2014-09-27 22:00:00,0.6186242038216561,0.0190615711252653,0.0,0.0,0.1775074309978768,0.1268407643312102,0.001,0.0346284501061571,0.0,0.0161868365180467
2014-09-27 23:00:00,0.5319047619047619,0.0213404761904761,0.0,0.0,0.091247619047619,0.0170238095238095,0.001,0.0451095238095238,0.0,0.0070214285714285
2014-09-28 00:00:00,0.2639863325740319,0.0276195899772209,0.0,0.0,0.003,0.0162961275626423,0.001,0.0,0.0,0.007004555808656
2014-09-28 01:00:00,0.2613385650224215,0.0125224215246636,0.0,0.0,0.003,0.0162735426008968,0.001,0.0,0.0,0.0069977578475336
2014-09-28 02:00:00,0.2959816933638444,0.0266155606407322,0.0,0.0,0.0030114416475972,0.0162379862700228,0.001,0.0,0.0,0.0070022883295194
2014-09-28 03:00:00,0.2804302600472813,0.0190449172576832,0.0,0.0,0.0030047281323877,0.0170827423167848,0.001,0.0,0.0,0.0070070921985815
2014-09-28 04:00:00,0.2999784688995215,0.0206100478468899,0.0,0.0,0.0030023923444976,0.0162248803827751,0.001,0.0,0.0,0.0070047846889952
2014-09-28 05:00:00,0.2640872641509433,0.0253089622641509,0.0,0.0,0.003,0.0162311320754716,0.001,0.0,0.0,0.0070094339622641
2014-09-28 06:00:00,0.2587918552036199,0.0140859728506787,0.0,0.0,0.003,0.0162533936651583,0.001,0.0,0.0,0.0070158371040723
2014-09-28 07:00:00,0.2680933940774487,0.0262938496583143,0.0,0.0,0.003,0.0162300683371298,0.001,0.0,0.0,0.00701138952164
2014-09-28 08:00:00,0.3366992840095465,0.0187517899761336,0.0,0.0,0.003,0.016236276849642,0.001,0.0499856801909307,0.0,0.0070119331742243
2014-09-28 09:00:00,0.5115607476635514,0.0215864485981308,0.0014626168224299,0.0,0.003,0.0162313084112149,0.001,0.0771728971962616,0.0613294392523364,0.0070070093457943
2014-09-28 10:00:00,1.8077339667458432,0.028605700712589,0.867270783847981,0.0,0.0923040380047506,0.0294869358669833,0.0087957244655581,0.1125154394299287,0.0,0.0081900237529691
2014-09-28 11:00:00,1.115581818181818,0.0149681818181818,0.10125,0.0,0.1803681818181818,0.1285340909090909,0.001,0.0,0.0,0.13225
2014-09-28 12:00:00,0.7883485838779957,0.0318954248366013,0.0485751633986928,0.0,0.1819193899782135,0.1281132897603485,0.001,0.0,0.0,0.0520392156862745
2014-09-28 13:00:00,0.8397318681318682,0.016065934065934,0.0009362637362637,0.0,0.1542637362637362,0.1280351648351648,0.001,0.0796395604395604,0.0,0.0339868131868131
2014-09-28 14:00:00,0.775120240480962,0.0306452905811623,0.0,0.0,0.1763667334669338,0.128064128256513,0.001,0.0,0.0,0.0803326653306613
2014-09-28 15:00:00,0.9818025477707006,0.0217919320594479,0.0,0.0,0.1778216560509554,0.1280467091295116,0.001,0.1710636942675159,0.0,0.0941719745222929
2014-09-28 16:00:00,0.7162199170124481,0.0401846473029045,0.0,0.0,0.183655601659751,0.0358589211618257,0.001,0.0,0.0,0.1221327800829875
2014-09-28 17:00:00,0.7067658349328214,0.0253531669865643,0.0,0.0,0.1721285988483685,0.0195105566218809,0.001,0.0,0.0,0.0954568138195777
2014-09-28 18:00:00,0.7420079365079365,0.0388888888888888,0.0,0.0,0.1538730158730158,0.1026448412698412,0.0634246031746031,0.0,0.0,0.037281746031746
2014-09-28 19:00:00,0.7758158458244111,0.024237687366167,0.0,0.0,0.1442269807280513,0.1269079229122055,0.001,0.1155053533190578,0.0,0.0598629550321199
2014-09-28 20:00:00,0.7010185185185185,0.0349238683127572,1.646090534979424e-05,0.0,0.1629917695473251,0.1270720164609053,0.001,0.05219341563786,0.0,0.0141687242798353
2014-09-28 21:00:00,0.7155964566929134,0.0299645669291338,0.0,0.0,0.1717933070866141,0.127267716535433,0.001,0.0457401574803149,0.0,0.009003937007874
2014-09-28 22:00:00,0.7311454183266932,0.0303565737051792,0.0,0.0,0.1772430278884462,0.1277231075697211,0.001,0.0,0.0,0.0070358565737051
2014-09-28 23:00:00,0.6900615384615385,0.0257450549450549,0.0,0.0,0.1499516483516483,0.0919978021978022,0.001,0.0,0.0,0.0070197802197802
2014-09-29 00:00:00,0.3393386363636363,0.0209545454545454,0.0,0.0,0.0073704545454545,0.0162749999999999,0.001,0.0,0.0,0.0070363636363636
2014-09-29 01:00:00,0.2694874476987447,0.0275230125523012,0.0,0.0,0.0072782426778242,0.0162907949790794,0.001,0.0,0.0,0.0070376569037656
2014-09-29 02:00:00,0.2637093023255814,0.0160116279069767,0.0,0.0,0.0073232558139534,0.0162581395348837,0.001,0.0,0.0,0.0070511627906976
2014-09-29 03:00:00,0.2523736263736263,0.0259560439560439,0.0,0.0,0.0074395604395604,0.0191538461538461,0.001,0.0,0.0,0.007076923076923
2014-09-29 04:00:00,0.2857866419294991,0.0172244897959183,0.0,0.0,0.0071113172541743,0.0162708719851577,0.001,0.0,0.0,0.0070315398886827
2014-09-29 05:00:00,0.2839796839729119,0.0262731376975169,0.0,0.0,0.0070451467268623,0.016295711060948,0.001,0.0,0.0,0.0070316027088036
2014-09-29 06:00:00,0.2881681415929203,0.0187699115044247,0.0,0.0,0.0071504424778761,0.01629203539823,0.001,0.0,0.0,0.0070265486725663
2014-09-29 07:00:00,0.4805770065075922,0.02187852494577,0.0,0.0,0.0070954446854663,0.0163058568329718,0.001,0.0,0.0,0.0070130151843817
2014-09-29 08:00:00,0.4576842105263158,0.0319188596491228,0.0,0.0,0.0072828947368421,0.016298245614035,0.001,0.0864627192982456,0.0,0.0070197368421052
2014-09-29 09:00:00,0.3734857142857142,0.0204190476190476,0.0,0.0,0.0072238095238095,0.0163,0.0307809523809523,0.0,0.0,0.0317714285714285
2014-09-29 10:00:00,0.600569387755102,0.0270938775510204,0.0,0.0,0.0848306122448979,0.0178551020408163,0.0712142857142857,0.0,0.0,0.062738775510204
2014-09-29 11:00:00,0.7288496732026143,0.019272331154684,0.0,0.0,0.0864074074074074,0.0193159041394335,0.0521437908496732,0.1558278867102396,0.0,0.0548366013071895
2014-09-29 12:00:00,0.4493569979716024,0.0307991886409736,0.0,0.0,0.0070933062880324,0.0193204868154158,0.001,0.0,0.0,0.0070060851926977
2014-09-29 13:00:00,0.5114217821782179,0.0173445544554455,0.0,0.0,0.0070930693069306,0.0336712871287128,0.0446950495049505,0.0,0.0,0.007029702970297
2014-09-29 14:00:00,0.4809230769230769,0.0298038461538461,0.0,0.0,0.0223480769230769,0.0192365384615384,0.001,0.0,0.0,0.007025
2014-09-29 15:00:00,0.3903166666666666,0.0138066666666666,0.0,0.0,0.0437983333333333,0.01925,0.001,0.0,0.0,0.00703
2014-09-29 16:00:00,0.4861909871244635,0.0326995708154506,0.0,0.0,0.007087982832618,0.0193197424892703,0.001,0.0728476394849785,0.0,0.0642467811158798
2014-09-29 17:00:00,0.3644867617107942,0.0167474541751527,0.0,0.0,0.0070346232179226,0.0191140529531568,0.001,0.0,0.0,0.0359103869653767
2014-09-29 18:00:00,0.3343642533936651,0.026418552036199,0.0,0.0,0.0070090497737556,0.0162692307692307,0.001,0.0,0.0,0.0080339366515837
2014-09-29 19:00:00,0.5716374133949191,0.023364896073903,0.0,0.0,0.0070069284064665,0.1090854503464203,0.0778290993071593,0.0425842956120092,0.0,0.0080438799076212
2014-09-29 20:00:00,0.4993597285067873,0.0213257918552036,0.0,0.0,0.0070972850678733,0.1270746606334841,0.0561380090497737,0.0,0.0,0.0093438914027149
2014-09-29 21:00:00,0.5970341151385927,0.0317526652452025,0.0,0.0,0.0071513859275053,0.127046908315565,0.001,0.1323731343283582,0.0,0.0127377398720682
2014-09-29 22:00:00,0.4814209523809524,0.0148990476190476,0.0,0.0,0.0072342857142857,0.1235828571428571,0.001,0.0,0.0,0.0279104761904761
2014-09-29 23:00:00,0.3747843137254902,0.0282614379084967,0.0,0.0,0.0071089324618736,0.016193899782135,0.001,0.0,0.0,0.0205511982570806
2014-09-30 00:00:00,0.2499331742243436,0.0164009546539379,0.0,0.0,0.0072147971360381,0.016217183770883,0.001,0.0,0.0,0.0070811455847255
2014-09-30 01:00:00,0.2685511982570806,0.0288322440087145,0.0,0.0,0.0071002178649237,0.0163050108932461,0.001,0.0,0.0,0.0070479302832244
2014-09-30 02:00:00,0.2635739348370927,0.0247218045112781,0.0,0.0,0.0071929824561403,0.0162205513784461,0.001,0.0,0.0,0.007110275689223
2014-09-30 03:00:00,0.2659834905660377,0.0235731132075471,0.0,0.0,0.0071509433962264,0.0168325471698113,0.001,0.0,0.0,0.0071108490566037
2014-09-30 04:00:00,0.2582773892773892,0.0298041958041958,0.0,0.0,0.007088578088578,0.0162354312354312,0.001,0.0,0.0,0.007083916083916
2014-09-30 05:00:00,0.2559212765957446,0.0136574468085106,0.0,0.0,0.0070361702127659,0.0162489361702127,0.001,0.0,0.0,0.0071085106382978
2014-09-30 06:00:00,0.3330416666666667,0.0313791666666666,0.0,0.0,0.0070916666666666,0.0162708333333333,0.001,0.0,0.0,0.0070875
2014-09-30 07:00:00,0.2976217391304347,0.024895652173913,0.0,0.0,0.0070543478260869,0.0162652173913043,0.001,0.0,0.0,0.0071086956521739
2014-09-30 08:00:00,0.4196803118908382,0.022933723196881,0.0,0.0,0.0070565302144249,0.0162865497076023,0.001,0.1170487329434697,0.0,0.0115360623781676
2014-09-30 09:00:00,0.3311124744376278,0.0259263803680981,0.0,0.0,0.0311676891615541,0.0162862985685071,0.001,0.0,0.0,0.0093517382413087
2014-09-30 10:00:00,0.2752641878669276,0.0149706457925636,0.0,0.0,0.003,0.016252446183953,0.001,0.0,0.0,0.0070058708414872
2014-09-30 11:00:00,0.2732491228070176,0.0296964912280701,0.0,0.0,0.003,0.0162859649122807,0.001,0.0,0.0,0.006998245614035
2014-09-30 12:00:00,0.2694749163879598,0.0171153846153846,0.0,0.0,0.003,0.0162775919732441,0.001,0.0,0.0,0.007
2014-09-30 13:00:00,0.2672495840266223,0.0272795341098169,0.0,0.0,0.0030016638935108,0.0162795341098169,0.001,0.0,0.0,0.0069983361064891
2014-09-30 14:00:00,0.2730344234079173,0.0243390705679862,0.0,0.0,0.003,0.0162426850258175,0.001,0.0,0.0,0.0070051635111876
2014-09-30 15:00:00,0.2747380952380952,0.0205867346938775,0.0,0.0,0.003,0.0162448979591836,0.001,0.0,0.0,0.0070034013605442
2014-09-30 16:00:00,0.2710859728506787,0.0267963800904977,0.0,0.0,0.003,0.0162171945701357,0.001,0.0,0.0,0.0069954751131221
2014-09-30 17:00:00,0.2758866995073891,0.0154088669950738,0.0,0.0,0.003,0.0162118226600985,0.001,0.0,0.0,0.0069926108374384
2014-09-30 18:00:00,0.3139680589680589,0.027004914004914,0.0,0.0,0.0029975429975429,0.0162383292383292,0.001,0.0,0.0,0.0069901719901719
2014-09-30 19:00:00,0.4957191283292978,0.014547215496368,0.0,0.0,0.003,0.1247602905569007,0.0498232445520581,0.0,0.0,0.0093922518159806
2014-09-30 20:00:00,0.5632463414634147,0.0241341463414634,0.0,0.0,0.0030780487804878,0.1271,0.001,0.0946853658536585,0.0,0.0094560975609756
2014-09-30 21:00:00,0.5573258928571428,0.021140625,0.0,0.0,0.0548928571428571,0.1273303571428571,0.001,0.0,0.0,0.0080446428571428
2014-09-30 22:00:00,0.7224823008849558,0.0191703539823008,0.0,0.0,0.1842566371681415,0.1276017699115044,0.001,0.0774247787610619,0.0,0.0113473451327433
2014-09-30 23:00:00,0.4750683760683761,0.0253910256410256,0.0,0.0,0.1108311965811965,0.0272094017094017,0.001,0.0,0.0,0.0081388888888888
2014-10-01 00:00:00,0.4635752808988764,0.0273617977528089,0.0,0.0,0.1022134831460674,0.0245101123595505,0.001,0.0,0.0,0.0079640449438202
2014-10-01 01:00:00,0.2821797752808989,0.0147820224719101,0.0,0.0,0.003,0.016229213483146,0.001,0.0,0.0,0.0070089887640449
2014-10-01 02:00:00,0.2739434389140271,0.0289321266968325,0.0,0.0,0.0030022624434389,0.0163054298642533,0.001,0.0,0.0,0.0070067873303167
2014-10-01 03:00:00,0.2634952153110048,0.0206770334928229,0.0,0.0,0.003,0.0162918660287081,0.001,0.0,0.0,0.0070023923444976
2014-10-01 04:00:00,0.2656045918367347,0.0220204081632653,0.0,0.0,0.003,0.016829081632653,0.001,0.0,0.0,0.0070076530612244
2014-10-01 05:00:00,0.2955520833333333,0.0152291666666666,0.0,0.0,0.003,0.0162291666666666,0.001,0.0,0.0,0.007015625
2014-10-01 06:00:00,0.2707635467980295,0.0137635467980295,0.0,0.0,0.003,0.0162857142857142,0.001,0.0,0.0,0.0070098522167487
2014-10-01 07:00:00,0.2684326241134752,0.0268156028368794,0.0,0.0,0.003,0.0163085106382978,0.001,0.0,0.0,0.007
2014-10-01 08:00:00,0.2683606060606061,0.0197666666666666,0.0,0.0,0.003,0.0162242424242424,0.001,0.0,0.0,0.0070090909090909
2014-10-01 09:00:00,0.3852779783393502,0.0273321299638989,0.0,0.0,0.003,0.0162418772563176,0.001,0.0963104693140794,0.0,0.0101371841155234
2014-10-01 10:00:00,0.3192944444444444,0.0116722222222222,0.0,0.0,0.003,0.01625,0.001,0.0,0.0,0.0083444444444444
2014-10-01 11:00:00,0.322952380952381,0.0364973544973545,0.0,0.0,0.00405291005291,0.0161798941798941,0.001,0.0,0.0,0.0244444444444444
2014-10-01 12:00:00,0.2658148148148148,0.0126234567901234,0.0,0.0,0.0035987654320987,0.0161543209876543,0.001,0.0,0.0,0.0070061728395061
2014-10-01 13:00:00,0.2760127388535032,0.0213630573248407,0.0,0.0,0.003,0.0161273885350318,0.001,0.0,0.0,0.0070127388535031
2014-10-01 14:00:00,0.2723191489361702,0.0157943262411347,0.0,0.0,0.0029787234042553,0.0161560283687943,0.0009929078014184,0.0,0.0,0.006950354609929
2014-10-01 15:00:00,0.2745251396648044,0.0274245810055865,0.0,0.0,0.003,0.0162067039106145,0.001,0.0,0.0,0.0070111731843575
2014-10-01 16:00:00,0.3519226932668329,0.0257755610972568,0.0,0.0,0.0150498753117206,0.0161695760598503,0.001,0.02014463840399,0.0,0.027573566084788
2014-10-01 17:00:00,0.613809633027523,0.0242316513761467,0.0,0.0,0.1415091743119266,0.0161949541284403,0.001,0.0616995412844036,0.0,0.0561949541284403
2014-10-01 18:00:00,0.326219730941704,0.0218991031390134,0.0,0.0,0.0070224215246636,0.0161860986547085,0.001,0.0,0.0,0.024219730941704
2014-10-01 19:00:00,1.2542326621923938,0.0242751677852348,0.0,0.0,0.007062639821029,0.104662192393736,0.001,0.0,0.0,0.0485436241610738
2014-10-01 20:00:00,0.895834451901566,0.0249888143176733,0.0,0.0,0.0070939597315436,0.1274474272930648,0.0163892617449664,0.1109686800894854,0.0,0.0112818791946308
2014-10-01 21:00:00,0.5874067415730337,0.0189730337078651,0.0,0.0,0.0071123595505617,0.1273955056179775,0.0582337078651685,0.0299325842696629,0.0,0.0081685393258426
2014-10-01 22:00:00,0.7208923766816143,0.0301748878923766,0.0,0.0,0.1413699551569507,0.1270919282511211,0.0132914798206278,0.0760336322869955,0.0,0.0333744394618834
2014-10-01 23:00:00,0.5582085201793722,0.0139237668161434,0.0,0.0,0.177262331838565,0.0329461883408071,0.001,0.0,0.0,0.0071412556053811
2014-10-02 00:00:00,0.4541768707482993,0.0281836734693877,0.0,0.0,0.1653197278911564,0.0162426303854875,0.001,0.0,0.0,0.0071156462585034
2014-10-02 01:00:00,0.2603856502242152,0.0178094170403587,0.0,0.0,0.003,0.0162713004484304,0.001,0.0,0.0,0.0070515695067264
2014-10-02 02:00:00,0.2568986486486486,0.0239324324324324,0.0,0.0,0.003,0.0162905405405405,0.001,0.0,0.0,0.0070337837837837
2014-10-02 03:00:00,0.2611973094170403,0.0232735426008968,0.0,0.0,0.003,0.0162219730941704,0.001,0.0,0.0,0.0070426008968609
2014-10-02 04:00:00,0.2658400900900901,0.0194009009009009,0.0,0.0,0.003,0.0167882882882882,0.001,0.0,0.0,0.007045045045045
2014-10-02 05:00:00,0.2561486810551558,0.028062350119904,0.0,0.0,0.003,0.0162398081534772,0.001,0.0,0.0,0.0070503597122302
2014-10-02 06:00:00,0.2844372197309417,0.0165695067264574,0.0,0.0,0.003,0.0162533632286995,0.001,0.0,0.0,0.00704932735426
2014-10-02 07:00:00,0.2597752808988764,0.0257438202247191,0.0,0.0,0.003,0.0162449438202247,0.001,0.0,0.0,0.007029213483146
2014-10-02 08:00:00,0.3264988764044944,0.0215348314606741,0.0,0.0,0.003,0.0162696629213483,0.001,0.0583235955056179,0.0,0.0070337078651685
2014-10-02 09:00:00,0.3864777777777777,0.0178644444444444,0.0,0.0,0.0058155555555555,0.0161933333333333,0.001,0.0354,0.0,0.0506244444444444
2014-10-02 10:00:00,0.9811399548532732,0.0263160270880361,0.0,0.6099706546275395,0.0070316027088036,0.0162911963882618,0.001,0.053589164785553,0.0,0.0183002257336343
2014-10-02 11:00:00,1.0605775280898877,0.0142067415730337,0.0,0.7985393258426966,0.0071213483146067,0.0163168539325842,0.001,0.0,0.0,0.0080808988764044
2014-10-02 12:00:00,0.2743318385650224,0.0257062780269058,0.0,0.000829596412556,0.0070986547085201,0.0163206278026905,0.001,0.0,0.0,0.0080605381165919
2014-10-02 13:00:00,0.2592702702702703,0.0200743243243243,0.0,0.0,0.0070765765765765,0.0163986486486486,0.001,0.0,0.0,0.0080585585585585
2014-10-02 14:00:00,0.2532995495495495,0.0200112612612612,0.0,0.0,0.0071013513513513,0.0164054054054054,0.001,0.0,0.0,0.0080495495495495
2014-10-02 15:00:00,0.2683897550111358,0.0257193763919821,0.0,0.0,0.0071870824053452,0.0163652561247216,0.001,0.0,0.0,0.0080890868596881
2014-10-02 16:00:00,0.4190921348314607,0.0168741573033707,0.0,0.0,0.0070921348314606,0.0163730337078651,0.001,0.059191011235955,0.0,0.0622404494382022
2014-10-02 17:00:00,0.5213887640449438,0.0273191011235955,0.0,0.0,0.1347842696629213,0.0518966292134831,0.001,0.0,0.0,0.0758471910112359
2014-10-02 18:00:00,0.6219232505643342,0.0146004514672686,0.0,0.0,0.1720654627539503,0.0760948081264108,0.001,0.0590451467268623,0.0,0.0077990970654627
2014-10-02 19:00:00,0.691896860986547,0.0257174887892376,0.0,0.0,0.1812914798206278,0.0162219730941704,0.0151905829596412,0.0715896860986547,0.0918744394618834,0.0070941704035874
2014-10-02 20:00:00,0.7045112612612612,0.0216148648648648,0.0,0.0,0.1463963963963964,0.1237657657657657,0.001,0.1159662162162162,0.0047229729729729,0.0071058558558558
2014-10-02 21:00:00,0.5989703389830509,0.0189915254237288,0.0,0.0,0.1804915254237288,0.1269830508474576,0.001,0.0,0.0,0.0070953389830508
2014-10-02 22:00:00,0.8623580508474576,0.0289639830508474,0.0,0.0,0.1748516949152542,0.0922648305084745,0.001,0.072447033898305,0.0,0.0595953389830508
2014-10-02 23:00:00,0.5821602708803612,0.0141738148984198,0.0,0.0,0.1820293453724605,0.0192821670428893,0.001,0.0,0.0,0.0224582392776523
2014-10-03 00:00:00,0.5120581655480985,0.0277114093959731,0.0,0.0,0.1507181208053691,0.0192774049217002,0.001,0.0,0.0,0.0070268456375838
2014-10-03 01:00:00,0.2557995495495495,0.0189797297297297,0.0,0.0,0.003,0.0163490990990991,0.001,0.0,0.0,0.0070045045045045
2014-10-03 02:00:00,0.2553677130044843,0.0226950672645739,0.0,0.0,0.003,0.016896860986547,0.001,0.0,0.0,0.007
2014-10-03 03:00:00,0.2630515695067265,0.0240022421524663,0.0,0.0,0.0030044843049327,0.0187511210762331,0.001,0.0,0.0,0.0070224215246636
2014-10-03 04:00:00,0.3168984198645598,0.0173250564334085,0.0,0.0,0.0030022573363431,0.019,0.001,0.0,0.0,0.0070022573363431
2014-10-03 05:00:00,0.2822309417040359,0.0304349775784753,0.0,0.0,0.0030022421524663,0.0160269058295964,0.001,0.0,0.0,0.0070022421524663
2014-10-03 06:00:00,0.2901483146067415,0.0156089887640449,0.0,0.0,0.003,0.0164696629213483,0.001,0.0,0.0,0.0070022471910112
2014-10-03 07:00:00,0.2978690744920993,0.0259322799097065,0.0,0.0,0.0029977426636568,0.0143069977426636,0.001,0.0,0.0,0.0069977426636568
2014-10-03 08:00:00,0.4523497757847534,0.0206636771300448,0.0,0.0,0.003,0.0150717488789237,0.001,0.0,0.0,0.0070022421524663
2014-10-03 09:00:00,1.0091977528089888,0.0192202247191011,0.3955056179775281,0.0,0.0034269662921348,0.0156831460674157,0.001,0.117952808988764,0.0,0.0153573033707865
2014-10-03 10:00:00,0.7910337078651686,0.0241101123595505,0.1125775280898876,0.0,0.0073955056179775,0.0155730337078651,0.001,0.1089438202247191,0.0,0.0542651685393258
2014-10-03 11:00:00,0.588945945945946,0.0231013513513513,0.0215675675675675,0.0,0.1504572072072072,0.015554054054054,0.001,0.0,0.0,0.0783671171171171
2014-10-03 12:00:00,0.5916764044943821,0.0273685393258426,0.0004179775280898,0.0,0.1790269662921348,0.0159168539325842,0.0469797752808988,0.0,0.0,0.0840224719101123
2014-10-03 13:00:00,0.527481981981982,0.0172927927927927,0.0,0.0,0.1798333333333333,0.0145968468468468,0.001,0.0,0.0,0.0843626126126126
2014-10-03 14:00:00,0.7108243243243244,0.0333333333333333,0.0,0.0,0.1546081081081081,0.015072072072072,0.0048355855855855,0.0849211711711711,0.0,0.0704031531531531
2014-10-03 15:00:00,0.6761121076233184,0.0179753363228699,0.0,0.0,0.1412578475336323,0.0147713004484304,0.001,0.0,0.0,0.0831188340807174
2014-10-03 16:00:00,0.5079797297297297,0.0269707207207207,0.0,0.0,0.059813063063063,0.0150653153153153,0.001,0.0,0.0,0.0156036036036036
2014-10-03 17:00:00,0.4354820627802691,0.0215695067264573,0.0,0.0,0.0070560538116591,0.0154798206278026,0.001,0.0,0.0,0.0070358744394618
2014-10-03 18:00:00,0.6452376681614349,0.0233632286995515,0.0011479820627802,0.0,0.0070022421524663,0.0145896860986547,0.0976479820627802,0.0850044843049327,0.0,0.0070201793721973
2014-10-03 19:00:00,0.5309322799097065,0.0293453724604966,0.0,0.0,0.007020316027088,0.124686230248307,0.001,0.0654040632054176,0.0,0.0070067720090293
2014-10-03 20:00:00,0.5737982062780269,0.018109865470852,0.0,0.0,0.0070224215246636,0.127329596412556,0.0758632286995515,0.064804932735426,0.0,0.00702466367713
2014-10-03 21:00:00,0.5227404063205418,0.0287336343115124,0.0,0.0,0.0070880361173814,0.1278893905191873,0.001,0.0786455981941309,0.0,0.0070270880361173
2014-10-03 22:00:00,0.4373280898876404,0.0155662921348314,0.0,0.0,0.0398471910112359,0.1273640449438202,0.001,0.0,0.0,0.0070269662921348
2014-10-03 23:00:00,0.6322516853932584,0.0290696629213483,0.0,0.0,0.1817955056179775,0.0908202247191011,0.001,0.0,0.0,0.007038202247191
2014-10-04 00:00:00,0.4637348314606742,0.0203797752808988,0.0,0.0,0.1778471910112359,0.0148921348314606,0.001,0.0,0.0,0.0070224719101123
2014-10-04 01:00:00,0.3907550561797753,0.0249730337078651,0.0,0.0,0.073476404494382,0.0147865168539325,0.001,0.0,0.0,0.0102112359550561
2014-10-04 02:00:00,0.2937056179775281,0.0246157303370786,0.0,0.0,0.0030067415730337,0.0146449438202247,0.0009977528089887,0.0,0.0,0.009267415730337
2014-10-04 03:00:00,0.2462595078299776,0.0186577181208053,0.0,0.0,0.0030044742729306,0.0141230425055928,0.001,0.0,0.0,0.0078948545861297
2014-10-04 04:00:00,0.2519615384615384,0.0282149321266968,0.0,0.0,0.003,0.0147285067873303,0.001,0.0,0.0,0.0076108597285067
2014-10-04 05:00:00,0.2887829977628635,0.0157628635346756,0.0,0.0,0.0030044742729306,0.0151633109619686,0.001,0.0,0.0,0.0074675615212527
2014-10-04 06:00:00,0.3163640449438202,0.0301573033707865,0.0,0.0,0.003,0.0150651685393258,0.001,0.0,0.0,0.0075303370786516
2014-10-04 07:00:00,0.251152808988764,0.0162786516853932,0.0,0.0,0.003,0.0142494382022471,0.001,0.0,0.0,0.0074629213483146
2014-10-04 08:00:00,0.2555348314606741,0.0270584269662921,0.0,0.0,0.003,0.0142494382022471,0.001,0.0,0.0,0.0075685393258426
2014-10-04 09:00:00,0.3080248306997742,0.0185801354401805,0.0,0.0,0.003,0.0142212189616252,0.001,0.0422573363431151,0.0,0.0075372460496613
2014-10-04 10:00:00,0.443583908045977,0.032903448275862,0.0,0.0,0.003,0.0147770114942528,0.0113448275862068,0.0894574712643678,0.0355701149425287,0.0069977011494252
2014-10-04 11:00:00,0.6413468468468468,0.0194639639639639,0.0,0.0,0.1560765765765765,0.0185157657657657,0.025518018018018,0.113554054054054,0.0,0.0307657657657657
2014-10-04 12:00:00,0.5803648648648649,0.0273378378378378,0.0,0.0,0.1795157657657657,0.018545045045045,0.001054054054054,0.0,0.0,0.0621914414414414
2014-10-04 13:00:00,0.6220089686098655,0.0231255605381165,0.0,0.0,0.1841143497757847,0.021609865470852,0.001,0.0877847533632287,0.0,0.0278744394618834
2014-10-04 14:00:00,0.5824650112866817,0.0217697516930022,0.0,0.0,0.1501241534988713,0.1287539503386004,0.0154446952595936,0.0300835214446952,0.0,0.0080293453724604
2014-10-04 15:00:00,0.4452304147465438,0.0309677419354838,0.0,0.0,0.1761658986175115,0.0343364055299539,0.001,0.0,0.0,0.0080322580645161
2014-10-04 16:00:00,0.498,0.0,0.0,0.0,0.192,0.014,0.001,0.0,0.0,0.008
2014-10-04 17:00:00,1.1733174157303372,0.0261123595505618,0.0,0.0,0.1950533707865168,0.0274269662921348,0.001,0.1851011235955056,0.0,0.0080589887640449
2014-10-04 18:00:00,0.7091052631578947,0.0342464114832535,0.0,0.0,0.177122009569378,0.1278612440191387,0.0824593301435406,0.0,0.0,0.0114760765550239
2014-10-04 19:00:00,0.5947506053268765,0.0266755447941888,0.0,0.0,0.1530217917675544,0.1273583535108959,0.0327990314769975,0.0,0.0,0.0118305084745762
2014-10-04 20:00:00,0.5646593673965936,0.0329756690997566,0.0,0.0,0.1552919708029197,0.1271240875912409,0.001,0.0,0.0,0.0100559610705596
2014-10-04 21:00:00,0.61461004784689,0.0245956937799043,0.0,0.0,0.1931913875598086,0.1271531100478469,0.001,0.0,0.0,0.0090311004784689
2014-10-04 22:00:00,0.7327511312217194,0.0292375565610859,0.0,0.0,0.1753009049773755,0.1275271493212669,0.001,0.084076923076923,0.0,0.0086674208144796
2014-10-04 23:00:00,0.6584112359550562,0.0247325842696629,0.0,0.0,0.153829213483146,0.1274224719101123,0.001,0.0,0.0,0.0086426966292134
2014-10-05 00:00:00,0.6423603603603604,0.0241801801801801,0.0,0.0,0.1773671171171171,0.0558761261261261,0.001,0.0,0.0,0.0086824324324324
2014-10-05 01:00:00,0.4148265765765766,0.0249572072072072,0.0,0.0,0.102777027027027,0.0148423423423423,0.001,0.0,0.0,0.0087094594594594
2014-10-05 02:00:00,0.2612911963882618,0.0218758465011286,0.0,0.0,0.0030022573363431,0.0146772009029345,0.001,0.0,0.0,0.008178329571106
2014-10-05 03:00:00,0.2755797752808989,0.0288449438202247,0.0,0.0,0.0030067415730337,0.0141348314606741,0.001,0.0,0.0,0.008267415730337
2014-10-05 04:00:00,0.2533964365256124,0.0140957683741648,0.0,0.0,0.0030044543429844,0.0147772828507795,0.001,0.0,0.0,0.008207126948775
2014-10-05 05:00:00,0.2581634877384196,0.0212697547683923,0.0,0.0,0.003,0.0153569482288828,0.001,0.0,0.0,0.0082043596730245
2014-10-05 06:00:00,0.2744932432432432,0.0189301801801801,0.0,0.0,0.003,0.0183423423423423,0.001,0.0,0.0,0.0081644144144144
2014-10-05 07:00:00,0.254191011235955,0.0228449438202247,0.0,0.0,0.003,0.015038202247191,0.001,0.0,0.0,0.0082067415730337
2014-10-05 08:00:00,0.3706770601336303,0.0219910913140311,0.0,0.0,0.003,0.0140734966592427,0.001,0.0,0.0,0.0082249443207126
2014-10-05 09:00:00,0.3803303571428572,0.0168303571428571,0.0,0.0,0.003,0.0140691964285714,0.001,0.06440625,0.0,0.0082053571428571
2014-10-05 10:00:00,0.3465135135135135,0.0255608108108108,0.0,0.0,0.0030022522522522,0.0140608108108108,0.001,0.0589617117117117,0.0,0.0081554054054054
2014-10-05 11:00:00,0.5671744966442953,0.0128702460850111,0.0,0.0,0.0106263982102908,0.015400447427293,0.001,0.1543087248322147,0.0507740492170022,0.0634317673378076
2014-10-05 12:00:00,0.5277184684684685,0.0264774774774774,0.0,0.0,0.1848806306306306,0.0175382882882882,0.001,0.0,0.0,0.0766599099099099
2014-10-05 13:00:00,0.5315403587443946,0.0205515695067264,0.000762331838565,0.0,0.1824887892376681,0.0289349775784753,0.001,0.0,0.0,0.0877511210762331
2014-10-05 14:00:00,0.6986599099099099,0.0323513513513513,0.0,0.0,0.1546959459459459,0.1120833333333333,0.001,0.0860833333333333,0.0,0.059572072072072
2014-10-05 15:00:00,0.5628545861297539,0.0169955257270693,0.0,0.0,0.1518926174496644,0.0393534675615212,0.001,0.0,0.0,0.0594944071588366
2014-10-05 16:00:00,0.6771334841628959,0.0280995475113122,0.0,0.0,0.1747375565610859,0.0196787330316742,0.001,0.1157194570135746,0.0,0.0748099547511312
2014-10-05 17:00:00,0.5307852348993289,0.0230894854586129,0.0,0.0,0.1850067114093959,0.0197427293064876,0.001,0.0,0.0,0.0666644295302013
2014-10-05 18:00:00,0.4470542986425339,0.018341628959276,0.0,0.0,0.1859705882352941,0.0180339366515837,0.001,0.0,0.0,0.007210407239819
2014-10-05 19:00:00,0.7195927601809955,0.0268597285067873,0.0,0.0,0.1827601809954751,0.0692941176470588,0.001,0.1627533936651583,0.0,0.0072556561085972
2014-10-05 20:00:00,0.646080831408776,0.0157043879907621,0.0,0.0,0.1520230946882217,0.12764896073903,0.060919168591224,0.0299630484988452,0.0,0.0072147806004618
2014-10-05 21:00:00,0.5887866972477065,0.0302591743119266,0.0,0.0,0.1462775229357798,0.1271146788990825,0.001,0.0,0.0,0.0072775229357798
2014-10-05 22:00:00,0.7660609480812641,0.0199548532731376,0.0,0.0,0.1811557562076749,0.1277562076749435,0.001,0.0714334085778781,0.0,0.0091399548532731
2014-10-05 23:00:00,0.5231216216216217,0.0200495495495495,0.0,0.0,0.1863873873873874,0.0261576576576576,0.001,0.0,0.0,0.007277027027027
2014-10-06 00:00:00,0.4251171171171171,0.0277004504504504,0.0,0.0,0.1191126126126126,0.0149527027027027,0.001,0.0,0.0,0.0072995495495495
2014-10-06 01:00:00,0.2564426966292135,0.0143370786516853,0.0,0.0,0.003,0.0148269662921348,0.001,0.0,0.0,0.0071123595505617
2014-10-06 02:00:00,0.2504977477477477,0.0277027027027027,0.0,0.0,0.0030045045045045,0.0146644144144144,0.001,0.0,0.0,0.0071306306306306
2014-10-06 03:00:00,0.2538303571428571,0.0165535714285714,0.0,0.0,0.0030066964285714,0.01409375,0.001,0.0,0.0,0.007109375
2014-10-06 04:00:00,0.2479058295964125,0.0231591928251121,0.0,0.0,0.0030112107623318,0.0147264573991031,0.001,0.0,0.0,0.0071457399103139
2014-10-06 05:00:00,0.2544977578475336,0.0236255605381165,0.0,0.0,0.003,0.0151210762331838,0.001,0.0,0.0,0.007134529147982
2014-10-06 06:00:00,0.283421875,0.0186227678571428,0.0,0.0,0.0030022321428571,0.0185870535714285,0.0010022321428571,0.0,0.0,0.0071071428571428
2014-10-06 07:00:00,0.2606126126126126,0.0248581081081081,0.0,0.0,0.003,0.0182274774774774,0.001,0.0,0.0,0.0071216216216216
2014-10-06 08:00:00,0.3651501103752759,0.0130507726269315,0.0,0.0,0.0030022075055187,0.018532008830022,0.001,0.0,0.0,0.0071236203090507
2014-10-06 09:00:00,0.3052690582959641,0.0251031390134529,0.0,0.0,0.003,0.0151412556053811,0.001,0.0413632286995515,0.0,0.007109865470852
2014-10-06 10:00:00,0.3862008928571428,0.0143705357142857,0.0,0.0,0.0033303571428571,0.0155848214285714,0.001,0.0647366071428571,0.0,0.0109196428571428
2014-10-06 11:00:00,0.6209805825242719,0.0232330097087378,0.0,0.0,0.1672038834951456,0.0156456310679611,0.0469393203883495,0.0065509708737864,0.0,0.0768300970873786
2014-10-06 12:00:00,0.5205991091314031,0.0187171492204899,0.0,0.0,0.1776859688195991,0.015913140311804,0.001,0.0,0.0,0.0607416481069042
2014-10-06 13:00:00,0.5318545861297539,0.0197964205816554,0.0,0.0,0.1796644295302013,0.0146733780760626,0.001,0.0,0.0,0.0580648769574944
2014-10-06 14:00:00,0.4867252252252252,0.0239459459459459,0.0,0.0,0.1664414414414414,0.0151283783783783,0.001,0.0,0.0,0.025777027027027
2014-10-06 15:00:00,0.4726361607142857,0.0147142857142857,0.0,0.0,0.1686361607142857,0.0147924107142857,0.001,0.0601584821428571,0.0,0.0071941964285714
2014-10-06 16:00:00,0.4456516853932584,0.026067415730337,0.0,0.0,0.1780606741573033,0.0142988764044943,0.001,0.0,0.0,0.0085865168539325
2014-10-06 17:00:00,0.7498506787330317,0.0156515837104072,0.0,0.0,0.135579185520362,0.0147850678733031,0.001,0.205341628959276,0.0,0.0119276018099547
2014-10-06 18:00:00,0.5341711711711712,0.0253783783783783,0.0,0.0,0.0070135135135135,0.0921666666666666,0.001,0.0603490990990991,0.0,0.0090653153153153
2014-10-06 19:00:00,0.6914157303370787,0.0222853932584269,0.0,0.0,0.0070134831460674,0.1275168539325842,0.0573325842696629,0.0002898876404494,0.0,0.0254966292134831
2014-10-06 20:00:00,0.7776973094170404,0.0208363228699551,0.0,0.0,0.0070582959641255,0.1272309417040358,0.0630201793721973,0.1413318385650224,0.0,0.0103139013452914
2014-10-06 21:00:00,0.4785214446952596,0.0227674943566591,0.0,0.0,0.0070632054176072,0.127823927765237,0.001,0.0,0.0,0.0564040632054176
2014-10-06 22:00:00,0.4979977375565611,0.0167398190045248,0.0,0.0,0.0650814479638009,0.0874977375565611,0.001,0.0,0.0,0.0140452488687782
2014-10-06 23:00:00,0.5411981981981981,0.0263265765765765,0.0,0.0,0.1857905405405405,0.0148806306306306,0.001,0.0,0.0,0.0076058558558558
2014-10-07 00:00:00,0.391804932735426,0.0132600896860986,0.0,0.0,0.0934237668161434,0.0150717488789237,0.001,0.0,0.0,0.0072802690582959
2014-10-07 01:00:00,0.2643108108108108,0.0268468468468468,0.0,0.0,0.003,0.01475,0.001,0.0,0.0,0.0070067567567567
2014-10-07 02:00:00,0.2466800894854586,0.0152371364653243,0.0,0.0,0.003,0.014662192393736,0.001,0.0,0.0,0.0070134228187919
2014-10-07 03:00:00,0.2513393258426966,0.0266314606741573,0.0,0.0,0.0030044943820224,0.0140808988764044,0.001,0.0,0.0,0.0070179775280898
2014-10-07 04:00:00,0.2425257270693512,0.0205212527964205,0.0,0.0,0.003,0.0147136465324384,0.001,0.0,0.0,0.0070022371364653
2014-10-07 05:00:00,0.3588198198198198,0.0206418918918918,0.0,0.0,0.0030022522522522,0.0151036036036036,0.001,0.0768423423423423,0.0,0.0070045045045045
2014-10-07 06:00:00,0.2914013452914798,0.0230426008968609,0.0,0.0,0.003,0.0152959641255605,0.001,0.0,0.0,0.0070022421524663
2014-10-07 07:00:00,0.2726659142212189,0.0171715575620767,0.0005778781038374,0.0,0.003,0.0148984198645598,0.001,0.0,0.0,0.0070135440180586
2014-10-07 08:00:00,0.3429550561797753,0.0279707865168539,0.0,0.0,0.0030022471910112,0.0142022471910112,0.001,0.0,0.0,0.007
2014-10-07 09:00:00,0.2836973094170403,0.0126008968609865,0.0,0.0,0.003,0.0156928251121076,0.001,0.0,0.0,0.0070112107623318
2014-10-07 10:00:00,0.8912438478747203,0.0257136465324384,0.0,0.3712080536912751,0.0790917225950783,0.0156666666666666,0.001,0.041145413870246,0.0,0.0070380313199105
2014-10-07 11:00:00,1.163147392290249,0.0155306122448979,0.0,0.7163446712018141,0.0902448979591836,0.0150294784580498,0.001,0.0,0.0,0.0070294784580498
2014-10-07 12:00:00,0.6654977578475336,0.025609865470852,0.0,0.3703789237668162,0.003,0.0156905829596412,0.001,0.0,0.0,0.0070022421524663
2014-10-07 13:00:00,0.2609467849223946,0.0193991130820399,0.0,0.0,0.003,0.0158669623059866,0.001,0.0,0.0,0.0070044345898004
2014-10-07 14:00:00,0.2554740406320541,0.0184943566591422,0.0,0.0,0.003,0.0186252821670428,0.001,0.0,0.0,0.0070112866817155
2014-10-07 15:00:00,0.2832590090090089,0.0249797297297297,0.0,0.0,0.0037072072072072,0.0163288288288288,0.001,0.0123671171171171,0.0,0.0199887387387387
2014-10-07 16:00:00,0.3389954545454545,0.0176,0.0,0.0,0.0073204545454545,0.0154045454545454,0.001,0.0,0.0,0.0847681818181818
2014-10-07 17:00:00,0.4908916478555304,0.0254672686230248,0.0,0.0,0.0072392776523702,0.0155756207674943,0.001,0.0357516930022573,0.0,0.0696072234762979
2014-10-07 18:00:00,1.521022573363431,0.0126862302483069,0.0,0.0,0.1360812641083521,0.0268939051918735,0.1853702031602708,0.0762934537246049,0.0,0.0127832957110609
2014-10-07 19:00:00,0.7053986486486487,0.0269932432432432,0.0,0.0,0.1536576576576576,0.127054054054054,0.0517207207207207,0.0626351351351351,0.0,0.0119234234234234
2014-10-07 20:00:00,0.7010382882882883,0.015554054054054,0.0,0.0,0.1612837837837837,0.1278671171171171,0.001,0.0765923423423423,0.0,0.0393963963963963
2014-10-07 21:00:00,0.6112326621923937,0.0241901565995525,0.0,0.0,0.180076062639821,0.1274295302013423,0.001,0.0,0.0,0.0092371364653243
2014-10-07 22:00:00,0.625677130044843,0.0207062780269058,0.0,0.0,0.1813385650224215,0.0837892376681614,0.001,0.0,0.0,0.0090582959641255
2014-10-07 23:00:00,0.375647855530474,0.0193634311512415,0.0,0.0,0.0806907449209932,0.0142641083521444,0.001,0.0,0.0,0.0085056433408577
2014-10-08 00:00:00,0.3322471910112359,0.0258741573033707,0.0,0.0,0.003,0.0158943820224719,0.001,0.0,0.0,0.0080494382022471
2014-10-08 01:00:00,0.2912879464285714,0.0159977678571428,0.0,0.0,0.003,0.0181495535714285,0.001,0.0,0.0,0.0080446428571428
2014-10-08 02:00:00,0.2617017937219731,0.0253542600896861,0.0,0.0,0.0030022421524663,0.0149192825112107,0.001,0.0,0.0,0.0080762331838565
2014-10-08 03:00:00,0.2461046770601336,0.012663697104677,0.0,0.0,0.0030022271714922,0.0148886414253897,0.001,0.0,0.0,0.0080690423162583
2014-10-08 04:00:00,0.2792157303370786,0.0252,0.0,0.0,0.003,0.0149123595505617,0.001,0.0,0.0,0.0080741573033707
2014-10-08 05:00:00,0.2688612975391499,0.017489932885906,0.0,0.0,0.003,0.0155055928411633,0.001,0.0,0.0,0.0080715883668903
2014-10-08 06:00:00,0.2535438202247191,0.0206719101123595,0.0,0.0,0.0030022471910112,0.015,0.001,0.0,0.0,0.0080606741573033
2014-10-08 07:00:00,0.257020979020979,0.0216223776223776,0.0,0.0,0.003,0.0141655011655011,0.001,0.0,0.0,0.00804662004662
2014-10-08 08:00:00,0.4594090909090909,0.0166227272727272,0.0,0.0,0.003,0.0141840909090909,0.001,0.0663545454545454,0.0,0.0087840909090909
2014-10-08 09:00:00,0.4236162790697674,0.0264023255813953,0.0,0.0,0.0030186046511627,0.0147116279069767,0.001,0.0245023255813953,0.0341674418604651,0.0128953488372093
2014-10-08 10:00:00,0.5371414868105515,0.0124268585131894,0.0,0.0,0.0075275779376498,0.0154820143884892,0.001,0.1207386091127098,0.0567386091127098,0.0535299760191846
2014-10-08 11:00:00,0.9681674208144796,0.0250203619909502,0.0,0.0,0.1796153846153846,0.0158099547511312,0.001,0.1355090497737556,0.0,0.0767262443438914
2014-10-08 12:00:00,0.5608934240362812,0.0146145124716553,0.0,0.0,0.1802131519274376,0.014922902494331,0.001,0.0,0.0,0.0839160997732426
2014-10-08 13:00:00,0.6836227272727273,0.0258454545454545,0.0,0.0,0.1636613636363636,0.0486113636363636,0.001,0.1082340909090909,0.0,0.0875727272727272
2014-10-08 14:00:00,0.5656848072562358,0.0178798185941043,0.0,0.0,0.1531814058956916,0.1041746031746031,0.001,0.0,0.0,0.0669818594104308
2014-10-08 15:00:00,0.4681441441441441,0.0236734234234234,0.0,0.0,0.1633468468468468,0.0146869369369369,0.001,0.0,0.0,0.0581058558558558
2014-10-08 16:00:00,0.4968988764044943,0.019867415730337,0.0,0.0,0.1497685393258427,0.0157797752808988,0.001,0.0,0.0,0.0580831460674157
2014-10-08 17:00:00,0.7378063063063063,0.0186824324324324,0.0,0.0,0.1542815315315315,0.02584009009009,0.0211216216216216,0.1081644144144144,0.0,0.0657477477477477
2014-10-08 18:00:00,0.7444494382022472,0.0244179775280898,0.0,0.0,0.0545595505617977,0.1251977528089887,0.1671303370786517,0.0,0.0,0.059305617977528
2014-10-08 19:00:00,0.4977874720357941,0.0170425055928411,0.0,0.0,0.0070469798657718,0.1290648769574944,0.0010984340044742,0.0761901565995525,0.0,0.0240939597315436
2014-10-08 20:00:00,0.4560701357466064,0.0241628959276018,0.0,0.0,0.0070361990950226,0.1284411764705882,0.001,0.0,0.0,0.0080588235294117
2014-10-08 21:00:00,0.5677477477477478,0.0140427927927927,0.0,0.0,0.0070855855855855,0.1286936936936936,0.001,0.0596306306306306,0.0,0.0321193693693693
2014-10-08 22:00:00,0.5630112866817155,0.0253024830699774,0.0,0.0,0.0071038374717832,0.1287020316027088,0.001,0.0,0.0,0.0750699774266365
2014-10-08 23:00:00,0.6423693693693694,0.0128783783783783,0.0,0.0,0.0071689189189189,0.1287972972972973,0.0288963963963963,0.0416396396396396,0.0,0.0323918918918918
2014-10-09 00:00:00,0.3337937219730942,0.0267040358744394,0.0,0.0,0.007354260089686,0.0469260089686098,0.001,0.0,0.0,0.0088228699551569
2014-10-09 01:00:00,0.2556433408577878,0.0151760722347629,0.0,0.0,0.0072437923250564,0.0150451467268623,0.001,0.0,0.0,0.0076659142212189
2014-10-09 02:00:00,0.26554932735426,0.0275,0.0,0.0,0.0074484304932735,0.0179237668161434,0.001,0.0,0.0,0.0076659192825112
2014-10-09 03:00:00,0.2511756756756756,0.0186891891891891,0.0,0.0,0.0075202702702702,0.0159256756756756,0.001,0.0,0.0,0.0076486486486486
2014-10-09 04:00:00,0.2708948545861298,0.0208814317673378,0.0,0.0,0.0075100671140939,0.0154116331096196,0.001,0.0,0.0,0.007642058165548
2014-10-09 05:00:00,0.2567977528089887,0.0209078651685393,0.0,0.0,0.0072719101123595,0.0152314606741573,0.001,0.0,0.0,0.0076696629213483
2014-10-09 06:00:00,0.2714582392776523,0.018471783295711,0.0,0.0,0.0071106094808126,0.0149729119638826,0.001,0.0,0.0,0.0076636568848758
2014-10-09 07:00:00,0.2679775280898876,0.0228719101123595,0.0,0.0,0.007029213483146,0.0141617977528089,0.001,0.0,0.0,0.007629213483146
2014-10-09 08:00:00,0.4518921348314607,0.0159258426966292,0.0,0.0,0.0071370786516853,0.0140988764044943,0.001,0.0597730337078651,0.0,0.0076314606741573
2014-10-09 09:00:00,0.4643004484304932,0.0247556053811659,0.0,0.0,0.0751748878923766,0.0140986547085201,0.001,0.0585112107623318,0.0,0.0075784753363228
2014-10-09 10:00:00,0.2778970917225951,0.0120782997762863,0.0,0.0,0.003,0.0148008948545861,0.001,0.0,0.0,0.0073736017897091
2014-10-09 11:00:00,0.2564977477477477,0.025572072072072,0.0,0.0,0.003,0.0149572072072072,0.001,0.0,0.0,0.0073828828828828
2014-10-09 12:00:00,0.2533601789709172,0.0151230425055928,0.0,0.0,0.003,0.0154720357941834,0.001,0.0,0.0,0.0074586129753914
2014-10-09 13:00:00,0.2538071748878924,0.0250605381165919,0.0,0.0,0.0029977578475336,0.0145829596412556,0.001,0.0,0.0,0.0074529147982062
2014-10-09 14:00:00,0.2524221218961625,0.0141693002257336,0.0,0.0,0.003,0.014392776523702,0.001,0.0,0.0,0.0074108352144469
2014-10-09 15:00:00,0.2768903803131991,0.0245525727069351,0.0,0.0,0.003,0.0147986577181208,0.001,0.0177561521252796,0.0,0.0078612975391498
2014-10-09 16:00:00,0.568368778280543,0.0170452488687782,0.0,0.0,0.1185746606334841,0.0145859728506787,0.001,0.0830927601809954,0.0,0.0853009049773755
2014-10-09 17:00:00,0.5496912751677852,0.0203780760626398,0.0,0.0,0.1822237136465324,0.0148366890380313,0.001,0.0,0.0,0.0244429530201342
2014-10-09 18:00:00,0.5060632054176072,0.0256027088036117,0.0,0.0,0.1796252821670428,0.0154808126410835,0.001,0.0,0.0,0.0079525959367945
2014-10-09 19:00:00,0.510043795620438,0.0170559610705596,0.0,0.0,0.1797518248175182,0.0148783454987834,0.001,0.0,0.0,0.0078223844282238
2014-10-09 20:00:00,0.7386990291262137,0.0232087378640776,0.0,0.0,0.1757888349514563,0.0465121359223301,0.1374344660194174,0.0,0.0,0.0074344660194174
2014-10-09 21:00:00,0.7800679611650486,0.0164271844660194,0.0,0.0,0.1603276699029126,0.1276383495145631,0.001,0.0571140776699029,0.0,0.0070266990291262
2014-10-09 22:00:00,0.5992764423076923,0.0253004807692307,0.0,0.0,0.143625,0.1284975961538461,0.001,0.0,0.0,0.0070240384615384
2014-10-09 23:00:00,0.5919256756756757,0.0129144144144144,0.0,0.0,0.1519189189189189,0.1283265765765765,0.001,0.0,0.0,0.0070405405405405
2014-10-10 00:00:00,0.6056539325842697,0.0286426966292134,0.0,0.0,0.1618404494382022,0.0486179775280898,0.001,0.0,0.0,0.0072853932584269
2014-10-10 01:00:00,0.2637268623024831,0.0179187358916478,0.0,0.0,0.003,0.0148397291196388,0.001,0.0,0.0,0.0108713318284424
2014-10-10 02:00:00,0.2506396396396396,0.0224774774774774,0.0,0.0,0.0030045045045045,0.014786036036036,0.001,0.0,0.0,0.0105022522522522
2014-10-10 03:00:00,0.2651779279279279,0.0211846846846846,0.0,0.0,0.0030022522522522,0.0142815315315315,0.001,0.0,0.0,0.0085518018018018
2014-10-10 04:00:00,0.2791081081081081,0.0162927927927927,0.0,0.0,0.0030067567567567,0.014822072072072,0.001,0.0,0.0,0.0075675675675675
2014-10-10 05:00:00,0.2645315315315315,0.0263986486486486,0.0,0.0,0.003,0.0153761261261261,0.001,0.0,0.0,0.0074324324324324
2014-10-10 06:00:00,0.4581364653243848,0.01231096196868,0.0,0.0,0.003,0.0149955257270693,0.001,0.0157091722595078,0.0,0.0073691275167785
2014-10-10 07:00:00,0.4686297968397291,0.0288871331828442,0.0,0.0,0.003,0.0141444695259593,0.001,0.069706546275395,0.0,0.0073634311512415
2014-10-10 08:00:00,0.3132342342342342,0.0141891891891891,0.0,0.0,0.003,0.0141261261261261,0.001,0.0,0.0,0.0073423423423423
2014-10-10 09:00:00,0.3073611738148984,0.0230067720090293,0.0,0.0,0.003,0.0141173814898419,0.001,0.0,0.0,0.0073589164785553
2014-10-10 10:00:00,0.2959035874439462,0.0208811659192825,0.0002690582959641,0.0,0.003,0.0153609865470852,0.001,0.0,0.0,0.0073452914798206
2014-10-10 11:00:00,1.07044920993228,0.0195756207674943,0.4047358916478555,0.0,0.1632866817155756,0.0160902934537246,0.001,0.0521805869074492,0.0601918735891647,0.0075282167042889
2014-10-10 12:00:00,0.7668584269662921,0.0251101123595505,0.0973011235955056,0.0,0.1798719101123595,0.0158426966292134,0.001,0.0,0.0,0.0308224719101123
2014-10-10 13:00:00,0.6171932584269663,0.0176224719101123,0.0853505617977528,0.0,0.1684314606741573,0.0144853932584269,0.0393662921348314,0.0,0.0,0.0085460674157303
2014-10-10 14:00:00,0.5312635135135135,0.028813063063063,0.0,0.0,0.1638378378378378,0.014099099099099,0.001,0.0487815315315315,0.0,0.0085945945945945
2014-10-10 15:00:00,0.274072072072072,0.0131689189189189,0.0,0.0,0.0233873873873873,0.0148423423423423,0.001,0.0,0.0,0.008072072072072
2014-10-10 16:00:00,1.3657004504504504,0.0263265765765765,0.0,0.0,0.003,0.0146193693693693,0.1212567567567567,0.1675653153153153,0.0,0.0083941441441441
2014-10-10 17:00:00,0.9502808988764044,0.014552808988764,0.0,0.0,0.0030022471910112,0.0186786516853932,0.2137370786516853,0.0293865168539325,0.0,0.012714606741573
2014-10-10 18:00:00,0.717,0.0256606741573033,0.0,0.0,0.0029955056179775,0.1284067415730337,0.0840022471910112,0.0867460674157303,0.0,0.022314606741573
2014-10-10 19:00:00,0.4664035874439462,0.0215762331838565,0.0,0.0,0.0035739910313901,0.1272421524663677,0.001,0.0,0.0,0.0152286995515695
2014-10-10 20:00:00,0.7758789237668161,0.0191165919282511,0.0,0.0,0.1512645739910314,0.1273856502242152,0.001,0.1191076233183856,0.0022242152466367,0.0082757847533632
2014-10-10 21:00:00,0.8778781038374718,0.0244379232505643,0.0,0.0,0.1818848758465011,0.1281422121896162,0.001,0.1384401805869074,0.0,0.0493160270880361
2014-10-10 22:00:00,0.6711505617977529,0.0137640449438202,0.0,0.0,0.183267415730337,0.127952808988764,0.001,0.0,0.0,0.0367595505617977
2014-10-10 23:00:00,0.6072387387387388,0.0253490990990991,0.0,0.0,0.1497725225225225,0.1201756756756756,0.001,0.0,0.0,0.0093536036036036
2014-10-11 00:00:00,0.4126516853932584,0.017067415730337,0.0,0.0,0.1476831460674157,0.0147820224719101,0.001,0.0,0.0,0.007029213483146
2014-10-11 01:00:00,0.3085548098434004,0.0225324384787472,0.0,0.0,0.0041901565995525,0.0147225950782997,0.001,0.0,0.0,0.0447069351230425
2014-10-11 02:00:00,0.279467415730337,0.0223505617977528,0.0,0.0,0.0076044943820224,0.0145842696629213,0.001,0.0,0.0,0.0211932584269662
2014-10-11 03:00:00,0.2429391891891892,0.01584009009009,0.0,0.0,0.0030067567567567,0.0140698198198198,0.001,0.0,0.0,0.009063063063063
2014-10-11 04:00:00,0.2561801801801802,0.0249639639639639,0.0,0.0,0.0030022522522522,0.0146306306306306,0.001,0.0,0.0,0.0079009009009009
2014-10-11 05:00:00,0.2515585585585586,0.0123378378378378,0.0,0.0,0.003,0.0151644144144144,0.001,0.0,0.0,0.0078761261261261
2014-10-11 06:00:00,0.2767522522522522,0.0247545045045045,0.0,0.0,0.0029977477477477,0.0149549549549549,0.001,0.0,0.0,0.0078806306306306
2014-10-11 07:00:00,0.2441689189189189,0.0164909909909909,0.0,0.0,0.0029932432432432,0.0141621621621621,0.001,0.0,0.0,0.0078851351351351
2014-10-11 08:00:00,0.3584618834080717,0.020329596412556,0.0,0.0,0.0030022421524663,0.0141569506726457,0.001,0.0472174887892376,0.0,0.0073408071748878
2014-10-11 09:00:00,0.3208112359550562,0.0227123595505617,0.0,0.0,0.003,0.0146876404494382,0.001,0.0472314606741573,0.0,0.0073595505617977
2014-10-11 10:00:00,0.4103445945945946,0.0136509009009009,0.0,0.0,0.003,0.0166779279279279,0.0250653153153153,0.0452657657657657,0.0,0.0085112612612612
2014-10-11 11:00:00,0.7148452914798206,0.0254192825112107,0.0,0.0,0.1622802690582959,0.0185022421524663,0.0189663677130044,0.1123654708520179,0.0,0.0209461883408071
2014-10-11 12:00:00,0.7586981981981982,0.0147319819819819,0.0,0.0,0.1653153153153153,0.0198693693693693,0.0121891891891891,0.1417657657657657,0.0,0.0179301801801801
2014-10-11 13:00:00,0.6590921348314607,0.027514606741573,0.0,0.0,0.1400314606741573,0.1289775280898876,0.001,0.0238786516853932,0.0,0.0172179775280898
2014-10-11 14:00:00,0.6852076749435666,0.0156004514672686,0.0,0.0,0.1686501128668171,0.1283905191873589,0.001,0.0,0.0,0.0830451467268622
2014-10-11 15:00:00,0.6910833333333334,0.0226418918918918,0.0,0.0,0.1784977477477477,0.128045045045045,0.001,0.0,0.0,0.0937027027027027
2014-10-11 16:00:00,0.6397612612612612,0.0210202702702702,0.0,0.0,0.1882229729729729,0.0301509009009009,0.0494256756756756,0.0,0.0,0.091768018018018
2014-10-11 17:00:00,0.5641764705882353,0.0167760180995475,0.0,0.0,0.187683257918552,0.0141108597285067,0.001,0.0,0.0,0.0916289592760181
2014-10-11 18:00:00,1.013683856502242,0.0242892376681614,0.0,0.0,0.1816076233183856,0.0798071748878923,0.1082466367713004,0.1270179372197309,0.0,0.091609865470852
2014-10-11 19:00:00,0.9172776523702032,0.0123950338600451,0.0,0.0,0.1597968397291196,0.1283295711060948,0.0889006772009029,0.077237020316027,0.0,0.0265237020316027
2014-10-11 20:00:00,0.5751647855530474,0.0278577878103837,0.0,0.0,0.1466433408577878,0.1279796839729119,0.001,0.0,0.0,0.0169706546275395
2014-10-11 21:00:00,0.5949417040358744,0.0174932735426008,0.0,0.0,0.1589304932735425,0.1289080717488789,0.001,0.0,0.0,0.0173991031390134
2014-10-11 22:00:00,0.6221286681715575,0.0193498871331828,0.0,0.0,0.1809751693002257,0.128961625282167,0.001,0.0,0.0,0.0195981941309255
2014-10-11 23:00:00,0.8008939051918736,0.0253814898419864,0.0,0.0,0.1758374717832957,0.1279593679458239,0.001,0.0901986455981941,0.0,0.0370767494356659
2014-10-12 00:00:00,0.6228896396396396,0.0137387387387387,0.0,0.0,0.1501644144144144,0.03559009009009,0.001,0.0,0.0,0.030027027027027
2014-10-12 01:00:00,0.2768449438202247,0.0244988764044943,0.0,0.0,0.0030067415730337,0.0148404494382022,0.001,0.0,0.0,0.0129168539325842
2014-10-12 02:00:00,0.2609731543624161,0.0128568232662192,0.0,0.0,0.0030022371364653,0.0147091722595078,0.001,0.0,0.0,0.0078680089485458
2014-10-12 03:00:00,0.2434606205250596,0.0245751789976133,0.0,0.0,0.0030023866348448,0.0140787589498806,0.001,0.0,0.0,0.0079236276849642
2014-10-12 04:00:00,0.2475550561797752,0.0192089887640449,0.0,0.0,0.0030067415730337,0.0147370786516853,0.001,0.0,0.0,0.0078831460674157
2014-10-12 05:00:00,0.2482184684684684,0.0179932432432432,0.0,0.0,0.0030022522522522,0.0151171171171171,0.001,0.0,0.0,0.0078648648648648
2014-10-12 06:00:00,0.2566733780760626,0.0237069351230425,0.0,0.0,0.003,0.0151543624161073,0.001,0.0,0.0,0.0078769574944071
2014-10-12 07:00:00,0.2498918918918919,0.0121103603603603,0.0,0.0,0.003,0.0142342342342342,0.001,0.0,0.0,0.0077927927927927
2014-10-12 08:00:00,0.3703024830699774,0.0234988713318284,0.0,0.0,0.003,0.0142031602708803,0.001,0.0,0.0,0.0074153498871331
2014-10-12 09:00:00,0.4523733031674208,0.0157760180995475,0.0,0.0,0.003,0.0142036199095022,0.001,0.0661696832579185,0.0,0.0074004524886877
2014-10-12 10:00:00,0.3319434389140271,0.0219276018099547,0.0,0.0,0.0029954751131221,0.0151855203619909,0.001,0.0,0.0,0.0074027149321266
2014-10-12 11:00:00,0.431972972972973,0.0256734234234234,0.0,0.0,0.0030022522522522,0.0166509009009009,0.0260157657657657,0.0,0.0,0.0094819819819819
2014-10-12 12:00:00,0.2475204545454545,0.013890909090909,0.0,0.0,0.0030363636363636,0.0239204545454545,0.001,0.0,0.0,0.0073795454545454
2014-10-12 13:00:00,0.2568068181818181,0.0261704545454545,0.0,0.0,0.003,0.0184772727272727,0.001,0.0,0.0,0.007425
2014-10-12 14:00:00,0.2614921348314606,0.0124516853932584,0.0,0.0,0.003,0.018429213483146,0.001,0.0,0.0,0.0074202247191011
2014-10-12 15:00:00,0.5301599099099099,0.0267409909909909,0.0,0.0,0.003,0.1083761261261261,0.001,0.1219369369369369,0.0,0.0074752252252252
2014-10-12 16:00:00,0.5537303370786517,0.0454337078651685,0.0,0.0,0.0151730337078651,0.0181550561797752,0.001,0.0408898876404494,0.0,0.0317730337078651
2014-10-12 17:00:00,1.6868449438202249,0.0303887640449438,0.0,0.0,0.1575415730337078,0.0148044943820224,0.0398179775280898,0.046029213483146,0.0,0.0649393258426966
2014-10-12 18:00:00,1.857087640449438,0.0398629213483146,0.0,0.0,0.1821415730337078,0.0710921348314606,0.0153101123595505,0.0574157303370786,0.0,0.0652404494382022
2014-10-12 19:00:00,1.2533949771689497,0.0399383561643835,0.0,0.0,0.1608196347031963,0.1287351598173516,0.0555547945205479,0.0540228310502283,0.0,0.0575296803652968
2014-10-12 20:00:00,0.584961625282167,0.0252144469525959,0.0,0.0,0.1412595936794582,0.1284221218961625,0.001,0.0,0.0,0.0274582392776523
2014-10-12 21:00:00,0.7770496613995486,0.0346930022573363,0.0,0.0,0.1750496613995485,0.1284379232505643,0.001,0.0,0.0,0.0309277652370203
2014-10-12 22:00:00,0.7806359550561798,0.0214876404494382,0.0,0.0,0.1854359550561797,0.1286471910112359,0.001,0.1089370786516853,0.0,0.0267842696629213
2014-10-12 23:00:00,0.5970224719101124,0.0264584269662921,0.0,0.0,0.1775752808988764,0.0392179775280898,0.001,0.0,0.0,0.0071977528089887
2014-10-13 00:00:00,0.4238112359550562,0.025667415730337,0.0,0.0,0.1314516853932584,0.0148224719101123,0.001,0.0,0.0,0.0071303370786516
2014-10-13 01:00:00,0.2579708520179372,0.0199237668161435,0.0,0.0,0.0030022421524663,0.0148363228699551,0.001,0.0,0.0,0.0070605381165919
2014-10-13 02:00:00,0.2790359550561798,0.0249707865168539,0.0,0.0,0.003,0.015229213483146,0.001,0.0,0.0,0.0070921348314606
2014-10-13 03:00:00,0.2953476297968397,0.0159345372460496,0.0,0.0,0.0030022573363431,0.0166726862302483,0.001,0.0,0.0,0.0070948081264108
2014-10-13 04:00:00,0.2778310810810811,0.0264121621621621,0.0,0.0,0.0030022522522522,0.0190608108108108,0.001,0.0,0.0,0.0070788288288288
2014-10-13 05:00:00,0.2574359550561798,0.0126943820224719,0.0,0.0,0.003,0.0155887640449438,0.001,0.0,0.0,0.0070808988764044
2014-10-13 06:00:00,0.2863101123595505,0.0255573033707865,0.0,0.0,0.0029977528089887,0.015029213483146,0.001,0.0,0.0,0.0070629213483146
2014-10-13 07:00:00,0.4280837104072398,0.0141764705882352,0.0,0.0,0.003,0.0186425339366515,0.001,0.1116334841628959,0.0,0.0143846153846153
2014-10-13 08:00:00,0.3395878378378378,0.0267454954954954,0.0,0.0,0.003,0.0185427927927927,0.001,0.0,0.0,0.0116418918918918
2014-10-13 09:00:00,0.4873736951983298,0.0135657620041753,0.0,0.0,0.003,0.0149248434237995,0.001,0.0,0.0,0.0075782881002087
2014-10-13 10:00:00,0.6420331491712706,0.0122025782688766,0.0,0.0,0.0054419889502762,0.0142283609576427,0.001,0.0,0.0,0.0077384898710865
2014-10-13 11:00:00,0.4494875717017209,0.0195640535372848,0.0,0.0,0.1712523900573613,0.0160267686424474,0.001,0.0,0.0,0.0076539196940726
2014-10-13 12:00:00,1.2005804597701148,0.02,0.0,0.4755842911877394,0.1585229885057471,0.0151666666666666,0.0412126436781609,0.1508544061302681,0.0,0.0076379310344827
2014-10-13 13:00:00,1.4205583173996177,0.0218260038240917,0.0,0.7998202676864244,0.1730172084130019,0.04734034416826,0.001,0.0,0.0,0.0076500956022944
2014-10-13 14:00:00,0.9799233716475096,0.021007662835249,0.0,0.1486570881226053,0.1646762452107279,0.1281187739463601,0.001,0.1615862068965517,0.0,0.0275019157088122
2014-10-13 15:00:00,1.1358574144486693,0.0292984790874524,0.0,0.0,0.1631444866920152,0.1182509505703422,0.001,0.0,0.0,0.0082281368821292
2014-10-13 16:00:00,0.8494836852207294,0.0200057581573896,0.0,0.0,0.0865143953934741,0.0893531669865643,0.001,0.0,0.0,0.0080499040307101
2014-10-13 17:00:00,0.7792868068833653,0.023925430210325,0.0,0.0,0.0069770554493307,0.1276539196940726,0.2003059273422562,0.0631491395793499,0.0,0.0080611854684512
2014-10-13 18:00:00,0.9555596153846154,0.0225076923076923,0.0,0.0,0.0539596153846153,0.1279096153846153,0.0048711538461538,0.0782211538461538,0.0572673076923076,0.0080423076923076
2014-10-13 19:00:00,0.7517557692307693,0.0202038461538461,0.0,0.0,0.0949942307692307,0.1275865384615384,0.001,0.0,0.0,0.0080653846153846
2014-10-13 20:00:00,0.5020763358778626,0.0196851145038167,0.0,0.0,0.0069637404580152,0.1276660305343511,0.001,0.0650992366412213,0.0,0.0080667938931297
2014-10-13 21:00:00,0.5067037735849057,0.0192377358490566,0.0,0.0,0.0070094339622641,0.1282924528301886,0.001,0.0657056603773584,0.0,0.0080905660377358
2014-10-13 22:00:00,0.4704343629343629,0.0242953667953667,0.0,0.0,0.007027027027027,0.1287606177606177,0.001,0.0,0.0,0.0080907335907335
2014-10-13 23:00:00,0.6015343511450382,0.0157022900763358,0.0,0.0,0.0070248091603053,0.1001393129770992,0.001,0.0668530534351145,0.0,0.0078034351145038
2014-10-14 00:00:00,0.3763295238095238,0.0259657142857142,0.0,0.0,0.0070761904761904,0.0155009523809523,0.001,0.0,0.0,0.0070457142857142
2014-10-14 01:00:00,0.2634904942965779,0.0129068441064638,0.0,0.0,0.0070931558935361,0.0148650190114068,0.001,0.0,0.0,0.0070323193916349
2014-10-14 02:00:00,0.2549064885496183,0.0286450381679389,0.0,0.0,0.0070763358778625,0.0148645038167938,0.001,0.0,0.0,0.0070438931297709
2014-10-14 03:00:00,0.2451943396226415,0.012988679245283,0.0,0.0,0.0070867924528301,0.0142622641509433,0.001,0.0,0.0,0.0070528301886792
2014-10-14 04:00:00,0.2575996204933586,0.0256318785578747,0.0,0.0,0.0070872865275142,0.0148444022770398,0.001,0.0,0.0,0.0070379506641366
2014-10-14 05:00:00,0.2543015267175573,0.0160534351145038,0.0,0.0,0.0070114503816793,0.0153167938931297,0.001,0.0,0.0,0.007030534351145
2014-10-14 06:00:00,0.2903942857142857,0.021775238095238,0.0,0.0,0.0069885714285714,0.0152533333333333,0.001,0.0,0.0,0.0070285714285714
2014-10-14 07:00:00,0.3249579349904397,0.0185181644359464,0.0,0.0,0.0069808795411089,0.0141644359464627,0.001,0.0,0.0,0.0070401529636711
2014-10-14 08:00:00,0.3319485714285714,0.0189238095238095,0.0,0.0,0.0070304761904761,0.0141561904761904,0.001,0.0,0.0,0.0070266666666666
2014-10-14 09:00:00,0.3574942748091603,0.0216202290076335,0.0,0.0,0.0070400763358778,0.0153492366412213,0.001,0.0645858778625954,0.0,0.0070458015267175
2014-10-14 10:00:00,0.4338740458015267,0.0160763358778625,0.0,0.0,0.0070114503816793,0.015854961832061,0.001,0.0459904580152671,0.0,0.0490782442748091
2014-10-14 11:00:00,0.6373809523809524,0.0264685714285714,0.0,0.0,0.0070323809523809,0.0144304761904761,0.001,0.0,0.0,0.0486285714285714
2014-10-14 12:00:00,0.5625855513307985,0.0127509505703422,0.0,0.0,0.0070209125475285,0.0158631178707224,0.0249068441064638,0.0,0.0,0.0080874524714828
2014-10-14 13:00:00,0.2798838095238095,0.0268990476190476,0.0,0.0,0.0070266666666666,0.0146457142857142,0.001,0.0,0.0,0.0080647619047619
2014-10-14 14:00:00,0.4825,0.0124580152671755,0.0,0.0,0.0070209923664122,0.0148377862595419,0.001,0.0,0.0,0.0080763358778625
2014-10-14 15:00:00,0.3648513513513513,0.0248667953667953,0.0,0.0,0.007042471042471,0.0154208494208494,0.0250830115830115,0.0,0.0,0.008084942084942
2014-10-14 16:00:00,0.6321292775665399,0.0163764258555133,0.0,0.0,0.0070551330798479,0.0152243346007604,0.001,0.0565798479087452,0.0,0.0080779467680608
2014-10-14 17:00:00,0.4114885496183206,0.022824427480916,0.0,0.0,0.007017175572519,0.0154961832061068,0.001,0.0,0.0,0.0080572519083969
2014-10-14 18:00:00,0.526726923076923,0.0193057692307692,0.0,0.0,0.0069615384615384,0.1146788461538461,0.001,0.0,0.0,0.0080673076923076
2014-10-14 19:00:00,0.6862523900573614,0.0186156787762906,0.0,0.0,0.0069617590822179,0.1276711281070745,0.001,0.0547131931166348,0.0,0.0080516252390057
2014-10-14 20:00:00,0.4976641221374046,0.0220763358778625,0.0,0.0,0.0069522900763358,0.1277748091603053,0.001,0.0,0.0,0.02256106870229
2014-10-14 21:00:00,0.586282982791587,0.0159311663479923,0.0,0.0,0.0069904397705544,0.1286596558317399,0.001,0.0935965583173996,0.0,0.0080726577437858
2014-10-14 22:00:00,0.5186570881226054,0.0266321839080459,0.0,0.0,0.0070019157088122,0.1279406130268199,0.001,0.0,0.0,0.0614157088122605
2014-10-14 23:00:00,0.4723225190839694,0.0135553435114503,0.0,0.0,0.0070209923664122,0.1279694656488549,0.001,0.0453568702290076,0.0,0.0171507633587786
2014-10-15 00:00:00,0.4806337760910816,0.025235294117647,0.0,0.0,0.0070550284629981,0.1281385199240986,0.001,0.0,0.0,0.0099335863377609
2014-10-15 01:00:00,0.3430555555555555,0.0126666666666666,0.0,0.0,0.0070823754789272,0.0299386973180076,0.001,0.0,0.0,0.0075632183908045
2014-10-15 02:00:00,0.2631178707224335,0.0278878326996197,0.0,0.0,0.0070817490494296,0.0146863117870722,0.001,0.0,0.0,0.0073669201520912
2014-10-15 03:00:00,0.2546268939393939,0.0202954545454545,0.0,0.0,0.0071174242424242,0.0152859848484848,0.001,0.0,0.0,0.0072518939393939
2014-10-15 04:00:00,0.2554137931034483,0.021595785440613,0.0,0.0,0.0071149425287356,0.0189750957854406,0.001,0.0,0.0,0.0073256704980842
2014-10-15 05:00:00,0.2559885496183206,0.0218053435114503,0.0,0.0,0.0070343511450381,0.0173893129770992,0.001,0.0,0.0,0.0073148854961832
2014-10-15 06:00:00,0.260980879541109,0.015831739961759,0.0,0.0,0.0069942638623326,0.0151032504780114,0.001,0.0,0.0,0.007246653919694
2014-10-15 07:00:00,0.2524828244274809,0.0251660305343511,0.0,0.0,0.0069961832061068,0.0141870229007633,0.001,0.0,0.0,0.0072519083969465
2014-10-15 08:00:00,0.3473505747126437,0.0127662835249042,0.0,0.0,0.007,0.0141666666666666,0.001,0.0150708812260536,0.0,0.0072720306513409
2014-10-15 09:00:00,0.5386958174904943,0.025467680608365,0.0,0.0,0.007009505703422,0.0144486692015209,0.001,0.1052908745247148,0.0837243346007604,0.0072908745247148
2014-10-15 10:00:00,0.3587673076923077,0.0133096153846153,1.923076923076923e-06,0.0,0.0070038461538461,0.0162326923076923,0.001,0.0,0.0,0.0280673076923076
2014-10-15 11:00:00,0.9070867052023122,0.0314470134874759,0.3314508670520231,0.0,0.0069961464354527,0.016009633911368,0.001,0.0607052023121387,0.0,0.0415356454720616
2014-10-15 12:00:00,0.4485050709939148,0.0200527383367139,0.0347728194726166,0.0,0.0070081135902636,0.0160567951318458,0.0564847870182555,0.0,0.0,0.083866125760649
2014-10-15 13:00:00,0.3423846153846153,0.0224653846153846,0.0006403846153846,0.0,0.0070096153846153,0.0150711538461538,0.001,0.0,0.0,0.0778076923076923
2014-10-15 14:00:00,0.5127614503816794,0.0236545801526717,0.1569370229007633,0.0,0.0070133587786259,0.0149923664122137,0.001,0.0,0.0,0.007223282442748
2014-10-15 15:00:00,0.3092030651340996,0.0239597701149425,0.0377586206896551,0.0,0.0070134099616858,0.0233544061302682,0.001,0.0,0.0,0.0072720306513409
2014-10-15 16:00:00,0.2588914285714285,0.021727619047619,0.0,0.0,0.007007619047619,0.0154971428571428,0.001,0.0,0.0,0.0072495238095238
2014-10-15 17:00:00,0.695513358778626,0.0227938931297709,0.0,0.0,0.0481297709923664,0.0223854961832061,0.1038606870229007,0.1207709923664122,0.0,0.0073206106870229
2014-10-15 18:00:00,0.6113625954198474,0.0246660305343511,3.0534351145038166e-05,0.0,0.1055477099236641,0.1290458015267175,0.0058931297709923,0.0535725190839694,0.0,0.0071908396946564
2014-10-15 19:00:00,0.464087786259542,0.0195515267175572,0.0,0.0,0.0069656488549618,0.1282862595419847,0.001,0.0,0.0,0.0072614503816793
2014-10-15 20:00:00,0.4219504761904762,0.0255447619047619,0.0,0.0,0.0069790476190476,0.1283409523809524,0.001,0.0,0.0,0.0072019047619047
2014-10-15 21:00:00,0.4857816091954023,0.0194463601532567,0.0,0.0,0.0069923371647509,0.1283716475095785,0.001,0.0795478927203065,0.0,0.0072394636015325
2014-10-15 22:00:00,0.4542887189292542,0.0284990439770554,0.0,0.0,0.0070057361376673,0.1288011472275334,0.001,0.0,0.0,0.0072237093690248
2014-10-15 23:00:00,0.5662275334608031,0.0168527724665391,0.0,0.0,0.0070057361376673,0.1283728489483747,0.001,0.0646500956022944,0.0,0.0072638623326959
2014-10-16 00:00:00,0.4832903225806452,0.0285844402277039,0.0,0.0,0.0050569259962049,0.0679032258064516,0.001,0.0,0.0,0.0071802656546489
2014-10-16 01:00:00,0.2726290630975143,0.0149980879541108,0.0,0.0,0.003,0.0153173996175908,0.001,0.0,0.0,0.007133843212237
2014-10-16 02:00:00,0.2576072796934865,0.0297854406130268,0.0,0.0,0.003,0.0155229885057471,0.001,0.0,0.0,0.0071302681992337
2014-10-16 03:00:00,0.253126679462572,0.0161458733205374,0.0,0.0,0.003003838771593,0.0185086372360844,0.001,0.0,0.0,0.0071477927063339
2014-10-16 04:00:00,0.2516280834914611,0.0252960151802656,0.0,0.0,0.003,0.0194250474383301,0.001,0.0,0.0,0.007100569259962
2014-10-16 05:00:00,0.2591368821292776,0.0190589353612167,0.0,0.0,0.0030019011406844,0.015467680608365,0.001,9.125475285171104e-05,0.0,0.0071197718631178
2014-10-16 06:00:00,0.2593778625954198,0.0211851145038167,0.0,0.0,0.003,0.0151851145038167,0.001,0.0,0.0,0.0071030534351145
2014-10-16 07:00:00,0.440359464627151,0.0219923518164435,0.0,0.0,0.003,0.0143365200764818,0.001,0.0954149139579349,0.0502734225621414,0.007076481835564
2014-10-16 08:00:00,0.319381404174573,0.0194022770398481,0.0,0.0,0.003,0.0142409867172675,0.001,0.0,0.0,0.0070910815939278
2014-10-16 09:00:00,0.2528374760994264,0.0243900573613766,0.0,0.0,0.0030019120458891,0.01485086042065,0.001,0.0,0.0,0.0071108986615678
2014-10-16 10:00:00,0.2615525812619503,0.0140401529636711,0.0,0.0,0.0030095602294455,0.0147036328871892,0.001,0.0,0.0,0.0071013384321223
2014-10-16 11:00:00,0.6036099426386233,0.0271988527724665,0.0,0.0,0.1199483747609942,0.0152695984703632,0.072208413001912,0.0537820267686424,3.059273422562141e-05,0.0071529636711281
2014-10-16 12:00:00,0.5074433198380567,0.0135850202429149,0.0,0.0,0.1799595141700404,0.0162631578947368,0.001,0.0,0.0,0.0072570850202429
2014-10-16 13:00:00,1.543200381679389,0.0261030534351145,0.8685572519083969,0.0,0.1676278625954198,0.0155935114503816,0.001,0.0,0.0,0.0072709923664122
2014-10-16 14:00:00,1.0008317399617592,0.018793499043977,0.0971013384321223,0.0,0.1834072657743785,0.0155525812619502,0.001,0.0963384321223709,0.0,0.0072504780114722
2014-10-16 15:00:00,0.7664865900383141,0.0275421455938697,0.0812662835249042,0.0,0.1681206896551724,0.0151072796934865,0.001,0.0351436781609195,0.0,0.0616934865900383
2014-10-16 16:00:00,0.694473076923077,0.017626923076923,0.0009903846153846,0.0,0.1769365384615384,0.0150423076923076,0.001,0.0903923076923077,0.0,0.1011365384615384
2014-10-16 17:00:00,0.6165430210325047,0.0259426386233269,0.0105812619502868,0.0,0.1811434034416826,0.0357590822179732,0.001,0.0,0.0,0.0457017208413001
2014-10-16 18:00:00,0.8922347328244276,0.0206832061068702,0.0,0.0,0.1598740458015267,0.1288854961832061,0.1245438931297709,0.1175324427480916,0.0,0.0136316793893129
2014-10-16 19:00:00,0.7810613026819923,0.0229789272030651,0.0,0.0,0.1725114942528735,0.1286628352490421,0.001,0.1247203065134099,0.0,0.0089885057471264
2014-10-16 20:00:00,0.6177137404580153,0.0221736641221374,0.0,0.0,0.181074427480916,0.1286545801526717,0.001,0.0,0.0,0.0080706106870229
2014-10-16 21:00:00,0.817426103646833,0.0208982725527831,0.0,0.0,0.1759616122840691,0.1282514395393474,0.001,0.1020767754318618,0.0,0.0399059500959692
2014-10-16 22:00:00,0.7817895833333334,0.0242604166666666,0.0,0.0,0.1798083333333333,0.1287270833333333,0.001,0.0,0.0,0.0959375
2014-10-16 23:00:00,0.7558653846153847,0.0182192307692307,0.0,0.0,0.1762653846153846,0.0890538461538461,0.001,0.0,0.0,0.0593557692307692
2014-10-17 00:00:00,0.3235869980879541,0.0255430210325047,0.0,0.0,0.0070363288718929,0.0151051625239005,0.001,0.0,0.0,0.0366845124282982
2014-10-17 01:00:00,0.2527552182163188,0.0148842504743833,0.0,0.0,0.0070265654648956,0.0158387096774193,0.001,0.0,0.0,0.0070208728652751
2014-10-17 02:00:00,0.2667151051625239,0.0271472275334608,0.0,0.0,0.0070344168260038,0.015,0.001,0.0,0.0,0.0070401529636711
2014-10-17 03:00:00,0.2538304761904762,0.013495238095238,0.0,0.0,0.0070361904761904,0.0142990476190476,0.001,0.0,0.0,0.0070361904761904
2014-10-17 04:00:00,0.2735553435114503,0.0283129770992366,0.0,0.0,0.0070248091603053,0.014912213740458,0.001,0.0,0.0,0.0070362595419847
2014-10-17 05:00:00,0.2532019047619047,0.0181771428571428,0.0,0.0,0.0070114285714285,0.0152228571428571,0.001,0.0,0.0,0.0070228571428571
2014-10-17 06:00:00,0.3441619047619047,0.0242038095238095,0.0,0.0,0.0069847619047619,0.01516,0.0009980952380952,0.0,0.0,0.0070209523809523
2014-10-17 07:00:00,0.5044198473282443,0.0183206106870228,0.0,0.0,0.0069923664122137,0.0141278625954198,0.001,0.0,0.0,0.0070209923664122
2014-10-17 08:00:00,0.4435639534883721,0.0200038759689922,0.0,0.0,0.0070135658914728,0.0141666666666666,0.001,0.0564147286821705,0.0,0.0070562015503875
2014-10-17 09:00:00,0.4058473282442748,0.0211030534351145,0.0,0.0,0.0602900763358778,0.0141469465648854,0.001,0.0355133587786259,0.0,0.0070343511450381
2014-10-17 10:00:00,0.2845504761904762,0.0185409523809523,0.0,0.0,0.004655238095238,0.014767619047619,0.001,0.0,0.0,0.0356171428571428
2014-10-17 11:00:00,0.2680439770554493,0.0241472275334608,0.0,0.0,0.0031242829827915,0.015302103250478,0.001,0.0,0.0,0.0070114722753346
2014-10-17 12:00:00,0.2541532567049808,0.0162643678160919,0.0,0.0,0.003,0.0157892720306513,0.001,0.0,0.0,0.0070191570881226
2014-10-17 13:00:00,0.2703950381679389,0.0260381679389312,0.0,0.0,0.003,0.0148702290076335,0.001,0.0,0.0,0.0070019083969465
2014-10-17 14:00:00,0.2480919540229885,0.0127107279693486,0.0,0.0,0.003,0.0150977011494252,0.001,0.0,0.0,0.0070038314176245
2014-10-17 15:00:00,0.2638533333333333,0.028,0.0,0.0,0.003,0.0162304761904761,0.001,0.0,0.0,0.0070114285714285
2014-10-17 16:00:00,0.2467312859884836,0.0164222648752399,0.0,0.0,0.003,0.0156641074856046,0.001,0.0,0.0,0.0070076775431861
2014-10-17 17:00:00,0.3080171428571429,0.0224990476190476,0.0,0.0,0.003,0.0161161904761904,0.001,0.0,0.0,0.0070038095238095
2014-10-17 18:00:00,0.3988530534351145,0.0203339694656488,0.0,0.0,0.003,0.0158416030534351,0.001,0.0,0.0,0.0070057251908396
2014-10-17 19:00:00,0.5202476190476191,0.0189428571428571,0.0,0.0,0.003,0.1211599999999999,0.0344057142857142,0.0,0.0,0.0070095238095238
2014-10-17 20:00:00,0.5603866666666667,0.024447619047619,0.0,0.0,0.003,0.1284895238095238,0.001,0.0,0.0,0.0070095238095238
2014-10-17 21:00:00,0.5219503816793893,0.0201316793893129,0.0,0.0,0.003,0.1284847328244275,0.0226450381679389,0.0,0.0,0.0070038167938931
2014-10-17 22:00:00,0.5967786259541984,0.0272557251908396,0.0,0.0,0.0060706106870229,0.1283454198473282,0.001,0.0717099236641221,0.0,0.0325820610687022
2014-10-17 23:00:00,0.5201447619047619,0.0132780952380952,0.0,0.0,0.0070247619047619,0.1282571428571428,0.001,0.0,0.0,0.00704
2014-10-18 00:00:00,0.3465485714285714,0.0268419047619047,0.0,0.0,0.0034209523809523,0.019655238095238,0.001,0.0,0.0,0.0070209523809523
2014-10-18 01:00:00,0.2441314285714285,0.01648,0.0,0.0,0.003,0.0147295238095238,0.001,0.0,0.0,0.007015238095238
2014-10-18 02:00:00,0.2454503816793893,0.0254790076335877,0.0,0.0,0.0030019083969465,0.0145687022900763,0.001,0.0,0.0,0.0070114503816793
2014-10-18 03:00:00,0.2502,0.0219961904761904,0.0,0.0,0.003,0.0140571428571428,0.001,0.0,0.0,0.0069980952380952
2014-10-18 04:00:00,0.2451309297912713,0.0194629981024667,0.0,0.0,0.0030018975332068,0.0146793168880455,0.001,0.0,0.0,0.0070018975332068
2014-10-18 05:00:00,0.3514580152671755,0.0243072519083969,0.0,0.0,0.003,0.0149847328244274,0.001,0.0,0.0,0.0070152671755725
2014-10-18 06:00:00,0.2609141221374046,0.0168530534351145,0.0,0.0,0.003,0.0150839694656488,0.001,0.0,0.0,0.0070076335877862
2014-10-18 07:00:00,0.2694419047619047,0.0284971428571428,0.0,0.0,0.003,0.0141371428571428,0.001,0.0,0.0,0.0070019047619047
2014-10-18 08:00:00,0.2499049429657794,0.0130703422053231,0.0,0.0,0.0029980988593155,0.0141178707224334,0.001,0.0,0.0,0.007
2014-10-18 09:00:00,0.3393580952380952,0.0279504761904761,0.0,0.0,0.003,0.0141104761904761,0.001,0.0631123809523809,0.0,0.0070038095238095
2014-10-18 10:00:00,0.5547722960151803,0.0132713472485768,0.0,0.0,0.003,0.015089184060721,0.001,0.1079867172675521,0.1341214421252372,0.0070037950664136
2014-10-18 11:00:00,0.5206641221374045,0.0283396946564885,0.0,0.0,0.1028416030534351,0.0174809160305343,0.0995114503816794,0.0045343511450381,0.0,0.0287919847328244
2014-10-18 12:00:00,1.0563606870229008,0.0187614503816793,0.0,0.0,0.1493473282442748,0.0183950381679389,0.0480362595419847,0.0,0.0,0.0080515267175572
2014-10-18 13:00:00,1.4301781609195403,0.023551724137931,0.0,0.0,0.1811149425287356,0.0183869731800766,0.0245229885057471,0.087639846743295,0.0,0.0080632183908046
2014-10-18 14:00:00,0.6479445506692161,0.0204875717017208,0.0,0.0001070745697896,0.1504455066921606,0.0913804971319311,0.001,0.0,0.0,0.0174493307839388
2014-10-18 15:00:00,1.6331736641221373,0.0203931297709923,0.0,0.8535610687022901,0.1783645038167939,0.0244255725190839,0.001,0.0,0.0,0.1001755725190839
2014-10-18 16:00:00,1.1444866920152093,0.0239391634980988,0.0,0.5259885931558935,0.1774087452471482,0.0493669201520912,0.001,0.0,0.0,0.0070247148288973
2014-10-18 17:00:00,0.455551724137931,0.0176590038314176,0.0,0.0,0.0713505747126436,0.0676455938697318,0.001,0.0604770114942528,0.0,0.0070210727969348
2014-10-18 18:00:00,0.2615834932821497,0.025725527831094,0.0,0.0,0.0029980806142034,0.0142188099808061,0.001,0.0,0.0,0.0070057581573896
2014-10-18 19:00:00,0.2408549999999999,0.0175,0.0,0.0,0.003,0.014215,0.001,0.0,0.0,0.007
2014-10-18 20:00:00,0.2596748466257668,0.0261288343558282,0.0,0.0,0.003,0.0156196319018404,0.001,0.0,0.0,0.007
2014-10-18 21:00:00,0.3131207547169811,0.0146566037735849,0.0,0.0,0.0037132075471698,0.0188264150943396,0.0009924528301886,0.0,0.0,0.007
2014-10-18 22:00:00,0.3411661129568106,0.0250365448504983,0.0,0.0,0.003,0.0183455149501661,0.001,0.0,0.0,0.007016611295681
2014-10-18 23:00:00,0.5248387096774194,0.0240040322580645,0.0,0.0,0.003,0.0982379032258064,0.001,0.0429919354838709,0.0,0.007
2014-10-19 00:00:00,0.4065590062111801,0.0184906832298136,0.0,0.0,0.0029906832298136,0.0796894409937888,0.0009968944099378,0.0,0.0,0.0069751552795031
2014-12-01 00:00:00,0.4994075471698113,0.0122905660377358,0.0,0.0,0.075066037735849,0.079288679245283,0.001,0.0,0.0,0.0071207547169811
2014-12-01 01:00:00,0.3047917448405253,0.0265891181988742,0.0,0.0,0.0310112570356472,0.002,0.001,0.0,0.0,0.0071050656660412
2014-12-01 02:00:00,0.3189147727272727,0.0131647727272727,0.0,0.0,0.0311761363636363,0.002,0.001,0.0,0.0,0.0071363636363636
2014-12-01 03:00:00,0.2852935606060606,0.0229109848484848,0.0,0.0,0.0312064393939393,0.002,0.0028181818181818,0.0,0.0,0.0071382575757575
2014-12-01 04:00:00,0.2963162878787879,0.0209128787878787,0.0,0.0,0.0311590909090909,0.0026060606060606,0.001,0.0,0.0,0.0071458333333333
2014-12-01 05:00:00,0.268997461928934,0.021741116751269,0.0,0.0,0.0306802030456852,0.002,0.001,0.0,0.0,0.0070913705583756
2014-12-01 06:00:00,0.2919841584158416,0.0226138613861386,0.0,0.0,0.0303643564356435,0.002,0.001,0.0,0.0,0.0070752475247524
2014-12-01 07:00:00,0.2783841807909604,0.0129755178907721,0.0,0.0,0.0305254237288135,0.002,0.001,0.0,0.0,0.0070941619585687
2014-12-01 08:00:00,0.3214399224806201,0.0224573643410852,0.0,0.0,0.0309127906976744,0.002,0.001,0.0,0.0,0.0071143410852713
2014-12-01 09:00:00,0.2939041353383458,0.0148496240601503,0.0,0.0,0.0307612781954887,0.002,0.001,0.0004812030075187,0.0,0.0071203007518796
2014-12-01 10:00:00,0.3111770244821092,0.023276836158192,0.0,0.0,0.0309190207156308,0.002,0.001,0.0,0.0,0.0071167608286252
2014-12-01 11:00:00,0.4339810964083175,0.0135689981096408,0.0,0.0,0.030695652173913,0.002,0.001,0.064468809073724,0.0790170132325141,0.0070888468809073
2014-12-01 12:00:00,0.284623352165725,0.0248173258003766,0.0,0.0,0.0264764595103578,0.002,0.001,0.0,0.0,0.0071224105461393
2014-12-01 13:00:00,0.2455112781954887,0.0161503759398496,0.0,0.0,0.0131616541353383,0.002,0.001,0.0,0.0,0.0071240601503759
2014-12-01 14:00:00,0.3535167910447761,0.0195149253731343,0.0,0.0,0.0130951492537313,0.0309384328358208,0.001,0.0694608208955223,0.0,0.0070970149253731
2014-12-01 15:00:00,0.4261726078799249,0.0168611632270168,0.0,0.0,0.0130994371482176,0.0996285178236397,0.001,0.0499643527204502,0.0,0.0071031894934333
2014-12-01 16:00:00,0.470422932330827,0.0193270676691729,0.0,0.0,0.1718214285714286,0.0024830827067669,0.001,0.0,0.0,0.0071052631578947
2014-12-01 17:00:00,0.451751879699248,0.0219436090225563,0.0,0.0,0.0126917293233082,0.0440394736842105,0.001,0.0819454887218045,0.0,0.0070582706766917
2014-12-01 18:00:00,0.461015037593985,0.0128270676691729,0.0,0.0,0.0126860902255639,0.1129962406015037,0.001,0.0,0.0,0.0070657894736842
2014-12-01 19:00:00,0.6681334586466166,0.02471992481203,0.0,0.0,0.0127894736842105,0.1125225563909774,0.0103421052631578,0.0625808270676691,0.1473571428571428,0.0070864661654135
2014-12-01 20:00:00,0.4878512241054614,0.0145593220338983,0.0,0.0,0.012924670433145,0.1129491525423728,0.001,0.0828286252354048,0.0,0.0070941619585687
2014-12-01 21:00:00,0.5549171374764595,0.0238003766478342,0.0,0.0,0.0129472693032015,0.1127269303201506,0.001,0.1031035781544256,0.0,0.0071035781544256
2014-12-01 22:00:00,0.4129007490636704,0.0138707865168539,0.0,0.0,0.0130823970037453,0.112567415730337,0.001,0.0,0.0,0.0071086142322097
2014-12-01 23:00:00,0.5063151969981239,0.0208067542213883,0.0,0.0,0.0131050656660412,0.1130956848030018,0.001,0.0,0.0,0.0071031894934333
2014-12-02 00:00:00,0.3391003787878788,0.0170568181818181,0.0,0.0,0.0131988636363636,0.0175568181818181,0.001,0.0,0.0,0.0071325757575757
2014-12-02 01:00:00,0.2612958015267176,0.019486641221374,0.0,0.0,0.0132614503816793,0.002,0.001,0.0,0.0,0.0071125954198473
2014-12-02 02:00:00,0.2591100569259962,0.0172865275142314,0.0,0.0,0.0132770398481973,0.002,0.001,0.0,0.0,0.0071593927893738
2014-12-02 03:00:00,0.2527048872180451,0.0177048872180451,0.0,0.0,0.013313909774436,0.002,0.001,0.0,0.0,0.0071541353383458
2014-12-02 04:00:00,0.2588719397363465,0.0233766478342749,0.0,0.0,0.0131864406779661,0.0025838041431261,0.001,0.0,0.0,0.0071054613935969
2014-12-02 05:00:00,0.255154716981132,0.0173528301886792,0.0,0.0,0.0131075471698113,0.002,0.001,0.0,0.0,0.0071075471698113
2014-12-02 06:00:00,0.2631954887218045,0.0196221804511278,0.0,0.0,0.0129492481203007,0.002,0.001,0.0,0.0,0.0070883458646616
2014-12-02 07:00:00,0.2637340823970037,0.018563670411985,0.0,0.0,0.0128539325842696,0.002,0.001,0.0,0.0,0.0071011235955056
2014-12-02 08:00:00,0.2956971962616822,0.0148579439252336,0.0,0.0,0.0129308411214953,0.002,0.001,0.0001121495327102,0.0,0.0070953271028037
2014-12-02 09:00:00,0.4462891791044776,0.0227257462686567,0.0,0.0,0.0130914179104477,0.002,0.001,0.1381548507462686,0.0,0.0101660447761194
2014-12-02 10:00:00,1.3493495327102802,0.0112654205607476,0.6022878504672897,0.0,0.0131046728971962,0.0019981308411214,0.0040317757009345,0.0687850467289719,0.1165570093457944,0.0690635514018691
2014-12-02 11:00:00,0.7744588014981273,0.0233632958801498,0.0879288389513108,0.0,0.184692883895131,0.002,0.001,0.0,0.0,0.0866498127340824
2014-12-02 12:00:00,0.8429736346516007,0.0120583804143126,0.0639152542372881,0.1137495291902071,0.1766704331450094,0.002,0.001,0.1154708097928437,0.0,0.0987231638418079
2014-12-02 13:00:00,1.3943882575757576,0.0235151515151515,0.0,0.8260871212121212,0.1852159090909091,0.002,0.001,0.0,0.0,0.0778352272727272
2014-12-02 14:00:00,1.1442632575757574,0.0117613636363636,0.0,0.585751893939394,0.1797310606060606,0.002,0.001,0.0537897727272727,0.0,0.054435606060606
2014-12-02 15:00:00,0.4575264150943396,0.0230490566037735,0.0,0.0,0.1693396226415094,0.0386528301886792,0.001,0.0,0.0,0.0070490566037735
2014-12-02 16:00:00,0.4184315196998124,0.0176529080675422,0.0009455909943714,0.0,0.1736078799249531,0.002,0.001,0.0,0.0,0.0070975609756097
2014-12-02 17:00:00,0.5346011235955057,0.014878277153558,0.0,0.0,0.1815355805243445,0.002,0.001,0.0440561797752808,0.0,0.007067415730337
2014-12-02 18:00:00,0.7747467411545624,0.0224581005586592,0.0,0.0,0.1742569832402234,0.1078808193668528,0.001,0.0613761638733705,0.0,0.0070521415270018
2014-12-02 19:00:00,0.7019512195121952,0.0128611632270168,0.0,0.0,0.1485609756097561,0.1115647279549718,0.0781350844277673,0.0429118198874296,0.0,0.0070712945590994
2014-12-02 20:00:00,0.6237166979362102,0.0210187617260788,0.0,0.0,0.1672626641651032,0.1120938086303939,0.001,0.0,0.0,0.0422682926829268
2014-12-02 21:00:00,0.7951735074626866,0.0137537313432835,0.0,0.0,0.1645055970149253,0.1128600746268656,0.001,0.1027481343283582,0.0,0.0753152985074626
2014-12-02 22:00:00,0.7117863894139886,0.0219470699432892,0.0,0.0,0.1775349716446125,0.1123686200378071,0.001,0.0,0.0,0.0824272211720226
2014-12-02 23:00:00,0.6568820224719101,0.0174250936329588,0.0,0.0,0.1725168539325842,0.1109737827715355,0.001,0.0,0.0,0.0641348314606741
2014-12-03 00:00:00,0.5562686567164179,0.0160690298507462,0.0,0.0,0.1108451492537313,0.0294664179104477,0.001,0.0,0.0,0.0393582089552238
2014-12-03 01:00:00,0.307828677839851,0.023193668528864,0.0,0.0,0.0132197392923649,0.002,0.0011787709497206,0.0,0.0,0.0071061452513966
2014-12-03 02:00:00,0.2675823970037453,0.0112602996254681,0.0,0.0,0.0132397003745318,0.002,0.0010074906367041,0.0,0.0,0.0071067415730337
2014-12-03 03:00:00,0.249611214953271,0.021226168224299,0.0,0.0,0.0132953271028037,0.002,0.001,0.0,0.0,0.0071158878504672
2014-12-03 04:00:00,0.2619605263157895,0.0148101503759398,0.0,0.0,0.013281954887218,0.0026015037593984,0.001,0.0,0.0,0.0071334586466165
2014-12-03 05:00:00,0.2664934086629002,0.0182259887005649,0.0,0.0,0.0131883239171374,0.002,0.001,0.0,0.0,0.0071261770244821
2014-12-03 06:00:00,0.2898355140186915,0.0167364485981308,0.0,0.0,0.013011214953271,0.002,0.001,0.0,0.0,0.0070971962616822
2014-12-03 07:00:00,0.3013095684803001,0.0154821763602251,0.0,0.0,0.012968105065666,0.002,0.001,0.0,0.0,0.0071069418386491
2014-12-03 08:00:00,0.3250018867924528,0.0237018867924528,0.0,0.0,0.0130339622641509,0.002,0.001,0.0,0.0,0.0071169811320754
2014-12-03 09:00:00,0.4363973880597014,0.0108675373134328,0.0,0.0,0.0130652985074626,0.002,0.001,0.1381679104477612,0.0,0.0071473880597014
2014-12-03 10:00:00,0.3829737335834897,0.023624765478424,0.0,0.0,0.0131444652908067,0.002,0.001,0.0399737335834896,0.0056172607879924,0.0071219512195121
2014-12-03 11:00:00,0.5234188679245283,0.0120188679245283,0.0,0.0,0.1433056603773584,0.002,0.0067735849056603,0.0,0.0541735849056603,0.061077358490566
2014-12-03 12:00:00,0.5121460674157304,0.0205280898876404,0.0,0.0,0.1702153558052434,0.002,0.001,0.0,0.0,0.0702940074906367
2014-12-03 13:00:00,0.546750936329588,0.016189138576779,0.0,0.0,0.1631985018726591,0.002,0.001,0.0647378277153558,0.0,0.0367022471910112
2014-12-03 14:00:00,0.5028721804511278,0.017546992481203,0.0,0.0,0.1811334586466165,0.002,0.001,0.0658026315789473,0.0,0.0070902255639097
2014-12-03 15:00:00,0.4961958568738229,0.0182655367231638,0.0,0.0,0.1696873822975518,0.0773239171374764,0.0167382297551789,0.0,0.0,0.0071016949152542
2014-12-03 16:00:00,0.4244191729323308,0.0155093984962406,0.0,0.0,0.1672781954887218,0.002,0.001,0.0,0.0,0.0071071428571428
2014-12-03 17:00:00,0.668031954887218,0.0192687969924812,0.0,0.0,0.1629830827067669,0.0655037593984962,0.001,0.0727218045112781,0.0,0.0070845864661654
2014-12-03 18:00:00,0.6706547842401501,0.0129324577861163,0.0,0.0,0.1089193245778611,0.1106510318949343,0.001,0.070437148217636,0.0,0.007076923076923
2014-12-03 19:00:00,0.5063049242424242,0.020875,0.0,0.0,0.0127859848484848,0.1114943181818181,0.001,3.0303030303030302e-05,0.0,0.0070795454545454
2014-12-03 20:00:00,0.524833644859813,0.0111214953271028,0.0,0.0,0.0129214953271028,0.1115084112149532,0.001,0.0,0.0,0.0071084112149532
2014-12-03 21:00:00,0.6115413533834586,0.0235921052631578,0.0,0.0,0.0130432330827067,0.1115620300751879,0.001,0.0629605263157894,0.0,0.0070996240601503
2014-12-03 22:00:00,0.6681710526315789,0.010828947368421,0.0,0.0,0.0131691729323308,0.1111635338345864,0.001,0.0680131578947368,0.0,0.0071466165413533
2014-12-03 23:00:00,0.5084640151515152,0.024060606060606,0.0,0.0,0.0132007575757575,0.1123844696969697,0.0158844696969696,0.0,0.0,0.008840909090909
2014-12-04 00:00:00,0.4984315196998123,0.016968105065666,0.0,0.0,0.0131744840525328,0.095015009380863,0.001,0.0,0.0,0.0070318949343339
2014-12-04 01:00:00,0.2632897196261682,0.0192448598130841,0.0,0.0,0.0133121495327102,0.002,0.001,0.0,0.0,0.0070411214953271
2014-12-04 02:00:00,0.2518913857677902,0.0150486891385767,0.0,0.0,0.0132415730337078,0.0019981273408239,0.001,0.0,0.0,0.0070449438202247
2014-12-04 03:00:00,0.2683854748603352,0.0181303538175046,0.0,0.0,0.0132886405959031,0.002,0.001,0.0,0.0,0.0070614525139664
2014-12-04 04:00:00,0.254614953271028,0.0190392523364485,0.0,0.0,0.0132168224299065,0.0026504672897196,0.001,0.0,0.0,0.0070542056074766
2014-12-04 05:00:00,0.2433007518796992,0.0158345864661654,0.0,0.0,0.0131353383458646,0.002,0.001,0.0,0.0,0.007031954887218
2014-12-04 06:00:00,0.2558747663551401,0.0202242990654205,0.0,0.0,0.0129887850467289,0.002,0.001,0.0,0.0,0.0070542056074766
2014-12-04 07:00:00,0.2509794007490636,0.012380149812734,0.0,0.0,0.0130337078651685,0.002,0.001,0.0,0.0,0.0070468164794007
2014-12-04 08:00:00,0.3834296435272045,0.0213452157598499,0.0,0.0,0.0129962476547842,0.002,0.001,0.0716979362101313,0.0,0.0070262664165103
2014-12-04 09:00:00,0.4041819887429643,0.0111988742964352,0.0002401500938086,0.0,0.013076923076923,0.002,0.001,0.0641801125703564,0.0,0.0070393996247654
2014-12-04 10:00:00,0.3023719626168224,0.0228056074766355,0.0,0.0,0.0131420560747663,0.002,0.001,0.0,0.0,0.0070579439252336
2014-12-04 11:00:00,0.2597977315689981,0.0123043478260869,0.0,0.0,0.0131606805293005,0.002,0.001,0.0,0.0,0.0070529300567107
2014-12-04 12:00:00,0.2531415270018622,0.0230335195530726,0.0,0.0,0.0131564245810055,0.002,0.001,0.0,0.0,0.0070316573556797
2014-12-04 13:00:00,0.2655730337078651,0.0154812734082397,0.0,0.0,0.013131086142322,0.002,0.001,0.0,0.0,0.0070411985018726
2014-12-04 14:00:00,0.2381350844277673,0.0208911819887429,0.0,0.0,0.0130187617260787,0.002,0.0009981238273921,0.0,0.0,0.0070431519699812
2014-12-04 15:00:00,0.4988566037735849,0.0165358490566037,0.0,0.0,0.0130283018867924,0.0325207547169811,0.001,0.1096528301886792,0.0,0.0070169811320754
2014-12-04 16:00:00,0.6684269662921348,0.0179906367041198,0.0,0.0,0.0127808988764044,0.1131985018726591,0.001,0.0,0.0,0.0070430711610486
2014-12-04 17:00:00,0.818014953271028,0.0201551401869158,0.0,0.0,0.0997046728971962,0.1128654205607476,0.001,0.0768448598130841,0.0,0.0070280373831775
2014-12-04 18:00:00,0.8700767790262172,0.0144475655430711,0.0,0.0,0.1543857677902621,0.1124007490636704,0.0558314606741573,0.0977790262172284,0.0,0.0070205992509363
2014-12-04 19:00:00,0.7403932584269663,0.0215842696629213,0.0,0.0,0.1526835205992509,0.1123426966292134,0.001,0.0339438202247191,0.0,0.0070299625468164
2014-12-04 20:00:00,0.6695074906367041,0.013063670411985,0.0,0.0,0.1516872659176029,0.1125898876404494,0.001,0.0,0.0,0.0091423220973782
2014-12-04 21:00:00,0.7052297551789077,0.0212711864406779,0.0,0.0,0.1616779661016949,0.1123408662900188,0.001,0.0,0.0,0.0321563088512241
2014-12-04 22:00:00,0.8827748592870543,0.0104765478424015,0.0,0.0,0.1839756097560975,0.1125365853658536,0.001,0.0750637898686679,0.0,0.0910075046904315
2014-12-04 23:00:00,0.7122766355140188,0.0222822429906542,0.0,0.0,0.1825271028037383,0.1108897196261682,0.001,0.0,0.0,0.010629906542056
2014-12-05 00:00:00,0.6204475655430711,0.0159176029962546,0.0,0.0,0.1570580524344569,0.0379232209737827,0.001,0.0038352059925093,0.0,0.0078370786516853
2014-12-05 01:00:00,0.2609018867924528,0.0206735849056603,0.0,0.0,0.0132509433962264,0.002,0.001,0.0,0.0,0.0071320754716981
2014-12-05 02:00:00,0.2436245353159851,0.0137565055762081,0.0,0.0,0.0132118959107806,0.002,0.001,0.0,0.0,0.0071171003717472
2014-12-05 03:00:00,0.2683482309124767,0.0216666666666666,0.0,0.0,0.0132793296089385,0.002,0.001,0.0,0.0,0.0071713221601489
2014-12-05 04:00:00,0.2457022471910112,0.0193614232209737,0.0,0.0,0.0132153558052434,0.002563670411985,0.001,0.0,0.0,0.00712734082397
2014-12-05 05:00:00,0.2589701492537313,0.0166007462686567,7.08955223880597e-05,0.0,0.0131194029850746,0.002,0.001,0.0,0.0,0.0071026119402985
2014-12-05 06:00:00,0.2636441947565543,0.0200224719101123,0.0,0.0,0.0130205992509363,0.002,0.001,0.0012584269662921,0.0,0.0070917602996254
2014-12-05 07:00:00,0.2506175373134328,0.012195895522388,0.0,0.0,0.0130093283582089,0.002,0.001,0.0,0.0,0.0070932835820895
2014-12-05 08:00:00,0.3205422138836772,0.0212363977485928,0.0,0.0,0.01306191369606,0.002,0.001,0.0200375234521575,0.0,0.0071144465290806
2014-12-05 09:00:00,0.4776336448598131,0.0111906542056074,0.0,0.0,0.0131084112149532,0.0020523364485981,0.001,0.1090654205607476,0.0643925233644859,0.0071327102803738
2014-12-05 10:00:00,0.3843828996282528,0.0216672862453531,0.0,0.0,0.0131821561338289,0.002,0.001,0.0353234200743494,0.0461579925650557,0.0071301115241635
2014-12-05 11:00:00,0.4031898496240602,0.0110958646616541,0.0,0.0,0.1563270676691729,0.0019981203007518,0.001,0.0,0.0150714285714285,0.0071184210526315
2014-12-05 12:00:00,0.3986766355140187,0.0219943925233644,0.0,0.0,0.1753607476635514,0.002,0.001,0.0,0.0,0.0071102803738317
2014-12-05 13:00:00,0.4725490909090909,0.0108181818181818,0.0,0.0,0.1824618181818182,0.002,0.001,0.0579218181818181,0.0,0.0070963636363636
2014-12-05 14:00:00,0.5113624535315985,0.0218308550185873,0.0,0.0,0.1556951672862453,0.0906171003717472,0.001,0.0,0.0,0.0071245353159851
2014-12-05 15:00:00,0.5421031894934334,0.0149136960600375,0.0,0.0,0.1615722326454033,0.0659962476547842,0.001,0.0651744840525328,0.0,0.0071257035647279
2014-12-05 16:00:00,0.4510919324577861,0.0172195121951219,5.816135084427768e-05,0.0,0.1442270168855534,0.004499061913696,0.001,0.0,0.0,0.0070900562851782
2014-12-05 17:00:00,0.7335407969639468,0.0218045540796963,0.0,0.0,0.1144250474383301,0.0211499051233396,0.0331252371916508,0.0968823529411764,0.0,0.0070853889943074
2014-12-05 18:00:00,0.5991441947565542,0.0102715355805243,0.0,0.0,0.0125973782771535,0.113003745318352,0.001,0.0331573033707865,0.0,0.0070898876404494
2014-12-05 19:00:00,0.5924135338345865,0.0222518796992481,0.0,0.0,0.0126748120300751,0.1129548872180451,0.001,0.0288327067669172,0.0,0.0082556390977443
2014-12-05 20:00:00,1.0378408239700374,0.0125468164794007,0.0004194756554307,0.0,0.0129456928838951,0.1122771535580524,0.001,0.0878558052434456,0.0,0.0109325842696629
2014-12-05 21:00:00,0.8909395085066162,0.021226843100189,0.0,0.0,0.0129735349716446,0.1127334593572778,0.001,0.0440888468809073,0.0,0.0070737240075614
2014-12-05 22:00:00,0.6198317757009346,0.0152635514018691,0.0,0.0,0.0130429906542056,0.1119102803738317,0.0543289719626168,0.0,0.0,0.0070971962616822
2014-12-05 23:00:00,0.60339736346516,0.0155499058380414,0.0,0.0,0.0130659133709981,0.112306967984934,0.001,0.0,0.0,0.0070922787193973
2014-12-06 00:00:00,0.3731509433962264,0.0205830188679245,0.0,0.0,0.0131358490566037,0.0262811320754717,0.001,0.0,0.0,0.0071320754716981
2014-12-06 01:00:00,0.2509272388059701,0.0123171641791044,0.0,0.0,0.0131772388059701,0.002,0.001,0.0,0.0,0.007125
2014-12-06 02:00:00,0.2558210922787194,0.0207024482109227,0.0,0.0,0.013231638418079,0.0019962335216572,0.001,0.0,0.0,0.0071412429378531
2014-12-06 03:00:00,0.2510621118012422,0.0147018633540372,0.0,0.0,0.0133747412008281,0.002,0.001,0.0,0.0,0.0071345755693581
2014-12-06 04:00:00,0.2483995983935743,0.0170481927710843,0.0,0.0,0.0133132530120481,0.002656626506024,0.001,0.0,0.0,0.0071626506024096
2014-12-06 05:00:00,0.2459108280254777,0.0132569002123142,0.0,0.0,0.0132186836518046,0.002,0.001,0.0,0.0,0.007144373673036
2014-12-06 06:00:00,0.2671950464396285,0.0250619195046439,0.0,0.0,0.0131362229102167,0.002,0.001,3.095975232198142e-06,0.0,0.0071021671826625
2014-12-06 07:00:00,0.3159282700421941,0.0204240506329113,0.0,0.0,0.0131350210970464,0.002,0.001,0.0,0.0,0.0071202531645569
2014-12-06 08:00:00,0.3054806517311609,0.0131710794297352,0.0,0.0,0.0129653767820773,0.002,0.001,0.0,0.0,0.0070855397148676
2014-12-06 09:00:00,0.3422494758909853,0.0180607966457023,0.0,0.0,0.0130146750524109,0.002,0.001,0.0534842767295597,0.0,0.0070922431865828
2014-12-06 10:00:00,0.3863163265306122,0.012969387755102,0.0,0.0,0.0130255102040816,0.0059183673469387,0.001,0.0,0.0548928571428571,0.0071224489795918
2014-12-06 11:00:00,0.6748695652173913,0.0228152173913043,0.0,0.0,0.1704478260869565,0.002,0.0050934782608695,0.0558804347826086,0.0612652173913043,0.0071021739130434
2014-12-06 12:00:00,0.5156000000000001,0.0103888888888888,0.0,0.0,0.1865722222222222,0.002,0.001,0.0,0.0,0.0070981481481481
2014-12-06 13:00:00,0.7789408033826638,0.0187547568710359,0.0,0.0,0.1791860465116279,0.0019957716701902,0.0009978858350951,0.1294651162790698,0.0,0.0071035940803382
2014-12-06 14:00:00,1.499,0.0077185628742514,0.0,0.0,0.1765548902195609,0.002,0.0574051896207584,0.1224670658682634,0.0,0.0071317365269461
2014-12-06 15:00:00,1.023607076350093,0.0210986964618249,0.0,0.0,0.1559981378026071,0.1037839851024208,0.001,0.0950614525139664,0.0,0.0071135940409683
2014-12-06 16:00:00,0.8163733583489681,0.0128067542213883,0.0,0.0,0.1729024390243902,0.1132082551594746,0.001,0.0,0.0,0.0074427767354596
2014-12-06 17:00:00,0.8997659176029963,0.0213707865168539,0.0,0.0,0.1564194756554307,0.1122097378277153,0.001,0.0,0.0,0.0411404494382022
2014-12-06 18:00:00,0.4796907407407407,0.0179796296296296,0.0,0.0,0.0505277777777777,0.0291129629629629,0.001,0.0,0.0,0.0106314814814814
2014-12-06 19:00:00,0.3405488721804511,0.0150921052631578,0.0,0.0,0.0127142857142857,0.002,0.001,0.0,0.0,0.0070864661654135
2014-12-06 20:00:00,0.2523828996282528,0.0172118959107806,0.0,0.0,0.0127843866171003,0.0019981412639405,0.001,0.0,0.0,0.0070724907063197
2014-12-06 21:00:00,0.3299124767225326,0.0148156424581005,0.0,0.0,0.0130018621973929,0.002,0.001,0.0,0.0,0.0071005586592178
2014-12-06 22:00:00,0.2883,0.0186888888888888,0.0,0.0,0.013074074074074,0.002,0.001,0.0,0.0,0.0071444444444444
2014-12-06 23:00:00,0.5398317757009345,0.0140822429906542,0.0,0.0,0.0133495327102803,0.0789028037383177,0.001,0.1201028037383177,0.0002392523364485,0.0071626168224299
2014-12-07 00:00:00,0.3735057471264368,0.0212049808429118,0.0,0.0,0.0132471264367816,0.0241800766283524,0.001,0.0,0.0,0.0071245210727969
2014-12-07 01:00:00,0.2601865671641791,0.0112574626865671,0.0,0.0,0.01325,0.002,0.001,0.0,0.0,0.0071138059701492
2014-12-07 02:00:00,0.2575167910447761,0.0251884328358208,0.0,0.0,0.0132201492537313,0.002,0.001,0.0,0.0,0.0071119402985074
2014-12-07 03:00:00,0.2585657894736842,0.0113176691729323,0.0,0.0,0.0132744360902255,0.009546992481203,0.001,0.0,0.0,0.0070958646616541
2014-12-07 04:00:00,0.2725628517823639,0.0224803001876172,0.0,0.0,0.0133302063789868,0.0153883677298311,0.001,0.0,0.0,0.0071219512195121
2014-12-07 05:00:00,0.2401013133208255,0.0110356472795497,0.0,0.0,0.0132889305816135,0.002,0.001,0.0,0.0,0.0071200750469043
2014-12-07 06:00:00,0.2813658536585366,0.0222551594746716,0.0,0.0,0.0131726078799249,0.002,0.001,0.0,0.0,0.0071163227016885
2014-12-07 07:00:00,0.2425914179104477,0.0113358208955223,0.0,0.0,0.0130839552238805,0.002,0.001,0.0,0.0,0.0071082089552238
2014-12-07 08:00:00,0.4019553072625698,0.0219031657355679,0.0,0.0,0.0131135940409683,0.002,0.001,0.0546014897579143,0.0,0.0071024208566108
2014-12-07 09:00:00,0.5625196261682243,0.0111046728971962,0.0,0.0,0.0130056074766355,0.002,0.001,0.165422429906542,0.0,0.0071065420560747
2014-12-07 10:00:00,0.3426797020484171,0.0235810055865921,0.0,0.0,0.0129553072625698,0.002,0.001,0.0,0.0,0.0070912476722532
2014-12-07 11:00:00,0.2525289719626168,0.0109663551401869,0.0,0.0,0.0130766355140186,0.002,0.001,0.0,0.0,0.0071046728971962
2014-12-07 12:00:00,0.2478895131086142,0.0216404494382022,0.0,0.0,0.0131460674157303,0.002,0.001,0.0,0.0,0.0071235955056179
2014-12-07 13:00:00,0.2612612781954887,0.0221447368421052,0.0,0.0,0.0131748120300751,0.002,0.001,0.0,0.0,0.0071221804511278
2014-12-07 14:00:00,0.2346747663551401,0.0108672897196261,3.738317757009346e-06,0.0,0.0131233644859813,0.002,0.001,0.0,0.0,0.0071102803738317
2014-12-07 15:00:00,0.2661163227016885,0.0237410881801125,0.0,0.0,0.0131876172607879,0.002,0.001,7.879924953095685e-05,0.0,0.0071294559099437
2014-12-07 16:00:00,0.2342565543071161,0.0109625468164794,0.0,0.0,0.0129868913857677,0.002,0.001,0.0,0.0,0.007125468164794
2014-12-07 17:00:00,0.3231672932330827,0.0245018796992481,0.0,0.0,0.0129360902255639,0.002,0.001,0.0,0.0,0.0070676691729323
2014-12-07 18:00:00,0.2947196261682243,0.010626168224299,0.0,0.0,0.012811214953271,0.002,0.001,0.0,0.0,0.0070971962616822
2014-12-07 19:00:00,0.3041857410881801,0.0217467166979362,0.0,0.0,0.0129136960600375,0.002,0.001,0.0004803001876172,0.0,0.0070975609756097
2014-12-07 20:00:00,0.272877094972067,0.0101787709497206,0.0,0.0,0.0128882681564245,0.0026983240223463,0.001,0.0,0.0,0.0070875232774674
2014-12-07 21:00:00,0.3193414179104478,0.0229496268656716,0.0,0.0,0.0131138059701492,0.0226679104477611,0.001,0.0,0.0,0.0071026119402985
2014-12-07 22:00:00,0.3120633147113594,0.0163575418994413,0.00024208566108,0.0,0.0130633147113594,0.0226014897579143,0.001,0.0,0.0,0.0071135940409683
2014-12-07 23:00:00,0.3107752808988764,0.0176067415730337,0.0,0.0,0.0131367041198501,0.0228820224719101,0.001,0.0,0.0,0.0071011235955056
2014-12-08 00:00:00,0.2952703213610586,0.0197901701323251,0.0,0.0,0.0132495274102079,0.0229546313799621,0.001,0.0,0.0,0.0071115311909262
2014-12-08 01:00:00,0.2616802973977695,0.0126394052044609,0.0,0.0,0.0132137546468401,0.0234888475836431,0.001,0.0,0.0,0.0071431226765799
2014-12-08 02:00:00,0.2981966604823748,0.0212337662337662,0.0,0.0,0.0132374768089053,0.0229610389610389,0.001,0.0,0.0,0.0071706864564007
2014-12-08 03:00:00,0.2513629489603024,0.011047258979206,0.0,0.0,0.0132854442344045,0.0229962192816635,0.001,0.0,0.0,0.0071323251417769
2014-12-08 04:00:00,0.3314596622889306,0.0257898686679174,0.0,0.0,0.0132795497185741,0.0236041275797373,0.001,0.0,0.0,0.0071219512195121
2014-12-08 05:00:00,0.2553333333333333,0.0107024482109227,0.0,0.0,0.0131751412429378,0.0229510357815442,0.001,0.0,0.0,0.0071242937853107
2014-12-08 06:00:00,0.2631584905660377,0.0214830188679245,1.8867924528301885e-05,0.0,0.012988679245283,0.0224283018867924,0.001,0.0,0.0,0.0071075471698113
2014-12-08 07:00:00,0.2551988742964353,0.0106210131332082,0.0,0.0,0.013,0.0220544090056285,0.001,0.0,0.0,0.0071313320825515
2014-12-08 08:00:00,0.3413644859813084,0.0244056074766355,0.0,0.0,0.0129644859813084,0.022022429906542,0.001,0.0,0.0,0.0070747663551401
2014-12-08 09:00:00,0.318033644859813,0.0106710280373831,0.0,0.0,0.0130728971962616,0.0225775700934579,0.001,0.0,0.0,0.0071065420560747
2014-12-08 10:00:00,0.3236048689138576,0.0216217228464419,0.0,0.0,0.013189138576779,0.0229250936329588,0.001,0.0,0.0,0.007131086142322
2014-12-08 11:00:00,0.2957116104868914,0.0107958801498127,0.0,0.0,0.0131647940074906,0.022940074906367,0.001,0.0,0.0,0.0070917602996254
2014-12-08 12:00:00,0.2752833020637898,0.0216491557223264,0.0,0.0,0.0131763602251407,0.0229699812382739,0.001,0.0,0.0,0.0071200750469043
2014-12-08 13:00:00,0.2743208955223881,0.0127835820895522,0.0,0.0,0.0131623134328358,0.0229514925373134,0.001,0.0,0.0,0.0071119402985074
2014-12-08 14:00:00,0.2789906015037594,0.0213515037593984,0.0,0.0,0.0131710526315789,0.0232218045112781,0.001,0.0003045112781954,0.0,0.0071278195488721
2014-12-08 15:00:00,0.28246992481203,0.0118890977443609,0.0,0.0,0.0131334586466165,0.0227387218045112,0.001,0.0,0.0,0.0071823308270676
2014-12-08 16:00:00,0.2876747663551402,0.0233121495327102,0.0,0.0,0.0127869158878504,0.0213607476635514,0.001,0.0,0.0,0.0070934579439252
2014-12-08 17:00:00,0.307685393258427,0.0131722846441947,0.0,0.0,0.0128520599250936,0.0214044943820224,0.001,0.0,0.0,0.0071104868913857
2014-12-08 18:00:00,0.2882932330827067,0.0200357142857142,6.015037593984962e-05,0.0,0.0129172932330827,0.0219003759398496,0.001,0.0,0.0,0.0071184210526315
2014-12-08 19:00:00,0.3100880149812734,0.0155767790262172,0.0,0.0,0.0128951310861423,0.0215936329588014,0.001,0.0,0.0,0.0070973782771535
2014-12-08 20:00:00,0.3076958955223881,0.0175820895522388,0.0012238805970149,0.0,0.0129216417910447,0.022026119402985,0.001,0.0,0.0,0.0071119402985074
2014-12-08 21:00:00,0.3092945590994371,0.0149418386491557,0.0,0.0,0.0129793621013133,0.0223864915572232,0.001,0.0,0.0,0.0070900562851782
2014-12-08 22:00:00,0.4709775280898876,0.018318352059925,0.0,0.0,0.0130805243445692,0.0228838951310861,0.001,0.009812734082397,0.0,0.0071161048689138
2014-12-08 23:00:00,0.732968045112782,0.0215563909774436,0.0,0.0,0.013078947368421,0.0986090225563909,0.007828947368421,0.0649417293233082,0.0845338345864661,0.007110902255639
2014-12-09 00:00:00,0.5004850746268656,0.0147562189054726,0.0,0.0,0.0130721393034825,0.1116716417910447,0.001,7.960199004975125e-05,0.0,0.0071019900497512
2014-12-09 01:00:00,0.4094623655913978,0.0016093189964157,0.0,0.0,0.0130537634408602,0.002,0.001,0.0,0.0,0.007
2014-12-09 02:00:00,0.2587125603864734,0.0146545893719806,0.0,0.0,0.0132753623188405,0.002,0.001,0.0,0.0,0.0071062801932367
2014-12-09 03:00:00,0.2502234848484848,0.022217803030303,0.0,0.0,0.0131628787878787,0.002,0.001,0.0,0.0,0.007123106060606
2014-12-09 04:00:00,0.2540490566037736,0.0108452830188679,0.0,0.0,0.0131830188679245,0.0025830188679245,0.001,0.0,0.0,0.0071245283018867
2014-12-09 05:00:00,0.2624150943396227,0.0212716981132075,0.0,0.0,0.0131188679245283,0.002,0.001,0.0,0.0,0.0071150943396226
2014-12-09 06:00:00,0.2749829545454545,0.0106041666666666,0.0,0.0,0.0130246212121212,0.002,0.001,0.0,0.0,0.0071003787878787
2014-12-09 07:00:00,0.2713716981132075,0.019854716981132,0.0,0.0,0.0128716981132075,0.002,0.001,0.0,0.0,0.0071113207547169
2014-12-09 08:00:00,0.7520262172284645,0.0110131086142322,0.0,0.0,0.0130599250936329,0.002,0.001,0.064440074906367,0.0,0.0071367041198501
2014-12-09 09:00:00,0.5273116883116883,0.0220742115027829,0.0,0.0,0.0129703153988868,0.002,0.0489294990723562,0.0578961038961039,0.0,0.0071094619666048
2014-12-09 10:00:00,0.6145347091932458,0.0145759849906191,0.0,0.0,0.0130243902439024,0.002,0.007015009380863,0.0785290806754221,0.0272007504690431,0.0220562851782363
2014-12-09 11:00:00,0.6401739961759082,0.0173613766730401,0.0,0.0,0.1142734225621414,0.002,0.001,0.0,0.0478623326959847,0.0674493307839388
2014-12-09 12:00:00,0.7475711645101664,0.0174584103512014,0.0,0.0,0.1821996303142329,0.002,0.1047670979667282,0.0,0.0,0.0844787430683918
2014-12-09 13:00:00,0.7236123595505618,0.0141104868913857,0.0019176029962546,0.0,0.1825224719101123,0.002,0.0463464419475655,0.0,0.0,0.0883576779026217
2014-12-09 14:00:00,0.8490149253731344,0.020651119402985,0.0,0.0,0.1644496268656716,0.0771343283582089,0.0020074626865671,0.1082313432835821,0.0,0.071106343283582
2014-12-09 15:00:00,0.8573020637898686,0.0124821763602251,0.0,0.0,0.1843395872420262,0.0765741088180112,0.001,0.1170206378986866,0.0,0.0865666041275797
2014-12-09 16:00:00,0.8819101123595505,0.0242003745318352,0.0,0.0,0.1599812734082397,0.1121011235955056,0.001,0.0,0.0,0.0601591760299625
2014-12-09 17:00:00,0.643217636022514,0.0107373358348968,0.0,0.0,0.1261069418386491,0.0141632270168855,0.001,0.0,0.0,0.0433508442776735
2014-12-09 18:00:00,0.4038082706766917,0.022078947368421,0.0,0.0,0.0129962406015037,0.002,0.001,0.0,0.0,0.0070714285714285
2014-12-09 19:00:00,0.4062052730696798,0.0108267419962335,0.0,0.0,0.0130640301318267,0.002,0.001,0.0,0.0,0.0070546139359698
2014-12-09 20:00:00,0.3757443609022556,0.0219191729323308,0.0,0.0,0.0131353383458646,0.0028515037593984,0.001,0.0,0.0,0.0070808270676691
2014-12-09 21:00:00,0.8460224719101124,0.0109681647940074,0.0,0.0,0.0130767790262172,0.0660299625468164,0.1861104868913857,0.0,0.0568501872659176,0.0070749063670411
2014-12-09 22:00:00,0.6208600823045267,0.0229526748971193,0.0,0.0,0.01319341563786,0.1126028806584362,0.001,0.0648395061728395,0.0,0.0071090534979423
2014-12-09 23:00:00,0.5597348484848484,0.0131988636363636,0.0,0.0,0.0132462121212121,0.1122329545454545,0.001,0.0554905303030303,3.787878787878788e-06,0.0071325757575757
2014-12-10 00:00:00,0.4657495327102804,0.0209028037383177,0.0,0.0,0.0132785046728971,0.0579140186915887,0.001,0.0,0.0,0.0071214953271028
2014-12-10 01:00:00,0.2490805243445693,0.0124737827715355,0.0,0.0,0.0133408239700374,0.002,0.001,0.0,0.0038352059925093,0.0071348314606741
2014-12-10 02:00:00,0.2985206766917293,0.0217857142857142,0.0,0.0,0.013422932330827,0.002,0.001,0.0,0.0,0.0071390977443609
2014-12-10 03:00:00,0.2434204545454545,0.0153200757575757,0.0,0.0,0.0134545454545454,0.002,0.001,0.0,0.0,0.0071306818181818
2014-12-10 04:00:00,0.2572716981132075,0.0216245283018867,0.0,0.0,0.0134188679245283,0.0025641509433962,0.001,0.0,0.0,0.0071452830188679
2014-12-10 05:00:00,0.2498048780487805,0.015842401500938,0.0,0.0,0.0132045028142589,0.002,0.001,0.0,0.0,0.0070994371482176
2014-12-10 06:00:00,0.2489416195856874,0.0181148775894538,0.0,0.0,0.0129416195856873,0.002,0.001,0.0,0.0,0.0070790960451977
2014-12-10 07:00:00,0.2561412429378531,0.019472693032015,0.0,0.0,0.0130715630885122,0.002,0.001,0.0,0.0,0.0071186440677966
2014-12-10 08:00:00,0.2939943714821763,0.0132851782363977,0.0,0.0009606003752345,0.0131594746716697,0.002,0.001,0.0,0.0,0.0071144465290806
2014-12-10 09:00:00,0.2830318352059925,0.0237584269662921,0.0,0.0,0.0131685393258426,0.002,0.001,0.0,0.0,0.0071460674157303
2014-12-10 10:00:00,0.5426610169491526,0.0132071563088512,0.0,0.0,0.0131996233521657,0.002,0.001,0.0751092278719397,0.0,0.0378568738229755
2014-12-10 11:00:00,0.9826647834274952,0.0233182674199623,0.2214237288135593,0.0,0.0132900188323917,0.002,0.001,0.2310998116760828,0.05984934086629,0.0081958568738229
2014-12-10 12:00:00,0.5284538606403013,0.0109472693032015,0.0547966101694915,0.0,0.1045197740112994,0.002,0.001,0.0,0.0,0.0081826741996233
2014-12-10 13:00:00,0.5526504672897196,0.0219196261682242,0.0007084112149532,0.0,0.1847738317757009,0.002,0.001,0.0,0.0,0.0081700934579439
2014-12-10 14:00:00,0.5367105263157895,0.0143082706766917,0.0006710526315789,0.0,0.201359022556391,0.002,0.0155733082706766,0.0,0.0,0.008125939849624
2014-12-10 15:00:00,0.5736404494382022,0.0207715355805243,0.0005955056179775,0.0,0.2051460674157303,0.002,0.001,0.0,0.0,0.0081666666666666
2014-12-10 16:00:00,1.948427495291902,0.0191092278719397,4.143126177024482e-05,0.0,0.1655254237288135,0.002,0.0747853107344632,0.1266647834274953,0.0,0.0081506591337099
2014-12-10 17:00:00,1.476625939849624,0.0164962406015037,0.0,0.0,0.1662142857142857,0.0697537593984962,0.1548740601503759,0.1002537593984962,0.0,0.008125939849624
2014-12-10 18:00:00,0.7508257575757576,0.0181041666666666,0.0,0.0,0.1616344696969696,0.1123371212121212,0.001,0.0,0.0,0.0081174242424242
2014-12-10 19:00:00,0.7809943396226415,0.0157471698113207,0.0,0.0,0.1867716981132075,0.112766037735849,0.001,0.0,0.0,0.008843396226415
2014-12-10 20:00:00,0.8339562737642585,0.0206406844106463,0.0,0.0,0.1815627376425855,0.1126292775665399,0.001,0.093606463878327,0.0,0.0126958174904942
2014-12-10 21:00:00,0.921938202247191,0.0126179775280898,0.0,0.0,0.1702265917602996,0.112567415730337,0.001,0.0,0.0,0.0124962546816479
2014-12-10 22:00:00,0.9737429643527205,0.0221726078799249,0.0,0.0,0.1527711069418386,0.1128761726078799,0.001,0.0649230769230769,0.0,0.009545966228893
2014-12-10 23:00:00,0.8434256120527307,0.0113032015065913,0.0,0.0,0.1655423728813559,0.1128832391713747,0.001,0.0,0.0,0.0080659133709981
2014-12-11 00:00:00,0.5516792452830189,0.022643396226415,0.0,0.0,0.1170113207547169,0.0228698113207547,0.001,0.0,0.0,0.0080792452830188
2014-12-11 01:00:00,0.26517843866171,0.0123401486988847,0.0,0.0,0.0133197026022304,0.002,0.001,0.0,0.0,0.008085501858736
2014-12-11 02:00:00,0.2541194029850746,0.0244440298507462,0.0,0.0,0.0133936567164179,0.0022182835820895,0.001,0.0,0.0,0.0080652985074626
2014-12-11 03:00:00,0.255774011299435,0.0116553672316384,0.0,0.0,0.0133898305084745,0.002,0.001,0.0,0.0,0.0080960451977401
2014-12-11 04:00:00,0.2611760299625468,0.0242097378277153,0.0,0.0,0.01325468164794,0.0025880149812734,0.001,0.0,0.0,0.0080805243445692
2014-12-11 05:00:00,0.2651763602251407,0.0146378986866791,0.0,0.0,0.013671669793621,0.002,0.001,0.0,0.0,0.0080844277673545
2014-12-11 06:00:00,0.2920754716981132,0.0239283018867924,0.0,0.0,0.0131471698113207,0.002,0.001,0.0,0.0,0.0080792452830188
2014-12-11 07:00:00,0.2826423220973783,0.0129494382022471,0.0,0.0,0.0131086142322097,0.002,0.001,0.0,0.0,0.0080880149812734
2014-12-11 08:00:00,0.5637073170731708,0.022499061913696,0.0,0.0,0.0131407129455909,0.002,0.001,0.0,0.0,0.00806191369606
2014-12-11 09:00:00,0.4529831460674157,0.0130355805243445,0.0,0.0,0.0131797752808988,0.002,0.001,0.0548052434456928,0.0,0.0080711610486891
2014-12-11 10:00:00,0.5294026465028355,0.0216162570888468,0.0,0.0,0.0132230623818525,0.0019981096408317,0.001,0.070812854442344,0.0862514177693761,0.0080888468809073
2014-12-11 11:00:00,0.5384577861163227,0.0176097560975609,0.0,0.0151857410881801,0.013217636022514,0.0019981238273921,0.001,0.0398161350844277,0.069765478424015,0.0080956848030018
2014-12-11 12:00:00,1.5917298311444654,0.0198011257035647,0.0,0.961998123827392,0.090921200750469,0.002,0.001,0.0,0.0,0.0080825515947467
2014-12-11 13:00:00,1.2343559322033897,0.0129472693032015,0.0,0.6558399246704331,0.0633483992467043,0.002,0.001,0.0937758945386064,0.0,0.0080564971751412
2014-12-11 14:00:00,0.4918547169811321,0.0198207547169811,0.0148867924528301,0.0,0.0130471698113207,0.002,0.001,0.0594169811320754,0.0,0.0080679245283018
2014-12-11 15:00:00,0.7390544090056285,0.019311444652908,0.0016604127579737,0.0,0.013108818011257,0.002,0.001,0.0,0.0,0.0080825515947467
2014-12-11 16:00:00,0.5660205992509364,0.0170430711610486,0.0,0.0,0.0127659176029962,0.002,0.0243501872659176,0.0,0.0,0.0235786516853932
2014-12-11 17:00:00,0.2432701149425287,0.0198333333333333,0.0,0.0,0.0127758620689655,0.002,0.001,0.0,0.0,0.0070191570881226
2014-12-11 18:00:00,0.2519716981132075,0.0139188679245283,0.0,0.0,0.0128132075471698,0.002,0.001,0.0,0.0,0.0070320754716981
2014-12-11 19:00:00,0.2419772727272727,0.02175,0.0,0.0,0.0129071969696969,0.002,0.001,0.0,0.0,0.0070340909090909
2014-12-11 20:00:00,0.2671547169811321,0.0124320754716981,0.0,0.0,0.0130471698113207,0.002,0.001,0.0,0.0,0.0070301886792452
2014-12-11 21:00:00,0.2701666666666666,0.0222840909090909,0.0,0.0,0.0130056818181818,0.0019962121212121,0.001,0.0,0.0,0.007030303030303
2014-12-11 22:00:00,0.2383716981132075,0.0127471698113207,0.0,0.0,0.0130415094339622,0.0024094339622641,0.001,0.0,0.0,0.0070415094339622
2014-12-11 23:00:00,0.2400244360902255,0.0227650375939849,0.0,0.0,0.0131597744360902,0.002,0.001,0.0,0.0,0.0070526315789473
2014-12-12 00:00:00,0.2367368421052631,0.0119436090225563,0.0,0.0,0.0131785714285714,0.0022368421052631,0.001,0.0,0.0,0.0070507518796992
2014-12-12 01:00:00,0.2372169811320754,0.0241320754716981,0.0,0.0,0.0132207547169811,0.002,0.001,0.0,0.0,0.0070339622641509
2014-12-12 02:00:00,0.2354454887218045,0.011578947368421,0.0,0.0,0.0132387218045112,0.002,0.001,0.0,0.0,0.0070676691729323
2014-12-12 03:00:00,0.2568587570621469,0.0229265536723163,0.0,0.0,0.0133013182674199,0.002,0.001,0.0,0.0,0.0070546139359698
2014-12-12 04:00:00,0.2249327102803738,0.0110448598130841,0.0,0.0,0.0131981308411214,0.0023532710280373,0.001,0.0,0.0,0.0070448598130841
2014-12-12 05:00:00,0.2295440900562851,0.0223545966228893,0.0,0.0,0.0131819887429643,0.002,0.001,0.0,0.0,0.0070375234521575
2014-12-12 06:00:00,0.2296610486891385,0.0111666666666666,0.0,0.0,0.0131217228464419,0.002,0.001,0.0,0.0,0.0070468164794007
2014-12-12 07:00:00,0.2660450281425891,0.0224596622889305,0.0,0.0,0.0168461538461538,0.002,0.001,0.0,0.0,0.0070525328330206
2014-12-12 08:00:00,0.2338116760828625,0.0110131826741996,0.0,0.0,0.0130338983050847,0.002,0.001,0.0,0.0,0.0070489642184557
2014-12-12 09:00:00,0.2383365019011406,0.023157794676806,0.0,0.0,0.0131007604562737,0.002,0.001,0.0,0.0,0.0070589353612167
2014-12-12 10:00:00,0.2250339622641509,0.0129849056603773,0.0,0.0,0.0131113207547169,0.0021509433962264,0.001,0.0,0.0,0.0070584905660377
2014-12-12 11:00:00,0.2433613766730401,0.0208585086042065,0.0,0.0,0.013227533460803,0.002,0.001,0.0,0.0,0.0070401529636711
2014-12-12 12:00:00,0.2412533333333333,0.0108,0.0,0.0,0.0130514285714285,0.002,0.001,0.0,0.0,0.0070438095238095
2014-12-12 13:00:00,0.2560133843212237,0.0215793499043977,0.0,0.0,0.0130726577437858,0.002,0.001,0.0,0.0,0.0070286806883365
2014-12-12 14:00:00,0.2241259541984732,0.0164656488549618,0.0,0.0,0.0130381679389312,0.002,0.001,0.0,0.0,0.0070229007633587
2014-12-12 15:00:00,0.2383548387096774,0.0177153700189753,0.0,0.0,0.0129810246679316,0.002,0.001,0.0,0.0,0.0070493358633776
2014-12-12 16:00:00,0.2365151515151515,0.0168352272727272,0.0,0.0,0.0126155303030303,0.002,0.001,0.0,0.0,0.0070321969696969
2014-12-12 17:00:00,0.2341688555347092,0.0174652908067542,0.0,0.0,0.0128030018761726,0.002,0.001,0.0,0.0,0.0070450281425891
2014-12-12 18:00:00,0.2220863039399624,0.0170825515947467,0.0,0.0,0.0129587242026266,0.002,0.001,0.0,0.0,0.0070337711069418
2014-12-12 19:00:00,0.2646772983114446,0.0166322701688555,0.0,0.0,0.0129981238273921,0.002,0.001,0.0,0.0,0.0070187617260788
2014-12-12 20:00:00,0.2671016949152542,0.0111563088512241,0.0,0.0,0.0130809792843691,0.002,0.001,0.0,0.0,0.0070263653483992
2014-12-12 21:00:00,0.2402169811320754,0.020977358490566,0.0,0.0,0.0129943396226415,0.002,0.001,0.0,0.0,0.0070509433962264
2014-12-12 22:00:00,0.2331969696969696,0.0110397727272727,0.0,0.0,0.0131155303030303,0.0024375,0.001,0.0,0.0,0.0070549242424242
2014-12-12 23:00:00,0.2404609523809524,0.0244495238095238,0.0,0.0,0.0132209523809523,0.002,0.001,0.0,0.0,0.0070457142857142
2014-12-13 00:00:00,0.2167067961165048,0.0104893203883495,0.0,0.0,0.0133184466019417,0.0022912621359223,0.001,0.0,0.0,0.0070757281553398
2014-12-13 01:00:00,0.2455372848948374,0.0225219885277246,0.0,0.0,0.0132638623326959,0.0038661567877629,0.001,0.0,0.0,0.0070630975143403
2014-12-13 02:00:00,0.2190019157088122,0.010471264367816,0.0,0.0,0.0132049808429118,0.002,0.001,0.0,0.0,0.0070919540229885
2014-12-13 03:00:00,0.2287557251908396,0.019736641221374,0.0,0.0,0.0132137404580152,0.002,0.001,0.0,0.0,0.0070591603053435
2014-12-13 04:00:00,0.2312100192678227,0.0100500963391136,0.0,0.0,0.0131888246628131,0.0023294797687861,0.001,0.0,0.0,0.0070404624277456
2014-12-13 05:00:00,0.2262807692307692,0.0225057692307692,0.0,0.0,0.0131307692307692,0.002,0.001,0.0,0.0,0.0070692307692307
2014-12-13 06:00:00,0.2713875236294896,0.0101493383742911,0.0,0.0,0.0131361058601134,0.002,0.001,0.0,0.0,0.0070529300567107
2014-12-13 07:00:00,0.2372976653696498,0.0221420233463035,0.0,0.0,0.0130583657587548,0.002,0.001,0.0,0.0,0.007044747081712
2014-12-13 08:00:00,0.2255389105058365,0.0102101167315175,0.0,0.0,0.0129844357976653,0.002,0.001,0.0,0.0,0.0070466926070038
2014-12-13 09:00:00,0.2693456310679611,0.0212543689320388,0.0,0.0,0.0130970873786407,0.002,0.001,0.0,0.0,0.0070504854368932
2014-12-13 10:00:00,0.2298430232558139,0.0118740310077519,0.0,0.0,0.0130658914728682,0.0019922480620155,0.001,0.0,0.0,0.0070581395348837
2014-12-13 11:00:00,0.250602766798419,0.020094861660079,0.0,0.0,0.0132134387351778,0.002,0.001,0.0,0.0,0.0070632411067193
2014-12-13 12:00:00,0.2235661478599221,0.0119435797665369,0.0,0.0,0.0131789883268482,0.002,0.001,0.0,0.0,0.007056420233463
2014-12-13 13:00:00,0.2554990253411306,0.0209181286549707,0.0,0.0,0.0131072124756335,0.002,0.001,0.0,0.0,0.007037037037037
2014-12-13 14:00:00,0.2404,0.0104557692307692,0.0,0.0,0.0131307692307692,0.002,0.001,0.0,0.0,0.00705
2014-12-13 15:00:00,0.2196161228406909,0.0210422264875239,0.0,0.0,0.0130422264875239,0.002,0.001,0.0,0.0,0.0070518234165067
2014-12-13 16:00:00,0.2508747591522158,0.0131329479768786,0.0,0.0,0.0128940269749518,0.002,0.001,0.0,0.0,0.0070500963391136
2014-12-13 17:00:00,0.24005,0.0170173076923076,0.0,0.0,0.0128153846153846,0.002,0.001,0.0,0.0,0.0070480769230769
2014-12-13 18:00:00,0.3136944971537002,0.0139525616698292,0.0,0.0,0.0128292220113852,0.002,0.001,0.0,0.0,0.0070474383301707
2014-12-13 19:00:00,0.3932290076335878,0.0157251908396946,0.0,0.0,0.0129083969465648,0.002,0.001,0.0,0.0,0.0070267175572519
2014-12-13 20:00:00,0.6950514285714285,0.0210857142857142,0.0,0.0,0.01296,0.0711809523809523,0.001,0.1304914285714285,0.0,0.00704
2014-12-13 21:00:00,0.5669334600760456,0.0197775665399239,0.0,0.0,0.0129220532319391,0.1123326996197718,0.001,0.0,0.0,0.0070437262357414
2014-12-13 22:00:00,0.65900390625,0.01722265625,0.0,0.0,0.013072265625,0.112033203125,0.001,0.05123046875,0.0,0.007029296875
2014-12-13 23:00:00,0.5408562874251497,0.0290798403193612,0.0,0.0,0.0131596806387225,0.1121656686626746,0.001,0.0,0.0,0.0070339321357285
2014-12-14 00:00:00,0.4512931034482759,0.0138984674329501,0.0,0.0,0.0130785440613026,0.0283045977011494,0.001,0.0,0.0001226053639846,0.0070689655172413
2014-12-14 01:00:00,0.2433916349809886,0.0264980988593155,0.0,0.0,0.0133821292775665,0.002,0.001,0.0,0.0,0.0070380228136882
2014-12-14 02:00:00,0.222015009380863,0.0134821763602251,0.0,0.0,0.0131969981238273,0.0023001876172607,0.001,0.0,0.0,0.0070469043151969
2014-12-14 03:00:00,0.2485864661654135,0.0246090225563909,0.0,0.0,0.0132462406015037,0.002,0.001,0.0,0.0,0.0070657894736842
2014-12-14 04:00:00,0.2618122605363984,0.0121609195402298,0.0068659003831417,0.0,0.0131743295019157,0.0023409961685823,0.001,0.0,0.0,0.0070670498084291
2014-12-14 05:00:00,0.2282608695652174,0.0243137996219281,0.0,0.0,0.0131398865784499,0.002,0.001,0.0,0.0,0.0070567107750472
2014-12-14 06:00:00,0.2847865168539326,0.0136985018726591,0.0,0.0,0.0131535580524344,0.002,0.001,0.0,0.0,0.0070486891385767
2014-12-14 07:00:00,0.2652019230769231,0.022851923076923,0.0,0.0,0.0131461538461538,0.002,0.001,0.0,0.0,0.0070365384615384
2014-12-14 08:00:00,0.2975294117647059,0.0115028462998102,0.0,0.0,0.0130094876660341,0.0019962049335863,0.001,0.0,0.0,0.0070360531309297
2014-12-14 09:00:00,0.3876979362101313,0.0252833020637898,0.0,0.0,0.0133076923076923,0.002,0.001,0.0612457786116322,0.0,0.0070506566604127
2014-12-14 10:00:00,0.3762437619961613,0.0108502879078694,0.0,0.0,0.013024952015355,0.002,0.001,0.0622284069097888,0.0,0.0074529750479846
2014-12-14 11:00:00,1.4987544554455443,0.0218990099009901,0.684279207920792,0.0,0.0129128712871287,0.002,0.0058673267326732,0.1089782178217821,0.0722376237623762,0.0520851485148514
2014-12-14 12:00:00,0.9079561068702292,0.0113320610687022,0.1091908396946564,2.2900763358778624e-05,0.0654064885496183,0.002,0.001,0.102854961832061,0.0123645038167938,0.0362652671755725
2014-12-14 13:00:00,0.8434761904761905,0.0213866666666666,0.07596,0.0,0.1925904761904761,0.0019980952380952,0.001,0.0,0.0,0.0979809523809523
2014-12-14 14:00:00,0.7562990476190476,0.0146819047619047,0.0009923809523809,0.0,0.1879733333333333,0.0382685714285714,0.0186895238095238,0.0,0.0,0.1079390476190476
2014-12-14 15:00:00,0.5914111969111969,0.0219382239382239,3.667953667953668e-05,0.0,0.1813069498069498,0.002,0.001,0.0,0.0,0.0245482625482625
2014-12-14 16:00:00,0.3653219047619047,0.0121580952380952,0.0,0.0,0.0299980952380952,0.0021923809523809,0.001,0.0,0.0,0.0082438095238095
2014-12-14 17:00:00,0.4494201520912547,0.0221520912547528,0.0,0.0,0.0299600760456273,0.002,0.001,0.0,0.0,0.0082889733840304
2014-12-14 18:00:00,0.7096666666666667,0.0129085714285714,0.0,0.0,0.1419142857142857,0.002,0.001,0.0740819047619047,0.0,0.0115790476190476
2014-12-14 19:00:00,0.8799749518304432,0.0231233140655106,0.0,0.0,0.1580674373795761,0.0391618497109826,0.001,0.08952408477842,0.0,0.066795761078998
2014-12-14 20:00:00,0.7465333333333333,0.0122933333333333,0.0,0.0,0.1504380952380952,0.1113828571428571,0.1105123809523809,0.0,0.0,0.0085771428571428
2014-12-14 21:00:00,0.8463326923076924,0.0233230769230769,0.0,0.0,0.1515942307692307,0.0809673076923077,0.001,0.117076923076923,0.0,0.0431942307692307
2014-12-14 22:00:00,0.9361206896551724,0.0115842911877394,0.0,0.0,0.1540210727969348,0.1138888888888888,0.0158333333333333,0.0976072796934865,0.0,0.0903544061302682
2014-12-14 23:00:00,0.8265178236397749,0.0225084427767354,0.0,0.0,0.1641050656660412,0.1142870544090056,0.0040206378986866,0.0548180112570356,0.0,0.0902795497185741
2014-12-15 00:00:00,0.720743445692884,0.0148202247191011,0.0,0.0,0.1647097378277153,0.0901610486891385,0.001,0.0,0.0,0.0761198501872659
2014-12-15 01:00:00,0.4551420560747663,0.0225364485981308,0.0,0.0,0.0616579439252336,0.002,0.001,0.0,0.0,0.0761831775700934
2014-12-15 02:00:00,0.3366685393258427,0.0110262172284644,0.0,0.0,0.030938202247191,0.002,0.001,0.0,0.0,0.0605280898876404
2014-12-15 03:00:00,0.3205630885122411,0.0241261770244821,0.0,0.0,0.0311054613935969,0.002,0.001,0.0,0.0,0.0580941619585687
2014-12-15 04:00:00,0.3214105461393597,0.0116741996233521,0.0,0.0,0.0310960451977401,0.002593220338983,0.001,0.0,0.0,0.058216572504708
2014-12-15 05:00:00,0.3218983050847457,0.0218625235404896,0.0,0.0,0.0307966101694915,0.002,0.0010018832391713,0.0,0.0,0.0579265536723163
2014-12-15 06:00:00,0.3119436090225564,0.0114060150375939,0.0,0.0,0.0307406015037594,0.002,0.001,0.0,0.0,0.0579454887218045
2014-12-15 07:00:00,0.3294618320610687,0.0231068702290076,0.0,0.0,0.0306221374045801,0.002,0.001,0.0,0.0,0.058368320610687
2014-12-15 08:00:00,0.374027027027027,0.0107297297297297,0.0,0.0,0.0306544401544401,0.002,0.001,0.0,0.0,0.0582934362934362
2014-12-15 09:00:00,0.4697931688804554,0.0219848197343453,0.0,0.0,0.0307722960151802,0.002,0.001,0.0596888045540797,0.0,0.0666166982922201
2014-12-15 10:00:00,0.6480247148288973,0.0115722433460076,0.0,0.0,0.0308441064638783,0.002,0.1201425855513308,0.0505817490494296,0.0,0.0660171102661597
2014-12-15 11:00:00,0.6495609284332688,0.0187582205029013,0.0,0.0,0.07121083172147,0.002,0.0070889748549323,0.0876885880077369,0.0630773694390715,0.0540193423597678
2014-12-15 12:00:00,0.4621023166023166,0.0152413127413127,0.0,0.0,0.0732277992277992,0.002,0.001,0.0,0.0,0.0422915057915057
2014-12-15 13:00:00,0.3686187739463601,0.0158965517241379,0.0,0.0,0.0132318007662835,0.002,0.001,0.0,0.0,0.0071245210727969
2014-12-15 14:00:00,0.8346193181818181,0.0196950757575757,0.0,0.0,0.0130984848484848,0.002090909090909,0.1261060606060606,0.1411022727272727,0.1405265151515151,0.017310606060606
2014-12-15 15:00:00,0.5573889943074004,0.011089184060721,0.0,0.0,0.0238671726755218,0.002,0.0098368121442125,0.0,0.0,0.010662239089184
2014-12-15 16:00:00,0.6226654135338345,0.0237932330827067,0.0,0.0,0.1772011278195488,0.002,0.001,0.0581127819548872,0.0,0.007078947368421
2014-12-15 17:00:00,0.766531954887218,0.0112800751879699,0.0,0.0,0.1605037593984962,0.002,0.001,0.0847612781954887,0.0,0.0070883458646616
2014-12-15 18:00:00,0.6839642857142857,0.0219642857142857,0.0,0.0,0.0301052631578947,0.0848458646616541,0.001,0.0389116541353383,0.0,0.0070827067669172
2014-12-15 19:00:00,0.3919791271347249,0.010235294117647,0.0,0.0,0.0301783681214421,0.0024497153700189,0.001,0.0,0.0,0.0070721062618595
2014-12-15 20:00:00,0.6836541353383458,0.0235676691729323,0.0,0.0,0.0305432330827067,0.0935375939849624,0.0357781954887218,0.0144924812030075,0.0258721804511278,0.0070883458646616
2014-12-15 21:00:00,0.6283540489642184,0.0116195856873822,0.0,0.0,0.0306252354048964,0.1121318267419962,0.0252900188323917,0.0541280602636534,0.000367231638418,0.0070903954802259
2014-12-15 22:00:00,0.6692157598499061,0.0221425891181988,0.0,0.0,0.0307148217636022,0.1122138836772983,0.001,0.0685290806754221,0.0009606003752345,0.0071257035647279
2014-12-15 23:00:00,0.5851775700934579,0.0116056074766355,0.0,0.0,0.030811214953271,0.112814953271028,0.001,0.0,0.0,0.0282710280373831
2014-12-16 00:00:00,0.5139420560747664,0.0202448598130841,0.0,0.0,0.0685719626168224,0.0661925233644859,0.001,0.0,0.0,0.0071140186915887
2014-12-16 01:00:00,0.2531538461538462,0.0139624765478424,0.0,0.0,0.0132532833020637,0.002,0.001,0.0,0.0,0.0071463414634146
2014-12-16 02:00:00,0.2548467289719626,0.0183439252336448,0.0,0.0,0.0132542056074766,0.002,0.001,0.0,0.0,0.0071252336448598
2014-12-16 03:00:00,0.2489455909943715,0.015765478424015,0.0,0.0,0.0132157598499061,0.002,0.001,0.0,0.0,0.0071144465290806
2014-12-16 04:00:00,0.2553121495327103,0.0154710280373831,0.0,0.0,0.0131906542056074,0.0025869158878504,0.001,0.0,0.0,0.0071626168224299
2014-12-16 05:00:00,0.2771067415730337,0.0179063670411985,0.0,0.0,0.0131086142322097,0.002,0.001,0.0,0.0,0.0071104868913857
2014-12-16 06:00:00,0.2872998137802607,0.0121582867783985,0.0,0.0,0.0130111731843575,0.002,0.001,0.0,0.0,0.00712104283054
2014-12-16 07:00:00,0.8564176029962547,0.0204794007490636,0.0,0.0,0.0129513108614232,0.002,0.0381104868913857,0.1208576779026217,0.0,0.0071011235955056
2014-12-16 08:00:00,0.3332340823970037,0.011005617977528,0.0,0.0,0.0130168539325842,0.002,0.001,0.0,0.0,0.0070936329588014
2014-12-16 09:00:00,0.3078740601503759,0.0226240601503759,0.0048120300751879,0.0,0.0131165413533834,0.002,0.001,0.0,0.0,0.0071221804511278
2014-12-16 10:00:00,0.2885853658536585,0.0111744840525328,0.0033095684803001,0.0,0.0131444652908067,0.002,0.001,0.0,0.0,0.0071031894934333
2014-12-16 11:00:00,0.4384007490636704,0.0237078651685393,0.0,0.0,0.0132153558052434,0.002,0.001,0.055505617977528,0.0734737827715355,0.0071198501872659
2014-12-16 12:00:00,0.5059608208955224,0.0130242537313432,0.0,0.0,0.1698041044776119,0.002,0.0247014925373134,0.0,0.0,0.0071287313432835
2014-12-16 13:00:00,0.4751196261682243,0.0198168224299065,0.0,0.0,0.1821364485981308,0.0019981308411214,0.0039308411214953,0.0,0.0,0.0070841121495327
2014-12-16 14:00:00,0.486214552238806,0.014820895522388,0.0,0.0,0.1808992537313433,0.002,0.001,0.0,0.0,0.0071082089552238
2014-12-16 15:00:00,0.4884566037735849,0.0210943396226415,0.0,0.0,0.1821226415094339,0.002,0.001,0.0,0.0,0.0071037735849056
2014-12-16 16:00:00,0.5801000000000001,0.0138962264150943,0.0026566037735849,0.0,0.1512943396226415,0.002,0.001,0.044977358490566,0.0589377358490566,0.0071169811320754
2014-12-16 17:00:00,0.6140763358778626,0.0194980916030534,0.0,0.0,0.1753129770992366,0.002,0.001,0.0862767175572519,0.0,0.007074427480916
2014-12-16 18:00:00,0.8127547169811321,0.0156320754716981,0.0,0.0,0.1775301886792452,0.1079283018867924,0.0272679245283018,0.0195471698113207,0.0,0.0070867924528301
2014-12-16 19:00:00,0.6758292220113853,0.016796963946869,0.0,0.0,0.0361802656546489,0.1116242884250474,0.001,0.0,0.0,0.0094383301707779
2014-12-16 20:00:00,0.7008087121212121,0.0193068181818181,0.0,0.0,0.0128844696969696,0.1116496212121212,0.001,0.0818636363636363,0.0,0.0116344696969696
2014-12-16 21:00:00,0.6240419047619048,0.013535238095238,0.0,0.0,0.0131314285714285,0.113167619047619,0.0159123809523809,0.0404857142857142,0.0,0.0083866666666666
2014-12-16 22:00:00,0.5535371428571428,0.0251428571428571,0.0,0.0,0.0131580952380952,0.1115847619047619,0.001,0.0,0.0,0.0070971428571428
2014-12-16 23:00:00,0.609920303605313,0.0164535104364326,0.0,0.0,0.0131214421252371,0.1116888045540797,0.001,0.0847457305502846,0.0,0.0071062618595825
2014-12-17 00:00:00,0.4990994263862333,0.0188432122370936,0.0,0.0,0.0131376673040152,0.1121644359464627,0.001,0.0,0.0,0.0071376673040152
2014-12-17 01:00:00,0.2832367424242424,0.0173162878787878,0.0,0.0,0.0131628787878787,0.0165814393939393,0.001,0.0,0.0,0.0071155303030303
2014-12-17 02:00:00,0.2463632887189292,0.0206711281070745,0.0,0.0,0.013208413001912,0.002,0.001,0.0,0.0,0.0071606118546845
2014-12-17 03:00:00,0.2553596986817326,0.0173314500941619,0.0,0.0,0.0133032015065913,0.002,0.001,0.0,0.0,0.0071280602636534
2014-12-17 04:00:00,0.2444990689013035,0.0175474860335195,0.0,0.0,0.013292364990689,0.0023128491620111,0.0200689013035381,0.0,0.0,0.0071173184357541
2014-12-17 05:00:00,0.2377970204841713,0.0127523277467411,0.0,0.0,0.0131545623836126,0.002,0.001,0.0,0.0,0.0071247672253258
2014-12-17 06:00:00,0.2625196261682243,0.0225308411214953,0.0,0.0,0.0129962616822429,0.002,0.001,0.0,0.0,0.0071158878504672
2014-12-17 07:00:00,0.3075913370998117,0.0115725047080979,0.0,0.0,0.0130225988700564,0.002,0.001,0.0,0.0,0.0070960451977401
2014-12-17 08:00:00,0.3095634328358209,0.0259048507462686,0.0,0.0,0.0131212686567164,0.002,0.001,0.0,0.0,0.0071194029850746
2014-12-17 09:00:00,0.5938895131086143,0.0110224719101123,0.0,0.0,0.0130917602996254,0.002,0.001,0.1095936329588014,0.0639606741573033,0.0071235955056179
2014-12-17 10:00:00,0.4606635338345864,0.0232330827067669,0.0,0.0,0.0131127819548872,0.002,0.001,0.0,0.0009680451127819,0.0070977443609022
2014-12-17 11:00:00,1.2390187265917605,0.0117752808988764,0.0,0.0,0.0130112359550561,0.002,0.001,0.0,1.8726591760299623e-06,0.0070992509363295
2014-12-17 12:00:00,1.2039585687382297,0.0254312617702448,0.0,0.0990828625235404,0.1389058380414312,0.002,0.0343389830508474,0.0,0.0002109227871939,0.0070866290018832
2014-12-17 13:00:00,2.4331033333333334,0.0112,0.0,1.2885866666666663,0.1821433333333333,0.002,0.001,0.23445,0.0004266666666666,0.00792
2014-12-17 14:00:00,0.8788858447488584,0.0080502283105022,0.0,0.2230456621004566,0.1459908675799086,0.002,0.001,0.0,0.0,0.0070730593607305
2014-12-17 15:00:00,0.6879052631578948,0.0178210526315789,0.0,0.0,0.1446842105263157,0.002,0.001,0.0,0.0,0.0070736842105263
2014-12-17 16:00:00,0.8649909090909091,0.0057772727272727,0.0,0.0,0.1543363636363636,0.002,0.001,0.0,0.0,0.0144545454545454
2014-12-17 17:00:00,0.8381012658227849,0.0136962025316455,0.0,0.0,0.1469873417721519,0.002,0.001,0.0,0.0,0.0584303797468354
2014-12-17 18:00:00,2.0073318584070794,0.0083185840707964,0.0,0.0,0.0129867256637168,0.002,0.1845619469026548,0.0588053097345132,0.0,0.0082743362831858
2014-12-17 19:00:00,1.9773333333333327,0.0036481481481481,0.0,0.0,0.0129027777777777,0.002,0.0244629629629629,0.0,0.0,0.00825
2014-12-17 20:00:00,1.0706022304832714,0.018810408921933,0.0,0.0,0.0129144981412639,0.0763420074349442,0.0137509293680297,0.247628252788104,0.0,0.0082825278810408
2014-12-17 21:00:00,0.7371577540106952,0.002355614973262,0.0,0.0,0.0130053475935828,0.0559545454545454,0.001,0.1805053475935829,0.0,0.0083021390374331
2014-12-17 22:00:00,0.7929102167182662,0.0185727554179566,0.0,0.0,0.1814922600619194,0.002,0.0009969040247678,0.0913839009287925,0.0,0.0082291021671826
2014-12-17 23:00:00,0.7450727272727273,0.0158836363636363,0.0,0.0,0.1812618181818181,0.002,0.001,0.0,0.0,0.0489636363636363
2014-12-18 00:00:00,0.8028110236220473,0.0176574803149606,0.0,0.0,0.1651062992125984,0.0349685039370078,0.001,0.0,0.0,0.0693267716535433
2014-12-18 01:00:00,0.4165862068965517,0.0028448275862068,0.0,0.0,0.0135862068965517,0.0228620689655172,0.001,0.0,0.0,0.0070431034482758
2014-12-18 02:00:00,0.2685501165501165,0.0269953379953379,0.0,0.0,0.0133146853146853,0.0019953379953379,0.0009976689976689,0.0,0.0,0.007060606060606
2014-12-18 03:00:00,0.2582331932773109,0.0178949579831932,0.0,0.0,0.0132836134453781,0.002,0.001,0.0,0.0,0.0070378151260504
2014-12-18 04:00:00,0.2531542553191489,0.0194760638297872,0.0,0.0,0.0131595744680851,0.0024494680851063,0.001,0.0,0.0,0.0070292553191489
2014-12-18 05:00:00,0.2729767441860465,0.0148023255813953,0.0,0.0,0.0135348837209302,0.002,0.001,0.0,0.0,0.0070116279069767
2014-12-18 06:00:00,0.3936756756756757,0.0164729729729729,0.0,0.0,0.0128513513513513,0.002,0.001,0.0,0.0,0.007036036036036
2014-12-18 07:00:00,0.3964456521739131,0.0146739130434782,0.0,0.0,0.0131739130434782,0.002,0.001,0.0,0.0,0.0070543478260869
2014-12-18 08:00:00,0.2467982062780269,0.0104663677130044,0.0,0.0,0.0130941704035874,0.002,0.001,0.0,0.0,0.0070358744394618
2014-12-18 09:00:00,0.3632705882352941,0.0136941176470588,0.0,0.0,0.0130235294117647,0.002,0.001,0.0924705882352941,0.0231764705882352,0.0071647058823529
2014-12-18 10:00:00,0.4223217391304347,0.0096521739130434,0.0,0.0,0.0131217391304347,0.002,0.001,0.0,0.0,0.0070260869565217
2014-12-18 11:00:00,,,,,,,,,,
2014-12-18 12:00:00,,,,,,,,,,
2014-12-18 13:00:00,,,,,,,,,,
2014-12-18 14:00:00,,,,,,,,,,
2014-12-18 15:00:00,,,,,,,,,,
2014-12-18 16:00:00,,,,,,,,,,
2014-12-18 17:00:00,,,,,,,,,,
2014-12-18 18:00:00,,,,,,,,,,
2014-12-18 19:00:00,,,,,,,,,,
2014-12-18 20:00:00,,,,,,,,,,
2014-12-18 21:00:00,,,,,,,,,,
2014-12-18 22:00:00,,,,,,,,,,
2014-12-18 23:00:00,,,,,,,,,,
2014-12-19 00:00:00,,,,,,,,,,
2014-12-19 01:00:00,,,,,,,,,,
2014-12-19 02:00:00,,,,,,,,,,
2014-12-19 03:00:00,,,,,,,,,,
2014-12-19 04:00:00,,,,,,,,,,
2014-12-19 05:00:00,,,,,,,,,,
2014-12-19 06:00:00,,,,,,,,,,
2014-12-19 07:00:00,,,,,,,,,,
2014-12-19 08:00:00,,,,,,,,,,
2014-12-19 09:00:00,,,,,,,,,,
2014-12-19 10:00:00,0.4297959183673469,0.0252959183673469,0.0,0.0,0.0130918367346938,0.0019897959183673,0.0009948979591836,0.0,0.0010204081632653,0.0070816326530612
2014-12-19 11:00:00,0.5096111111111111,0.0174314814814814,0.0,0.0,0.013174074074074,0.002,0.001,0.0640055555555555,0.0808351851851851,0.0071166666666666
2014-12-19 12:00:00,0.5089925650557621,0.0222527881040892,0.0,0.0,0.162317843866171,0.002,0.001,0.0,0.0,0.0071115241635687
2014-12-19 13:00:00,0.520864312267658,0.0175148698884758,0.0,0.0,0.1780836431226766,0.002,0.0139702602230483,0.0,0.0,0.0071059479553903
2014-12-19 14:00:00,0.6418710280373832,0.0194598130841121,0.0,0.0,0.1790542056074766,0.002,0.0241719626168224,0.1077401869158878,0.0,0.007629906542056
2014-12-19 15:00:00,0.5570261682242991,0.0179887850467289,0.0,0.0,0.1594542056074766,0.002,0.001,0.0201925233644859,0.0,0.0473794392523364
2014-12-19 16:00:00,0.648671669793621,0.0234446529080675,0.0,0.0,0.1822157598499061,0.002,0.001,0.0,0.0,0.0661257035647279
2014-12-19 17:00:00,0.6898542056074766,0.0165700934579439,0.0,0.0,0.1173794392523364,0.0558355140186915,0.001,0.0804747663551401,0.0,0.0081775700934579
2014-12-19 18:00:00,0.4043239700374532,0.0196235955056179,0.0,0.0,0.0127977528089887,0.002,0.001,0.0,0.0,0.0070692883895131
2014-12-19 19:00:00,0.385499061913696,0.0172720450281425,0.0,0.0,0.0129737335834896,0.002,0.0124071294559099,0.0,0.0,0.0070881801125703
2014-12-19 20:00:00,0.8375903165735569,0.022024208566108,0.0,0.0,0.0128398510242085,0.0631955307262569,0.1217690875232774,0.067217877094972,0.082780260707635,0.007072625698324
2014-12-19 21:00:00,0.5150705009276438,0.0178905380333951,0.0,0.0,0.0130667903525046,0.1127105751391465,0.001,0.0,0.0,0.0071113172541743
2014-12-19 22:00:00,0.6120898876404495,0.0166610486891385,0.0,0.0,0.0131048689138576,0.1126610486891385,0.001,0.0748389513108614,0.0,0.0070861423220973
2014-12-19 23:00:00,0.6088913857677902,0.0194794007490636,0.0,0.0,0.013005617977528,0.1129700374531835,0.001,0.0,0.0,0.0070973782771535
2014-12-20 00:00:00,0.3853352059925093,0.0173876404494382,0.0,0.0,0.0130823970037453,0.0297471910112359,0.001,0.0,0.0,0.0071104868913857
2014-12-20 01:00:00,0.2618404452690167,0.0209276437847866,0.0,0.0,0.0131614100185528,0.002,0.001,0.0,0.0,0.0071001855287569
2014-12-20 02:00:00,0.2455468164794007,0.0158071161048689,0.0,0.0,0.0131760299625468,0.002,0.001,0.0,0.0,0.007125468164794
2014-12-20 03:00:00,0.2532867783985102,0.0188696461824953,0.0,0.0,0.0132588454376163,0.002,0.001,0.0,0.0,0.0071229050279329
2014-12-20 04:00:00,0.2544011194029851,0.0153694029850746,0.0,0.0,0.0132649253731343,0.0025932835820895,0.001,0.0,0.0,0.0071417910447761
2014-12-20 05:00:00,0.2663208955223881,0.0198694029850746,0.0,0.0,0.0132182835820895,0.002,0.001,0.0,0.0,0.0071100746268656
2014-12-20 06:00:00,0.2798984962406015,0.0167537593984962,0.0,0.0,0.0130770676691729,0.002,0.001,0.0,0.0,0.0071296992481203
2014-12-20 07:00:00,0.30825468164794,0.0192209737827715,0.0,0.0,0.0131385767790262,0.0019981273408239,0.001,0.0,0.0,0.0071048689138576
2014-12-20 08:00:00,0.5476858736059479,0.0166301115241635,0.0,0.0,0.0130501858736059,0.002,0.001,0.0,0.0,0.0071171003717472
2014-12-20 09:00:00,0.4533925233644859,0.019014953271028,0.0,0.0,0.013007476635514,0.002,0.001,0.0782,0.0,0.0071308411214953
2014-12-20 10:00:00,0.5041850467289719,0.0161327102803738,0.0,0.0,0.0130672897196261,0.002,0.0749551401869158,0.0797345794392523,0.0,0.0071046728971962
2014-12-20 11:00:00,0.334546992481203,0.0186390977443609,0.0,0.0,0.0130958646616541,0.002,0.001,0.0,0.0,0.0071203007518796
2014-12-20 12:00:00,0.6922827715355805,0.0211722846441947,0.0,0.1769588014981273,0.022812734082397,0.002,0.0283314606741573,0.0589962546816479,0.056503745318352,0.0153052434456928
2014-12-20 13:00:00,1.6800975609756097,0.0127692307692307,0.0009718574108818,0.8192514071294559,0.154953095684803,0.0279606003752345,0.0272532833020637,0.1421463414634146,0.0,0.0816266416510319
2014-12-20 14:00:00,1.3580260223048326,0.0224107806691449,0.0,0.5511933085501859,0.1609609665427509,0.0426524163568773,0.001,0.087131970260223,0.0,0.0781486988847583
2014-12-20 15:00:00,0.7045711610486892,0.0133314606741573,0.0,0.0,0.1602265917602996,0.112380149812734,0.001,0.0,0.0,0.0597996254681647
2014-12-20 16:00:00,0.6619623352165724,0.0220075329566854,0.0,0.0,0.1772561205273069,0.0134915254237288,0.001,0.0,0.0,0.0789981167608286
2014-12-20 17:00:00,0.7007798507462686,0.0122910447761194,0.0,0.0,0.1699291044776119,0.0031268656716417,0.001,0.0,0.0,0.0886380597014925
2014-12-20 18:00:00,1.0125383177570093,0.025403738317757,0.0,0.0,0.1655065420560748,0.1114915887850467,0.0475831775700934,0.0765682242990654,0.0,0.0574355140186915
2014-12-20 19:00:00,1.02772523364486,0.0114093457943925,0.0,0.0,0.1433420560747663,0.1118579439252336,0.0931943925233644,0.1159364485981308,0.0,0.0575327102803738
2014-12-20 20:00:00,0.7519287054409005,0.0226097560975609,0.0,0.0,0.1432682926829268,0.112577861163227,0.001,0.0,0.0,0.0594071294559099
2014-12-20 21:00:00,0.8991516853932584,0.0123314606741573,0.0,0.0,0.1580468164794007,0.1132359550561797,0.001,0.1135224719101123,0.0,0.0577378277153558
2014-12-20 22:00:00,0.7371441947565542,0.0233352059925093,0.0,0.0,0.151376404494382,0.1133913857677902,0.001,0.0,0.0,0.0576816479400749
2014-12-20 23:00:00,0.8102481203007519,0.0115977443609022,0.0,0.0,0.157781954887218,0.1138007518796992,0.001,0.090593984962406,0.0,0.0640093984962406
2014-12-21 00:00:00,0.6823482309124768,0.0222793296089385,0.0,0.0,0.162877094972067,0.0463780260707635,0.0155009310986964,0.0,0.0,0.0487746741154562
2014-12-21 01:00:00,0.3646219739292365,0.012729981378026,0.0,0.0,0.0772849162011173,0.002,0.001,0.0,0.0,0.0071061452513966
2014-12-21 02:00:00,0.2506560747663551,0.0226130841121495,0.0,0.0,0.0134542056074766,0.002,0.001,0.0,0.0,0.0071177570093457
2014-12-21 03:00:00,0.2446498127340824,0.0130992509363295,0.0,0.0,0.0134962546816479,0.0019981273408239,0.001,0.0,0.0,0.00712734082397
2014-12-21 04:00:00,0.2532368421052631,0.0246184210526315,0.0,0.0,0.0133872180451127,0.0025996240601503,0.001,0.0,0.0,0.0071503759398496
2014-12-21 05:00:00,0.245401119402985,0.01225,0.0,0.0,0.0134048507462686,0.002,0.001,0.0,0.0,0.0071529850746268
2014-12-21 06:00:00,0.281109022556391,0.0262800751879699,0.0,0.0,0.0132462406015037,0.002,0.001,0.0,0.0,0.0071165413533834
2014-12-21 07:00:00,0.2860150375939849,0.0122105263157894,0.0,0.0,0.0132913533834586,0.002,0.001,0.0,0.0,0.007140977443609
2014-12-21 08:00:00,0.302967619047619,0.0229295238095238,0.0,0.0,0.0132323809523809,0.002,0.001,0.0,0.0,0.0071580952380952
2014-12-21 09:00:00,0.3416142322097378,0.013376404494382,0.0,0.0,0.0131516853932584,0.002,0.001,0.0627247191011236,0.0,0.0070917602996254
2014-12-21 10:00:00,0.5705396226415095,0.025688679245283,0.1056301886792452,0.0,0.0131830188679245,0.002,0.001,0.1087075471698113,0.0432679245283018,0.0071094339622641
2014-12-21 11:00:00,0.8327344632768362,0.0117966101694915,0.0467099811676082,0.0,0.1332881355932203,0.002,0.0190772128060263,0.0,0.0111167608286252,0.0070828625235404
2014-12-21 12:00:00,0.9333358490566038,0.0220018867924528,0.0,0.0,0.1840641509433962,0.002,0.0475811320754717,0.0002716981132075,0.0,0.049754716981132
2014-12-21 13:00:00,0.7054606741573034,0.011440074906367,0.0,0.0,0.1829868913857678,0.002,0.001,0.1076722846441947,0.0,0.0838951310861423
2014-12-21 14:00:00,0.6572411214953271,0.0229121495327102,0.0,0.0,0.1567981308411214,0.002,0.001,0.106407476635514,0.0,0.0514485981308411
2014-12-21 15:00:00,0.7692406716417911,0.0145858208955223,0.0,0.0,0.1799738805970149,0.002,0.001,0.127401119402985,0.0,0.0879141791044776
2014-12-21 16:00:00,0.4482518656716417,0.0234291044776119,0.0,0.0,0.0820167910447761,0.002,0.001,0.0,0.0,0.009856343283582
2014-12-21 17:00:00,0.3398932584269662,0.015250936329588,0.0,0.0,0.0131104868913857,0.002,0.001,0.0,0.0,0.0070898876404494
2014-12-21 18:00:00,0.6378248587570622,0.0184651600753295,0.0,0.0,0.0131186440677966,0.002,0.0659830508474576,0.0876572504708098,0.0,0.0070677966101694
2014-12-21 19:00:00,0.7347236842105264,0.0209342105263157,0.0,0.0,0.0130751879699248,0.0621560150375939,0.1528928571428571,0.0,0.0,0.0070676691729323
2014-12-21 20:00:00,0.6965337078651685,0.0216441947565543,0.0,0.0,0.0130823970037453,0.1031629213483146,0.132503745318352,0.0488726591760299,0.0,0.0070861423220973
2014-12-21 21:00:00,0.4360580524344569,0.0158726591760299,0.0,0.0,0.0132659176029962,0.027192883895131,0.001,0.0,0.0,0.0071479400749063
2014-12-21 22:00:00,0.3836171003717472,0.021810408921933,0.0,0.0,0.013224907063197,0.0023513011152416,0.001,0.0,0.0,0.0070873605947955
2014-12-21 23:00:00,0.5385582706766917,0.0122180451127819,0.0,0.0,0.0132631578947368,0.0329060150375939,0.001,0.0806954887218045,0.0,0.0071146616541353
2014-12-22 00:00:00,0.4501359404096834,0.0236741154562383,0.0,0.0,0.013314711359404,0.0529106145251396,0.001,0.0,0.0,0.0071117318435754
2014-12-22 01:00:00,0.264376404494382,0.0146797752808988,0.0,0.0,0.0133689138576779,0.002,0.001,0.0,0.0,0.0071460674157303
2014-12-22 02:00:00,0.2555,0.0223071161048689,0.0,0.0,0.013380149812734,0.002,0.001,0.0,0.0,0.0071704119850187
2014-12-22 03:00:00,0.2438233082706767,0.0159473684210526,0.0,0.0,0.0134342105263157,0.002,0.001,0.0,0.0,0.0071428571428571
2014-12-22 04:00:00,0.2434689265536723,0.0189378531073446,0.0,0.0,0.0133954802259887,0.002337099811676,0.001,0.0,0.0,0.0071054613935969
2014-12-22 05:00:00,0.2856534090909091,0.0208162878787878,0.0,0.0,0.0132992424242424,0.002,0.001,0.0,0.0,0.0071268939393939
2014-12-22 06:00:00,0.3239794392523364,0.0162056074766355,0.0,0.0,0.0132018691588785,0.002,0.001,0.0,0.0,0.0071121495327102
2014-12-22 07:00:00,0.4156852886405959,0.0166592178770949,0.0,0.0,0.0132197392923649,0.002,0.001,0.0,0.0,0.0070893854748603
2014-12-22 08:00:00,0.3433364661654135,0.0199962406015037,0.0,0.0,0.0131372180451127,0.002,0.001,0.0726860902255639,0.0,0.007110902255639
2014-12-22 09:00:00,0.3960710280373832,0.0172878504672897,0.0,0.0,0.0131906542056074,0.002,0.0009981308411214,0.0542579439252336,0.0,0.0071214953271028
2014-12-22 10:00:00,0.399818691588785,0.0199009345794392,0.0,0.0,0.013214953271028,0.002,0.001,0.0,0.0,0.0376280373831775
2014-12-22 11:00:00,0.4954747663551401,0.0138130841121495,0.0,0.0,0.013229906542056,0.002,0.001,0.0784766355140186,0.0,0.0083046728971962
2014-12-22 12:00:00,0.5142867783985102,0.0241005586592178,0.0,0.0,0.0132569832402234,0.002,0.0508249534450651,0.0941675977653631,0.0,0.0083016759776536
2014-12-22 13:00:00,0.3595652173913043,0.0121587901701323,0.0,0.0,0.013226843100189,0.0019981096408317,0.001,0.0,0.0,0.0083421550094517
2014-12-22 14:00:00,0.3453520599250936,0.0265524344569288,0.0,0.0,0.0132041198501872,0.002,0.001,0.0,0.0,0.0083089887640449
2014-12-22 15:00:00,0.3235018587360594,0.0123308550185873,0.0,0.0,0.0133029739776951,0.002,0.001,0.0,0.0,0.0083215613382899
2014-12-22 16:00:00,0.5990465549348232,0.0244804469273743,0.0,0.0,0.0131378026070763,0.004729981378026,0.0209888268156424,0.1005996275605214,0.0,0.0107113594040968
2014-12-22 17:00:00,0.6608828996282528,0.01217843866171,0.0,0.0,0.0130278810408921,0.1128011152416356,0.001,0.0752416356877323,0.0,0.0082843866171003
2014-12-22 18:00:00,0.6122987012987013,0.0245064935064935,0.0,0.0,0.013038961038961,0.1109313543599258,0.001,0.0516697588126159,0.0,0.0082560296846011
2014-12-22 19:00:00,0.5227264325323475,0.0131349353049907,0.0,0.0,0.013075785582255,0.1118613678373382,0.001,0.0,0.0,0.0082587800369685
2014-12-22 20:00:00,0.6064253731343283,0.0226735074626865,0.0,0.0,0.0131138059701492,0.1119720149253731,0.0441716417910447,0.0,0.0,0.0082425373134328
2014-12-22 21:00:00,0.5743519553072626,0.0156405959031657,0.0,0.0,0.0131545623836126,0.1118789571694599,0.001,0.0,0.0,0.0082737430167597
2014-12-22 22:00:00,0.6744312267657993,0.0211542750929368,0.0,0.0,0.0131802973977695,0.1129237918215613,0.001,0.083267657992565,0.0,0.0082602230483271
2014-12-22 23:00:00,0.5324656771799628,0.0175992578849721,0.0,0.0,0.0132523191094619,0.1117031539888682,0.001,0.0,0.0,0.0082727272727272
2014-12-23 00:00:00,0.4969944029850746,0.0192649253731343,0.0,0.0,0.013276119402985,0.047615671641791,0.001,0.0,0.0,0.0083246268656716
2014-12-23 01:00:00,0.2658175046554935,0.0196517690875232,0.0,0.0,0.0134227188081936,0.002,0.001,0.0,0.0,0.0083426443202979
2014-12-23 02:00:00,0.2611003717472119,0.0197843866171003,0.0006022304832713,0.0,0.013542750929368,0.002,0.001,0.0,0.0,0.0083513011152416
2014-12-23 03:00:00,0.3077843866171004,0.0190836431226765,0.0,0.0,0.0135130111524163,0.001992565055762,0.001,0.0,0.0,0.0083903345724907
2014-12-23 04:00:00,0.2520690298507462,0.0226417910447761,0.0,0.0,0.0134589552238805,0.0023264925373134,0.001,0.0,0.0,0.0083414179104477
2014-12-23 05:00:00,0.2835309917355372,0.0156880165289256,0.0,0.0,0.0132644628099173,0.002,0.001,0.0,0.0,0.008340909090909
2014-12-23 06:00:00,0.4219811320754716,0.0223301886792452,0.0,0.0,0.0132471698113207,0.002,0.001,0.0,0.0,0.0083396226415094
2014-12-23 07:00:00,0.3487294776119403,0.0154925373134328,0.0,0.0,0.0131847014925373,0.002,0.001,0.0,0.0,0.0082985074626865
2014-12-23 08:00:00,0.2839683426443202,0.0214581005586592,0.0,0.0,0.0131620111731843,0.002,0.001,0.0,0.0,0.0083109869646182
2014-12-23 09:00:00,0.3617089552238806,0.0150634328358208,0.0,0.0,0.0132742537313432,0.002,0.001,0.0728787313432835,0.0,0.0083264925373134
2014-12-23 10:00:00,0.4765371747211896,0.0194869888475836,0.0,0.0,0.0133513011152416,0.002,0.001,0.0888736059479554,0.0,0.0083401486988847
2014-12-23 11:00:00,1.037688432835821,0.0174925373134328,0.4150727611940298,0.0,0.0133619402985074,0.002,0.001,0.0,0.0497705223880597,0.0374496268656716
2014-12-23 12:00:00,0.7378600746268656,0.0211772388059701,0.0219402985074626,0.0,0.1630559701492537,0.002,0.0389048507462686,0.1040970149253731,0.0,0.0444570895522388
2014-12-23 13:00:00,0.6135215759849906,0.0176904315196998,0.0,0.0,0.1825065666041276,0.002,0.001,0.0,0.0,0.0970356472795497
2014-12-23 14:00:00,0.8730579439252336,0.0228803738317757,0.0,0.0,0.1599775700934579,0.002,0.001,0.1407271028037383,0.0,0.0363214953271028
2014-12-23 15:00:00,0.6225823970037453,0.016503745318352,0.0,0.0,0.1722228464419475,0.002,0.001,0.0,0.0,0.0707602996254681
2014-12-23 16:00:00,0.7868927911275416,0.0218059149722735,0.0,0.0,0.1778428835489833,0.002,0.001,0.0933123844731977,0.0,0.05971719038817
2014-12-23 17:00:00,0.6423364312267659,0.0144721189591078,0.0,0.0,0.1584609665427509,0.002,0.001,0.0,0.0,0.0084349442379182
2014-12-23 18:00:00,0.5984378698224853,0.0346627218934911,0.0,0.0,0.0304437869822485,0.002,0.001,0.0,0.0,0.0081242603550295
2014-12-23 19:00:00,0.4527232142857142,0.0197589285714285,0.0,0.0,0.0302008928571428,0.002,0.0009977678571428,0.0,0.0,0.008234375
2014-12-23 20:00:00,0.4241289719626168,0.0214803738317757,0.0,0.0,0.0302411214953271,0.0019981308411214,0.001,0.0,0.0,0.0082579439252336
2014-12-23 21:00:00,0.425782122905028,0.0173035381750465,0.0,0.0,0.0305009310986964,0.002,0.001,0.0,0.0,0.0082569832402234
2014-12-23 22:00:00,0.5832867783985103,0.0222290502793296,0.0,0.0,0.0305270018621973,0.1116238361266294,0.001,0.0,0.0,0.0082867783985102
2014-12-23 23:00:00,0.6131305970149253,0.0179160447761194,0.0,0.0,0.030570895522388,0.1128861940298507,0.001,0.0,0.0,0.0083078358208955
2014-12-24 00:00:00,0.5062820037105751,0.0189239332096474,0.0,0.0,0.0243840445269016,0.0668033395176252,0.001,0.0,0.0,0.0083413729128014
2014-12-24 01:00:00,0.2992495378927911,0.019166358595194,0.0,0.0,0.013271719038817,0.001992606284658,0.001,0.0,0.0,0.0082883548983364
2014-12-24 02:00:00,0.2935213358070501,0.0181038961038961,0.0,0.0,0.013178107606679,0.002,0.001,0.0,0.0,0.0083450834879406
2014-12-24 03:00:00,0.2899498141263941,0.0221858736059479,0.0,0.0,0.0132379182156133,0.002,0.001,0.0,0.0,0.008360594795539
2014-12-24 04:00:00,0.290096834264432,0.0151005586592178,0.0,0.0,0.0131564245810055,0.0026014897579143,0.001,0.0,0.0,0.0083445065176908
2014-12-24 05:00:00,0.3459944237918216,0.021903345724907,0.0,0.0,0.0130669144981412,0.002,0.001,0.0,0.0,0.0083011152416356
2014-12-24 06:00:00,0.3362955390334572,0.0156096654275092,0.0,0.0,0.0131394052044609,0.0019981412639405,0.001,0.0,0.0,0.00835687732342
2014-12-24 07:00:00,0.3992769516728625,0.0218717472118959,0.0,0.0,0.0130241635687732,0.002,0.001,0.0,0.0,0.0082973977695167
2014-12-24 08:00:00,0.3164185185185185,0.0121296296296296,0.0,0.0,0.0128796296296296,0.002,0.001,0.0,0.0,0.0083203703703703
2014-12-24 09:00:00,0.3860686456400742,0.0277847866419295,0.0,0.0,0.0129443413729128,0.002,0.001,0.0573858998144712,0.0,0.0082820037105751
2014-12-24 10:00:00,0.5064479553903346,0.0122156133828996,0.0,0.0,0.0131486988847583,0.002,0.001,0.093864312267658,0.0493085501858736,0.0083234200743494
2014-12-24 11:00:00,0.5429214953271028,0.0269177570093457,0.0,0.0,0.1466093457943925,0.002,0.001,0.0,0.0111532710280373,0.0083028037383177
2014-12-24 12:00:00,0.4481340782122905,0.0124264432029795,0.0,0.0,0.0919273743016759,0.002,0.001,0.0,0.0,0.008316573556797
2014-12-24 13:00:00,0.3428097014925373,0.0248675373134328,0.0,0.0,0.012981343283582,0.002,0.001,0.0,0.0,0.0082873134328358
2014-12-24 14:00:00,0.5057676579925651,0.013314126394052,0.0,0.0,0.012946096654275,0.0385706319702602,0.001,0.058446096654275,0.0628159851301115,0.0083029739776951
2014-12-24 15:00:00,0.7726648148148147,0.0189185185185185,0.0,0.0,0.0128777777777777,0.1121666666666666,0.0215277777777777,0.1377759259259259,0.1017759259259259,0.0082981481481481
2014-12-24 16:00:00,0.5857779850746269,0.019490671641791,0.0,0.0,0.0127126865671641,0.1130820895522388,0.001,0.0392537313432835,0.0,0.008276119402985
2014-12-24 17:00:00,0.7097392923649907,0.0213724394785847,0.0002346368715083,0.0,0.01268156424581,0.1134767225325884,0.000998137802607,0.0469925512104283,0.0,0.0082867783985102
2014-12-24 18:00:00,0.6893061224489796,0.0143933209647495,0.0,0.0,0.0128181818181818,0.1127124304267161,0.001,0.0,0.0,0.0082875695732838
2014-12-24 19:00:00,0.852022346368715,0.0176405959031657,0.0,0.0,0.012925512104283,0.111437616387337,0.0870148975791434,0.0464636871508379,0.0,0.008316573556797
2014-12-24 20:00:00,0.6853158878504674,0.0204392523364485,0.0,0.0,0.0129570093457943,0.1129233644859813,0.001,0.0,0.0,0.0082971962616822
2014-12-24 21:00:00,0.6344776119402985,0.0119440298507462,0.0,0.0,0.0131044776119402,0.1128936567164179,0.001,0.0,0.0,0.0083022388059701
2014-12-24 22:00:00,0.8242485981308412,0.0257364485981308,0.0,0.0,0.0130355140186915,0.1129663551401869,0.001,0.0831738317757009,0.0,0.0083308411214953
2014-12-24 23:00:00,0.6889314814814814,0.0116907407407407,0.0,0.0,0.0131222222222222,0.112037037037037,0.001,0.0150018518518518,0.0,0.00835
2014-12-25 00:00:00,0.4760819366852886,0.023901303538175,0.0,0.0,0.0131117318435754,0.0290931098696461,0.001,0.0,0.0,0.0136014897579143
2014-12-25 01:00:00,0.3655884543761639,0.0118826815642458,0.0,0.0,0.0131359404096834,0.002,0.001,0.0,0.0,0.0071527001862197
2014-12-25 02:00:00,0.297925788497217,0.0232727272727272,0.0,0.0,0.0132337662337662,0.002,0.001,0.0,0.0,0.0071317254174397
2014-12-25 03:00:00,0.310546468401487,0.0116431226765799,0.0,0.0,0.013224907063197,0.002,0.001,0.0,0.0,0.0071301115241635
2014-12-25 04:00:00,0.3918435754189944,0.0234394785847299,0.0,0.0,0.0132458100558659,0.0025977653631284,0.001,0.0,0.0,0.0071769087523277
2014-12-25 05:00:00,0.3057134935304991,0.0114251386321626,0.0,0.0,0.0131885397412199,0.002,0.001,0.0,0.0,0.0071367837338262
2014-12-25 06:00:00,0.421369202226345,0.0231317254174397,0.0,0.0,0.0130667903525046,0.002,0.001,0.0,0.0,0.0071094619666048
2014-12-25 07:00:00,0.3886394052044609,0.0157769516728624,0.0,0.0,0.0130408921933085,0.002,0.001,0.0,0.0,0.007131970260223
2014-12-25 08:00:00,0.4672166666666666,0.0182333333333333,0.0,0.0,0.0130444444444444,0.002,0.001,0.0,0.0,0.0071314814814814
2014-12-25 09:00:00,0.5772798507462686,0.0185447761194029,0.0,0.0,0.0129589552238805,0.002,0.001,0.0622817164179104,0.0,0.0070951492537313
2014-12-25 10:00:00,0.5121351851851852,0.0188629629629629,0.0,0.0,0.0127574074074074,0.002,0.001,0.1044759259259259,0.0,0.0071037037037037
2014-12-25 11:00:00,0.530265306122449,0.016456400742115,0.0,0.0777495361781076,0.0127309833024118,0.002,0.001,0.0,0.0397662337662337,0.007077922077922
2014-12-25 12:00:00,1.4958003731343283,0.0187985074626865,0.0,0.8663861940298508,0.0128152985074626,0.002,0.0381044776119402,0.1213526119402985,0.0,0.0070858208955223
2014-12-25 13:00:00,0.93796468401487,0.0162955390334572,0.0,0.5552509293680297,0.0128903345724907,0.002,0.001,0.0,0.0,0.0079888475836431
2014-12-25 14:00:00,0.5108919925512104,0.017,0.0,0.0,0.0130391061452513,0.0350800744878957,0.0071638733705772,0.0,0.0490316573556797,0.0871284916201117
2014-12-25 15:00:00,0.6497057728119181,0.0128417132216014,0.0,0.0,0.013048417132216,0.0880167597765363,0.001,0.0628975791433892,0.0666834264432029,0.0242234636871508
2014-12-25 16:00:00,0.3285028037383177,0.0212710280373831,0.0,0.0,0.0130093457943925,0.0023084112149532,0.001,0.0,0.0,0.0073009345794392
2014-12-25 17:00:00,0.2760633147113594,0.0114245810055865,0.0,0.0,0.0129925512104283,0.0221992551210428,0.001,0.0,0.0,0.0070297951582867
2014-12-25 18:00:00,0.2932273567467652,0.0236765249537892,0.0,0.0,0.0130240295748613,0.0222902033271719,0.001,0.0,0.0,0.0070332717190388
2014-12-25 19:00:00,0.2984897579143389,0.0131769087523277,0.0,0.0,0.0129515828677839,0.0219534450651769,0.001,0.0,0.0,0.0070391061452513
2014-12-25 20:00:00,0.2841175373134328,0.0220764925373134,0.0,0.0,0.0129682835820895,0.0220018656716417,0.001,0.0,0.0,0.0070522388059701
2014-12-25 21:00:00,0.2815817843866171,0.0127156133828996,0.0,0.0,0.0131431226765799,0.0229163568773234,0.001,0.0,0.0,0.0070483271375464
2014-12-25 22:00:00,0.2685714285714285,0.0224916512059369,0.0,0.0,0.0130927643784786,0.0131354359925788,0.001,0.0,0.0,0.007051948051948
2014-12-25 23:00:00,0.2454682835820895,0.0148246268656716,0.0,0.0,0.0130466417910447,0.002,0.001,0.0,0.0,0.0070279850746268
2014-12-26 00:00:00,0.2913773234200743,0.018271375464684,0.0,0.0,0.0131245353159851,0.002,0.001,0.0,0.0,0.0070446096654275
2014-12-26 01:00:00,0.2397388059701492,0.0166735074626865,0.0,0.0,0.0132388059701492,0.002,0.001,0.0,0.0,0.0070671641791044
2014-12-26 02:00:00,0.2331314814814814,0.0176962962962962,0.0,0.0,0.0132648148148148,0.002,0.001,0.0,0.0,0.0070685185185185
2014-12-26 03:00:00,0.2397682242990654,0.0181439252336448,0.0,0.0,0.0133383177570093,0.0019981308411214,0.001,0.0,0.0,0.0070747663551401
2014-12-26 04:00:00,0.2437014925373134,0.0174533582089552,0.0,0.0,0.013330223880597,0.0025988805970149,0.001,0.0,0.0,0.0070820895522388
2014-12-26 05:00:00,0.2392070895522388,0.016705223880597,0.0,0.0,0.0132798507462686,0.002,0.001,0.0,0.0,0.0070783582089552
2014-12-26 06:00:00,0.2525252336448598,0.0140504672897196,0.0,0.0,0.0131271028037383,0.002,0.001,0.0,0.0,0.0070448598130841
2014-12-26 07:00:00,0.2724179104477612,0.0213936567164179,0.0,0.0,0.0131417910447761,0.002,0.001,0.0,0.0,0.0070447761194029
2014-12-26 08:00:00,0.2405996275605214,0.010461824953445,0.0,0.0,0.0130260707635009,0.002,0.001,0.0,0.0,0.0070502793296089
2014-12-26 09:00:00,0.2337723880597015,0.0216455223880597,0.0,5.970149253731344e-05,0.0130429104477611,0.0019981343283582,0.001,0.0,0.0,0.0070652985074626
2014-12-26 10:00:00,0.2448654205607476,0.0124056074766355,0.0,0.0,0.0131102803738317,0.002,0.001,0.0,0.0,0.0070710280373831
2014-12-26 11:00:00,0.2550018587360595,0.022267657992565,0.0,0.0,0.013085501858736,0.002,0.001,0.0,0.0,0.0070446096654275
2014-12-26 12:00:00,0.242316573556797,0.0118957169459962,0.00024208566108,0.0,0.0130093109869646,0.002,0.001,0.0,0.0,0.0070577281191806
2014-12-26 13:00:00,0.8186654205607476,0.0219177570093457,0.0,0.0,0.0130467289719626,0.002,0.0803420560747663,0.1855420560747663,2.05607476635514e-05,0.0070467289719626
2014-12-26 14:00:00,0.907641121495327,0.012233644859813,0.0,0.0,0.0250654205607476,0.002,0.0011401869158878,0.0889028037383177,0.1300280373831775,0.0070504672897196
2014-12-26 15:00:00,0.7541191806331472,0.0179292364990689,0.0,0.0,0.1854729981378026,0.002,0.001,0.0,0.0,0.0070316573556797
2014-12-26 16:00:00,1.0153432835820897,0.017080223880597,0.0,0.0,0.1795858208955223,0.002,0.0954477611940298,0.0965820895522388,0.0,0.0070373134328358
2014-12-26 17:00:00,0.995844859813084,0.012629906542056,0.0,0.0,0.1848542056074766,0.002,0.0900635514018691,0.0812878504672897,0.0,0.0070355140186915
2014-12-26 18:00:00,1.153003717472119,0.0236877323420074,0.0,0.0,0.1890130111524163,0.1091561338289962,0.1097657992565055,0.0,0.0,0.0372639405204461
2014-12-26 19:00:00,1.1010505617977528,0.0109232209737827,0.0,0.0,0.1543895131086142,0.1131142322097378,0.1159943820224719,0.1367902621722846,0.0,0.0081329588014981
2014-12-26 20:00:00,0.7468915887850467,0.0226205607476635,0.0,0.0,0.1538803738317757,0.1133532710280373,0.001,0.0,0.0,0.0081102803738317
2014-12-26 21:00:00,0.8459268292682927,0.0147636022514071,0.0,0.0,0.1538836772983114,0.1128067542213883,0.0009924953095684,0.0620994371482176,0.0,0.0081444652908067
2014-12-26 22:00:00,0.6474015009380863,0.0248555347091932,0.0,0.0,0.1624615384615384,0.1128780487804878,0.001,0.0,0.0,0.0081575984990619
2014-12-26 23:00:00,0.6242303370786517,0.012252808988764,0.0,0.0,0.170691011235955,0.0596348314606741,0.001,0.0,0.0,0.0081329588014981
2014-12-27 00:00:00,0.3110173076923077,0.0167346153846153,0.0,0.0,0.0455942307692307,0.0019980769230769,0.001,0.0,0.0,0.0081557692307692
2014-12-27 01:00:00,0.2486791044776119,0.0196324626865671,0.0,0.0,0.0132182835820895,0.002,0.001,0.0,0.0,0.0081865671641791
2014-12-27 02:00:00,0.247376404494382,0.0112659176029962,0.0,0.0,0.0132359550561797,0.002,0.001,0.0,0.0,0.0081966292134831
2014-12-27 03:00:00,0.253894538606403,0.0232259887005649,0.0,0.0,0.0132391713747645,0.002,0.001,0.0,0.0,0.0081826741996233
2014-12-27 04:00:00,0.2457878787878787,0.0108162878787878,0.0,0.0,0.0132083333333333,0.002623106060606,0.001,0.0,0.0,0.0082196969696969
2014-12-27 05:00:00,0.2542656546489564,0.0223055028462998,0.0009715370018975,0.0,0.0131992409867172,0.002,0.001,0.0,0.0,0.008212523719165
2014-12-27 06:00:00,0.2728007590132827,0.0105237191650853,0.0,0.0,0.0131271347248576,0.0049146110056926,0.001,0.0,0.0,0.0081821631878557
2014-12-27 07:00:00,0.3065197740112994,0.0207966101694915,0.0,0.0,0.0130847457627118,0.002,0.001,0.0,0.0,0.0082128060263653
2014-12-27 08:00:00,0.3015132575757576,0.0161458333333333,0.0,0.0,0.0131458333333333,0.002,0.001,0.0,0.0,0.0081893939393939
2014-12-27 09:00:00,0.5380093283582089,0.0163955223880597,0.0,0.0,0.0130578358208955,0.002,0.001,0.2102929104477612,0.0,0.0081865671641791
2014-12-27 10:00:00,0.3103445692883895,0.0182434456928838,0.0,0.0,0.0130617977528089,0.0024794007490636,0.001,0.0,0.0,0.0082134831460674
2014-12-27 11:00:00,0.2667690875232774,0.0106033519553072,0.0,0.0,0.0131601489757914,0.002,0.001,0.0,0.0,0.0081806331471135
2014-12-27 12:00:00,0.2495663551401869,0.022407476635514,0.0,0.0,0.0130523364485981,0.002,0.001,0.0,0.0,0.0081551401869158
2014-12-27 13:00:00,0.2410859813084112,0.0113140186915887,0.0,0.0,0.0131570093457943,0.002,0.001,0.0,0.0,0.0082093457943925
2014-12-27 14:00:00,0.2532439024390244,0.0191819887429643,0.0,0.0,0.0131444652908067,0.002,0.001,0.0,0.0,0.0081951219512195
2014-12-27 15:00:00,0.2437763401109057,0.0154436229205175,0.0,0.0,0.0131552680221811,0.002,0.001,0.0,0.0,0.008173752310536
2014-12-27 16:00:00,0.2425657894736842,0.0144210526315789,0.0,0.0,0.0130733082706766,0.0019981203007518,0.001,0.0,0.0,0.0081541353383458
2014-12-27 17:00:00,0.5370785046728972,0.0210392523364486,0.0,0.0,0.0128579439252336,0.0733401869158878,0.0357719626168224,0.0,0.0,0.0081588785046728
2014-12-27 18:00:00,0.6340355805243446,0.0123820224719101,0.0,0.0,0.093629213483146,0.1125842696629213,0.006938202247191,0.0,0.0108352059925093,0.0081741573033707
2014-12-27 19:00:00,1.0746672932330827,0.0216447368421052,0.0,0.0,0.1582556390977443,0.1125093984962406,0.0538120300751879,0.1042857142857142,0.1461842105263157,0.0081691729323308
2014-12-27 20:00:00,0.5937490636704119,0.0119157303370786,0.0,0.0,0.1433239700374532,0.1119906367041198,0.001,0.0,0.0,0.0081441947565543
2014-12-27 21:00:00,0.7593376623376623,0.0183209647495361,0.0,0.0,0.16469573283859,0.1121261595547309,0.001,0.0783933209647495,0.0,0.0081836734693877
2014-12-27 22:00:00,0.6922803738317757,0.0145383177570093,0.0,0.0,0.179433644859813,0.1110448598130841,0.001,0.0,0.0,0.0081345794392523
2014-12-27 23:00:00,0.7680803738317756,0.010803738317757,0.0,0.0,0.1783719626168224,0.1117289719626168,0.001,0.0,0.0,0.0081607476635514
2014-12-28 00:00:00,0.6896336448598132,0.025426168224299,0.0006355140186915,0.0,0.1666205607476635,0.107429906542056,0.001,0.0,0.0,0.0081757009345794
2014-12-28 01:00:00,0.2855401869158878,0.0110168224299065,0.0,0.0,0.0131420560747663,0.002,0.0009981308411214,0.0,0.0,0.0082018691588785
2014-12-28 02:00:00,0.2530973782771535,0.0170486891385767,0.0,0.0,0.0131610486891385,0.002,0.001,0.0,0.0,0.0082078651685393
2014-12-28 03:00:00,0.2507579143389199,0.0201806331471135,0.0,0.0,0.01324208566108,0.002,0.001,0.0,0.0,0.0082346368715083
2014-12-28 04:00:00,0.2508973880597014,0.0109235074626865,0.0,0.0,0.0132220149253731,0.0026007462686567,0.001,0.0,0.0,0.0082145522388059
2014-12-28 05:00:00,0.2657858472998138,0.024510242085661,0.0,0.0,0.0132122905027932,0.002,0.001,0.0,0.0,0.0081843575418994
2014-12-28 06:00:00,0.2779328358208955,0.010580223880597,0.0,0.0,0.0131305970149253,0.0019981343283582,0.001,0.0,0.0,0.0081884328358208
2014-12-28 07:00:00,0.3001535580524344,0.0153445692883895,0.0,0.0,0.0131348314606741,0.002,0.001,0.0,0.0,0.0081947565543071
2014-12-28 08:00:00,0.3981407407407407,0.01855,0.0,0.0,0.0130462962962962,0.002,0.001,0.0,0.0,0.0081981481481481
2014-12-28 09:00:00,0.7018785046728971,0.0098130841121495,0.0,0.0,0.0131046728971962,0.002,0.001,0.1127906542056074,0.0,0.008203738317757
2014-12-28 10:00:00,0.6772811918063314,0.0212644320297951,0.0,0.0,0.124487895716946,0.002,0.001,0.0298379888268156,0.0,0.0214543761638733
2014-12-28 11:00:00,0.9482560747663552,0.0106841121495327,0.0,0.0,0.1464411214953271,0.002,0.001,0.2626897196261682,0.0,0.0082747663551401
2014-12-28 12:00:00,0.4957294776119403,0.0172947761194029,0.0,0.0,0.1469141791044776,0.002,0.001,0.0,0.0,0.0081716417910447
2014-12-28 13:00:00,0.4141096654275093,0.0149126394052044,0.0,0.0,0.1401282527881041,0.0019981412639405,0.001,0.0,0.0,0.0081542750929368
2014-12-28 14:00:00,0.4213271028037383,0.0103121495327102,0.0,0.0,0.1404672897196261,0.002,0.001,0.0,0.0,0.0081551401869158
2014-12-28 15:00:00,0.502814126394052,0.0207063197026022,0.0,0.0,0.1401133828996282,0.002,0.001,0.0,0.0,0.0081431226765799
2014-12-28 16:00:00,0.9269048507462686,0.0107574626865671,0.0,0.0,0.1400895522388059,0.002,0.0657350746268656,0.1365130597014925,0.0,0.008151119402985
2014-12-28 17:00:00,0.7702089552238806,0.0198041044776119,0.0,0.0,0.1498414179104477,0.0402891791044776,0.0011679104477611,0.0964216417910447,0.0,0.0081585820895522
2014-12-28 18:00:00,0.7916473880597015,0.0127742537313432,0.0,0.0,0.1402593283582089,0.0817089552238806,0.001,0.0757108208955223,0.0,0.0081324626865671
2014-12-28 19:00:00,0.4386797752808988,0.0103445692883895,0.0,0.0,0.049691011235955,0.0024531835205992,0.001,0.0,0.0,0.0082022471910112
2014-12-28 20:00:00,0.2599171374764595,0.0210207156308851,0.0,0.0,0.0130885122410546,0.002,0.001,0.0,0.0,0.0081544256120527
2014-12-28 21:00:00,0.3322168224299065,0.0103775700934579,0.0,0.0,0.0131551401869158,0.022829906542056,0.001,0.0,0.0,0.0081981308411214
2014-12-28 22:00:00,0.5735176908752329,0.020901303538175,0.0,0.0,0.0132048417132216,0.072487895716946,0.001,0.1091806331471136,0.0,0.0081601489757914
2014-12-28 23:00:00,0.5261324626865671,0.010455223880597,0.0,0.0,0.013205223880597,0.1123600746268656,0.0155186567164179,0.0357182835820895,0.0,0.0082070895522388
2014-12-29 00:00:00,0.4331420560747663,0.0145327102803738,0.0,0.0,0.0140710280373831,0.046618691588785,0.001,0.0,0.0,0.0081943925233644
2014-12-29 01:00:00,0.2510317757009346,0.0171962616822429,0.0,0.0,0.0132467289719626,0.002,0.001,0.0,0.0,0.0081962616822429
2014-12-29 02:00:00,0.238820895522388,0.0106100746268656,0.0,0.0,0.0132966417910447,0.002,0.001,0.0,0.0,0.0082369402985074
2014-12-29 03:00:00,0.2533451492537313,0.0227369402985074,0.0,0.0,0.0134235074626865,0.002,0.001,0.0,0.0,0.0081772388059701
2014-12-29 04:00:00,0.2372382739212007,0.0105234521575985,0.0,0.0,0.0133752345215759,0.0026641651031894,0.001,0.0,0.0,0.0082138836772983
2014-12-29 05:00:00,0.2411138059701492,0.0174235074626865,0.0,0.0,0.0132742537313432,0.0019981343283582,0.001,0.0,0.0,0.0082145522388059
2014-12-29 06:00:00,0.2686268656716418,0.0128432835820895,0.0,0.0,0.013106343283582,0.002,0.001,0.0,0.0,0.0081865671641791
2014-12-29 07:00:00,0.2832134831460674,0.0101385767790262,0.0,0.0,0.0132359550561797,0.002,0.001,0.0,0.0,0.0082209737827715
2014-12-29 08:00:00,0.3027981308411215,0.0218018691588785,0.0,0.0,0.01323738317757,0.002,0.001,0.0,0.0,0.0082280373831775
2014-12-29 09:00:00,0.3606235955056179,0.0118988764044943,0.0,0.0,0.0131198501872659,0.002,0.001,0.0643014981273408,0.0,0.0081722846441947
2014-12-29 10:00:00,0.3943239700374532,0.0184737827715355,0.0011797752808988,0.0,0.0130730337078651,0.002,0.0071048689138576,0.0946947565543071,0.0002397003745318,0.0082134831460674
2014-12-29 11:00:00,1.3997148217636022,0.0130056285178236,0.7061575984990619,0.0,0.0132589118198874,0.002,0.0068930581613508,0.083733583489681,0.111921200750469,0.0082063789868667
2014-12-29 12:00:00,1.1578824626865671,0.0183078358208955,0.1102910447761194,0.4864738805970149,0.0941567164179104,0.002,0.001,0.0,0.0,0.0081809701492537
2014-12-29 13:00:00,1.5163717472118958,0.0163475836431226,0.0,0.7297472118959109,0.1702806691449814,0.002,0.0579144981412639,0.0,0.0,0.0575501858736059
2014-12-29 14:00:00,0.915929104477612,0.0165466417910447,0.0,0.4018264925373134,0.1781044776119403,0.01325,0.001,0.0,0.0,0.0070335820895522
2014-12-29 15:00:00,0.5111831775700935,0.0155327102803738,0.0,0.0,0.1826897196261682,0.002,0.001,0.0,0.0,0.0070280373831775
2014-12-29 16:00:00,0.5400485981308412,0.0102672897196261,0.0,0.0,0.1821196261682243,0.002,0.001,0.0532691588785046,0.0,0.0070448598130841
2014-12-29 17:00:00,0.5632059925093633,0.0206573033707865,0.0,0.0,0.1776704119850187,0.002,0.001,0.0,0.0,0.0070224719101123
2014-12-29 18:00:00,0.3862156488549618,0.0121431297709923,0.0,0.0,0.025192748091603,0.002,0.001,0.0,0.0,0.0070267175572519
2014-12-29 19:00:00,0.3689249492900608,0.0234604462474645,0.0,0.0,0.0130486815415821,0.0024117647058823,0.001,0.0,0.0,0.007024340770791
2014-12-29 20:00:00,0.5650670731707318,0.0104329268292682,0.0,0.0,0.0131178861788617,0.0283069105691056,0.1489146341463414,0.0,0.0,0.0070325203252032
2014-12-29 21:00:00,0.6949094412331407,0.0153892100192678,0.0,0.0,0.013169556840077,0.1135317919075144,0.0254508670520231,0.1273236994219653,0.0,0.00704816955684
2014-12-29 22:00:00,0.5011243042671614,0.019191094619666,0.0,0.0,0.0131632653061224,0.1126938775510204,0.001,0.0,0.0,0.0070575139146567
2014-12-29 23:00:00,0.5003092592592593,0.0108537037037037,0.0,0.0,0.0132314814814814,0.11215,0.001,0.0,0.0,0.0070444444444444
2014-12-30 00:00:00,0.4595364485981308,0.0198691588785046,0.0,0.0,0.0173457943925233,0.0478056074766355,0.001,0.0,0.0,0.0070635514018691
2014-12-30 01:00:00,0.2465642458100558,0.0108789571694599,0.0,0.0,0.013266294227188,0.002,0.001,0.0,0.0,0.0070409683426443
2014-12-30 02:00:00,0.2482756052141527,0.0198212290502793,0.0,0.0,0.0132979515828677,0.002,0.001,0.0,0.0,0.0070689013035381
2014-12-30 03:00:00,0.2324456928838951,0.0120580524344569,0.0,0.0,0.0133501872659176,0.002,0.001,0.0,0.0,0.0070468164794007
2014-12-30 04:00:00,0.2454477611940298,0.0149981343283582,0.0,0.0,0.0132985074626865,0.002570895522388,0.001,0.0,0.0,0.0070541044776119
2014-12-30 05:00:00,0.248374531835206,0.0176367041198501,0.0,0.0,0.0131985018726591,0.002,0.001,0.0,0.0,0.0070468164794007
2014-12-30 06:00:00,0.2708220973782771,0.0103333333333333,0.0,0.0,0.0131348314606741,0.002,0.001,0.0,0.0,0.0070524344569288
2014-12-30 07:00:00,0.2939906542056075,0.0221084112149532,0.0,0.0,0.0131457943925233,0.002,0.001,0.0,0.0,0.0070598130841121
2014-12-30 08:00:00,0.2929720670391061,0.0101824953445065,0.0,0.0,0.0131880819366852,0.002,0.001,0.0,0.0,0.0070409683426443
2014-12-30 09:00:00,0.3476052141527002,0.0152197392923649,0.0,0.0,0.0130558659217877,0.002,0.001,0.0545772811918063,0.0,0.007072625698324
2014-12-30 10:00:00,0.6616287313432836,0.0184309701492537,0.0,0.0,0.0297276119402985,0.002,0.026731343283582,0.1682518656716417,0.0667294776119403,0.0070578358208955
2014-12-30 11:00:00,0.8062747663551402,0.010222429906542,0.0,0.0,0.1852130841121495,0.002,0.1245719626168224,0.1417887850467289,0.0,0.0070523364485981
2014-12-30 12:00:00,0.5177779850746268,0.0239776119402985,0.0,0.0,0.1835335820895522,0.002,0.008125,0.0,0.0,0.0340205223880597
2014-12-30 13:00:00,0.5877355679702049,0.0108454376163873,0.0,0.0,0.1798137802607076,0.002,0.001,0.0,0.0,0.1030055865921787
2014-12-30 14:00:00,0.6634795539033458,0.0112304832713754,0.0,0.0,0.1675780669144981,0.002,0.0161022304832713,0.0749256505576208,0.0,0.0885539033457249
2014-12-30 15:00:00,0.5118370786516854,0.0202397003745318,0.0,0.0,0.1775842696629213,0.002,0.001,0.0,0.0,0.0258258426966292
2014-12-30 16:00:00,0.5869962616822431,0.0105869158878504,0.0,0.0,0.1810672897196261,0.002,0.001,0.0629158878504673,0.0,0.0070317757009345
2014-12-30 17:00:00,0.7985299625468165,0.0187921348314606,0.0,0.0,0.1819981273408239,0.0690580524344569,0.0009981273408239,0.0567790262172284,0.0,0.0414307116104868
2014-12-30 18:00:00,0.7098981481481481,0.0125333333333333,0.0,0.0,0.11225,0.1121129629629629,0.001,0.0,0.0,0.014437037037037
2014-12-30 19:00:00,0.6265584415584415,0.0106289424860853,0.0,0.0,0.0302671614100185,0.1124192949907235,0.0352486085343228,0.0,0.0,0.0082560296846011
2014-12-30 20:00:00,0.7433408662900188,0.0230282485875706,0.0,0.0,0.0304350282485875,0.1120772128060263,0.001,0.0958775894538606,0.0,0.0082843691148775
2014-12-30 21:00:00,0.6649330855018587,0.0106133828996282,0.0,0.0,0.0305260223048327,0.1122434944237918,0.001,0.0,7.434944237918215e-06,0.0081877323420074
2014-12-30 22:00:00,0.6978342644320299,0.023096834264432,0.0,0.0,0.0307113594040968,0.1121340782122905,0.001,0.0885195530726257,0.0,0.008193668528864
2014-12-30 23:00:00,0.4581797752808988,0.0160599250936329,0.0,0.0,0.0309606741573033,0.0317134831460674,0.001,0.0,0.0,0.0081797752808988
2014-12-31 00:00:00,0.4384440298507462,0.0106343283582089,0.0,0.0,0.0310522388059701,0.0666473880597015,0.0010074626865671,0.0349440298507462,0.0,0.008160447761194
2014-12-31 01:00:00,0.3086983240223463,0.0231955307262569,0.0,0.0,0.0182458100558659,0.0321284916201117,0.0010055865921787,0.0,0.0,0.0081731843575418
2014-12-31 02:00:00,0.2430780669144981,0.0106951672862453,0.0,0.0,0.0132992565055762,0.0019981412639405,0.0010074349442379,0.0,0.0,0.0082156133828996
2014-12-31 03:00:00,0.2527247191011236,0.0189531835205992,0.0,0.0,0.0132883895131086,0.002,0.001,0.0,0.0,0.0082340823970037
2014-12-31 04:00:00,0.2527709497206704,0.0139329608938547,0.0,0.0,0.0132253258845437,0.0025810055865921,0.0010018621973929,0.0047672253258845,0.0,0.0082234636871508
2014-12-31 05:00:00,0.2678417132216015,0.0103445065176908,0.0,0.0,0.0132476722532588,0.002,0.0010018621973929,0.0,0.0,0.0082383612662942
2014-12-31 06:00:00,0.2790112570356473,0.0222120075046904,0.0,0.0,0.0131801125703564,0.002,0.001,0.0,0.0,0.0082514071294559
2014-12-31 07:00:00,0.2838595505617977,0.0102996254681647,0.0,0.0,0.0131779026217228,0.002,0.001,0.0,0.0,0.0082340823970037
2014-12-31 08:00:00,0.4518405253283302,0.0188442776735459,0.0,0.0,0.0131181988742964,0.002,0.0010037523452157,0.0,0.0,0.0082589118198874
2014-12-31 09:00:00,0.5409981308411215,0.0114728971962616,0.0,0.0,0.013018691588785,0.002,0.001,0.0,0.0,0.0082205607476635
2014-12-31 10:00:00,0.419818352059925,0.0118988764044943,0.0,0.0,0.0128689138576779,0.002,0.001,0.1449906367041198,0.0,0.0081647940074906
2014-12-31 11:00:00,0.3749477611940298,0.0207929104477611,0.0,0.0,0.0128899253731343,0.0148078358208955,0.001,0.0,0.0,0.0103320895522388
2014-12-31 12:00:00,0.5396212686567164,0.0126492537313432,0.0,0.0,0.1392537313432836,0.0807537313432835,0.001,0.0,0.0,0.0084869402985074
2014-12-31 13:00:00,0.7108376865671642,0.0207835820895522,0.0,0.0,0.1777966417910448,0.1265615671641791,0.0442537313432835,0.0,0.0,0.0082444029850746
2014-12-31 14:00:00,0.6717346938775509,0.0138385899814471,0.0,0.0,0.1741706864564007,0.1258330241187384,0.001,0.0,0.0,0.008230055658627
2014-12-31 15:00:00,0.6747877094972067,0.0110186219739292,0.0,0.0,0.1234636871508379,0.101193668528864,0.001,0.0630856610800744,0.0,0.0081675977653631
2014-12-31 16:00:00,0.5649608208955224,0.021651119402985,0.0,0.0,0.1855615671641791,0.010490671641791,0.001,0.0,0.0,0.0081436567164179
2014-12-31 17:00:00,0.6586212686567164,0.0103787313432835,0.0,0.0,0.1852929104477612,0.0447164179104477,0.001,0.0050149253731343,0.0,0.0081828358208955
2014-12-31 18:00:00,1.0513940520446097,0.0206877323420074,0.0,0.0,0.149457249070632,0.1202137546468401,0.012496282527881,0.0716078066914498,0.0,0.0081617100371747
2014-12-31 19:00:00,1.907062030075188,0.0149210526315789,0.0,0.0,0.1774436090225563,0.1199642857142857,0.001,0.0644323308270676,0.0,0.0093571428571428
2014-12-31 20:00:00,0.947245810055866,0.0130130353817504,0.0,0.0,0.156487895716946,0.1208007448789571,0.0246983240223463,0.0912271880819367,0.0,0.0081527001862197
2014-12-31 21:00:00,0.7327657992565056,0.0251189591078066,0.0,0.0,0.1552769516728624,0.1206449814126394,0.001,0.0,0.0,0.0083866171003717
2014-12-31 22:00:00,0.6989585687382297,0.0127476459510357,0.0,0.0,0.1705875706214689,0.1206064030131826,0.001,0.0,0.0,0.0081996233521657
2014-12-31 23:00:00,0.8124026217228465,0.0174194756554307,0.0,0.0,0.152374531835206,0.1203857677902621,0.001,0.1035543071161048,0.0,0.008191011235955
2015-01-01 00:00:00,0.6907340823970037,0.0162808988764044,0.0019101123595505,0.0,0.1421367041198502,0.1211516853932584,0.001,0.0,0.0,0.0082453183520599
2015-01-01 01:00:00,0.6789758364312267,0.011453531598513,0.0,0.0,0.1300092936802974,0.1032267657992565,0.001,0.0,0.0,0.0082118959107806
2015-01-01 02:00:00,0.2947166979362101,0.0241388367729831,0.0,0.0,0.0133020637898686,0.0103658536585365,0.001,0.0,0.0,0.0082345215759849
2015-01-01 03:00:00,0.2572081784386617,0.0130334572490706,0.0,0.0,0.0131895910780669,0.0103754646840148,0.001,0.0,0.0,0.0082453531598513
2015-01-01 04:00:00,0.255865671641791,0.0160746268656716,0.0,0.0,0.0132425373134328,0.0103246268656716,0.001,0.0,0.0,0.0081996268656716
2015-01-01 05:00:00,0.2592803738317757,0.0179046728971962,0.0,0.0,0.0133121495327102,0.0112728971962616,0.001,0.0,0.0,0.0082448598130841
2015-01-01 06:00:00,0.2842990654205607,0.0109682242990654,0.0,0.0,0.0131757009345794,0.0103177570093457,0.001,0.0,0.0,0.0082018691588785
2015-01-01 07:00:00,0.3057148148148148,0.0220925925925925,0.0,0.0,0.0132129629629629,0.0103574074074074,0.001,0.0,0.0,0.0082481481481481
2015-01-01 08:00:00,0.2918205607476635,0.0117327102803738,0.0,0.0,0.0131663551401869,0.0103682242990654,0.001,0.0,0.0,0.0082411214953271
2015-01-01 09:00:00,0.3789320754716981,0.0189056603773584,0.0,0.0,0.0129981132075471,0.0109056603773584,0.001,0.0742622641509433,0.0,0.0120320754716981
2015-01-01 10:00:00,0.4988970037453183,0.015192883895131,0.0,0.0,0.086063670411985,0.0103632958801498,0.001,0.05312734082397,0.0,0.0082097378277153
2015-01-01 11:00:00,0.6030841121495327,0.0129626168224299,0.0,0.0,0.1718411214953271,0.0103775700934579,0.001,0.0671140186915887,0.0,0.0081719626168224
2015-01-01 12:00:00,0.6885178236397749,0.0234277673545966,0.0,0.0,0.1841463414634146,0.0279324577861163,0.001,0.1117936210131332,0.0,0.0082157598499061
2015-01-01 13:00:00,0.60737265917603,0.0114176029962546,0.0,0.0,0.1817846441947565,0.0575299625468164,0.001,0.0,0.0,0.0081741573033707
2015-01-01 14:00:00,0.348089552238806,0.0226082089552238,0.0,0.0,0.0567033582089552,0.0248320895522388,0.001,0.0,0.0,0.0082033582089552
2015-01-01 15:00:00,0.2405551330798479,0.0141273764258555,0.0,0.0,0.0129904942965779,0.010338403041825,0.001,0.0,0.0,0.0081558935361216
2015-01-01 16:00:00,0.2449235074626865,0.0161175373134328,0.000955223880597,0.0,0.0128992537313432,0.0103041044776119,0.001,0.0,0.0,0.0081473880597014
2015-01-01 17:00:00,0.2956934579439252,0.0208803738317757,0.0,0.0,0.0127495327102803,0.0104093457943925,0.001,0.0,0.0,0.0081570093457943
2015-01-01 18:00:00,0.2963684210526315,0.0132988721804511,0.0,0.0,0.0128740601503759,0.0109097744360902,0.001,0.0,0.0,0.0081541353383458
2015-01-01 19:00:00,0.5173434535104364,0.021831119544592,0.0,0.0,0.0129753320683111,0.0154819734345351,0.001,0.1373889943074003,0.0,0.0081309297912713
2015-01-01 20:00:00,0.4815430711610487,0.0128220973782771,0.0,0.0,0.0318913857677902,0.1212378277153558,0.001,0.0,0.0,0.0082265917602996
2015-01-01 21:00:00,0.8276476190476191,0.0196457142857142,0.0,0.0,0.1765790476190476,0.1194285714285714,0.001,0.0741333333333333,0.0,0.00816
2015-01-01 22:00:00,0.8494569288389513,0.0194662921348314,0.0,0.0,0.1645468164794007,0.1199456928838951,0.001,0.0780730337078651,0.0576329588014981,0.0081666666666666
2015-01-01 23:00:00,0.701958878504673,0.0118467289719626,0.0,0.0,0.1786598130841121,0.1199495327102803,0.001,0.0,0.0,0.0081869158878504
2015-01-02 00:00:00,0.5425373134328358,0.0275634328358208,0.0,0.0,0.1538097014925373,0.0301529850746268,0.001,0.0,0.0,0.0082369402985074
2015-01-02 01:00:00,0.4657443609022557,0.0120770676691729,0.0,0.0,0.14521992481203,0.011,0.001,0.0,0.0,0.0089248120300751
2015-01-02 02:00:00,0.5202086466165414,0.0230808270676691,0.0,0.0,0.1425488721804511,0.0103327067669172,0.001,0.0,0.0,0.0082124060150375
2015-01-02 03:00:00,0.4522228464419476,0.0119138576779026,0.0,0.0,0.1475318352059925,0.0102940074906367,0.001,0.0,0.0,0.0082059925093632
2015-01-02 04:00:00,0.4211231343283582,0.0248582089552238,0.0,0.0,0.142615671641791,0.0103190298507462,0.001,0.0,0.0,0.0081847014925373
2015-01-02 05:00:00,0.4536044776119403,0.0122611940298507,0.0,0.0,0.1428059701492537,0.011285447761194,0.001,0.0,0.0,0.0082276119402985
2015-01-02 06:00:00,0.4859565217391304,0.024109640831758,0.0,0.0,0.1423251417769376,0.010351606805293,0.001,0.0,0.0,0.0081701323251417
2015-01-02 07:00:00,0.5626996268656717,0.0137537313432835,0.0,0.0,0.1421548507462686,0.0103600746268656,0.001,0.0,0.0,0.0081902985074626
2015-01-02 08:00:00,0.4705160075329567,0.019668549905838,0.0,0.0,0.1422278719397363,0.0103389830508474,0.001,0.0,0.0,0.0082203389830508
2015-01-02 09:00:00,0.5294224299065421,0.0168841121495327,0.0,0.0,0.1615551401869158,0.0109588785046728,0.001,0.0588168224299065,0.0,0.008203738317757
2015-01-02 10:00:00,0.51178007518797,0.0131860902255639,0.0,0.0,0.1554605263157895,0.0103796992481203,0.001,0.0675657894736842,0.0,0.0081616541353383
2015-01-02 11:00:00,0.6799476635514019,0.022818691588785,0.0,0.0,0.1848,0.0103794392523364,0.001,0.1336710280373831,0.0753551401869158,0.0139738317757009
2015-01-02 12:00:00,0.5535281954887219,0.0115,0.0,0.0,0.1481127819548872,0.0103571428571428,0.0009962406015037,0.0,0.0,0.0288120300751879
2015-01-02 13:00:00,0.5550355140186917,0.022603738317757,0.0,0.0,0.1777663551401869,0.01063738317757,0.001,0.0,0.0,0.0070467289719626
2015-01-02 14:00:00,0.522758878504673,0.0115794392523364,0.0,0.0,0.1479850467289719,0.011003738317757,0.001,0.0,0.0,0.0070616822429906
2015-01-02 15:00:00,0.7383258845437616,0.0224283054003724,0.0,0.0,0.1510372439478584,0.0281918063314711,0.001,0.1836201117318435,0.0,0.0070409683426443
2015-01-02 16:00:00,0.5713182674199624,0.0146459510357815,0.0,0.0,0.1600188323917137,0.010367231638418,0.001,0.0,0.0,0.0070357815442561
2015-01-02 17:00:00,0.575820895522388,0.0163824626865671,0.0,0.0,0.1431548507462686,0.0103320895522388,0.001,0.0,0.0,0.0070279850746268
2015-01-02 18:00:00,0.7961368821292776,0.0188802281368821,0.0,0.0,0.1495855513307984,0.114722433460076,0.0009961977186311,0.063157794676806,0.0,0.0070475285171102
2015-01-02 19:00:00,0.7224352720450281,0.0105947467166979,0.0,0.0,0.1367054409005628,0.1011163227016885,0.001,0.0,0.0,0.0086322701688555
2015-01-02 20:00:00,0.28673055028463,0.0245692599620493,0.0,0.0,0.0129582542694497,0.0103491461100569,0.001,0.0,0.0,0.0070398481973434
2015-01-02 21:00:00,0.2835404896421846,0.0111619585687382,0.0,0.0,0.0131224105461393,0.0103276836158192,0.001,0.0,0.0,0.0070903954802259
2015-01-02 22:00:00,0.3117223264540337,0.0206116322701688,0.0,0.0,0.01312382739212,0.0112063789868667,0.001,0.0,0.0,0.0070431519699812
2015-01-02 23:00:00,0.4921835205992509,0.0138464419475655,0.0,0.0,0.0132621722846441,0.0970823970037453,0.001,0.0,0.0,0.0070187265917602
2015-01-03 00:00:00,0.4709531835205992,0.0132602996254681,0.0,0.0,0.0132134831460674,0.0858445692883895,0.001,0.0,0.0,0.0070524344569288
2015-01-03 01:00:00,0.2746772388059701,0.0226735074626865,0.0,0.0,0.0132705223880597,0.0109533582089552,0.001,0.0,0.0,0.0070727611940298
2015-01-03 02:00:00,0.2603121495327103,0.0112672897196261,0.0019140186915887,0.0,0.0133626168224299,0.0103233644859813,0.001,0.0,0.0,0.0070785046728971
2015-01-03 03:00:00,0.2612886405959032,0.0227039106145251,0.0,0.0,0.0132532588454376,0.0103836126629422,0.001,0.0,0.0,0.007070763500931
2015-01-03 04:00:00,0.2532093457943925,0.011811214953271,0.0,0.0,0.0134280373831775,0.0103271028037383,0.001,0.0,0.0,0.0070448598130841
2015-01-03 05:00:00,0.2585176252319109,0.0184359925788497,0.0,0.0,0.0133209647495361,0.0112987012987013,0.001,0.0,0.0,0.0070890538033395
2015-01-03 06:00:00,0.2868805970149254,0.0156492537313432,0.0,0.0,0.0131436567164179,0.0103899253731343,0.001,0.0,0.0,0.0070597014925373
2015-01-03 07:00:00,0.303878277153558,0.0148651685393258,0.0,0.0,0.0131217228464419,0.0102883895131086,0.001,0.0,0.0,0.0070468164794007
2015-01-03 08:00:00,0.3116108007448789,0.0182793296089385,0.0,0.0,0.0131378026070763,0.010290502793296,0.001,0.0,0.0,0.0084767225325884
2015-01-03 09:00:00,0.403067415730337,0.0108876404494382,0.0,0.0,0.013003745318352,0.0109438202247191,0.001,0.0672247191011236,0.0,0.0070355805243445
2015-01-03 10:00:00,0.5066579439252337,0.0232205607476635,0.0,0.0,0.0577084112149532,0.0103570093457943,0.0126915887850467,0.071807476635514,0.0,0.0070579439252336
2015-01-03 11:00:00,1.4859196261682244,0.0110467289719626,0.7081831775700934,0.0,0.1814672897196261,0.0104093457943925,0.001,0.0,0.0,0.055433644859813
2015-01-03 12:00:00,0.9408078358208956,0.0240522388059701,0.1311772388059701,0.0,0.1585932835820895,0.010356343283582,0.0477873134328358,0.0441753731343283,0.0,0.0709421641791044
2015-01-03 13:00:00,1.3334794007490636,0.0129588014981273,0.4745955056179775,0.0,0.1763951310861423,0.0528632958801498,0.001,0.1171591760299625,0.0,0.0584925093632958
2015-01-03 14:00:00,0.8879475655430712,0.0209157303370786,0.0824981273408239,0.0,0.1771385767790262,0.0555,0.001,0.0699138576779026,0.0,0.0080617977528089
2015-01-03 15:00:00,0.7163970315398887,0.0133320964749536,0.0897959183673469,0.0,0.1830705009276438,0.0106994434137291,0.001,0.0,0.0,0.0080816326530612
2015-01-03 16:00:00,0.5354625719769674,0.0161650671785028,0.0,0.0,0.1499558541266794,0.0103570057581573,0.001,0.0,0.0,0.0100383877159309
2015-01-03 17:00:00,0.7194521575984991,0.018296435272045,0.0,0.0,0.1627617260787992,0.0198724202626641,0.001,0.0,0.0,0.0080600375234521
2015-01-03 18:00:00,1.171781132075472,0.0114830188679245,0.0,0.0,0.1619188679245283,0.1213396226415094,0.1739169811320755,0.1543094339622641,0.0,0.0080396226415094
2015-01-03 19:00:00,0.7032405303030302,0.022217803030303,0.0,0.0,0.1445113636363636,0.1187916666666666,0.001,0.0,0.0,0.0080587121212121
2015-01-03 20:00:00,0.633438330170778,0.0110398481973434,0.0,0.0,0.1436053130929791,0.119089184060721,0.001,0.0,0.0,0.0080740037950664
2015-01-03 21:00:00,0.7661905660377358,0.022066037735849,0.0,0.0,0.1553075471698113,0.1195452830188679,0.001,0.0,0.0,0.0080735849056603
2015-01-03 22:00:00,0.8735555555555555,0.0114708097928436,0.0,0.0,0.1702278719397363,0.1212994350282485,0.001,0.0901694915254237,0.0,0.0100960451977401
2015-01-03 23:00:00,0.7738984962406015,0.0171973684210526,0.0,0.0,0.1700018796992481,0.1207142857142857,0.001,0.0,0.0,0.0070300751879699
2015-01-04 00:00:00,0.483624765478424,0.0169343339587242,0.0,0.0,0.0234071294559099,0.0222532833020637,0.001,0.0,0.0,0.0070450281425891
2015-01-04 01:00:00,0.3030205607476635,0.0147177570093457,0.0,0.0,0.0132953271028037,0.0109476635514018,0.001,0.0,0.0,0.007026168224299
2015-01-04 02:00:00,0.2925347091932457,0.0223395872420262,0.0,0.0,0.0133489681050656,0.0103395872420262,0.001,0.0,0.0,0.0070506566604127
2015-01-04 03:00:00,0.2920594795539034,0.0114591078066914,0.0,0.0,0.0133791821561338,0.0103289962825278,0.001,0.0,0.0,0.007042750929368
2015-01-04 04:00:00,0.2877150943396226,0.0166320754716981,0.0,0.0,0.0132075471698113,0.0103641509433962,0.001,0.0,0.0,0.0070377358490566
2015-01-04 05:00:00,0.2896435272045028,0.016217636022514,0.0,0.0,0.0132082551594746,0.0112720450281425,0.0009981238273921,0.0,0.0,0.0070375234521575
2015-01-04 06:00:00,0.3077551401869158,0.0107420560747663,0.0,0.0,0.0131420560747663,0.0103887850467289,0.001,0.0,0.0,0.0070485981308411
2015-01-04 07:00:00,0.3375333333333333,0.0290592592592592,0.0,0.0,0.0131129629629629,0.0103888888888888,0.001,0.0,0.0,0.0070351851851851
2015-01-04 08:00:00,0.3504642857142857,0.0103740601503759,0.0,0.0,0.0130451127819548,0.0103853383458646,0.001,0.0,0.0,0.007031954887218
2015-01-04 09:00:00,0.4044672897196262,0.0178990654205607,0.0,0.0,0.0130710280373831,0.0109981308411214,0.001,0.0544785046728971,0.0,0.007029906542056
2015-01-04 10:00:00,0.5929253731343284,0.0155503731343283,0.0,0.0,0.0131175373134328,0.0104291044776119,0.0067649253731343,0.1197201492537313,0.1199347014925373,0.0070559701492537
2015-01-04 11:00:00,0.6635139664804469,0.0105698324022346,0.0,0.0,0.1777467411545623,0.0104022346368715,0.001,0.0,0.0,0.0070391061452513
2015-01-04 12:00:00,0.7864218455743879,0.0209472693032015,0.0,0.0,0.183728813559322,0.0104086629001883,0.0761525423728813,0.0883295668549905,0.0,0.0070414312617702
2015-01-04 13:00:00,0.7215009380863039,0.0105384615384615,0.0,0.0,0.1841444652908067,0.0107129455909943,0.0213658536585365,0.0,0.0,0.007030018761726
2015-01-04 14:00:00,0.9599571694599628,0.0149553072625698,0.0,0.0,0.1656163873370577,0.1132253258845437,0.0063221601489757,0.1713054003724394,0.0,0.0070204841713221
2015-01-04 15:00:00,0.7605328330206379,0.016936210131332,0.0,0.0,0.1815215759849906,0.0802607879924953,0.001,0.0,0.0,0.0070281425891181
2015-01-04 16:00:00,0.6977767354596623,0.0106679174484052,0.0,0.0,0.1717992495309568,0.0104427767354596,0.001,0.0,0.0,0.0070262664165103
2015-01-04 17:00:00,1.000766917293233,0.0226842105263157,0.0,0.0,0.1640996240601503,0.0104567669172932,0.0318063909774436,0.0715958646616541,0.0019323308270676,0.027063909774436
2015-01-04 18:00:00,0.996738229755179,0.0109717514124293,0.0,0.0,0.1631092278719397,0.0668587570621468,0.0689340866290018,0.0,0.0,0.0080470809792843
2015-01-04 19:00:00,1.8104459203036047,0.0153149905123339,0.0,0.8589582542694497,0.1478254269449715,0.1191973434535104,0.0010398481973434,0.0,0.0,0.0080512333965844
2015-01-04 20:00:00,1.7320679245283015,0.0235094339622641,0.0,0.696077358490566,0.1646849056603773,0.1197792452830188,0.001,0.0844245283018867,0.0,0.0086075471698113
2015-01-04 21:00:00,0.7378370786516854,0.0109456928838951,0.0,0.0010430711610486,0.1419981273408239,0.1221423220973782,0.0236872659176029,0.0349250936329588,0.0,0.0080711610486891
2015-01-04 22:00:00,0.7702067669172932,0.0216936090225563,0.0,0.0,0.1417612781954887,0.1254078947368421,0.0241992481203007,0.0,0.0,0.0080620300751879
2015-01-04 23:00:00,0.7160694183864915,0.0125534709193245,0.0,0.0,0.1723208255159474,0.0762138836772983,0.0139568480300187,0.0,0.0,0.0080656660412757
2015-01-05 00:00:00,0.4171943925233645,0.0159607476635514,0.0,0.0,0.0595327102803738,0.0114990654205607,0.001,0.0,0.0,0.0080766355140186
2015-01-05 01:00:00,0.2942616822429906,0.0189084112149532,0.0,0.0,0.0132803738317757,0.0116971962616822,0.001,0.0,0.0,0.0080504672897196
2015-01-05 02:00:00,0.2913059701492537,0.0104944029850746,0.0,0.0,0.0133376865671641,0.0114701492537313,0.001,0.0,0.0,0.008106343283582
2015-01-05 03:00:00,0.2953977695167286,0.022174721189591,0.0,0.0,0.0133197026022304,0.0114721189591078,0.001,0.0,0.0,0.0080817843866171
2015-01-05 04:00:00,0.2838041044776119,0.0112705223880597,0.0,0.0,0.01325,0.0114682835820895,0.001,0.0,0.0,0.0081026119402985
2015-01-05 05:00:00,0.2946424581005586,0.0140111731843575,0.0,0.0,0.0131340782122905,0.0124599627560521,0.001,0.0,0.0,0.0080912476722532
2015-01-05 06:00:00,0.334660447761194,0.0192294776119402,0.0,0.0,0.013106343283582,0.0114272388059701,0.001,0.0,0.0,0.0080895522388059
2015-01-05 07:00:00,0.3306022514071294,0.0108630393996247,0.0,0.0,0.0129756097560975,0.0114559099437148,0.001,0.0,0.0,0.0080675422138836
2015-01-05 08:00:00,0.3628386491557223,0.0216660412757973,0.0,0.0,0.0130938086303939,0.0114427767354596,0.001,0.0,0.0,0.0080731707317073
2015-01-05 09:00:00,0.4761503759398496,0.0109548872180451,0.0,0.0,0.0131146616541353,0.012046992481203,0.001,0.0949774436090225,0.0,0.0080921052631578
2015-01-05 10:00:00,0.7713383177570093,0.0165457943925233,0.0,0.0,0.0131289719626168,0.0114859813084112,0.1411420560747663,0.0746635514018691,0.0,0.0080504672897196
2015-01-05 11:00:00,1.022941947565543,0.0188595505617977,0.0,0.0,0.0735262172284644,0.0114925093632958,0.001,0.0494681647940074,0.0,0.0080805243445692
2015-01-05 12:00:00,0.8297653631284916,0.0115400372439478,0.0,0.0,0.1837932960893854,0.0114655493482309,0.001,0.1025232774674115,0.0,0.0773202979515828
2015-01-05 13:00:00,0.8325430711610488,0.0205074906367041,0.0,0.0,0.1799213483146067,0.0120262172284644,0.001,0.0937378277153558,0.0,0.0837846441947565
2015-01-05 14:00:00,0.8458417132216015,0.0151042830540037,0.0,0.0,0.1663854748603352,0.1212532588454376,0.001,0.0583854748603351,0.0,0.0118733705772811
2015-01-05 15:00:00,0.8182070895522389,0.0127985074626865,0.0,0.0,0.1819776119402985,0.1222313432835821,0.001,0.0,0.0,0.0080373134328358
2015-01-05 16:00:00,0.6939943714821764,0.0216416510318949,0.0,0.0,0.1800656660412758,0.0183245778611632,0.001,0.0,0.0,0.0290487804878048
2015-01-05 17:00:00,0.7922915887850468,0.0107233644859813,0.0,0.0,0.1544523364485981,0.011422429906542,0.0106542056074766,0.0,0.0,0.008026168224299
2015-01-05 18:00:00,1.1115329566854992,0.0253427495291902,0.0,0.0,0.1407664783427495,0.0947344632768361,0.2134708097928437,0.0,0.0,0.0080357815442561
2015-01-05 19:00:00,0.8085725047080978,0.0122655367231638,0.0,0.0,0.141352165725047,0.1243559322033898,0.001,0.0,0.0,0.0080621468926553
2015-01-05 20:00:00,1.0495339622641509,0.0157905660377358,0.0,0.0,0.1480867924528301,0.1242433962264151,0.1611924528301886,0.0970811320754717,0.0,0.0080509433962264
2015-01-05 21:00:00,0.6340243902439024,0.0191688555347091,0.0,0.0,0.1463846153846154,0.1244183864915572,0.001,0.0,0.0,0.0080637898686679
2015-01-05 22:00:00,0.7660337711069418,0.0117823639774859,0.0,0.0,0.1417917448405253,0.124296435272045,0.001,0.0949512195121951,0.0,0.0080656660412757
2015-01-05 23:00:00,0.7081753731343283,0.0244085820895522,0.0,0.0,0.1617145522388059,0.1241268656716418,0.001,0.0,0.0,0.0080652985074626
2015-01-06 00:00:00,0.5760927643784787,0.0116679035250463,0.0,0.0,0.1342356215213358,0.0304786641929499,0.001,0.0,0.0,0.0080593692022263
2015-01-06 01:00:00,0.2570785046728971,0.0182934579439252,0.0,0.0,0.0131813084112149,0.0135570093457943,0.001,0.0,0.0,0.0080672897196261
2015-01-06 02:00:00,0.2587327102803738,0.0175271028037383,0.0,0.0,0.0132317757009345,0.013603738317757,0.001,0.0,0.0,0.0080785046728971
2015-01-06 03:00:00,0.2617635009310987,0.0136368715083798,0.0,0.0,0.0132793296089385,0.0135623836126629,0.001,0.0,0.0,0.008072625698324
2015-01-06 04:00:00,0.2736296992481203,0.0255093984962406,0.0,0.0,0.0131954887218045,0.0135921052631578,0.001,0.0,0.0,0.0080751879699248
2015-01-06 05:00:00,0.2633575418994413,0.0110279329608938,0.0,0.0,0.0131024208566108,0.0135921787709497,0.001,0.0,0.0,0.0080782122905027
2015-01-06 06:00:00,0.2843632958801498,0.0173520599250936,0.0,0.0,0.0129906367041198,0.0136479400749063,0.001,0.0,0.0,0.0080711610486891
2015-01-06 07:00:00,0.335814606741573,0.0184232209737827,0.0,0.0,0.0130112359550561,0.0136816479400749,0.001,0.0,0.0,0.0080617977528089
2015-01-06 08:00:00,0.3110559701492537,0.0146660447761194,0.0,0.0,0.0130597014925373,0.0136194029850746,0.001,0.0,0.0,0.0080578358208955
2015-01-06 09:00:00,0.2983289962825279,0.0205576208178438,0.0,0.0,0.0131524163568773,0.0136245353159851,0.001,0.0,0.0,0.0080501858736059
2015-01-06 10:00:00,0.5031981308411215,0.0117271028037383,0.0,0.0,0.0131233644859813,0.0136355140186915,0.001,0.1186,0.0,0.0080691588785046
2015-01-06 11:00:00,0.5010018552875696,0.0230853432282003,0.0,0.0,0.0131428571428571,0.0136456400742115,0.0249721706864564,0.1286289424860853,0.0,0.0080742115027829
2015-01-06 12:00:00,0.5095243445692884,0.0109756554307116,0.0,0.0,0.1181516853932584,0.0136516853932584,0.0247322097378277,0.0297453183520599,0.0,0.0080711610486891
2015-01-06 13:00:00,0.5538033707865169,0.0222209737827715,0.0,0.0,0.1710131086142322,0.0384363295880149,0.001,0.0,0.0,0.0080692883895131
2015-01-06 14:00:00,0.7305197740112994,0.0113352165725047,0.0,0.0,0.1771111111111111,0.081352165725047,0.0215838041431261,0.1040546139359698,0.0,0.0157645951035781
2015-01-06 15:00:00,0.7310651769087523,0.0195456238361266,0.0,0.0,0.1860260707635009,0.1251229050279329,0.001,0.0,0.0,0.0853743016759776
2015-01-06 16:00:00,0.798839552238806,0.0143395522388059,0.0,0.0,0.1571138059701492,0.0314402985074626,0.001,0.0,0.0,0.0910671641791044
2015-01-06 17:00:00,1.0883433395872422,0.0130206378986866,0.0,0.0,0.141906191369606,0.0137166979362101,0.0921294559099437,0.1176923076923077,0.0,0.0414315196998123
2015-01-06 18:00:00,0.9933132075471698,0.0208528301886792,0.0,0.0,0.1489452830188679,0.1082433962264151,0.0985150943396226,0.0,0.0,0.0080471698113207
2015-01-06 19:00:00,0.8494606741573034,0.0113632958801498,0.0,0.0,0.1595692883895131,0.123878277153558,0.0302640449438202,0.0,0.0,0.008065543071161
2015-01-06 20:00:00,0.7534679245283019,0.0233641509433962,0.0,0.0,0.1826169811320754,0.1245150943396226,0.001,0.0,0.0,0.0080471698113207
2015-01-06 21:00:00,0.954093808630394,0.0148630393996247,0.0,0.0,0.1688536585365853,0.1243696060037523,0.001,0.0850712945590994,0.0,0.0080544090056285
2015-01-06 22:00:00,0.8354525139664805,0.0176443202979515,0.0,0.0,0.180048417132216,0.1241880819366852,0.001,0.0,0.0,0.0080391061452513
2015-01-06 23:00:00,0.7505158878504673,0.0198093457943925,0.0,0.0,0.1519046728971962,0.1245252336448598,0.001,0.0,0.0,0.0179644859813084
2015-01-07 00:00:00,0.7229419475655431,0.013314606741573,0.0,0.0,0.1759700374531835,0.0992659176029962,0.001,0.0,0.0,0.0070280898876404
2015-01-07 01:00:00,0.4373140186915888,0.0227289719626168,0.0,0.0,0.1484242990654205,0.0135457943925233,0.001,0.0,0.0,0.0070448598130841
2015-01-07 02:00:00,0.3783844731977818,0.0117116451016635,0.0,0.0,0.1452772643253234,0.0135249537892791,0.001,0.0,0.0,0.0070628465804066
2015-01-07 03:00:00,0.3865214953271028,0.0217551401869158,0.0,0.0,0.1459588785046729,0.0136280373831775,0.001,0.0,0.0,0.0070485981308411
2015-01-07 04:00:00,0.3859495327102804,0.0131532710280373,0.0,0.0,0.145203738317757,0.013614953271028,0.001,0.0,0.0,0.007026168224299
2015-01-07 05:00:00,0.3774513108614232,0.016001872659176,0.0,0.0,0.1387116104868913,0.0136048689138576,0.001,0.0,0.0,0.0070355805243445
2015-01-07 06:00:00,0.4051921641791045,0.0188638059701492,0.0,0.0,0.1382332089552239,0.0136492537313432,0.001,0.0,0.0,0.0070317164179104
2015-01-07 07:00:00,0.4728386491557223,0.0113621013133208,0.0,0.0,0.140545966228893,0.013686679174484,0.001,0.0,0.0,0.0070544090056285
2015-01-07 08:00:00,0.4495515947467167,0.0225347091932457,0.0,0.0,0.1385422138836773,0.0136641651031894,0.001,0.0,0.0,0.0070356472795497
2015-01-07 09:00:00,0.5217166979362101,0.0111744840525328,0.0,0.0,0.1541257035647279,0.01365478424015,0.001,0.0603714821763602,0.0,0.0070356472795497
2015-01-07 10:00:00,0.5052017804154303,0.0234183976261127,0.0,0.0,0.1514302670623145,0.0136112759643916,0.0009970326409495,0.0,4.154302670623145e-05,0.0070178041543026
2015-01-07 11:00:00,0.5983352059925093,0.0137003745318352,0.0,0.0,0.1556704119850187,0.0136666666666666,0.001,0.0787752808988764,0.0474325842696629,0.0310187265917602
2015-01-07 12:00:00,0.626943925233645,0.022429906542056,0.0,0.0,0.1795140186915887,0.0136766355140186,0.001,0.0,0.0,0.0852560747663551
2015-01-07 13:00:00,0.8427636022514072,0.0150544090056285,0.0,0.0,0.1781726078799249,0.0136735459662288,0.0974015009380863,0.1130694183864915,0.0,0.0845440900562851
2015-01-07 14:00:00,0.648828947368421,0.0126315789473684,0.0,0.006093984962406,0.1592368421052631,0.1106672932330827,0.015313909774436,0.0150695488721804,0.0,0.0110827067669172
2015-01-07 15:00:00,1.5227429643527204,0.0231651031894934,0.0,0.9218348968105066,0.1427148217636022,0.0136810506566604,0.001,0.0,0.0,0.0080675422138836
2015-01-07 16:00:00,1.3159607476635515,0.0111850467289719,0.0,0.5860560747663551,0.1721962616822429,0.0137028037383177,0.001,0.0802,0.0,0.0080560747663551
2015-01-07 17:00:00,0.699,0.023131086142322,0.0,0.0,0.1400898876404494,0.0137284644194756,0.001,0.0715337078651685,0.0,0.0080449438202247
2015-01-07 18:00:00,0.833155722326454,0.0128818011257035,0.0,0.0,0.0299849906191369,0.0851388367729831,0.1406003752345215,0.1130487804878048,0.0,0.0080750469043151
2015-01-07 19:00:00,0.6244299242424243,0.0217196969696969,0.0,0.0,0.0298939393939393,0.1243977272727272,0.001,0.0,0.0,0.0080530303030303
2015-01-07 20:00:00,0.5548943248532289,0.0129197651663405,0.0,0.0,0.0302837573385518,0.1241780821917808,0.073238747553816,0.0,0.0,0.0080665362035225
2015-01-07 21:00:00,0.609001893939394,0.0201931818181818,0.0,0.0,0.0306420454545454,0.1239015151515151,0.0087973484848484,0.0893787878787878,0.0,0.0080681818181818
2015-01-07 22:00:00,0.4585249042145594,0.0165402298850574,0.0,0.0,0.0308659003831417,0.1243984674329502,0.001,0.0,0.0,0.0080823754789272
2015-01-07 23:00:00,0.4970342857142857,0.0164990476190476,0.0,0.0,0.0309466666666666,0.1248171428571428,0.001,0.0,0.0,0.0080723809523809
2015-01-08 00:00:00,0.4204613935969868,0.0208888888888888,0.0,0.0,0.0164538606403013,0.0261920903954802,0.001,0.0,0.0,0.0080847457627118
2015-01-08 01:00:00,0.2673688212927756,0.0123555133079847,0.0,0.0,0.0132623574144486,0.013541825095057,0.001,0.0,0.0,0.0080760456273764
2015-01-08 02:00:00,0.2696641509433962,0.0282132075471698,0.0,0.0,0.013166037735849,0.0136358490566037,0.0009981132075471,0.0,0.0,0.0080754716981132
2015-01-08 03:00:00,0.2597839388145315,0.0148011472275334,0.0,0.0,0.0131912045889101,0.0136347992351816,0.001,0.0,0.0,0.0080726577437858
2015-01-08 04:00:00,0.2619488636363636,0.0159431818181818,0.0,0.0,0.0131268939393939,0.0136515151515151,0.001,0.0,0.0,0.0080738636363636
2015-01-08 05:00:00,0.2990244360902255,0.0206090225563909,0.0,0.0,0.0130733082706766,0.0136503759398496,0.001,0.0,0.0,0.0080808270676691
2015-01-08 06:00:00,0.3008214285714286,0.0113101503759398,0.0,0.0,0.012937969924812,0.0136973684210526,0.001,0.0,0.0,0.0080620300751879
2015-01-08 07:00:00,0.3477350746268657,0.0239123134328358,0.0,0.0,0.0129514925373134,0.0136697761194029,0.001,0.0,0.0,0.0080671641791044
2015-01-08 08:00:00,0.5420613382899628,0.0116524163568773,3.717472118959108e-05,0.0,0.0130706319702602,0.0136394052044609,0.001,0.0,0.0,0.0080706319702602
2015-01-08 09:00:00,0.4513775700934579,0.0151028037383177,0.0,0.0,0.0131009345794392,0.0136766355140186,0.001,0.0,0.0,0.0080766355140186
2015-01-08 10:00:00,0.4686579439252337,0.0232915887850467,0.0,0.0,0.0131065420560747,0.0136542056074766,0.001,0.1239831775700934,0.0,0.0080654205607476
2015-01-08 11:00:00,0.4947467411545623,0.0138677839851024,0.0,0.0,0.0131322160148975,0.0136778398510242,0.0071284916201117,0.0701769087523277,0.1027281191806331,0.0283482309124767
2015-01-08 12:00:00,0.4446056074766355,0.0267925233644859,0.0,0.0,0.0334878504672897,0.0137046728971962,0.079229906542056,0.0,0.0,0.0791102803738317
2015-01-08 13:00:00,0.5013457943925234,0.0115850467289719,0.0,0.0,0.1888018691588785,0.0136934579439252,0.001,0.0050448598130841,0.0,0.0704355140186916
2015-01-08 14:00:00,0.6979681647940075,0.0214906367041198,0.0,0.0,0.1698352059925093,0.117941947565543,0.001,0.0944662921348314,0.0,0.0619887640449438
2015-01-08 15:00:00,0.6509092627599243,0.01634404536862,0.0,0.0,0.1811965973534971,0.0227523629489603,0.001,0.1084593572778828,0.0,0.0857107750472589
2015-01-08 16:00:00,0.5575495327102803,0.0158411214953271,0.0,0.0,0.1728915887850467,0.0136878504672897,0.0518990654205607,0.0,0.0,0.0460841121495327
2015-01-08 17:00:00,0.5042457786116322,0.0219756097560975,0.0,0.0,0.1802213883677298,0.0137204502814258,0.001,0.0,0.0,0.0070225140712945
2015-01-08 18:00:00,0.5020505617977529,0.0135,0.0,0.0,0.1812453183520599,0.0137415730337078,0.001,0.0,0.0,0.0070318352059925
2015-01-08 19:00:00,0.8788219696969698,0.0206875,0.0,0.0,0.1809564393939394,0.023560606060606,0.2181117424242424,0.0802424242424242,0.0,0.0070340909090909
2015-01-08 20:00:00,0.6718951310861423,0.0142041198501872,0.0,0.0,0.1577022471910112,0.1239213483146067,0.0822846441947565,0.0,0.0,0.0070374531835205
2015-01-08 21:00:00,0.573378277153558,0.0136404494382022,0.0,0.0,0.1443202247191011,0.1243932584269663,0.0373014981273408,0.0,0.0,0.0070393258426966
2015-01-08 22:00:00,0.7347039106145252,0.0227821229050279,0.0,0.0,0.1428882681564245,0.1286499068901303,0.001,0.0845698324022346,0.0,0.0070204841713221
2015-01-08 23:00:00,0.5892801484230056,0.0120797773654916,0.0,0.0,0.1630037105751391,0.1287792207792208,0.001,0.0,0.0,0.0070593692022263
2015-01-09 00:00:00,0.5568803738317757,0.0245738317757009,0.0,0.0,0.1785831775700934,0.035414953271028,0.001,0.0,0.0,0.0070523364485981
2015-01-09 01:00:00,0.303407476635514,0.0141887850467289,0.0,0.0,0.056414953271028,0.0135757009345794,0.001,0.0,0.0,0.0070485981308411
2015-01-09 02:00:00,0.2757260787992495,0.0241369606003752,0.0,0.0,0.0131932457786116,0.0135572232645403,0.001,0.0,0.0,0.0070506566604127
2015-01-09 03:00:00,0.2553140186915887,0.0137981308411214,0.0,0.0,0.0133457943925233,0.0136,0.001,0.0,0.0,0.0070542056074766
2015-01-09 04:00:00,0.2986048689138577,0.0138333333333333,0.0,0.0,0.0132284644194756,0.013691011235955,0.001,0.0,0.0,0.0070543071161048
2015-01-09 05:00:00,0.2930524344569288,0.0220767790262172,0.0,0.0,0.0131067415730337,0.0136666666666666,0.001,0.0,0.0,0.0070393258426966
2015-01-09 06:00:00,0.4008339552238806,0.0124850746268656,0.0,0.0,0.0128787313432835,0.0137070895522388,0.001,0.0,0.0,0.0070335820895522
2015-01-09 07:00:00,0.503096654275093,0.021907063197026,0.0,0.0,0.0129591078066914,0.0136988847583643,0.001,0.0,0.0,0.0070353159851301
2015-01-09 08:00:00,0.3108504672897196,0.0115401869158878,0.0,0.0,0.0130429906542056,0.0136579439252336,0.001,0.0,0.0,0.0070467289719626
2015-01-09 09:00:00,0.4750996240601504,0.0235808270676691,0.0,0.0,0.0130488721804511,0.0136785714285714,0.0069172932330827,0.1100827067669173,0.0438984962406015,0.0070620300751879
2015-01-09 10:00:00,0.3252631578947368,0.0120958646616541,0.0,0.0,0.0154624060150375,0.0136672932330827,0.001,0.0,0.0,0.0070357142857142
2015-01-09 11:00:00,0.5727808988764045,0.0178895131086142,0.0,0.0,0.1641011235955056,0.0136573033707865,0.001,0.0650898876404494,0.0753838951310861,0.0070505617977528
2015-01-09 12:00:00,0.4651484962406015,0.0191804511278195,0.0,0.0,0.1734755639097744,0.013640977443609,0.001,0.0,0.0,0.0070545112781954
2015-01-09 13:00:00,0.5988966165413534,0.0148176691729323,0.0,0.0,0.1800451127819549,0.0135921052631578,0.001,0.1136748120300751,0.0,0.0070507518796992
2015-01-09 14:00:00,0.480373106060606,0.0206742424242424,0.0,0.0,0.1806723484848485,0.0136647727272727,0.001,0.0,0.0,0.0070473484848484
2015-01-09 15:00:00,0.558743879472693,0.0158738229755178,0.0,0.0,0.1682109227871939,0.0557005649717514,0.001,0.0598418079096045,0.0,0.0070395480225988
2015-01-09 16:00:00,0.4840187617260788,0.0231819887429643,0.0,0.0,0.0593771106941838,0.013671669793621,0.001,0.0,0.0,0.0070375234521575
2015-01-09 17:00:00,0.7151355932203389,0.0113389830508474,0.0,0.0,0.012668549905838,0.0137269303201506,0.0677156308851224,0.0,0.0,0.0070357815442561
2015-01-09 18:00:00,1.092289224952741,0.0237523629489603,0.0,0.0,0.0128998109640831,0.1195349716446124,0.3190245746691871,0.0,0.0,0.0070340264650283
2015-01-09 19:00:00,0.9558462998102468,0.0121840607210626,0.0,0.0,0.0322428842504743,0.1290398481973434,0.1682656546489563,0.0495749525616698,0.0,0.0070303605313092
2015-01-09 20:00:00,0.8841625708884688,0.0255595463137996,0.0,0.0,0.1874102079395085,0.1289754253308128,0.001,0.0589905482041587,0.0,0.0070264650283553
2015-01-09 21:00:00,0.7721629213483147,0.012318352059925,0.0,0.0,0.1789119850187266,0.1289513108614232,0.001,0.0,0.0,0.0070468164794007
2015-01-09 22:00:00,0.8333308550185874,0.0238029739776951,0.0,0.0,0.1901171003717472,0.1283624535315985,0.001,0.0893457249070632,0.0,0.0070464684014869
2015-01-09 23:00:00,0.6612779850746269,0.0176847014925373,0.0,0.0,0.1715485074626865,0.0751660447761194,0.001,0.0,0.0,0.0070429104477611
2015-01-10 00:00:00,0.3911196261682242,0.0169757009345794,0.0,0.0,0.1019551401869158,0.0135102803738317,0.001,0.0,0.0,0.0070467289719626
2015-01-10 01:00:00,0.2891951219512195,0.0196041275797373,0.0,0.0,0.0132288930581613,0.0135159474671669,0.001,0.0,0.0,0.0070544090056285
2015-01-10 02:00:00,0.2600037453183521,0.0161704119850187,0.0,0.0,0.013252808988764,0.0135149812734082,0.001,0.0,0.0,0.0070430711610486
2015-01-10 03:00:00,0.2602640449438202,0.0243464419475655,0.0,0.0,0.0132434456928838,0.0135561797752809,0.001,0.0,0.0,0.0070524344569288
2015-01-10 04:00:00,0.264374531835206,0.0129794007490636,0.0,0.0,0.0132172284644194,0.0135112359550561,0.001,0.0,0.0,0.0070430711610486
2015-01-10 05:00:00,0.2727887850467289,0.0271196261682243,0.0,0.0,0.0131607476635514,0.0135289719626168,0.001,0.0,0.0,0.0070504672897196
2015-01-10 06:00:00,0.3011154562383613,0.0128733705772811,0.0,0.0,0.0130279329608938,0.0136648044692737,0.001,0.0,0.0,0.0070502793296089
2015-01-10 07:00:00,0.3121688555347092,0.0255403377110694,0.0,0.0,0.0129849906191369,0.0135553470919324,0.001,0.0,0.0,0.0070637898686679
2015-01-10 08:00:00,0.5026104868913858,0.0129981273408239,0.0,0.0,0.0129943820224719,0.0135955056179775,0.0042041198501872,0.1329962546816479,0.047063670411985,0.0070393258426966
2015-01-10 09:00:00,0.3217527881040892,0.0199553903345724,0.0,0.0,0.0305576208178438,0.0136449814126394,0.004992565055762,0.0,0.0,0.007042750929368
2015-01-10 10:00:00,0.5734063670411984,0.0218501872659176,0.0,0.0,0.1609850187265917,0.013631086142322,0.0242415730337078,0.0,0.0576029962546816,0.0070374531835205
2015-01-10 11:00:00,0.4482278719397363,0.0141600753295668,0.0,0.0,0.1660207156308851,0.0135819209039548,0.001,0.0,0.0,0.0070508474576271
2015-01-10 12:00:00,0.5244171322160149,0.0230372439478584,0.0,0.0,0.186316573556797,0.0135865921787709,0.0358566108007448,0.0,0.0,0.007048417132216
2015-01-10 13:00:00,0.460614953271028,0.0128429906542056,0.0,0.0,0.1787570093457944,0.0135943925233644,0.001,0.0,0.0,0.007026168224299
2015-01-10 14:00:00,0.5469309701492537,0.0264421641791044,0.0,0.0,0.1759347014925373,0.0267611940298507,0.001,0.0636828358208955,0.0,0.007026119402985
2015-01-10 15:00:00,0.4659887640449438,0.0122453183520599,0.0,0.0,0.1692397003745318,0.0359119850187265,0.0153314606741573,0.0,0.0,0.0070374531835205
2015-01-10 16:00:00,0.5278832391713747,0.0188568738229755,0.0,0.0,0.1787043314500941,0.0136271186440677,0.001,0.0541694915254237,0.0,0.0070489642184557
2015-01-10 17:00:00,0.5886641366223908,0.0193396584440227,0.0,0.0,0.1789620493358633,0.0136565464895635,0.0009962049335863,0.066,0.0,0.0070189753320683
2015-01-10 18:00:00,0.989164461247637,0.0189981096408317,0.0,0.0,0.163508506616257,0.1198279773156899,0.1154291115311909,0.1182533081285444,0.0,0.0070359168241965
2015-01-10 19:00:00,0.6306716981132076,0.0196471698113207,0.0,0.0,0.1597264150943396,0.1285811320754717,0.001,0.0,0.0,0.0070320754716981
2015-01-10 20:00:00,0.6466685499058381,0.0119830508474576,0.0,0.0,0.1799378531073446,0.1284237288135593,0.001,0.0,0.0,0.0070451977401129
2015-01-10 21:00:00,0.7267758945386064,0.0257966101694915,0.0,0.0,0.1740131826741996,0.1286779661016949,0.001,0.0733860640301318,0.0,0.0070395480225988
2015-01-10 22:00:00,0.6663820224719101,0.0119101123595505,0.0,0.0,0.1524887640449438,0.1283520599250936,0.001,0.0,0.0,0.0070411985018726
2015-01-10 23:00:00,0.665001872659176,0.0217752808988764,0.0,0.0,0.147691011235955,0.1148501872659176,0.001,0.0797827715355805,0.0,0.0070524344569288
2015-01-11 00:00:00,0.4014194756554307,0.0191161048689138,0.0,0.0,0.0760411985018726,0.0135711610486891,0.001,0.0,0.0,0.0070430711610486
2015-01-11 01:00:00,0.2632504672897196,0.0203476635514018,0.0,0.0,0.013229906542056,0.0135046728971962,0.001,0.0,0.0,0.0070710280373831
2015-01-11 02:00:00,0.2532686567164179,0.0168526119402985,0.0,0.0,0.0131138059701492,0.0135578358208955,0.001,0.0,0.0,0.0070429104477611
2015-01-11 03:00:00,0.2588130841121495,0.0176897196261682,0.0,0.0,0.0131813084112149,0.0135158878504672,0.001,0.0,0.0,0.0070766355140186
2015-01-11 04:00:00,0.2572504672897196,0.0173850467289719,0.0,0.0,0.0131981308411214,0.0136018691588785,0.001,0.0,0.0,0.0070710280373831
2015-01-11 05:00:00,0.2546301886792453,0.0137415094339622,0.0,0.0,0.0132207547169811,0.0135962264150943,0.001,0.0,0.0,0.0070622641509433
2015-01-11 06:00:00,0.2960672897196261,0.0213065420560747,5.607476635514018e-06,0.0,0.0131140186915887,0.0136579439252336,0.001,0.0,0.0,0.0070560747663551
2015-01-11 07:00:00,0.2986165413533834,0.0130808270676691,0.0,0.0,0.0131278195488721,0.0136203007518797,0.001,0.0,0.0,0.0070620300751879
2015-01-11 08:00:00,0.3131626168224299,0.0226542056074766,2.9906542056074768e-05,0.0,0.0130953271028037,0.013618691588785,0.001,0.0,0.0,0.0070598130841121
2015-01-11 09:00:00,0.3891024208566108,0.012534450651769,0.0,0.0,0.0130167597765363,0.0136387337057728,0.001,0.0722476722532588,0.0,0.0070558659217877
2015-01-11 10:00:00,0.6332026266416511,0.0205046904315196,6.378986866791745e-05,0.0,0.1009943714821763,0.0136754221388367,0.001,0.2082908067542214,0.0,0.0070487804878048
2015-01-11 11:00:00,0.5345746268656717,0.0187779850746268,0.0,0.0,0.1706305970149253,0.0136623134328358,0.0182276119402985,0.0,0.0549496268656716,0.0070485074626865
2015-01-11 12:00:00,0.3717011278195488,0.0119473684210526,0.0,0.0,0.1556597744360902,0.0136804511278195,0.001,0.0,0.0,0.0070187969924812
2015-01-11 13:00:00,0.3334456928838951,0.0268333333333333,0.0,0.0038352059925093,0.067440074906367,0.0136329588014981,0.0219138576779026,0.0,0.0,0.0070243445692883
2015-01-11 14:00:00,0.2566848030018762,0.0114146341463414,0.0,0.0,0.0129324577861163,0.0136472795497185,0.001,0.0,0.0,0.0070637898686679
2015-01-11 15:00:00,0.2382932330827067,0.023484962406015,0.0,0.0,0.0129154135338345,0.013672932330827,0.001,0.0,0.0,0.0070225563909774
2015-01-11 16:00:00,0.254607619047619,0.0139142857142857,0.0,0.0,0.0127390476190476,0.0136723809523809,0.001,0.0,0.0,0.0070323809523809
2015-01-11 17:00:00,0.3778979206049149,0.0173818525519848,0.0,0.0,0.0127145557655954,0.0136351606805293,0.001,0.0883081285444234,0.0,0.0070491493383742
2015-01-11 18:00:00,0.4542777777777778,0.020867816091954,0.0,0.0,0.0129099616858237,0.124595785440613,0.001,0.0,0.0,0.0070344827586206
2015-01-11 19:00:00,0.5307557251908397,0.0163702290076335,0.0,0.0,0.012942748091603,0.1290916030534351,0.001,0.0606240458015267,0.0,0.0070458015267175
2015-01-11 20:00:00,0.6396862003780718,0.0197863894139886,0.0,0.0,0.1004045368620037,0.129054820415879,0.001,0.0,0.0,0.0761663516068053
2015-01-11 21:00:00,0.707622641509434,0.0115132075471698,0.0,0.0,0.1909754716981132,0.1284641509433962,0.001,0.0,0.0,0.0209452830188679
2015-01-11 22:00:00,0.8121570093457944,0.0260841121495327,0.0,0.0,0.1916056074766355,0.1287588785046729,0.001,0.0789588785046729,0.0,0.0211383177570093
2015-01-11 23:00:00,0.708266294227188,0.0121973929236499,0.0,0.0,0.2017281191806331,0.0261675977653631,0.001,0.0,0.0,0.0562253258845437
2015-01-12 00:00:00,0.4864269662921348,0.0216610486891385,0.0,0.0,0.1749232209737827,0.0135767790262172,0.001,0.0,0.0,0.0070449438202247
2015-01-12 01:00:00,0.4672779850746268,0.0176902985074626,0.0,0.0,0.1690373134328358,0.0135391791044776,0.001,0.0,0.0,0.0070522388059701
2015-01-12 02:00:00,0.4494494382022471,0.0124438202247191,0.0,0.0,0.168874531835206,0.0135112359550561,0.001,0.0,0.0,0.007067415730337
2015-01-12 03:00:00,0.466343984962406,0.0245112781954887,0.0,0.0,0.1688026315789473,0.0135056390977443,0.001,0.0,0.0,0.0070751879699248
2015-01-12 04:00:00,0.4545243445692884,0.0132602996254681,0.0,0.0,0.1686947565543071,0.013567415730337,0.001,0.0,0.0,0.0070449438202247
2015-01-12 05:00:00,0.4669385474860335,0.0241769087523277,0.0,0.0,0.1685884543761638,0.01356052141527,0.001,0.0,0.0,0.0070670391061452
2015-01-12 06:00:00,0.5430280373831775,0.0156803738317757,0.0,0.0,0.1684654205607476,0.0135869158878504,0.001,0.0,0.0,0.0070355140186915
2015-01-12 07:00:00,0.5306847014925373,0.0120130597014925,0.0,0.0,0.1686138059701492,0.0135988805970149,0.001,0.0,0.0,0.007035447761194
2015-01-12 08:00:00,0.7891420560747664,0.0250485981308411,0.0,0.0,0.1685775700934579,0.0136448598130841,0.001,0.0,0.0,0.0070429906542056
2015-01-12 09:00:00,0.632433644859813,0.0136598130841121,0.0,0.0,0.1702242990654205,0.0136411214953271,0.001,0.0579495327102803,0.0,0.0070523364485981
2015-01-12 10:00:00,0.6575158878504672,0.0229775700934579,0.0,0.0,0.1749121495327102,0.013629906542056,0.001,0.1429065420560747,0.0,0.0070467289719626
2015-01-12 11:00:00,1.2092481343283583,0.0177332089552238,0.6769272388059702,0.0,0.1694570895522388,0.013606343283582,0.001,0.0,0.0,0.0070503731343283
2015-01-12 12:00:00,0.8065955056179775,0.0162977528089887,0.0969625468164794,0.0,0.1754812734082397,0.0136235955056179,0.0307453183520599,0.1336067415730337,0.0,0.0070599250936329
2015-01-12 13:00:00,0.615830223880597,0.0223526119402985,0.0,0.0,0.1692425373134328,0.0136082089552238,0.0418936567164179,0.0923582089552238,0.0,0.0348600746268656
2015-01-12 14:00:00,0.4347565055762081,0.0123531598513011,0.0,0.0,0.1745353159851301,0.0136096654275092,0.001,0.0,0.0,0.0339869888475836
2015-01-12 15:00:00,0.5634756554307117,0.0292134831460674,0.0,0.0,0.1687415730337078,0.0135805243445692,0.001,0.1040842696629213,0.0,0.0080524344569288
2015-01-12 16:00:00,0.6335037593984962,0.0136973684210526,0.0,0.0,0.192125939849624,0.1220488721804511,0.001,0.0,0.0,0.0080714285714285
2015-01-12 17:00:00,0.7263742911153119,0.0212608695652173,0.0,0.0,0.1739640831758034,0.129039697542533,0.011586011342155,0.0,0.0,0.0080680529300567
2015-01-12 18:00:00,0.6850359168241966,0.0176654064272211,0.0,0.0,0.168468809073724,0.1283497164461247,0.0453100189035916,0.0,0.0,0.0080812854442344
2015-01-12 19:00:00,1.506673624288425,0.0148273244781783,0.0,0.0,0.1685199240986717,0.128785578747628,0.001,0.0826641366223909,0.0,0.008066413662239
2015-01-12 20:00:00,0.7587561904761905,0.0255161904761904,0.0,0.0,0.1687123809523809,0.1287504761904761,0.151615238095238,0.0,0.0,0.0080590476190476
2015-01-12 21:00:00,0.5836191369606004,0.0127392120075046,0.0,0.0,0.1689249530956848,0.1319380863039399,0.001,0.0,0.0,0.0080731707317073
2015-01-12 22:00:00,0.7394333958724203,0.0255891181988742,0.0,0.0,0.168827392120075,0.1315140712945591,0.021607879924953,0.069639774859287,0.0,0.0080694183864915
2015-01-12 23:00:00,0.638973880597015,0.0125391791044776,0.0,0.0,0.1689085820895522,0.1316641791044776,0.001,0.0,0.0,0.047651119402985
2015-01-13 00:00:00,0.5188295880149812,0.022752808988764,0.0,0.0,0.1706123595505617,0.0436704119850187,0.001,0.0,0.0,0.0070430711610486
2015-01-13 01:00:00,0.4222779850746269,0.017731343283582,0.0,0.0,0.1693339552238806,0.0134682835820895,0.001,0.0,0.0,0.0070541044776119
2015-01-13 02:00:00,0.4054138576779026,0.0153970037453183,0.0,0.0,0.1691423220973782,0.0134625468164794,0.001,0.0,0.0,0.007065543071161
2015-01-13 03:00:00,0.4114328358208955,0.0233152985074626,0.0,0.0,0.1694664179104477,0.0134048507462686,0.001,0.0,0.0,0.0070522388059701
2015-01-13 04:00:00,0.4056741573033708,0.012503745318352,0.0,0.0,0.169131086142322,0.0134737827715355,0.001,0.0,0.0,0.007065543071161
2015-01-13 05:00:00,0.4194438202247191,0.0230561797752808,0.0,0.0,0.1690880149812734,0.0134700374531835,0.001,0.0,0.0,0.0070599250936329
2015-01-13 06:00:00,0.4803258845437616,0.0153314711359404,0.0,0.0,0.1687392923649907,0.013536312849162,0.001,0.0,0.0,0.0070409683426443
2015-01-13 07:00:00,0.4754748603351955,0.0136350093109869,0.0,0.0,0.1686145251396648,0.0135214152700186,0.001,0.0,0.0,0.0070446927374301
2015-01-13 08:00:00,0.5802905660377359,0.0241867924528301,0.0,0.0,0.1686792452830188,0.0135452830188679,0.001,0.0720924528301886,0.0,0.0223339622641509
2015-01-13 09:00:00,0.4035310734463277,0.0121600753295668,0.0,0.0,0.1688681732580037,0.0134990583804143,0.001,0.0,0.0,0.0070301318267419
2015-01-13 10:00:00,0.479226843100189,0.0252514177693761,0.0,0.0,0.1738431001890359,0.0135311909262759,0.001,0.0,0.0,0.0070283553875236
2015-01-13 11:00:00,0.5252681992337165,0.0129731800766283,0.0,0.0,0.1846053639846743,0.0135555555555555,0.0042490421455938,0.0457662835249042,0.0501762452107279,0.0070095785440613
2015-01-13 12:00:00,0.4411918063314711,0.0169366852886405,0.0,0.0,0.2106964618249534,0.0135325884543761,0.001,0.0,0.0,0.0070316573556797
2015-01-13 13:00:00,1.061563327032136,0.0200415879017013,0.0,0.5679508506616258,0.2044366729678638,0.013508506616257,0.001,0.0,0.0,0.0070510396975425
2015-01-13 14:00:00,1.5545549348230914,0.0152048417132216,0.0,0.7948156424581005,0.1781396648044692,0.0945065176908752,0.001,0.1130297951582867,0.0,0.0070428305400372
2015-01-13 15:00:00,0.7685671641791044,0.0248805970149253,0.0,0.1337201492537313,0.1984421641791044,0.1289253731343283,0.001,0.0,0.0,0.0070298507462686
2015-01-13 16:00:00,0.9097698113207546,0.0123528301886792,0.0,0.0,0.1856169811320754,0.0820452830188679,0.0070283018867924,0.0807679245283019,0.0,0.0221169811320754
2015-01-13 17:00:00,0.8992242990654206,0.0217869158878504,0.0,0.0,0.1716467289719626,0.0135121495327102,0.0271887850467289,0.0,0.0,0.0713046728971962
2015-01-13 18:00:00,0.914188679245283,0.0148962264150943,0.0,0.0,0.158188679245283,0.0823905660377358,0.0785339622641509,0.0,0.0019320754716981,0.0251
2015-01-13 19:00:00,0.9422359081419625,0.0169832985386221,0.0,0.0,0.150250521920668,0.1291795407098121,0.0621732776617954,0.1763402922755741,0.0,0.0080375782881002
2015-01-13 20:00:00,0.6653199052132701,0.0213909952606635,0.0,0.0,0.1445284360189573,0.1288578199052132,0.001,0.0,0.0,0.0080473933649289
2015-01-13 21:00:00,0.7170288888888889,0.0124422222222222,0.0,0.0,0.1449244444444444,0.1291133333333333,0.001,0.0516711111111111,0.0,0.0154377777777777
2015-01-13 22:00:00,0.7752543478260869,0.0238239130434782,0.0,0.0,0.1537543478260869,0.1277304347826087,0.001,0.0754478260869565,0.0,0.0083891304347826
2015-01-13 23:00:00,0.66682421875,0.01555078125,0.0,0.0,0.170611328125,0.025275390625,0.001,0.0,0.0,0.054953125
2015-01-14 00:00:00,0.5566898496240601,0.021563909774436,0.0,0.0,0.1725526315789473,0.0134454887218045,0.001,0.0,0.0,0.0070413533834586
2015-01-14 01:00:00,0.3064634146341463,0.0201838649155722,0.0,0.0,0.0135234521575984,0.013437148217636,0.001,0.0,0.0,0.0070412757973733
2015-01-14 02:00:00,0.2638015122873346,0.0133875236294896,0.0,0.0,0.0132533081285444,0.0134593572778827,0.001,0.0,0.0,0.0070680529300567
2015-01-14 03:00:00,0.2732621722846441,0.0246123595505617,0.0,0.0,0.0132865168539325,0.0134569288389513,0.001,0.0,0.0,0.007065543071161
2015-01-14 04:00:00,0.2686064030131826,0.013472693032015,0.0,0.0,0.0132806026365348,0.0135574387947269,0.001,0.0,0.0,0.0070357815442561
2015-01-14 05:00:00,0.2689738805970149,0.023160447761194,0.0,0.0,0.0131567164179104,0.0135541044776119,0.001,0.0,0.0,0.0070503731343283
2015-01-14 06:00:00,0.284,0.0140526315789473,0.0,0.0,0.0130357142857142,0.0135507518796992,0.001,0.0,0.0,0.0070357142857142
2015-01-14 07:00:00,0.3230207939508506,0.0117769376181474,0.0,0.0002419659735349,0.0128714555765595,0.0136219281663516,0.001,0.0,0.0,0.0070491493383742
2015-01-14 08:00:00,0.3466748120300752,0.0243684210526315,0.0,0.0,0.0129417293233082,0.0136033834586466,0.001,0.0,0.0,0.0070375939849624
2015-01-14 09:00:00,0.3844785046728972,0.0125439252336448,0.0,0.0,0.0130785046728971,0.0135906542056074,0.001,0.0441626168224299,0.0,0.0070355140186915
2015-01-14 10:00:00,0.5036105860113421,0.014102079395085,0.0,0.0,0.0131455576559546,0.0135822306238185,0.001,0.1337164461247637,0.0,0.0276238185255198
2015-01-14 11:00:00,0.5853518164435947,0.0241931166347992,0.0,0.0,0.0827131931166348,0.0136003824091778,0.0189426386233269,0.0605793499043977,0.0602982791586998,0.0600707456978967
2015-01-14 12:00:00,0.4499322033898305,0.0118775894538606,0.0,0.0,0.1811807909604519,0.0136308851224105,0.001,0.0,0.0,0.0080451977401129
2015-01-14 13:00:00,0.5200057361376673,0.0149942638623326,0.0,0.0,0.1792007648183556,0.0136156787762906,0.0306921606118546,0.0,0.0,0.0080669216061185
2015-01-14 14:00:00,0.5364559099437148,0.0202195121951219,0.0,0.0,0.1772682926829268,0.0345009380863039,0.0058986866791744,0.059748592870544,0.0,0.0080656660412757
2015-01-14 15:00:00,0.4839135338345864,0.013937969924812,0.0,0.0,0.1515751879699248,0.0405056390977443,0.001,0.0,0.0,0.0080733082706766
2015-01-14 16:00:00,0.500065543071161,0.018131086142322,0.0,0.0,0.1783857677902622,0.0135861423220973,0.001,0.0,0.0,0.0080580524344569
2015-01-14 17:00:00,0.6082082551594746,0.019906191369606,0.0009305816135084,0.0,0.0543264540337711,0.1051913696060037,0.001,0.0692739212007504,0.0,0.0080863039399624
2015-01-14 18:00:00,0.7010790960451977,0.0135536723163841,0.0,0.0,0.0299623352165725,0.1290696798493408,0.001,0.1051374764595103,0.0,0.0080527306967984
2015-01-14 19:00:00,0.6371214421252372,0.0178159392789373,0.0,0.0,0.030100569259962,0.1285768500948766,0.0148785578747628,0.0,0.0,0.026831119544592
2015-01-14 20:00:00,0.5305500945179584,0.0186011342155009,0.0,0.0,0.0302835538752362,0.128461247637051,0.0480018903591682,0.058586011342155,0.0,0.0080491493383742
2015-01-14 21:00:00,0.4768286252354049,0.0124708097928436,0.0,0.0,0.0305122410546139,0.1288060263653484,0.001,0.0,0.0,0.0080602636534839
2015-01-14 22:00:00,0.5438977695167286,0.022039033457249,0.0,0.0,0.0307100371747211,0.1284851301115241,0.001,0.069267657992565,0.0,0.0080557620817843
2015-01-14 23:00:00,0.5033289719626168,0.0155794392523364,2.9906542056074768e-05,0.0,0.0309420560747663,0.1285383177570093,0.001,0.0,0.0,0.0080990654205607
2015-01-15 00:00:00,0.3907846441947565,0.0123895131086142,0.0,0.0,0.0208089887640449,0.0419438202247191,0.001,0.0,0.0,0.0081123595505617
2015-01-15 01:00:00,0.2807575757575757,0.0263087121212121,0.0,0.0,0.013215909090909,0.0143257575757575,0.001,0.0,0.0,0.0080833333333333
2015-01-15 02:00:00,0.2630244360902255,0.0149135338345864,0.0,0.0,0.0132706766917293,0.0134285714285714,0.001,0.0,0.0,0.0080902255639097
2015-01-15 03:00:00,0.2627091932457786,0.0146960600375234,0.0,0.0,0.0132870544090056,0.0134221388367729,0.001,0.0,0.0,0.0080956848030018
2015-01-15 04:00:00,0.2778598130841122,0.0244448598130841,0.0,0.0,0.0132859813084112,0.0135065420560747,0.001,0.0,0.0,0.0081046728971962
2015-01-15 05:00:00,0.2793402255639097,0.0139135338345864,0.0,0.0,0.0131578947368421,0.0134774436090225,0.001,0.0,0.0,0.0081184210526315
2015-01-15 06:00:00,0.2842466539196941,0.0209502868068833,0.0,0.0,0.0129789674952198,0.0135544933078393,0.001,0.0,0.0,0.008076481835564
2015-01-15 07:00:00,0.3206324626865672,0.0159496268656716,0.0,0.0,0.0129514925373134,0.0135876865671641,0.001,0.0,0.0,0.0080485074626865
2015-01-15 08:00:00,0.3193432835820896,0.0151473880597014,0.0,0.0,0.0129272388059701,0.0135652985074626,0.001,0.0,0.0,0.0080503731343283
2015-01-15 09:00:00,0.3993575418994413,0.0224674115456238,0.0,0.0,0.0131620111731843,0.0135288640595903,0.001,0.0546108007448789,0.0,0.0080986964618249
2015-01-15 10:00:00,0.3934747663551401,0.0137981308411214,0.0,0.0,0.0131177570093457,0.0135271028037383,0.0269214953271028,0.0496523364485981,0.0,0.0080990654205607
2015-01-15 11:00:00,0.5441148775894539,0.0172693032015065,0.0,0.0,0.1690696798493408,0.0135141242937853,0.0372448210922787,0.0,0.0467909604519774,0.0080885122410546
2015-01-15 12:00:00,0.4690770676691729,0.0221240601503759,0.0,0.0,0.181296992481203,0.0135018796992481,0.001,0.0,0.0,0.0080563909774436
2015-01-15 13:00:00,0.4702026515151515,0.0127329545454545,0.0,0.0,0.1818200757575757,0.0134867424242424,0.001,0.0,0.0,0.0080757575757575
2015-01-15 14:00:00,0.6438461538461538,0.0203939962476547,0.0,0.0,0.185733583489681,0.018499061913696,0.0176116322701688,0.1100506566604127,0.0,0.0080694183864915
2015-01-15 15:00:00,0.6518380414312618,0.0174557438794726,0.0009642184557438,0.0,0.1856817325800376,0.0875499058380414,0.001,0.0,0.0,0.0393258003766478
2015-01-15 16:00:00,0.6417243346007605,0.0153403041825095,0.0,0.0,0.1884277566539924,0.0135608365019011,0.001,0.0,0.0,0.0961273764258555
2015-01-15 17:00:00,0.9568550185873608,0.0225371747211895,0.0,0.0,0.3145371747211896,0.1044776951672862,0.001,0.0876189591078066,0.0,0.0629182156133829
2015-01-15 18:00:00,1.0748657844990548,0.013468809073724,0.0,0.0,0.2727391304347826,0.1282665406427221,0.0590642722117202,0.145805293005671,0.0,0.0577334593572778
2015-01-15 19:00:00,0.9602843691148776,0.0222391713747645,0.0,0.0,0.3111374764595103,0.1276553672316384,0.018337099811676,0.0,0.0,0.0667627118644067
2015-01-15 20:00:00,0.905265037593985,0.0136748120300751,0.0,0.0,0.293656015037594,0.128578947368421,0.0230488721804511,0.0590018796992481,0.0,0.0594454887218045
2015-01-15 21:00:00,0.9033996247654784,0.0138724202626641,0.0,0.0,0.2840731707317073,0.1286060037523452,0.001,0.0962063789868667,0.0,0.0596923076923076
2015-01-15 22:00:00,0.9406921641791044,0.0271735074626865,0.0,0.0,0.3134925373134328,0.1279085820895522,0.0098115671641791,0.0792350746268656,0.0,0.0395541044776119
2015-01-15 23:00:00,0.7452851782363977,0.0119099437148217,0.0,0.0,0.3146491557223264,0.1265647279549718,0.001,0.0,0.0,0.0070450281425891
2015-01-16 00:00:00,0.7138938547486033,0.0203277467411545,0.0,0.0,0.2904972067039106,0.0411620111731843,0.001,0.0,0.0,0.0070372439478584
2015-01-16 01:00:00,0.4457873134328358,0.0165279850746268,0.0,0.0,0.1509514925373134,0.0135391791044776,0.001,0.0,0.0,0.0070541044776119
2015-01-16 02:00:00,0.4668520599250936,0.0123595505617977,4.49438202247191e-05,0.0,0.1449644194756554,0.0135093632958801,0.001,0.0,0.0,0.0070449438202247
2015-01-16 03:00:00,0.427229906542056,0.0226411214953271,0.0,0.0,0.1450373831775701,0.0135121495327102,0.001,0.0,0.0,0.0070560747663551
2015-01-16 04:00:00,0.4005981132075472,0.0135075471698113,0.0,0.0,0.1378264150943396,0.0135301886792452,0.001,0.0,0.0,0.0070622641509433
2015-01-16 05:00:00,0.4344670433145009,0.0135122410546139,0.0,0.0,0.1377062146892655,0.0135536723163841,0.001,0.0,0.0,0.0070772128060263
2015-01-16 06:00:00,0.4587238095238095,0.0221028571428571,0.0,0.0,0.137567619047619,0.0135904761904761,0.001,0.0,0.0,0.0070285714285714
2015-01-16 07:00:00,0.4779180633147113,0.0171340782122905,0.0,0.0,0.1375940409683426,0.0136592178770949,0.001,0.0,0.0,0.0070521415270018
2015-01-16 08:00:00,0.6411838649155722,0.0118348968105065,0.0,0.0,0.1375497185741088,0.013639774859287,0.001,0.0,0.0,0.0070675422138836
2015-01-16 09:00:00,0.6623196261682243,0.023814953271028,0.0,0.0,0.1170971962616822,0.0136467289719626,0.001,0.0865981308411214,0.0,0.0070448598130841
2015-01-16 10:00:00,1.2767134831460674,0.015250936329588,0.665561797752809,0.0,0.0360955056179775,0.013625468164794,0.0348033707865168,0.0544794007490636,0.0,0.0254044943820224
2015-01-16 11:00:00,0.686314606741573,0.0122340823970037,0.0527359550561797,0.0,0.094191011235955,0.0136329588014981,0.0042659176029962,0.078818352059925,0.0683239700374531,0.0698932584269663
2015-01-16 12:00:00,0.8086423220973783,0.0239906367041198,0.0,0.0,0.1707228464419475,0.0136367041198501,0.0537359550561797,0.1346722846441947,0.0,0.0774681647940074
2015-01-16 13:00:00,0.8237236842105263,0.0141146616541353,0.0,0.0,0.1784680451127819,0.0567687969924812,0.0614360902255639,0.1031127819548872,0.0,0.0701390977443608
2015-01-16 14:00:00,0.5226822429906542,0.017029906542056,0.0,0.0,0.1651551401869159,0.0519850467289719,0.001,0.0,0.0,0.0273962616822429
2015-01-16 15:00:00,0.4907367424242424,0.0240833333333333,0.0,0.0,0.1463768939393939,0.0136212121212121,0.001,0.0,0.0,0.007028409090909
2015-01-16 16:00:00,0.4589669811320755,0.0,0.0,0.0,0.1435896226415094,0.0138632075471698,0.001,0.0,0.0,0.0070259433962264
2015-01-16 17:00:00,0.476454231433506,0.0027875647668393,0.0,0.0,0.1462987910189983,0.0139533678756476,0.001,0.0,0.0,0.0070051813471502
2015-01-16 18:00:00,0.7772359550561798,0.0233726591760299,0.0,0.0,0.1101797752808988,0.0453445692883895,0.109692883895131,0.0726142322097378,0.0,0.0070430711610486
2015-01-16 19:00:00,0.4597523452157598,0.0114596622889305,0.0,0.0,0.016842401500938,0.1291257035647279,0.0271594746716697,0.0,0.0,0.0070356472795497
2015-01-16 20:00:00,0.5358499061913696,0.015108818011257,0.0,0.0,0.0169793621013133,0.128748592870544,0.0273527204502814,0.0578686679174484,0.0,0.0070243902439024
2015-01-16 21:00:00,0.7209925093632958,0.0237322097378277,0.0,0.0,0.0172134831460674,0.1312209737827715,0.1362078651685393,0.0836722846441947,0.0,0.0070505617977528
2015-01-16 22:00:00,0.5590229007633587,0.0116297709923664,0.0,0.0,0.0171755725190839,0.1312576335877862,0.001,0.0945095419847328,0.0,0.0070572519083969
2015-01-16 23:00:00,0.5063320895522389,0.0180279850746268,0.0,0.0,0.0172798507462686,0.1306380597014925,0.001,0.0,0.0,0.0070690298507462
2015-01-17 00:00:00,0.3832681564245809,0.019290502793296,0.0,0.0,0.0173314711359404,0.048778398510242,0.001,0.0,0.0,0.007046554934823
2015-01-17 01:00:00,0.2592509433962264,0.0113905660377358,0.0,0.0,0.0174283018867924,0.0146,0.001,0.0,0.0,0.0070566037735849
2015-01-17 02:00:00,0.2606591337099812,0.0214557438794726,0.0,0.0,0.0175423728813559,0.0135254237288135,0.001,0.0,0.0,0.0070922787193973
2015-01-17 03:00:00,0.2552438095238095,0.0135238095238095,0.0,0.0,0.0174819047619047,0.0135466666666666,0.001,0.0,0.0,0.0071047619047619
2015-01-17 04:00:00,0.2553977485928705,0.01165478424015,0.0,0.0,0.0190131332082551,0.0135497185741088,0.001,0.0,0.0,0.0070863039399624
2015-01-17 05:00:00,0.2663939962476548,0.0223489681050656,0.0,0.0,0.0175065666041275,0.0136585365853658,0.001,0.0,0.0,0.0070825515947467
2015-01-17 06:00:00,0.2586940298507463,0.010695895522388,0.0,0.0,0.0172369402985074,0.0136585820895522,0.001,0.0,0.0,0.0070820895522388
2015-01-17 07:00:00,0.3195936329588015,0.0194325842696629,0.0,0.0,0.0171835205992509,0.0136853932584269,0.001,0.0,0.0,0.0070617977528089
2015-01-17 08:00:00,0.2996766917293233,0.0155714285714285,0.0,0.0,0.0171466165413533,0.0136466165413533,0.001,0.0,0.0,0.0070563909774436
2015-01-17 09:00:00,0.3088899253731343,0.0131305970149253,0.0,0.0,0.0172444029850746,0.0136735074626865,0.001,0.0,0.0,0.007070895522388
2015-01-17 10:00:00,0.4464710280373832,0.0158897196261682,1.869158878504673e-06,0.0,0.0173121495327102,0.0136542056074766,0.001,0.1222990654205607,0.0,0.0070616822429906
2015-01-17 11:00:00,0.5638654205607477,0.0196616822429906,1.8691588785046727e-05,0.0,0.0171700934579439,0.0137028037383177,0.004003738317757,0.0481439252336448,0.06663738317757,0.0070635514018691
2015-01-17 12:00:00,2.0249944029850746,0.0118731343283582,0.9074402985074628,0.0,0.0171660447761194,0.0223171641791044,0.0243227611940298,0.0,0.0,0.0070503731343283
2015-01-17 13:00:00,1.6950243445692883,0.0192752808988764,0.1040074906367041,0.0,0.0172958801498127,0.1296722846441947,0.001,0.1172977528089887,0.0,0.0070505617977528
2015-01-17 14:00:00,0.6344615384615384,0.0215046904315197,0.0681651031894934,0.0,0.1114727954971857,0.1156529080675422,0.001,0.0103452157598499,0.0,0.0085440900562851
2015-01-17 15:00:00,0.742954887218045,0.014266917293233,0.0009906015037593,0.0,0.3094473684210526,0.0183515037593984,0.001,0.0944511278195488,0.0,0.0423233082706766
2015-01-17 16:00:00,0.662542372881356,0.02384934086629,0.0001224105461393,0.0,0.3053050847457627,0.0136101694915254,0.001,0.0247683615819209,0.0,0.0435273069679849
2015-01-17 17:00:00,0.7655122410546139,0.0145254237288135,0.0,0.0,0.3086045197740113,0.087638418079096,0.001,0.0,0.0,0.0119642184557438
2015-01-17 18:00:00,0.8876585365853659,0.0122589118198874,0.0,0.0,0.3039606003752345,0.1285816135084428,0.001,0.0,0.0,0.0088649155722326
2015-01-17 19:00:00,0.3830581613508442,0.0250637898686679,0.0,0.0,0.0173395872420262,0.039733583489681,0.001,0.0,0.0,0.0080900562851782
2015-01-17 20:00:00,0.2772146892655367,0.0122598870056497,0.0,0.0,0.0171167608286252,0.0135951035781544,0.001,0.0,0.0,0.0080790960451977
2015-01-17 21:00:00,0.3002757973733583,0.0203058161350844,0.0,0.0,0.0172363977485928,0.0135684803001876,0.001,0.0,0.0,0.0081257035647279
2015-01-17 22:00:00,0.3450718336483931,0.0185349716446124,0.0,0.0,0.0172306238185255,0.0135444234404536,0.001,0.0,0.0,0.0080907372400756
2015-01-17 23:00:00,0.4792616822429906,0.0122990654205607,0.0,0.0,0.0172280373831775,0.0868,0.001,0.0499869158878504,0.0,0.0081028037383177
2015-01-18 00:00:00,0.424859287054409,0.0172457786116322,0.0,0.0,0.0172382739212007,0.1279981238273921,0.001,0.0,0.0,0.0081369606003752
2015-03-02 00:00:00,0.5256392523364486,0.0162392523364485,0.0,0.0,0.1369046728971962,0.0115869158878504,0.001,0.0,0.0,0.007
2015-03-02 01:00:00,0.3037150837988827,0.0258417132216014,0.0,0.0,0.0179348230912476,0.0121601489757914,0.001,0.0,0.0,0.007
2015-03-02 02:00:00,0.2901340782122905,0.0149106145251396,0.0,0.0,0.0180446927374301,0.0115027932960893,0.001,0.0,0.0,0.0069962756052141
2015-03-02 03:00:00,0.2948308550185874,0.0157007434944237,0.0,0.0,0.0181338289962825,0.0114888475836431,0.001,0.0,0.0,0.0070111524163568
2015-03-02 04:00:00,0.3038901303538174,0.0176797020484171,0.0,0.0,0.0181173184357541,0.0115400372439478,0.001,0.0,0.0,0.0070130353817504
2015-03-02 05:00:00,0.3147728119180633,0.023754189944134,0.0,0.0,0.0180614525139664,0.0124655493482309,0.001,0.0,0.0,0.0070018621973929
2015-03-02 06:00:00,0.3196336448598131,0.0151327102803738,0.0,0.0,0.01803738317757,0.0115887850467289,0.001,0.0,0.0,0.0070018691588785
2015-03-02 07:00:00,0.3334116541353383,0.0133345864661654,0.0,0.0,0.017890977443609,0.0116240601503759,0.001,0.0,0.0,0.007
2015-03-02 08:00:00,0.460834879406308,0.0197755102040816,0.0,0.0,0.0179239332096474,0.0115306122448979,0.001,0.0729573283858998,0.0,0.0070111317254174
2015-03-02 09:00:00,0.4223784786641929,0.0229165120593692,0.0,0.0,0.0180797773654916,0.0122671614100185,0.001,0.0684192949907235,0.0,0.0070018552875695
2015-03-02 10:00:00,0.5308003731343283,0.0130727611940298,0.0,0.0,0.0179962686567164,0.0123488805970149,0.0011305970149253,0.0485876865671641,0.080375,0.0367966417910447
2015-03-02 11:00:00,0.2863990719257541,0.0,0.0,0.0,0.0180232018561484,0.0111647331786542,0.001,0.0,0.0,0.0080185614849187
2015-03-02 12:00:00,0.287,0.0,0.0,0.0,0.018,0.011,0.001,0.0,0.0,0.008
2015-03-02 13:00:00,0.287,0.0,0.0,0.0,0.018,0.011,0.001,0.0,0.0,0.008
2015-03-02 14:00:00,0.287,0.0,0.0,0.0,0.018,0.011,0.001,0.0,0.0,0.008
2015-03-02 15:00:00,0.287,0.0,0.0,0.0,0.018,0.011,0.001,0.0,0.0,0.008
2015-03-02 16:00:00,0.287,0.0,0.0,0.0,0.018,0.011,0.001,0.0,0.0,0.008
2015-03-02 17:00:00,0.287,0.0,0.0,0.0,0.018,0.011,0.001,0.0,0.0,0.008
2015-03-02 18:00:00,0.287,0.0,0.0,0.0,0.018,0.011,0.001,0.0,0.0,0.008
2015-03-02 19:00:00,0.287,0.0,0.0,0.0,0.018,0.011,0.001,0.0,0.0,0.008
2015-03-02 20:00:00,0.287,0.0,0.0,0.0,0.018,0.011,0.001,0.0,0.0,0.008
2015-03-02 21:00:00,0.287,0.0,0.0,0.0,0.018,0.011,0.001,0.0,0.0,0.008
2015-03-02 22:00:00,0.3105299145299146,0.0018307692307692,0.0,0.0,0.0180153846153846,0.0249264957264957,0.001,0.0,0.0,0.0080119658119658
2015-03-02 23:00:00,0.5418669131238447,0.0135046210720887,0.0,0.0,0.0181164510166358,0.1262125693160813,0.0182828096118299,0.0489759704251386,0.0,0.0080720887245841
2015-03-03 00:00:00,0.5944870848708487,0.0139723247232472,0.0,0.0,0.0181678966789667,0.1135498154981549,0.001,0.0890793357933579,0.0,0.0081143911439114
2015-03-03 01:00:00,0.2769613970588235,0.0146544117647058,0.0,0.0,0.0182444852941176,0.0120882352941176,0.001,0.0,0.0,0.0080698529411764
2015-03-03 02:00:00,0.2797318007662835,0.0277260536398467,0.0,0.0,0.0183122605363984,0.0115421455938697,0.001,0.0,0.0,0.0080651340996168
2015-03-03 03:00:00,0.2874806629834254,0.0124917127071823,0.0,0.0,0.0182578268876611,0.0115322283609576,0.001,0.0,0.0,0.0080994475138121
2015-03-03 04:00:00,0.2749688073394495,0.0146073394495412,0.0,0.0,0.0182477064220183,0.0115211009174311,0.001,0.0,0.0,0.0081009174311926
2015-03-03 05:00:00,0.2743462962962963,0.0208962962962962,0.0,0.0,0.0181462962962962,0.0125296296296296,0.001,0.0,0.0,0.0081074074074074
2015-03-03 06:00:00,0.3113925925925926,0.0232222222222222,0.0,0.0,0.0180314814814814,0.0115962962962962,0.001,0.0,0.0,0.0080833333333333
2015-03-03 07:00:00,0.3134280442804428,0.0162158671586715,0.0,0.0,0.0180350553505535,0.0115461254612546,0.001,0.0,0.0,0.0080885608856088
2015-03-03 08:00:00,0.3118444444444444,0.0138851851851851,0.0,0.0,0.0181888888888888,0.011537037037037,0.001,0.0,0.0,0.0081018518518518
2015-03-03 09:00:00,0.389119926199262,0.0139797047970479,0.0,0.0,0.0181863468634686,0.0120738007380073,0.001,0.0733025830258302,0.0,0.0081162361623616
2015-03-03 10:00:00,0.3144898336414048,0.0204842883548983,0.0,0.0,0.0181792975970425,0.012354898336414,0.001,0.0,0.0,0.0080887245841035
2015-03-03 11:00:00,0.8117116451016636,0.0182107208872458,0.0,0.5044750462107209,0.0181682070240295,0.0115508317929759,0.001,0.0,0.0,0.0080739371534195
2015-03-03 12:00:00,1.121140186915888,0.0131420560747663,0.0,0.8217719626168224,0.0182317757009345,0.0115196261682242,0.001,0.0,0.0,0.0081084112149532
2015-03-03 13:00:00,0.4455785440613027,0.0149942528735632,0.0,0.1964597701149425,0.0181283524904214,0.011875478927203,0.001,0.0,0.0,0.0080842911877394
2015-03-03 14:00:00,0.3432138728323699,0.0169055876685934,0.0,0.0,0.0180231213872832,0.0120693641618497,0.0041946050096339,0.0676936416184971,0.0,0.0080635838150289
2015-03-03 15:00:00,0.2869850187265917,0.0235561797752809,0.0,0.0,0.0180805243445692,0.0115617977528089,0.001,0.0,0.0,0.0080936329588014
2015-03-03 16:00:00,0.4854547008547008,0.0118837606837606,0.0,0.0,0.0583179487179487,0.0115606837606837,0.001,0.1298239316239316,0.0,0.0193094017094017
2015-03-03 17:00:00,0.6262421441774492,0.0139537892791127,0.0,0.0,0.1922902033271719,0.0557985212569316,0.001,0.0,0.0,0.0718687615526802
2015-03-03 18:00:00,0.8359589552238806,0.0211847014925373,0.0,0.0,0.1894253731343283,0.1280541044776119,0.0672369402985074,0.0,0.0,0.0255932835820895
2015-03-03 19:00:00,0.8746698113207546,0.0185641509433962,0.0,0.0,0.1846132075471698,0.1263,0.1695622641509434,0.0,0.0268094339622641,0.008043396226415
2015-03-03 20:00:00,0.6583859649122806,0.0144424951267056,0.0,0.0,0.1751228070175438,0.126345029239766,0.0010506822612085,0.0,0.0,0.0080428849902534
2015-03-03 21:00:00,0.5921816479400749,0.0126647940074906,0.0,0.0,0.173565543071161,0.1261142322097378,0.001,0.0,0.0,0.008067415730337
2015-03-03 22:00:00,0.6403638059701492,0.0166417910447761,0.0,0.0,0.1809720149253731,0.1267126865671642,0.001,0.0,0.0,0.0080876865671641
2015-03-03 23:00:00,0.6205401869158879,0.0241981308411214,0.0,0.0,0.1593981308411214,0.1189084112149532,0.001,0.0,0.0,0.0119158878504672
2015-03-04 00:00:00,0.5224325842696629,0.0132940074906367,0.0,0.0,0.1924644194756554,0.0115430711610486,0.001,0.0,0.0,0.0080730337078651
2015-03-04 01:00:00,0.310641404805915,0.0127467652495378,0.0,0.0,0.0509316081330868,0.0122125693160813,0.001,0.0,0.0,0.0080702402957486
2015-03-04 02:00:00,0.3315520446096654,0.0127472118959107,0.0,0.0,0.018224907063197,0.0115130111524163,0.001,0.0,0.0,0.0080836431226765
2015-03-04 03:00:00,0.2734240740740741,0.0231277777777777,0.0,0.0,0.018237037037037,0.0115222222222222,0.001,0.0,0.0,0.0081148148148148
2015-03-04 04:00:00,0.2729721189591078,0.0149423791821561,0.0,0.0,0.0181598513011152,0.0115353159851301,0.001,0.0,0.0,0.0080966542750929
2015-03-04 05:00:00,0.2659257884972171,0.0119035250463821,0.0,0.0,0.0180797773654916,0.0125435992578849,0.001,0.0,0.0,0.0081001855287569
2015-03-04 06:00:00,0.2912910447761194,0.0134776119402985,0.0,0.0,0.0179067164179104,0.0115167910447761,0.001,0.0,0.0,0.0081026119402985
2015-03-04 07:00:00,0.3274338919925512,0.0224115456238361,0.0,0.0,0.0179944134078212,0.0115772811918063,0.001,0.0,0.0,0.0080875232774674
2015-03-04 08:00:00,0.433075785582255,0.0156432532347504,0.0,0.0,0.0181441774491682,0.011532347504621,0.001,0.0941238447319778,0.0,0.0080813308687615
2015-03-04 09:00:00,0.3120613382899628,0.0139052044609665,0.0,0.0,0.0179572490706319,0.012267657992565,0.001,0.0,0.0,0.0080799256505576
2015-03-04 10:00:00,0.3209739776951673,0.0160353159851301,0.0,0.0,0.0182156133828996,0.0115557620817843,0.001,0.0,0.0,0.0081189591078066
2015-03-04 11:00:00,0.3857985074626865,0.0243768656716417,0.0,0.0,0.0182891791044776,0.0115223880597014,0.001,0.0554626865671641,0.0618470149253731,0.0080652985074626
2015-03-04 12:00:00,0.411834879406308,0.0126864564007421,0.0,0.0,0.0183005565862708,0.0114749536178107,0.001,0.0,0.0,0.0080927643784786
2015-03-04 13:00:00,0.3444176029962547,0.0120898876404494,0.0,0.0,0.0180992509363295,0.0118014981273408,0.001,0.0,0.0,0.0080898876404494
2015-03-04 14:00:00,0.4520996240601504,0.0137556390977443,0.0,0.0,0.0181052631578947,0.061078947368421,0.1078515037593985,0.0,0.0,0.0080921052631578
2015-03-04 15:00:00,0.3925104364326375,0.0245977229601518,0.0,0.0,0.0181195445920303,0.0115597722960151,0.0009981024667931,0.1014117647058823,0.0,0.0379335863377609
2015-03-04 16:00:00,0.3789851576994434,0.01230426716141,0.0002374768089053,0.0,0.1073951762523191,0.0115398886827458,0.001,0.0,0.0,0.0080575139146567
2015-03-04 17:00:00,0.7441809701492538,0.0124141791044776,0.0,0.0,0.1930429104477611,0.0270391791044776,0.0181287313432835,0.0901473880597015,0.0,0.0081399253731343
2015-03-04 18:00:00,0.893998127340824,0.0171460674157303,0.0,0.0,0.0773426966292134,0.1281666666666666,0.123063670411985,0.0,0.0,0.0080711610486891
2015-03-04 19:00:00,0.5423740601503759,0.0217687969924812,0.0,0.0,0.017687969924812,0.1263421052631579,0.001,0.0,0.0,0.0127330827067669
2015-03-04 20:00:00,0.5815196998123828,0.0123771106941838,0.0,0.0,0.0177598499061913,0.1253001876172607,0.001,0.0573939962476547,0.0,0.0080975609756097
2015-03-04 21:00:00,0.5952672897196262,0.0123214953271028,0.0005981308411214,0.0,0.0178990654205607,0.1251121495327102,0.001,0.0,0.0,0.0080897196261682
2015-03-04 22:00:00,0.5968264925373135,0.0171735074626865,0.0,0.0,0.0178768656716417,0.1152705223880597,0.001,0.0,0.0,0.0185522388059701
2015-03-04 23:00:00,0.6350481481481481,0.021824074074074,0.0,0.0,0.0181018518518518,0.1063703703703703,0.001,0.0,0.0,0.0070462962962962
2015-03-05 00:00:00,0.5236908752327747,0.0137188081936685,0.0,0.0,0.0180260707635009,0.1258137802607076,0.001,0.0,0.0,0.0070763500931098
2015-03-05 01:00:00,0.506714552238806,0.012330223880597,0.0,0.0,0.0181865671641791,0.1273544776119403,0.001,0.0,0.0,0.0170876865671641
2015-03-05 02:00:00,0.4559833024118738,0.0197050092764378,0.0,0.0,0.0181038961038961,0.0817643784786642,0.001,0.0,0.0,0.0071057513914656
2015-03-05 03:00:00,0.3752564575645756,0.024020295202952,0.0,0.0,0.0181476014760147,0.0115516605166051,0.001,0.0,0.0,0.0106955719557195
2015-03-05 04:00:00,0.3672199630314233,0.0120462107208872,0.0,0.0,0.0180720887245841,0.0115914972273567,0.001,0.0,0.0,0.0154362292051756
2015-03-05 05:00:00,0.3581127541589649,0.0137338262476894,0.0,0.0,0.0180739371534195,0.0125268022181146,0.001,0.0,0.0,0.0070554528650646
2015-03-05 06:00:00,0.4041877323420074,0.0173197026022304,0.0,0.0,0.0178661710037174,0.011585501858736,0.001,0.0,0.0,0.0070483271375464
2015-03-05 07:00:00,0.4235940959409593,0.022330258302583,0.0,0.0,0.0179095940959409,0.0115719557195571,0.001,0.0,1.845018450184502e-05,0.0070276752767527
2015-03-05 08:00:00,0.5542185185185186,0.0118944444444444,0.0,0.0,0.018124074074074,0.0115592592592592,0.001,0.0972851851851851,0.0,0.007037037037037
2015-03-05 09:00:00,0.3944841713221601,0.013608938547486,0.0,0.0,0.0180875232774674,0.0121787709497206,0.001,0.0,0.0,0.0070558659217877
2015-03-05 10:00:00,0.4003087121212121,0.020625,0.0,0.0,0.0179488636363636,0.0115359848484848,0.001,0.0,0.0,0.0070416666666666
2015-03-05 11:00:00,0.3556624685138539,0.0264458438287153,0.0,0.0,0.0180277078085642,0.0115642317380352,0.001,0.0,0.0,0.0070176322418136
2015-03-05 12:00:00,0.3440171102661597,0.0112015209125475,0.0,0.0,0.018148288973384,0.0115076045627376,0.001,0.0,0.0,0.0070551330798479
2015-03-05 13:00:00,0.3700018832391714,0.0139058380414312,0.0,0.0,0.0180263653483992,0.0118832391713747,0.0010753295668549,0.0,0.0,0.0070414312617702
2015-03-05 14:00:00,0.348495361781076,0.0224081632653061,0.0,0.0,0.0181113172541744,0.012090909090909,0.001,0.0,0.0,0.0070556586270871
2015-03-05 15:00:00,0.3809022140221402,0.0159870848708487,0.0,0.0,0.0181125461254612,0.0114981549815498,0.001,0.0,0.0,0.0070387453874538
2015-03-05 16:00:00,0.4287918968692449,0.0128858195211786,0.0,0.0,0.0180184162062615,0.0115653775322283,0.001,0.0819613259668508,0.0,0.0070313075506445
2015-03-05 17:00:00,0.710204081632653,0.0139183673469387,0.0,0.0,0.017660482374768,0.0849721706864563,0.1388534322820037,0.1385602968460111,0.0,0.0070445269016697
2015-03-05 18:00:00,0.5489243856332703,0.0223194706994328,0.0,0.0,0.0175406427221172,0.12751606805293,0.0010113421550094,0.0,0.0,0.0070170132325141
2015-03-05 19:00:00,0.6328161350844277,0.0164727954971857,0.0,0.0,0.0176923076923076,0.1261819887429643,0.0545384615384615,0.0572439024390243,0.0,0.0108799249530956
2015-03-05 20:00:00,0.5131845574387948,0.0124632768361581,0.0,0.0,0.1214764595103578,0.1263596986817325,0.0009962335216572,0.0001807909604519,0.0,0.0070094161958568
2015-03-05 21:00:00,0.7241821561338291,0.0126171003717472,0.0,0.0,0.167089219330855,0.1257936802973977,0.001,0.1276468401486989,0.0,0.0070278810408921
2015-03-05 22:00:00,0.6257625231910946,0.0263061224489795,0.0,0.0,0.1678552875695732,0.1276307977736549,0.001,0.0,0.0,0.0070278293135435
2015-03-05 23:00:00,0.7336884328358209,0.0145951492537313,0.0,0.0,0.2031679104477612,0.0962462686567164,0.001,0.0,0.0,0.0070317164179104
2015-03-06 00:00:00,0.4413104089219331,0.0126171003717472,0.0,0.0,0.0596765799256505,0.0115223048327137,0.001,0.0,0.0,0.0070260223048327
2015-03-06 01:00:00,0.3046078799249531,0.0129418386491557,0.0,0.0,0.018108818011257,0.0122401500938086,0.001,0.0,0.0,0.0070318949343339
2015-03-06 02:00:00,0.2973407407407407,0.025037037037037,0.0,0.0,0.0182148148148148,0.0114759259259259,0.001,0.0,0.0,0.0070537037037037
2015-03-06 03:00:00,0.2743563432835821,0.0155298507462686,0.0,0.0,0.0182294776119402,0.0115746268656716,0.001,0.0,0.0,0.0070429104477611
2015-03-06 04:00:00,0.3031277777777778,0.0130148148148148,0.0,0.0,0.0181944444444444,0.0115277777777777,0.001,0.0,0.0,0.0070259259259259
2015-03-06 05:00:00,0.2736878504672897,0.0152280373831775,0.0,0.0,0.0180710280373831,0.0125121495327102,0.001,0.0,0.0,0.0070523364485981
2015-03-06 06:00:00,0.313979704797048,0.0246291512915129,0.0,0.0,0.0179594095940959,0.0115571955719557,0.001,0.0,0.0,0.0070553505535055
2015-03-06 07:00:00,0.4630934579439252,0.013818691588785,0.0,0.0,0.0180392523364485,0.0115420560747663,0.001,0.0529551401869158,0.0657401869158878,0.0070429906542056
2015-03-06 08:00:00,0.3115158286778399,0.0124394785847299,0.0,0.0,0.0180372439478584,0.0115214152700186,0.001,0.0,3.7243947858473e-06,0.0070409683426443
2015-03-06 09:00:00,0.2765661080074488,0.0200353817504655,0.0,0.0,0.017998137802607,0.0120986964618249,0.001,0.0,3.7243947858473e-06,0.0070614525139664
2015-03-06 10:00:00,0.425340782122905,0.0176499068901303,0.0,0.0,0.1172104283054003,0.0115530726256983,0.0012383612662942,0.0,0.0001191806331471,0.0092346368715083
2015-03-06 11:00:00,0.3031576994434137,0.013038961038961,0.0,0.0,0.0574471243042671,0.0115621521335807,0.001,0.0,0.0,0.0070371057513914
2015-03-06 12:00:00,0.2617039106145251,0.0139608938547486,0.0,0.0,0.0180837988826815,0.011510242085661,0.001,0.0,0.0,0.0072085661080074
2015-03-06 13:00:00,0.3728200371057514,0.0239443413729128,0.0,0.0,0.0181205936920222,0.0118886827458256,0.001,0.0599870129870129,0.0,0.0070463821892393
2015-03-06 14:00:00,0.3756443202979516,0.0157486033519553,0.0,0.0,0.1231843575418994,0.012096834264432,0.001,0.0,0.0,0.0070577281191806
2015-03-06 15:00:00,0.3979014869888476,0.0137156133828996,0.0006245353159851,0.0,0.1589981412639405,0.0115315985130111,0.001,0.0,0.0,0.0070483271375464
2015-03-06 16:00:00,0.3287108208955224,0.0249421641791044,0.0,0.0,0.0178115671641791,0.0125130597014925,0.0227332089552238,0.0,0.0,0.0314365671641791
2015-03-06 17:00:00,0.4385,0.0135206766917293,0.0,0.0,0.0177913533834586,0.0800131578947368,0.0177725563909774,0.0,0.0,0.0369473684210526
2015-03-06 18:00:00,0.4533265306122448,0.0129740259740259,0.0,0.0,0.0176753246753246,0.0392727272727272,0.001,0.0,0.0,0.0070463821892393
2015-03-06 19:00:00,0.4591207547169811,0.0146792452830188,0.0,0.0,0.0177584905660377,0.079143396226415,0.001,0.0,0.0,0.0070150943396226
2015-03-06 20:00:00,0.3283992537313432,0.0245839552238805,0.0,0.0,0.0178936567164179,0.0121100746268656,0.001,0.0,0.0,0.0070447761194029
2015-03-06 21:00:00,0.3044205607476635,0.0141719626168224,0.0,0.0,0.0178841121495327,0.0117158878504672,0.001,0.0,0.0,0.00703738317757
2015-03-06 22:00:00,0.6197970204841713,0.0136629422718808,0.0,0.0,0.0180912476722532,0.0115232774674115,0.001,0.2586983240223464,0.0,0.0070316573556797
2015-03-06 23:00:00,0.3226679035250464,0.0163246753246753,0.0,0.0,0.018038961038961,0.0115324675324675,0.001,0.0,0.0,0.0070296846011131
2015-03-07 00:00:00,0.5777230483271376,0.0234368029739776,0.0,0.0,0.0180947955390334,0.0673475836431226,0.001,0.1051802973977695,0.0,0.0070483271375464
2015-03-07 01:00:00,0.3766927374301676,0.0143594040968342,0.0,0.0,0.0181843575418994,0.0329273743016759,0.001,0.0,0.0,0.0070335195530726
2015-03-07 02:00:00,0.2804040968342644,0.0213091247672253,0.0,0.0,0.01824208566108,0.0115009310986964,0.001,0.0,0.0,0.0070595903165735
2015-03-07 03:00:00,0.2797416356877323,0.0220836431226765,0.0,0.0,0.0182230483271375,0.0115092936802973,0.001,0.0,0.0,0.0070539033457249
2015-03-07 04:00:00,0.2785140186915887,0.0140635514018691,0.0,0.0,0.0181794392523364,0.0115364485981308,0.001,1.869158878504673e-06,0.0,0.0070355140186915
2015-03-07 05:00:00,0.3138768656716418,0.0132817164179104,0.0,0.0,0.018035447761194,0.0124794776119402,0.001,0.0,0.0,0.0070391791044776
2015-03-07 06:00:00,0.3158754646840148,0.0166710037174721,0.0,0.0,0.0180464684014869,0.0115539033457249,0.001,0.0,0.0,0.0070464684014869
2015-03-07 07:00:00,0.3455130111524164,0.0234330855018587,0.0,0.0,0.0179869888475836,0.0116040892193308,0.001,0.0,0.0,0.0070353159851301
2015-03-07 08:00:00,0.4388277153558052,0.0131029962546816,0.0,0.0,0.0179513108614232,0.0115599250936329,0.001,0.0,0.0,0.0070430711610486
2015-03-07 09:00:00,0.4666492537313432,0.0134309701492537,0.0,0.0,0.0179402985074626,0.0121548507462686,0.001,0.0,0.0,0.0070429104477611
2015-03-07 10:00:00,0.4316579925650557,0.0272695167286245,0.0053159851301115,0.0,0.0180353159851301,0.011542750929368,0.001,0.0889851301115241,0.0,0.0070334572490706
2015-03-07 11:00:00,1.3025749525616697,0.0167609108159392,0.6532732447817836,0.0,0.0675332068311195,0.0115085388994307,0.001,0.0996166982922201,0.0,0.0073908918406072
2015-03-07 12:00:00,0.731859778597786,0.0146974169741697,0.0969391143911439,0.0,0.1935,0.0114889298892988,0.001,0.0,0.0,0.0649483394833948
2015-03-07 13:00:00,0.6068097014925373,0.0182574626865671,0.0406548507462686,0.0,0.1710055970149253,0.011981343283582,0.001,0.1244626865671641,0.0,0.045901119402985
2015-03-07 14:00:00,0.5148122676579926,0.0247416356877323,0.0,0.0,0.1686765799256505,0.0115185873605947,0.0245315985130111,0.0,0.0,0.0655483271375464
2015-03-07 15:00:00,0.6859533582089552,0.0161343283582089,0.0,0.0,0.1901492537313432,0.0114720149253731,0.0273787313432835,0.1104720149253731,0.0,0.0687089552238806
2015-03-07 16:00:00,0.5739084112149533,0.0142878504672897,0.0,0.0,0.2185457943925233,0.0115065420560747,0.0167233644859813,0.0052747663551401,0.0,0.0590130841121495
2015-03-07 17:00:00,0.5581688311688312,0.0223395176252319,0.0,0.0,0.208621521335807,0.0118348794063079,0.001,0.0,0.0,0.0320797773654916
2015-03-07 18:00:00,0.8008828996282528,0.0213587360594795,0.0006542750929368,0.0,0.1551505576208178,0.0711710037174721,0.056674721189591,0.0764702602230483,0.0,0.008039033457249
2015-03-07 19:00:00,0.7193532710280374,0.0133009345794392,0.0,0.0,0.1812766355140186,0.1260990654205607,0.0592523364485981,0.0570971962616822,0.0,0.0080448598130841
2015-03-07 20:00:00,0.578992565055762,0.0161988847583643,0.0,0.0,0.1540278810408921,0.1275092936802974,0.001,0.0,0.0,0.0080706319702602
2015-03-07 21:00:00,0.7404230055658627,0.0250055658627087,0.0,0.0,0.1620333951762523,0.1257569573283859,0.0009981447124304,0.0924601113172541,0.0,0.008051948051948
2015-03-07 22:00:00,0.5903244274809161,0.0160515267175572,0.0,0.0,0.1711564885496183,0.1263454198473282,0.001,0.0,0.0,0.0080782442748091
2015-03-07 23:00:00,0.6594022556390977,0.0174398496240601,0.0,0.0,0.1828872180451127,0.1143646616541353,0.001,0.0444906015037594,0.0,0.0083026315789473
2015-03-08 00:00:00,0.5059760147601476,0.0222472324723247,0.0,0.0,0.1499132841328413,0.0115073800738007,0.001,0.0,0.0,0.0070553505535055
2015-03-08 01:00:00,0.289222429906542,0.0208710280373831,0.0,0.0,0.0181813084112149,0.0121570093457943,0.001,0.0,0.0,0.0070392523364485
2015-03-08 02:00:00,0.2683526119402985,0.0139216417910447,0.0,0.0,0.0181529850746268,0.0115111940298507,0.001,0.0,0.0,0.0070541044776119
2015-03-08 03:00:00,0.2757228464419475,0.020629213483146,0.0,0.0,0.0181367041198501,0.0115617977528089,0.001,0.0,0.0,0.0070468164794007
2015-03-08 04:00:00,0.2936444444444444,0.0196648148148148,0.0,0.0,0.0181833333333333,0.0114944444444444,0.001,0.0,0.0,0.0070518518518518
2015-03-08 05:00:00,0.2697937384898711,0.0131510128913443,0.0,0.0,0.0181731123388581,0.0124438305709023,0.001,0.0,0.0,0.0070515653775322
2015-03-08 06:00:00,0.3331517367458866,0.0199597806215722,0.0,0.0,0.0181060329067641,0.0115283363802559,0.001,0.0,0.0,0.0070475319926873
2015-03-08 07:00:00,0.3180724907063197,0.0219200743494423,0.0,0.0,0.0181412639405204,0.0115371747211895,0.001,0.0,0.0,0.0070446096654275
2015-03-08 08:00:00,0.3100774907749077,0.0135959409594095,0.0,0.0,0.0181162361623616,0.0115110701107011,0.001,0.0,0.0,0.0070553505535055
2015-03-08 09:00:00,0.37255,0.0132685185185185,0.0,0.0,0.0180333333333333,0.0121259259259259,0.001,0.1226481481481481,0.0,0.007074074074074
2015-03-08 10:00:00,0.829148623853211,0.0237596330275229,0.3358275229357798,0.0,0.0215706422018348,0.0115339449541284,0.0009981651376146,0.0491559633027522,0.070897247706422,0.0070532110091743
2015-03-08 11:00:00,1.104559479553903,0.0204516728624535,0.4696951672862453,0.0,0.0221468401486988,0.0115613382899628,0.0580055762081784,0.0,0.0,0.0070260223048327
2015-03-08 12:00:00,1.695763940520446,0.014949814126394,0.1218085501858736,0.7930315985130112,0.0950724907063196,0.011589219330855,0.001,0.0907806691449814,0.0,0.0070297397769516
2015-03-08 13:00:00,1.7895333333333332,0.0247018518518518,6.111111111111111e-05,0.7392148148148148,0.1877759259259259,0.0120574074074074,0.001,0.0050129629629629,0.0,0.0070462962962962
2015-03-08 14:00:00,0.7509869888475836,0.018721189591078,0.0,0.0008159851301115,0.1864572490706319,0.0791412639405204,0.001,0.0720074349442379,0.0,0.0070334572490706
2015-03-08 15:00:00,0.737886827458256,0.0141261595547309,0.0,0.0,0.1910797773654916,0.1269833024118738,0.001,0.0,0.0,0.0070463821892393
2015-03-08 16:00:00,0.3465351851851851,0.0202185185185185,0.0,0.0,0.0843351851851851,0.0152444444444444,0.001,0.0,0.0,0.0070481481481481
2015-03-08 17:00:00,0.4122304832713754,0.0256524163568773,0.0,0.0,0.0177081784386617,0.0115520446096654,0.001,0.114631970260223,0.0,0.0108475836431226
2015-03-08 18:00:00,0.6522029520295203,0.0127047970479704,0.0,0.0,0.0176143911439114,0.0271162361623616,0.001,0.1896125461254612,0.0,0.0070129151291512
2015-03-08 19:00:00,0.6811806331471135,0.0134189944134078,0.0,0.0,0.0178100558659217,0.125536312849162,0.0401731843575419,0.116828677839851,0.0,0.0070111731843575
2015-03-08 20:00:00,0.407884328358209,0.0174085820895522,0.0,0.0,0.0178283582089552,0.1258880597014925,0.001,0.0,0.0,0.0070242537313432
2015-03-08 21:00:00,0.4459591078066914,0.0223420074349442,0.0,0.0,0.0179368029739776,0.1265446096654275,0.001,0.0,0.0,0.0070408921933085
2015-03-08 22:00:00,0.4450521415270019,0.013072625698324,0.0,0.0,0.0180893854748603,0.1274078212290502,0.001,0.0,0.0,0.0070372439478584
2015-03-08 23:00:00,0.5165914179104477,0.0135820895522388,0.0,0.0,0.0180895522388059,0.0393003731343283,0.001,0.0,0.0,0.007026119402985
2015-03-09 00:00:00,0.313441947565543,0.017501872659176,0.0,0.0,0.0181161048689138,0.0115299625468164,0.001,0.0,0.0,0.0070524344569288
2015-03-09 01:00:00,0.2803538175046555,0.0245158286778398,0.0,0.0,0.0182309124767225,0.0121061452513966,0.001,0.0,0.0,0.0070502793296089
2015-03-09 02:00:00,0.2726796296296296,0.0135185185185185,0.0,0.0,0.0182018518518518,0.0115333333333333,0.001,0.0,0.0094814814814814,0.0070629629629629
2015-03-09 03:00:00,0.2708611111111111,0.0137074074074074,0.0,0.0,0.0182388888888888,0.0114981481481481,0.001,0.0,0.0,0.0070574074074074
2015-03-09 04:00:00,0.2696966292134831,0.014689138576779,0.0,0.0,0.0182191011235955,0.0115711610486891,0.001,0.0,0.0,0.0070468164794007
2015-03-09 05:00:00,0.2812952029520295,0.026160516605166,0.0,0.0,0.0181180811808118,0.0125,0.001,0.0,0.0,0.0070590405904059
2015-03-09 06:00:00,0.2950689013035381,0.0131042830540037,0.0,0.0,0.0179608938547486,0.0115772811918063,0.001,0.0,0.0,0.0070446927374301
2015-03-09 07:00:00,0.3190535055350553,0.0145793357933579,0.0,0.0,0.0179428044280442,0.011570110701107,0.001,0.0,0.0,0.0070553505535055
2015-03-09 08:00:00,0.3122865168539326,0.0128408239700374,0.0,0.0,0.0180093632958801,0.0115561797752809,0.001,0.0,0.0,0.0070318352059925
2015-03-09 09:00:00,0.5444059590316574,0.0224189944134078,0.0,0.0,0.0180353817504655,0.0122253258845437,0.0019236499068901,0.1361769087523277,0.060413407821229,0.007048417132216
2015-03-09 10:00:00,0.3754464944649446,0.0166476014760147,0.0,0.0,0.0180571955719557,0.0115940959409594,0.0242250922509225,0.0228763837638376,3.6900369003690034e-06,0.0070332103321033
2015-03-09 11:00:00,0.5973775700934579,0.012003738317757,0.0,0.0,0.1246803738317757,0.0115345794392523,0.001,0.0497925233644859,0.0510635514018691,0.072003738317757
2015-03-09 12:00:00,0.6385102040816326,0.0166623376623376,0.0,0.0,0.1919294990723562,0.0115287569573283,0.0432708719851576,0.0,0.0,0.0846604823747681
2015-03-09 13:00:00,0.6802170686456401,0.0226938775510204,0.0,0.0,0.1860185528756957,0.0118144712430426,0.0329833024118738,0.1195658627087198,0.0,0.0781465677179962
2015-03-09 14:00:00,0.5035567970204842,0.014290502793296,0.0,0.0,0.1784301675977653,0.0121154562383612,0.0010446927374301,0.0,0.0,0.0713966480446927
2015-03-09 15:00:00,0.5761821705426357,0.0154418604651162,0.0,0.0,0.1903217054263566,0.0115445736434108,0.001,0.0921472868217054,0.0,0.0415930232558139
2015-03-09 16:00:00,0.5007693726937269,0.0140184501845018,0.0,0.0,0.1878523985239852,0.0115885608856088,0.001,0.0,0.0,0.0600461254612546
2015-03-09 17:00:00,0.5139297597042514,0.0261423290203327,0.0,0.0,0.1925175600739371,0.0115582255083179,0.001,0.0,0.0,0.0080628465804066
2015-03-09 18:00:00,0.3984232902033272,0.0146321626617375,0.0,0.0,0.0392162661737523,0.0314510166358595,0.001,0.0,0.0,0.0080499075785582
2015-03-09 19:00:00,0.3405267034990792,0.013036832412523,0.0,0.0,0.0186537753222836,0.0288950276243093,0.001,0.0,0.0,0.0080478821362799
2015-03-09 20:00:00,0.5547676579925651,0.0159516728624535,0.0,0.0,0.0177286245353159,0.1259052044609665,0.001,0.1224423791821561,0.0,0.0080724907063197
2015-03-09 21:00:00,0.6056366972477064,0.0225284403669724,0.0,0.0,0.0178036697247706,0.1261816513761468,0.001,0.1002954128440367,0.0,0.0080587155963302
2015-03-09 22:00:00,0.6464322820037106,0.013595547309833,0.0,0.0,0.0179684601113172,0.1272894248608534,0.0839554730983302,0.0194118738404452,0.0,0.0080686456400742
2015-03-09 23:00:00,0.5340720887245841,0.0150702402957486,0.0,0.0,0.0179168207024029,0.1268317929759704,0.001,0.0338428835489833,0.0,0.0080609981515711
2015-03-10 00:00:00,0.4024125230202578,0.0161602209944751,0.0,0.0,0.0180699815837937,0.0562762430939226,0.001,0.0,0.0,0.0080791896869244
2015-03-10 01:00:00,0.2748461538461538,0.0232344322344322,0.0,0.0,0.0193260073260073,0.0124267399267399,0.001,0.0,0.0,0.0080750915750915
2015-03-10 02:00:00,0.2986233766233766,0.013330241187384,0.0,0.0,0.0181076066790352,0.0115398886827458,0.001,0.0,0.0,0.0080816326530612
2015-03-10 03:00:00,0.2824621072088724,0.0127430683918669,0.0,0.0,0.0181552680221811,0.0115194085027726,0.001,0.0,0.0,0.008086876155268
2015-03-10 04:00:00,0.2747679558011049,0.0195101289134438,0.0,0.0,0.0180920810313075,0.0115064456721915,0.001,0.0,0.0,0.0080699815837937
2015-03-10 05:00:00,0.2961452205882353,0.0209301470588235,0.0,0.0,0.0180588235294117,0.0125386029411764,0.001,0.0,0.0,0.0080919117647058
2015-03-10 06:00:00,0.3062356215213358,0.0135602968460111,0.0,0.0,0.017938775510204,0.0115751391465677,0.001,0.0,0.0,0.0080723562152133
2015-03-10 07:00:00,0.3096358595194085,0.0131293900184842,0.0,0.0,0.0178373382624768,0.0115545286506469,0.001,0.0,0.0,0.0080609981515711
2015-03-10 08:00:00,0.4034520295202952,0.0127933579335793,0.0,0.0,0.0179261992619926,0.0115276752767527,0.001,0.078350553505535,0.0,0.0080922509225092
2015-03-10 09:00:00,0.2805908256880733,0.0257724770642201,0.0,0.0,0.018137614678899,0.0120623853211009,0.001,0.0,0.0,0.008097247706422
2015-03-10 10:00:00,0.4708555555555555,0.0146425925925925,0.0,0.0,0.0181518518518518,0.0124462962962962,0.0505388888888888,0.0598277777777777,0.0627018518518518,0.0080796296296296
2015-03-10 11:00:00,0.5535074349442379,0.0142936802973977,0.0,0.0,0.1718866171003717,0.0114591078066914,0.0278866171003717,0.0453661710037174,0.0,0.052721189591078
2015-03-10 12:00:00,0.7135157116451016,0.0255120147874306,0.0,0.0,0.1887707948243992,0.0114768946395563,0.0488835489833641,0.1186395563770794,0.0,0.0728817005545286
2015-03-10 13:00:00,0.558935064935065,0.0137773654916512,0.0,0.0,0.1627699443413729,0.0114972170686456,0.0957551020408163,0.0,0.0,0.045051948051948
2015-03-10 14:00:00,0.8636666666666666,0.0133425925925925,0.0,0.0,0.1542333333333333,0.0117518518518518,0.1816574074074074,0.0934962962962963,0.0,0.0210666666666666
2015-03-10 15:00:00,0.6201431226765799,0.0165204460966542,0.0,0.0,0.1745204460966542,0.0121394052044609,0.001,0.0,0.0,0.0806617100371747
2015-03-10 16:00:00,1.0332780847145489,0.024292817679558,0.0,0.0,0.1890644567219153,0.0115469613259668,0.1944069981583793,0.1542062615101289,0.0,0.0839097605893186
2015-03-10 17:00:00,0.7430129390018484,0.0144066543438077,0.0,0.0,0.1883216266173752,0.0115563770794824,0.0702255083179297,0.0,0.0,0.0397707948243992
2015-03-10 18:00:00,0.9007619926199262,0.0143339483394833,0.0,0.0,0.1768523985239852,0.1191512915129151,0.1486992619926199,0.0,0.0,0.0080498154981549
2015-03-10 19:00:00,0.7071173184357542,0.0170037243947858,0.0,0.0,0.1568975791433892,0.1280130353817504,0.0491657355679702,0.0474450651769087,0.0,0.0080428305400372
2015-03-10 20:00:00,0.7076865671641791,0.0250223880597014,0.0,0.0,0.1690205223880597,0.1268805970149253,0.001,0.0763190298507462,0.0,0.0081548507462686
2015-03-10 21:00:00,0.7738405253283301,0.0126041275797373,0.0,0.0,0.1838611632270168,0.1259268292682926,0.001,0.07959287054409,0.0,0.0166041275797373
2015-03-10 22:00:00,0.6362360594795539,0.0164814126394052,0.0,0.0,0.1744052044609665,0.1253680297397769,0.001,0.0,0.0,0.0165464684014869
2015-03-10 23:00:00,0.5638295880149813,0.0253932584269662,0.0,0.0,0.1890187265917603,0.020563670411985,0.001,0.0,0.0,0.0070468164794007
2015-03-11 00:00:00,0.3298849721706864,0.0137922077922077,0.0,0.0,0.0545844155844155,0.0114749536178107,0.001,0.0,0.0,0.0070371057513914
2015-03-11 01:00:00,0.2730633147113594,0.0132625698324022,0.0,0.0,0.0173873370577281,0.012268156424581,0.001,0.0,0.0,0.0070446927374301
2015-03-11 02:00:00,0.2890372439478584,0.0178081936685288,0.0,0.0,0.0172998137802607,0.0115381750465549,0.001,0.0,0.0,0.007048417132216
2015-03-11 03:00:00,0.2818643122676579,0.0209423791821561,0.0,0.0,0.0173754646840148,0.0115334572490706,0.001,0.0,0.0,0.0070539033457249
2015-03-11 04:00:00,0.292669776119403,0.0134085820895522,0.0,0.0,0.0173227611940298,0.0115597014925373,0.0010597014925373,0.0,0.0,0.0070317164179104
2015-03-11 05:00:00,0.360903345724907,0.0129423791821561,0.0,0.0,0.0172323420074349,0.0125650557620817,0.001,0.0,0.0,0.0070520446096654
2015-03-11 06:00:00,0.3053910614525139,0.0142216014897579,0.0,0.0,0.0171582867783985,0.0115474860335195,0.001,0.0,0.0,0.0070353817504655
2015-03-11 07:00:00,0.3390520446096654,0.0236598513011152,0.0,0.0,0.01717843866171,0.0115594795539033,0.001,0.0,0.0,0.0070353159851301
2015-03-11 08:00:00,0.5174192949907235,0.0134786641929499,0.0,0.0,0.0172022263450834,0.0115936920222634,0.001,0.0,0.0,0.0070445269016697
2015-03-11 09:00:00,0.4916753246753247,0.0196437847866419,0.0,0.0,0.0173580705009276,0.0122059369202226,0.001,0.0641576994434137,0.0,0.007051948051948
2015-03-11 10:00:00,0.3946365313653137,0.0148062730627306,0.0,0.0,0.0173653136531365,0.0127564575645756,0.001,0.0737583025830258,0.0,0.0070553505535055
2015-03-11 11:00:00,0.5620932835820895,0.0260541044776119,0.0,0.0,0.1014608208955223,0.0117164179104477,0.0325223880597014,0.0501492537313432,0.060945895522388,0.0301455223880597
2015-03-11 12:00:00,0.5931907407407407,0.014974074074074,0.0,0.0,0.2012629629629629,0.011537037037037,0.0545703703703703,0.0,0.0,0.0774666666666666
2015-03-11 13:00:00,0.571454887218045,0.0143045112781954,0.0,0.0,0.1856071428571428,0.0115225563909774,0.001,0.1005996240601503,0.0,0.0269736842105263
2015-03-11 14:00:00,0.6414087452471483,0.0264790874524714,0.0,0.0,0.1716026615969581,0.0115589353612167,0.001,0.0,0.0,0.0841140684410646
2015-03-11 15:00:00,0.6771428571428572,0.0197894736842105,0.0,0.0,0.1745996240601503,0.0123383458646616,0.001,0.0699530075187969,0.0,0.0561146616541353
2015-03-11 16:00:00,0.5425047438330171,0.0151423149905123,0.0,0.0,0.1945218216318785,0.0338045540796963,0.001,0.0641935483870967,0.0,0.0096925996204933
2015-03-11 17:00:00,0.4605711645101663,0.0134510166358595,0.0,0.0,0.1906543438077634,0.0115619223659889,0.001,0.0,0.0,0.0070369685767097
2015-03-11 18:00:00,0.4856373831775701,0.0200579439252336,0.0,0.0,0.0850710280373831,0.0202672897196261,0.0323271028037383,0.0,0.0,0.0088897196261682
2015-03-11 19:00:00,0.808376404494382,0.0191235955056179,0.0,0.0,0.0172471910112359,0.1280243445692883,0.2670449438202247,0.0,0.0,0.0070299625468164
2015-03-11 20:00:00,0.5035418994413408,0.0131582867783985,0.0,0.0,0.0173277467411545,0.1257597765363128,0.0245251396648044,0.0,0.0,0.0070167597765363
2015-03-11 21:00:00,0.4762356215213358,0.0147847866419294,0.0,0.0,0.0174359925788497,0.1264842300556586,0.001,0.0,0.0,0.007051948051948
2015-03-11 22:00:00,0.6355996275605215,0.0251880819366852,0.0,0.0,0.0173910614525139,0.1262495344506517,0.001,0.092510242085661,0.0,0.0070372439478584
2015-03-11 23:00:00,0.4611396648044693,0.0130204841713221,0.0,0.0,0.0176275605214152,0.1257486033519553,0.0043351955307262,0.0,0.0,0.0070558659217877
2015-03-12 00:00:00,0.4873777777777778,0.0139925925925925,0.0,0.0,0.0236555555555555,0.0722259259259259,0.001,0.0,0.0,0.0070444444444444
2015-03-12 01:00:00,0.2945190677966101,0.0153135593220338,0.0,0.0,0.0172351694915254,0.0122669491525423,0.001,0.0,0.0,0.0070805084745762
2015-03-12 02:00:00,0.2666202898550724,0.0230579710144927,0.0,0.0,0.017263768115942,0.0114753623188405,0.001,0.0,0.0,0.0070347826086956
2015-03-12 03:00:00,0.2645580110497237,0.0129650092081031,0.0,0.0,0.0173112338858195,0.0115340699815837,0.001,0.0,0.0,0.0070589318600368
2015-03-12 04:00:00,0.272244935543278,0.0138158379373848,0.0,0.0,0.0172891344383057,0.0115193370165745,0.001,0.0,0.0,0.007036832412523
2015-03-12 05:00:00,0.2931343283582089,0.0234533582089552,0.0,0.0,0.0172182835820895,0.0125186567164179,0.001,0.0,0.0,0.0070242537313432
2015-03-12 06:00:00,0.2932382739212007,0.0156566604127579,0.0,0.0,0.0171294559099437,0.0115590994371482,0.001,0.0,0.0001200750469043,0.0070356472795497
2015-03-12 07:00:00,0.314362292051756,0.0129593345656192,0.0,0.0,0.0171090573012939,0.0116469500924214,0.001,0.0,0.0,0.0070295748613678
2015-03-12 08:00:00,0.2870962962962963,0.0145222222222222,0.0,0.0,0.017174074074074,0.0115444444444444,0.001,0.0,0.0,0.007074074074074
2015-03-12 09:00:00,0.3742234636871508,0.0240912476722532,0.0,0.0,0.0172588454376163,0.0121080074487895,0.001,0.0547355679702048,0.0,0.0070558659217877
2015-03-12 10:00:00,0.4921412639405204,0.0137732342007434,0.0,0.0,0.074039033457249,0.0115018587360594,0.001,0.0744814126394052,0.0529888475836431,0.0080055762081784
2015-03-12 11:00:00,0.4905903165735568,0.0137318435754189,0.0,0.0,0.1881843575418994,0.0115735567970204,0.001,0.0,1.8621973929236496e-06,0.021608938547486
2015-03-12 12:00:00,0.3300055865921787,0.0193873370577281,0.0,0.0,0.038534450651769,0.0115065176908752,0.001,0.0,0.0,0.0240521415270018
2015-03-12 13:00:00,0.2856378986866792,0.0218367729831144,0.0,0.0,0.0177936210131332,0.0118198874296435,0.001,0.0,0.0,0.0070450281425891
2015-03-12 14:00:00,0.3696299810246679,0.0131157495256166,0.0,0.0,0.017831119544592,0.015223908918406,0.001,0.0725104364326375,0.0,0.0070815939278937
2015-03-12 15:00:00,0.4526256983240223,0.0141713221601489,0.0,0.0,0.0177374301675977,0.1003314711359404,0.001,0.0452346368715083,0.0,0.0275642458100558
2015-03-12 16:00:00,0.5855708955223881,0.0279141791044776,0.0,0.0,0.0173731343283582,0.0115391791044776,0.001,0.0,0.0,0.0835559701492537
2015-03-12 17:00:00,0.5726011235955056,0.0141760299625468,0.0,0.0,0.1788389513108614,0.0115112359550561,0.001,0.0542790262172284,0.0,0.0096554307116104
2015-03-12 18:00:00,0.5774202626641651,0.0159587242026266,0.0,0.0,0.1906641651031895,0.0224315196998123,0.001,0.0,0.0,0.0073151969981238
2015-03-12 19:00:00,0.5221186440677966,0.0266139359698681,0.0,0.0,0.1897005649717514,0.0115386064030131,0.001,0.0,0.0,0.0070169491525423
2015-03-12 20:00:00,0.6986063432835821,0.0199402985074626,0.0,0.0,0.1751977611940298,0.0851212686567164,0.001,0.0,0.0,0.0069981343283582
2015-03-12 21:00:00,0.6374484052532834,0.0146303939962476,0.0,0.0,0.173765478424015,0.0499774859287054,0.0152589118198874,0.0592870544090056,0.0,0.0070225140712945
2015-03-12 22:00:00,0.5829205175600739,0.0264195933456561,0.0,0.0,0.1890073937153419,0.0432883548983364,0.001,0.0,0.0,0.0070258780036968
2015-03-12 23:00:00,0.6385588785046729,0.0175962616822429,0.0,0.0,0.16703738317757,0.1270560747663551,0.001,0.0,0.0,0.0070355140186915
2015-03-13 00:00:00,0.5307722222222222,0.0145037037037037,0.0,0.0,0.1368685185185185,0.0544814814814814,0.001,0.0,0.0,0.0070185185185185
2015-03-13 01:00:00,0.3058122676579926,0.0236208178438661,0.0,0.0,0.0172230483271375,0.0121486988847583,0.001,0.0,0.0,0.0070576208178438
2015-03-13 02:00:00,0.2694157303370786,0.0187191011235955,0.0,0.0,0.0173220973782771,0.0153033707865168,0.001,0.0,0.0,0.0070411985018726
2015-03-13 03:00:00,0.2861388888888889,0.0140037037037037,0.0,0.0,0.0173462962962962,0.0114148148148148,0.001,0.0,0.0,0.0070537037037037
2015-03-13 04:00:00,0.278955223880597,0.0240242537313432,0.0,0.0,0.0173041044776119,0.0115466417910447,0.001,0.0,0.0,0.007035447761194
2015-03-13 05:00:00,0.2703184357541899,0.020558659217877,0.0,0.0050800744878957,0.017217877094972,0.0124450651769087,0.001,0.0,0.0,0.0070577281191806
2015-03-13 06:00:00,0.2997777777777777,0.0129055555555555,0.0,0.0,0.0171333333333333,0.0115537037037037,0.001,0.0,0.0,0.00705
2015-03-13 07:00:00,0.3381094619666048,0.0206567717996289,0.0,0.0,0.0172263450834879,0.0115102040816326,0.001,0.0,0.0,0.0070463821892393
2015-03-13 08:00:00,0.3590148975791434,0.0185288640595903,0.0,0.0,0.0171247672253258,0.0115810055865921,0.001,0.0539292364990689,0.0,0.0070651769087523
2015-03-13 09:00:00,0.3486231343283582,0.01325,0.0,0.0,0.0170951492537313,0.0121324626865671,0.001,0.0289291044776119,0.0470410447761194,0.0070335820895522
2015-03-13 10:00:00,0.3328277153558052,0.0142434456928838,0.0,0.0,0.0172153558052434,0.0115749063670411,0.001,0.0441853932584269,3.745318352059925e-06,0.0070337078651685
2015-03-13 11:00:00,1.2389832402234635,0.0246070763500931,0.0,0.6682998137802607,0.1177970204841713,0.0115679702048417,0.001,0.0,0.0,0.0128584729981378
2015-03-13 12:00:00,1.434935064935065,0.0152337662337662,0.0,0.8996679035250464,0.1906567717996289,0.0114749536178107,0.001,0.0,0.0,0.0070371057513914
2015-03-13 13:00:00,0.5165684803001876,0.0137729831144465,0.0,0.0008142589118198,0.1684784240150093,0.0117861163227016,0.0050675422138836,0.0602007504690431,0.0,0.0070243902439024
2015-03-13 14:00:00,0.7380487804878049,0.0201951219512195,0.0,0.0,0.1660375234521575,0.0121350844277673,0.001,0.1111013133208255,0.0,0.007030018761726
2015-03-13 15:00:00,0.6759685767097967,0.0210979667282809,0.0,0.0,0.1902587800369685,0.0237929759704251,0.001,0.0,0.0,0.0454103512014787
2015-03-13 16:00:00,0.4451829944547135,0.0132975970425138,0.0,0.0,0.0937892791127541,0.0114824399260628,0.001,0.0,0.0,0.0871349353049907
2015-03-13 17:00:00,0.3429310986964618,0.0136294227188081,0.0,0.0,0.0384283054003724,0.0115270018621973,0.001,0.0194599627560521,0.0,0.0201824953445065
2015-03-13 18:00:00,0.5813988764044943,0.0241947565543071,0.0,0.0,0.0384456928838951,0.0353220973782771,0.1333932584269663,0.0,0.0,0.0089681647940074
2015-03-13 19:00:00,0.6790600375234521,0.0167373358348968,0.0,0.0,0.0301819887429643,0.12659287054409,0.0661181988742964,0.091217636022514,0.0,0.0080412757973733
2015-03-13 20:00:00,0.4169812734082397,0.0133539325842696,0.0,0.0,0.0170543071161048,0.1265093632958801,0.0009981273408239,0.0,0.0,0.008065543071161
2015-03-13 21:00:00,0.5293759259259259,0.0165314814814814,0.0,0.0,0.0171129629629629,0.1267203703703703,0.001,0.0714259259259259,0.0,0.0080722222222222
2015-03-13 22:00:00,0.4388803738317757,0.0222504672897196,0.0,0.0,0.0171682242990654,0.1275551401869158,0.001,0.0,0.0,0.0080747663551401
2015-03-13 23:00:00,0.4639887850467289,0.0136598130841121,0.0,0.0,0.0171850467289719,0.1266915887850467,0.001,0.0,0.0,0.0080691588785046
2015-03-14 00:00:00,0.4116171003717472,0.0134126394052044,0.0,0.0,0.0172546468401487,0.043446096654275,0.0011877323420074,0.0,0.0,0.0080947955390334
2015-03-14 01:00:00,0.2766399253731343,0.0267425373134328,0.0,0.0,0.017356343283582,0.0121641791044776,0.001,0.0033432835820895,0.002865671641791,0.0081082089552238
2015-03-14 02:00:00,0.2809044943820225,0.0146985018726591,0.0,0.0,0.0174943820224719,0.0114550561797752,0.001,0.0,0.0,0.0081123595505617
2015-03-14 03:00:00,0.2716966292134831,0.013252808988764,0.0,9.363295880149811e-06,0.0175355805243445,0.0115,0.001,0.0,0.0,0.0080898876404494
2015-03-14 04:00:00,0.2766182495344506,0.0181080074487895,0.0,0.0,0.0173091247672253,0.0114972067039106,0.001,0.0,0.0,0.008096834264432
2015-03-14 05:00:00,0.3013463687150838,0.0221713221601489,0.0,0.0004767225325884,0.0172625698324022,0.0124767225325884,0.001,0.0,0.0,0.0080670391061452
2015-03-14 06:00:00,0.290912962962963,0.0140907407407407,0.0,0.0,0.0171574074074074,0.0116018518518518,0.001,0.0,0.0,0.0080777777777777
2015-03-14 07:00:00,0.3156040892193308,0.0135074349442379,0.0,0.0,0.0171208178438661,0.011539033457249,0.001,0.0,0.0,0.0080780669144981
2015-03-14 08:00:00,0.3839123134328358,0.0148432835820895,0.0,0.0,0.0171473880597014,0.0115503731343283,0.001,0.0638694029850746,0.0,0.0080298507462686
2015-03-14 09:00:00,0.5749123134328359,0.023410447761194,0.0,0.0,0.0171380597014925,0.0120988805970149,0.0039496268656716,0.1127966417910447,0.0610951492537313,0.0080317164179104
2015-03-14 10:00:00,0.5798638059701492,0.0125988805970149,0.0,0.0,0.1354626865671641,0.0115914179104477,0.007731343283582,0.0,0.0451585820895522,0.0527555970149253
2015-03-14 11:00:00,0.4600631970260223,0.0123996282527881,0.0,0.0,0.1871672862453531,0.0115687732342007,0.001,0.0,0.0,0.0222955390334572
2015-03-14 12:00:00,0.5033177570093458,0.022622429906542,0.0,0.0,0.186826168224299,0.0115532710280373,0.0552897196261682,0.0,0.0,0.0080654205607476
2015-03-14 13:00:00,0.4566803738317757,0.0157887850467289,0.0,0.0,0.1557271028037383,0.0117308411214953,0.0498635514018691,0.0,0.0,0.0080672897196261
2015-03-14 14:00:00,0.437962962962963,0.0119814814814814,0.0,0.0,0.1649629629629629,0.0116962962962962,0.001,0.0,0.0,0.0080814814814814
2015-03-14 15:00:00,0.8866194029850747,0.0242910447761194,0.0,0.0,0.1838339552238806,0.1040690298507462,0.0068899253731343,0.2208097014925373,0.0772630597014925,0.0080503731343283
2015-03-14 16:00:00,0.6648137802607076,0.0148659217877094,0.0,0.0,0.177852886405959,0.1273202979515828,0.001,0.0,0.0,0.0846275605214152
2015-03-14 17:00:00,0.5914756554307117,0.0128895131086142,9.363295880149811e-06,0.0,0.1295543071161048,0.1076966292134831,0.001,0.0,0.0,0.0407621722846441
2015-03-14 18:00:00,0.322578449905482,0.0141701323251417,0.0,0.0,0.0169981096408317,0.0124725897920604,0.001,0.0,0.0,0.0080491493383742
2015-03-14 19:00:00,0.2867765363128491,0.0244878957169459,0.0,0.0,0.0170167597765363,0.0116108007448789,0.001,0.0,0.0,0.0080558659217877
2015-03-14 20:00:00,0.5561729323308271,0.0135488721804511,0.0,0.0,0.0170695488721804,0.077563909774436,0.0349718045112781,0.114781954887218,0.0,0.008078947368421
2015-03-14 21:00:00,0.550171322160149,0.0139366852886405,0.0,0.0,0.017070763500931,0.125486033519553,0.001,0.0773538175046554,0.0,0.0080577281191806
2015-03-14 22:00:00,0.4451287313432835,0.016455223880597,0.0,0.0,0.0171828358208955,0.1265652985074626,0.001,0.0,0.0,0.008070895522388
2015-03-14 23:00:00,0.4995398886827458,0.0233061224489795,0.0,0.0,0.0172857142857142,0.1268014842300556,0.024330241187384,0.0,0.0,0.0080667903525046
2015-03-15 00:00:00,0.4513602251407129,0.0144953095684803,0.0,0.0,0.0171482176360225,0.1232063789868668,0.001,0.0,0.0,0.0080731707317073
2015-03-15 01:00:00,0.3404523364485981,0.0147308411214953,0.0,0.0,0.0172878504672897,0.0121158878504672,0.001,0.0,0.0,0.0080953271028037
2015-03-15 02:00:00,0.2663836126629422,0.0133463687150837,0.0,0.0,0.0172309124767225,0.011536312849162,0.001,0.0,0.0,0.0080819366852886
2015-03-15 03:00:00,0.2698025830258302,0.0230129151291512,0.0,0.0,0.0173394833948339,0.0114926199261992,0.001,0.0,0.0,0.0080959409594095
2015-03-15 04:00:00,0.275011214953271,0.0173439252336448,0.0,0.0,0.0172485981308411,0.0115514018691588,0.001,0.0,0.0,0.0080878504672897
2015-03-15 05:00:00,0.2743214953271028,0.0128598130841121,0.0,0.0,0.017226168224299,0.0124934579439252,0.001,0.0,0.0,0.0081121495327102
2015-03-15 06:00:00,0.2903513011152416,0.0128289962825278,0.0,0.0,0.0172416356877323,0.0115687732342007,0.001,0.0,0.0,0.0080724907063197
2015-03-15 07:00:00,0.3161591760299626,0.0184513108614232,0.0,0.0,0.0171835205992509,0.0115580524344569,0.001,0.0,0.0,0.0080861423220973
2015-03-15 08:00:00,0.3169144981412639,0.0191914498141263,0.0,0.0,0.017174721189591,0.0115501858736059,0.001,0.0,0.0,0.0080631970260223
2015-03-15 09:00:00,0.332624074074074,0.0126851851851851,0.0,0.0,0.017,0.0121759259259259,0.001,0.0581018518518518,0.0,0.0080574074074074
2015-03-15 10:00:00,1.0392930056710774,0.0194725897920604,0.5163156899810964,0.0,0.0171928166351606,0.0115500945179584,0.0508620037807183,0.0,0.0,0.0080812854442344
2015-03-15 11:00:00,0.7932462962962964,0.0233388888888888,0.0787018518518518,0.0,0.1122462962962962,0.0115555555555555,0.0305981481481481,0.0581574074074074,0.048424074074074,0.0080666666666666
2015-03-15 12:00:00,0.9101308411214952,0.0135869158878504,0.0958616822429906,0.0,0.1911457943925233,0.0115495327102803,0.106207476635514,0.0775158878504673,0.0,0.0080598130841121
2015-03-15 13:00:00,0.634785046728972,0.0132635514018691,7.476635514018692e-06,0.0,0.1892411214953271,0.0118654205607476,0.0423532710280373,0.0,0.0,0.0080523364485981
2015-03-15 14:00:00,0.663366729678639,0.02168809073724,0.0,0.0,0.1550302457466918,0.0117485822306238,0.0039943289224952,0.0780378071833648,0.0545803402646502,0.0080604914933837
2015-03-15 15:00:00,0.5371106941838649,0.0203602251407129,0.0,0.0,0.1662420262664165,0.011577861163227,0.001,0.0,0.0,0.0080694183864915
2015-03-15 16:00:00,0.7123121495327103,0.0148504672897196,0.0,0.0,0.164633644859813,0.0115420560747663,0.001,0.1696841121495327,0.0,0.0080747663551401
2015-03-15 17:00:00,0.6611428571428571,0.0134210526315789,0.0,0.0,0.1868176691729323,0.011593984962406,0.001,0.009937969924812,0.0,0.0219360902255639
2015-03-15 18:00:00,0.6794120982986767,0.016109640831758,0.0,0.0,0.1683629489603024,0.0767466918714555,0.027274102079395,0.0,0.0,0.0138903591682419
2015-03-15 19:00:00,0.7669429657794677,0.0228174904942965,0.0,0.0,0.171787072243346,0.1266368821292775,0.0688897338403041,0.0543593155893536,0.0,0.0080399239543726
2015-03-15 20:00:00,0.5991257035647279,0.0133639774859287,0.0,0.0,0.1645684803001876,0.1265722326454033,0.001,0.0,0.0,0.0080675422138836
2015-03-15 21:00:00,0.6803631284916202,0.0132737430167597,0.0,0.0,0.1503556797020484,0.1266443202979515,0.001,0.0800614525139664,0.0,0.0080986964618249
2015-03-15 22:00:00,0.6531417910447761,0.0215410447761194,0.0,0.0,0.150356343283582,0.1274328358208955,0.001,0.0,0.0,0.0080746268656716
2015-03-15 23:00:00,0.5958339552238806,0.0174421641791044,0.0,0.0,0.176455223880597,0.0228115671641791,0.0009981343283582,0.0,0.0,0.0080914179104477
2015-03-16 00:00:00,0.5164330855018587,0.013407063197026,0.0,0.0,0.1791394052044609,0.0115148698884758,0.001,0.0,0.0,0.0080613382899628
2015-03-16 01:00:00,0.2953153988868274,0.0128905380333951,0.0,0.0,0.0172448979591836,0.0121688311688311,0.001,0.0,0.0,0.0080593692022263
2015-03-16 02:00:00,0.3178451492537313,0.0215130597014925,0.0,0.0,0.0172350746268656,0.0115279850746268,0.001,0.0,0.0,0.0080839552238805
2015-03-16 03:00:00,0.2864363295880149,0.0191423220973782,0.0,0.0,0.0173689138576779,0.011567415730337,0.001,0.0,0.0,0.0080711610486891
2015-03-16 04:00:00,0.3026734693877551,0.01252133580705,0.0002968460111317,0.0,0.0173079777365491,0.0115231910946196,0.001,0.0,0.0,0.0081020408163265
2015-03-16 05:00:00,0.3267118959107807,0.0131263940520446,0.0,0.0,0.0171802973977695,0.0124981412639405,0.001,0.0,0.0,0.0080669144981412
2015-03-16 06:00:00,0.296535447761194,0.0208190298507462,0.0,0.0,0.0171343283582089,0.0115578358208955,0.001,0.0,0.0,0.0080820895522388
2015-03-16 07:00:00,0.3284516728624535,0.0195148698884758,0.0,0.0,0.0170799256505576,0.0115334572490706,0.001,0.0,0.0,0.0080873605947955
2015-03-16 08:00:00,0.4847798507462686,0.0145167910447761,0.0,0.0,0.0172574626865671,0.0115597014925373,0.001,0.0,0.0,0.0080932835820895
2015-03-16 09:00:00,0.4991161048689138,0.0124475655430711,0.0,0.0,0.0172696629213483,0.0122209737827715,0.001,0.0538277153558052,0.0,0.0080767790262172
2015-03-16 10:00:00,0.4710503731343283,0.0253320895522388,0.0,0.0,0.0173190298507462,0.011625,0.0597332089552238,0.1004701492537313,0.0,0.0080876865671641
2015-03-16 11:00:00,0.4514971962616822,0.0174542056074766,0.0,0.0,0.1385214953271028,0.0123065420560747,0.001,0.0,0.0,0.0581495327102803
2015-03-16 12:00:00,0.7265283018867924,0.0137792452830188,0.0,0.0,0.188877358490566,0.0115226415094339,0.001,0.1636679245283019,0.0,0.0767245283018868
2015-03-16 13:00:00,0.5843009345794393,0.0148654205607476,0.0,0.0,0.1885532710280373,0.0115233644859813,0.001,0.0,0.0,0.1186766355140186
2015-03-16 14:00:00,0.614062381852552,0.0213497164461247,0.0,0.0,0.1736370510396975,0.0115406427221172,0.001,0.0901190926275992,0.0,0.057226843100189
2015-03-16 15:00:00,0.4536954887218045,0.0211635338345864,0.0,0.0,0.1866071428571428,0.012313909774436,0.001,0.0,0.0,0.007296992481203
2015-03-16 16:00:00,0.6163060428849902,0.0140721247563352,0.0,0.0,0.1855477582846003,0.0115399610136452,0.0009980506822612,0.0803762183235867,0.0,0.0665614035087719
2015-03-16 17:00:00,0.6330669144981412,0.015042750929368,0.0,0.0,0.1629312267657992,0.1184609665427509,0.001,0.0,0.0,0.0258921933085501
2015-03-16 18:00:00,0.4611065420560747,0.0191906542056074,0.0,0.0,0.0169943925233644,0.0756130841121495,0.001,0.0,0.0,0.0125850467289719
2015-03-16 19:00:00,0.342051948051948,0.0212486085343228,0.0,0.0,0.0170333951762523,0.012330241187384,0.001,0.0,0.0,0.0076103896103896
2015-03-16 20:00:00,0.3013828996282528,0.0149089219330855,0.0,0.0,0.0170929368029739,0.0115669144981412,0.001,0.0,0.0,0.0076133828996282
2015-03-16 21:00:00,0.2955018587360595,0.0146858736059479,0.0,0.0,0.0170464684014869,0.0115278810408921,0.001,0.0,0.0,0.0076431226765799
2015-03-16 22:00:00,0.5786921641791044,0.0131716417910447,0.0,0.0,0.0171399253731343,0.1005578358208955,0.001,0.1025111940298507,0.0,0.0076417910447761
2015-03-16 23:00:00,0.4624487895716946,0.0196890130353817,0.0,0.0,0.0171899441340782,0.1276554934823091,0.001,0.0,0.0,0.0076443202979515
2015-03-17 00:00:00,0.3075621521335807,0.0201836734693877,0.0,0.0,0.0173135435992578,0.0254192949907235,0.001,0.0,0.0,0.0077198515769944
2015-03-17 01:00:00,0.2701181988742964,0.0135947467166979,0.0,0.0,0.0173733583489681,0.0121069418386491,0.001,0.0,0.0,0.0076810506566604
2015-03-17 02:00:00,0.2653532710280374,0.0135046728971962,0.0,0.0,0.0175570093457943,0.01223738317757,0.001,0.0,0.0,0.0076953271028037
2015-03-17 03:00:00,0.2822925925925926,0.0202092592592592,0.0,0.0,0.0175296296296296,0.0114407407407407,0.001,0.0,0.0,0.0076907407407407
2015-03-17 04:00:00,0.2677074074074074,0.0210944444444444,0.0,0.0,0.0175314814814814,0.0114,0.001,0.0,0.0,0.0077444444444444
2015-03-17 05:00:00,0.2869148148148148,0.014524074074074,0.0,0.0,0.0172685185185185,0.0113814814814814,0.001,0.0,0.0,0.0076407407407407
2015-03-17 06:00:00,0.2806679104477612,0.0142798507462686,0.0,0.0,0.0172238805970149,0.0119850746268656,0.001,0.0,0.0,0.0076529850746268
2015-03-17 07:00:00,0.319169459962756,0.0130837988826815,0.0,0.0,0.0172569832402234,0.0115027932960893,0.001,0.0,0.0,0.0076666666666666
2015-03-17 08:00:00,0.4496748120300752,0.0255921052631578,0.0,0.0,0.0171353383458646,0.0114830827067669,0.001,0.1023665413533834,0.0,0.0076428571428571
2015-03-17 09:00:00,0.2834908759124087,0.0138740875912408,0.0,0.0,0.0171642335766423,0.0115054744525547,0.001,0.0,0.0,0.0076405109489051
2015-03-17 10:00:00,0.4876011235955056,0.0131741573033707,0.0,0.0,0.0701629213483146,0.0119700374531835,0.0097640449438202,0.048878277153558,0.0579344569288389,0.0076460674157303
2015-03-17 11:00:00,0.474785046728972,0.0128691588785046,0.0,0.0,0.191003738317757,0.0118971962616822,0.001,0.0,0.0,0.0076429906542056
2015-03-17 12:00:00,0.5175046210720887,0.0202735674676524,0.0,0.0,0.1869537892791127,0.0114066543438077,0.0452513863216266,0.0,0.0,0.0078096118299445
2015-03-17 13:00:00,0.4990970149253731,0.019356343283582,0.0,0.0,0.1784235074626865,0.0114328358208955,0.0456902985074626,0.0,0.0,0.0076231343283582
2015-03-17 14:00:00,0.5357222222222222,0.0135388888888888,0.0,0.0,0.1728574074074074,0.0114611111111111,0.001,0.0809888888888888,0.0,0.0076
2015-03-17 15:00:00,0.5085609756097561,0.013217636022514,0.0,0.0,0.1859512195121951,0.0121819887429643,0.001,0.0,0.0,0.0333001876172607
2015-03-17 16:00:00,0.6476111111111111,0.0134222222222222,0.0,0.0,0.1801111111111111,0.0113685185185185,0.001,0.1094259259259259,4.4444444444444447e-05,0.0528648148148148
2015-03-17 17:00:00,0.5484007490636704,0.0245730337078651,0.0,0.0,0.1636423220973782,0.0114906367041198,0.024314606741573,0.0,0.0,0.0076985018726591
2015-03-17 18:00:00,0.5346579520697168,0.0162810457516339,0.0,0.0,0.1875925925925926,0.011917211328976,0.001,0.0,0.0,0.0070457516339869
2015-03-17 19:00:00,0.607880266075388,0.0149512195121951,0.0,0.0,0.188640798226164,0.0290443458980044,0.001,0.0,0.0,0.0070376940133037
2015-03-17 20:00:00,0.6418428571428572,0.0124081632653061,0.0,0.0,0.1570795918367347,0.1237571428571428,0.006969387755102,0.0528632653061224,0.0,0.0070163265306122
2015-03-17 21:00:00,0.6035018796992481,0.0187424812030075,0.0,0.0,0.1915827067669172,0.0113966165413533,0.001,0.0,0.0,0.0169812030075188
2015-03-17 22:00:00,0.560710775047259,0.0202041587901701,0.0,0.0,0.1886162570888468,0.0143724007561436,0.001,0.0,0.0,0.0199451795841209
2015-03-17 23:00:00,0.5816994328922496,0.0130529300567107,0.0,0.0,0.1577164461247637,0.126633270321361,0.001,0.0,0.0,0.0070604914933837
2015-03-18 00:00:00,0.5152514071294558,0.0131219512195121,0.0,0.0,0.122,0.0507148217636022,0.001,0.0,0.0,0.0070600375234521
2015-03-18 01:00:00,0.265911320754717,0.0175452830188679,6.037735849056604e-05,0.0,0.0174792452830188,0.0114698113207547,0.001,0.0,0.0,0.0070792452830188
2015-03-18 02:00:00,0.2639698113207547,0.0239226415094339,0.0,0.0,0.0174584905660377,0.0114264150943396,0.001,0.0,0.0,0.0070622641509433
2015-03-18 03:00:00,0.2781390977443609,0.0141015037593984,0.0,0.0,0.0174323308270676,0.0114417293233082,0.001,0.0,0.0009661654135338,0.0070563909774436
2015-03-18 04:00:00,0.2640093632958801,0.0130842696629213,0.0,0.0,0.0175243445692883,0.011440074906367,0.001,0.0,0.0,0.0070749063670411
2015-03-18 05:00:00,0.2554878048780488,0.0128048780487804,0.0,0.0,0.0172757973733583,0.0123827392120075,0.001,0.0,0.0,0.0070469043151969
2015-03-18 06:00:00,0.2929003759398496,0.0219680451127819,0.0,0.0,0.017172932330827,0.0114924812030075,0.001,0.0,0.0,0.0070563909774436
2015-03-18 07:00:00,0.3152977528089887,0.0170262172284644,0.0,0.0,0.0172883895131086,0.011438202247191,0.001,0.0,0.0,0.0070580524344569
2015-03-18 08:00:00,0.4001033834586466,0.0117236842105263,0.0076992481203007,0.0,0.0171936090225563,0.0114755639097744,0.001,0.0797180451127819,0.0,0.0070657894736842
2015-03-18 09:00:00,0.2937161410018553,0.0122486085343228,0.0,0.0,0.0173710575139146,0.0120612244897959,0.001,0.0,0.0,0.0070575139146567
2015-03-18 10:00:00,0.2923537037037037,0.0197851851851851,0.0,0.0,0.0173685185185185,0.0114296296296296,0.001,0.0,0.0,0.0070703703703703
2015-03-18 11:00:00,0.7853807763401108,0.0195878003696857,1.478743068391867e-05,0.3291756007393715,0.1332107208872458,0.0114066543438077,0.001,0.054898336414048,0.0,0.0070573012939001
2015-03-18 12:00:00,1.2145429104477612,0.0126399253731343,0.0,0.7454235074626865,0.190570895522388,0.0114048507462686,0.001,0.0,0.0,0.0070671641791044
2015-03-18 13:00:00,0.8294787430683919,0.0140369685767097,0.0,0.5395231053604437,0.0347301293900184,0.0124953789279112,0.001,0.0,0.0,0.0070776340110905
2015-03-18 14:00:00,0.3888780036968576,0.0148650646950092,0.0,0.0,0.0172975970425138,0.0114824399260628,0.0411423290203327,0.0992754158964879,0.0,0.0070480591497227
2015-03-18 15:00:00,0.3299126394052044,0.0228494423791821,0.0,0.0,0.0173048327137546,0.0114721189591078,0.001,0.0,0.0,0.0414014869888475
2015-03-18 16:00:00,0.5184756554307116,0.0147940074906367,0.0,0.0,0.151189138576779,0.0114157303370786,0.001,0.0,0.0,0.082876404494382
2015-03-18 17:00:00,0.4977444029850746,0.0127350746268656,0.0,0.0,0.0713003731343283,0.0287537313432835,0.001,0.0,0.0,0.0814477611940298
2015-03-18 18:00:00,0.5848130841121496,0.0127121495327102,0.0,0.0,0.0168542056074766,0.1266710280373831,0.001,0.0620130841121495,0.0,0.0080542056074766
2015-03-18 19:00:00,0.5685252336448597,0.0193028037383177,0.0,0.0,0.0168280373831775,0.1266018691588785,0.0172635514018691,0.0,0.0,0.0080747663551401
2015-03-18 20:00:00,0.601687969924812,0.0210526315789473,0.0,0.0,0.0169680451127819,0.126390977443609,0.0688533834586466,0.0483251879699248,0.0,0.0080921052631578
2015-03-18 21:00:00,0.6458398510242085,0.0136163873370577,0.0,0.0,0.0171675977653631,0.1263854748603352,0.0301284916201117,0.0991918063314711,0.0,0.0080800744878957
2015-03-18 22:00:00,0.5540793357933579,0.0121734317343173,0.0,0.0,0.0172546125461254,0.127,0.001,0.0583431734317343,0.0,0.0080848708487084
2015-03-18 23:00:00,0.5035530726256984,0.0166070763500931,0.0,0.0,0.0171918063314711,0.1262029795158286,0.001,0.0,0.0,0.0080837988826815
2015-03-19 00:00:00,0.4047996289424861,0.0242411873840445,0.0,0.0,0.0172653061224489,0.0762634508348794,0.001,0.0,0.0,0.0081113172541743
2015-03-19 01:00:00,0.269660516605166,0.0132324723247232,0.0,0.0,0.0173284132841328,0.0120590405904059,0.001,0.0,0.0,0.0081457564575645
2015-03-19 02:00:00,0.2773854748603352,0.0172476722532588,0.0,5.95903165735568e-05,0.0173687150837988,0.0114189944134078,0.001,0.0,0.0,0.0081415270018621
2015-03-19 03:00:00,0.2640800744878957,0.0127970204841713,0.0,0.0,0.0174525139664804,0.0113985102420856,0.001,0.0,0.0,0.0081117318435754
2015-03-19 04:00:00,0.2647555970149254,0.021365671641791,0.0,0.0,0.0173376865671641,0.0113899253731343,0.001,0.0,0.0,0.0081324626865671
2015-03-19 05:00:00,0.2633487940630797,0.0197513914656771,0.0,0.0,0.01721706864564,0.0123654916512059,0.001,0.0,0.0,0.0080871985157699
2015-03-19 06:00:00,0.2978515769944341,0.0127959183673469,1.4842300556586271e-05,0.0,0.017152133580705,0.0114397031539888,0.001,0.0,0.0,0.0080241187384044
2015-03-19 07:00:00,0.3083594040968342,0.0125921787709497,0.0,0.0,0.0171005586592178,0.011461824953445,0.0009962756052141,0.0,0.0,0.0080689013035381
2015-03-19 08:00:00,0.3162224264705882,0.0234154411764705,0.0,0.0,0.0171544117647058,0.011454044117647,0.001,0.0,0.0,0.0081121323529411
2015-03-19 09:00:00,0.4041182994454713,0.0183807763401109,0.0,0.0,0.017271719038817,0.0121256931608133,0.001,0.1132883548983364,0.0,0.008083179297597
2015-03-19 10:00:00,0.4628911819887429,0.013030018761726,0.0,0.0,0.0173377110694183,0.0114240150093808,0.0283151969981238,0.0492476547842401,0.0611894934333958,0.0081444652908067
2015-03-19 11:00:00,0.2840521415270018,0.0130446927374301,0.0,0.0,0.01724208566108,0.0114562383612662,0.0203668528864059,0.0,0.0,0.0101266294227188
2015-03-19 12:00:00,0.2957662337662338,0.0175269016697588,0.0,0.0,0.0172671614100185,0.0114397031539888,0.001,0.0,0.0,0.0081131725417439
2015-03-19 13:00:00,0.4162621722846442,0.0216760299625468,0.0,0.0,0.0173501872659176,0.0117003745318352,0.001,0.0,0.0,0.0081104868913857
2015-03-19 14:00:00,0.3739530956848029,0.0132138836772983,0.0,0.0,0.0171575984990619,0.0124746716697936,0.001,0.0544127579737335,0.0,0.0080975609756097
2015-03-19 15:00:00,0.6418975791433892,0.0143128491620111,0.0,0.0,0.0172085661080074,0.012046554934823,0.001,0.0,0.0,0.0081080074487895
2015-03-19 16:00:00,0.6429092592592592,0.0149555555555555,0.0,0.0,0.1531981481481481,0.0115148148148148,0.0265851851851851,0.0,0.0,0.0080814814814814
2015-03-19 17:00:00,0.5456044362292052,0.02362292051756,0.0,0.0,0.1912661737523105,0.0114011090573012,0.001,0.0,0.000709796672828,0.0080850277264325
2015-03-19 18:00:00,0.7713295454545455,0.014528409090909,0.0,0.0,0.1847973484848485,0.0341931818181818,0.0780852272727272,0.0,0.0251647727272727,0.0080719696969696
2015-03-19 19:00:00,0.8251252371916509,0.0132201138519924,0.0,0.0,0.1574022770398482,0.1260379506641366,0.1019582542694497,0.0597685009487666,3.795066413662239e-06,0.0080740037950664
2015-03-19 20:00:00,0.641195895522388,0.0128507462686567,0.0,0.0,0.1516716417910447,0.127375,0.027651119402985,0.0,0.0,0.0080634328358208
2015-03-19 21:00:00,0.7179758812615955,0.0271855287569573,0.0,0.0,0.1669981447124304,0.1267513914656771,0.001,0.0,0.0,0.0080742115027829
2015-03-19 22:00:00,0.6266641929499073,0.0187272727272727,0.0,0.0,0.1514285714285714,0.1265658627087198,0.001,0.0,0.0,0.0080723562152133
2015-03-19 23:00:00,0.7576048237476809,0.0135918367346938,0.0,0.0,0.1795584415584415,0.1267959183673469,0.001,0.0,0.0,0.0081391465677179
2015-03-20 00:00:00,0.3503638059701492,0.0132014925373134,0.0,0.0,0.059330223880597,0.021151119402985,0.001,0.0,0.0,0.0080914179104477
2015-03-20 01:00:00,0.2818903345724907,0.0203531598513011,0.0,0.0,0.0173197026022304,0.0119665427509293,0.001,0.0,0.0,0.0081059479553903
2015-03-20 02:00:00,0.2983903345724907,0.0197806691449814,0.0,0.0,0.0173736059479553,0.0113531598513011,0.001,0.0,0.0,0.0080910780669144
2015-03-20 03:00:00,0.2831020408163265,0.0132077922077922,0.0,0.0,0.0174601113172541,0.0113858998144712,0.001,0.0,0.0,0.0081280148423005
2015-03-20 04:00:00,0.289,0.0127308411214953,0.0,0.0,0.01743738317757,0.0113869158878504,0.001,0.0003588785046728,0.0,0.0081177570093457
2015-03-20 05:00:00,0.2822578849721707,0.0214972170686456,0.0,0.0,0.0172504638218923,0.0124675324675324,0.001,0.0,0.0,0.0081428571428571
2015-03-20 06:00:00,0.3647620817843866,0.0185706319702602,0.0,0.0,0.0171598513011152,0.0114516728624535,0.001,0.0,0.0,0.0081208178438661
2015-03-20 07:00:00,0.672903165735568,0.0139571694599627,0.0,0.0,0.0171303538175046,0.0114264432029795,0.001,0.0751992551210428,0.0,0.0081061452513966
2015-03-20 08:00:00,0.3086518518518518,0.0128037037037037,0.0,0.0,0.0172944444444444,0.0114462962962962,0.001,0.0,0.0,0.0081185185185185
2015-03-20 09:00:00,0.3321951672862454,0.0175873605947955,0.0,0.0,0.0171710037174721,0.0591189591078066,0.001,0.0,0.0,0.0081096654275092
2015-03-20 10:00:00,0.5481725417439703,0.0222467532467532,0.0,0.0,0.103291280148423,0.01221706864564,0.001,0.0686456400742115,0.0762875695732838,0.0081094619666048
2015-03-20 11:00:00,0.4649571694599627,0.0145270018621973,0.0,0.0,0.1903389199255121,0.011413407821229,0.001,7.448789571694599e-06,0.0,0.008096834264432
2015-03-20 12:00:00,0.5575471349353049,0.0139667282809611,0.0,0.0,0.1855785582255083,0.0113937153419593,0.001,0.1043364140480591,0.0,0.0081035120147874
2015-03-20 13:00:00,0.4412238805970149,0.0213880597014925,0.0,0.0,0.1760839552238806,0.0113917910447761,0.001,0.0,0.0,0.0092705223880597
2015-03-20 14:00:00,0.4324452690166975,0.0179350649350649,0.0,0.0,0.1572467532467532,0.0116122448979591,0.001,0.0,0.0,0.0080964749536178
2015-03-20 15:00:00,0.4686470588235294,0.0,0.0,0.0,0.1612647058823529,0.014235294117647,0.001,0.0,0.0,0.0080882352941176
2015-03-20 16:00:00,0.5414436781609195,0.0171287356321839,0.0,0.0,0.114903448275862,0.0119172413793103,0.001,0.1085609195402299,0.0,0.0508344827586206
2015-03-20 17:00:00,0.4070551470588235,0.01725,0.0,0.0,0.0170257352941176,0.08928125,0.001,0.0,0.0,0.0352738970588235
2015-03-20 18:00:00,0.3512624768946396,0.0222513863216266,0.0,0.0,0.0170258780036968,0.0280240295748613,0.0028927911275415,0.0,0.0,0.0080480591497227
2015-03-20 19:00:00,0.5015567970204842,0.0150651769087523,0.0,0.0,0.0170763500931098,0.0419180633147113,0.001,0.0780297951582867,0.0,0.008072625698324
2015-03-20 20:00:00,0.4413817504655494,0.0149348230912476,0.0,0.0,0.0170595903165735,0.043169459962756,0.001,0.0,0.0,0.008096834264432
2015-03-20 21:00:00,0.8128592592592593,0.0169574074074074,0.0,0.0,0.0172092592592592,0.1271648148148148,0.0634981481481481,0.1610425925925926,0.0,0.0081018518518518
2015-03-20 22:00:00,0.6124579439252337,0.0238654205607476,0.0,0.0,0.1011700934579439,0.1248672897196261,0.001,0.0,0.0,0.0080897196261682
2015-03-20 23:00:00,0.5763202979515829,0.0130856610800744,0.0,0.0,0.1925083798882681,0.012169459962756,0.001,0.0,0.0,0.0081080074487895
2015-03-21 00:00:00,0.4204296296296296,0.0140481481481481,0.0,0.0,0.0984777777777777,0.0114722222222222,0.001,0.0,0.0,0.0080592592592592
2015-03-21 01:00:00,0.2844510166358595,0.0202809611829944,0.0,0.0,0.0174121996303142,0.0120406654343807,0.001,1.478743068391867e-05,0.0,0.008075785582255
2015-03-21 02:00:00,0.2724526901669759,0.0237421150278293,0.0,0.0,0.0175102040816326,0.0113858998144712,0.001,0.0,0.0,0.0081020408163265
2015-03-21 03:00:00,0.2640986964618249,0.0148659217877094,0.0,0.0,0.0173389199255121,0.0114487895716945,0.001,0.0,0.0,0.0080763500931098
2015-03-21 04:00:00,0.2672891791044776,0.0133899253731343,0.0,0.0,0.0173694029850746,0.0113936567164179,0.001,0.0,0.0,0.0095391791044776
2015-03-21 05:00:00,0.2775719626168224,0.013814953271028,0.0,0.0,0.0172990654205607,0.0123757009345794,0.001,0.0,0.0,0.0083719626168224
2015-03-21 06:00:00,0.2971740740740741,0.0270759259259259,0.0,0.0,0.017187037037037,0.0114333333333333,0.0022444444444444,0.0,0.0,0.0080925925925925
2015-03-21 07:00:00,0.3374248120300752,0.0144962406015037,0.0,0.0,0.0171804511278195,0.0114492481203007,0.001,0.0,0.0,0.0080902255639097
2015-03-21 08:00:00,0.4259981343283582,0.0135223880597014,0.0,0.0,0.0170932835820895,0.0114197761194029,0.001,0.0674477611940298,0.0,0.0080932835820895
2015-03-21 09:00:00,0.4477110694183865,0.0148330206378986,0.0,0.0,0.017170731707317,0.0120093808630394,0.0165234521575984,0.0439906191369606,0.0,0.008108818011257
2015-03-21 10:00:00,0.6790858208955224,0.027285447761194,0.0,0.0,0.1204682835820895,0.0113899253731343,0.0278768656716417,0.1330242537313433,0.0587014925373134,0.0080914179104477
2015-03-21 11:00:00,0.5206441947565543,0.0143970037453183,0.0,0.0,0.1913071161048689,0.0114644194756554,0.0159887640449438,0.0,2.99625468164794e-05,0.0080880149812734
2015-03-21 12:00:00,0.4805261194029851,0.0152444029850746,0.0,0.0,0.1792033582089552,0.0114701492537313,0.001,0.0,0.0,0.008080223880597
2015-03-21 13:00:00,0.4431245353159851,0.0250130111524163,0.0,0.0,0.1629981412639405,0.0118345724907063,0.001,0.0,0.0,0.0080762081784386
2015-03-21 14:00:00,0.4998461538461539,0.0170056285178236,0.0,0.0,0.1542532833020637,0.0114202626641651,0.001,0.0604502814258911,0.0,0.0080938086303939
2015-03-21 15:00:00,0.4482985074626865,0.0154253731343283,0.0,0.0,0.1515279850746268,0.0113880597014925,0.001,0.0,0.0,0.0080970149253731
2015-03-21 16:00:00,0.5681551401869159,0.0140056074766355,0.0,0.0,0.1639626168224299,0.0113644859813084,0.001,0.1318411214953271,0.0,0.0080953271028037
2015-03-21 17:00:00,0.4853439252336449,0.0185794392523364,0.0,0.0,0.184403738317757,0.0114168224299065,0.001,0.0,0.0,0.0080672897196261
2015-03-21 18:00:00,0.7039065420560747,0.0206392523364486,0.0,0.0,0.1789140186915887,0.060033644859813,0.0240635514018691,0.0,0.0389532710280373,0.0080691588785046
2015-03-21 19:00:00,0.6066753731343283,0.0146660447761194,0.0,0.0,0.1247388059701492,0.0975149253731343,0.001,0.0,0.0,0.0080652985074626
2015-03-21 20:00:00,0.4125398886827458,0.0144638218923933,0.0,0.0,0.0169220779220779,0.011469387755102,0.001,0.0,0.0,0.0080705009276437
2015-03-21 21:00:00,0.3059261992619926,0.0242638376383763,0.0,0.0,0.0171771217712177,0.0114520295202952,0.001,0.0,0.0,0.0080959409594095
2015-03-21 22:00:00,0.3012222222222222,0.0179227871939736,0.0,0.0,0.0172749529190207,0.0121657250470809,0.001,0.0,0.0,0.0081111111111111
2015-03-21 23:00:00,0.3081932457786116,0.0134690431519699,0.0,0.0,0.0173339587242026,0.0114502814258911,0.001,9.005628517823639e-05,0.0,0.0080863039399624
2015-03-22 00:00:00,0.2970538033395176,0.0214972170686456,0.0,0.0,0.0172282003710575,0.0114489795918367,0.001,0.0,0.0,0.0081113172541743
2015-03-22 01:00:00,0.3326585820895522,0.0215820895522388,0.0,0.0,0.0173003731343283,0.0120391791044776,0.001,0.0,0.0,0.0081026119402985
2015-03-22 02:00:00,0.3104213483146067,0.0133445692883895,0.0,0.0,0.0173239700374531,0.011441947565543,0.001,0.0,0.0,0.008063670411985
2015-03-22 03:00:00,0.3015279850746268,0.0185634328358208,0.0,0.0,0.0173395522388059,0.0113861940298507,0.001,0.0,0.0,0.0081343283582089
2015-03-22 04:00:00,0.2808175046554935,0.0241918063314711,0.0,0.0,0.017413407821229,0.0114189944134078,0.001,0.0,0.0,0.0081098696461824
2015-03-22 05:00:00,0.3226523364485981,0.0139009345794392,0.0,0.0,0.0173570093457943,0.0123532710280373,0.001,0.0,0.0,0.0080971962616822
2015-03-22 06:00:00,0.2984803738317756,0.0132822429906542,0.0,0.0,0.0173214953271028,0.0114130841121495,0.001,0.0,0.0,0.0081065420560747
2015-03-22 07:00:00,0.3422662942271881,0.0228826815642458,0.0,0.0,0.0172867783985102,0.0115270018621973,0.001,0.0,0.0,0.0080986964618249
2015-03-22 08:00:00,0.3690347222222222,0.0266875,0.0,0.0,0.0171666666666666,0.0114444444444444,0.001,0.0,0.0,0.0080833333333333
2015-03-22 09:00:00,,,,,,,,,,
2015-03-22 10:00:00,,,,,,,,,,
2015-03-22 11:00:00,,,,,,,,,,
2015-03-22 12:00:00,,,,,,,,,,
2015-03-22 13:00:00,,,,,,,,,,
2015-03-22 14:00:00,,,,,,,,,,
2015-03-22 15:00:00,,,,,,,,,,
2015-03-22 16:00:00,,,,,,,,,,
2015-03-22 17:00:00,,,,,,,,,,
2015-03-22 18:00:00,,,,,,,,,,
2015-03-22 19:00:00,,,,,,,,,,
2015-03-22 20:00:00,,,,,,,,,,
2015-03-22 21:00:00,,,,,,,,,,
2015-03-22 22:00:00,,,,,,,,,,
2015-03-22 23:00:00,,,,,,,,,,
2015-03-23 00:00:00,,,,,,,,,,
2015-03-23 01:00:00,,,,,,,,,,
2015-03-23 02:00:00,,,,,,,,,,
2015-03-23 03:00:00,,,,,,,,,,
2015-03-23 04:00:00,,,,,,,,,,
2015-03-23 05:00:00,,,,,,,,,,
2015-03-23 06:00:00,,,,,,,,,,
2015-03-23 07:00:00,,,,,,,,,,
2015-03-23 08:00:00,,,,,,,,,,
2015-03-23 09:00:00,,,,,,,,,,
2015-03-23 10:00:00,,,,,,,,,,
2015-03-23 11:00:00,,,,,,,,,,
2015-03-23 12:00:00,,,,,,,,,,
2015-03-23 13:00:00,,,,,,,,,,
2015-03-23 14:00:00,,,,,,,,,,
2015-03-23 15:00:00,,,,,,,,,,
2015-03-23 16:00:00,,,,,,,,,,
2015-03-23 17:00:00,,,,,,,,,,
2015-03-23 18:00:00,,,,,,,,,,
2015-03-23 19:00:00,,,,,,,,,,
2015-03-23 20:00:00,,,,,,,,,,
2015-03-23 21:00:00,,,,,,,,,,
2015-03-23 22:00:00,,,,,,,,,,
2015-03-23 23:00:00,,,,,,,,,,
2015-03-24 00:00:00,,,,,,,,,,
2015-03-24 01:00:00,,,,,,,,,,
2015-03-24 02:00:00,,,,,,,,,,
2015-03-24 03:00:00,,,,,,,,,,
2015-03-24 04:00:00,,,,,,,,,,
2015-03-24 05:00:00,,,,,,,,,,
2015-03-24 06:00:00,,,,,,,,,,
2015-03-24 07:00:00,,,,,,,,,,
2015-03-24 08:00:00,,,,,,,,,,
2015-03-24 09:00:00,,,,,,,,,,
2015-03-24 10:00:00,,,,,,,,,,
2015-03-24 11:00:00,,,,,,,,,,
2015-03-24 12:00:00,,,,,,,,,,
2015-03-24 13:00:00,,,,,,,,,,
2015-03-24 14:00:00,,,,,,,,,,
2015-03-24 15:00:00,0.4762255192878338,0.0174154302670623,0.0,0.0,0.1761513353115727,0.0113501483679525,0.0009970326409495,0.0,0.0,0.0080445103857566
2015-03-24 16:00:00,0.5699908759124088,0.0188777372262773,0.0,0.0,0.1836423357664233,0.0114379562043795,0.001,0.0720237226277372,0.0,0.0080693430656934
2015-03-24 17:00:00,0.5011155963302752,0.0239155963302752,0.0,0.0,0.1881981651376146,0.0119871559633027,0.001,0.0,0.0,0.008097247706422
2015-03-24 18:00:00,0.5231346863468634,0.0137287822878228,0.0,0.0,0.1770313653136531,0.0114428044280442,0.001,0.0,0.0,0.0080479704797047
2015-03-24 19:00:00,0.7447640449438202,0.0148745318352059,0.0,0.0,0.1726179775280898,0.0451329588014981,0.0774513108614232,0.0,0.0,0.0080599250936329
2015-03-24 20:00:00,0.7762994350282486,0.0241280602636534,0.0,0.0,0.1772278719397363,0.1259114877589454,0.0713935969868173,0.0637721280602636,0.0,0.0080508474576271
2015-03-24 21:00:00,0.688622429906542,0.0192355140186915,0.0,0.0,0.1929588785046729,0.1254056074766355,0.001,0.0,0.0,0.0080785046728971
2015-03-24 22:00:00,0.8464168224299066,0.0152785046728971,0.0,0.0,0.1960411214953271,0.1256018691588785,0.001,0.1075420560747663,0.0,0.0514242990654205
2015-03-24 23:00:00,0.6905746268656717,0.0134085820895522,0.0,0.0,0.1834626865671642,0.1077164179104477,0.001,0.0,0.0,0.0070317164179104
2015-03-25 00:00:00,0.4536275605214153,0.023828677839851,0.0,0.0,0.1448957169459962,0.0114022346368715,0.001,0.0,0.0,0.0070540037243947
2015-03-25 01:00:00,0.2665594149908592,0.0181243144424131,0.0,0.0,0.0172394881170018,0.012071297989031,0.001,0.0,0.0,0.0070420475319926
2015-03-25 02:00:00,0.278545966228893,0.0133489681050656,0.0,0.0,0.0173039399624765,0.0114390243902439,0.001,0.0,0.0,0.0070469043151969
2015-03-25 03:00:00,0.2627783985102421,0.0137150837988826,0.0012513966480446,0.0,0.0173966480446927,0.0114022346368715,0.001,0.0,0.0,0.0070540037243947
2015-03-25 04:00:00,0.2673576779026217,0.0249662921348314,0.0,0.0,0.0173033707865168,0.0114250936329588,0.001,0.0,0.0,0.0070299625468164
2015-03-25 05:00:00,0.2835327102803738,0.0160766355140186,0.0,0.0,0.017233644859813,0.0123962616822429,0.001,0.0019140186915887,0.0,0.0070654205607476
2015-03-25 06:00:00,0.2793513011152416,0.0131171003717472,0.0,0.0,0.0171933085501858,0.0114237918215613,0.001,0.0,0.0,0.0070520446096654
2015-03-25 07:00:00,0.3152373831775701,0.0132411214953271,0.0,0.0,0.0171177570093457,0.011414953271028,0.001,0.0,0.0,0.0070392523364485
2015-03-25 08:00:00,0.4177914338919925,0.0225865921787709,0.0,0.0,0.01724208566108,0.0114636871508379,0.001,0.0842867783985102,0.0,0.0070558659217877
2015-03-25 09:00:00,0.5417022471910112,0.0170205992509363,0.0,0.0,0.0172640449438202,0.012065543071161,0.001,0.2020318352059925,0.0,0.0380337078651685
2015-03-25 10:00:00,0.3722294776119403,0.0150093283582089,0.0,0.0,0.0173675373134328,0.0122033582089552,0.001,0.0695447761194029,0.0,0.0080895522388059
2015-03-25 11:00:00,0.5444149532710281,0.0141831775700934,0.0,0.0,0.171014953271028,0.0123700934579439,0.0098859813084112,0.0313738317757009,0.0618392523364485,0.0080841121495327
2015-03-25 12:00:00,0.4404935064935065,0.0200964749536178,0.0,0.0,0.1788385899814471,0.011382189239332,0.001,0.0,0.0,0.0080834879406307
2015-03-25 13:00:00,0.6146946983546618,0.0205667276051188,0.0,0.0,0.1777550274223034,0.0113729433272394,0.001,0.1938427787934186,0.0,0.0349049360146252
2015-03-25 14:00:00,0.5197375231053605,0.0137948243992606,0.0,0.0,0.1897837338262477,0.0121792975970425,0.001,0.0,0.0,0.0847264325323475
2015-03-25 15:00:00,0.5539317343173432,0.013780442804428,0.0,0.0,0.1881660516605166,0.0113726937269372,0.0458726937269372,0.0,0.0,0.061570110701107
2015-03-25 16:00:00,0.6006407407407407,0.0268166666666666,0.0,0.0,0.1748296296296296,0.0114074074074074,0.001,0.0484222222222222,0.0,0.0129703703703703
2015-03-25 17:00:00,0.6490238532110092,0.0153394495412844,0.0,0.0,0.145988990825688,0.011497247706422,0.001,0.0,0.0,0.0080807339449541
2015-03-25 18:00:00,0.3241626168224299,0.0145775700934579,0.0,0.0,0.0169121495327102,0.0122934579439252,0.001,0.0,0.0,0.0080710280373831
2015-03-25 19:00:00,1.0201591760299624,0.0145599250936329,0.0,0.0,0.0169850187265917,0.076441947565543,0.001,0.0,0.0,0.0080711610486891
2015-03-25 20:00:00,0.5331951219512195,0.0220637898686679,0.0,0.0,0.0170825515947467,0.125639774859287,0.001,0.0867317073170731,0.0,0.0080562851782363
2015-03-25 21:00:00,0.4844625468164794,0.0194644194756554,0.0,0.0,0.0170711610486891,0.1265056179775281,0.001,0.0,0.0,0.0080749063670411
2015-03-25 22:00:00,0.4877943925233645,0.0142598130841121,0.0,0.0,0.0171084112149532,0.1258803738317757,0.001,0.0,0.0,0.0080841121495327
2015-03-25 23:00:00,0.666762962962963,0.0143833333333333,0.0,0.0,0.0172481481481481,0.1258518518518518,0.001,0.0839759259259259,0.0,0.0081111111111111
2015-03-26 00:00:00,0.654903165735568,0.027046554934823,0.0,0.0,0.0172718808193668,0.0728305400372439,0.001,0.0,0.0,0.0081098696461824
2015-03-26 01:00:00,0.2895850467289719,0.0150598130841121,0.0,0.0,0.0174429906542056,0.0121102803738317,0.001,0.0,0.0,0.0080934579439252
2015-03-26 02:00:00,0.2773574074074074,0.0142611111111111,0.0,0.0,0.0173833333333333,0.0114259259259259,0.001,0.0,0.0,0.0081148148148148
2015-03-26 03:00:00,0.2651436464088398,0.0211197053406998,0.0,0.0,0.0173646408839779,0.0114143646408839,0.001,0.0,0.0,0.0081123388581952
2015-03-26 04:00:00,0.2630983302411874,0.0194137291280148,0.0,0.0,0.0172467532467532,0.0114675324675324,0.001,0.0,0.0,0.0080927643784786
2015-03-26 05:00:00,0.2870687732342007,0.0140576208178438,0.0,0.0,0.017263940520446,0.0124126394052044,0.001,0.0,0.0,0.0081078066914498
2015-03-26 06:00:00,0.2969421641791044,0.013231343283582,0.0,0.0,0.0171641791044776,0.0114682835820895,0.001,0.0,0.0,0.0081007462686567
2015-03-26 07:00:00,0.3139179104477612,0.0202220149253731,0.0,0.0,0.0172593283582089,0.0114514925373134,0.001,0.0,0.0,0.0081044776119403
2015-03-26 08:00:00,0.333990671641791,0.0227985074626865,0.0,0.0,0.0171641791044776,0.0114533582089552,0.001,0.0,0.0,0.0081231343283582
2015-03-26 09:00:00,0.5510797773654916,0.0133079777365491,0.0,0.0,0.0172504638218923,0.0121113172541743,0.0040148423005565,0.126860853432282,0.0852560296846011,0.0080723562152133
2015-03-26 10:00:00,0.3237172284644194,0.0140168539325842,0.0,0.0,0.0172584269662921,0.002941947565543,0.001,0.0395861423220973,0.0,0.0080936329588014
2015-03-26 11:00:00,0.2624475655430711,0.0179681647940074,0.0,0.0,0.017314606741573,0.0,0.001,0.0,0.0,0.0081011235955056
2015-03-26 12:00:00,0.2495836431226765,0.0228643122676579,0.0,0.0,0.0174293680297397,0.0,0.001,0.0,0.0,0.0081040892193308
2015-03-26 13:00:00,0.2446014897579143,0.0140130353817504,0.0,0.0,0.0172513966480446,0.0,0.001,0.0,0.0,0.0080912476722532
2015-03-26 14:00:00,0.2447296296296296,0.0136148148148148,0.0,0.0,0.0172907407407407,0.0,0.001,0.0,0.0,0.0080962962962962
2015-03-26 15:00:00,0.2448357933579335,0.0135258302583025,0.0,0.0,0.0172730627306273,0.0,0.001,0.0050332103321033,0.0,0.0081051660516605
2015-03-26 16:00:00,0.2497532467532467,0.0254100185528756,0.0,0.0,0.0171948051948051,0.0,0.001,0.0,0.0,0.0080760667903525
2015-03-26 17:00:00,0.2714067164179104,0.0159850746268656,0.0,0.0,0.0172574626865671,0.0,0.001,0.0,0.0,0.0081044776119403
2015-03-26 18:00:00,0.2880914179104478,0.0136194029850746,0.0,0.0,0.0171100746268656,0.0,0.001,0.0,0.0,0.0080895522388059
2015-03-26 19:00:00,0.2776810506566604,0.0168442776735459,0.0,0.0,0.0171031894934333,0.0,0.001,0.0,0.0,0.0080844277673545
2015-03-26 20:00:00,0.300369202226345,0.0239795918367346,0.0,0.0,0.017077922077922,0.0,0.001,0.0,0.0,0.0080612244897959
2015-03-26 21:00:00,0.256078799249531,0.0126041275797373,0.0,0.0,0.017155722326454,0.0004277673545966,0.001,0.0,0.0,0.0080863039399624
2015-03-26 22:00:00,0.244938202247191,0.0130374531835205,0.0,0.0,0.0172265917602996,0.0,0.001,0.0,0.0,0.0080955056179775
2015-03-26 23:00:00,0.2463490566037736,0.0216132075471698,0.0,0.0,0.0173396226415094,0.0,0.001,0.0,0.0,0.0081188679245283
2015-03-27 00:00:00,0.2529424860853432,0.0212764378478664,0.0,0.0,0.0173673469387755,0.0,0.001,0.0,0.0,0.0081317254174397
2015-03-27 01:00:00,0.2338156424581005,0.0130502793296089,0.0,0.0,0.0173705772811918,0.0,0.001,0.0,0.0,0.0081266294227188
2015-03-27 02:00:00,0.2569815157116451,0.0131275415896487,0.0,0.0,0.0175822550831793,0.0,0.001,0.0,0.0,0.0081571164510166
2015-03-27 03:00:00,0.2439721189591078,0.0156263940520446,0.0,0.0,0.0175929368029739,0.0,0.001,0.0,0.0,0.0081338289962825
2015-03-27 04:00:00,0.260174721189591,0.0258085501858736,0.0,0.0,0.0174014869888475,0.0,0.001,0.0,0.0,0.0081171003717472
2015-03-27 05:00:00,0.2398063314711359,0.0139385474860335,0.0,0.0,0.0172476722532588,0.0,0.001,0.0,0.0,0.0081247672253258
2015-03-27 06:00:00,0.2464479553903346,0.0141449814126394,0.0,0.0,0.017224907063197,0.0,0.001,0.0,0.0,0.0081208178438661
2015-03-27 07:00:00,0.2424869888475836,0.0148159851301115,0.0,0.0,0.0172081784386617,0.0,0.001,0.0,0.0,0.0080817843866171
2015-03-27 08:00:00,0.2486148148148148,0.0207333333333333,0.0,0.0,0.0173333333333333,0.0,0.001,0.0,0.0,0.0081092592592592
2015-03-27 09:00:00,0.2440148975791433,0.0179050279329608,0.0,0.0,0.0171973929236499,0.0,0.001,0.0,0.0,0.0081024208566108
2015-03-27 10:00:00,0.2340277777777777,0.0122944444444444,0.0,0.0,0.0172574074074074,0.0,0.001,0.0,0.0,0.0081481481481481
2015-03-27 11:00:00,0.2478236397748593,0.0124090056285178,0.0,0.0,0.0172870544090056,0.0,0.001,0.0,0.0,0.0081200750469043
2015-03-27 12:00:00,0.260001872659176,0.0158895131086142,0.0,0.0,0.0173314606741573,0.0,0.001,0.0,0.0,0.0080992509363295
2015-03-27 13:00:00,0.2496734693877551,0.0243747680890538,0.0,0.0,0.0173135435992578,0.0,0.001,0.0,0.0,0.0081372912801484
2015-03-27 14:00:00,0.2378722222222222,0.0147055555555555,0.0,0.0,0.017274074074074,0.0,0.001,0.0,0.0,0.0081129629629629
2015-03-27 15:00:00,0.2322862453531598,0.0131263940520446,0.0,0.0,0.0172490706319702,0.0,0.001,0.0,0.0,0.0081115241635687
2015-03-27 16:00:00,0.2440540037243947,0.0131080074487895,0.0,0.0,0.0171601489757914,0.0,0.001,0.0,0.0,0.0081173184357541
2015-03-27 17:00:00,0.2473240223463687,0.0208938547486033,0.0,0.0,0.0171545623836126,0.0,0.001,0.0,0.0,0.0081322160148975
2015-03-27 18:00:00,0.2561390977443609,0.0193721804511278,0.0,0.0,0.0170695488721804,0.0,0.001,0.0,0.0,0.0080902255639097
2015-03-27 19:00:00,0.2419328358208955,0.0130820895522388,0.0,0.0,0.0170876865671641,0.0,0.001,0.0,0.0,0.0080988805970149
2015-03-27 20:00:00,0.2375668549905838,0.0128568738229755,0.0,0.0,0.0170546139359698,0.0,0.001,0.0,0.0,0.0081054613935969
2015-03-27 21:00:00,0.2622332695984704,0.0144856596558317,0.0,0.0,0.0171797323135755,0.0003747609942638,0.001,0.0,0.0,0.0081013384321223
2015-03-27 22:00:00,0.2513775700934579,0.0229757009345794,0.0,0.0,0.0171869158878504,0.0,0.001,0.0,0.0,0.0081271028037383
2015-03-27 23:00:00,0.2481226765799256,0.014860594795539,0.0,0.0,0.017263940520446,0.0,0.001,0.0,0.0,0.0081189591078066
2015-03-28 00:00:00,0.2316716141001855,0.0129090909090909,0.0,0.0,0.0173914656771799,0.0,0.001,0.0,0.0,0.0081094619666048
2015-03-28 01:00:00,0.2378917910447761,0.0127873134328358,0.0,0.0,0.0174589552238805,0.0,0.001,0.0,0.0,0.0081548507462686
2015-03-28 02:00:00,0.2596728280961183,0.0239593345656192,0.0,0.0,0.0175212569316081,0.0,0.001,0.0,0.0,0.0081293900184842
2015-03-28 03:00:00,0.2476067415730337,0.0187134831460674,0.0,0.0,0.017376404494382,0.0,0.001,0.0,0.0,0.0081011235955056
2015-03-28 04:00:00,0.2396987060998151,0.0131386321626617,0.0,0.0,0.0172957486136783,0.0,0.001,0.0,0.0,0.0081238447319778
2015-03-28 05:00:00,0.27406191369606,0.0132757973733583,0.0,0.0,0.0172757973733583,0.0,0.001,0.0,0.0,0.0080975609756097
2015-03-28 06:00:00,0.2417012987012987,0.0139443413729128,0.0,0.0,0.0172467532467532,0.0,0.001,0.0,0.0,0.0081057513914656
2015-03-28 07:00:00,0.2475111524163568,0.0232955390334572,0.0,0.0,0.0172267657992565,0.0,0.001,0.0,0.0,0.008135687732342
2015-03-28 08:00:00,0.2347689463955637,0.0152902033271719,0.0,0.0,0.0171608133086876,0.0,0.001,0.0,0.0,0.0081035120147874
2015-03-28 09:00:00,0.2451361940298507,0.0125018656716417,0.001910447761194,0.0,0.0170858208955223,0.0,0.001,0.0,0.0,0.0081119402985074
2015-03-28 10:00:00,0.2595223048327137,0.0150185873605947,0.001903345724907,0.0,0.0172081784386617,0.0,0.001,0.0,0.0,0.0081059479553903
2015-03-28 11:00:00,0.2312527675276752,0.0131346863468634,0.0,0.0,0.0172785977859778,0.0,0.001,0.0,0.0,0.0080922509225092
2015-03-28 12:00:00,0.256145251396648,0.0231005586592178,0.0,0.0,0.0173798882681564,0.0,0.001,0.0,0.0,0.0081061452513966
2015-03-28 13:00:00,0.2435661080074487,0.0181173184357541,0.0,0.0,0.0172402234636871,0.0,0.001,0.0,0.0,0.0081080074487895
2015-03-28 14:00:00,0.2427388059701492,0.0133432835820895,0.0,0.0,0.0173917910447761,0.0,0.001,0.0,0.0,0.0081231343283582
2015-03-28 15:00:00,0.2400593692022263,0.0135992578849721,0.0,0.0,0.0174675324675324,0.0,0.001,0.0,0.0,0.0081150278293135
2015-03-28 16:00:00,0.3907730627306273,0.0260184501845018,0.0,0.0,0.0172970479704797,0.0,0.001,0.1272324723247232,0.0,0.0081088560885608
2015-03-28 17:00:00,0.3620037523452158,0.0169455909943714,0.0,0.0,0.0170712945590994,0.0,0.001,0.0342439024390243,0.0,0.0081013133208255
2015-03-28 18:00:00,0.516712927756654,0.045574144486692,0.0,0.0,0.0787243346007604,0.0,0.001,0.0,0.0,0.0080779467680608
2015-03-28 19:00:00,0.7185768500948767,0.0592523719165085,0.0,0.0,0.1619753320683112,0.0407457305502846,0.0155977229601518,0.0823187855787476,0.0,0.0081024667931688
2015-03-28 20:00:00,0.7665869158878506,0.0620485981308411,0.0,0.0,0.1536990654205607,0.1148411214953271,0.001,0.0985887850467289,0.0,0.0081028037383177
2015-03-28 21:00:00,0.6942569832402234,0.0611489757914338,0.0,0.0,0.1881508379888268,0.1141191806331471,0.001,0.0,0.0,0.008070763500931
2015-03-28 22:00:00,0.8448831168831168,0.0608200371057513,0.0,0.0,0.1836493506493506,0.1138849721706864,0.001,0.0683116883116883,0.0,0.0080927643784786
2015-03-28 23:00:00,0.6530592592592593,0.0602648148148148,0.0,0.0,0.1621203703703704,0.0942814814814814,0.0106537037037037,0.0146944444444444,0.0,0.0080814814814814
2015-03-29 00:00:00,0.3548413284132841,0.0602029520295203,0.0,0.0,0.0230977859778597,0.0,0.001,0.0,0.0,0.0080867158671586
2015-03-29 01:00:00,,,,,,,,,,
2015-03-29 02:00:00,0.2918348968105065,0.0593808630393996,0.0,0.0,0.0188968105065666,0.0016679174484052,0.001,0.0,0.0,0.0081388367729831
2015-03-29 03:00:00,0.2729067164179104,0.0599365671641791,0.0,0.0,0.0173376865671641,0.0,0.0010018656716417,0.0,0.0,0.0081436567164179
2015-03-29 04:00:00,0.3133948339483395,0.0597656826568265,0.0,0.0,0.0173118081180811,0.0,0.001,0.0,0.0,0.0081033210332103
2015-03-29 05:00:00,0.3029464944649446,0.0594612546125461,0.0,0.0,0.0173191881918819,0.0,0.001,0.0,0.0,0.0081162361623616
2015-03-29 06:00:00,0.338441121495327,0.0590785046728971,0.0,0.0,0.017222429906542,0.0,0.001,0.0,0.0,0.0080859813084112
2015-03-29 07:00:00,0.3253382624768946,0.0589186691312384,0.0,0.0,0.0172033271719038,0.0,0.001,0.0,0.0,0.008090573012939
2015-03-29 08:00:00,0.3751492537313433,0.0584869402985074,0.0,0.0,0.0172182835820895,0.0,0.001,0.0,0.0,0.0081044776119403
2015-03-29 09:00:00,0.562330241187384,0.0581558441558441,0.0,0.0,0.0172374768089053,0.0,0.001,0.0833877551020408,0.0,0.0080890538033395
2015-03-29 10:00:00,0.4994118738404453,0.0578664192949907,0.0,0.0,0.0171020408163265,0.0,0.001,0.0,0.0,0.0080723562152133
2015-03-29 11:00:00,0.2770185185185185,0.0575,0.0,0.0,0.0170259259259259,0.0,0.001,0.0,0.0,0.0080722222222222
2015-03-29 12:00:00,0.2802137546468401,0.0573736059479553,0.0,0.0,0.0170724907063197,0.0,0.001,0.0,0.0,0.0080631970260223
2015-03-29 13:00:00,0.2698677839851024,0.056949720670391,0.0,0.0,0.017024208566108,0.0,0.001,0.0,0.0,0.0080800744878957
2015-03-29 14:00:00,0.2675139146567718,0.0565974025974026,0.0,0.0,0.0169907235621521,0.0,0.001,0.0,0.0,0.0080964749536178
2015-03-29 15:00:00,0.2837214953271028,0.0561065420560747,0.0,0.0,0.0170822429906542,0.0,0.001,0.0,0.0,0.0080897196261682
2015-03-29 16:00:00,0.266499061913696,0.0557129455909943,0.0,0.0,0.0170600375234521,0.0,0.001,0.0,0.0,0.0080806754221388
2015-03-29 17:00:00,0.4460075757575757,0.0548598484848484,0.0,0.0,0.0169337121212121,0.0,0.001,0.0932272727272727,0.0,0.0080681818181818
2015-03-29 18:00:00,0.3714038095238095,0.0540114285714285,0.0,0.0,0.0173809523809523,0.000967619047619,0.001,0.0,0.0,0.008055238095238
2015-03-29 19:00:00,0.6558064516129032,0.0532163187855787,0.0,0.0,0.0167779886148007,0.0935407969639468,0.0726242884250474,0.0845559772296015,0.0,0.0080721062618595
2015-03-29 20:00:00,0.5288484848484849,0.0389469696969696,0.0,0.0,0.0368465909090909,0.1151363636363636,0.001,0.0,0.0,0.0080833333333333
2015-03-29 21:00:00,0.7152090395480226,0.0388210922787193,0.0,0.0,0.1731581920903954,0.1140772128060263,0.001,0.0,0.0,0.0119359698681732
2015-03-29 22:00:00,0.7545158878504673,0.0306093457943925,0.0,0.0,0.1715364485981308,0.114014953271028,0.001,0.0843925233644859,0.0,0.0081065420560747
2015-03-29 23:00:00,0.5960743494423792,0.0280204460966542,0.0,0.0,0.1644200743494424,0.1145576208178438,0.001,0.0,0.0,0.0080929368029739
2015-03-30 00:00:00,0.5863152985074627,0.0319682835820895,0.0,0.0,0.1199682835820895,0.0656026119402985,0.001,0.0,0.0,0.0080951492537313
2015-03-30 01:00:00,0.2654442379182156,0.0369293680297397,0.0,0.0,0.0172732342007434,0.0,0.001,0.0,0.0,0.0080817843866171
2015-03-30 02:00:00,0.2715580110497237,0.0190055248618784,0.0,0.0,0.0173186003683241,0.0,0.001,0.0,0.0,0.0080847145488029
2015-03-30 03:00:00,0.2563724394785847,0.0263705772811918,0.0,0.0,0.0172513966480446,0.0,0.001,0.0,0.0,0.0081061452513966
2015-03-30 04:00:00,0.2558584729981378,0.0284059590316573,0.0,0.0,0.0173612662942271,0.0,0.001,0.0,0.0,0.0214543761638733
2015-03-30 05:00:00,0.2493712686567164,0.0184626865671641,0.0,0.0,0.0172033582089552,0.0,0.001,0.0,0.0,0.0081175373134328
2015-03-30 06:00:00,0.2918789571694599,0.0234525139664804,0.0,0.0,0.017169459962756,0.0,0.001,0.0,0.0,0.0080279329608938
2015-03-30 07:00:00,0.3096151012891344,0.025305709023941,0.0,0.0,0.0170810313075506,0.0,0.001,0.0,0.0,0.0080883977900552
2015-03-30 08:00:00,0.2955411985018726,0.0157490636704119,0.0,0.0,0.0172715355805243,0.0,0.001,0.0,0.0,0.0081048689138576
2015-03-30 09:00:00,0.327546468401487,0.0155223048327137,0.0,0.0,0.0172973977695167,0.0,0.001,0.0642081784386617,0.0,0.0081171003717472
2015-03-30 10:00:00,0.4460393258426967,0.0276554307116104,0.0010187265917602,0.0,0.01725468164794,0.0,0.001,0.0798089887640449,0.0,0.0114606741573033
2015-03-30 11:00:00,1.331089219330855,0.0187360594795539,0.6623011152416357,0.0,0.0624758364312267,0.0,0.003996282527881,0.0671933085501858,0.0623234200743494,0.0080762081784386
2015-03-30 12:00:00,0.7899685185185186,0.0176277777777777,0.0925,0.0,0.1959092592592592,0.0,0.0522907407407407,0.0,0.0,0.0758407407407407
2015-03-30 13:00:00,0.2783854961832061,0.0155572519083969,0.0314389312977099,0.0,0.022662213740458,0.0,0.0010477099236641,0.0,0.0,0.0167919847328244
2015-03-30 14:00:00,0.2447847866419294,0.0262597402597402,0.0,0.0,0.0172486085343228,0.0,0.001,0.0,0.0,0.0070426716141001
2015-03-30 15:00:00,0.2361200750469043,0.0243621013133208,0.0,0.0,0.0173508442776735,0.0,0.001,0.0,0.0,0.0070581613508442
2015-03-30 16:00:00,0.2283726591760299,0.0154588014981273,0.0,0.0,0.0171872659176029,0.0,0.001,0.0,0.0,0.0070449438202247
2015-03-30 17:00:00,0.2729007490636704,0.0146554307116104,0.0,0.0,0.0171460674157303,0.0131835205992509,0.001,0.0,0.0,0.0070449438202247
2015-03-30 18:00:00,0.2886460674157303,0.0269662921348314,0.0,0.0,0.0169794007490636,5.617977528089887e-06,0.001,0.0,0.0,0.0070449438202247
2015-03-30 19:00:00,0.2832,0.0206056074766355,0.0,0.0,0.0168859813084112,0.0,0.001,0.0,0.0,0.00703738317757
2015-03-30 20:00:00,0.6450528301886792,0.0156113207547169,0.0,0.0,0.0168962264150943,0.062054716981132,0.1304283018867924,0.0854169811320754,0.0,0.0070264150943396
2015-03-30 21:00:00,0.5311029962546817,0.0152265917602996,0.0,0.0,0.0169812734082397,0.1152827715355805,0.001,0.0682134831460674,0.0,0.0251423220973782
2015-03-30 22:00:00,0.507914498141264,0.0260631970260223,0.0,0.0,0.0171858736059479,0.1147657992565055,0.0223457249070631,0.024903345724907,0.0,0.0436301115241635
2015-03-30 23:00:00,0.5499794776119403,0.0240597014925373,0.0,0.0,0.0171772388059701,0.1141007462686567,0.001,0.0,0.0,0.0070391791044776
2015-03-31 00:00:00,0.3773752310536044,0.0150942698706099,0.0,0.0,0.0172883548983364,0.0292051756007393,0.001,0.0,0.0,0.0070591497227356
2015-03-31 01:00:00,0.2429514925373134,0.0147891791044776,0.0,0.0,0.0173600746268656,0.0,0.001,0.0,0.0,0.0070690298507462
2015-03-31 02:00:00,0.2458703703703703,0.0236111111111111,0.0,0.0,0.0174074074074074,0.0,0.001,0.0,0.0,0.0070481481481481
2015-03-31 03:00:00,0.247065543071161,0.0224007490636704,0.0,0.0,0.0172640449438202,0.0,0.001,0.0,0.0,0.0070468164794007
2015-03-31 04:00:00,0.2527783251231527,0.0,0.0,0.0,0.0173251231527093,0.0,0.001,0.0,0.0,0.0071083743842364
2015-03-31 05:00:00,,,,,,,,,,
2015-03-31 06:00:00,,,,,,,,,,
2015-03-31 07:00:00,,,,,,,,,,
2015-03-31 08:00:00,,,,,,,,,,
2015-03-31 09:00:00,,,,,,,,,,
2015-03-31 10:00:00,,,,,,,,,,
2015-03-31 11:00:00,,,,,,,,,,
2015-03-31 12:00:00,,,,,,,,,,
2015-03-31 13:00:00,,,,,,,,,,
2015-03-31 14:00:00,,,,,,,,,,
2015-03-31 15:00:00,,,,,,,,,,
2015-03-31 16:00:00,,,,,,,,,,
2015-03-31 17:00:00,,,,,,,,,,
2015-03-31 18:00:00,,,,,,,,,,
2015-03-31 19:00:00,,,,,,,,,,
2015-03-31 20:00:00,,,,,,,,,,
2015-03-31 21:00:00,,,,,,,,,,
2015-03-31 22:00:00,,,,,,,,,,
2015-03-31 23:00:00,,,,,,,,,,
2015-04-01 00:00:00,,,,,,,,,,
2015-04-01 01:00:00,,,,,,,,,,
2015-04-01 02:00:00,,,,,,,,,,
2015-04-01 03:00:00,,,,,,,,,,
2015-04-01 04:00:00,,,,,,,,,,
2015-04-01 05:00:00,,,,,,,,,,
2015-04-01 06:00:00,,,,,,,,,,
2015-04-01 07:00:00,,,,,,,,,,
2015-04-01 08:00:00,,,,,,,,,,
2015-04-01 09:00:00,,,,,,,,,,
2015-04-01 10:00:00,,,,,,,,,,
2015-04-01 11:00:00,,,,,,,,,,
2015-04-01 12:00:00,,,,,,,,,,
2015-04-01 13:00:00,,,,,,,,,,
2015-04-01 14:00:00,,,,,,,,,,
2015-04-01 15:00:00,,,,,,,,,,
2015-04-01 16:00:00,0.3651739130434782,0.0161552795031055,0.0,0.0,0.1513229813664596,0.0,0.001,0.0,0.0,0.0070124223602484
2015-04-01 17:00:00,0.3210170068027211,0.0143673469387755,0.0,0.0,0.0323469387755102,0.0124285714285714,0.001,0.0366326530612244,0.0,0.0070510204081632
2015-04-01 18:00:00,0.2754414715719063,0.0244916387959866,0.0,0.0,0.0171371237458193,0.0003846153846153,0.001,0.0,0.0,0.0070468227424749
2015-04-01 19:00:00,0.5405941558441558,0.0170974025974026,0.0,0.0,0.0170616883116883,0.0,0.1269577922077922,0.058590909090909,0.0,0.0070162337662337
2015-04-01 20:00:00,0.4824836601307189,0.0169444444444444,0.0,0.0,0.0171078431372549,0.1088790849673202,0.0508006535947712,0.0,0.0,0.0070294117647058
2015-04-01 21:00:00,0.5057622149837133,0.0139739413680781,0.0,0.0,0.0171530944625407,0.1137524429967426,0.001,0.0833127035830618,0.0,0.0070521172638436
2015-04-01 22:00:00,0.5129230769230769,0.0274871794871794,0.0,0.0,0.017201923076923,0.1144679487179487,0.001,0.0590641025641025,0.0,0.0070480769230769
2015-04-01 23:00:00,0.472,0.0187193548387096,0.0,0.0,0.0172806451612903,0.114116129032258,0.001,0.0,0.0,0.0074129032258064
2015-04-02 00:00:00,0.3662788461538461,0.014150641025641,0.0,0.0,0.0172852564102564,0.023375,0.001,0.0,0.0,0.0070448717948717
2015-04-02 01:00:00,0.2662019543973941,0.0145048859934853,0.0,0.0,0.0172768729641693,0.0,0.001,0.0,0.0,0.0070456026058631
2015-04-02 02:00:00,0.250474193548387,0.0248354838709677,0.0,0.0,0.0173451612903225,0.0,0.001,0.0,0.0,0.007058064516129
2015-04-02 03:00:00,0.256672131147541,0.0175868852459016,0.0,0.0,0.0175213114754098,0.0,0.001,0.0,0.0,0.0070524590163934
2015-04-02 04:00:00,0.2495,0.0144253246753246,0.0,0.0,0.0175357142857142,0.0,0.001,0.0,0.0,0.007038961038961
2015-04-02 05:00:00,0.2766038961038961,0.0146201298701298,0.0,0.0,0.0173571428571428,0.0,0.001,0.0,0.0,0.0070811688311688
2015-04-02 06:00:00,0.2807435064935065,0.0244740259740259,0.0,0.0,0.0171720779220779,0.0,0.001,0.0,0.0,0.007064935064935
2015-04-02 07:00:00,0.2952774193548387,0.0183903225806451,0.0,0.0,0.0172387096774193,0.0,0.001,0.0,0.0,0.0070419354838709
2015-04-02 08:00:00,0.2828888888888889,0.0130490196078431,0.0,0.0,0.0171960784313725,0.0,0.001,0.0,0.0,0.0070686274509803
2015-04-02 09:00:00,0.336,0.0174498381877022,0.0,0.0,0.0172718446601941,0.0,0.001,0.0513754045307443,0.0,0.0070550161812297
2015-04-02 10:00:00,0.5136601941747573,0.0282459546925566,0.0,0.0,0.0172135922330097,0.0,0.0514757281553398,0.078135922330097,0.0769773462783171,0.0070744336569579
2015-04-02 11:00:00,0.5751856677524431,0.0148566775244299,0.0,0.0,0.0180162866449511,0.0,0.001,0.1141986970684039,0.0,0.0361661237785016
2015-04-02 12:00:00,0.4862540716612378,0.0139348534201954,0.0,0.0,0.0662280130293159,0.0,0.0266807817589576,0.0,0.0,0.0871074918566775
2015-04-02 13:00:00,0.7008506493506494,0.0201201298701298,0.0,0.0,0.1853928571428571,0.0,0.001,0.087538961038961,0.0,0.071288961038961
2015-04-02 14:00:00,0.6620454545454545,0.0266071428571428,0.0,0.0,0.0224642857142857,0.0,0.001,0.0670064935064935,0.0,0.0671038961038961
2015-04-02 15:00:00,0.4626372549019608,0.0145882352941176,0.0,0.0,0.0179084967320261,0.0,0.001,0.0,0.0,0.0684869281045751
2015-04-02 16:00:00,0.3516880466472303,0.013737609329446,0.0,0.0,0.017871720116618,0.0,0.001,0.0,0.0,0.0517667638483965
2015-04-02 17:00:00,0.4289795158286778,0.0186461824953445,0.0,0.0,0.0175772811918063,0.0,0.0241713221601489,0.0788063314711359,0.0,0.0070502793296089
2015-04-02 18:00:00,0.5777644859813085,0.0253420560747663,0.0,0.0,0.0489906542056074,0.000403738317757,0.1889962616822429,0.0438990654205607,0.0,0.0071532710280373
2015-04-02 19:00:00,0.6749219330855019,0.0148884758364312,0.0,0.0,0.1713271375464684,0.1079386617100371,0.0177286245353159,0.0571635687732342,0.0,0.0070260223048327
2015-04-02 20:00:00,0.5510018621973929,0.0139217877094972,0.0,0.0,0.1692867783985102,0.0792141527001862,0.001,0.0,0.0,0.0070353817504655
2015-04-02 21:00:00,0.7326329588014981,0.0226722846441947,0.0,0.0,0.200436329588015,0.0662715355805243,0.001,0.1027734082397003,0.0,0.0070374531835205
2015-04-02 22:00:00,0.6182926829268293,0.0197636022514071,0.0,0.0,0.1651613508442777,0.1143001876172608,0.001,0.0,0.0,0.0070337711069418
2015-04-02 23:00:00,0.61865625,0.0140863970588235,0.0,0.0,0.1943345588235294,0.1117426470588235,0.001,0.0,0.0,0.0070496323529411
2015-04-03 00:00:00,0.4336326530612245,0.0164174397031539,0.0,0.0,0.0975844155844155,0.0048979591836734,0.001,0.0,0.0,0.0070371057513914
2015-04-03 01:00:00,0.2579974358974359,0.0168923076923076,0.0,0.0,0.0175564102564102,0.0,0.001,0.0,0.0,0.0070538461538461
2015-04-03 02:00:00,,,,,,,,,,
2015-04-03 03:00:00,,,,,,,,,,
2015-04-03 04:00:00,,,,,,,,,,
2015-04-03 05:00:00,,,,,,,,,,
2015-04-03 06:00:00,,,,,,,,,,
2015-04-03 07:00:00,,,,,,,,,,
2015-04-03 08:00:00,,,,,,,,,,
2015-04-03 09:00:00,,,,,,,,,,
2015-04-03 10:00:00,,,,,,,,,,
2015-04-03 11:00:00,,,,,,,,,,
2015-04-03 12:00:00,,,,,,,,,,
2015-04-03 13:00:00,,,,,,,,,,
2015-04-03 14:00:00,,,,,,,,,,
2015-04-03 15:00:00,,,,,,,,,,
2015-04-03 16:00:00,,,,,,,,,,
2015-04-03 17:00:00,,,,,,,,,,
2015-04-03 18:00:00,,,,,,,,,,
2015-04-03 19:00:00,,,,,,,,,,
2015-04-03 20:00:00,,,,,,,,,,
2015-04-03 21:00:00,,,,,,,,,,
2015-04-03 22:00:00,,,,,,,,,,
2015-04-03 23:00:00,,,,,,,,,,
2015-04-04 00:00:00,,,,,,,,,,
2015-04-04 01:00:00,,,,,,,,,,
2015-04-04 02:00:00,,,,,,,,,,
2015-04-04 03:00:00,,,,,,,,,,
2015-04-04 04:00:00,,,,,,,,,,
2015-04-04 05:00:00,,,,,,,,,,
2015-04-04 06:00:00,,,,,,,,,,
2015-04-04 07:00:00,,,,,,,,,,
2015-04-04 08:00:00,,,,,,,,,,
2015-04-04 09:00:00,,,,,,,,,,
2015-04-04 10:00:00,,,,,,,,,,
2015-04-04 11:00:00,,,,,,,,,,
2015-04-04 12:00:00,,,,,,,,,,
2015-04-04 13:00:00,,,,,,,,,,
2015-04-04 14:00:00,,,,,,,,,,
2015-04-04 15:00:00,,,,,,,,,,
2015-04-04 16:00:00,,,,,,,,,,
2015-04-04 17:00:00,,,,,,,,,,
2015-04-04 18:00:00,,,,,,,,,,
2015-04-04 19:00:00,,,,,,,,,,
2015-04-04 20:00:00,,,,,,,,,,
2015-04-04 21:00:00,,,,,,,,,,
2015-04-04 22:00:00,,,,,,,,,,
2015-04-04 23:00:00,,,,,,,,,,
2015-04-05 00:00:00,,,,,,,,,,
