time,main,freezer,fridge-freezer,tumble_dryer,washing_machine,computer_site,television_site,microwave,kettle,television_site_bedroom
2014-06-04 00:00:00,0.1869513381995133,0.0770170316301703,0.020992700729927,0.2479026763990267,0.0,0.0039732360097323,0.0161021897810219,0.002323600973236,0.0,0.0008223844282238
2014-06-04 01:00:00,0.1866023255813953,0.0830255813953488,0.012913953488372,0.512,0.0,0.0039255813953488,0.016153488372093,0.002506976744186,0.0,0.0007860465116279
2014-06-04 02:00:00,0.1904183864915572,0.0786322701688555,0.0306378986866791,0.512,0.0,0.0039606003752345,0.0161444652908067,0.0025234521575984,0.0,0.0008011257035647
2014-06-04 03:00:00,0.1895968992248062,0.0782926356589147,0.0301395348837209,0.3631627906976744,0.0,0.0039612403100775,0.0161996124031007,0.0026550387596899,0.0,0.0008120155038759
2014-06-04 04:00:00,0.1821115459882583,0.0722915851272015,0.027812133072407,0.0,0.0,0.0039784735812133,0.0162348336594911,0.0025283757338551,0.0,0.0008160469667318
2014-06-04 05:00:00,0.1716316793893129,0.059148854961832,0.0292824427480916,0.0,0.0,0.0039770992366412,0.0163664122137404,0.0023778625954198,0.0,0.0007996183206106
2014-06-04 06:00:00,0.8097127071823204,0.0576408839779005,0.0332357274401473,0.0,0.0,0.015500920810313,0.0103351749539594,0.0020994475138121,0.1421731123388582,0.0005506445672191
2014-06-04 07:00:00,0.2864703703703703,0.0574648148148148,0.0279611111111111,0.0,0.0,0.0745203703703703,0.00945,0.0020925925925925,0.0657777777777777,0.0006203703703703
2014-06-04 08:00:00,0.2460610412926391,0.0568743267504488,0.0283303411131059,0.0,0.0,0.086883303411131,0.0109946140035906,0.0020269299820466,0.0,0.0005206463195691
2014-06-04 09:00:00,0.2543127272727272,0.0699363636363636,0.0257872727272727,0.0,0.0,0.0787836363636363,0.0157181818181818,0.0020454545454545,0.0,0.0004763636363636
2014-06-04 10:00:00,0.2395449735449735,0.0712698412698412,0.0199929453262786,0.0,0.0,0.0691181657848324,0.0148589065255731,0.0020088183421516,0.0,0.0004038800705467
2014-06-04 11:00:00,0.2448021201413427,0.0733180212014134,0.0187473498233215,0.0,0.0,0.0813586572438162,0.0144134275618374,0.0020159010600706,0.0,0.0004805653710247
2014-06-04 12:00:00,0.2418958707360861,0.0752423698384201,0.0203716337522441,0.0,0.0,0.0740628366247755,0.0148922800718132,0.002048473967684,0.0,0.0005278276481149
2014-06-04 13:00:00,0.5199498207885305,0.0770179211469534,0.0279103942652329,0.0,0.0,0.0725358422939068,0.015173835125448,0.0020448028673835,0.1527956989247311,0.0016487455197132
2014-06-04 14:00:00,0.3444605954465849,0.0731453590192644,0.0280490367775831,0.0,0.0,0.086800350262697,0.0171383537653239,0.0020402802101576,0.0,0.0005026269702276
2014-06-04 15:00:00,0.2298400673400673,0.0598905723905723,0.0275555555555555,0.0,0.0,0.0711245791245791,0.0204360269360269,0.002050505050505,0.0,0.0005488215488215
2014-06-04 16:00:00,0.2350150250417362,0.0592303839732888,0.028,0.0,0.0,0.0780901502504173,0.0203956594323873,0.0020701168614357,0.0,0.0005409015025041
2014-06-04 17:00:00,0.3893086876155268,0.059347504621072,0.0282550831792975,0.0,0.0,0.082713493530499,0.0204639556377079,0.0020295748613678,0.0,0.0005249537892791
2014-06-04 18:00:00,0.665797731568998,0.0585500945179584,0.0250680529300567,0.0,0.0,0.0566219281663516,0.0204669187145557,0.0021379962192816,0.1686654064272211,0.0006446124763705
2014-06-04 19:00:00,0.3381749539594844,0.0695377532228361,0.0370681399631675,0.0,0.0,0.0774788213627992,0.0426556169429097,0.0023204419889502,0.0560184162062615,0.0007311233885819
2014-06-04 20:00:00,0.371908256880734,0.0747871559633027,0.0390752293577981,0.0,2.2018348623853213e-05,0.0952110091743119,0.0161155963302752,0.0255211009174311,0.0442788990825688,0.0005541284403669
2014-06-04 21:00:00,0.2862464788732394,0.0716954225352112,0.0267306338028169,0.0,0.0,0.0305915492957746,0.0161109154929577,0.0021338028169014,0.0,0.0005721830985915
2014-06-04 22:00:00,0.1801588785046728,0.0696485981308411,0.0227420560747663,0.0,0.0,0.0039906542056074,0.0161663551401869,0.0023663551401869,0.0,0.0007607476635514
2014-06-04 23:00:00,0.170777972027972,0.0695716783216783,0.0221346153846153,0.0,0.0,0.0039982517482517,0.0162097902097902,0.0026818181818181,0.0,0.0008741258741258
2014-06-05 00:00:00,0.1673896551724138,0.0684655172413793,0.0189724137931034,0.0026482758620689,0.0,0.0039982758620689,0.0160413793103448,0.0027775862068965,0.0,0.0008896551724137
2014-06-05 01:00:00,0.1662638888888888,0.0670086805555555,0.0206857638888888,0.0,0.0,0.0039913194444444,0.01628125,0.0027673611111111,0.0,0.0008854166666666
2014-06-05 02:00:00,0.1651672413793103,0.0617224137931034,0.0288568965517241,0.0,0.0,0.004,0.0161741379310344,0.0026224137931034,0.0,0.0008448275862068
2014-06-05 03:00:00,0.1591195079086116,0.0560158172231985,0.0291423550087873,0.0,0.0,0.004,0.0161493848857645,0.0021845342706502,0.0,0.0007117750439367
2014-06-05 04:00:00,0.1602014134275618,0.0579929328621908,0.0278109540636042,0.0,0.0,0.004,0.0162349823321554,0.0021466431095406,0.0,0.0006713780918727
2014-06-05 05:00:00,0.2318057432432432,0.0578293918918918,0.0271993243243243,0.0,0.0,0.0039949324324324,0.0163243243243243,0.0022297297297297,0.0793530405405405,0.000643581081081
2014-06-05 06:00:00,0.3673658536585366,0.0559059233449477,0.0295627177700348,0.0,0.0,0.0595731707317073,0.0162770034843205,0.0021324041811846,0.1372717770034843,0.0006620209059233
2014-06-05 07:00:00,0.2372389937106918,0.0453794549266247,0.0295702306079664,0.0,0.0,0.0933249475890985,0.0152641509433962,0.0020272536687631,0.0,0.0004696016771488
2014-06-05 08:00:00,0.2515197934595525,0.0537314974182444,0.0259707401032702,0.0,0.0,0.1019001721170395,0.0162444061962134,0.0020086058519793,0.0,0.0003958691910499
2014-06-05 09:00:00,0.2218838821490468,0.0569306759098786,0.028109185441941,0.0,0.0,0.0707816291161178,0.0163414211438474,0.0020121317157712,0.0,0.0004298093587521
2014-06-05 10:00:00,0.2376455026455026,0.0595255731922398,0.0258712522045855,0.0,0.0,0.0811904761904761,0.0163033509700176,0.002021164021164,0.0,0.0004462081128747
2014-06-05 11:00:00,0.5832884283246977,0.0590604490500863,0.0257582037996545,0.0,0.0,0.085853195164076,0.0163436960276338,0.0020293609671848,0.1240051813471502,0.0005025906735751
2014-06-05 12:00:00,0.260500872600349,0.068130890052356,0.0266457242582897,0.0,0.0,0.0782565445026178,0.016305410122164,0.002089005235602,0.0159267015706806,0.0005951134380453
2014-06-05 13:00:00,0.258565143824027,0.069243654822335,0.0203739424703891,0.0,0.0,0.0953587140439932,0.0164365482233502,0.0021895093062605,0.0,0.000653130287648
2014-06-05 14:00:00,0.3106976351351351,0.0720760135135135,0.0251722972972972,0.0,0.0,0.0673226351351351,0.0164729729729729,0.0022668918918918,0.0879391891891891,0.0007229729729729
2014-06-05 15:00:00,1.6305927835051546,0.0737972508591065,0.0250756013745704,0.0,0.0,0.075541237113402,0.0163213058419244,0.002073883161512,0.0,0.000541237113402
2014-06-05 16:00:00,0.6041243243243243,0.0756792792792792,0.0325027027027027,0.0256288288288288,0.0,0.0615405405405405,0.016263063063063,0.0020396396396396,0.0,0.0004144144144144
2014-06-05 17:00:00,0.902280269058296,0.0801367713004484,0.0373856502242152,0.0043744394618834,0.3378834080717489,0.0555941704035874,0.0162937219730941,0.0020044843049327,0.1513991031390134,0.0003565022421524
2014-06-05 18:00:00,0.3713896103896104,0.0668225108225108,0.0308268398268398,0.0,0.0512294372294372,0.0832619047619047,0.0162748917748917,0.0299891774891774,0.0,0.0006103896103896
2014-06-05 19:00:00,0.2385055187637969,0.0595960264900662,0.0331346578366445,0.0,0.0,0.0810750551876379,0.0165342163355408,0.0024282560706401,0.0,0.0007704194260485
2014-06-05 20:00:00,2.402612,0.056242,0.034588,0.0,0.0,0.053988,0.01617,0.0021939999999999,0.10548,0.000634
2014-06-05 21:00:00,0.2847433264887063,0.0602997946611909,0.0315359342915811,0.0,0.0,0.0612135523613963,0.0161293634496919,0.002229979466119,0.0002669404517453,0.000700205338809
2014-06-05 22:00:00,0.1740617283950617,0.0584423868312757,0.0342222222222222,0.0,0.0,0.0039485596707818,0.0161872427983539,0.0023456790123456,0.0,0.000753086419753
2014-06-05 23:00:00,0.1836912751677852,0.0701342281879194,0.0350268456375838,0.0,0.0,0.0039686800894854,0.0161901565995525,0.0024116331096196,0.0,0.0007964205816554
2014-06-06 00:00:00,0.1779649890590809,0.0666608315098468,0.0330809628008752,0.0,0.0,0.0039540481400437,0.0162078774617067,0.0026477024070021,0.0,0.0008555798687089
2014-06-06 01:00:00,0.1735123966942149,0.0666053719008264,0.0284938016528925,0.0,0.0,0.0039772727272727,0.0162355371900826,0.0027272727272727,0.0,0.0008801652892561
2014-06-06 02:00:00,0.1701008064516129,0.0641270161290322,0.0307197580645161,0.0,0.0,0.0039596774193548,0.0162278225806451,0.0024072580645161,0.0,0.0007016129032258
2014-06-06 03:00:00,0.163414979757085,0.0616761133603238,0.0281396761133603,0.0,0.0,0.0039534412955465,0.016165991902834,0.0021153846153846,0.0,0.0006275303643724
2014-06-06 04:00:00,0.1595204081632653,0.0607265306122449,0.0215,0.0,0.0,0.0039632653061224,0.0164244897959183,0.0021632653061224,0.0,0.0006673469387755
2014-06-06 05:00:00,0.2610166666666667,0.0579958333333333,0.0245520833333333,0.0,0.0,0.0039583333333333,0.0164333333333333,0.00210625,0.10504375,0.0005729166666666
2014-06-06 06:00:00,0.3489697580645161,0.0594133064516129,0.0298629032258064,0.0,0.0,0.0039737903225806,0.0164173387096774,0.0021169354838709,0.1793568548387096,0.0006270161290322
2014-06-06 07:00:00,0.1702948960302457,0.0612797731568998,0.0210075614366729,0.0,0.0,0.0039905482041587,0.016461247637051,0.0020415879017013,0.0,0.000461247637051
2014-06-06 08:00:00,0.6257364620938628,0.0655848375451263,0.0260776173285198,0.0,0.3746371841155234,0.0109512635379061,0.0162635379061371,0.0020144404332129,0.0,0.0003664259927797
2014-06-06 09:00:00,0.2555347091932458,0.0691913696060037,0.0270656660412757,0.0,0.0086116322701688,0.0066360225140712,0.0160018761726078,0.0020037523452157,0.0,0.0003358348968105
2014-06-06 10:00:00,1.79922030651341,0.075727969348659,0.0241724137931034,0.0,0.2438908045977011,0.0082911877394636,0.0159233716475095,0.0020038314176245,0.0784521072796935,0.0003160919540229
2014-06-06 11:00:00,1.653223853211009,0.066897247706422,0.0426660550458715,0.0,0.0687724770642201,0.0086128440366972,0.0163119266055045,0.2585467889908256,0.1183981651376146,0.0003412844036697
2014-06-06 12:00:00,1.3461581818181818,0.0609836363636363,0.0387727272727272,0.0,0.0008545454545454,0.0054272727272727,0.016310909090909,0.4180890909090909,0.0,0.0009436363636363
2014-06-06 13:00:00,0.3119554030874785,0.0815283018867924,0.0297341337907375,0.0,0.0,0.0047890222984562,0.0163499142367066,0.0020943396226415,0.1372607204116638,0.001
2014-06-06 14:00:00,0.3540035026269702,0.1048756567425569,0.0290823117338003,0.0,0.0,0.004323992994746,0.0139176882661996,0.0020980735551663,0.1404868651488616,0.001
2014-06-06 15:00:00,0.4346576576576576,0.0816522522522522,0.0257729729729729,0.0,0.0,0.0043675675675675,0.0129207207207207,0.0021333333333333,0.0402036036036036,0.001
2014-06-06 16:00:00,0.193945155393053,0.0655137111517367,0.0404808043875685,0.0,0.0,0.0039963436928702,0.0148848263254113,0.0021864716636197,0.0,0.001
2014-06-06 17:00:00,0.3912100694444445,0.0889895833333333,0.0445555555555555,0.0,0.0,0.0039913194444444,0.024671875,0.0021944444444444,0.1769826388888888,0.0011527777777777
2014-06-06 18:00:00,0.2835078534031414,0.1134764397905759,0.026567190226876,0.0,0.0,0.0039947643979057,0.0583333333333333,0.0022024432809773,0.0,0.001001745200698
2014-06-06 19:00:00,0.7554880136986301,0.0613852739726027,0.0294828767123287,0.0,0.0,0.004,0.0569503424657534,0.002292808219178,0.0,0.0010068493150684
2014-06-06 20:00:00,1.0080635738831616,0.1013453608247422,0.0338195876288659,0.0,0.0,0.0039759450171821,0.0564862542955326,0.0021769759450171,0.1373453608247422,0.0010068728522336
2014-06-06 21:00:00,0.3639914965986394,0.1039166666666666,0.0476870748299319,0.0,0.0,0.0071479591836734,0.0255714285714285,0.0023367346938775,0.0066054421768707,0.0012023809523809
2014-06-06 22:00:00,0.2133097514340344,0.0629407265774378,0.0310305927342256,0.0,0.0,0.0076883365200764,0.0161319311663479,0.002585086042065,0.0,0.0010172084130019
2014-06-06 23:00:00,0.1694247619047619,0.0634647619047619,0.0269504761904761,0.0,0.0,0.0039790476190476,0.0141333333333333,0.00272,0.0,0.0010247619047619
2014-06-07 00:00:00,0.1968373983739837,0.0808617886178861,0.0272662601626016,0.0,0.0,0.0039695121951219,0.011540650406504,0.0021971544715447,0.0,0.001010162601626
2014-06-07 01:00:00,0.2033186372745491,0.0852264529058116,0.0296192384769539,0.0,0.0,0.0039358717434869,0.0116833667334669,0.0020561122244488,0.0,0.001004008016032
2014-06-07 02:00:00,0.193070707070707,0.0846949494949495,0.0314888888888888,0.0,0.0,0.0039535353535353,0.011670707070707,0.0021373737373737,0.0,0.0010080808080808
2014-06-07 03:00:00,0.1930205607476635,0.0821588785046729,0.0292859813084112,0.0,0.0,0.0039588785046728,0.0113401869158878,0.0022523364485981,0.0,0.0011588785046728
2014-06-07 04:00:00,0.1757782101167315,0.0660408560311284,0.0287140077821011,0.0,0.0,0.0039474708171206,0.0108696498054474,0.0022392996108949,0.0,0.0010097276264591
2014-06-07 05:00:00,0.3122956685499058,0.0601337099811676,0.028653483992467,0.0,0.0,0.0054482109227871,0.011442561205273,0.0021092278719397,0.14354802259887,0.001
2014-06-07 06:00:00,0.338809980806142,0.0612322456813819,0.0338982725527831,0.0,0.0,0.0039520153550863,0.0116065259117082,0.0020441458733205,0.1123781190019194,0.001
2014-06-07 07:00:00,0.3635775700934579,0.0636803738317757,0.0417700934579439,0.0,0.0,0.0513514018691588,0.0120411214953271,0.0020672897196261,0.0834691588785046,0.0011457943925233
2014-06-07 08:00:00,1.4381561904761904,0.0667542857142857,0.0284133333333333,0.0,0.0,0.0039580952380952,0.0134133333333333,0.0021504761904761,0.0,0.0010057142857142
2014-06-07 09:00:00,1.193456603773585,0.0785113207547169,0.0256981132075471,0.0,0.0,0.0099490566037735,0.0148264150943396,0.0021264150943396,0.1059490566037735,0.0010056603773584
2014-06-07 10:00:00,0.2204022556390977,0.0827424812030075,0.0278402255639097,0.0,0.0,0.0039642857142857,0.0162932330827067,0.0021672932330827,0.0,0.0007387218045112
2014-06-07 11:00:00,0.2001026615969581,0.0866863117870722,0.0259866920152091,0.0,0.0,0.0039695817490494,0.0164391634980988,0.0022357414448669,0.0,0.0006692015209125
2014-06-07 12:00:00,0.1776482504604051,0.0716758747697974,0.0291823204419889,0.0,0.0,0.0039447513812154,0.0162615101289134,0.0021307550644567,0.0,0.0005690607734806
2014-06-07 13:00:00,0.1643910614525139,0.0597001862197392,0.0273817504655493,0.0,0.0,0.0039571694599627,0.0163184357541899,0.0021564245810055,0.0,0.0006275605214152
2014-06-07 14:00:00,0.1641431451612903,0.0591149193548387,0.0264717741935483,0.0,0.0,0.0039979838709677,0.016375,0.002399193548387,0.0,0.0007701612903225
2014-06-07 15:00:00,0.1863165322580645,0.0713729838709677,0.0274112903225806,0.0,0.0,0.0039415322580645,0.0162620967741935,0.0021612903225806,0.0,0.0006068548387096
2014-06-07 16:00:00,0.2096304761904762,0.0946647619047619,0.0259961904761904,0.0,0.0,0.0039504761904761,0.0162438095238095,0.00204,0.0,0.0005161904761904
2014-06-07 17:00:00,0.2138462998102466,0.1011650853889943,0.0253624288425047,0.0,0.0,0.0039392789373814,0.0163605313092979,0.0022030360531309,0.0,0.000696394686907
2014-06-07 18:00:00,0.1677730923694779,0.063214859437751,0.0287068273092369,0.0,0.0,0.0039538152610441,0.016363453815261,0.0024518072289156,0.0,0.0007369477911646
2014-06-07 19:00:00,0.175458984375,0.062724609375,0.029060546875,0.0,0.0,0.00396875,0.0163671875,0.002361328125,0.0,0.00075390625
2014-06-07 20:00:00,0.2127975951903807,0.0956553106212424,0.0263627254509018,0.0,0.0,0.0039178356713426,0.0161523046092184,0.002254509018036,0.0,0.0005851703406813
2014-06-07 21:00:00,0.2105207920792079,0.0931564356435643,0.0278752475247524,0.0,0.0,0.0039306930693069,0.0160514851485148,0.0021267326732673,0.0,0.0004970297029702
2014-06-07 22:00:00,0.3929299610894942,0.0762704280155642,0.0284494163424124,0.0,0.0,0.0039727626459143,0.0161303501945525,0.0026089494163424,0.1957451361867704,0.001056420233463
2014-06-07 23:00:00,0.3143378640776699,0.0612466019417475,0.0335631067961165,0.0,0.0,0.0039669902912621,0.0164679611650485,0.0025922330097087,0.0,0.001009708737864
2014-06-08 00:00:00,0.3938825995807128,0.1406624737945492,0.0498071278825995,0.0,0.0,0.0039580712788259,0.0161635220125786,0.002062893081761,0.0,0.0010041928721174
2014-06-08 01:00:00,0.275443579766537,0.140328793774319,0.0363365758754863,0.0,0.0,0.0039319066147859,0.016056420233463,0.0021206225680933,0.0,0.0010038910505836
2014-06-08 02:00:00,0.2649775051124744,0.1390204498977505,0.0294744376278118,0.0,0.0,0.0039468302658486,0.0160879345603272,0.0022392638036809,0.0,0.0010122699386503
2014-06-08 03:00:00,0.2626196319018404,0.137680981595092,0.0291370143149284,0.0,0.0,0.0039509202453987,0.0161349693251533,0.0023333333333333,0.0,0.0011002044989775
2014-06-08 04:00:00,0.261924024640657,0.1366262833675564,0.0287535934291581,0.0,0.0,0.0039445585215605,0.0161909650924024,0.0023778234086242,0.0,0.0012217659137577
2014-06-08 05:00:00,0.301242125984252,0.0746555118110236,0.0295708661417322,0.0,0.0,0.0039389763779527,0.0163543307086614,0.0021515748031496,0.1167007874015748,0.0011023622047244
2014-06-08 06:00:00,1.2593843137254903,0.1382745098039215,0.0297117647058823,0.0,0.0,0.0039549019607843,0.0163117647058823,0.0021764705882352,0.0983901960784313,0.001
2014-06-08 07:00:00,1.3729906367041198,0.0799176029962546,0.0289026217228464,0.0,0.0,0.0116704119850187,0.0162958801498127,0.0020243445692883,0.0,0.001001872659176
2014-06-08 08:00:00,0.5450080160320642,0.1365811623246493,0.0479699398797595,0.0,0.0,0.0082064128256513,0.0161703406813627,0.002004008016032,0.2759719438877755,0.0011362725450901
2014-06-08 09:00:00,0.3335622489959839,0.1362068273092369,0.0375020080321285,0.0,0.0,0.0042911646586345,0.0163453815261044,0.0021024096385542,0.0656887550200803,0.001008032128514
2014-06-08 10:00:00,0.821078350515464,0.1361216494845361,0.0886329896907216,0.0,0.2691237113402062,0.0042701030927835,0.0162845360824742,0.0021113402061855,0.0557051546391752,0.0007443298969072
2014-06-08 11:00:00,0.3897085020242914,0.1356174089068826,0.0847267206477732,0.0,0.03532995951417,0.0039757085020242,0.0162267206477732,0.0020526315789473,0.0,0.0004574898785425
2014-06-08 12:00:00,0.4310413223140495,0.1356177685950413,0.0814132231404958,0.0,0.0,0.0039855371900826,0.0161838842975206,0.0020619834710743,0.1412479338842975,0.0005185950413223
2014-06-08 13:00:00,0.3015540796963947,0.1362941176470588,0.040146110056926,0.0,0.0,0.0039924098671726,0.0163434535104364,0.0022314990512333,0.0430189753320683,0.0006603415559772
2014-06-08 14:00:00,0.4629332023575638,0.1364479371316306,0.0823143418467583,0.0,0.0,0.004,0.0162730844793713,0.0023300589390962,0.1126915520628683,0.0007033398821218
2014-06-08 15:00:00,0.3153663967611336,0.1361963562753036,0.079831983805668,0.0,0.0,0.0039797570850202,0.0162631578947368,0.0022793522267206,0.0,0.0006437246963562
2014-06-08 16:00:00,0.3066384615384615,0.1201903846153846,0.0798134615384615,0.0,0.0,0.0193115384615384,0.0162211538461538,0.0020826923076923,0.0,0.0005153846153846
2014-06-08 17:00:00,0.2778174603174603,0.0830456349206349,0.0789662698412698,0.0,0.0,0.0467321428571428,0.0162837301587301,0.0022420634920634,0.0,0.0006289682539682
2014-06-08 18:00:00,0.379322,0.127702,0.078524,0.0,0.0,0.08917,0.01634,0.002492,0.0,0.00073
2014-06-08 19:00:00,0.3267696737044145,0.0841746641074856,0.0122092130518234,0.0,0.0,0.0666161228406909,0.0163646833013435,0.002468330134357,0.1014836852207293,0.0006928982725527
2014-06-08 20:00:00,0.3846654064272212,0.0816521739130434,0.0830529300567107,0.0,0.0,0.0898393194706994,0.0161379962192816,0.0022570888468809,0.0586654064272211,0.0006521739130434
2014-06-08 21:00:00,0.3201749502982107,0.1299125248508946,0.0447216699801192,0.0,0.0,0.0214214711729622,0.0160974155069582,0.0023757455268389,0.0,0.0006540755467196
2014-06-08 22:00:00,0.2183899613899614,0.0737548262548262,0.0407393822393822,0.0,0.0,0.0039749034749034,0.0161081081081081,0.0026756756756756,0.0,0.0008552123552123
2014-06-08 23:00:00,0.1960493096646942,0.0675956607495069,0.0280650887573964,0.0,0.0,0.0039704142011834,0.0161656804733727,0.0028224852071005,0.0016725838264299,0.0008678500986193
2014-06-09 00:00:00,0.2686726907630522,0.1202008032128514,0.0599477911646586,0.0,0.0,0.0039819277108433,0.0161385542168674,0.0027028112449799,0.0,0.0008654618473895
2014-06-09 01:00:00,0.1879333333333333,0.0932262626262626,0.0053212121212121,0.0,0.0,0.0039535353535353,0.016210101010101,0.0027818181818181,0.0,0.0009070707070707
2014-06-09 02:00:00,0.1943697813121272,0.0713876739562624,0.0525765407554672,0.0,0.0,0.0039721669980119,0.0160616302186878,0.0024751491053677,0.0,0.0007713717693836
2014-06-09 03:00:00,0.1842810707456978,0.0697973231357552,0.038642447418738,0.0,0.0,0.0039808795411089,0.0161051625239005,0.002265774378585,0.007831739961759,0.0007476099426386
2014-06-09 04:00:00,0.196849902534113,0.0918908382066276,0.0140233918128654,0.0,0.0,0.0039590643274853,0.0161539961013645,0.0021130604288499,0.0,0.0006393762183235
2014-06-09 05:00:00,0.3203246492985972,0.0995130260521042,0.0471983967935871,0.0,0.0,0.0039478957915831,0.0162845691382765,0.0021162324649298,0.0957675350701402,0.0005871743486973
2014-06-09 06:00:00,0.3057199211045364,0.0908540433925049,0.0436390532544378,0.0,0.0,0.0143451676528599,0.0162426035502958,0.002189349112426,0.0592879684418145,0.0052820512820512
2014-06-09 07:00:00,0.2389724770642201,0.0696532110091743,0.0405926605504587,0.0,2.935779816513761e-05,0.0052660550458715,0.0163467889908256,0.0211394495412844,0.0275853211009174,0.001
2014-06-09 08:00:00,0.1850913978494623,0.0709713261648745,0.0146308243727598,0.0,0.0,0.0052078853046594,0.0163225806451612,0.0020250896057347,0.0,0.001
2014-06-09 09:00:00,0.3485018115942029,0.0964492753623188,0.0362409420289855,0.1149438405797101,0.0,0.0049329710144927,0.0162989130434782,0.0020416666666666,0.0,0.001
2014-06-09 10:00:00,0.2282868632707774,0.1011340482573726,0.0287372654155495,0.0,0.0,0.0090938337801608,0.0163083109919571,0.0021072386058981,0.0,0.001
2014-06-09 11:00:00,0.3332895752895752,0.0700868725868725,0.0454884169884169,0.0,0.0,0.0042393822393822,0.0163108108108108,0.0020598455598455,0.1022123552123552,0.001
2014-06-09 12:00:00,0.2751739926739927,0.0974413919413919,0.0376355311355311,0.0,0.0,0.0088699633699633,0.0162893772893772,0.0021978021978021,0.027580586080586,0.001
2014-06-09 13:00:00,0.2424370748299319,0.1140731292517006,0.0404455782312925,0.0,0.0,0.0042806122448979,0.0162721088435374,0.0022074829931972,0.0,0.001
2014-06-09 14:00:00,0.3281018675721562,0.0661409168081494,0.0426960950764006,0.0,0.0547877758913412,0.0043667232597623,0.0163140916808149,0.0022359932088285,1.697792869269949e-05,0.001
2014-06-09 15:00:00,1.2688832487309645,0.1392081218274111,0.0400846023688663,0.0,0.0,0.0039932318104906,0.0302165820642978,0.0020761421319796,0.0,0.001
2014-06-09 16:00:00,0.2706615905245347,0.0669441624365482,0.0283333333333333,0.0,1.353637901861252e-05,0.0131269035532994,0.0346040609137055,0.0593519458544839,0.0,0.001
2014-06-09 17:00:00,0.4494207836456559,0.1332453151618398,0.0543100511073253,0.0,3.747870528109029e-05,0.0042538330494037,0.016258943781942,0.0985706984667802,0.0764275979557069,0.001
2014-06-09 18:00:00,0.2105769881556683,0.0719323181049069,0.0423028764805414,0.0,0.0,0.0044263959390862,0.0161624365482233,0.0021708967851099,0.0205769881556683,0.001
2014-06-09 19:00:00,0.3127844827586207,0.079201724137931,0.0394120689655172,0.0,0.0,0.0764137931034482,0.0347224137931034,0.0022844827586206,0.0,0.001
2014-06-09 20:00:00,0.3626375838926174,0.127498322147651,0.0352181208053691,0.0,0.0,0.0251107382550335,0.0580419463087248,0.0021107382550335,0.0,0.001
2014-06-09 21:00:00,0.2807894736842105,0.0669771929824561,0.041538596491228,0.0,0.0,0.0132473684210526,0.024938596491228,0.0022017543859649,0.0,0.001
2014-06-09 22:00:00,0.1960702341137123,0.0651036789297658,0.033319397993311,0.0,0.0,0.0039615384615384,0.016071906354515,0.0023277591973244,0.0,0.001
2014-06-09 23:00:00,0.2448062622309197,0.1199647749510763,0.0354011741682974,0.0,0.0,0.0039608610567514,0.0122035225048923,0.0025283757338551,0.0,0.001
2014-06-10 00:00:00,0.1996774941995359,0.0869141531322505,0.032030162412993,0.0,0.0,0.0039512761020881,0.0105475638051044,0.0026519721577726,0.0,0.001
2014-06-10 01:00:00,0.1624673469387755,0.0563816326530612,0.0355959183673469,0.0,0.0,0.0039673469387755,0.0103,0.002538775510204,0.0,0.001
2014-06-10 02:00:00,0.1788157303370786,0.0676898876404494,0.0348314606741573,0.0,0.0,0.003952808988764,0.0117258426966292,0.0026,0.0,0.001
2014-06-10 03:00:00,0.2220756302521008,0.1034810924369747,0.0314117647058823,0.0,0.0,0.0039642857142857,0.0111512605042016,0.0025147058823529,0.0,0.001
2014-06-10 04:00:00,0.2144856557377049,0.0937745901639344,0.0335020491803278,0.0,0.0,0.0039467213114754,0.0122479508196721,0.0020553278688524,0.0,0.001
2014-06-10 05:00:00,0.1834225621414913,0.0611873804971319,0.0324416826003824,0.0,0.0,0.0039521988527724,0.0130841300191204,0.0021281070745697,0.0,0.001
2014-06-10 06:00:00,0.7515655577299413,0.0603365949119373,0.0331095890410958,0.0,0.0,0.0108473581213307,0.010545988258317,0.0020215264187866,0.0503189823874755,0.0258493150684931
2014-06-10 07:00:00,0.2626429980276134,0.0638284023668639,0.0352485207100591,0.0,0.0,0.0195502958579881,0.0095325443786982,0.0020848126232741,0.0463767258382643,0.0009921104536489
2014-06-10 08:00:00,0.6074493041749502,0.096182902584493,0.0260099403578528,0.0,0.226455268389662,0.0950994035785288,0.0128508946322067,0.0020099403578528,0.0402624254473161,0.001
2014-06-10 09:00:00,0.5048674242424243,0.1007329545454545,0.0229848484848484,0.0,0.0828484848484848,0.0898238636363636,0.016217803030303,0.0020018939393939,0.0,0.001
2014-06-10 10:00:00,0.6464141630901288,0.0650622317596566,0.0230300429184549,0.0,0.3289806866952789,0.0911115879828326,0.0161523605150214,0.0020021459227467,0.0,0.001
2014-06-10 11:00:00,0.2943210332103321,0.0561328413284132,0.0269335793357933,0.0,0.0,0.0987583025830258,0.016210332103321,0.0020092250922509,0.0,0.001
2014-06-10 12:00:00,0.4216732142857142,0.0907660714285714,0.0338821428571428,0.0,0.0,0.0916089285714285,0.0161125,0.002,0.1332553571428571,0.001
2014-06-10 13:00:00,0.3532094717668488,0.1117795992714025,0.0377577413479052,0.0,0.0330273224043715,0.0951475409836065,0.0160510018214936,0.002007285974499,0.0,0.001
2014-06-10 14:00:00,0.6838339222614841,0.0730070671378091,0.0306572438162544,0.0,0.3551007067137809,0.0766307420494699,0.0161572438162544,0.0020229681978798,0.0,0.001
2014-06-10 15:00:00,0.663994,0.133768,0.028834,0.0,0.0,0.068554,0.047508,0.0020299999999999,0.120178,0.001
2014-06-10 16:00:00,0.3901413237924865,0.0706511627906976,0.0435652951699463,0.0,0.0,0.0784830053667263,0.0121484794275491,0.0020429338103756,0.0,0.001
2014-06-10 17:00:00,0.5036974459724951,0.1368958742632613,0.0511827111984282,0.0,8.447937131630648e-05,0.0736758349705304,0.0115972495088408,0.0325815324165029,0.1512003929273084,0.001
2014-06-10 18:00:00,0.3431290322580645,0.068258064516129,0.0711663837011884,0.0,0.0,0.0566349745331069,0.0117792869269949,0.0022122241086587,0.0,0.001
2014-06-10 19:00:00,0.4874675540765391,0.0982113144758735,0.0448036605657237,0.0,0.0004259567387687,0.0738269550748752,0.0115124792013311,0.0021663893510815,0.0,0.001
2014-06-10 20:00:00,0.3479571428571428,0.1048204081632653,0.0413816326530612,0.0,0.0,0.0733367346938775,0.0160265306122448,0.0191530612244897,0.0,0.001
2014-06-10 21:00:00,0.4054274809160305,0.0719980916030534,0.048473282442748,0.0,0.0,0.07756106870229,0.0424083969465648,0.0023053435114503,0.0,0.001
2014-06-10 22:00:00,0.1792304347826087,0.0655217391304347,0.0363717391304347,0.0,0.0,0.003941304347826,0.0146804347826086,0.0022869565217391,0.0,0.001
2014-06-10 23:00:00,0.2086820276497696,0.1040092165898617,0.0283778801843317,1.8433179723502303e-05,0.0,0.0039447004608294,0.0093801843317972,0.0024723502304147,0.0,0.001
2014-06-11 00:00:00,0.2015437352245863,0.1019574468085106,0.0257470449172576,0.0,0.0,0.0039645390070921,0.0076335697399527,0.0026193853427895,0.0,0.001
2014-06-11 01:00:00,0.1769293849658314,0.0754145785876993,0.0307653758542141,0.0,0.0,0.0039589977220956,0.0107835990888382,0.0024510250569476,0.0,0.001
2014-06-11 02:00:00,0.1768489208633093,0.0685827338129496,0.0398081534772182,0.0,0.0,0.0039448441247002,0.0110599520383693,0.0025371702637889,0.0,0.001
2014-06-11 03:00:00,0.1734235588972431,0.0634085213032581,0.0403558897243107,0.0,0.0,0.0039548872180451,0.0060902255639097,0.0027468671679197,0.0,0.001
2014-06-11 04:00:00,0.1784881889763779,0.0741443569553805,0.0361732283464567,0.0,0.0,0.0039606299212598,0.0104225721784776,0.0025538057742782,0.0,0.001
2014-06-11 05:00:00,0.1885012165450121,0.0886350364963503,0.0266861313868613,0.0,0.0,0.003948905109489,0.0124087591240875,0.0022043795620437,0.0,0.001
2014-06-11 06:00:00,1.918239406779661,0.0921440677966101,0.0321652542372881,0.0,0.0,0.0492690677966101,0.0080508474576271,0.0020402542372881,0.1399194915254237,0.001
2014-06-11 07:00:00,0.297713725490196,0.0905019607843137,0.034213725490196,0.0,4.705882352941177e-05,0.0855764705882353,0.0102431372549019,0.0296156862745098,0.0,0.001
2014-06-11 08:00:00,0.2706188605108055,0.0739744597249508,0.0193968565815324,0.0,0.0,0.0861277013752455,0.0134616895874263,0.0020098231827111,0.0,0.001
2014-06-11 09:00:00,0.6947457305502847,0.0641821631878557,0.0379506641366223,0.0,0.0,0.0964914611005692,0.0111081593927893,0.0020018975332068,0.0,0.001
2014-06-11 10:00:00,0.424204,0.065068,0.043106,0.0,0.0,0.090866,0.010076,0.002036,0.146114,0.001
2014-06-11 11:00:00,0.3279267857142857,0.0820232142857142,0.0365375,0.0,0.0,0.0876053571428571,0.0126214285714285,0.0020482142857142,0.0345660714285714,0.001
2014-06-11 12:00:00,0.4146616541353383,0.0983928571428571,0.0393364661654135,0.0,0.0,0.0864868421052631,0.0108703007518797,0.0020714285714285,0.09525,0.001
2014-06-11 13:00:00,0.9931461675579324,0.0985668449197861,0.0350516934046345,0.0,0.403650623885918,0.0766577540106951,0.0096185383244206,0.0020516934046345,0.0,0.001
2014-06-11 14:00:00,0.9756571428571428,0.0696761904761904,0.0407390476190476,0.0,0.0001219047619047,0.0607923809523809,0.0120038095238095,0.0021238095238095,0.0781523809523809,0.001
2014-06-11 15:00:00,1.313185606060606,0.0729602272727272,0.0362708333333333,0.0,0.0,0.0683219696969697,0.0132765151515151,0.0020681818181818,0.0,0.001
2014-06-11 16:00:00,1.3234348659003832,0.1352222222222222,0.0381379310344827,0.0,0.0,0.060603448275862,0.0089750957854406,0.0020536398467432,0.0,0.001
2014-06-11 17:00:00,0.3963980582524272,0.0671533980582524,0.0511689320388349,0.0,0.0,0.0659825242718446,0.0121067961165048,0.0020135922330097,0.1125067961165048,0.001
2014-06-11 18:00:00,0.2675725490196078,0.0895117647058823,0.0516843137254902,0.0,0.0,0.0600960784313725,0.013213725490196,0.0020411764705882,0.0,0.001
2014-06-11 19:00:00,0.3948964879852125,0.1165249537892791,0.0503715341959334,0.0,0.0155896487985212,0.076362292051756,0.0103401109057301,0.0023826247689463,0.0273733826247689,0.001
2014-06-11 20:00:00,0.3858968692449355,0.0669079189686924,0.0496445672191528,0.0,0.0252762430939226,0.0564254143646408,0.0159723756906077,0.002049723756906,0.1275635359116022,0.001
2014-06-11 21:00:00,0.3620248447204969,0.0610931677018633,0.0467370600414078,0.0,0.0,0.0660351966873706,0.0386625258799171,0.0020683229813664,0.0,0.001
2014-06-11 22:00:00,0.229456,0.1032879999999999,0.036914,0.0,0.0,0.007694,0.016102,0.0023279999999999,0.0,0.001
2014-06-11 23:00:00,0.2230895833333333,0.0997708333333333,0.031775,0.0,0.0,0.0058187499999999,0.0161499999999999,0.0025791666666666,0.0,0.001
2014-06-12 00:00:00,0.1837672064777328,0.0755728744939271,0.032078947368421,0.0,0.0,0.0039696356275303,0.0143421052631578,0.0026761133603238,0.0,0.001
2014-06-12 01:00:00,0.1839082568807339,0.0650091743119266,0.0366201834862385,0.0,0.0,0.0039779816513761,0.009588990825688,0.0026550458715596,0.0,0.001
2014-06-12 02:00:00,0.2183560311284046,0.0635856031128404,0.0387256809338521,0.0,0.0,0.0039805447470817,0.0109377431906614,0.002749027237354,0.0,0.001
2014-06-12 03:00:00,0.212611328125,0.067634765625,0.0371171875,0.0,0.0,0.004345703125,0.0099765625,0.00241015625,0.0,0.001
2014-06-12 04:00:00,0.2146457925636007,0.082692759295499,0.03606457925636,0.0,0.0,0.0039471624266144,0.0106888454011741,0.0020841487279843,0.0,0.001
2014-06-12 05:00:00,0.2857848360655737,0.078405737704918,0.0329241803278688,0.0,0.0,0.0039651639344262,0.0111516393442622,0.0021495901639344,0.0001598360655737,0.001
2014-06-12 06:00:00,0.6444517453798768,0.0836488706365503,0.032917864476386,0.0,0.0,0.047659137577002,0.0089014373716632,0.0021026694045174,0.0358028747433264,0.001
2014-06-12 07:00:00,0.3443927855711423,0.0845571142284569,0.0273246492985971,0.0,0.0,0.0764609218436873,0.0104268537074148,0.0020861723446893,0.0766492985971943,0.001
2014-06-12 08:00:00,1.2166691449814129,0.0707936802973977,0.0296412639405204,0.0,7.434944237918215e-06,0.0824052044609665,0.0089758364312267,0.01517843866171,0.0701301115241635,0.001
2014-06-12 09:00:00,0.2520458553791887,0.0645590828924162,0.0286931216931216,0.0,0.0,0.0926437389770723,0.0162627865961199,0.0020035273368606,0.0,0.001
2014-06-12 10:00:00,0.2331572649572649,0.0648068376068376,0.0310991452991453,0.0,0.0,0.0682615384615384,0.0154188034188034,0.0020051282051282,0.0,0.0009965811965811
2014-06-12 11:00:00,0.2661332209106239,0.0914806070826307,0.0285564924114671,0.0,0.0,0.0676694772344013,0.0161753794266441,0.0020134907251264,0.0,0.001
2014-06-12 12:00:00,0.3997289562289562,0.112003367003367,0.032570707070707,0.0,0.0,0.0786127946127946,0.0161397306397306,0.0020117845117845,0.0837542087542087,0.001
2014-06-12 13:00:00,0.2516498316498316,0.0711767676767676,0.0307474747474747,0.0,0.0,0.0788754208754208,0.0161835016835016,0.0020016835016835,0.0,0.001
2014-06-12 14:00:00,1.3540667779632722,0.0639966611018364,0.0434106844741235,0.0,0.0,0.0937295492487479,0.0161552587646076,0.0792570951585976,0.0924023372287145,0.001
2014-06-12 15:00:00,1.4353066666666665,0.1220916666666666,0.0395466666666666,0.0,0.0,0.0690566666666666,0.016135,0.0020066666666666,0.0,0.001
2014-06-12 16:00:00,0.9015033333333332,0.086255,0.0436366666666666,0.0,0.0,0.0819983333333333,0.0162433333333333,0.0020633333333333,0.07246,0.001
2014-06-12 17:00:00,0.2653166666666666,0.074135,0.0393383333333333,0.0,1e-05,0.0548483333333333,0.01626,0.0022083333333333,0.0450783333333333,0.001
2014-06-12 18:00:00,0.7863049999999999,0.1321166666666667,0.033225,0.0,0.294625,0.06788,0.01627,0.00217,1e-05,0.001
2014-06-12 19:00:00,0.3217166666666666,0.0652716666666666,0.0306583333333333,0.0,0.01894,0.089445,0.05317,0.0022683333333333,0.0,0.001
2014-06-12 20:00:00,0.3641866666666666,0.092855,0.0337433333333333,0.0,4e-05,0.05653,0.0591333333333333,0.02089,0.0,0.001
2014-06-12 21:00:00,0.4807816666666667,0.1154833333333333,0.0323016666666666,0.0,0.0,0.081385,0.0586766666666666,0.0022133333333333,0.0,0.001
2014-06-12 22:00:00,0.301135,0.064575,0.0322666666666666,0.0,0.0,0.0350466666666666,0.0226683333333333,0.002115,0.0,0.001
2014-06-12 23:00:00,0.1868194207836456,0.06193867120954,0.0320766609880749,0.0,0.0,0.0038126064735945,0.0161277683134582,0.002381601362862,0.0001090289608177,0.001
2014-06-13 00:00:00,0.203935,0.0793983333333333,0.0367266666666666,0.0,0.0,0.0038833333333333,0.0129983333333333,0.0025883333333333,0.0,0.001
2014-06-13 01:00:00,0.2067529215358931,0.0920550918196995,0.0308230383973288,0.0,0.0,0.0038848080133555,0.0069465776293823,0.0022754590984974,0.0,0.001
2014-06-13 02:00:00,0.1932928452579035,0.0880232945091514,0.032683860232945,0.0,0.0,0.0038868552412645,0.0079900166389351,0.002485856905158,0.0,0.001
2014-06-13 03:00:00,0.1793266666666666,0.07915,0.03172,0.0,0.0,0.0039116666666666,0.010675,0.0028333333333333,0.0,0.001
2014-06-13 04:00:00,0.1710067114093959,0.0648825503355704,0.0360016778523489,0.0,0.0,0.0039060402684563,0.010736577181208,0.0026979865771812,0.0,0.001
2014-06-13 05:00:00,0.1676049999999999,0.0626833333333333,0.0299566666666666,0.0,0.0,0.003865,0.0052733333333333,0.0022683333333333,0.0,0.001
2014-06-13 06:00:00,1.3116868686868686,0.0629427609427609,0.0324612794612794,0.0,0.0,0.0096262626262626,0.0090925925925925,0.002057239057239,0.0651515151515151,0.001
2014-06-13 07:00:00,0.2864325842696629,0.0644513108614232,0.0296067415730337,0.0,0.0,0.0942752808988764,0.0121123595505617,0.0020411985018726,0.0293838951310861,0.001
2014-06-13 08:00:00,0.9626698473282442,0.091486641221374,0.0357041984732824,0.0,0.1864580152671755,0.0803816793893129,0.0086240458015267,0.0020133587786259,0.0,0.001
2014-06-13 09:00:00,0.3287122040072859,0.09183970856102,0.0303806921675774,0.0,0.0285683060109289,0.0788561020036429,0.0059125683060109,0.0020091074681238,0.0,0.001
2014-06-13 10:00:00,0.2678157423971377,0.0896815742397137,0.0334758497316636,0.0,0.0,0.0691180679785331,0.0154794275491949,0.0020250447227191,0.0,0.001
2014-06-13 11:00:00,0.2449257340241796,0.0667892918825561,0.0324974093264248,0.0,0.0,0.0736770293609671,0.0162193436960276,0.0020587219343696,0.0,0.001
2014-06-13 12:00:00,0.2921243611584327,0.0623168654173764,0.0323304940374787,0.0,0.0,0.057701873935264,0.0162674616695059,0.0020477001703577,0.0754020442930153,0.001
2014-06-13 13:00:00,0.2970736086175942,0.1156642728904847,0.0296032315978456,0.0,0.0,0.0799228007181328,0.0163231597845601,0.0020987432675044,0.0,0.001
2014-06-13 14:00:00,1.0829236641221374,0.0908034351145038,0.0350916030534351,0.0,0.0,0.0673931297709923,0.0163835877862595,0.0022958015267175,0.0,0.001
2014-06-13 15:00:00,1.373024347826087,0.064351304347826,0.0304817391304347,0.0,0.0,0.0683965217391304,0.0162678260869565,0.002135652173913,0.0,0.001
2014-06-13 16:00:00,1.1102783333333337,0.10906,0.0349016666666666,0.0,0.0,0.0607966666666666,0.0162066666666666,0.002,0.2284166666666666,0.001
2014-06-13 17:00:00,0.3281341463414634,0.0954982578397212,0.0343048780487804,0.0,0.0,0.0654564459930313,0.0346254355400696,0.0020139372822299,0.0660087108013937,0.001
2014-06-13 18:00:00,0.3055174825174825,0.0647377622377622,0.0440262237762237,0.0,0.0,0.0622744755244755,0.0162132867132867,0.0020472027972027,0.0769283216783216,0.0107937062937062
2014-06-13 19:00:00,0.2796386554621848,0.1004823529411764,0.042163025210084,0.0,0.0,0.0635563025210084,0.0161109243697478,0.0020756302521008,0.0,0.0004890756302521
2014-06-13 20:00:00,0.3411232876712329,0.1042910958904109,0.0402979452054794,0.0,0.0,0.0913664383561643,0.0160890410958904,0.0022654109589041,0.0,0.0006438356164383
2014-06-13 21:00:00,0.4127931623931624,0.0621965811965812,0.0398239316239316,0.0,0.0,0.0551042735042735,0.0321743589743589,0.0022461538461538,0.0317606837606837,0.0005709401709401
2014-06-13 22:00:00,0.2137429048414023,0.069041736227045,0.027779632721202,0.0,0.0,0.004363939899833,0.0160534223706176,0.0023322203672787,0.0,0.0006994991652754
2014-06-13 23:00:00,0.2355648464163822,0.1116279863481228,0.0322081911262798,0.0,0.0,0.0039641638225255,0.0161006825938566,0.0026058020477815,0.0,0.0007952218430034
2014-06-14 00:00:00,0.2037866666666666,0.088325,0.029615,0.0,0.0,0.00396,0.0161166666666666,0.002595,0.0,0.00077
2014-06-14 01:00:00,0.1685876460767946,0.0642904841402337,0.0296210350584307,0.0,0.0,0.0039666110183639,0.0161118530884808,0.0025509181969949,0.0,0.0007579298831385
2014-06-14 02:00:00,0.1847433333333333,0.0618266666666666,0.0298433333333333,0.0004266666666666,0.0,0.0039683333333333,0.0143516666666666,0.0027233333333333,0.0,0.0008
2014-06-14 03:00:00,0.223955,0.099365,0.0397683333333333,0.0,0.0,0.0039683333333333,0.013465,0.0028216666666666,0.0,0.0008816666666666
2014-06-14 04:00:00,0.2092516666666666,0.0991166666666666,0.033945,0.0,0.0,0.0039633333333333,0.0133783333333333,0.0028583333333333,0.0,0.00085
2014-06-14 05:00:00,0.1878266666666666,0.0744016666666666,0.0320566666666666,0.0,0.0,0.003965,0.0118316666666666,0.0024766666666666,0.0,0.0007883333333333
2014-06-14 06:00:00,0.3125084745762712,0.0614728813559322,0.0395322033898305,0.0,0.0,0.0039525423728813,0.0119186440677966,0.0021389830508474,0.1454322033898305,0.0005559322033898
2014-06-14 07:00:00,1.370188455008489,0.0697572156196943,0.0375297113752122,0.0,0.0,0.0604567062818336,0.0137436332767402,0.0020458404074702,0.0448675721561969,0.0004346349745331
2014-06-14 08:00:00,0.311204991087344,0.1003868092691622,0.0295650623885918,0.0,0.0,0.0937932263814616,0.0137219251336898,0.0021283422459893,0.0,0.0005757575757575
2014-06-14 09:00:00,0.2759432624113475,0.0997907801418439,0.0283226950354609,0.0,0.0,0.0705620567375886,0.0084237588652482,0.0020797872340425,0.0,0.0005478723404255
2014-06-14 10:00:00,0.5958721136767319,0.0692255772646536,0.0390781527531083,0.0,0.3488312611012433,0.0577655417406749,0.0179236234458259,0.002145648312611,0.0,0.0006483126110124
2014-06-14 11:00:00,0.3243399638336347,0.0616564195298372,0.0341500904159132,0.0,0.0323074141048824,0.0567034358047016,0.0423218806509945,0.0023164556962025,0.0,0.0007016274864376
2014-06-14 12:00:00,0.3397478260869565,0.0880921739130434,0.02972,0.0,0.0,0.0674226086956521,0.0151026086956521,0.0022173913043478,0.0624121739130434,0.0005547826086956
2014-06-14 13:00:00,1.1541142857142856,0.112998319327731,0.0298386554621848,0.0,0.0,0.061816806722689,0.0110554621848739,0.0020773109243697,0.0,0.00050756302521
2014-06-14 14:00:00,0.2351911262798635,0.0742918088737201,0.0290307167235494,0.0,0.0,0.0643105802047781,0.0147423208191126,0.0020853242320819,0.0,0.0006126279863481
2014-06-14 15:00:00,0.2844735915492957,0.0667764084507042,0.0284383802816901,0.0,0.0,0.0784665492957746,0.0442957746478873,0.0020598591549295,0.0,0.0005088028169014
2014-06-14 16:00:00,0.277960413080895,0.1148605851979346,0.0282788296041308,0.0,0.0,0.0540413080895008,0.0126333907056798,0.0020068846815834,0.0,0.0004010327022375
2014-06-14 17:00:00,0.2430258302583026,0.0912970479704797,0.0302675276752767,0.0,0.0,0.0541309963099631,0.0162343173431734,0.0020479704797047,0.0,0.0004280442804428
2014-06-14 18:00:00,0.2223063973063973,0.0638080808080808,0.0293720538720538,0.0,0.0,0.0552979797979798,0.0227744107744107,0.0021430976430976,0.0,0.0006026936026936
2014-06-14 19:00:00,0.3401476868327402,0.0951672597864768,0.0281850533807829,0.0,0.0,0.0871548042704626,0.0600978647686832,0.0022651245551601,0.0,0.000644128113879
2014-06-14 20:00:00,0.5515510887772195,0.1074757118927973,0.0371876046901172,0.0,0.0,0.0745527638190954,0.0527604690117252,0.0021055276381909,0.1031624790619765,0.0005494137353433
2014-06-14 21:00:00,0.4611116666666667,0.0646633333333333,0.0388566666666666,0.0,2.666666666666667e-05,0.0657399999999999,0.03616,0.01853,0.0,0.0005383333333333
2014-06-14 22:00:00,0.333559265442404,0.0620651085141903,0.0352904841402337,0.0,0.0,0.0038697829716193,0.0579933222036727,0.0025275459098497,0.0,0.0008013355592654
2014-06-14 23:00:00,0.3066929530201342,0.0803557046979865,0.0334630872483221,0.0,0.0,0.0038691275167785,0.0508154362416107,0.0025352348993288,0.0,0.0008708053691275
2014-06-15 00:00:00,0.200737881508079,0.0927432675044883,0.0331831238779174,0.0,0.0,0.0039048473967684,0.0117755834829443,0.0026642728904847,0.0,0.0008725314183123
2014-06-15 01:00:00,0.2068516666666666,0.0907916666666666,0.03174,0.0,0.0,0.0039049999999999,0.01089,0.0028533333333333,0.0,0.0009216666666666
2014-06-15 02:00:00,0.1857416666666666,0.0689316666666666,0.0294766666666666,0.0,0.0,0.0039333333333333,0.0106083333333333,0.0028833333333333,0.0,0.0009116666666666
2014-06-15 03:00:00,0.1810283806343906,0.062474123539232,0.0315909849749582,0.0,0.0,0.0038964941569282,0.0097145242070116,0.0025659432387312,0.0,0.000813021702838
2014-06-15 04:00:00,0.1736489184692179,0.0616439267886855,0.0292845257903494,0.0,0.0,0.0038419301164725,0.0115590682196339,0.0023926788685524,0.0,0.0008252911813643
2014-06-15 05:00:00,0.181105719237435,0.0729428076256499,0.0272478336221837,0.0,0.0,0.0038561525129982,0.01142287694974,0.0021525129982668,0.0,0.0006811091854419
2014-06-15 06:00:00,1.526328836424958,0.0865767284991568,0.0292040472175379,0.0,0.0,0.0038768971332209,0.0108499156829679,0.0021635750421585,0.1044789207419898,0.0005817875210792
2014-06-15 07:00:00,0.3909866888519134,0.0860366056572379,0.0395091514143094,7.986688851913477e-05,1.6638935108153077e-05,0.0074808652246256,0.0110748752079866,0.0139900166389351,0.1724875207986689,0.0006855241264559
2014-06-15 08:00:00,0.2237084048027444,0.0881663807890223,0.0374391080617495,0.0001372212692967,0.0,0.0141097770154373,0.010188679245283,0.0020291595197255,0.0,0.0004219554030874
2014-06-15 09:00:00,0.2473533333333333,0.0641149999999999,0.0302633333333333,0.0,0.0,0.0080116666666666,0.00982,0.00226,0.0,0.0589116666666666
2014-06-15 10:00:00,0.1763384879725086,0.0620395189003436,0.0298006872852233,0.0,0.0,0.0039587628865979,0.0088556701030927,0.0021580756013745,0.0,0.0005773195876288
2014-06-15 11:00:00,0.8110140105078809,0.0597197898423817,0.0331383537653239,0.0,0.0,0.0046199649737302,0.0107740805604203,0.1190840630472854,0.1510035026269702,0.0006602451838879
2014-06-15 12:00:00,0.7373200692041523,0.0972837370242214,0.034977508650519,0.0,0.0002006920415224,0.0084429065743944,0.0094653979238754,0.280038062283737,0.0022249134948096,0.0007802768166089
2014-06-15 13:00:00,0.2765234521575985,0.0981200750469043,0.0363789868667917,0.0,0.0,0.0080131332082551,0.0120562851782363,0.0023245778611632,0.0456266416510319,0.0007542213883677
2014-06-15 14:00:00,0.2074179104477612,0.0814160447761194,0.0311287313432835,0.0,0.0,0.0163638059701492,0.0153861940298507,0.0022817164179104,0.0,0.0007070895522388
2014-06-15 15:00:00,0.4161149012567325,0.0693554757630161,0.0394308797127468,0.0,0.0,0.0542208258527827,0.016359066427289,0.0022513464991023,0.1627271095152603,0.0007145421903052
2014-06-15 16:00:00,0.3995925266903914,0.0686103202846975,0.0493238434163701,2.313167259786477e-05,0.0,0.0544982206405693,0.0163540925266903,0.0022259786476868,0.1766797153024911,0.0006352313167259
2014-06-15 17:00:00,0.2599845360824742,0.0830635738831615,0.0365240549828178,0.0,0.0,0.0624450171821305,0.0164037800687285,0.0021752577319587,0.0,0.0005876288659793
2014-06-15 18:00:00,0.3051166666666666,0.0960366666666666,0.0318333333333333,0.0,0.0,0.09426,0.0163966666666666,0.0022233333333333,0.0,0.000705
2014-06-15 19:00:00,0.4251663865546218,0.0898941176470588,0.0307226890756302,0.0,0.0,0.1085563025210084,0.0162504201680672,0.0023932773109243,0.0849126050420168,0.0007714285714285
2014-06-15 20:00:00,0.3475559265442404,0.0676928213689482,0.0283288814691151,0.0,0.0,0.083033388981636,0.0161118530884808,0.0022854757929883,0.0527429048414023,0.0006961602671118
2014-06-15 21:00:00,0.2567989949748743,0.0633149078726968,0.0322428810720267,0.0,0.0,0.0414422110552763,0.0152428810720268,0.0023333333333333,0.0,0.0006549413735343
2014-06-15 22:00:00,0.1758716666666666,0.0628116666666666,0.02888,0.0,0.0,0.007705,0.0105116666666666,0.0026216666666666,0.0001066666666666,0.000805
2014-06-15 23:00:00,0.182585,0.0668933333333333,0.0287933333333333,0.0,0.0,0.0052033333333333,0.0105399999999999,0.0027416666666666,0.0,0.0008683333333333
2014-06-16 00:00:00,0.2030466666666666,0.0841883333333333,0.028775,0.0,0.0,0.0039816666666666,0.0099966666666666,0.0028416666666666,5.333333333333334e-05,0.00091
2014-06-16 01:00:00,0.2034003436426117,0.083807560137457,0.0295360824742268,0.0,0.0,0.0039656357388316,0.010201030927835,0.0028144329896907,0.0,0.0009106529209621
2014-06-16 02:00:00,0.1999762773722627,0.080662408759124,0.0303229927007299,0.0,0.0,0.0041751824817518,0.0100912408759124,0.0023850364963503,0.0,0.0007025547445255
2014-06-16 03:00:00,0.1947486136783733,0.0772125693160813,0.0288890942698706,0.0,0.0,0.0041829944547134,0.0110499075785582,0.002354898336414,0.0,0.0007486136783733
2014-06-16 04:00:00,0.1847322097378277,0.0674775280898876,0.0295149812734082,0.0,0.0,0.0053033707865168,0.0116048689138576,0.0022209737827715,0.0,0.0007359550561797
2014-06-16 05:00:00,0.1949654510556621,0.0667120921305182,0.0308848368522072,0.0,0.0,0.0100268714011516,0.0116353166986564,0.0021919385796545,1.5355086372360844e-05,0.0006506717850287
2014-06-16 06:00:00,0.3486550458715596,0.0625926605504587,0.0307082568807339,0.0,0.0,0.0161779816513761,0.0224,0.0020990825688073,0.1420018348623853,0.0005467889908256
2014-06-16 07:00:00,0.2009761904761904,0.0613205128205128,0.0302545787545787,0.0,0.0,0.0176739926739926,0.0216538461538461,0.0022216117216117,0.0,0.0006831501831501
2014-06-16 08:00:00,0.1849160839160839,0.0628618881118881,0.0314650349650349,0.0,0.0,0.0172150349650349,0.0104300699300699,0.002256993006993,0.0,0.0006188811188811
2014-06-16 09:00:00,0.1921281618887015,0.0695278246205733,0.0308043844856661,0.0,0.0,0.0174620573355817,0.0151635750421585,0.0022276559865092,0.0,0.00058347386172
2014-06-16 10:00:00,0.1963371428571428,0.0739314285714285,0.0301333333333333,0.0,0.0,0.0176438095238095,0.0163695238095238,0.002135238095238,0.0,0.0006209523809523
2014-06-16 11:00:00,0.1996316666666666,0.0820666666666666,0.0218183333333333,0.0,0.0,0.0170266666666666,0.0164416666666666,0.0021716666666666,0.0,0.0006633333333333
2014-06-16 12:00:00,0.2732601351351351,0.0842449324324324,0.0242702702702702,0.0,0.0,0.0063293918918918,0.0163327702702702,0.0021655405405405,0.0703243243243243,0.0005996621621621
2014-06-16 13:00:00,0.2990535714285714,0.0836214285714285,0.0295821428571428,0.0,0.0,0.0112571428571428,0.0164196428571428,0.0022946428571428,0.1112053571428571,0.0007214285714285
2014-06-16 14:00:00,0.308716723549488,0.0650477815699658,0.0257218430034129,0.0,0.0,0.0828720136518771,0.0163805460750853,0.0020477815699658,0.0,0.0004317406143344
2014-06-16 15:00:00,1.1469367088607594,0.0595352622061482,0.0220307414104882,0.0,0.0,0.068631103074141,0.01625678119349,0.00200904159132,0.0,0.0003887884267631
2014-06-16 16:00:00,1.2088578856152512,0.0625441941074523,0.047001733102253,0.0,0.0,0.0672859618717504,0.0593622183708838,0.0020502599653379,0.0005216637781629,0.0004280762564991
2014-06-16 17:00:00,0.4673023255813953,0.0751735241502683,0.0439409660107334,0.0,0.0,0.0659838998211091,0.0557531305903398,0.0020089445438282,0.0,0.0004382826475849
2014-06-16 18:00:00,0.3267216890595009,0.0878061420345489,0.027619961612284,0.0,0.0,0.0659500959692898,0.0249347408829174,0.0020134357005758,0.0674088291746641,0.000383877159309
2014-06-16 19:00:00,0.3670945674044266,0.0863158953722334,0.0284607645875251,0.0,0.0,0.0784164989939637,0.056076458752515,0.0021830985915492,0.0539617706237424,0.0006317907444668
2014-06-16 20:00:00,0.4237941176470588,0.0825431372549019,0.0321156862745098,0.0,0.0,0.0404666666666666,0.0439117647058823,0.002078431372549,0.0800862745098039,0.0005
2014-06-16 21:00:00,0.2814600760456274,0.0618726235741444,0.0277794676806083,0.0,0.0,0.0123307984790874,0.0305494296577946,0.0022205323193916,0.0,0.0005646387832699
2014-06-16 22:00:00,0.2072551020408163,0.0659489795918367,0.027069387755102,0.0,0.0,0.0039775510204081,0.016169387755102,0.0025755102040816,0.0,0.0007918367346938
2014-06-16 23:00:00,0.1720235756385068,0.0627897838899803,0.0271925343811394,0.0,0.0,0.0039607072691552,0.0119607072691552,0.0025324165029469,0.0,0.0008133595284872
2014-06-17 00:00:00,0.1739549902152642,0.0653287671232876,0.0284403131115459,0.0,0.0,0.0039608610567514,0.0109667318982387,0.0027162426614481,0.0,0.0008317025440313
2014-06-17 01:00:00,0.1763906882591093,0.0642732793522267,0.0283906882591093,0.0,0.0,0.0039676113360323,0.0094028340080971,0.0024757085020242,0.0,0.0007651821862348
2014-06-17 02:00:00,0.1876259842519685,0.073267716535433,0.0302204724409448,0.0,0.0,0.0039468503937007,0.0110748031496063,0.0021279527559055,0.0,0.0005984251968503
2014-06-17 03:00:00,0.1824362139917695,0.0701090534979423,0.0283251028806584,0.0,0.0,0.0039423868312757,0.0108641975308641,0.0021872427983539,0.0,0.000679012345679
2014-06-17 04:00:00,0.185010752688172,0.0722150537634408,0.0332021505376344,0.0,0.0,0.003963440860215,0.0121569892473118,0.0021763440860215,0.0,0.0006838709677419
2014-06-17 05:00:00,0.2803237113402061,0.0712783505154639,0.0297896907216494,0.0,0.0,0.0039690721649484,0.0154536082474226,0.0021257731958762,0.1197278350515464,0.0006556701030927
2014-06-17 06:00:00,0.356996015936255,0.070816733067729,0.0339203187250995,0.0,0.0,0.062808764940239,0.019804780876494,0.0048884462151394,0.1098266932270916,0.0005737051792828
2014-06-17 07:00:00,0.3903148514851485,0.0718455445544554,0.0267128712871287,0.0,0.0,0.0862079207920792,0.0253861386138613,0.0020158415841584,0.0,0.000469306930693
2014-06-17 08:00:00,1.4693232514177694,0.0770831758034026,0.019758034026465,0.0,0.333640831758034,0.0688260869565217,0.0088922495274102,0.0020189035916824,0.0,0.0005330812854442
2014-06-17 09:00:00,0.2485666666666666,0.0667518518518518,0.0182333333333333,0.0,0.0,0.0694537037037037,0.0123666666666666,0.0020499999999999,0.0,0.0005018518518518
2014-06-17 10:00:00,0.3196766917293233,0.0672838345864661,0.0241917293233082,0.0,0.0,0.0769586466165413,0.0094492481203007,0.0020056390977443,0.0604774436090225,0.0003007518796992
2014-06-17 11:00:00,0.7958587570621469,0.0635197740112994,0.0324519774011299,0.0,0.0,0.0721393596986817,0.0101902071563088,0.0020169491525423,0.0333314500941619,0.0004030131826741
2014-06-17 12:00:00,0.5524090909090908,0.0618527272727272,0.0305036363636363,0.0,3.818181818181819e-05,0.0860363636363636,0.0097436363636363,0.0400527272727272,0.1579,0.0003618181818181
2014-06-17 13:00:00,0.3073309352517985,0.0661564748201438,0.0300269784172661,0.0,0.0,0.1118165467625899,0.0111115107913669,0.0020341726618705,0.0,0.0004802158273381
2014-06-17 14:00:00,0.338752808988764,0.0865730337078651,0.0295355805243445,0.0,0.0,0.1167921348314606,0.0125786516853932,0.0021161048689138,0.0,0.0005992509363295
2014-06-17 15:00:00,0.3458069852941176,0.0913069852941176,0.03046875,0.0,0.0,0.1221286764705882,0.0125680147058823,0.0021305147058823,0.0,0.0005900735294117
2014-06-17 16:00:00,0.2663390705679863,0.0926006884681583,0.0294612736660929,0.0,0.0,0.0693614457831325,0.0107039586919104,0.0021325301204819,0.0,0.0005438898450946
2014-06-17 17:00:00,0.2218899999999999,0.0660083333333333,0.029835,0.0,0.0,0.0551533333333333,0.01632,0.0021666666666666,0.0,0.0006116666666666
2014-06-17 18:00:00,0.2216064189189189,0.0664577702702702,0.030554054054054,0.0,0.0,0.0551351351351351,0.0163530405405405,0.0021942567567567,0.0,0.0006317567567567
2014-06-17 19:00:00,0.2167852348993288,0.0635201342281879,0.0241023489932885,0.0,0.0,0.0625906040268456,0.0163590604026845,0.0024412751677852,0.0,0.0007030201342281
2014-06-17 20:00:00,0.3463833333333333,0.0788016666666666,0.021155,0.0,0.0,0.0974883333333333,0.0369383333333333,0.0024466666666666,0.0,0.00075
2014-06-17 21:00:00,0.3556666666666667,0.0891616666666666,0.0254683333333333,0.0,0.0,0.0617,0.0440516666666666,0.0021516666666666,0.0,0.0006133333333333
2014-06-17 22:00:00,0.1976166666666666,0.08698,0.02993,0.0,0.0,0.0039016666666666,0.0160483333333333,0.0020833333333333,0.0,0.0005416666666666
2014-06-17 23:00:00,0.1871669505962521,0.0830085178875638,0.029557069846678,0.0,0.0,0.0039403747870528,0.0124923339011925,0.0020766609880749,0.0,0.0005553662691652
2014-06-18 00:00:00,0.1694066666666666,0.0645483333333333,0.0310866666666666,0.0,0.0,0.00395,0.0104116666666666,0.002155,0.0,0.0006433333333333
2014-06-18 01:00:00,0.1716333333333333,0.0644783333333333,0.0310583333333333,0.0,0.0,0.0039633333333333,0.011075,0.00235,0.0,0.0007416666666666
2014-06-18 02:00:00,0.17262,0.06303,0.0309699999999999,0.0,0.0,0.0039733333333333,0.0105066666666666,0.0025299999999999,0.0,0.00079
2014-06-18 03:00:00,0.1634499999999999,0.0608716666666666,0.0256816666666666,0.0,0.0,0.0039716666666666,0.009325,0.0026083333333333,0.0,0.0008283333333333
2014-06-18 04:00:00,0.1930066666666666,0.0797516666666666,0.01692,0.0,0.0,0.0091233333333333,0.0107483333333333,0.0024966666666666,0.0,0.00077
2014-06-18 05:00:00,0.2067866666666666,0.08054,0.02153,0.0,0.0,0.0193283333333333,0.01066,0.0022299999999999,6.666666666666667e-05,0.000655
2014-06-18 06:00:00,1.5604087102177555,0.0808324958123953,0.0342629815745393,0.0,0.0,0.0332060301507537,0.0114706867671691,0.0020184254606365,0.1563517587939698,0.000465661641541
2014-06-18 07:00:00,0.8610883333333333,0.080625,0.0393549999999999,0.0,0.0,0.0901066666666666,0.0104316666666666,0.0020016666666666,0.0596266666666666,0.00035
2014-06-18 08:00:00,0.3120804020100503,0.0730234505862646,0.0331775544388609,0.0,6.700167504187605e-06,0.0804321608040201,0.0101708542713567,0.0121943048576214,3.3500837520938024e-06,0.0004137353433835
2014-06-18 09:00:00,0.2838616666666667,0.0635216666666666,0.0324949999999999,0.0,0.0,0.0910216666666666,0.0104533333333333,0.0020316666666666,0.0,0.000465
2014-06-18 10:00:00,0.3634732441471571,0.0633494983277592,0.0340518394648829,0.0,1.6722408026755853e-06,0.0695986622073578,0.0154648829431438,0.030391304347826,0.0748628762541806,0.0006220735785953
2014-06-18 11:00:00,0.2558422818791946,0.0620855704697986,0.0368171140939597,0.0,0.0,0.0821375838926174,0.0163557046979865,0.0022818791946308,0.0,0.0006912751677852
2014-06-18 12:00:00,0.2404416666666666,0.0738066666666666,0.0284666666666666,0.0,0.0,0.0744633333333333,0.01627,0.0022616666666666,0.0,0.0006366666666666
2014-06-18 13:00:00,0.7360578231292517,0.0950374149659864,0.0346156462585034,0.0,0.3560391156462585,0.0688010204081632,0.0161938775510204,0.0020408163265306,0.0553503401360544,0.0004676870748299
2014-06-18 14:00:00,0.352314381270903,0.1027257525083612,0.0331705685618729,0.0,0.0263311036789297,0.0876822742474916,0.0162324414715719,0.0020551839464882,0.0,0.0004949832775919
2014-06-18 15:00:00,0.2603925549915398,0.065077834179357,0.0293925549915397,0.0,0.0,0.0842199661590524,0.0161793570219966,0.0020456852791878,0.0,0.0004805414551607
2014-06-18 16:00:00,0.299,0.0678666666666666,0.0517899999999999,0.0,0.0,0.0656166666666666,0.0700133333333333,0.0020033333333333,0.0,0.0002533333333333
2014-06-18 17:00:00,0.4105333333333333,0.12799,0.0419099999999999,0.0,0.0,0.0569633333333333,0.0572316666666666,0.0634616666666666,0.0,0.0003549999999999
2014-06-18 18:00:00,0.4584334470989761,0.0766962457337884,0.0360477815699658,0.0,3.41296928327645e-06,0.0716945392491467,0.0162269624573378,0.0874812286689419,0.0150443686006825,0.000419795221843
2014-06-18 19:00:00,0.2994933333333333,0.0662116666666666,0.03184,0.0,0.0,0.0845116666666666,0.0472766666666666,0.002225,0.0,0.0005883333333333
2014-06-18 20:00:00,0.3918383333333333,0.1307783333333333,0.031695,0.0,0.0,0.07227,0.0579666666666666,0.0021833333333333,0.0,0.0005866666666666
2014-06-18 21:00:00,0.8831027397260274,0.0728099315068493,0.0381643835616438,0.0,0.0,0.0679229452054794,0.0300770547945205,0.0117551369863013,0.0718955479452054,0.000542808219178
2014-06-18 22:00:00,0.2029033333333333,0.0627783333333333,0.0347716666666666,0.0,0.0,0.0039366666666666,0.01609,0.0022316666666666,0.0,0.0006316666666666
2014-06-18 23:00:00,0.2030339558573854,0.0810967741935483,0.0358488964346349,0.0,0.0,0.0039558573853989,0.0101748726655348,0.0021714770797962,0.0,0.0005755517826825
2014-06-19 00:00:00,0.2109066666666666,0.0997183333333333,0.0357316666666666,0.0,0.0,0.00394,0.0094733333333333,0.002055,0.0,0.0005133333333333
2014-06-19 01:00:00,0.20751,0.0866833333333333,0.0345,0.0,0.0,0.0039466666666666,0.0096916666666666,0.0021966666666666,0.0,0.0006316666666666
2014-06-19 02:00:00,0.1844093959731543,0.0630973154362416,0.0351744966442953,0.0,0.0,0.0039614093959731,0.0101996644295302,0.0023674496644295,0.0,0.0007080536912751
2014-06-19 03:00:00,0.1741316666666666,0.061095,0.0320383333333333,0.0,0.0,0.003955,0.0089666666666666,0.0024816666666666,0.0,0.0007366666666666
2014-06-19 04:00:00,0.1719133333333333,0.067595,0.0308116666666666,0.0,0.0,0.0039783333333333,0.0113616666666666,0.0023683333333333,0.0,0.00078
2014-06-19 05:00:00,0.33922,0.0861166666666666,0.029475,0.0,0.0,0.0039366666666666,0.0088433333333333,0.0020233333333333,0.16328,0.00039
2014-06-19 06:00:00,0.24861,0.08788,0.0279033333333333,0.0,0.0,0.003935,0.0099316666666666,0.0020383333333333,0.0265283333333333,0.0004366666666666
2014-06-19 07:00:00,0.203745,0.0870733333333333,0.0283166666666666,0.0,0.0,0.00397,0.0100033333333333,0.0020166666666666,0.0,0.0003566666666666
2014-06-19 08:00:00,0.1681566666666666,0.06317,0.0307033333333333,0.0,0.0,0.0039433333333333,0.0097833333333333,0.0020816666666666,0.0,0.0005566666666666
2014-06-19 09:00:00,0.1644414715719063,0.0609347826086956,0.0308361204013377,0.0,0.0,0.0039565217391304,0.0128511705685618,0.0021237458193979,0.0,0.0005685618729096
2014-06-19 10:00:00,0.1670670016750418,0.0612345058626465,0.0313567839195979,0.0,0.0,0.0039329983249581,0.0162311557788944,0.0020351758793969,0.0,0.0004254606365159
2014-06-19 11:00:00,0.1998347245409015,0.0854674457429048,0.02949081803005,0.0,0.0,0.0039515859766277,0.0163355592654424,0.0020968280467445,0.0,0.0005208681135225
2014-06-19 12:00:00,0.7303563025210084,0.0922016806722689,0.0315697478991596,0.0,0.2930756302521008,0.0039512605042016,0.0163193277310924,0.0021226890756302,0.0839529411764705,0.0006084033613445
2014-06-19 13:00:00,0.64969779286927,0.0901375212224108,0.0278896434634974,0.0001086587436332,0.2724329371816638,0.0039541595925297,0.0161714770797962,0.0117249575551782,0.0,0.0006332767402376
2014-06-19 14:00:00,0.3252924369747899,0.0629563025210084,0.029981512605042,0.0034420168067226,0.0594621848739495,0.0039428571428571,0.0160369747899159,0.0020252100840336,0.0,0.0004436974789915
2014-06-19 15:00:00,0.3169883333333333,0.062395,0.0291366666666666,0.0,0.028135,0.0039416666666666,0.0159383333333333,0.002055,0.0,0.00046
2014-06-19 16:00:00,0.2121929530201342,0.0889714765100671,0.0338020134228187,0.0,0.0,0.0039614093959731,0.0269043624161073,0.0021040268456375,0.0,0.0005385906040268
2014-06-19 17:00:00,0.81437,0.1114516666666666,0.0365133333333333,0.0,0.0,0.0064833333333333,0.05135,0.0021683333333333,0.0681766666666666,0.0005866666666666
2014-06-19 18:00:00,0.2584807370184255,0.069966499162479,0.0316013400335008,0.0,0.0,0.004001675041876,0.0269916247906197,0.0023768844221105,0.0202797319932998,0.0006750418760469
2014-06-19 19:00:00,0.2182030201342281,0.0618406040268456,0.0329010067114093,0.0,0.0,0.0040520134228187,0.0571291946308724,0.0021627516778523,0.0,0.0006342281879194
2014-06-19 20:00:00,0.2832554621848739,0.0820218487394957,0.0318252100840336,0.0,0.0,0.0039731092436974,0.0575865546218487,0.0020436974789915,0.0,0.0004184873949579
2014-06-19 21:00:00,1.3291949579831932,0.0973294117647058,0.040526050420168,0.0,0.0,0.0187697478991596,0.0227915966386554,0.002235294117647,0.1281882352941176,0.0005411764705882
2014-06-19 22:00:00,0.2307473867595818,0.0889616724738675,0.0373850174216027,0.0,0.0,0.0076027874564459,0.0155052264808362,0.0023292682926829,0.0,0.0006289198606271
2014-06-19 23:00:00,0.1862013536379018,0.0636971235194585,0.0360558375634517,0.0,0.0,0.0050524534686971,0.0152571912013536,0.0022758037225042,0.0,0.0006446700507614
2014-06-20 00:00:00,0.1751348122866894,0.0616723549488054,0.0307252559726962,0.0,0.0,0.003957337883959,0.0090034129692832,0.0025802047781569,0.0,0.0007918088737201
2014-06-20 01:00:00,0.1644982817869416,0.0614828178694158,0.0305756013745704,0.0,0.0,0.0039604810996563,0.0093487972508591,0.0025773195876288,0.0,0.0008178694158075
2014-06-20 02:00:00,0.1886795302013423,0.0862734899328859,0.0294463087248322,0.0,0.0,0.0042986577181208,0.0091493288590604,0.0024244966442953,0.0,0.0007684563758389
2014-06-20 03:00:00,0.1955008460236886,0.0868815566835871,0.034399323181049,0.0,0.0,0.0040592216582064,0.0104653130287648,0.0025499153976311,0.0,0.000808798646362
2014-06-20 04:00:00,0.1987436332767402,0.0849388794567062,0.0343157894736842,0.0,0.0069541595925297,0.0039677419354838,0.0084940577249575,0.0025823429541595,0.0,0.0007962648556876
2014-06-20 05:00:00,0.1900220338983051,0.0740423728813559,0.0256813559322033,0.0,0.0,0.0039322033898305,0.0104881355932203,0.0020423728813559,0.0,0.0004677966101694
2014-06-20 06:00:00,0.3877893835616438,0.0618219178082191,0.0313424657534246,0.0,0.0,0.038083904109589,0.0089845890410958,0.0067773972602739,0.2499058219178082,0.0004006849315068
2014-06-20 07:00:00,0.3887583333333333,0.062305,0.0323683333333333,0.0,0.0001183333333333,0.1063583333333333,0.009365,0.05445,0.0356333333333333,0.0005983333333333
2014-06-20 08:00:00,0.4144822064056939,0.0646014234875444,0.0300800711743772,0.0,0.0,0.0963434163701067,0.0083327402135231,0.0020017793594306,0.0,0.0003078291814946
2014-06-20 09:00:00,0.2635051020408163,0.0744574829931972,0.0257380952380952,0.0,0.0,0.0691445578231292,0.0093197278911564,0.0020017006802721,0.0438724489795918,0.000345238095238
2014-06-20 10:00:00,0.2945388513513513,0.0933074324324324,0.024527027027027,0.0,0.0,0.0685675675675675,0.0106418918918918,0.0020608108108108,0.024429054054054,0.0004831081081081
2014-06-20 11:00:00,0.2642769485903814,0.0973582089552238,0.0253980099502487,0.0,0.000106135986733,0.0654560530679933,0.0087545605306799,0.002228855721393,0.0,0.0006351575456053
2014-06-20 12:00:00,0.2144563758389261,0.0639463087248322,0.0245838926174496,0.0,0.0,0.0557046979865771,0.0100167785234899,0.0023305369127516,0.0,0.0007097315436241
2014-06-20 13:00:00,0.338778156996587,0.0627098976109215,0.044556313993174,0.0,0.0,0.0778361774744027,0.0095307167235494,0.0116672354948805,0.0748054607508532,0.0004453924914675
2014-06-20 14:00:00,0.2876290050590219,0.1063102866779089,0.0332445193929173,0.0,0.0,0.0699072512647554,0.0152242833052276,0.0020252951096121,0.0,0.000468802698145
2014-06-20 15:00:00,0.2989643463497453,0.1002682512733446,0.0328353140916808,0.0,0.0,0.0863735144312393,0.0161595925297113,0.0020118845500848,0.0,0.0003123938879456
2014-06-20 16:00:00,0.9042182741116752,0.0627783417935702,0.0383417935702199,0.0,0.0,0.0665143824027072,0.0162453468697123,0.0020998307952622,0.0,0.0006243654822335
2014-06-20 17:00:00,0.4153205342237062,0.1244674457429048,0.0321168614357262,0.0,0.0,0.0564240400667779,0.0528764607679465,0.0022320534223706,0.0754808013355592,0.0006711185308848
2014-06-20 18:00:00,0.436195,0.081185,0.0335666666666666,0.0,0.0,0.0768916666666666,0.0163033333333333,0.00233,0.0,0.0006433333333333
2014-06-20 19:00:00,0.24647,0.0689016666666666,0.0409783333333333,0.0,0.0,0.0629,0.0164016666666666,0.002545,0.0,0.0007483333333333
2014-06-20 20:00:00,0.4034233449477352,0.1284668989547038,0.0423275261324041,0.0,0.0,0.0653101045296167,0.0287282229965156,0.002163763066202,0.0468101045296167,0.00048606271777
2014-06-20 21:00:00,0.3342869565217391,0.0683252173913043,0.0356695652173913,0.0,1.391304347826087e-05,0.0746382608695652,0.0213026086956521,0.0020208695652173,0.0,0.0004086956521739
2014-06-20 22:00:00,0.1802711864406779,0.0610237288135593,0.0350186440677966,0.0,0.0,0.0037983050847457,0.0083084745762711,0.0022322033898305,0.0,0.0006203389830508
2014-06-20 23:00:00,0.1949666110183639,0.0841535893155258,0.0333589315525876,0.0,0.0,0.0038848080133555,0.0099799666110183,0.002465776293823,0.0,0.0007545909849749
2014-06-21 00:00:00,0.2042579564489112,0.0934572864321608,0.0322043551088777,0.0,0.0,0.0038525963149078,0.0084388609715242,0.0025041876046901,0.0,0.0007587939698492
2014-06-21 01:00:00,0.2026100519930676,0.0870051993067591,0.0281802426343154,0.0,6.932409012131715e-06,0.0038492201039861,0.0093916811091854,0.002421143847487,0.0,0.0007279029462738
2014-06-21 02:00:00,0.1827748917748917,0.0652965367965368,0.0294350649350649,0.0,0.0,0.0038917748917748,0.0087121212121212,0.002560606060606,0.0,0.0008095238095238
2014-06-21 03:00:00,0.1796972860125261,0.0632484342379958,0.0269979123173277,0.0,0.0,0.0038956158663883,0.0094425887265135,0.0027536534446764,0.0,0.0008684759916492
2014-06-21 04:00:00,0.1711125541125541,0.058534632034632,0.0276233766233766,0.0,0.0,0.0039220779220779,0.0109437229437229,0.0027445887445887,0.0,0.0008896103896103
2014-06-21 05:00:00,0.1760938864628821,0.0634344978165939,0.0242947598253275,0.0,0.0,0.003886462882096,0.0090589519650655,0.0021921397379912,0.0,0.0006353711790393
2014-06-21 06:00:00,0.2797212475633528,0.0720038986354775,0.0339785575048732,0.0,0.0,0.0118401559454191,0.0086335282651072,0.0020350877192982,0.0686764132553606,0.0005263157894736
2014-06-21 07:00:00,0.6709453781512604,0.0823235294117647,0.0366953781512605,0.0,0.0,0.0056512605042016,0.0092563025210084,0.002048319327731,0.0943697478991596,0.0004369747899159
2014-06-21 08:00:00,0.3641995753715499,0.0882972399150743,0.0243949044585987,0.0,0.0,0.0117494692144373,0.0078174097664543,0.0020615711252653,0.0,0.000484076433121
2014-06-21 09:00:00,0.1948029661016949,0.0783199152542372,0.0257605932203389,0.0,0.0,0.0115508474576271,0.0094978813559322,0.0020466101694915,0.0,0.0004449152542372
2014-06-21 10:00:00,0.7138251028806584,0.0622098765432098,0.0300411522633744,0.0,0.3863395061728395,0.0113292181069958,0.0144835390946502,0.0020946502057613,0.0,0.0004917695473251
2014-06-21 11:00:00,0.2829698924731183,0.0626752688172043,0.0448021505376344,0.0,0.0316408602150537,0.0039483870967741,0.0177333333333333,0.002410752688172,0.0,0.0006645161290322
2014-06-21 12:00:00,0.248,0.0973747368421052,0.0316926315789473,0.0,0.0,0.0039536842105263,0.0107578947368421,0.0021073684210526,0.0313368421052631,0.0005073684210526
2014-06-21 13:00:00,0.3059807280513918,0.1089507494646681,0.0434710920770878,0.0,0.0,0.0062419700214132,0.0091670235546038,0.0020235546038543,0.0885224839400428,0.0004432548179871
2014-06-21 14:00:00,0.1974673469387755,0.0670571428571428,0.0422530612244897,0.0,0.0,0.0041918367346938,0.0158163265306122,0.0020612244897959,0.0,0.0005102040816326
2014-06-21 15:00:00,1.6980455486542445,0.1355548654244306,0.0451221532091097,6.625258799171843e-05,0.0,0.0122173913043478,0.0177743271221532,0.0020227743271221,0.0848964803312629,0.000399585921325
2014-06-21 16:00:00,1.494375939849624,0.0677312030075188,0.030531954887218,0.0,0.0,0.009110902255639,0.033687969924812,0.002,0.0,0.0002763157894736
2014-06-21 17:00:00,0.912727463312369,0.0831802935010482,0.038566037735849,0.0,0.0042641509433962,0.0041802935010482,0.0337295597484276,0.0020524109014675,0.0,0.0004150943396226
2014-06-21 18:00:00,0.341519313304721,0.1197918454935622,0.0530815450643776,0.0,0.0,0.004244635193133,0.0271545064377682,0.0020622317596566,0.0765278969957081,0.0005665236051502
2014-06-21 19:00:00,0.420538947368421,0.0620021052631578,0.0342821052631579,0.0,0.0,0.075698947368421,0.0313305263157894,0.0020357894736842,0.0617115789473684,0.0004757894736842
2014-06-21 20:00:00,0.3839285714285714,0.0910224489795918,0.032904081632653,0.0,0.0,0.0892714285714285,0.0524836734693877,0.002034693877551,0.0,0.0004489795918367
2014-06-21 21:00:00,0.3321188959660296,0.1143736730360934,0.0307112526539278,0.0,0.0,0.0537070063694267,0.0160976645435244,0.0020976645435244,0.0,0.00052016985138
2014-06-21 22:00:00,0.1686644736842105,0.0647609649122807,0.0316052631578947,0.0,0.0,0.0039320175438596,0.0160723684210526,0.0021206140350877,0.0,0.0005307017543859
2014-06-21 23:00:00,0.1852219873150105,0.0609936575052854,0.036183932346723,0.0,0.0,0.0039365750528541,0.0141353065539112,0.0023171247357293,0.0,0.0006849894291754
2014-06-22 00:00:00,0.2080174291938997,0.0891808278867102,0.0355141612200435,0.0,0.0,0.0039433551198257,0.0100479302832244,0.0025272331154684,0.0,0.0007777777777777
2014-06-22 01:00:00,0.2065275423728813,0.0972817796610169,0.0349279661016949,0.0,0.0,0.0039427966101694,0.0080529661016949,0.0024745762711864,0.0,0.0007796610169491
2014-06-22 02:00:00,0.1936255319148936,0.0787723404255319,0.0343595744680851,0.0,0.0,0.0039574468085106,0.0090510638297872,0.0025723404255319,0.0,0.0008297872340425
2014-06-22 03:00:00,0.1781936842105263,0.0595031578947368,0.0311284210526315,0.0,0.0,0.0039747368421052,0.0083221052631578,0.0027557894736842,0.0,0.0008715789473684
2014-06-22 04:00:00,0.1763002159827213,0.0628984881209503,0.0321879049676025,0.0,0.0,0.0039805615550755,0.0100086393088552,0.0028855291576673,0.0,0.0009049676025917
2014-06-22 05:00:00,0.1700610859728507,0.0631945701357466,0.0306877828054298,0.0,0.0,0.0039592760180995,0.0086809954751131,0.0026018099547511,0.0,0.0008235294117647
2014-06-22 06:00:00,0.2802368421052632,0.0874331983805668,0.0319331983805668,0.0,0.0,0.0039736842105263,0.008078947368421,0.0021497975708502,0.0905344129554655,0.0006032388663967
2014-06-22 07:00:00,0.3630482180293501,0.0896666666666666,0.0334234800838574,0.0,0.0,0.0514696016771488,0.0106394129979035,0.0024947589098532,0.1357316561844863,0.0007484276729559
2014-06-22 08:00:00,0.2565438202247191,0.0874067415730337,0.032191011235955,0.0,0.0,0.0614898876404494,0.0145370786516853,0.0021213483146067,0.0,0.0013483146067415
2014-06-22 09:00:00,0.2514577006507592,0.0642039045553145,0.0281800433839479,0.0,0.0,0.0869132321041214,0.0163362255965292,0.0020780911062906,0.0,0.0004620390455531
2014-06-22 10:00:00,0.2337632743362832,0.0611924778761062,0.0275309734513274,0.0,0.0,0.0825508849557522,0.01629203539823,0.0020951327433628,0.0,0.0005132743362831
2014-06-22 11:00:00,0.2836034482758621,0.0921530172413793,0.0341163793103448,0.0,0.0,0.0905646551724138,0.0162693965517241,0.0020258620689655,0.0,0.0004418103448275
2014-06-22 12:00:00,0.277464135021097,0.1130358649789029,0.0323987341772151,0.0,0.0,0.0582067510548523,0.016259493670886,0.0021666666666666,0.0,0.0005590717299578
2014-06-22 13:00:00,0.2232183406113537,0.064740174672489,0.0302161572052401,0.0,0.0,0.05617903930131,0.0163144104803493,0.0021746724890829,0.0,0.0006004366812227
2014-06-22 14:00:00,0.218018711018711,0.0725779625779625,0.0304199584199584,0.0,0.0,0.0537692307692307,0.0162952182952182,0.0021767151767151,0.0,0.0005654885654885
2014-06-22 15:00:00,0.3079673202614379,0.1338453159041394,0.0296601307189542,0.0,0.0,0.0690871459694989,0.0162287581699346,0.002078431372549,0.0,0.0004945533769063
2014-06-22 16:00:00,1.139158953722334,0.0646599597585513,0.0384044265593561,0.0,0.0,0.0869215291750502,0.0162233400402414,0.0020724346076458,0.0011468812877263,0.0004446680080482
2014-06-22 17:00:00,1.0051656314699793,0.1307908902691511,0.0496770186335403,0.0,0.0,0.0661097308488612,0.016271221532091,0.0020724637681159,0.0816997929606625,0.0004202898550724
2014-06-22 18:00:00,0.254,0.0715890688259109,0.0328825910931174,0.0,0.0,0.0685404858299595,0.0162753036437246,0.0021315789473684,0.0,0.0005182186234817
2014-06-22 19:00:00,0.3319366053169734,0.0870470347648261,0.0381922290388548,0.0,0.0,0.0700040899795501,0.0163128834355828,0.0022515337423312,0.0750961145194274,0.0005685071574642
2014-06-22 20:00:00,0.4258754512635379,0.1135685920577617,0.0281299638989169,0.0,0.0,0.1022996389891696,0.0161155234657039,0.0022093862815884,0.0752021660649819,0.0006263537906137
2014-06-22 21:00:00,0.3301981981981982,0.0640648648648648,0.0304288288288288,0.0,0.0,0.0771297297297297,0.0161081081081081,0.0023387387387387,0.0553243243243243,0.0006504504504504
2014-06-22 22:00:00,0.3156256880733945,0.0865027522935779,0.0297174311926605,0.0,0.0,0.0668623853211009,0.0160568807339449,0.0024275229357798,0.0,0.0006220183486238
2014-06-22 23:00:00,0.3097546468401487,0.1167620817843866,0.0321561338289962,0.0,0.0,0.0607732342007434,0.0160966542750929,0.0022397769516728,0.0,0.0006003717472118
2014-06-23 00:00:00,0.1665214953271028,0.0645476635514018,0.0276635514018691,0.0,0.0,0.0038672897196261,0.0160616822429906,0.0021532710280373,0.0,0.0006280373831775
2014-06-23 01:00:00,0.1779981651376146,0.0613981651376146,0.0320678899082568,0.0,0.0,0.0039284403669724,0.0160660550458715,0.0023816513761467,0.0,0.0007541284403669
2014-06-23 02:00:00,0.1582033492822966,0.055944976076555,0.0118110047846889,0.0,0.0,0.0039114832535885,0.0144114832535885,0.0024210526315789,0.0,0.0007583732057416
2014-06-23 03:00:00,0.2087655913978494,0.0968365591397849,0.0296838709677419,0.0,0.0,0.0039118279569892,0.0147569892473118,0.0026322580645161,0.0,0.0008344086021505
2014-06-23 04:00:00,0.1812330623306233,0.0764065040650406,0.0360243902439024,0.0,0.0,0.0039159891598915,0.0137940379403794,0.0026531165311653,0.0,0.0007994579945799
2014-06-23 05:00:00,0.1677855579868709,0.0672056892778993,0.0299649890590809,0.0,0.0,0.003925601750547,0.0129562363238512,0.0020919037199124,0.0,0.0005098468271334
2014-06-23 06:00:00,0.186439121756487,0.0577145708582834,0.0378023952095808,0.0,0.0,0.008692614770459,0.0141856287425149,0.0020538922155688,0.0,0.0004650698602794
2014-06-23 07:00:00,0.2820729166666667,0.0613791666666666,0.0337125,0.0,0.0,0.00405,0.012875,0.0020895833333333,0.1079145833333333,0.00050625
2014-06-23 08:00:00,0.2251932938856015,0.0940552268244575,0.0280749506903353,0.0,0.0,0.0095502958579881,0.0153195266272189,0.0020039447731755,0.0002011834319526,0.00030966469428
2014-06-23 09:00:00,0.2122015503875969,0.1050523255813953,0.0265116279069767,0.0,0.0,0.0030077519379844,0.0163372093023255,0.0020968992248062,0.0,0.0004341085271317
2014-06-23 10:00:00,0.2131690962099125,0.1167667638483965,0.0119329446064139,0.0,0.0,0.0030145772594752,0.0161836734693877,0.0020962099125364,0.0,0.0005102040816326
2014-06-23 11:00:00,0.1982325976230899,0.0629558573853989,0.0373412563667232,0.0,0.0,0.0030237691001697,0.0159117147707979,0.0020967741935483,0.0031341256366723,0.0005365025466893
2014-06-23 12:00:00,0.365902027027027,0.1168344594594594,0.0347922297297297,0.0,0.0,0.0296604729729729,0.0387550675675675,0.0020506756756756,0.0846216216216216,0.0003327702702702
2014-06-23 13:00:00,0.4760575296108291,0.0898494077834179,0.0318612521150592,0.0,0.1929390862944162,0.0644890016920473,0.0159543147208121,0.0020084602368866,0.0206666666666666,0.00031641285956
2014-06-23 14:00:00,0.465436026936027,0.067993265993266,0.0328619528619528,0.0,0.1462979797979798,0.0525454545454545,0.0177929292929292,0.0020353535353535,0.0,0.0004326599326599
2014-06-23 15:00:00,0.304531197301855,0.13429173693086,0.0310219224283305,0.0,0.0,0.0532799325463743,0.0177403035413153,0.0020118043844856,0.0,0.0003642495784148
2014-06-23 16:00:00,0.2375397923875432,0.0643512110726643,0.0554238754325259,0.0,0.0,0.0523875432525951,0.0178494809688581,0.0021384083044982,0.0,0.0005346020761245
2014-06-23 17:00:00,0.3185337954939341,0.1391923743500866,0.038372616984402,0.0,0.0,0.0524696707105719,0.0170103986135181,0.002053726169844,0.0,0.000370883882149
2014-06-23 18:00:00,0.3480326460481099,0.1362835051546392,0.0384965635738831,0.0,0.0,0.0525034364261168,0.0438917525773195,0.002008591065292,0.0,0.0003178694158075
2014-06-23 19:00:00,0.2782684210526316,0.0608473684210526,0.0451315789473684,0.0,0.0,0.0530842105263157,0.0506368421052631,0.0020649122807017,0.0,0.0004421052631578
2014-06-23 20:00:00,0.3303873239436619,0.1180968309859154,0.0407447183098591,0.0,0.0,0.0838415492957746,0.0162887323943661,0.0020246478873239,0.0,0.000394366197183
2014-06-23 21:00:00,0.3466875,0.0860386029411764,0.0470863970588235,0.0,0.0,0.0367738970588235,0.0165551470588235,0.0020441176470588,0.0747941176470588,0.0004466911764705
2014-06-23 22:00:00,0.2070459363957597,0.0589098939929328,0.0356360424028268,0.0,0.0,0.003012367491166,0.013886925795053,0.002160777385159,0.0,0.0006537102473498
2014-06-23 23:00:00,0.2376819012797074,0.1104643510054844,0.0308610603290676,0.0,0.0,0.0030255941499085,0.0166051188299817,0.0024442413162705,0.0,0.0007495429616087
2014-06-24 00:00:00,0.2099890310786105,0.0941553930530164,0.0310914076782449,0.0,0.0,0.0030127970749542,0.0165228519195612,0.0023729433272394,0.0,0.0006526508226691
2014-06-24 01:00:00,0.1861941391941391,0.062065934065934,0.043540293040293,0.0,0.0,0.003014652014652,0.0176117216117216,0.002095238095238,0.0,0.0004908424908424
2014-06-24 02:00:00,0.1945703703703703,0.070474074074074,0.040787037037037,0.0,0.0,0.0030111111111111,0.018724074074074,0.0020944444444444,0.0,0.0005444444444444
2014-06-24 03:00:00,0.223415270018622,0.1031098696461824,0.0401601489757914,0.0,0.0,0.0030148975791433,0.0164040968342644,0.0022085661080074,0.0,0.00056052141527
2014-06-24 04:00:00,0.2159466911764705,0.0926636029411764,0.0333511029411764,0.0,0.0,0.0030183823529411,0.0163547794117647,0.0022886029411764,0.0,0.0007224264705882
2014-06-24 05:00:00,0.2494909420289855,0.0596612318840579,0.0296721014492753,0.0,0.0,0.0030253623188405,0.0156684782608695,0.0022028985507246,0.0716865942028985,0.0005978260869565
2014-06-24 06:00:00,0.1819485815602836,0.0617677304964539,0.0362145390070922,0.0,0.0,0.0030620567375886,0.0141453900709219,0.0022109929078014,0.0,0.0006099290780141
2014-06-24 07:00:00,0.1802508771929824,0.0688859649122807,0.029059649122807,0.0,0.0,0.0030877192982456,0.0147947368421052,0.0020052631578947,0.0,0.0003736842105263
2014-06-24 08:00:00,0.2213398230088495,0.0987946902654867,0.0356194690265486,0.0,0.0,0.0030176991150442,0.0150654867256637,0.0021592920353982,0.0,0.0005982300884955
2014-06-24 09:00:00,0.2159065934065934,0.0953113553113553,0.0288791208791208,0.0,0.0,0.003029304029304,0.0150091575091575,0.0021794871794871,0.0,0.000558608058608
2014-06-24 10:00:00,0.1508202764976958,0.0388479262672811,0.0389331797235023,0.0,0.0,0.0030253456221198,0.0148870967741935,0.0021428571428571,0.0,0.0005506912442396
2014-06-24 11:00:00,0.1665115789473684,0.0446842105263157,0.0297284210526315,0.0,0.0,0.0030084210526315,0.0157031578947368,0.0020905263157894,0.0,0.0004652631578947
2014-06-24 12:00:00,0.2566319327731092,0.1329478991596638,0.0293546218487394,0.0,0.0,0.0030235294117647,0.0144873949579831,0.0020806722689075,0.0,0.0004789915966386
2014-06-24 13:00:00,0.1778939393939394,0.0697491582491582,0.0297356902356902,0.0,0.0,0.0030151515151515,0.0151498316498316,0.0021531986531986,0.0,0.0005521885521885
2014-06-24 14:00:00,0.2423313069908814,0.085693009118541,0.0590364741641337,0.0,0.0,0.0030273556231003,0.0146534954407294,0.0021732522796352,0.0,0.0005440729483282
2014-06-24 15:00:00,0.2988866666666666,0.1229716666666666,0.037035,0.0,0.0,0.00302,0.0278316666666666,0.0020866666666666,0.0,0.0004799999999999
2014-06-24 16:00:00,0.7294700000000001,0.0605633333333333,0.0382833333333333,0.0,0.0,0.0030033333333333,0.0477966666666666,0.0021066666666666,0.0,0.0005
2014-06-24 17:00:00,0.7637783333333333,0.1041183333333333,0.0403549999999999,0.0,0.0,0.0030133333333333,0.02106,0.0020516666666666,0.0,0.000405
2014-06-24 18:00:00,0.2487316666666666,0.09798,0.0374683333333333,0.0,0.0,0.003015,0.0331166666666666,0.0021366666666666,0.0,0.0005483333333333
2014-06-24 19:00:00,0.2109081803005008,0.0610684474123539,0.0308580968280467,0.0,0.0,0.0030267111853088,0.0368263772954924,0.00249081803005,0.0,0.0007913188647746
2014-06-24 20:00:00,0.2744403361344538,0.0846621848739495,0.0309731092436974,0.0,0.0,0.003016806722689,0.0118621848739495,0.0023882352941176,0.0602369747899159,0.0006924369747899
2014-06-24 21:00:00,0.377744966442953,0.1053456375838926,0.0415201342281879,0.0,0.0,0.0446107382550335,0.0119412751677852,0.0022013422818791,0.0749362416107382,0.0005973154362416
2014-06-24 22:00:00,0.2683706176961603,0.0754941569282136,0.0374891485809682,0.0,0.0,0.0312153589315525,0.0135492487479131,0.0022237061769616,0.0,0.0006894824707846
2014-06-24 23:00:00,0.1993956594323873,0.060669449081803,0.0432103505843071,0.0,0.0,0.0030150250417362,0.0127863105175292,0.0024891485809682,0.0,0.0008180300500834
2014-06-25 00:00:00,0.178455,0.0577316666666666,0.0411216666666666,0.0,0.0,0.0030266666666666,0.0126,0.00247,0.0,0.000815
2014-06-25 01:00:00,0.19525,0.0839469178082191,0.0313835616438356,0.0,0.0,0.0030222602739726,0.0107859589041095,0.0024965753424657,0.0,0.0007996575342465
2014-06-25 02:00:00,0.2048991596638655,0.0845915966386554,0.0302016806722689,0.0,0.0,0.003035294117647,0.0133327731092436,0.0026420168067226,0.0,0.0008672268907563
2014-06-25 03:00:00,0.2034765478424015,0.0843508442776735,0.0292007504690431,0.0,0.0,0.0030525328330206,0.0107786116322701,0.0025440900562851,0.0,0.0008311444652908
2014-06-25 04:00:00,0.1795123152709359,0.0706830870279146,0.0279556650246305,0.0,0.0,0.0030213464696223,0.0123431855500821,0.0020509031198686,0.0,0.000535303776683
2014-06-25 05:00:00,0.1699272419627749,0.0589137055837563,0.0286294416243654,0.0,0.0,0.0030219966159052,0.014321489001692,0.0020744500846023,0.0,0.0006125211505922
2014-06-25 06:00:00,0.2632645051194539,0.0585921501706484,0.0300255972696245,0.0,0.0,0.0030733788395904,0.0131484641638225,0.0021058020477815,0.0649215017064846,0.0006399317406143
2014-06-25 07:00:00,0.2737462437395659,0.0608096828046744,0.045262103505843,0.0,0.0,0.0030918196994991,0.0155509181969949,0.0022804674457429,0.0776377295492487,0.0006961602671118
2014-06-25 08:00:00,0.1892981574539363,0.0678207705192629,0.0367319932998325,0.0,0.0,0.0030418760469011,0.0158777219430485,0.002107202680067,0.0,0.0006348408710217
2014-06-25 09:00:00,0.201945205479452,0.0929058219178082,0.0312962328767123,0.0,0.0,0.0030171232876712,0.015611301369863,0.0021660958904109,0.0,0.0006147260273972
2014-06-25 10:00:00,0.3309810996563574,0.0964914089347079,0.0299776632302405,0.0,0.0,0.0030240549828178,0.021073883161512,0.0020446735395189,0.12496735395189,0.0005429553264604
2014-06-25 11:00:00,0.1990625,0.0740320945945946,0.0333682432432432,0.0,0.0,0.0030608108108108,0.014714527027027,0.0020202702702702,0.0,0.0005050675675675
2014-06-25 12:00:00,0.2172871452420701,0.0621385642737896,0.032372287145242,0.0,0.0,0.0165208681135225,0.0137345575959933,0.0020317195325542,0.0,0.0005325542570951
2014-06-25 13:00:00,0.264912013536379,0.0817106598984771,0.0280862944162436,0.0,0.0,0.0592216582064297,0.012492385786802,0.0020304568527918,0.0,0.000477157360406
2014-06-25 14:00:00,0.3906988155668359,0.1207225042301184,0.0285076142131979,0.0,0.0,0.0525431472081218,0.0115059221658206,0.0020423011844331,0.0845736040609137,0.0004856175972927
2014-06-25 15:00:00,0.2527254237288135,0.0626067796610169,0.0392033898305084,0.0,0.0,0.0539016949152542,0.0116305084745762,0.0020508474576271,0.0,0.0004983050847457
2014-06-25 16:00:00,1.05325,0.068421768707483,0.0348180272108843,0.0,0.0,0.0529863945578231,0.0120935374149659,0.002062925170068,0.0491003401360544,0.0005544217687074
2014-06-25 17:00:00,0.5305308848080134,0.1328814691151919,0.0417479131886477,0.0,0.0,0.0538864774624373,0.0121736227045075,0.0022771285475792,0.0,0.00069449081803
2014-06-25 18:00:00,0.2026335616438356,0.0675496575342465,0.0339794520547945,0.0,0.0,0.0225308219178082,0.0187191780821917,0.0022654109589041,0.0,0.0006695205479452
2014-06-25 19:00:00,0.1972266666666666,0.0767016666666666,0.0328833333333333,0.0,0.0,0.0030266666666666,0.0191433333333333,0.0023316666666666,0.0,0.000725
2014-06-25 20:00:00,0.2692402044293015,0.1232606473594548,0.0316882453151618,0.0,0.0,0.0037666098807495,0.0190323679727427,0.0023168654173764,0.0,0.0006780238500851
2014-06-25 21:00:00,0.3429848739495798,0.0673563025210084,0.0416268907563025,0.0,0.0,0.003016806722689,0.0190184873949579,0.0377294117647058,0.0796974789915966,0.000653781512605
2014-06-25 22:00:00,0.1937116666666666,0.06195,0.0350716666666666,0.0,0.0,0.0030233333333333,0.0189666666666666,0.0021666666666666,0.0,0.0005983333333333
2014-06-25 23:00:00,0.2111975524475524,0.0845891608391608,0.0337412587412587,0.0,0.0,0.0030454545454545,0.0190244755244755,0.0023251748251748,0.0,0.0007062937062937
2014-06-26 00:00:00,0.2237731092436974,0.0974033613445378,0.0335949579831932,0.0,0.0,0.0030369747899159,0.0189647058823529,0.002235294117647,0.0,0.0006705882352941
2014-06-26 01:00:00,0.2039248747913188,0.0835659432387312,0.0339749582637729,0.0,0.0,0.0030066777963272,0.019016694490818,0.0024056761268781,0.0,0.000804674457429
2014-06-26 02:00:00,0.175195,0.06316,0.0342933333333333,0.0,0.0,0.003045,0.01903,0.0025066666666666,0.0,0.00081
2014-06-26 03:00:00,0.1726807432432432,0.0626807432432432,0.0345793918918918,0.0,0.0,0.0030304054054054,0.0148648648648648,0.0025,0.0,0.0007956081081081
2014-06-26 04:00:00,0.1808768971332209,0.0686846543001686,0.035158516020236,0.0,0.0,0.0030421585160202,0.0147133220910623,0.0025784148397976,0.0,0.0008650927487352
2014-06-26 05:00:00,0.2036531914893617,0.0897489361702127,0.0318829787234042,0.0,0.0,0.0030063829787234,0.0124468085106383,0.0020170212765957,0.0,0.000531914893617
2014-06-26 06:00:00,1.818030634573304,0.0853479212253829,0.0377702407002188,0.0,0.0,0.0030678336980306,0.0149168490153172,0.0020393873085339,0.0,0.0004223194748358
2014-06-26 07:00:00,0.3078436781609195,0.088535632183908,0.0316528735632183,0.0,9.195402298850577e-06,0.0030965517241379,0.0130321839080459,0.0183264367816091,0.0942804597701149,0.0004528735632183
2014-06-26 08:00:00,0.2018187250996016,0.0687509960159362,0.0364322709163346,0.0,0.0,0.0030239043824701,0.0119402390438247,0.0021932270916334,0.0,0.0006573705179282
2014-06-26 09:00:00,1.735139959432049,0.0691460446247464,0.0284888438133874,0.0,0.0,0.0030304259634888,0.0113995943204868,0.0022677484787018,0.0,0.0006551724137931
2014-06-26 10:00:00,0.1825350701402805,0.0753987975951903,0.0270240480961923,0.0,0.0,0.0030460921843687,0.0190581162324649,0.0021422845691382,0.0,0.0006132264529058
2014-06-26 11:00:00,0.2428863157894736,0.1068968421052631,0.0289052631578947,0.0,0.0,0.0312505263157894,0.0191347368421052,0.0021031578947368,0.0,0.000578947368421
2014-06-26 12:00:00,0.7515057471264367,0.0881781609195402,0.0223984674329501,0.0,0.2644808429118774,0.0773793103448275,0.0190996168582375,0.0021819923371647,0.0677145593869731,0.0006053639846743
2014-06-26 13:00:00,1.2562337883959045,0.0643071672354948,0.0290170648464163,0.0,0.346216723549488,0.0665716723549488,0.0191296928327645,0.0021962457337883,0.0,0.0006211604095563
2014-06-26 14:00:00,0.2557142857142857,0.1057654320987654,0.0293862433862433,0.0,0.0055255731922398,0.0575414462081128,0.0191904761904761,0.002347442680776,0.0,0.0006913580246913
2014-06-26 15:00:00,0.3911927272727272,0.100230909090909,0.0342963636363636,0.0,0.0,0.0541472727272727,0.0263181818181818,0.002230909090909,0.0760636363636363,0.0008345454545454
2014-06-26 16:00:00,0.4613147113594041,0.0670837988826815,0.0446238361266294,0.0,0.0,0.0538007448789571,0.0191340782122905,0.049705772811918,0.093925512104283,0.0030837988826815
2014-06-26 17:00:00,0.6468492201039862,0.0830987868284228,0.0458284228769497,0.0,1.0398613518197574e-05,0.0538596187175043,0.0191282495667244,0.0118821490467937,0.0522391681109185,0.0005181975736568
2014-06-26 18:00:00,1.2329957173447537,0.1160792291220556,0.0368758029978586,0.0,0.0,0.0692933618843683,0.01903426124197,0.002017130620985,0.0,0.000406852248394
2014-06-26 19:00:00,0.9385979166666668,0.0713104166666666,0.0402166666666666,0.0,0.0,0.0542729166666666,0.0190541666666666,0.0021,0.0,0.0004916666666666
2014-06-26 20:00:00,0.3624507042253521,0.0624486921529175,0.034804828973843,0.0,0.0,0.0521891348088531,0.0464004024144869,0.0020885311871227,0.0933199195171026,0.0004849094567404
2014-06-26 21:00:00,0.2568606741573034,0.0815999999999999,0.0363955056179775,0.0,0.0,0.0297280898876404,0.019,0.0020831460674157,0.0,0.0005033707865168
2014-06-26 22:00:00,0.1310615711252654,0.0995987261146496,0.0403609341825902,0.0,8.492569002123141e-06,0.0030254777070063,0.0190339702760084,0.0022951167728237,0.0,0.0007027600849256
2014-06-26 23:00:00,0.2181883116883117,0.0876709956709956,0.0313831168831168,0.0,0.0,0.003017316017316,0.0190584415584415,0.002508658008658,0.0,0.0007705627705627
2014-06-27 00:00:00,0.1742887029288703,0.0614748953974895,0.0284790794979079,0.0,0.0,0.0030418410041841,0.0183347280334728,0.0024476987447698,0.0,0.0007887029288702
2014-06-27 01:00:00,0.1703992015968063,0.0617125748502994,0.0344211576846307,0.0,0.0,0.0030459081836327,0.0185469061876247,0.0023612774451097,0.0,0.0007245508982035
2014-06-27 02:00:00,0.1713206751054852,0.0633122362869198,0.0370822784810126,0.0,0.0,0.003042194092827,0.0184957805907172,0.0026371308016877,0.0,0.000801687763713
2014-06-27 03:00:00,0.1986660482374768,0.0859443413729128,0.0320037105751391,0.0,0.0,0.0030426716141001,0.0206141001855287,0.0026419294990723,0.0,0.0008051948051948
2014-06-27 04:00:00,0.2039664031620553,0.0897747035573122,0.0278596837944664,0.0,0.0,0.0030158102766798,0.0170335968379446,0.0026818181818181,0.0,0.0008438735177865
2014-06-27 05:00:00,0.2059200968523002,0.0838232445520581,0.0285835351089588,0.0,0.0,0.0030145278450363,0.0141065375302663,0.0020968523002421,0.0,0.000501210653753
2014-06-27 06:00:00,0.3260633663366336,0.0628772277227722,0.0334514851485148,0.0,4.356435643564356e-05,0.003059405940594,0.0169762376237623,0.0152554455445544,0.1152059405940594,0.0004732673267326
2014-06-27 07:00:00,0.2426659663865546,0.0565,0.0235273109243697,0.0,0.0,0.0031008403361344,0.0182710084033613,0.0021344537815126,0.0682710084033613,0.0006491596638655
2014-06-27 08:00:00,0.1851673913043478,0.0609043478260869,0.0260130434782608,0.0,0.0,0.0030304347826086,0.0191195652173913,0.0020695652173913,0.0,0.000491304347826
2014-06-27 09:00:00,0.1781754032258064,0.0641814516129032,0.0180423387096774,0.0,0.0,0.0030362903225806,0.0191895161290322,0.0020403225806451,0.0,0.0005463709677419
2014-06-27 10:00:00,0.2200137221269296,0.0819159519725557,0.0335711835334476,0.0,0.0,0.0030222984562607,0.0191595197255574,0.0020634648370497,0.0,0.0005385934819897
2014-06-27 11:00:00,0.2127518248175182,0.084963503649635,0.033728102189781,0.0,0.0,0.0030237226277372,0.0192153284671532,0.0021186131386861,0.0,0.0005656934306569
2014-06-27 12:00:00,0.1840346153846153,0.0873384615384615,0.0364576923076923,0.0,0.0,0.003025,0.019226923076923,0.002226923076923,0.0,0.0006730769230769
2014-06-27 13:00:00,0.2787053231939163,0.0741273764258555,0.0263079847908745,0.0,0.0,0.0030380228136882,0.0191939163498098,0.0022718631178707,0.1138079847908745,0.0006787072243346
2014-06-27 14:00:00,0.289545988258317,0.0673111545988258,0.0391761252446183,0.0,0.0,0.0268943248532289,0.0404755381604696,0.0022681017612524,0.0,0.0006947162426614
2014-06-27 15:00:00,0.2139211045364891,0.0446824457593688,0.028844181459566,0.0,0.0,0.003025641025641,0.0363510848126232,0.0022682445759368,0.0,0.0007337278106508
2014-06-27 16:00:00,1.3462667876588024,0.1004174228675136,0.0357894736842105,0.0,0.0,0.003021778584392,0.0245553539019963,0.1027332123411978,0.0,0.000508166969147
2014-06-27 17:00:00,0.765402625820569,0.1028293216630197,0.0427899343544857,0.0,4.376367614879649e-06,0.003035010940919,0.0233282275711159,0.0079824945295404,0.0,0.0005317286652078
2014-06-27 18:00:00,0.2649337899543379,0.0776027397260274,0.0297853881278538,0.0,0.0,0.0030205479452054,0.0253721461187214,0.0020273972602739,0.074593607305936,0.0004977168949771
2014-06-27 19:00:00,0.1725402010050251,0.0625879396984924,0.026894472361809,0.0,0.0,0.0030326633165829,0.0205678391959799,0.002145728643216,0.0,0.0005603015075376
2014-06-27 20:00:00,0.2380172786177105,0.0587516198704103,0.0271295896328293,0.0,0.0,0.003023758099352,0.0204276457883369,0.0020475161987041,0.0,0.0004514038876889
2014-06-27 21:00:00,0.3791399176954732,0.0987181069958847,0.0328456790123456,0.0,0.0,0.0030267489711934,0.0206378600823045,0.0020329218106995,0.0432695473251028,0.0004979423868312
2014-06-27 22:00:00,0.2810139211136891,0.0911206496519721,0.0285568445475638,0.0,0.0,0.0073944315545243,0.0190997679814385,0.0024129930394431,0.0,0.0007053364269141
2014-06-27 23:00:00,0.2150837438423645,0.083975369458128,0.0322216748768472,0.0,0.0,0.0037906403940886,0.0190566502463054,0.0022980295566502,0.0,0.0006847290640394
2014-06-28 00:00:00,0.1914658227848101,0.0692759493670886,0.0318253164556962,0.0,0.0,0.0038227848101265,0.0190379746835443,0.0022303797468354,0.0,0.0007341772151898
2014-06-28 01:00:00,0.1679608294930875,0.0589239631336405,0.0287165898617511,0.0,0.0,0.0038041474654377,0.0191013824884792,0.0025184331797235,0.0,0.0008156682027649
2014-06-28 02:00:00,0.1683274559193954,0.0594962216624685,0.0325239294710327,0.0,0.0,0.0038337531486146,0.019088161209068,0.0025869017632241,0.0,0.0008211586901763
2014-06-28 03:00:00,0.1677785388127854,0.0615639269406392,0.030404109589041,0.0,0.0,0.0038059360730593,0.0191118721461187,0.0027054794520547,0.0,0.0008835616438356
2014-06-28 04:00:00,0.184125,0.0770441176470588,0.0292475490196078,0.0,0.0,0.0038627450980392,0.0191740196078431,0.0027990196078431,0.0,0.0008970588235294
2014-06-28 05:00:00,0.1868714953271028,0.0775420560747663,0.0378528037383177,0.0,0.0,0.0038200934579439,0.019322429906542,0.0021822429906542,0.0,0.0006658878504672
2014-06-28 06:00:00,0.2775345211581291,0.0744164810690423,0.0221737193763919,0.0,0.0,0.0038106904231625,0.0189487750556792,0.0021937639198218,0.1016236080178173,0.000663697104677
2014-06-28 07:00:00,0.3331845102505695,0.0712733485193621,0.0376423690205011,0.0,9.111617312072892e-06,0.0109817767653758,0.0191936218678815,0.0151845102505694,0.1407630979498861,0.0007380410022779
2014-06-28 08:00:00,0.6766022988505747,0.0740942528735632,0.0334045977011494,0.0,0.2991034482758621,0.086351724137931,0.0192597701149425,0.0021218390804597,0.0831218390804597,0.0006
2014-06-28 09:00:00,0.5354744680851065,0.0644425531914893,0.0354340425531914,0.0,0.1124042553191489,0.0706085106382978,0.0192553191489361,0.0020808510638297,0.0,0.0005553191489361
2014-06-28 10:00:00,0.2596949152542372,0.0641452784503631,0.0318983050847457,0.0,0.0,0.0680363196125908,0.0340145278450363,0.0020750605326876,0.0,0.0005907990314769
2014-06-28 11:00:00,0.4793043478260869,0.0635217391304347,0.0329816933638443,0.0,0.0,0.0650343249427917,0.0597048054919908,0.1162723112128146,0.0832334096109839,0.0006659038901601
2014-06-28 12:00:00,0.3349831730769231,0.0594567307692307,0.0305072115384615,0.0,0.0,0.0610841346153846,0.0192427884615384,0.1147307692307692,0.0,0.0007788461538461
2014-06-28 13:00:00,0.336734335839599,0.0644185463659147,0.0297694235588972,0.0,0.0,0.0622581453634085,0.019265664160401,0.0024335839598997,0.1188020050125313,0.0007518796992481
2014-06-28 14:00:00,0.2820350467289719,0.0903925233644859,0.0464929906542056,0.0,0.0,0.0536028037383177,0.0408387850467289,0.0020957943925233,0.0001214953271028,0.0006378504672897
2014-06-28 15:00:00,1.2272339449541283,0.0851238532110091,0.0358853211009174,0.0,0.360506880733945,0.0642293577981651,0.0229770642201834,0.0020321100917431,0.0273509174311926,0.0004243119266055
2014-06-28 16:00:00,1.0596714285714286,0.0826547619047619,0.0303857142857142,0.0,0.0,0.0532809523809523,0.062847619047619,0.0020071428571428,0.0,0.0004047619047619
2014-06-28 17:00:00,1.4343211845102506,0.0676469248291571,0.0307403189066059,0.0,0.0,0.0529066059225512,0.0642164009111617,0.0020410022779043,0.1140728929384965,0.0004328018223234
2014-06-28 18:00:00,0.3325866666666666,0.0627688888888888,0.0342466666666666,0.0,0.0,0.0527866666666666,0.0650555555555555,0.0022911111111111,0.0,0.0007644444444444
2014-06-28 19:00:00,0.2566506024096385,0.0623036144578313,0.0312819277108433,0.0,0.0,0.0392481927710843,0.0571855421686747,0.0022313253012048,0.0,0.0006530120481927
2014-06-28 20:00:00,1.3311087962962964,0.0616111111111111,0.0372685185185185,0.0,0.0,0.0266828703703703,0.0629560185185185,0.002099537037037,0.0483009259259259,0.0005277777777777
2014-06-28 21:00:00,0.3587234513274336,0.0848672566371681,0.0331216814159292,0.0,0.0,0.0224358407079646,0.0501946902654867,0.0117411504424778,0.0,0.0006371681415929
2014-06-28 22:00:00,0.2103574879227053,0.0811980676328502,0.0344299516908212,0.0,0.0,0.0039420289855072,0.0190724637681159,0.0025265700483091,0.0,0.0008115942028985
2014-06-28 23:00:00,0.2029343891402714,0.0833054298642533,0.0163303167420814,0.0,0.0,0.0039072398190045,0.0191266968325791,0.0026696832579185,0.0,0.000814479638009
2014-06-29 00:00:00,0.179160465116279,0.0771674418604651,0.0222581395348837,0.0,0.0,0.0039279069767441,0.0191209302325581,0.002706976744186,0.0,0.0008883720930232
2014-06-29 01:00:00,0.1589498861047835,0.0708610478359908,0.0388610478359908,0.0,0.0,0.0039316628701594,0.0190888382687927,0.0026013667425968,0.0,0.0008428246013667
2014-06-29 02:00:00,0.2556054590570719,0.0598213399503722,0.0366426799007444,0.0,0.0,0.003925558312655,0.0191736972704714,0.0026923076923076,0.0,0.0009280397022332
2014-06-29 03:00:00,0.1833741339491916,0.0613602771362586,0.0330323325635103,0.0,0.0,0.0039053117782909,0.0190715935334872,0.0024757505773672,0.0005912240184757,0.0007644341801385
2014-06-29 04:00:00,0.2350421545667447,0.0578337236533957,0.0140093676814988,0.0,0.0,0.0039227166276346,0.0192622950819672,0.0022646370023419,0.0,0.000735362997658
2014-06-29 05:00:00,0.1835346534653465,0.0600767326732673,0.0260148514851485,0.0,0.0,0.0039158415841584,0.0192351485148514,0.0020816831683168,0.0,0.0005841584158415
2014-06-29 06:00:00,0.2474748953974895,0.0608786610878661,0.0391527196652719,0.0,0.0,0.0039142259414225,0.0191799163179916,0.0021548117154811,0.1324121338912134,0.0007447698744769
2014-06-29 07:00:00,0.3587950617283951,0.0595283950617284,0.0394617283950617,0.0,0.0,0.0044987654320987,0.0191456790123456,0.0020395061728395,0.2067703703703703,0.0005111111111111
2014-06-29 08:00:00,0.2003672055427251,0.0714041570438799,0.0328290993071593,0.0,0.0,0.0102332563510392,0.0189284064665127,0.0020023094688221,0.0,0.0004249422632794
2014-06-29 09:00:00,0.2348282051282051,0.080751282051282,0.0320692307692307,0.0,0.0,0.0075666666666666,0.0192102564102564,0.0020487179487179,0.0,0.0005846153846153
2014-06-29 10:00:00,0.234,0.081224586288416,0.0315082742316784,0.0,0.0,0.0040023640661938,0.0190709219858156,0.002047281323877,0.0,0.0006217494089834
2014-06-29 11:00:00,0.9075560747663552,0.0801425233644859,0.0304485981308411,0.0,0.0,0.0068387850467289,0.0192079439252336,0.0020771028037383,0.1866331775700934,0.0005584112149532
2014-06-29 12:00:00,0.7809369158878504,0.0823738317757009,0.027376168224299,0.0,0.0,0.0136635514018691,0.0192056074766355,0.0022359813084112,0.0,0.0006682242990654
2014-06-29 13:00:00,0.3050756097560975,0.0603048780487804,0.0369170731707317,0.0,0.0,0.0098463414634146,0.0193121951219512,0.0025170731707317,0.1559536585365853,0.0008170731707317
2014-06-29 14:00:00,0.1816258992805755,0.0611822541966426,0.0303405275779376,0.0,0.0,0.0058968824940047,0.0192853717026378,0.0024772182254196,0.0,0.0007841726618705
2014-06-29 15:00:00,0.260887587822014,0.0592669789227166,0.0359484777517564,0.0,0.0,0.0041100702576112,0.0192927400468384,0.0024590163934426,0.0705105386416861,0.0007330210772833
2014-06-29 16:00:00,0.2198833333333333,0.0622857142857142,0.0330095238095238,0.0,0.0,0.008195238095238,0.0192666666666666,0.0024761904761904,0.0,0.0007857142857142
2014-06-29 17:00:00,0.2554928909952607,0.0879620853080568,0.0351872037914691,0.0,0.0,0.0163862559241706,0.0193293838862559,0.0024502369668246,0.0,0.0007440758293838
2014-06-29 18:00:00,0.2564897494305239,0.0896013667425968,0.0349772209567198,0.0,0.0,0.0147927107061503,0.0192369020501138,0.0024487471526195,0.0,0.000756264236902
2014-06-29 19:00:00,0.3186479820627803,0.0840964125560538,0.033091928251121,0.0,0.0,0.0094125560538116,0.0191434977578475,0.0021008968609865,0.1017780269058295,0.0005538116591928
2014-06-29 20:00:00,0.4304371002132195,0.0771918976545842,0.0296695095948827,0.0,0.0,0.0413091684434968,0.0645522388059701,0.0020405117270788,0.13009381663113,0.0004413646055437
2014-06-29 21:00:00,0.3964941176470588,0.0662235294117647,0.0322964705882352,0.0,0.0,0.0893388235294117,0.07288,0.0020188235294117,0.0,0.0004070588235294
2014-06-29 22:00:00,0.244687356321839,0.0622758620689655,0.0287862068965517,0.0,0.0,0.0110505747126436,0.0692988505747126,0.0020781609195402,0.0,0.0005494252873563
2014-06-29 23:00:00,0.1655047393364929,0.0548933649289099,0.0183483412322274,0.0,0.0,0.0039715639810426,0.01910663507109,0.0024241706161137,0.0,0.0007962085308056
2014-06-30 00:00:00,0.1868286384976525,0.0580892018779342,0.0162347417840375,0.0,0.0,0.0039577464788732,0.0191854460093896,0.0025657276995305,0.0,0.00087558685446
2014-06-30 01:00:00,0.1868088235294117,0.065203431372549,0.0284558823529411,0.0,0.0,0.0039705882352941,0.0191519607843137,0.0025245098039215,0.0,0.000892156862745
2014-06-30 02:00:00,0.2056489898989899,0.0769469696969697,0.0328080808080808,0.0,0.0,0.0039646464646464,0.0191186868686868,0.0026111111111111,0.0,0.0008560606060606
2014-06-30 03:00:00,0.190676844783715,0.0725063613231552,0.0331399491094147,0.0,0.0,0.0039465648854961,0.0191348600508905,0.0025470737913486,0.0,0.0008651399491094
2014-06-30 04:00:00,0.1862180974477958,0.074461716937355,0.0300696055684454,0.0,0.0,0.0039466357308584,0.0191554524361948,0.0021322505800464,0.0,0.0006032482598607
2014-06-30 05:00:00,0.1712697674418604,0.0658279069767441,0.032460465116279,0.0,0.0,0.0039627906976744,0.0192558139534883,0.0021651162790697,0.0,0.000706976744186
2014-06-30 06:00:00,0.5697176724137931,0.073040948275862,0.0236853448275862,0.0,0.0,0.0043469827586206,0.0191724137931034,0.0020732758620689,0.121228448275862,0.0006099137931034
2014-06-30 07:00:00,0.2027543103448275,0.068375,0.0336487068965517,0.0,0.0,0.0164978448275862,0.0192327586206896,0.0020603448275862,0.0,0.0005280172413793
2014-06-30 08:00:00,0.2037542372881355,0.075447033898305,0.0240021186440677,0.0,0.0,0.0167796610169491,0.0191716101694915,0.0020296610169491,0.0,0.0004449152542372
2014-06-30 09:00:00,0.1934324324324324,0.0692848232848232,0.0194033264033264,0.0,0.0,0.0173180873180873,0.0192827442827442,0.002049896049896,0.0,0.0005135135135135
2014-06-30 10:00:00,0.1991983695652174,0.082133152173913,0.0156222826086956,0.0,0.0,0.016945652173913,0.0191277173913043,0.0020027173913043,0.0,0.0004076086956521
2014-06-30 11:00:00,0.1902267135325131,0.0598330404217926,0.0275272407732864,0.0,0.0,0.0172407732864674,0.0191634446397188,0.0020193321616871,0.0,0.0004305799648506
2014-06-30 12:00:00,0.3306701208981001,0.061034542314335,0.0336856649395509,0.0,0.0,0.0124870466321243,0.0191848013816925,0.0201450777202072,0.1235250431778929,0.0004248704663212
2014-06-30 13:00:00,0.209486531986532,0.0684646464646464,0.0280252525252525,0.0,0.0,0.0173249158249158,0.0192020202020202,0.0020521885521885,0.0,0.000516835016835
2014-06-30 14:00:00,1.3117694974003469,0.0985961871750433,0.0343258232235701,0.0,0.0,0.0912807625649913,0.0191733102253032,0.0020519930675909,0.0,0.0004800693240901
2014-06-30 15:00:00,1.2328890845070424,0.0961989436619718,0.0291654929577464,0.0,0.0,0.0932922535211267,0.0191848591549295,0.0020915492957746,0.0,0.0006144366197183
2014-06-30 16:00:00,1.3671547826086956,0.0707426086956521,0.028215652173913,0.0,0.0,0.0874730434782608,0.0192347826086956,0.2126852173913043,0.0,0.0006278260869565
2014-06-30 17:00:00,0.3631576182136602,0.0642259194395796,0.0383625218914185,0.0,0.0,0.0547285464098073,0.0191751313485113,0.0154553415061295,0.0,0.0009001751313485
2014-06-30 18:00:00,0.3226262042389209,0.0870905587668593,0.049747591522158,0.0,0.0,0.0729210019267822,0.019878612716763,0.0020635838150289,0.0517533718689788,0.000504816955684
2014-06-30 19:00:00,0.3254080808080808,0.1060969696969696,0.035250505050505,0.0,0.0,0.0729030303030303,0.0495373737373737,0.0020646464646464,0.0,0.0005111111111111
2014-06-30 20:00:00,0.479215291750503,0.0798651911468812,0.0334688128772635,0.0,0.0,0.0670362173038229,0.0594587525150905,0.0020623742454728,0.1370442655935613,0.0005070422535211
2014-06-30 21:00:00,0.3892478632478632,0.0653632478632478,0.02875,0.0,0.0,0.0926517094017094,0.0616794871794871,0.002025641025641,0.0,0.0004594017094017
2014-06-30 22:00:00,0.333375854214123,0.0620569476082004,0.0308747152619589,0.0,0.0,0.059760820045558,0.0429066059225512,0.0021093394077448,0.0,0.0005558086560364
2014-06-30 23:00:00,0.2003414634146341,0.0809822616407982,0.0292793791574279,0.0,0.0,0.0039556541019955,0.0189911308203991,0.0021751662971175,0.0,0.0006496674057649
2014-07-01 00:00:00,0.2134587973273942,0.0888530066815144,0.0323028953229398,0.0,0.0,0.0039532293986636,0.019033407572383,0.0020868596881959,0.0,0.000652561247216
2014-07-01 01:00:00,0.2097297872340425,0.0790148936170212,0.0281744680851063,0.0,0.0,0.0039425531914893,0.0190872340425531,0.0023489361702127,0.0,0.0010340425531914
2014-07-01 02:00:00,0.2213672566371681,0.0754557522123893,0.029146017699115,0.0,0.0,0.0039557522123893,0.0190796460176991,0.0024889380530973,0.0,0.0007477876106194
2014-07-01 03:00:00,0.2068793503480278,0.0594663573085846,0.030399071925754,0.0,0.0,0.0039512761020881,0.01915313225058,0.0027285382830626,0.0,0.0008561484918793
2014-07-01 04:00:00,0.2021930232558139,0.0623209302325581,0.0294697674418604,0.0,0.0,0.0039837209302325,0.0193627906976744,0.0027395348837209,0.0,0.0009418604651162
2014-07-01 05:00:00,0.263920233463035,0.0605038910505836,0.0261284046692607,0.0,0.0,0.0039727626459143,0.0193151750972762,0.0022645914396887,0.1079416342412451,0.0028346303501945
2014-07-01 06:00:00,0.1896775862068965,0.0615568965517241,0.0287758620689655,0.0,0.0,0.0116,0.0191913793103448,0.0020827586206896,0.0718724137931034,0.0005172413793103
2014-07-01 07:00:00,0.2244220623501199,0.0672757793764988,0.0335323741007194,0.0,0.0,0.0165875299760191,0.0191726618705035,0.0020071942446043,0.0208345323741007,0.0004268585131894
2014-07-01 08:00:00,0.8412065491183879,0.083352644836272,0.0234030226700251,0.0,0.0,0.0168387909319899,0.0191738035264483,0.0020176322418136,0.0,0.0004458438287153
2014-07-01 09:00:00,0.2595527638190955,0.0918467336683417,0.0184346733668341,0.0,0.0,0.0168994974874371,0.0191381909547738,0.0020125628140703,0.0073693467336683,0.0004120603015075
2014-07-01 10:00:00,0.2735347593582888,0.0921310160427807,0.0285053475935828,0.0,0.0,0.0176657754010695,0.019114973262032,0.0020080213903743,0.0158048128342246,0.000403743315508
2014-07-01 11:00:00,0.3493409669211196,0.0788804071246819,0.0386870229007633,0.0,0.0,0.0180050890585241,0.0191145038167938,0.0020330788804071,0.1327150127226463,0.0004452926208651
2014-07-01 12:00:00,0.3526544502617801,0.1171832460732984,0.056696335078534,0.0,0.0,0.0690104712041884,0.0191047120418848,0.0020052356020942,0.0,0.000413612565445
2014-07-01 13:00:00,0.3042539682539683,0.0666798941798941,0.0242116402116402,0.0,0.0,0.0829603174603174,0.0191481481481481,0.002037037037037,0.0624550264550264,0.000531746031746
2014-07-01 14:00:00,0.3310258620689655,0.0995143678160919,0.0259597701149425,0.0,0.0,0.0689109195402298,0.0192097701149425,0.0022701149425287,0.0687011494252873,0.0006293103448275
2014-07-01 15:00:00,0.2857364130434782,0.0933097826086956,0.0350353260869565,0.0,0.0,0.0843016304347826,0.0191929347826086,0.0022880434782608,0.0,0.0006875
2014-07-01 16:00:00,0.5744373259052925,0.0854596100278551,0.0473871866295264,0.0,0.0,0.0639637883008356,0.019108635097493,0.1220724233983286,0.1779303621169916,0.0002869080779944
2014-07-01 17:00:00,0.2165101214574898,0.0578846153846153,0.0355060728744939,0.0,0.0,0.059825910931174,0.0192105263157894,0.002161943319838,0.0,0.0006113360323886
2014-07-01 18:00:00,0.3522818003913894,0.0946829745596868,0.0296986301369863,0.0,0.0,0.0809295499021526,0.0196007827788649,0.00226614481409,0.06453228962818,0.0006771037181996
2014-07-01 19:00:00,0.2997183098591549,0.1003863179074446,0.0298329979879275,0.0,0.0,0.0851710261569416,0.0192374245472837,0.0024044265593561,0.0,0.0007183098591549
2014-07-01 20:00:00,0.3653765432098765,0.0649855967078189,0.0381707818930041,0.0,0.0,0.0731378600823045,0.0605576131687242,0.0020617283950617,0.0783888888888888,0.0005
2014-07-01 21:00:00,0.4062789373814041,0.0622314990512334,0.0298690702087286,0.0,0.0,0.0835559772296015,0.071943074003795,0.0022922201138519,0.0,0.0006793168880455
2014-07-01 22:00:00,0.300460580912863,0.059564315352697,0.0335912863070539,0.0,0.0,0.0536991701244813,0.0466804979253112,0.0024128630705394,0.0,0.0006493775933609
2014-07-01 23:00:00,0.182701030927835,0.0727381443298969,0.0254494845360824,0.0,0.0,0.0038845360824742,0.0190309278350515,0.0023649484536082,0.0,0.0007793814432989
2014-07-02 00:00:00,0.1892429501084598,0.0810455531453362,0.0212971800433839,0.0,0.0,0.0039088937093275,0.0190780911062906,0.0023449023861171,0.0,0.0007245119305856
2014-07-02 01:00:00,0.1788914027149321,0.0741018099547511,0.0205497737556561,0.0,0.0,0.0038846153846153,0.0191018099547511,0.0024230769230769,0.0,0.0008778280542986
2014-07-02 02:00:00,0.1849017857142857,0.0741964285714285,0.029453125,0.0,0.0,0.0039017857142857,0.0190669642857142,0.0022991071428571,0.0,0.0007433035714285
2014-07-02 03:00:00,0.1855,0.0702643171806167,0.0303414096916299,0.0,0.0,0.0039405286343612,0.0190991189427312,0.0024955947136563,0.0,0.000806167400881
2014-07-02 04:00:00,0.1836993006993006,0.0667156177156177,0.0301188811188811,0.0,0.0,0.0039114219114219,0.0193100233100233,0.0027086247086247,0.0,0.0008951048951048
2014-07-02 05:00:00,0.6100842572062085,0.0706496674057649,0.0326119733924612,0.0,0.0,0.0038891352549889,0.0192416851441241,0.0022860310421286,0.0,0.0007560975609756
2014-07-02 06:00:00,0.8774227642276422,0.0655,0.0368760162601626,0.0,0.0,0.003890243902439,0.0181138211382113,0.0166422764227642,0.2170914634146341,0.0005955284552845
2014-07-02 07:00:00,0.2529763440860215,0.0412516129032258,0.0180193548387096,0.0,0.0,0.0694666666666666,0.0153935483870967,0.0020860215053763,0.0,0.0262279569892473
2014-07-02 08:00:00,0.2618959183673469,0.0599816326530612,0.0232632653061224,0.0,0.0,0.0724938775510204,0.0160795918367346,0.0020204081632653,0.0,0.0007591836734693
2014-07-02 09:00:00,0.2879837962962963,0.0647916666666666,0.0226388888888888,0.0,0.0,0.0958634259259259,0.0151967592592592,0.0020092592592592,0.0,0.0007523148148148
2014-07-02 10:00:00,0.7507285067873303,0.0679796380090497,0.0183755656108597,0.0,0.3654276018099547,0.0818506787330316,0.0114841628959276,0.0020045248868778,0.0,0.0006945701357466
2014-07-02 11:00:00,0.2861247113163972,0.0939168591224018,0.0292678983833718,0.0,0.0042378752886836,0.0810392609699769,0.0138406466512702,0.0020092378752886,0.0,0.000757505773672
2014-07-02 12:00:00,0.7721643192488262,0.1058427230046948,0.0355680751173708,0.0,0.2839976525821596,0.0755305164319248,0.012838028169014,0.0020211267605633,0.0,0.0007769953051643
2014-07-02 13:00:00,0.665277251184834,0.0753530805687203,0.0319715639810426,0.0,0.0054383886255924,0.0634052132701421,0.0152298578199052,0.0020379146919431,0.0484052132701421,0.0007369668246445
2014-07-02 14:00:00,0.2389930715935335,0.0675311778290993,0.0271801385681293,0.0,0.0,0.0721755196304849,0.0189538106235565,0.002027713625866,0.0,0.0004780600461893
2014-07-02 15:00:00,1.185532663316583,0.0907713567839196,0.0312914572864321,0.0,0.0,0.0933065326633166,0.0191130653266331,0.0291180904522613,0.0514572864321608,0.0003844221105527
2014-07-02 16:00:00,1.4783036144578314,0.1142024096385542,0.029,0.0,0.0,0.081633734939759,0.0191638554216867,0.0020722891566265,0.0,0.0004024096385542
2014-07-02 17:00:00,0.2953052884615385,0.0708317307692307,0.0309134615384615,0.0,0.0,0.0550961538461538,0.0192115384615384,0.0022091346153846,0.0719591346153846,0.0006033653846153
2014-07-02 18:00:00,0.2111881188118812,0.0576831683168316,0.0338663366336633,0.0,0.0,0.053819306930693,0.0191435643564356,0.0023267326732673,0.0,0.0006138613861386
2014-07-02 19:00:00,0.3335514705882353,0.1011127450980392,0.0303970588235294,0.0,0.0,0.0593848039215686,0.0191544117647058,0.0023406862745098,0.0745441176470588,0.0006053921568627
2014-07-02 20:00:00,0.3347352941176471,0.1091323529411764,0.029110294117647,0.0,0.0,0.0540735294117647,0.0577475490196078,0.0020612745098039,0.0,0.0004436274509803
2014-07-02 21:00:00,0.3547482014388489,0.0649676258992805,0.0303165467625899,0.0,0.0,0.0823561151079136,0.0351618705035971,0.0084244604316546,0.0,0.0003902877697841
2014-07-02 22:00:00,0.2068375,0.0649825,0.03133,0.0,0.0,0.00395,0.0186075,0.002225,0.0,0.0006274999999999
2014-07-02 23:00:00,0.2090872641509434,0.0789174528301886,0.032691037735849,0.0,0.0,0.0039693396226415,0.0129056603773584,0.0024905660377358,0.0,0.000752358490566
2014-07-03 00:00:00,0.2190407239819004,0.0989796380090497,0.0291651583710407,0.0,0.0,0.0039570135746606,0.0149479638009049,0.0023778280542986,0.0,0.0007239819004524
2014-07-03 01:00:00,0.212,0.0889896373056994,0.0314663212435233,0.0,0.0,0.0039559585492227,0.0143497409326424,0.0022901554404145,0.0,0.000660621761658
2014-07-03 02:00:00,0.1810078947368421,0.0635026315789473,0.0286710526315789,0.0,0.0,0.0039631578947368,0.0110421052631578,0.0021763157894736,0.0,0.0006263157894736
2014-07-03 03:00:00,0.1697443037974683,0.0585721518987341,0.0293518987341772,0.0,0.0,0.003959493670886,0.0112835443037974,0.0021873417721518,0.0,0.0005949367088607
2014-07-03 04:00:00,0.1637660668380462,0.0583521850899742,0.0259125964010282,0.0,0.0,0.0039691516709511,0.0151079691516709,0.0026683804627249,0.0,0.0008020565552699
2014-07-03 05:00:00,0.2908636363636364,0.0940855614973261,0.0257754010695187,0.0,0.0,0.0039545454545454,0.0102379679144385,0.0020935828877005,0.0964117647058823,0.0006176470588235
2014-07-03 06:00:00,0.698230593607306,0.0842146118721461,0.0410502283105022,0.0,0.0,0.0654018264840182,0.0108470319634703,0.0021415525114155,0.1191712328767123,0.0005913242009132
2014-07-03 07:00:00,1.1721204545454549,0.0795863636363636,0.0302818181818181,0.0,0.0,0.0854636363636363,0.0141977272727272,0.002025,0.0,2.9545454545454545e-05
2014-07-03 08:00:00,0.2295675675675675,0.0574914004914004,0.0283955773955773,0.0,0.0,0.0693955773955773,0.0104766584766584,0.002044226044226,0.0,0.0
2014-07-03 09:00:00,0.2427155963302752,0.0591009174311926,0.0316032110091743,0.0,0.0,0.0825871559633027,0.0098738532110091,0.002045871559633,9.174311926605505e-05,0.0
2014-07-03 10:00:00,0.3378811369509044,0.0833746770025839,0.029,0.0,0.0,0.0749896640826873,0.0168656330749354,0.0020439276485788,0.0834237726098191,0.0
2014-07-03 11:00:00,0.4161989795918367,0.1044260204081632,0.0300127551020408,0.0,0.0,0.073844387755102,0.0191505102040816,0.0020051020408163,0.0726913265306122,0.0
2014-07-03 12:00:00,0.2718740157480315,0.0798136482939632,0.032002624671916,0.0,0.0,0.0767165354330708,0.0190682414698162,0.002023622047244,0.007750656167979,0.0
2014-07-03 13:00:00,0.2953093681917211,0.0647734204793028,0.0415250544662309,0.0,0.0,0.0675119825708061,0.0191437908496732,0.0020239651416122,0.0193311546840958,0.0
2014-07-03 14:00:00,0.3730193423597679,0.1406286266924565,0.0415802707930367,0.0,0.0,0.0785802707930367,0.0191431334622824,0.002127659574468,0.0,0.0
2014-07-03 15:00:00,0.2858217592592592,0.0735833333333333,0.0313773148148148,0.0,0.0,0.0758356481481481,0.0191875,0.0020949074074074,0.0,0.0
2014-07-03 16:00:00,0.4074050632911392,0.0957890295358649,0.0374177215189873,0.0,0.0,0.0647742616033755,0.019175105485232,0.0021118143459915,0.179464135021097,0.0021455696202531
2014-07-03 17:00:00,0.3368278008298755,0.1134356846473029,0.0447572614107883,0.0,1.037344398340249e-05,0.0628547717842323,0.0191929460580912,0.0254626556016597,0.0,0.0042261410788381
2014-07-03 18:00:00,0.3159046563192904,0.0621929046563192,0.0382727272727272,0.0,0.0,0.0922261640798226,0.0191751662971175,0.0022638580931263,0.0531064301552106,0.0
2014-07-03 19:00:00,0.4681499999999999,0.14295,0.0370022727272727,0.0,0.0,0.101225,0.0622704545454545,0.0024340909090909,0.0539363636363636,0.0
2014-07-03 20:00:00,0.4178718487394958,0.0672626050420168,0.0336050420168067,0.0,0.0,0.1247310924369747,0.0453214285714285,0.0023529411764705,0.0447289915966386,0.0
2014-07-03 21:00:00,0.4652271805273834,0.1133427991886409,0.0579594320486815,0.0,0.0,0.093947261663286,0.0499249492900608,0.002340770791075,0.0,0.0
2014-07-03 22:00:00,0.2353018480492813,0.0911088295687885,0.0356365503080082,0.0,0.0,0.0038583162217659,0.0189979466119096,0.0021026694045174,0.0,0.0
2014-07-03 23:00:00,0.1726350806451612,0.0595846774193548,0.0339858870967741,0.0,0.0,0.0038689516129032,0.0190020161290322,0.0021290322580645,0.0,0.0
2014-07-04 00:00:00,0.238395061728395,0.108059670781893,0.0348518518518518,0.0,0.0,0.0039135802469135,0.0190390946502057,0.0024691358024691,0.0,0.0
2014-07-04 01:00:00,0.2208012295081967,0.1008217213114754,0.0326762295081967,0.0,0.0,0.0039139344262295,0.0190266393442622,0.0024487704918032,0.0,0.0
2014-07-04 02:00:00,0.1732004264392324,0.0690554371002132,0.032776119402985,0.0,0.0,0.0039189765458422,0.0190597014925373,0.0026183368869936,0.0,0.0
2014-07-04 03:00:00,0.1748763326226012,0.0609957356076759,0.0321236673773987,0.0,0.0,0.0038976545842217,0.0191215351812366,0.002731343283582,0.0,0.0
2014-07-04 04:00:00,0.2291051454138702,0.1089709172259507,0.0325391498881431,0.0,0.0,0.003897091722595,0.0192147651006711,0.0025548098434004,0.0,0.0
2014-07-04 05:00:00,0.2244012738853503,0.0972335456475583,0.0330764331210191,0.0,0.0,0.0039108280254777,0.0191549893842887,0.0021698513800424,0.0,0.0
2014-07-04 06:00:00,0.3954396887159533,0.0631536964980544,0.0310389105058365,0.0,0.0,0.0039163424124513,0.0191614785992217,0.0020933852140077,0.2101595330739299,0.0
2014-07-04 07:00:00,0.2604360902255639,0.0603477443609022,0.037843984962406,0.0115488721804511,9.398496240601503e-06,0.0758796992481203,0.0190958646616541,0.0158740601503759,0.0,0.0
2014-07-04 08:00:00,0.34476,0.0867073684210526,0.0302421052631578,0.0,0.0,0.0698757894736842,0.0190884210526315,0.0020357894736842,0.1048842105263157,0.0
2014-07-04 09:00:00,0.3585280172413793,0.1130905172413793,0.028040948275862,0.0,0.0,0.0677068965517241,0.0191853448275862,0.0020732758620689,0.0450150862068965,0.0
2014-07-04 10:00:00,0.2323319057815846,0.0649357601713062,0.0288629550321199,0.0,0.0,0.0672526766595289,0.0191092077087794,0.0020107066381156,0.0,0.0
2014-07-04 11:00:00,0.227929018789144,0.0558455114822547,0.0312797494780793,0.0,0.0,0.0677014613778705,0.019152400835073,0.002089770354906,0.0,0.0
2014-07-04 12:00:00,0.4156123711340206,0.1275237113402061,0.0376350515463917,0.0,0.0,0.054501030927835,0.0382948453608247,0.0783855670103092,0.0,0.0
2014-07-04 13:00:00,0.3132638036809816,0.0753190184049079,0.0457259713701431,0.0,0.0,0.0646503067484662,0.0191758691206543,0.0022965235173824,0.0632269938650306,0.0
2014-07-04 14:00:00,0.2679667458432304,0.0759904988123515,0.0369667458432304,0.0,0.0,0.0764441805225653,0.0191947743467933,0.0023040380047505,0.0,0.0
2014-07-04 15:00:00,0.6249812646370023,0.1252599531615925,0.0340327868852459,0.0,0.0,0.0766088992974238,0.0191639344262295,0.0021498829039812,0.0,0.0
2014-07-04 16:00:00,1.200487341772152,0.056753164556962,0.0480822784810126,0.0,0.0,0.0530379746835443,0.0625189873417721,0.0020274261603375,0.0,0.0
2014-07-04 17:00:00,0.8165993322203673,0.140033388981636,0.0542003338898163,0.0,5.008347245409015e-06,0.0539198664440734,0.0613105175292153,0.0067312186978297,0.0313789649415692,0.0
2014-07-04 18:00:00,0.3522293906810035,0.0563566308243727,0.0331917562724014,0.0,0.0,0.0576075268817204,0.0190967741935483,0.0021989247311827,0.0900985663082437,0.0
2014-07-04 19:00:00,0.3138556701030928,0.0936309278350515,0.0336391752577319,0.0,0.0,0.0682103092783505,0.0250185567010309,0.0024824742268041,0.0,0.0
2014-07-04 20:00:00,0.3748693693693694,0.107813063063063,0.0329256756756756,0.0,0.0,0.0529099099099099,0.0736869369369369,0.0024481981981981,0.0,0.0
2014-07-04 21:00:00,0.4935167785234899,0.0605704697986577,0.0421476510067114,0.0,0.0,0.0592595078299776,0.0693579418344519,0.0022192393736017,0.1593020134228188,0.0
2014-07-04 22:00:00,0.2951742081447963,0.0895271493212669,0.0381923076923076,0.0,0.0,0.0241244343891402,0.0190294117647058,0.0023009049773755,0.0,0.0
2014-07-04 23:00:00,0.2364454545454545,0.114775,0.0346295454545454,0.0,0.0,0.0038136363636363,0.0190772727272727,0.0025636363636363,0.0,0.0
2014-07-05 00:00:00,0.1796023529411764,0.0621482352941176,0.0342164705882353,0.0,0.0,0.0038094117647058,0.0190094117647058,0.0023576470588235,0.0,0.0
2014-07-05 01:00:00,0.1849511627906976,0.0664325581395348,0.0310162790697674,0.0,0.0,0.0038511627906976,0.0190720930232558,0.0024465116279069,0.0,0.0
2014-07-05 02:00:00,0.2622523809523809,0.1164666666666666,0.0322857142857142,0.0,0.0,0.0037690476190476,0.0190190476190476,0.0023833333333333,0.0,0.0
2014-07-05 03:00:00,0.221947619047619,0.076547619047619,0.0338214285714285,0.0,0.0,0.0038595238095238,0.0190738095238095,0.0025404761904761,0.0,0.0
2014-07-05 04:00:00,0.2115595238095238,0.0616357142857142,0.0331,0.0,0.0,0.0037904761904761,0.0191095238095238,0.0027761904761904,0.0,0.0
2014-07-05 05:00:00,0.3256004842615012,0.0841501210653753,0.0308353510895883,0.0,0.0,0.0037481840193704,0.0191815980629539,0.0022324455205811,0.1552179176755447,0.0
2014-07-05 06:00:00,0.2284965831435079,0.1085261958997722,0.0283052391799544,0.0,0.0,0.0037448747152619,0.0229316628701594,0.0020501138952164,0.0042414578587699,0.0
2014-07-05 07:00:00,0.3469030927835051,0.0711896907216494,0.0425958762886597,0.0,0.0,0.0359113402061855,0.0314432989690721,0.002121649484536,0.1373257731958762,0.0
2014-07-05 08:00:00,0.5765,0.0699295454545454,0.0346931818181818,0.0,0.0,0.0767477272727272,0.0468386363636363,0.0020568181818181,0.0,0.000290909090909
2014-07-05 09:00:00,1.173269320843091,0.0794098360655737,0.0310585480093676,0.0,0.0,0.0737470725995316,0.0244847775175644,0.0020702576112412,0.0,0.0
2014-07-05 10:00:00,0.3645964912280702,0.0981979949874686,0.0340927318295739,0.0,0.0,0.0565538847117794,0.0605588972431077,0.0020576441102756,0.0899097744360902,0.0
2014-07-05 11:00:00,0.7464951219512195,0.0767756097560975,0.0283512195121951,0.0,0.2699365853658536,0.0545926829268292,0.0573512195121951,0.0022658536585365,0.0951487804878048,0.0
2014-07-05 12:00:00,0.568514745308311,0.0623941018766756,0.030396782841823,0.0,0.2234638069705093,0.0536005361930294,0.0231876675603217,0.0025227882037533,0.0326916890080428,0.0
2014-07-05 13:00:00,0.5048709677419355,0.0857448680351906,0.0313929618768328,0.0,0.0612375366568914,0.0611085043988269,0.0298797653958944,0.0072815249266862,0.0429266862170088,0.0
2014-07-05 14:00:00,1.0102739361702129,0.1167606382978723,0.0539202127659574,0.0,0.0,0.059002659574468,0.0194042553191489,0.0024680851063829,0.0799627659574468,0.0
2014-07-05 15:00:00,1.2299973333333332,0.0652506666666666,0.0422506666666666,0.0,0.0,0.0574266666666666,0.0516079999999999,0.0022613333333333,0.0,0.0
2014-07-05 16:00:00,1.6200229591836734,0.0838316326530612,0.0288494897959183,0.0,0.0,0.0533061224489795,0.0638163265306122,0.0021147959183673,0.1040561224489795,0.0
2014-07-05 17:00:00,0.7003119777158775,0.1195069637883008,0.0438857938718663,0.0,0.0,0.0530807799442897,0.0597743732590529,0.002133704735376,0.0325292479108635,0.0
2014-07-05 18:00:00,0.3011256983240223,0.0578910614525139,0.0535251396648044,0.0,0.0,0.0533016759776536,0.0239664804469273,0.0022402234636871,0.0502737430167597,0.0
2014-07-05 19:00:00,0.2748839050131926,0.0855857519788918,0.0453403693931398,0.0,0.0,0.0416517150395778,0.0364459102902374,0.0023746701846965,0.0,0.0
2014-07-05 20:00:00,0.3418973684210526,0.112628947368421,0.0561815789473684,0.0,0.0,0.0114631578947368,0.0610131578947368,0.0024342105263157,0.0,0.0
2014-07-05 21:00:00,0.3397890625,0.0554557291666666,0.0379088541666666,0.0,0.0,0.0039088541666666,0.060453125,0.0024114583333333,0.0,0.0
2014-07-05 22:00:00,0.2983204301075269,0.059410752688172,0.0360344086021505,0.0,0.0,0.0038709677419354,0.0527118279569892,0.0022645161290322,0.0,0.0
2014-07-05 23:00:00,0.2682972972972973,0.1055343035343035,0.0366216216216216,0.0,0.0,0.0038960498960498,0.0189688149688149,0.0024220374220374,0.0,0.0
2014-07-06 00:00:00,0.252454,0.10172,0.039552,0.0,0.0,0.003882,0.019034,0.00249,0.0,0.0
2014-07-06 01:00:00,0.2059860834990059,0.0619562624254473,0.0397355864811133,0.0,0.0,0.003924453280318,0.019027833001988,0.0026341948310139,0.0,0.0
2014-07-06 02:00:00,0.2070021834061135,0.0590393013100436,0.0358318777292576,0.0,0.0,0.0039061135371179,0.0190109170305676,0.0027183406113537,0.0,0.0
2014-07-06 03:00:00,0.2325376569037656,0.0771276150627615,0.033857740585774,0.0,0.0,0.0039560669456066,0.0190794979079497,0.0028117154811715,0.0,0.0
2014-07-06 04:00:00,0.2452997946611909,0.0926509240246406,0.0311724845995893,0.0,0.0,0.0039055441478439,0.0193429158110882,0.0028418891170431,0.0,0.0
2014-07-06 05:00:00,0.3096974789915966,0.0893004201680672,0.0337920168067226,0.0,0.0,0.0039369747899159,0.0193277310924369,0.0026638655462184,0.0704348739495798,0.0
2014-07-06 06:00:00,0.5122077669902912,0.0673242718446602,0.0297067961165048,0.0,0.0,0.0038990291262135,0.0191184466019417,0.0022718446601941,0.0,0.0
2014-07-06 07:00:00,0.3927327935222672,0.0601882591093117,0.0443097165991902,0.0,0.0,0.0038643724696356,0.0190384615384615,0.0020465587044534,0.1575080971659919,0.0
2014-07-06 08:00:00,0.222540650406504,0.0590162601626016,0.0311747967479674,0.0,0.0,0.0139532520325203,0.0191829268292682,0.0022784552845528,0.0117418699186991,0.0
2014-07-06 09:00:00,0.1914239350912779,0.0754908722109533,0.0290973630831643,0.0,0.0,0.0039249492900608,0.0192474645030425,0.0022190669371196,0.0,0.0
2014-07-06 10:00:00,0.2069012345679012,0.094812757201646,0.0305637860082304,0.0,0.0,0.0039156378600823,0.0191748971193415,0.0021440329218106,0.0,0.0
2014-07-06 11:00:00,0.8196049618320611,0.091706106870229,0.0346717557251908,0.0,0.0,0.0038396946564885,0.0191297709923664,0.0020324427480916,0.2923072519083969,2.2900763358778624e-05
2014-07-06 12:00:00,1.2196275862068964,0.0606597701149425,0.046551724137931,0.0,0.0005448275862068,0.0038413793103448,0.0191908045977011,0.0574827586206896,0.000367816091954,0.0
2014-07-06 13:00:00,0.3092357320099256,0.0754640198511166,0.0378064516129032,0.0,0.0,0.005789081885856,0.0323349875930521,0.0024491315136476,0.1199057071960297,0.0
2014-07-06 14:00:00,0.3576441102756892,0.1218746867167919,0.0344912280701754,0.0,0.0,0.0520551378446115,0.0649624060150376,0.0023583959899749,0.0,0.0
2014-07-06 15:00:00,0.3344278846153846,0.0851033653846153,0.0308245192307692,0.0,0.0,0.0929927884615384,0.0459086538461538,0.0023701923076923,0.0,0.0
2014-07-06 16:00:00,0.3497566137566137,0.0605396825396825,0.0399576719576719,0.0,0.0,0.0030449735449735,0.0545661375661375,0.0060608465608465,0.1112539682539682,0.0
2014-07-06 17:00:00,0.3448923076923076,0.1362025641025641,0.0348358974358974,0.0,0.0,0.0030717948717948,0.0615461538461538,0.0021564102564102,0.0268948717948717,0.0
2014-07-06 18:00:00,0.2226412776412776,0.0698452088452088,0.0379336609336609,0.0,0.0,0.003081081081081,0.0397346437346437,0.0021769041769041,0.0,0.0
2014-07-06 19:00:00,0.3298974358974359,0.0565538461538461,0.0343871794871794,0.0,0.0,0.0030974358974358,0.0230358974358974,0.0023641025641025,0.1080153846153846,0.0
2014-07-06 20:00:00,0.4508257575757575,0.0983686868686868,0.0503080808080808,0.0,0.0,0.003050505050505,0.0230858585858585,0.0022929292929292,0.0930530303030303,0.0
2014-07-06 21:00:00,0.310045871559633,0.0982064220183486,0.0332866972477064,0.0,0.0,0.0031192660550458,0.0230160550458715,0.0024564220183486,0.0012844036697247,0.0
2014-07-06 22:00:00,0.2534988066825775,0.0569952267303102,0.0363961813842482,0.0,0.0,0.0030883054892601,0.0230214797136038,0.002217183770883,0.0,0.0
2014-07-06 23:00:00,0.2262466843501326,0.0596684350132626,0.0274084880636604,0.0,0.0,0.0031167108753315,0.0230106100795755,0.0022732095490716,0.0,0.0
2014-07-07 00:00:00,0.1843961218836565,0.0688670360110803,0.0321329639889196,0.0,0.0,0.0030526315789473,0.0230193905817174,0.0023462603878116,0.0093961218836565,0.0
2014-07-07 01:00:00,0.2085374677002583,0.0929328165374677,0.0255400516795865,0.0,0.0,0.0031188630490956,0.0230671834625323,0.0024211886304909,0.0,0.0
2014-07-07 02:00:00,0.2170320512820512,0.0945801282051282,0.028400641025641,0.0,0.0,0.0031089743589743,0.0230192307692307,0.0025288461538461,0.0,0.0
2014-07-07 03:00:00,,,,,,,,,,
2014-07-07 04:00:00,,,,,,,,,,
2014-07-07 05:00:00,,,,,,,,,,
2014-07-07 06:00:00,,,,,,,,,,
2014-07-07 07:00:00,,,,,,,,,,
2014-07-07 08:00:00,0.1713175182481751,0.0066204379562043,0.0640656934306569,0.0,0.0,0.0512992700729926,0.0231496350364963,0.0020036496350364,0.0,0.0
2014-07-07 09:00:00,0.2486989966555184,0.0883595317725752,0.0268779264214046,0.0,0.0,0.0533444816053511,0.0231488294314381,0.0020066889632107,0.0,0.0
2014-07-07 10:00:00,0.2561405529953917,0.0905184331797235,0.0341405529953917,0.0,0.0,0.0519331797235023,0.0230967741935483,0.0020069124423963,0.0,0.0
2014-07-07 11:00:00,0.2096153846153846,0.0546673076923076,0.0232615384615384,0.0,0.0,0.05395,0.0231115384615384,0.0020115384615384,0.0,0.0
2014-07-07 12:00:00,0.2436855791962175,0.0635744680851063,0.0267186761229314,0.0,0.0,0.0526382978723404,0.0230756501182033,0.0020212765957446,0.0,0.0
2014-07-07 13:00:00,0.6311828358208955,0.0660317164179104,0.0226343283582089,0.0,0.0,0.0518022388059701,0.0538227611940298,0.0020055970149253,0.0,0.0
2014-07-07 14:00:00,0.3554433333333333,0.1073883333333333,0.0348183333333333,0.0,0.0,0.05858,0.0651333333333333,0.0020083333333333,0.0,0.0
2014-07-07 15:00:00,0.2751923076923077,0.0752267206477732,0.0363238866396761,0.0,6.477732793522267e-05,0.0552874493927125,0.0335,0.0020546558704453,0.0,0.0
2014-07-07 16:00:00,1.323867549668874,0.0626644591611479,0.0562715231788079,0.0,0.0,0.0518520971302428,0.0364701986754966,0.0021743929359823,0.1497682119205298,0.0
2014-07-07 17:00:00,0.4860270880361174,0.0695846501128668,0.0406523702031602,0.0,0.000237020316027,0.0528623024830699,0.0204176072234763,0.0655914221218961,0.0,0.0
2014-07-07 18:00:00,0.4725920745920746,0.105053613053613,0.0584312354312354,0.0,0.0,0.0524895104895104,0.0203613053613053,0.002020979020979,0.185030303030303,0.0
2014-07-07 19:00:00,0.3408880866425993,0.1007509025270758,0.0370433212996389,0.0,0.0,0.0701083032490974,0.0204729241877256,0.0020974729241877,0.0,0.0
2014-07-07 20:00:00,0.3661538461538461,0.063319397993311,0.0439598662207357,0.0,0.0,0.0531655518394648,0.0204147157190635,0.0020434782608695,0.0,0.0
2014-07-07 21:00:00,0.4132233333333333,0.0587183333333333,0.0303333333333333,0.0,0.0,0.0545416666666666,0.0258133333333333,0.0022216666666666,0.0653366666666666,0.0
2014-07-07 22:00:00,0.2598396551724138,0.0766120689655172,0.0311982758620689,0.0,0.0,0.0030448275862068,0.0202603448275862,0.0023706896551724,0.0,0.0
2014-07-07 23:00:00,0.2448681135225375,0.0906193656093489,0.0318430717863105,0.0,0.0,0.0030383973288814,0.0203439065108514,0.0026043405676126,0.0,0.0
2014-07-08 00:00:00,0.2054446308724832,0.088978187919463,0.0309362416107382,0.0,0.0,0.0030402684563758,0.0203187919463087,0.0025553691275167,0.0,0.0
2014-07-08 01:00:00,0.1834866220735785,0.0715367892976588,0.0334916387959866,0.0,0.0,0.0030535117056856,0.0203678929765886,0.0026822742474916,0.0,0.0017123745819397
2014-07-08 02:00:00,0.1785220338983051,0.0636135593220339,0.0315016949152542,0.0,0.0,0.0030186440677966,0.0202830508474576,0.0026203389830508,0.0,0.0
2014-07-08 03:00:00,0.18053,0.0596583333333333,0.0296883333333333,0.0,0.0,0.003055,0.0202766666666666,0.0026666666666666,0.0,0.0
2014-07-08 04:00:00,0.1764510135135135,0.057741554054054,0.0285861486486486,0.0,0.0,0.0030439189189189,0.0206081081081081,0.0026773648648648,0.0,0.0
2014-07-08 05:00:00,0.1868480801335559,0.0691886477462437,0.0267646076794657,0.0,0.0,0.0030350584307178,0.020584307178631,0.0021335559265442,0.0,0.0
2014-07-08 06:00:00,0.6627628865979381,0.0766701030927835,0.023221649484536,0.0,0.3575137457044673,0.0030652920962199,0.0204570446735395,0.002094501718213,0.0,0.0
2014-07-08 07:00:00,0.3142993311036789,0.0805451505016722,0.0382224080267558,0.0,0.032443143812709,0.0031003344481605,0.0204565217391304,0.0020384615384615,0.0295802675585284,0.0
2014-07-08 08:00:00,0.7541983193277311,0.0856285714285714,0.0262991596638655,0.0,0.443036974789916,0.0030252100840336,0.0205327731092436,0.0020705882352941,0.0,0.0
2014-07-08 09:00:00,0.3804177852348993,0.0757852348993288,0.0256291946308724,0.0,0.0420302013422818,0.0030201342281879,0.0205369127516778,0.0020620805369127,0.0,0.0
2014-07-08 10:00:00,0.2046566666666666,0.062055,0.027,0.0,0.0,0.0030299999999999,0.0204766666666666,0.0020133333333333,0.0,0.0
2014-07-08 11:00:00,0.3142474747474748,0.0591380471380471,0.0363164983164983,0.0,0.0,0.003010101010101,0.0205488215488215,0.0188434343434343,0.0784528619528619,0.0
2014-07-08 12:00:00,0.2925016666666666,0.09354,0.0266583333333333,0.0,0.0,0.0030299999999999,0.0204116666666666,0.00204,0.05432,0.0
2014-07-08 13:00:00,0.2489332220367278,0.1079115191986644,0.0250200333889816,0.0,0.0,0.0030283806343906,0.0204958263772954,0.0020868113522537,0.0,0.0
2014-07-08 14:00:00,0.2144283305227656,0.0661315345699831,0.0408499156829679,0.0,0.0,0.0030236087689713,0.020548060708263,0.0020978077571669,0.0,0.0
2014-07-08 15:00:00,0.2093776223776223,0.0625297202797202,0.0479650349650349,0.0,0.0,0.0030262237762237,0.020548951048951,0.0022307692307692,0.0,0.0
2014-07-08 16:00:00,0.519795871559633,0.0766834862385321,0.0446926605504587,0.0,0.0,0.0030183486238532,0.0474036697247706,0.0021123853211009,0.0,0.0
2014-07-08 17:00:00,1.0097488038277511,0.0982511961722488,0.0382248803827751,0.0,0.0,0.003023923444976,0.0619138755980861,0.0022535885167464,0.0,0.0
2014-07-08 18:00:00,0.5311545253863135,0.0910485651214128,0.0325143487858719,0.0,0.00021412803532,0.0030132450331125,0.0647836644591611,0.0400485651214128,0.0,0.0
2014-07-08 19:00:00,0.2122893518518518,0.0577569444444444,0.0284328703703703,0.0,0.0,0.0030254629629629,0.0633541666666666,0.0020925925925925,0.0,0.0
2014-07-08 20:00:00,0.2010467706013363,0.0611425389755011,0.0472048997772828,0.0,0.0,0.003033407572383,0.0333363028953229,0.0021514476614699,0.0,0.0
2014-07-08 21:00:00,0.3360734966592428,0.0730846325167037,0.0519287305122494,0.0,0.0,0.0030178173719376,0.0189888641425389,0.0020779510022271,0.0981046770601336,0.0
2014-07-08 22:00:00,0.2503688118811881,0.0858712871287128,0.0395841584158415,0.0,0.0,0.0030173267326732,0.019009900990099,0.0023811881188118,0.0,0.0
2014-07-08 23:00:00,0.2139838337182448,0.0811501154734411,0.0285381062355658,0.0,0.0,0.0030184757505773,0.0190046189376443,0.0025658198614318,0.0,0.0
2014-07-09 00:00:00,0.2003248730964467,0.0778121827411167,0.0280253807106598,0.0,0.0,0.0030482233502538,0.0190329949238578,0.0024289340101522,0.0,0.0
2014-07-09 01:00:00,0.1749114832535885,0.0669066985645933,0.0258062200956937,0.0,0.0,0.0030430622009569,0.0190837320574162,0.0027631578947368,0.0,0.0
2014-07-09 02:00:00,0.1682200488997555,0.060080684596577,0.0279804400977995,0.0,0.0,0.0030635696821515,0.0190733496332518,0.002723716381418,0.0,0.0
2014-07-09 03:00:00,0.1720411622276029,0.0576876513317191,0.0289273607748184,0.0,0.0,0.0030338983050847,0.0191428571428571,0.0027409200968523,0.0,0.0
2014-07-09 04:00:00,0.1814841849148418,0.0595620437956204,0.0307347931873479,0.0,0.0,0.0030243309002433,0.0191849148418491,0.0027007299270072,0.0,0.0
2014-07-09 05:00:00,0.1826343825665859,0.0591452784503631,0.0282953995157385,0.0,0.0,0.0030314769975786,0.0192033898305084,0.00218401937046,0.0,0.0
2014-07-09 06:00:00,0.2278247191011236,0.0742269662921348,0.0315483146067415,0.0,0.0,0.0030651685393258,0.0191303370786516,0.0020584269662921,0.0,0.0232179775280898
2014-07-09 07:00:00,0.1954896551724138,0.0726091954022988,0.0316252873563218,0.0,0.0,0.0031080459770114,0.0191241379310344,0.0020229885057471,0.0,0.0
2014-07-09 08:00:00,0.1966966824644549,0.0720379146919431,0.0331966824644549,0.0,7.109004739336493e-06,0.0030402843601895,0.0192251184834123,0.0095592417061611,0.0,0.0
2014-07-09 09:00:00,1.7075982142857142,0.0826361607142857,0.0363013392857142,0.0,0.0,0.0030290178571428,0.0191316964285714,0.002046875,0.0,0.0
2014-07-09 10:00:00,0.2287152619589977,0.0792756264236902,0.0233348519362186,0.0,3.644646924829157e-05,0.0030227790432801,0.0190523917995444,0.0088519362186788,0.0,0.0
2014-07-09 11:00:00,0.193060291060291,0.0635488565488565,0.0313555093555093,0.0,0.0,0.003089397089397,0.0191060291060291,0.002014553014553,0.0,0.0
2014-07-09 12:00:00,0.7704894117647059,0.06316,0.0288235294117647,0.0,0.4171788235294117,0.0030894117647058,0.0190894117647058,0.0020070588235294,0.0,0.0
2014-07-09 13:00:00,0.2658810483870967,0.0746512096774193,0.034195564516129,0.0,0.0188649193548387,0.0030201612903225,0.019078629032258,0.002,0.0,0.0
2014-07-09 14:00:00,0.2503457076566125,0.1047888631090487,0.0312946635730858,0.0,0.0007911832946635,0.0030348027842227,0.0190904872389791,0.0020185614849187,0.0,0.0
2014-07-09 15:00:00,0.2403903614457831,0.0890554216867469,0.0311060240963855,0.0,0.0,0.0030216867469879,0.0409301204819277,0.002012048192771,0.0,0.0
2014-07-09 16:00:00,0.2541936936936937,0.0647252252252252,0.0312274774774774,0.0,0.0,0.0030315315315315,0.0250968468468468,0.0020608108108108,0.0462522522522522,0.0
2014-07-09 17:00:00,0.6818481927710843,0.1218240963855421,0.0410722891566265,0.0,0.0,0.0030168674698795,0.0191325301204819,0.0020457831325301,0.0272048192771084,0.0
2014-07-09 18:00:00,0.224464953271028,0.0812429906542056,0.0416822429906542,0.0,0.0,0.0030233644859813,0.0191214953271028,0.002053738317757,0.0,0.0
2014-07-09 19:00:00,0.2059282407407407,0.0605625,0.0339328703703703,0.0,0.0,0.0030300925925925,0.0192013888888888,0.0024189814814814,0.0,0.0
2014-07-09 20:00:00,0.2856822222222222,0.1004555555555555,0.0365266666666666,0.0,5.7777777777777776e-05,0.0030266666666666,0.0289066666666666,0.0155244444444444,0.0073955555555555,0.0
2014-07-09 21:00:00,0.4460206766917293,0.1056109022556391,0.0372387218045112,0.0,0.0,0.0504473684210526,0.0321372180451127,0.0023552631578947,0.0738984962406015,0.0
2014-07-09 22:00:00,0.2847097378277153,0.0531198501872659,0.0264157303370786,0.0,0.0,0.0616198501872659,0.0190243445692883,0.0022902621722846,0.0,0.0
2014-07-09 23:00:00,0.1810425055928411,0.0627874720357941,0.0293557046979865,0.0,0.0,0.0030894854586129,0.0190402684563758,0.0022863534675615,0.0,0.0
2014-07-10 00:00:00,0.1983636363636363,0.0834009324009324,0.0305664335664335,0.0,0.0,0.003051282051282,0.019020979020979,0.0023170163170163,0.0,0.0
2014-07-10 01:00:00,0.2116042154566744,0.0910023419203747,0.0274121779859484,0.0,0.0,0.0031030444964871,0.0190866510538641,0.0025807962529274,0.0,0.0
2014-07-10 02:00:00,0.2149555035128805,0.0916651053864168,0.0308360655737704,0.0,0.0,0.0031288056206088,0.0190936768149882,0.002639344262295,0.0,0.0
2014-07-10 03:00:00,0.173168765743073,0.0618740554156171,0.0319647355163727,0.0,0.0,0.0031007556675062,0.0190579345088161,0.0026801007556675,0.0,0.0
2014-07-10 04:00:00,0.1712807424593967,0.061614849187935,0.0312877030162413,0.0,0.0,0.0031647331786542,0.0190626450116009,0.0027610208816705,0.0,0.0
2014-07-10 05:00:00,0.1678521739130435,0.0584391304347826,0.0343195652173913,0.0,0.0,0.0030934782608695,0.019,0.0021152173913043,0.0,0.0
2014-07-10 06:00:00,0.3177645687645687,0.0636596736596736,0.0345291375291375,0.0,0.0,0.0031188811188811,0.0188111888111888,0.002088578088578,0.1544638694638694,0.0
2014-07-10 07:00:00,0.2755364705882353,0.0886635294117647,0.0297623529411764,0.0,0.0,0.0031905882352941,0.0191411764705882,0.0022211764705882,0.0,0.0
2014-07-10 08:00:00,0.257162,0.091532,0.044948,0.0,0.0,0.003088,0.019118,0.002016,0.0,0.0
2014-07-10 09:00:00,0.2184232209737827,0.087691011235955,0.0296348314606741,0.0,0.0,0.003063670411985,0.0191011235955056,0.0020074906367041,0.0,0.0
2014-07-10 10:00:00,0.2584109848484848,0.0622689393939393,0.0336079545454545,0.0,0.0003901515151515,0.0030833333333333,0.0191193181818181,0.0617935606060606,0.0,0.0
2014-07-10 11:00:00,0.1706273764258555,0.0641083650190114,0.0272338403041825,0.0,0.0,0.0030817490494296,0.0190969581749049,0.0020456273764258,0.0,0.0
2014-07-10 12:00:00,0.3089573283858998,0.121126159554731,0.0315732838589981,0.0,0.0,0.0030853432282003,0.0190927643784786,0.0020742115027829,0.0929016697588126,0.0
2014-07-10 13:00:00,0.2415057471264367,0.0886954022988505,0.0306954022988505,0.0,0.0,0.0269042145593869,0.0189980842911877,0.0020421455938697,0.0225172413793103,0.0
2014-07-10 14:00:00,0.297250936329588,0.0659588014981273,0.0273539325842696,0.0,0.0,0.0661123595505617,0.0180355805243445,0.0020318352059925,0.0,0.0
2014-07-10 15:00:00,0.3654792079207921,0.1388336633663366,0.0332910891089108,0.0,0.0,0.0696059405940594,0.0187306930693069,0.0020158415841584,0.0696950495049505,0.0
2014-07-10 16:00:00,1.2134685816876123,0.1359389587073608,0.0315780969479353,0.0,0.0001436265709156,0.0712154398563734,0.019064631956912,0.0579353680430879,0.167967684021544,0.0
2014-07-10 17:00:00,0.449161921708185,0.0606476868327402,0.0479572953736654,0.0,0.0008879003558718,0.0535996441281138,0.0190604982206405,0.0283932384341637,0.0416067615658363,0.0
2014-07-10 18:00:00,0.4218496503496503,0.1401223776223776,0.0361136363636363,0.0,0.0329353146853146,0.0561643356643356,0.019097902097902,0.0020786713286713,0.0,0.0
2014-07-10 19:00:00,0.2579403973509933,0.0647130242825607,0.0347991169977924,0.0,0.0,0.0717748344370861,0.0191479028697571,0.002289183222958,0.0,0.0
2014-07-10 20:00:00,0.3517107843137255,0.0881348039215686,0.0416078431372549,0.0,0.0,0.064781862745098,0.057688725490196,0.0022941176470588,0.0,0.0009779411764705
2014-07-10 21:00:00,0.391235294117647,0.1124611764705882,0.0304682352941176,0.0,0.0,0.0178658823529411,0.0206847058823529,0.0022447058823529,0.09764,0.0
2014-07-10 22:00:00,0.1978401937046005,0.0638159806295399,0.0279636803874092,0.0,0.0,0.003728813559322,0.0189757869249394,0.0023631961259079,0.0,0.0
2014-07-10 23:00:00,0.1709527363184079,0.0602985074626865,0.0297487562189054,0.0,0.0,0.0037835820895522,0.0190323383084577,0.0022537313432835,0.0,0.0
2014-07-11 00:00:00,0.2395,0.1487119565217391,0.0,0.0,0.0,0.0037826086956521,0.019,0.0022336956521739,0.0,0.0
2014-07-11 01:00:00,0.2608454810495627,0.129935860058309,0.0383877551020408,0.0,0.0,0.0047609329446064,0.0190816326530612,0.0023556851311953,0.0,0.0
2014-07-11 02:00:00,0.1923905882352941,0.067435294117647,0.0307529411764705,0.0,0.0,0.0037858823529411,0.0190541176470588,0.0024047058823529,0.0,0.0
2014-07-11 03:00:00,0.1795110024449877,0.0624449877750611,0.0307799511002445,0.0,0.0,0.0037579462102689,0.0190391198044009,0.002440097799511,0.0,0.0
2014-07-11 04:00:00,0.167807962529274,0.0602669789227166,0.0296065573770491,0.0,0.0,0.0038126463700234,0.0190913348946135,0.0026346604215456,0.0,0.0
2014-07-11 05:00:00,0.2941650943396227,0.0944929245283018,0.0276084905660377,0.0,0.0,0.0037028301886792,0.0190778301886792,0.0021650943396226,0.1135613207547169,0.0
2014-07-11 06:00:00,0.8905199203187251,0.0851314741035856,0.0306772908366533,0.0,0.0,0.0037310756972111,0.0191513944223107,0.0020896414342629,0.1961932270916334,0.0093107569721115
2014-07-11 07:00:00,0.240125,0.0888859649122807,0.0370614035087719,0.0,0.0,0.0128333333333333,0.019063596491228,0.0020263157894736,5.701754385964912e-05,0.0
2014-07-11 08:00:00,0.2293441860465116,0.0660627906976744,0.0357348837209302,0.0,0.0,0.0191209302325581,0.0190744186046511,0.002006976744186,9.302325581395349e-06,0.0
2014-07-11 09:00:00,0.2320158371040724,0.0664954751131221,0.030866515837104,0.0,0.0,0.0187805429864253,0.0191085972850678,0.0020158371040723,0.0,0.0
2014-07-11 10:00:00,0.2804712153518123,0.0641513859275053,0.0289680170575692,0.0,0.0,0.0167995735607675,0.0191066098081023,0.0020085287846481,0.0312665245202558,0.0
2014-07-11 11:00:00,0.2834775784753363,0.1022668161434977,0.0257802690582959,0.0,0.0,0.0168228699551569,0.0191928251121076,0.0020695067264573,0.0403430493273542,0.0
2014-07-11 12:00:00,0.4008677130044843,0.1001434977578475,0.0443744394618834,0.0,0.0,0.0171793721973094,0.0191233183856502,0.0020986547085201,0.0633632286995515,0.0
2014-07-11 13:00:00,0.5522251184834123,0.0686208530805687,0.0417843601895734,0.0,0.2012037914691943,0.0552274881516587,0.0190876777251184,0.002063981042654,0.0,0.0046895734597156
2014-07-11 14:00:00,0.6340689655172413,0.0750114942528735,0.0311724137931034,0.0,0.081119540229885,0.0772321839080459,0.0331333333333333,0.021767816091954,0.0,0.0329770114942528
2014-07-11 15:00:00,0.5741697674418604,0.1309232558139534,0.0364767441860465,0.0,4.883720930232558e-05,0.0705465116279069,0.030913953488372,0.0154279069767441,0.1074209302325581,0.0
2014-07-11 16:00:00,1.7218960396039604,0.0640519801980198,0.0304826732673267,0.0,0.0,0.0731237623762376,0.0191113861386138,0.0605173267326732,0.1219133663366336,0.0
2014-07-11 17:00:00,0.6440048309178744,0.1115603864734299,0.0687584541062802,0.0,0.0,0.0681811594202898,0.0190700483091787,0.0020362318840579,0.0349589371980676,0.0
2014-07-11 18:00:00,0.2674549653579677,0.0869584295612009,0.0339584295612009,0.0,0.0,0.0677644341801385,0.0191801385681293,0.0021824480369515,0.0,0.0
2014-07-11 19:00:00,0.2630583941605839,0.0741703163017031,0.0332408759124087,0.0,0.0,0.079250608272506,0.019287104622871,0.0024598540145985,0.0,0.0
2014-07-11 20:00:00,0.4266773504273504,0.131525641025641,0.0279059829059829,0.0,0.0,0.0549529914529914,0.0368247863247863,0.0024380341880341,0.0,0.0
2014-07-11 21:00:00,0.4417959999999999,0.056636,0.039716,0.0,0.0,0.055792,0.049372,0.0023439999999999,0.08901,0.001074
2014-07-11 22:00:00,0.2143430656934306,0.0661459854014598,0.0307420924574209,0.0,0.0,0.003905109489051,0.0190243309002433,0.0021654501216545,0.0,0.0001484184914841
2014-07-11 23:00:00,0.2325012048192771,0.1149132530120481,0.0411397590361445,0.0,0.0,0.0039349397590361,0.0284192771084337,0.0021542168674698,0.0,9.156626506024096e-05
2014-07-12 00:00:00,0.1937453271028037,0.0791588785046729,0.0372429906542056,0.0,0.0,0.0039602803738317,0.0190467289719626,0.0023785046728971,0.0,0.0
2014-07-12 01:00:00,0.1924100227790433,0.0639977220956719,0.0366560364464692,0.0,0.0,0.0039544419134396,0.0190615034168564,0.0024282460136674,0.0,0.0
2014-07-12 02:00:00,0.1854080188679245,0.0712783018867924,0.0353466981132075,0.0,0.0,0.0039457547169811,0.0190613207547169,0.0024669811320754,0.0,0.0
2014-07-12 03:00:00,0.2093293556085919,0.1037016706443914,0.0318400954653937,0.0,0.0,0.0039403341288782,0.0190572792362768,0.0026229116945107,0.0,0.0
2014-07-12 04:00:00,0.2004233576642335,0.0841119221411192,0.0295790754257907,0.0,0.0,0.003941605839416,0.01923600973236,0.0026350364963503,0.0,0.0
2014-07-12 05:00:00,0.1903042452830188,0.0643254716981132,0.0311391509433962,0.0,0.0,0.0039528301886792,0.0193349056603773,0.0026533018867924,0.0,0.0
2014-07-12 06:00:00,0.6617904328018224,0.0541161731207289,0.0307790432801822,0.0,0.0,0.007,0.0275763097949886,0.002134396355353,0.0,0.0001412300683371
2014-07-12 07:00:00,0.4017675906183369,0.0992366737739872,0.0445074626865671,0.0,0.001046908315565,0.0052473347547974,0.0667505330490405,0.0172430703624733,0.1916417910447761,0.0
2014-07-12 08:00:00,0.7090519713261649,0.1047186379928315,0.032094982078853,0.0,0.3194749103942652,0.0389301075268817,0.0589551971326164,0.0020806451612903,2.6881720430107527e-05,0.0
2014-07-12 09:00:00,0.5327939068100359,0.0634498207885304,0.0306218637992831,0.0,3.5842293906810035e-06,0.0579587813620071,0.0118440860215053,0.0195913978494623,0.0,0.0
2014-07-12 10:00:00,0.2625241779497098,0.0942456479690522,0.0349303675048355,0.0,0.0,0.0549458413926499,0.0135280464216634,0.0021044487427466,0.0,0.0
2014-07-12 11:00:00,1.2190427135678392,0.1222562814070351,0.040751256281407,0.0,0.0,0.0609698492462311,0.0135351758793969,0.0023165829145728,0.0,0.0
2014-07-12 12:00:00,0.4078553921568628,0.0686397058823529,0.0422205882352941,9.803921568627451e-06,0.0,0.0669803921568627,0.0123848039215686,0.0022181372549019,0.1443529411764705,0.0
2014-07-12 13:00:00,0.3517739557739557,0.1407469287469287,0.0446289926289926,0.0,0.0,0.0664176904176904,0.0116855036855036,0.002088452088452,0.0,0.0
2014-07-12 14:00:00,0.7565810185185184,0.1361458333333333,0.0394375,0.0,0.0002731481481481,0.0732199074074074,0.0108657407407407,0.0560439814814814,0.0,0.0
2014-07-12 15:00:00,0.9434593908629442,0.1352131979695431,0.0623274111675126,0.0,0.0,0.0579746192893401,0.0103654822335025,0.0020812182741116,0.0,0.0
2014-07-12 16:00:00,0.8654588528678304,0.0582718204488778,0.0388054862842892,0.0,0.0,0.0919526184538653,0.0136184538653366,0.0020374064837905,0.0,0.0
2014-07-12 17:00:00,0.5202773892773893,0.1408228438228438,0.0488018648018648,0.0,4.662004662004662e-06,0.0606550116550116,0.0116107226107226,0.0154055944055944,0.0,0.0
2014-07-12 18:00:00,0.4301973094170403,0.1206681614349775,0.0682264573991031,0.0,0.0,0.0533408071748878,0.0128497757847533,0.0024686098654708,0.1086233183856502,0.0
2014-07-12 19:00:00,0.2624257907542578,0.0764184914841849,0.0465790754257907,0.0,0.0,0.054,0.01192700729927,0.0020437956204379,0.0,0.0
2014-07-12 20:00:00,0.5048424657534247,0.1075182648401826,0.0786004566210045,0.0,0.0,0.0699543378995433,0.0558652968036529,0.0492031963470319,0.0439109589041095,0.0001050228310502
2014-07-12 21:00:00,0.4287390300230947,0.0906836027713625,0.0764642032332563,0.0,0.0,0.0534780600461893,0.0657921478060046,0.002,0.0303279445727482,0.0
2014-07-12 22:00:00,0.3869906323185011,0.0721334894613583,0.0750351288056206,0.0,0.0,0.0128501170960187,0.0642529274004683,0.0020913348946135,0.0,0.0
2014-07-12 23:00:00,0.2376836982968369,0.1275328467153284,0.0145450121654501,0.0,0.0,0.0047396593673965,0.018596107055961,0.0024987834549878,0.0,0.0
2014-07-13 00:00:00,0.1832745591939546,0.0636901763224181,0.0490503778337531,0.0,0.0,0.0039949622166246,0.0186826196473551,0.0023929471032745,0.0,0.0
2014-07-13 01:00:00,0.2387412587412587,0.1095804195804195,0.0401142191142191,0.0,0.0,0.0039976689976689,0.0182027972027972,0.0025547785547785,0.0,0.0
2014-07-13 02:00:00,0.2228236842105263,0.092678947368421,0.0378236842105263,0.0,0.0,0.0039947368421052,0.0184315789473684,0.0025499999999999,0.0,0.0
2014-07-13 03:00:00,0.1794209302325581,0.0619441860465116,0.0362116279069767,0.0,0.0,0.0039953488372093,0.018460465116279,0.0027046511627906,0.0,0.0
2014-07-13 04:00:00,0.222756157635468,0.1127684729064039,0.0285591133004926,0.0,0.0,0.0039975369458128,0.0184679802955665,0.002807881773399,0.0,0.0
2014-07-13 05:00:00,0.2053857493857493,0.0919803439803439,0.0281326781326781,0.0,0.0,0.0039877149877149,0.0186633906633906,0.0027395577395577,0.0,0.0
2014-07-13 06:00:00,0.2723400900900901,0.0558153153153153,0.0301283783783783,0.0,0.0,0.0040112612612612,0.0186036036036036,0.0023108108108108,0.1147094594594594,0.0
2014-07-13 07:00:00,0.2390305164319248,0.1092582159624413,0.0296455399061032,0.0,0.0,0.0099483568075117,0.0170211267605633,0.0020657276995305,0.0,0.0
2014-07-13 08:00:00,0.2664964028776978,0.0894364508393285,0.0419352517985611,0.0,0.0,0.0093165467625899,0.0184244604316546,0.0021270983213429,0.064599520383693,0.0017482014388489
2014-07-13 09:00:00,0.1859193954659949,0.0585667506297229,0.0333778337531486,0.0,0.0,0.0042392947103274,0.0187884130982367,0.0023576826196473,0.0,0.0013551637279596
2014-07-13 10:00:00,0.2375235732009925,0.1097047146401985,0.0357791563275434,0.0,0.0,0.0042952853598014,0.0176650124069478,0.0022506203473945,0.0,0.0
2014-07-13 11:00:00,0.2033682926829268,0.0995243902439024,0.0306878048780487,0.0,0.0,0.0039951219512195,0.0168634146341463,0.0022585365853658,0.0,0.0
2014-07-13 12:00:00,0.9568305882352942,0.0597882352941176,0.042235294117647,0.0,0.0,0.004,0.0162729411764705,0.0111905882352941,0.0,0.0
2014-07-13 13:00:00,0.267352808988764,0.1224516853932584,0.0396067415730337,0.0,0.0,0.0039932584269662,0.014391011235955,0.0024539325842696,0.0,0.0
2014-07-13 14:00:00,0.2995968819599109,0.0893608017817371,0.054467706013363,0.0,0.0,0.0039977728285077,0.0156993318485523,0.002097995545657,0.0924454342984409,0.0
2014-07-13 15:00:00,0.2594375,0.0570601851851851,0.0478101851851851,0.0,0.0,0.0039814814814814,0.0164305555555555,0.0021134259259259,0.096625,0.0
2014-07-13 16:00:00,0.354309756097561,0.1390121951219512,0.0390292682926829,0.0,0.0,0.0100975609756097,0.0167634146341463,0.0021121951219512,0.0,0.0
2014-07-13 17:00:00,0.3297946210268948,0.0660146699266503,0.046281173594132,0.0,0.0,0.0079828850855745,0.0147432762836185,0.0090488997555012,0.2344865525672371,0.0
2014-07-13 18:00:00,0.2353669064748201,0.0931582733812949,0.0399304556354916,0.0,0.0,0.0154844124700239,0.0182757793764988,0.0021103117505995,0.0,0.0
2014-07-13 19:00:00,0.3666728538283062,0.1078584686774942,0.0324988399071925,0.0,0.0,0.0065104408352668,0.0441809744779582,0.0023573085846867,0.0734593967517401,0.0
2014-07-13 20:00:00,0.3464611650485437,0.0622839805825242,0.0316650485436893,0.0,0.0,0.0156941747572815,0.0454830097087378,0.0020606796116504,0.0990218446601941,0.0
2014-07-13 21:00:00,0.4351822323462414,0.0774943052391799,0.0334009111617312,0.0,0.0,0.0515307517084282,0.0583416856492027,0.0022961275626423,0.0,0.0001708428246013
2014-07-13 22:00:00,0.2754399038461538,0.1120408653846153,0.0315360576923077,0.0,0.0,0.0065576923076923,0.021826923076923,0.0024014423076923,0.0,0.0
2014-07-13 23:00:00,0.1709471698113207,0.0427245283018867,0.0444830188679245,0.0,0.0,0.0066150943396226,0.0190377358490566,0.0026037735849056,0.0,0.0
2014-07-14 00:00:00,0.2723888888888889,0.149,0.0,0.0,0.0,0.0065,0.0058055555555555,0.0025277777777777,0.0,0.0
2014-07-14 01:00:00,0.2151093023255813,0.0640232558139534,0.0305511627906976,0.0,0.0,0.006553488372093,0.0086790697674418,0.002606976744186,0.0,0.0
2014-07-14 02:00:00,0.2514780600461894,0.098217090069284,0.0307759815242494,0.0,0.0,0.0066304849884526,0.0141616628175519,0.0025912240184757,0.0,0.0
2014-07-14 03:00:00,0.2379585365853658,0.0892634146341463,0.0299780487804878,0.0,0.0,0.0066121951219512,0.0146634146341463,0.0027365853658536,0.0,0.0
2014-07-14 04:00:00,0.2236875,0.0847662037037037,0.0303055555555555,0.0,0.0,0.0066481481481481,0.008074074074074,0.002761574074074,0.0,0.0
2014-07-14 05:00:00,0.2788361858190709,0.0642542787286063,0.0298581907090464,0.0,0.0,0.0067481662591687,0.0091344743276283,0.0021735941320293,0.0949853300733496,0.0
2014-07-14 06:00:00,0.2227718940936863,0.0646334012219959,0.0307657841140529,0.0,0.0,0.0067250509164969,0.0307983706720977,0.0021160896130346,0.024173116089613,0.0
2014-07-14 07:00:00,0.3132686230248306,0.0697358916478555,0.0271805869074492,0.0,0.0,0.0182686230248306,0.0432460496613995,0.0020248306997742,0.0928194130925507,0.0
2014-07-14 08:00:00,0.2955849462365591,0.0821268817204301,0.0319440860215053,0.0,0.0,0.0219268817204301,0.0574021505376344,0.0020086021505376,0.0,0.0
2014-07-14 09:00:00,0.2729501992031872,0.0930916334661354,0.0258605577689243,0.0,0.0,0.0216155378486055,0.0338406374501992,0.0020219123505976,0.0,0.0
2014-07-14 10:00:00,0.3119602977667494,0.0899081885856079,0.0322506203473945,0.0,0.0,0.021409429280397,0.0150024813895781,0.0020198511166253,0.0576079404466501,0.0
2014-07-14 11:00:00,0.2101764705882353,0.0741244343891402,0.0279886877828054,0.0,0.0,0.0225565610859728,0.0114886877828054,0.0020271493212669,0.0,0.0
2014-07-14 12:00:00,0.287321199143469,0.0684047109207708,0.0324496788008565,0.0,2.1413276231263384e-06,0.0134368308351177,0.0233790149892933,0.0080942184154175,0.0769528907922912,0.0
2014-07-14 13:00:00,0.3337438162544169,0.1357968197879858,0.0376360424028268,0.0,0.0,0.0216378091872791,0.0387703180212014,0.0020282685512367,0.0102137809187279,0.0
2014-07-14 14:00:00,0.2182151394422311,0.0631334661354581,0.0366872509960159,0.0,0.0,0.0219601593625498,0.0222709163346613,0.0020597609561752,0.0,0.0
2014-07-14 15:00:00,0.5670553097345132,0.1379446902654867,0.0417610619469026,0.0,0.0,0.0141769911504424,0.0116194690265486,0.00204203539823,0.0,0.0
2014-07-14 16:00:00,1.119415525114155,0.0660958904109589,0.0486643835616438,0.0,0.0001963470319634,0.0239292237442922,0.0127146118721461,0.0619337899543378,0.0,0.0
2014-07-14 17:00:00,0.8824352678571429,0.0984241071428571,0.0446361607142857,0.0,1.1160714285714286e-05,0.0071808035714285,0.0112633928571428,0.0022678571428571,0.0,0.0
2014-07-14 18:00:00,0.3114346793349168,0.1006128266033254,0.0516912114014251,0.0,0.0,0.0066935866983372,0.0109643705463182,0.0021425178147268,0.0827434679334916,0.0
2014-07-14 19:00:00,0.3174457547169811,0.054441037735849,0.0462193396226415,0.0,0.0,0.0223419811320754,0.0409245283018867,0.0020377358490566,0.0693113207547169,0.0
2014-07-14 20:00:00,0.4964588235294117,0.1239176470588235,0.0472,0.0,0.0,0.06444,0.0266047058823529,0.0020188235294117,0.1024941176470588,0.0032588235294117
2014-07-14 21:00:00,0.4461913439635535,0.0788132118451025,0.0452756264236902,0.0,0.0,0.0869954441913439,0.0359111617312072,0.0023302961275626,0.0,0.0
2014-07-14 22:00:00,0.2021318944844124,0.0629400479616306,0.0435419664268585,0.0,0.0,0.0062973621103117,0.009978417266187,0.0020863309352517,0.0,0.0
2014-07-14 23:00:00,0.2483453724604966,0.1185643340857787,0.0398848758465011,0.0,0.0,0.0063250564334085,0.0115146726862302,0.002237020316027,0.0,0.0
2014-07-15 00:00:00,0.2044633569739952,0.0869385342789598,0.0383687943262411,0.0,0.0,0.0063522458628841,0.0109527186761229,0.0021347517730496,0.0,0.0
2014-07-15 01:00:00,0.1977402912621359,0.0646067961165048,0.0399101941747572,0.0,0.0,0.0063252427184466,0.0125,0.0021116504854368,0.0,0.0
2014-07-15 02:00:00,0.2011093023255813,0.0834837209302325,0.0373209302325581,0.0,0.0,0.0063627906976744,0.0097720930232558,0.0022162790697674,0.0,0.0
2014-07-15 03:00:00,0.2227652811735941,0.1030586797066014,0.0324841075794621,0.0,0.0,0.0063398533007334,0.013320293398533,0.0023887530562347,0.0,0.0
2014-07-15 04:00:00,0.2082637075718015,0.0808067885117493,0.0383994778067885,0.0,0.0,0.0063446475195822,0.0132532637075718,0.0023107049608355,0.0,0.0
2014-07-15 05:00:00,0.2682004662004662,0.0591421911421911,0.0352820512820512,0.0,0.0,0.0063846153846153,0.0104475524475524,0.002074592074592,0.0904172494172494,0.0
2014-07-15 06:00:00,0.380625,0.0641633064516129,0.0314334677419354,0.0,0.0,0.0607459677419354,0.0114899193548387,0.0021350806451612,0.2307278225806451,0.0
2014-07-15 07:00:00,1.287240506329114,0.100957805907173,0.0358143459915611,0.0,0.0,0.0737130801687763,0.0281371308016877,0.0020168776371308,0.0,0.0
2014-07-15 08:00:00,0.3332127192982456,0.1029758771929824,0.034938596491228,0.0,0.0,0.070798245614035,0.0208574561403508,0.002063596491228,0.0,7.675438596491228e-05
2014-07-15 09:00:00,0.5151026785714286,0.0633973214285714,0.0370714285714285,0.0,0.0,0.0674107142857143,0.0185892857142857,0.0940647321428571,0.1388638392857142,0.0
2014-07-15 10:00:00,0.3241849315068493,0.060607305936073,0.031458904109589,0.0,0.0,0.0686415525114155,0.0274109589041095,0.0020821917808219,0.0,0.0
2014-07-15 11:00:00,0.4613066361556064,0.0927116704805492,0.037,0.0,0.0,0.0686659038901601,0.011066361556064,0.0022173913043478,0.1474736842105263,0.0
2014-07-15 12:00:00,0.3879333333333333,0.1069333333333333,0.0373247311827957,0.0,5.3763440860215054e-05,0.0654322580645161,0.011174193548387,0.0265419354838709,0.0488795698924731,0.0
2014-07-15 13:00:00,0.2808429203539823,0.0660619469026548,0.0271482300884955,0.0,0.0,0.0771327433628318,0.0133650442477876,0.0020818584070796,0.0,0.0
2014-07-15 14:00:00,0.2530271493212669,0.0611923076923076,0.0286199095022624,0.0,0.0,0.0692579185520362,0.0117805429864253,0.0020588235294117,0.0,0.0
2014-07-15 15:00:00,0.3221590909090909,0.1379863636363636,0.0305022727272727,0.0,0.0,0.0686727272727272,0.0136136363636363,0.0020272727272727,0.0,0.0
2014-07-15 16:00:00,1.0709230769230769,0.0707511312217194,0.0483597285067873,0.0,0.0,0.0591945701357466,0.011918552036199,0.0021244343891402,0.0,0.0
2014-07-15 17:00:00,1.201154684095861,0.110553376906318,0.0517712418300653,0.0,0.0,0.055553376906318,0.0120631808278867,0.0957952069716775,0.1364052287581699,0.0
2014-07-15 18:00:00,0.3551722488038277,0.0998086124401913,0.03088995215311,0.0,0.0,0.0557224880382775,0.0109952153110047,0.0022703349282296,0.0994354066985645,0.0
2014-07-15 19:00:00,0.360816091954023,0.1386344827586207,0.0284988505747126,0.0,0.0,0.0682275862068965,0.0368160919540229,0.0023494252873563,0.0,0.0
2014-07-15 20:00:00,0.3711944444444444,0.0678888888888888,0.0417692307692307,0.0,0.0,0.0591047008547008,0.0192713675213675,0.0020470085470085,0.0663653846153846,0.0
2014-07-15 21:00:00,0.4532155555555556,0.1419622222222222,0.0396777777777777,0.0,0.0,0.0757377777777777,0.0282622222222222,0.00204,3.555555555555555e-05,0.0001688888888888
2014-07-15 22:00:00,0.2709924528301886,0.0763792452830188,0.0338528301886792,0.0,0.0,0.0041641509433962,0.0120981132075471,0.0021584905660377,0.0,0.0
2014-07-15 23:00:00,0.201780487804878,0.0677341463414634,0.0269731707317073,0.0,0.0,0.0039560975609756,0.0100390243902439,0.0023048780487804,0.0,0.0
2014-07-16 00:00:00,0.2290997624703087,0.1047814726840855,0.0301211401425178,0.0,0.0,0.0039643705463182,0.0108598574821852,0.0022541567695962,0.0,0.0
2014-07-16 01:00:00,0.2190248138957816,0.100712158808933,0.0244838709677419,0.0,0.0,0.0039751861042183,0.0099081885856079,0.0023622828784119,0.0,0.0002084367245657
2014-07-16 02:00:00,0.1801670822942643,0.0673765586034912,0.0286184538653366,0.0,0.0,0.0039600997506234,0.0105960099750623,0.0023965087281795,0.0,0.0
2014-07-16 03:00:00,0.1913708920187793,0.0615399061032863,0.0337511737089201,0.0,0.0,0.0039647887323943,0.0098920187793427,0.0025,0.0,0.0
2014-07-16 04:00:00,0.191516049382716,0.0632617283950617,0.0346691358024691,0.0,0.0,0.0039629629629629,0.0107604938271604,0.0025629629629629,0.0,0.0
2014-07-16 05:00:00,0.2123358778625954,0.0927048346055979,0.0332544529262086,0.0,0.0,0.0039312977099236,0.0114452926208651,0.0021297709923664,0.0,0.0
2014-07-16 06:00:00,0.9251740088105728,0.0926607929515418,0.0326651982378854,0.0,0.0001497797356828,0.0039471365638766,0.0104207048458149,0.0021299559471365,0.0373237885462555,0.0
2014-07-16 07:00:00,1.4480532407407407,0.0861805555555555,0.0296898148148148,0.0,0.455974537037037,0.0094027777777777,0.0123379629629629,0.0020138888888888,0.0750625,0.0
2014-07-16 08:00:00,0.2256494117647058,0.0675717647058823,0.0273458823529411,0.0,5.882352941176471e-05,0.016395294117647,0.0105694117647058,0.0219458823529411,0.0,0.0
2014-07-16 09:00:00,0.19503073286052,0.0714444444444444,0.0248605200945626,0.0,0.0,0.0165555555555555,0.0125579196217494,0.0020165484633569,0.0,0.0
2014-07-16 10:00:00,0.3420399061032864,0.1356408450704225,0.0356056338028169,0.0,0.0,0.0179507042253521,0.0115446009389671,0.002037558685446,0.0605586854460093,0.0
2014-07-16 11:00:00,0.21360625,0.076875,0.03039375,0.0,0.0,0.0176125,0.012,0.0020104166666666,0.0,0.0
2014-07-16 12:00:00,0.2903416149068323,0.0779503105590062,0.0312732919254658,0.0,0.0,0.0062380952380952,0.011103519668737,0.0020434782608695,0.0985465838509316,0.0
2014-07-16 13:00:00,0.259308584686775,0.1233874709976798,0.0283016241299303,0.0,0.0,0.0176264501160092,0.0118120649651972,0.0020324825986078,0.0,0.0
2014-07-16 14:00:00,0.2043629032258064,0.0626915322580645,0.034125,0.0,0.0,0.0163810483870967,0.0137258064516129,0.0020544354838709,0.0012217741935483,0.0
2014-07-16 15:00:00,0.2787314410480349,0.1428733624454148,0.0275633187772925,0.0,0.0,0.0143973799126637,0.0113646288209606,0.0021004366812227,0.0017248908296943,0.0
2014-07-16 16:00:00,0.724271186440678,0.1368283898305085,0.0366080508474576,0.0,0.0,0.0068665254237288,0.0109173728813559,0.0020656779661016,0.0,0.0
2014-07-16 17:00:00,0.3666817102137767,0.1005249406175772,0.0414750593824228,0.0,0.0002707838479809,0.0111306413301662,0.0121757719714964,0.0287624703087885,0.084938242280285,0.0
2014-07-16 18:00:00,0.2344130879345603,0.1035480572597137,0.0443865030674846,0.0,0.0,0.007280163599182,0.0125685071574642,0.0020593047034764,0.0,0.0
2014-07-16 19:00:00,0.1906921241050119,0.0742673031026252,0.0426921241050119,0.0,0.0,0.0030143198090692,0.0150954653937947,0.0021360381861575,0.0,0.0
2014-07-16 20:00:00,0.2523273542600897,0.1313632286995515,0.0292959641255605,0.0,0.0,0.0030089686098654,0.0185156950672645,0.0022085201793721,0.0,0.0
2014-07-16 21:00:00,0.358537037037037,0.0654481481481481,0.0296388888888888,0.0,0.0,0.0030203703703703,0.0181259259259259,0.0314962962962963,0.0936777777777777,0.0001703703703703
2014-07-16 22:00:00,0.2453474178403756,0.0889178403755868,0.0267558685446009,0.0,0.0,0.0030281690140845,0.0177276995305164,0.0021197183098591,0.0,0.0
2014-07-16 23:00:00,0.2399952380952381,0.1171761904761904,0.0331761904761904,0.0,0.0,0.0030142857142857,0.016145238095238,0.0021380952380952,0.0,0.0003690476190476
2014-07-17 00:00:00,0.1905890736342042,0.059667458432304,0.0357315914489311,0.0,0.0,0.0030071258907363,0.017501187648456,0.002230403800475,0.0,0.0
2014-07-17 01:00:00,0.1789377990430622,0.0616148325358851,0.0330741626794258,0.0,0.0,0.0030191387559808,0.0157464114832535,0.0023181818181818,0.0,0.0
2014-07-17 02:00:00,0.2292453271028037,0.1142850467289719,0.0324182242990654,0.0,0.0,0.0030350467289719,0.0149719626168224,0.002357476635514,0.0,0.0
2014-07-17 03:00:00,0.2191533333333333,0.0980155555555555,0.0347288888888888,0.0,0.0,0.0030333333333333,0.0138977777777777,0.0023977777777777,0.0,0.0
2014-07-17 04:00:00,0.2540851528384279,0.0697030567685589,0.0237576419213973,0.0,0.0,0.0030371179039301,0.0136550218340611,0.0024344978165938,0.0794585152838428,0.0
2014-07-17 05:00:00,0.1769563218390804,0.060983908045977,0.0334045977011494,3.67816091954023e-05,0.0,0.0030252873563218,0.0128459770114942,0.0020827586206896,0.0,0.0
2014-07-17 06:00:00,0.2322978260869565,0.0792739130434782,0.0345347826086956,0.0,0.0,0.0030934782608695,0.0342804347826086,0.0021434782608695,0.0178130434782608,0.0
2014-07-17 07:00:00,0.2929223529411764,0.1037411764705882,0.0302682352941176,0.0004517647058823,0.0,0.0030823529411764,0.039115294117647,0.0020258823529411,0.0734282352941176,0.0
2014-07-17 08:00:00,0.230897091722595,0.0849217002237136,0.0286308724832214,0.0,0.0,0.003,0.0122170022371364,0.0020044742729306,0.0,0.0011812080536912
2014-07-17 09:00:00,0.2105278969957081,0.0644442060085837,0.036763948497854,0.0,0.0,0.0030257510729613,0.0125300429184549,0.0020150214592274,0.0,0.0057896995708154
2014-07-17 10:00:00,0.2702817204301075,0.0879139784946236,0.0344301075268817,0.0,0.0,0.0030172043010752,0.0293720430107526,0.002021505376344,0.0,0.0040301075268817
2014-07-17 11:00:00,0.524831983805668,0.1168906882591093,0.0339210526315789,0.0,0.0,0.0030182186234817,0.0462125506072874,0.0020020242914979,0.249917004048583,0.0034655870445344
2014-07-17 12:00:00,0.2013043478260869,0.0634331103678929,0.0390752508361204,0.0,0.0,0.0055066889632107,0.013200668896321,0.0020418060200668,0.0,0.0035234113712374
2014-07-17 13:00:00,0.3559016666666666,0.1401133333333333,0.0341866666666666,0.0,0.0,0.0141366666666666,0.0121016666666666,0.00206,0.0536216666666666,0.002605
2014-07-17 14:00:00,0.2536275167785235,0.0838322147651006,0.0351610738255033,0.0035721476510067,0.0,0.0099244966442953,0.011988255033557,0.0020369127516778,0.0,0.0009362416107382
2014-07-17 15:00:00,0.2837416666666666,0.1189,0.03445,0.0129216666666666,0.0,0.003025,0.012055,0.0020299999999999,0.0,0.0008966666666666
2014-07-17 16:00:00,1.2830654867256637,0.1373345132743362,0.0475982300884955,0.0111132743362831,0.0,0.0041787610619469,0.0126424778761061,0.002033628318584,0.0,0.0008637168141592
2014-07-17 17:00:00,0.360367088607595,0.137753164556962,0.0517362869198312,0.0,0.0,0.0123248945147679,0.0117447257383966,0.0021160337552742,0.0621286919831223,0.0008966244725738
2014-07-17 18:00:00,0.2875209580838323,0.1368822355289421,0.0414830339321357,0.0,0.0,0.0162435129740518,0.0119321357285429,0.0020239520958083,0.0,0.00087624750499
2014-07-17 19:00:00,0.2930194174757282,0.1368601941747572,0.0389708737864077,0.0,0.0,0.0200116504854368,0.0150135922330097,0.002209708737864,0.0,0.0015844660194174
2014-07-17 20:00:00,0.3982410358565737,0.0986952191235059,0.0422868525896414,0.0,0.0,0.0586354581673306,0.0382529880478087,0.0021812749003984,0.0,0.0056733067729083
2014-07-17 21:00:00,0.4015020491803278,0.1055204918032786,0.0346823770491803,0.0,0.0,0.0428073770491803,0.0539303278688524,0.0021700819672131,0.0,0.0005061475409836
2014-07-17 22:00:00,0.2475215605749486,0.088876796714579,0.0340841889117043,0.0,0.0,0.0104250513347022,0.0189815195071868,0.0020390143737166,0.0,0.0006344969199178
2014-07-17 23:00:00,0.2615790554414784,0.1113223819301848,0.0469260780287474,0.0,0.0,0.0039609856262833,0.0189917864476386,0.0021786447638603,0.0,0.0006447638603696
2014-07-18 00:00:00,0.203678431372549,0.0606098039215686,0.0287274509803921,0.0,0.0,0.0039274509803921,0.0189705882352941,0.0021098039215686,0.0,0.0005745098039215
2014-07-18 01:00:00,0.266994,0.1258439999999999,0.026364,0.0,0.0,0.003926,0.01497,0.0020859999999999,0.0,0.000898
2014-07-18 02:00:00,0.2178486997635933,0.0845271867612293,0.0224137115839243,0.0,0.0,0.003950354609929,0.0123144208037825,0.0022553191489361,0.0006052009456264,0.0007304964539007
2014-07-18 03:00:00,0.1926543209876543,0.0658074074074074,0.0334222222222222,0.0,0.0,0.0039506172839506,0.0133481481481481,0.0023432098765432,0.0,0.0007135802469135
2014-07-18 04:00:00,0.2324211764705882,0.110595294117647,0.0309364705882352,0.0,0.0,0.0039576470588235,0.0112517647058823,0.0023858823529411,0.0,0.0007764705882352
2014-07-18 05:00:00,0.2877272727272727,0.096677922077922,0.0315584415584415,0.0,0.0,0.0039142857142857,0.0136155844155844,0.0020493506493506,0.0787948051948052,0.0005688311688311
2014-07-18 06:00:00,0.2733700440528634,0.0595506607929515,0.0347885462555066,0.0,0.0,0.0039339207048458,0.0153700440528634,0.0020859030837004,0.0977048458149779,0.0006453744493392
2014-07-18 07:00:00,0.2871856823266219,0.0941275167785234,0.0323803131991051,0.0,0.0,0.0166644295302013,0.0165525727069351,0.0020425055928411,0.045579418344519,0.000476510067114
2014-07-18 08:00:00,0.2756016260162602,0.1050813008130081,0.0420623306233062,0.0,0.0,0.016880758807588,0.0264417344173441,0.0020135501355013,0.0,0.0005392953929539
2014-07-18 09:00:00,0.5911881188118812,0.151039603960396,0.0,0.0,0.0,0.0187623762376237,0.0152673267326732,0.002029702970297,0.3472673267326732,0.0003861386138613
2014-07-18 10:00:00,0.2517122969837587,0.1052088167053364,0.1560719257540603,0.0,0.0,0.019199535962877,0.015399071925754,0.0020092807424593,0.0,0.0004199535962877
2014-07-18 11:00:00,0.2310509259259259,0.0965231481481481,0.0316550925925925,0.0,0.0,0.0054976851851851,0.0168564814814814,0.0020092592592592,0.0,0.0003842592592592
2014-07-18 12:00:00,0.2706736842105263,0.136540350877193,0.0129543859649122,0.0,0.0,0.0167403508771929,0.0266315789473684,0.0020035087719298,0.0,0.0004280701754385
2014-07-18 13:00:00,0.2896632016632017,0.1357900207900207,0.0383284823284823,0.0,0.0,0.0199833679833679,0.0167422037422037,0.002033264033264,0.0,0.0005010395010395
2014-07-18 14:00:00,0.2843140311804009,0.1353875278396436,0.0391336302895322,0.0,0.0,0.0191915367483296,0.0175144766146993,0.0020311804008908,0.0,0.0003741648106904
2014-07-18 15:00:00,0.4274754098360656,0.135271662763466,0.0382341920374707,0.0,0.0,0.0162833723653395,0.015655737704918,0.0020281030444964,0.0,0.0003700234192037
2014-07-18 16:00:00,1.300276404494382,0.1352741573033708,0.0817191011235955,0.0,0.0,0.006476404494382,0.0149550561797752,0.002,0.0899977528089887,0.0003213483146067
2014-07-18 17:00:00,0.4368738938053098,0.1385398230088495,0.0784690265486725,0.0,0.0,0.0042610619469026,0.0163008849557522,0.0295973451327433,0.0713473451327433,0.0004225663716814
2014-07-18 18:00:00,0.2752778993435448,0.1392100656455142,0.0397002188183807,0.0,0.0,0.0066827133479212,0.015796498905908,0.0021509846827133,0.0,0.0005382932166301
2014-07-18 19:00:00,0.2791129032258064,0.1381198156682027,0.0423271889400921,0.0,0.0,0.0092557603686635,0.0154308755760368,0.0020852534562211,0.0,0.0011866359447004
2014-07-18 20:00:00,0.7530829787234042,0.1365744680851064,0.0484191489361702,0.0,0.0,0.0039127659574468,0.034331914893617,0.002,0.0,0.0171765957446808
2014-07-18 21:00:00,0.5179677419354839,0.1372516129032258,0.0779419354838709,0.0,0.0,0.035421505376344,0.0257935483870967,0.0020021505376344,0.0,0.0280043010752688
2014-07-18 22:00:00,0.3843614190687361,0.1389046563192904,0.0741086474501108,0.0,0.0,0.0096031042128603,0.0120842572062084,0.0022239467849223,0.0,0.0288337028824833
2014-07-18 23:00:00,0.3192283653846153,0.138639423076923,0.0378557692307692,0.0,0.0,0.0052884615384615,0.0182211538461538,0.0023341346153846,0.0,0.0289495192307692
2014-07-19 00:00:00,0.3322386634844869,0.1381360381861575,0.0520620525059665,0.0,0.0,0.003871121718377,0.014035799522673,0.002489260143198,0.0,0.0291431980906921
2014-07-19 01:00:00,0.2977522727272727,0.137465909090909,0.039965909090909,0.0,0.0,0.0038704545454545,0.0131590909090909,0.0024772727272727,0.0,0.0182340909090909
2014-07-19 02:00:00,0.2642445520581113,0.1368619854721549,0.0407772397094431,0.0,0.0,0.0041985472154963,0.0140774818401937,0.0024237288135593,0.0,0.0
2014-07-19 03:00:00,0.2540096385542169,0.1254746987951807,0.0368361445783132,0.0,0.0,0.003867469879518,0.0179831325301204,0.0024819277108433,0.0,0.0
2014-07-19 04:00:00,0.1928070588235294,0.0730729411764705,0.0420894117647058,0.0,0.0,0.0038682352941176,0.0179294117647058,0.0026635294117647,0.0,0.0
2014-07-19 05:00:00,0.344743654822335,0.1382131979695431,0.0323578680203045,0.0,0.0,0.0042106598984771,0.0189213197969543,0.0023730964467005,0.1370228426395939,0.0
2014-07-19 06:00:00,0.2218602150537634,0.0658494623655913,0.0412989247311827,0.0,0.0,0.0155870967741935,0.0379655913978494,0.0021548387096774,0.0,0.0
2014-07-19 07:00:00,0.7097068965517241,0.1314064039408866,0.036295566502463,0.0,0.0,0.0134408866995073,0.0483325123152709,0.0021773399014778,0.0437512315270935,0.0
2014-07-19 08:00:00,0.6181858823529411,0.0738517647058823,0.0513741176470588,0.0,0.1789670588235294,0.0139482352941176,0.0543976470588235,0.0127294117647058,0.0966188235294117,0.0
2014-07-19 09:00:00,0.7389200913242009,0.083079908675799,0.0401826484018264,0.0,0.0825,0.0108675799086757,0.0223675799086758,0.0020547945205479,0.0,0.0
2014-07-19 10:00:00,1.1493086419753085,0.12319341563786,0.0400308641975308,0.0,0.0,0.0186152263374485,0.0190411522633744,0.0020658436213991,0.1155082304526749,0.0009094650205761
2014-07-19 11:00:00,1.216895,0.0136,0.0481483333333333,0.0,1.5e-05,0.00635,0.01839,0.021085,0.2353366666666666,3.3333333333333335e-05
2014-07-19 12:00:00,1.143711666666667,0.0293116666666666,0.042595,0.0,0.0,0.0042866666666666,0.018715,0.00218,0.0,0.0
2014-07-19 13:00:00,0.7875109170305677,0.1356200873362445,0.0450196506550218,0.0,0.0,0.0081048034934497,0.0183165938864628,0.0021288209606986,0.0,0.0
2014-07-19 14:00:00,0.2011355140186916,0.06728738317757,0.0412383177570093,0.0,0.0,0.0072453271028037,0.0156448598130841,0.0020233644859813,0.0,0.0
2014-07-19 15:00:00,0.2599648711943794,0.1324262295081967,0.0359297423887587,0.0,0.0,0.0041967213114754,0.0174332552693208,0.0020023419203747,0.0,0.0
2014-07-19 16:00:00,0.2933995433789954,0.0892305936073059,0.0350045662100456,0.0,0.0,0.0041735159817351,0.0330867579908675,0.0020867579908675,0.386689497716895,0.0
2014-07-19 17:00:00,0.2810317848410758,0.1177432762836185,0.0469242053789731,0.0,0.0,0.004,0.0447041564792176,0.002322738386308,0.0,0.0
2014-07-19 18:00:00,0.3313262910798122,0.1142723004694835,0.0331572769953051,0.0,0.0,0.0039929577464788,0.0615140845070422,0.0024366197183098,0.0626830985915493,0.0
2014-07-19 19:00:00,0.2633892773892773,0.0868881118881119,0.0422867132867132,0.0,0.0,0.0039860139860139,0.0583706293706293,0.002030303030303,0.0,0.0
2014-07-19 20:00:00,0.4170183066361556,0.1365240274599542,0.0313432494279176,0.0,0.0,0.0368970251716247,0.0613638443935926,0.0020045766590389,0.0,0.000274599542334
2014-07-19 21:00:00,0.3682250580046403,0.0592273781902552,0.03630626450116,0.0,0.0,0.0238538283062645,0.0216705336426914,0.0020092807424593,0.0884361948955916,0.0
2014-07-19 22:00:00,0.2653294117647058,0.12924,0.0307105882352941,0.0,0.0,0.0039388235294117,0.0141576470588235,0.0021458823529411,0.0,0.0
2014-07-19 23:00:00,0.1770145278450363,0.0706585956416464,0.0330799031476997,0.0,0.0,0.0039346246973365,0.0157796610169491,0.0022179176755447,0.0,0.0
2014-07-20 00:00:00,0.2093295711060948,0.0885169300225733,0.0332776523702031,0.0,0.0,0.003902934537246,0.0174830699774266,0.0022821670428893,0.0,0.0
2014-07-20 01:00:00,0.2239905882352941,0.1073011764705882,0.0372588235294117,0.0,0.0,0.0039341176470588,0.0132705882352941,0.0025270588235294,0.0,0.0
2014-07-20 02:00:00,0.1852355658198614,0.0615450346420323,0.035581986143187,0.0,0.0,0.00394688221709,0.0145150115473441,0.0025196304849884,0.0,0.0
2014-07-20 03:00:00,0.2363967517401392,0.1196658932714617,0.0307517401392111,0.0,0.0,0.0039721577726218,0.0166682134570765,0.0026032482598607,0.0,0.0
2014-07-20 04:00:00,0.2027880184331797,0.0879216589861751,0.0324723502304147,0.0,0.0,0.0039769585253456,0.0148156682027649,0.0026658986175115,0.0,0.0
2014-07-20 05:00:00,0.1779297423887587,0.061423887587822,0.0333044496487119,0.0,0.0,0.0039578454332552,0.0127096018735363,0.0024449648711943,0.0,0.0
2014-07-20 06:00:00,0.3058113636363636,0.1258272727272727,0.0405340909090909,0.0,0.0,0.0039568181818181,0.0149,0.0021022727272727,0.040240909090909,0.0
2014-07-20 07:00:00,0.8109926829268292,0.0777658536585365,0.045580487804878,0.0,0.1775414634146341,0.0039341463414634,0.0175268292682926,0.0021390243902439,0.2052731707317073,0.0
2014-07-20 08:00:00,0.4302322274881516,0.061760663507109,0.0422085308056872,0.0,0.0446540284360189,0.0163222748815165,0.0176374407582938,0.0020592417061611,6.872037914691943e-05,0.0
2014-07-20 09:00:00,0.2618814814814815,0.1391827160493827,0.0312987654320987,0.0,0.0,0.006237037037037,0.0186888888888888,0.0021407407407407,0.0,0.0
2014-07-20 10:00:00,0.171144578313253,0.0629903614457831,0.029267469879518,0.0,0.0,0.0061903614457831,0.0190795180722891,0.0021060240963855,0.0,0.0
2014-07-20 11:00:00,0.2629696312364425,0.1396073752711496,0.0310281995661605,0.0,0.0,0.0039544468546637,0.0191431670281995,0.0022494577006507,0.0,0.0
2014-07-20 12:00:00,0.5724665127020785,0.0687066974595842,0.0399284064665127,0.0,0.2940161662817552,0.0039422632794457,0.0190577367205542,0.0022863741339491,0.0,0.0
2014-07-20 13:00:00,0.2671103117505995,0.1393621103117506,0.0357026378896882,0.0,0.0,0.003947242206235,0.0189160671462829,0.0021127098321342,0.0,0.0
2014-07-20 14:00:00,0.35204914004914,0.1366461916461916,0.0435700245700245,0.0,0.0,0.0039238329238329,0.019022113022113,0.0021253071253071,0.0,0.0
2014-07-20 15:00:00,0.2746744186046512,0.1357209302325581,0.0378325581395348,0.0,0.0,0.0039372093023255,0.0187511627906976,0.0020837209302325,0.0,0.0
2014-07-20 16:00:00,0.2200722347629796,0.1028510158013544,0.0338284424379232,0.0,0.0,0.003941309255079,0.0189774266365688,0.0021264108352144,0.0,0.0
2014-07-20 17:00:00,0.3245179704016913,0.0965961945031712,0.0387040169133192,0.0,0.0,0.0039175475687103,0.0169048625792811,0.0020507399577167,0.1156955602536997,0.0
2014-07-20 18:00:00,0.3264184914841849,0.1375985401459854,0.0391192214111922,0.0,0.0,0.0071776155717761,0.018574209245742,0.0021070559610705,0.0,0.0
2014-07-20 19:00:00,0.4342948717948717,0.1270615384615384,0.0384307692307692,0.0,0.0,0.0116871794871794,0.0191564102564102,0.0021410256410256,0.0941717948717948,0.0
2014-07-20 20:00:00,0.4262585812356979,0.0629954233409611,0.0417002288329519,0.0,0.0,0.0054302059496567,0.0183524027459954,0.0020800915331807,0.0367185354691075,0.0160709382151029
2014-07-20 21:00:00,0.4224570383912248,0.1206343692870201,0.0390292504570383,0.0,0.0,0.0362230347349177,0.0182705667276051,0.0020566727605118,0.0535923217550274,0.0051151736745886
2014-07-20 22:00:00,0.3192853828306264,0.0866496519721577,0.0378515081206496,0.0,0.0,0.0164292343387471,0.0183248259860788,0.0023503480278422,0.0,0.0
2014-07-20 23:00:00,0.2110784753363228,0.0629663677130044,0.0282847533632287,0.0,0.0,0.0038766816143497,0.0153632286995515,0.002396860986547,0.0,0.0
2014-07-21 00:00:00,0.2475389755011136,0.129,0.0284008908685968,0.0,0.0,0.0038663697104677,0.0122650334075723,0.0026280623608017,0.0,0.0
2014-07-21 01:00:00,0.1839977272727272,0.0708954545454545,0.0329613636363636,0.0,0.0,0.003890909090909,0.0143318181818181,0.002615909090909,0.0,0.0
2014-07-21 02:00:00,0.1648439716312056,0.0561418439716312,0.031144208037825,0.0,0.0,0.0038652482269503,0.0161158392434988,0.0025768321513002,0.0,0.0
2014-07-21 03:00:00,0.2248468899521531,0.1049712918660287,0.0374665071770334,0.0,0.0,0.0039210526315789,0.011145933014354,0.002688995215311,0.0,0.0
2014-07-21 04:00:00,0.204822429906542,0.096,0.0322242990654205,0.0,0.0,0.0038971962616822,0.0137219626168224,0.0027219626168224,0.0,0.0
2014-07-21 05:00:00,0.1684772182254196,0.0601414868105515,0.0296330935251798,0.0,0.0,0.0038273381294964,0.0151438848920863,0.002136690647482,0.0,0.0
2014-07-21 06:00:00,0.2063023255813953,0.0788985200845666,0.0341881606765327,0.0,0.0,0.0038689217758985,0.0131797040169133,0.0021120507399577,0.0,0.0
2014-07-21 07:00:00,0.8031425389755011,0.1160267260579064,0.0500356347438752,0.0,0.0,0.0035189309576837,0.0146280623608017,0.0088418708240534,0.1016258351893095,0.0
2014-07-21 08:00:00,0.209847619047619,0.0666571428571428,0.0407642857142857,0.0,0.0,0.0030071428571428,0.0179666666666666,0.0020071428571428,0.0,0.0
2014-07-21 09:00:00,0.1893068181818182,0.0636204545454545,0.0383545454545454,0.0,0.0,0.003025,0.0188386363636363,0.0020068181818181,0.0,0.0
2014-07-21 10:00:00,0.260020942408377,0.1384214659685863,0.0310209424083769,0.0,0.0,0.0030183246073298,0.018913612565445,0.0020078534031413,0.0,0.0
2014-07-21 11:00:00,0.1944797441364605,0.066185501066098,0.0375309168443496,0.0,0.0,0.0030106609808102,0.0190554371002132,0.0020127931769722,0.0,0.0
2014-07-21 12:00:00,0.2629813874788494,0.1382182741116751,0.0336006768189509,0.0,0.0,0.0030067681895093,0.0190423011844331,0.0020169204737732,0.0,0.0
2014-07-21 13:00:00,0.1997145242070117,0.062567612687813,0.0330818030050083,0.0,0.0,0.003,0.0189883138564273,0.0020033388981636,0.0,0.0060968280467445
2014-07-21 14:00:00,0.440931323283082,0.1379145728643216,0.0329849246231155,0.0,0.0,0.0030100502512562,0.0190050251256281,0.0020134003350083,0.1370251256281407,0.028428810720268
2014-07-21 15:00:00,0.9758037190082643,0.0634524793388429,0.040944214876033,0.0,0.0,0.0030082644628099,0.0189297520661157,0.0020309917355371,0.0,0.0254152892561983
2014-07-21 16:00:00,1.850741339491917,0.1409284064665127,0.0407182448036951,0.0,0.0,0.003013856812933,0.0190392609699769,0.1830161662817552,0.2057667436489607,0.0
2014-07-21 17:00:00,0.3345063025210084,0.1364306722689075,0.0363235294117647,0.0,0.0,0.0030021008403361,0.0190021008403361,0.0129453781512605,0.0,0.0
2014-07-21 18:00:00,0.2732960372960373,0.1355920745920746,0.0448065268065268,0.0,0.0,0.003,0.0189790209790209,0.002020979020979,0.0,0.0
2014-07-21 19:00:00,0.2169241071428571,0.0801361607142857,0.0410334821428571,0.0,0.0,0.0030089285714285,0.035109375,0.0022098214285714,0.0,0.0
2014-07-21 20:00:00,0.2928577586206896,0.1126551724137931,0.0349331896551724,0.0,0.0,0.0030043103448275,0.0411465517241379,0.0022737068965517,0.0,0.0
2014-07-21 21:00:00,0.2477813953488372,0.0646511627906976,0.0330767441860465,0.0,0.0,0.0030116279069767,0.0189697674418604,0.0021883720930232,0.0,0.0
2014-07-21 22:00:00,0.4276726457399103,0.1337757847533632,0.0422130044843049,0.0,0.0,0.0234865470852017,0.0189955156950672,0.0021860986547085,0.0991860986547085,0.0
2014-07-21 23:00:00,0.1978256880733945,0.0564908256880733,0.03198623853211,0.0,0.0,0.0030206422018348,0.0189197247706422,0.0020733944954128,0.0,0.0
2014-07-22 00:00:00,0.1996641975308641,0.0840617283950617,0.0332123456790123,0.0,0.0,0.0030197530864197,0.017916049382716,0.0021012345679012,0.0,0.0
2014-07-22 01:00:00,0.2393911111111111,0.1161466666666666,0.0330111111111111,0.0,0.0,0.0030155555555555,0.0184244444444444,0.0023977777777777,0.0,0.0
2014-07-22 02:00:00,0.1831520190023753,0.067042755344418,0.0334536817102137,0.0,0.0,0.0030332541567695,0.0179026128266033,0.0027007125890736,0.0,0.0
2014-07-22 03:00:00,0.166279805352798,0.0563503649635036,0.0303917274939172,0.0,0.0,0.0030194647201946,0.0171849148418491,0.0027664233576642,0.0,0.0
2014-07-22 04:00:00,0.2227169373549884,0.1006705336426914,0.0313155452436194,0.0,0.0,0.0030255220417633,0.0175522041763341,0.0026426914153132,0.0,0.0
2014-07-22 05:00:00,0.2983389021479713,0.1080668257756563,0.0372243436754176,0.0,0.0,0.0030190930787589,0.0161789976133651,0.0022291169451073,0.0799140811455847,0.0
2014-07-22 06:00:00,0.1807712031558185,0.0682564102564102,0.0297140039447731,0.0,0.0,0.0030690335305719,0.0155779092702169,0.0021617357001972,0.0,0.0
2014-07-22 07:00:00,0.2030080482897384,0.0638370221327967,0.0522756539235412,0.0,0.0,0.0031106639839034,0.0142736418511066,0.0024285714285714,0.0,0.0
2014-07-22 08:00:00,0.2366269315673289,0.0945894039735099,0.04560706401766,0.0,0.0,0.0030110375275938,0.0166225165562913,0.0207395143487858,0.0,0.0
2014-07-22 09:00:00,0.2616881959910913,0.1204432071269487,0.0286859688195991,0.0,0.0,0.0030311804008908,0.0177371937639198,0.0020066815144766,0.0,0.0
2014-07-22 10:00:00,0.2109385342789598,0.064160756501182,0.0303617021276595,0.0,0.0,0.0030070921985815,0.019063829787234,0.0020189125295508,0.0,0.0
2014-07-22 11:00:00,0.2126095238095238,0.0703238095238095,0.0475285714285714,0.0,0.0,0.0030095238095238,0.0190238095238095,0.0020071428571428,0.0,0.0
2014-07-22 12:00:00,0.4087826086956522,0.1266018306636155,0.0372677345537757,0.0,0.0,0.0030274599542334,0.019066361556064,0.0775606407322654,0.0469313501144164,0.0
2014-07-22 13:00:00,0.511886046511628,0.0842744186046511,0.0338302325581395,0.0,0.1970418604651163,0.003006976744186,0.0190325581395348,0.002006976744186,0.0,0.0
2014-07-22 14:00:00,0.3819309576837417,0.124576837416481,0.0305701559020044,0.0,0.0479799554565701,0.0030066815144766,0.0190467706013363,0.002011135857461,0.0,0.0010423162583518
2014-07-22 15:00:00,0.2887690631808279,0.1365729847494553,0.0368997821350762,0.0,0.0,0.0030065359477124,0.0190675381263616,0.0020065359477124,0.0,0.0
2014-07-22 16:00:00,0.2667124735729387,0.134,0.0385750528541226,0.0,0.0,0.0030063424947145,0.0190528541226215,0.0020063424947145,0.0,0.0
2014-07-22 17:00:00,0.2670041753653444,0.1359311064718163,0.0382129436325678,0.0,0.0,0.003,0.0191189979123173,0.002116910229645,0.0,0.0
2014-07-22 18:00:00,0.2682595573440643,0.1369597585513078,0.037215291750503,0.0,0.0,0.0030261569416498,0.0191267605633802,0.0021991951710261,0.0,0.0
2014-07-22 19:00:00,0.2660980810234541,0.1365373134328358,0.0365159914712153,0.0,0.0,0.0030149253731343,0.0191279317697228,0.0021748400852878,0.0,0.0
2014-07-22 20:00:00,0.260503198294243,0.057004264392324,0.0326332622601279,0.0,0.0,0.003002132196162,0.0294648187633262,0.002,0.0794029850746268,0.0
2014-07-22 21:00:00,0.3666284501061571,0.1401677282377919,0.0305329087048832,0.0,0.0,0.0541995753715498,0.0189660297239915,0.0020127388535031,0.0,0.0
2014-07-22 22:00:00,0.979974,0.012712,0.0300539999999999,0.0,0.0,0.031286,0.01901,0.0022,0.0,0.0
2014-07-22 23:00:00,0.5822788461538462,0.0,0.0309211538461538,0.0,0.0,0.0030057692307692,0.0182384615384615,0.0021673076923076,0.0,0.0
2014-07-23 00:00:00,0.2305279383429672,0.0,0.0294990366088632,0.0,0.0,0.0030077071290944,0.0194277456647398,0.0021175337186897,0.0,0.0
2014-09-01 00:00:00,0.151,0.0,0.0,0.0,0.0,0.027,0.017,0.002,0.0,0.0
2014-09-01 01:00:00,0.151,0.0,0.0,0.0,0.0,0.027,0.017,0.002,0.0,0.0
2014-09-01 02:00:00,0.151,0.0,0.0,0.0,0.0,0.027,0.017,0.002,0.0,0.0
2014-09-01 03:00:00,0.151,0.0,0.0,0.0,0.0,0.027,0.017,0.002,0.0,0.0
2014-09-01 04:00:00,0.151,0.0,0.0,0.0,0.0,0.027,0.017,0.002,0.0,0.0
2014-09-01 05:00:00,0.151,0.0,0.0,0.0,0.0,0.027,0.017,0.002,0.0,0.0
2014-09-01 06:00:00,0.151,0.0,0.0,0.0,0.0,0.027,0.017,0.002,0.0,0.0
2014-09-01 07:00:00,0.151,0.0,0.0,0.0,0.0,0.027,0.017,0.002,0.0,0.0
2014-09-01 08:00:00,0.1468875502008032,0.000289156626506,0.0115381526104417,0.0,0.0,0.0214899598393574,0.011722891566265,0.0021044176706827,0.0,0.0008072289156626
2014-09-01 09:00:00,0.222622270742358,0.0853056768558952,0.0283078602620087,0.0,0.0,0.0202751091703056,0.0080720524017467,0.002061135371179,0.0,0.0011353711790393
2014-09-01 10:00:00,0.2191039823008849,0.0871703539823008,0.0289048672566371,0.0,0.0,0.0223650442477876,0.0062389380530973,0.0020685840707964,0.0,0.001179203539823
2014-09-01 11:00:00,0.2075030674846625,0.0946687116564417,0.0146319018404907,0.0,0.0,0.0187331288343558,0.0081441717791411,0.0020245398773006,0.0,0.001282208588957
2014-09-01 12:00:00,0.1811061946902654,0.0616349557522123,0.0301482300884955,0.0,0.0,0.0162079646017699,0.0072389380530973,0.0020353982300884,0.0,0.0014048672566371
2014-09-01 13:00:00,0.1714162995594713,0.0581762114537444,0.0305374449339207,0.0,0.0,0.0042885462555066,0.006022026431718,0.0021211453744493,0.0,0.0016299559471365
2014-09-01 14:00:00,0.3331989247311828,0.1159005376344086,0.035016129032258,0.0,0.0,0.0054435483870967,0.0081559139784946,0.0020913978494623,0.0879919354838709,0.0014543010752688
2014-09-01 15:00:00,0.2366808035714286,0.1018616071428571,0.0289151785714285,0.0,0.0,0.0199620535714285,0.007203125,0.0021160714285714,0.0,0.0003705357142857
2014-09-01 16:00:00,0.9941387665198238,0.0726762114537445,0.0314118942731277,0.0,0.0,0.0222929515418502,0.0074361233480176,0.0021123348017621,0.0,0.0
2014-09-01 17:00:00,1.1907052401746725,0.0609606986899563,0.0445655021834061,0.0,9.82532751091703e-05,0.0156681222707423,0.0083668122270742,0.0570480349344978,0.1309650655021834,0.0
2014-09-01 18:00:00,0.3258039215686275,0.0594204793028322,0.052718954248366,0.0,0.0,0.004677559912854,0.0071960784313725,0.0021481481481481,0.0,0.0
2014-09-01 19:00:00,0.3270698689956332,0.0851353711790393,0.0349235807860262,0.0,0.0,0.0157314410480349,0.0073078602620087,0.0021484716157205,0.1237161572052401,0.0
2014-09-01 20:00:00,0.2572163355408388,0.0894966887417218,0.0328653421633554,0.0,0.0,0.0267483443708609,0.0085518763796909,0.0020794701986754,0.0,0.0
2014-09-01 21:00:00,0.442385462555066,0.0883237885462555,0.0353083700440528,0.0,0.0,0.0558480176211453,0.0440308370044052,0.0023590308370044,0.0595396475770925,0.0031233480176211
2014-09-01 22:00:00,0.3314724061810155,0.0654900662251655,0.0297461368653421,0.0,0.0,0.0511103752759381,0.0329227373068432,0.0021545253863134,0.0,0.0
2014-09-01 23:00:00,0.183070021881838,0.0601859956236323,0.028472647702407,0.0,0.0,0.0063369803063457,0.0131072210065645,0.0022735229759299,0.0,0.0
2014-09-02 00:00:00,0.1681067538126361,0.0592614379084967,0.0298453159041394,0.0,0.0,0.0041416122004357,0.0131394335511982,0.0025773420479302,0.0,0.0
2014-09-02 01:00:00,0.1779446902654867,0.0621415929203539,0.0305730088495575,0.0,0.0,0.003933628318584,0.0132566371681415,0.0026415929203539,0.0,0.0
2014-09-02 02:00:00,0.2085839243498818,0.0853002364066193,0.0330165484633569,0.0,0.0,0.0042789598108747,0.0107021276595744,0.0026643026004728,0.0,0.0
2014-09-02 03:00:00,0.1985497737556561,0.0799638009049773,0.0311425339366515,0.0,0.0,0.0039230769230769,0.0056085972850678,0.0027963800904977,0.0,0.0
2014-09-02 04:00:00,0.2004122807017543,0.0784166666666666,0.0312061403508771,0.0,0.0,0.0041929824561403,0.0087719298245614,0.0028399122807017,0.0,0.0
2014-09-02 05:00:00,0.1973215077605321,0.0764767184035476,0.0399578713968957,0.0,0.0,0.0038669623059866,0.0061374722838137,0.0027472283813747,0.0,0.0
2014-09-02 06:00:00,0.282242825607064,0.0711324503311258,0.0310044150110375,0.0,0.0,0.0041721854304635,0.0080309050772626,0.0024415011037527,0.0933399558498896,0.0
2014-09-02 07:00:00,0.3154521158129176,0.0593630289532293,0.0322850779510022,0.0,0.0,0.0041180400890868,0.0094120267260579,0.0021024498886414,0.1395055679287305,0.0
2014-09-02 08:00:00,0.1835077262693156,0.0590728476821192,0.0287019867549668,0.0,0.0,0.0171280353200883,0.0056953642384105,0.0020618101545253,0.0,0.0
2014-09-02 09:00:00,0.1805430463576159,0.0586158940397351,0.0291832229580573,0.0,0.0,0.0191236203090507,0.0087461368653421,0.002008830022075,0.0,0.0
2014-09-02 10:00:00,0.1842030905077262,0.0591456953642384,0.029690949227373,0.0,0.0,0.0087505518763796,0.0145673289183222,0.002046357615894,0.0,0.0
2014-09-02 11:00:00,0.2539868421052632,0.0717521929824561,0.0294627192982456,0.0,0.0,0.0057171052631578,0.0059714912280701,0.0020219298245614,0.0900986842105263,0.0
2014-09-02 12:00:00,0.2585530973451327,0.1004247787610619,0.0272699115044247,0.0,0.0,0.0133230088495575,0.0118561946902654,0.0020199115044247,0.0511946902654867,0.0
2014-09-02 13:00:00,0.2519866962305986,0.0963370288248337,0.0284345898004434,0.0,0.0,0.0138891352549889,0.0131396895787139,0.0274345898004434,0.0,0.0
2014-09-02 14:00:00,0.247393665158371,0.0653484162895927,0.0296900452488687,0.0,0.0,0.0682239819004524,0.0130678733031674,0.002,0.0,0.0
2014-09-02 15:00:00,0.2623752759381899,0.0641324503311258,0.0269867549668874,0.0,0.0,0.101083885209713,0.0130949227373068,0.0020198675496688,0.0,0.0
2014-09-02 16:00:00,1.3018955555555556,0.1198555555555555,0.0332622222222222,0.0,0.0,0.0826222222222222,0.0130666666666666,0.0020022222222222,0.0,0.0
2014-09-02 17:00:00,1.316811946902655,0.0886504424778761,0.0285796460176991,0.0,0.0,0.0886504424778761,0.013075221238938,0.0020154867256637,0.0,0.0
2014-09-02 18:00:00,0.5025,0.0654096916299559,0.042863436123348,0.0,0.0,0.0722180616740088,0.0130638766519823,0.0021740088105726,0.0725242290748898,0.0
2014-09-02 19:00:00,0.2385644444444444,0.0765422222222222,0.0319577777777777,0.0,0.0,0.0557088888888888,0.0130999999999999,0.0022466666666666,0.0,0.0
2014-09-02 20:00:00,0.4160794701986754,0.1031236203090507,0.0280860927152317,0.0,0.0,0.0877726269315673,0.0457836644591611,0.0020618101545253,0.0,0.0
2014-09-02 21:00:00,0.4940953436807095,0.0927139689578714,0.0323747228381374,0.0,0.0,0.0802949002217295,0.0338359201773835,0.0023037694013303,0.080620842572062,0.0
2014-09-02 22:00:00,0.3647844444444444,0.0642955555555555,0.0287511111111111,0.0,0.0,0.0438044444444444,0.04818,0.0021088888888888,0.0,0.0
2014-09-02 23:00:00,0.1806637168141593,0.0626703539823008,0.0287411504424778,0.0,0.0,0.0040818584070796,0.010646017699115,0.0024424778761061,0.0,0.0
2014-09-03 00:00:00,0.1687977777777777,0.0611466666666666,0.0269555555555555,0.0,0.0,0.0039666666666666,0.0124088888888888,0.0027733333333333,0.0,0.0
2014-09-03 01:00:00,0.19548,0.0801066666666666,0.0290711111111111,0.0,0.0,0.0039622222222222,0.00662,0.00262,0.0,0.0
2014-09-03 02:00:00,0.2031629955947136,0.08415859030837,0.0293436123348017,0.0,0.0,0.0039647577092511,0.0069515418502202,0.002601321585903,0.0,0.0003193832599118
2014-09-03 03:00:00,0.1996177777777777,0.0852044444444444,0.0298911111111111,0.0,0.0,0.0039688888888888,0.0068577777777777,0.0026555555555555,0.0,0.0
2014-09-03 04:00:00,0.2021858407079646,0.082112831858407,0.0305796460176991,0.0,0.0,0.0039845132743362,0.0073694690265486,0.0026969026548672,0.0,0.0
2014-09-03 05:00:00,0.1831194690265486,0.0614380530973451,0.0307411504424778,0.0,0.0,0.0039756637168141,0.0073716814159292,0.002612831858407,0.0,0.0
2014-09-03 06:00:00,0.1777627494456762,0.0607427937915742,0.0256075388026607,0.0,0.0,0.0039623059866962,0.0069977827050997,0.0022882483370288,0.0,0.0
2014-09-03 07:00:00,0.7556666666666666,0.057962472406181,0.0292406181015452,0.0,0.35819646799117,0.0039779249448123,0.0083443708609271,0.0020485651214128,0.1792494481236203,0.0
2014-09-03 08:00:00,0.2906943820224719,0.0640269662921348,0.0335213483146067,0.0,0.0212112359550561,0.0176247191011235,0.0063550561797752,0.002029213483146,0.0426044943820224,0.0
2014-09-03 09:00:00,1.2185676274944568,0.0824722838137472,0.0225454545454545,0.0,0.0,0.018740576496674,0.0083614190687361,0.0020044345898004,0.0,0.0
2014-09-03 10:00:00,0.2400662251655629,0.0863156732891832,0.0216887417218543,0.0,0.0,0.016046357615894,0.0070662251655629,0.0020286975717439,0.0452295805739514,0.0
2014-09-03 11:00:00,0.1975382653061224,0.0981428571428571,0.023375,0.0,0.0,0.004234693877551,0.0074872448979591,0.0020076530612244,0.0,0.0
2014-09-03 12:00:00,0.1780995575221239,0.0627190265486725,0.0293650442477876,0.0,0.0,0.0130884955752212,0.007466814159292,0.0020066371681415,0.0,0.0
2014-09-03 13:00:00,0.1739144736842105,0.0604780701754385,0.0306929824561403,0.0,0.0,0.0043179824561403,0.0096381578947368,0.0020350877192982,0.0,0.0
2014-09-03 14:00:00,0.2627317073170732,0.0768869179600887,0.0317627494456762,0.0,0.0,0.0097383592017738,0.0130776053215077,0.0021152993348115,0.0726363636363636,0.0
2014-09-03 15:00:00,0.2423636363636363,0.1064634146341463,0.0333924611973392,0.0,0.0,0.0184767184035476,0.0130776053215077,0.0020753880266075,0.0,0.0
2014-09-03 16:00:00,0.3431479028697571,0.0857041942604856,0.0319050772626931,0.0,0.0006777041942604,0.0176975717439293,0.0130640176600441,0.1128719646799117,0.0,0.0
2014-09-03 17:00:00,0.1815814977973568,0.0608656387665198,0.0313370044052863,0.0,0.0,0.018,0.0130484581497797,0.0020440528634361,0.0,0.0
2014-09-03 18:00:00,0.2508923076923077,0.0745032967032967,0.0369824175824175,0.0,0.0,0.0245648351648351,0.0130945054945054,0.002098901098901,0.0325296703296703,0.0
2014-09-03 19:00:00,0.3689311111111111,0.1084177777777777,0.0416888888888888,0.0,0.0,0.08968,0.0130511111111111,0.0020533333333333,0.0655666666666666,0.0
2014-09-03 20:00:00,0.341070796460177,0.0810929203539823,0.0378384955752212,0.0,0.0,0.0807123893805309,0.0457765486725663,0.0020862831858407,0.0,0.0
2014-09-03 21:00:00,0.4684823008849557,0.0610110619469026,0.0341615044247787,0.0,0.0,0.0798539823008849,0.0535774336283185,0.0020597345132743,0.071716814159292,0.00454203539823
2014-09-03 22:00:00,0.3327060133630289,0.0651581291759465,0.029022271714922,0.0,0.0,0.0376013363028953,0.0492227171492204,0.0022271714922048,1.11358574610245e-05,0.0005501113585746
2014-09-03 23:00:00,0.2645147392290249,0.0989614512471655,0.0283786848072562,0.0,0.0,0.0135963718820861,0.013718820861678,0.0024195011337868,0.0,0.0
2014-09-04 00:00:00,0.2138506787330316,0.0967036199095022,0.0281651583710407,0.0,0.0,0.0062737556561085,0.0128506787330316,0.0026764705882352,0.0,0.0
2014-09-04 01:00:00,0.1680090293453724,0.0633611738148984,0.0285575620767494,0.0,0.0,0.0044311512415349,0.0094537246049661,0.0025440180586907,0.0,0.0
2014-09-04 02:00:00,0.1610113122171945,0.0599502262443438,0.0286900452488687,0.0,0.0,0.0039253393665158,0.0071063348416289,0.0025180995475113,0.0,0.0
2014-09-04 03:00:00,0.1722876404494382,0.0591707865168539,0.0272337078651685,0.0,0.0,0.0039168539325842,0.0071932584269662,0.0025685393258426,0.0,0.0
2014-09-04 04:00:00,0.2046353467561521,0.0884474272930648,0.0293557046979865,0.0,0.0,0.0038836689038031,0.0066532438478747,0.0025950782997762,0.0,0.0
2014-09-04 05:00:00,0.2046252771618625,0.0864478935698448,0.0299756097560975,0.0,0.0,0.0039068736141906,0.0084257206208425,0.0022749445676274,0.0,0.0003481152993348
2014-09-04 06:00:00,0.198120267260579,0.0856614699331848,0.0308351893095768,0.0,0.0,0.0038975501113585,0.0066302895322939,0.0020601336302895,0.0,0.0
2014-09-04 07:00:00,0.3598212669683258,0.064156108597285,0.0327511312217194,0.0,0.0,0.0127511312217194,0.01010407239819,0.002128959276018,0.1837398190045248,0.0
2014-09-04 08:00:00,0.212326710816777,0.0594348785871964,0.0290905077262693,0.0,0.0,0.0182119205298013,0.0130706401766004,0.002055187637969,0.0286401766004415,0.0
2014-09-04 09:00:00,0.1890132450331126,0.0576666666666666,0.0309381898454746,0.0,0.0,0.0195209713024282,0.0130618101545253,0.0020220750551876,0.0,0.0
2014-09-04 10:00:00,0.2057658227848101,0.0877911392405063,0.0272805907172995,0.0,0.0,0.0200021097046413,0.013048523206751,0.0020232067510548,0.0,0.0
2014-09-04 11:00:00,0.2664142614601018,0.0942478777589134,0.0194363327674023,0.0,0.0,0.0199983022071307,0.0130780984719864,0.0020152801358234,0.0,0.0
2014-09-04 12:00:00,0.3402830188679245,0.0717564322469982,0.0237838765008576,0.0,0.0,0.0184768439108061,0.013073756432247,0.0020205831903945,0.1822590051457976,0.0
2014-09-04 13:00:00,0.1910121212121212,0.0587818181818181,0.0316020202020202,0.0,0.0,0.0211676767676767,0.0130626262626262,0.0020242424242424,0.0,0.0
2014-09-04 14:00:00,0.3363340517241379,0.0602650862068965,0.033301724137931,0.0,0.0,0.0204094827586206,0.013051724137931,0.0020754310344827,0.148125,0.0
2014-09-04 15:00:00,1.7548380129589631,0.1058488120950324,0.0394276457883369,0.0,0.0,0.0221835853131749,0.0130669546436285,0.0020539956803455,0.0,0.0
2014-09-04 16:00:00,1.430644660194175,0.0993844660194174,0.0312757281553398,0.0,0.0,0.0122233009708737,0.0358873786407766,0.0931766990291262,0.005831067961165,0.0
2014-09-04 17:00:00,0.5692415966386555,0.0621470588235294,0.0345105042016806,0.0,0.0,0.0042226890756302,0.0130588235294117,0.0022857142857142,0.0438025210084033,0.0005063025210084
2014-09-04 18:00:00,0.3332277432712215,0.0645672877846791,0.0394720496894409,0.0,0.0,0.0809896480331263,0.0130931677018633,0.0021200828157349,0.0620683229813664,0.0029937888198757
2014-09-04 19:00:00,0.4129702760084925,0.1022505307855626,0.0337006369426751,0.0,0.0,0.1002675159235668,0.0465350318471337,0.0021507430997876,0.0,0.000624203821656
2014-09-04 20:00:00,0.4500969827586207,0.0918987068965517,0.0463491379310344,0.0,0.0,0.0714849137931034,0.0401939655172413,0.0021099137931034,0.0693125,0.0005969827586206
2014-09-04 21:00:00,0.4339434389140271,0.0664027149321267,0.0467760180995475,0.0,0.0,0.0714230769230769,0.0537828054298642,0.0021515837104072,0.0,0.0005226244343891
2014-09-04 22:00:00,0.2646474501108647,0.0568292682926829,0.0431995565410199,0.0,0.0,0.0258492239467849,0.022450110864745,0.002270509977827,0.0,0.0007139689578713
2014-09-04 23:00:00,0.1869321266968325,0.0779140271493212,0.0342126696832579,0.0,0.0,0.0043710407239819,0.0130678733031674,0.0021855203619909,0.0,0.0006425339366515
2014-09-05 00:00:00,0.2115889145496535,0.0930600461893764,0.0290484988452655,0.0,0.0,0.004203233256351,0.0087205542725173,0.0023394919168591,0.0,0.0007367205542725
2014-09-05 01:00:00,0.1986556291390728,0.0856026490066225,0.0280905077262693,0.0,0.0,0.0043576158940397,0.0083885209713024,0.0022560706401766,0.0,0.0006865342163355
2014-09-05 02:00:00,0.1662378752886835,0.0622586605080831,0.0323949191685912,0.0,0.0,0.0042240184757505,0.0083071593533487,0.002364896073903,0.0,0.0007551963048498
2014-09-05 03:00:00,0.1671167400881057,0.0573458149779735,0.0290132158590308,0.0,0.0,0.0043127753303964,0.0083656387665198,0.0024295154185022,0.0,0.0008325991189427
2014-09-05 04:00:00,0.1870047393364929,0.0675331753554502,0.0311516587677725,0.0,0.0,0.0042654028436018,0.0077748815165876,0.0021682464454976,0.0,0.0006611374407582
2014-09-05 05:00:00,0.1960867256637168,0.0874035398230088,0.0299061946902654,0.0,0.0,0.004246017699115,0.0097610619469026,0.002021238938053,0.0,0.0005150442477876
2014-09-05 06:00:00,0.3413198653198653,0.0872643097643097,0.0443855218855218,0.0,0.0,0.0063838383838383,0.0108720538720538,0.0021414141414141,0.1461380471380471,0.0027457912457912
2014-09-05 07:00:00,0.2322125984251968,0.0668543307086614,0.034021653543307,0.0,5.708661417322835e-05,0.0181377952755905,0.0117460629921259,0.0104625984251968,0.0,0.0004842519685039
2014-09-05 08:00:00,1.607735807860262,0.0605371179039301,0.0288384279475982,0.0,0.0,0.0186572052401746,0.0101703056768558,0.002,0.0,0.0003013100436681
2014-09-05 09:00:00,0.258829596412556,0.0583385650224215,0.0296973094170403,0.0,0.0,0.006244394618834,0.0090852017937219,0.0020089686098654,0.0590650224215246,0.0003452914798206
2014-09-05 10:00:00,0.1910963597430407,0.0770770877944325,0.0248265524625267,0.0,0.0,0.0075674518201284,0.0076038543897216,0.0020107066381156,0.0,0.0004539614561027
2014-09-05 11:00:00,0.212090909090909,0.0936115702479338,0.0279380165289256,0.0,0.0,0.0182665289256198,0.0125578512396694,0.0035971074380165,0.0,0.0003657024793388
2014-09-05 12:00:00,0.1858886509635974,0.0795974304068522,0.0271284796573875,0.0,0.0,0.0058436830835117,0.0130599571734475,0.0020663811563169,0.0,0.0005460385438972
2014-09-05 13:00:00,0.2582873563218391,0.0673747126436781,0.0326022988505747,0.0,0.0,0.0042988505747126,0.0130620689655172,0.0021218390804597,0.0541908045977011,0.0006735632183908
2014-09-05 14:00:00,0.1957066115702479,0.0704504132231405,0.02474173553719,0.0,0.0,0.0148657024793388,0.0130805785123966,0.0021301652892561,0.0,0.0005537190082644
2014-09-05 15:00:00,0.5376065217391305,0.1158804347826087,0.0315630434782608,0.0,0.0,0.021791304347826,0.0500521739130434,0.0021369565217391,0.0,0.0006195652173913
2014-09-05 16:00:00,1.7562725274725273,0.0807516483516483,0.0550197802197802,0.0,0.0,0.0174197802197802,0.0141010989010989,0.0353516483516483,0.2596769230769231,0.0005714285714285
2014-09-05 17:00:00,1.256274841437632,0.0566342494714587,0.0481733615221987,0.0,0.0,0.005536997885835,0.0130443974630021,0.0167251585623678,0.0,0.000583509513742
2014-09-05 18:00:00,0.2114783505154639,0.0913896907216494,0.034,0.0,0.0,0.0042742268041237,0.0130391752577319,0.0021195876288659,0.0,0.0005113402061855
2014-09-05 19:00:00,0.4066389496717724,0.1097702407002188,0.0382407002188183,0.0,0.0,0.0688599562363238,0.0130503282275711,0.0021466083150984,0.0719365426695842,0.0005229759299781
2014-09-05 20:00:00,0.40734375,0.0652125,0.0374875,0.0,0.0,0.0199354166666666,0.0394604166666666,0.0022145833333333,0.0439895833333333,0.0017229166666666
2014-09-05 21:00:00,0.3468373382624769,0.0615046210720887,0.045173752310536,0.0,0.0,0.0145046210720887,0.050358595194085,0.0020998151571164,0.0,0.0006155268022181
2014-09-05 22:00:00,0.2543897637795275,0.086503937007874,0.0282401574803149,0.0,0.0,0.0137047244094488,0.0130846456692913,0.0023602362204724,0.0,0.0007027559055118
2014-09-05 23:00:00,0.1996164948453608,0.0974041237113402,0.0274824742268041,0.0,0.0,0.0042494845360824,0.0130907216494845,0.002340206185567,0.0,0.0006762886597938
2014-09-06 00:00:00,0.1825344129554656,0.0820161943319838,0.0270344129554655,0.0,0.0,0.0043724696356275,0.0130931174089068,0.0027226720647773,0.0,0.0008704453441295
2014-09-06 01:00:00,0.1719324324324324,0.0593918918918918,0.0401081081081081,0.0,0.0,0.0041698841698841,0.0131023166023166,0.0026660231660231,7.722007722007722e-06,0.0008474903474903
2014-09-06 02:00:00,0.1749783037475345,0.0569211045364891,0.0397652859960552,0.0,0.0,0.0044063116370808,0.0131262327416173,0.0027712031558185,0.0,0.000861932938856
2014-09-06 03:00:00,0.206,0.0895039682539682,0.0396607142857142,0.0,0.0,0.0041924603174603,0.0122341269841269,0.0026984126984126,0.0,0.0011527777777777
2014-09-06 04:00:00,0.2093043478260869,0.0892022684310019,0.0378903591682419,0.0,0.0,0.004398865784499,0.006625708884688,0.0025746691871455,0.0,0.0008185255198487
2014-09-06 05:00:00,0.1810338078291815,0.0739128113879003,0.0193434163701067,0.0,0.0,0.0041939501779359,0.0093594306049822,0.0022455516014234,0.0,0.000644128113879
2014-09-06 06:00:00,0.2353826923076923,0.0567923076923077,0.027826923076923,0.0,0.0,0.0043326923076923,0.0065692307692307,0.0020653846153846,0.0812846153846153,0.0005211538461538
2014-09-06 07:00:00,0.753120315581854,0.0591577909270216,0.0485542406311637,0.0,0.0,0.0058165680473372,0.0109250493096646,0.0022228796844181,0.1347376725838264,0.0005838264299802
2014-09-06 08:00:00,0.664476386036961,0.0749158110882956,0.0351581108829568,0.0,0.2044147843942505,0.0104394250513347,0.0092956878850102,0.002,0.0717330595482546,0.0003408624229979
2014-09-06 09:00:00,0.6067713717693837,0.0922922465208747,0.0373598409542743,0.0,0.2414970178926441,0.0100695825049701,0.0095646123260437,0.0020576540755467,0.0,0.0005168986083499
2014-09-06 10:00:00,0.3618576923076923,0.0960423076923076,0.0315442307692307,0.0,0.0597673076923076,0.0039711538461538,0.0130923076923076,0.0022615384615384,0.0,0.0006653846153846
2014-09-06 11:00:00,0.3274357429718876,0.063644578313253,0.0503795180722891,0.0,6.024096385542169e-06,0.0039558232931726,0.0294216867469879,0.0337108433734939,0.083652610441767,0.0005682730923694
2014-09-06 12:00:00,0.7793589743589744,0.0606903353057199,0.0393431952662721,0.0,0.3658520710059171,0.003956607495069,0.0130493096646942,0.0020433925049309,0.0,0.0004852071005917
2014-09-06 13:00:00,0.2230189753320683,0.1132030360531309,0.0342846299810246,0.0,0.0,0.0039677419354838,0.0130796963946869,0.0023510436432637,0.0,0.0007134724857685
2014-09-06 14:00:00,0.2066686746987951,0.0936746987951807,0.032,0.0,0.0,0.0039578313253012,0.0155261044176706,0.0023995983935742,0.0,0.0007469879518072
2014-09-06 15:00:00,0.2786602316602317,0.0613532818532818,0.0287586872586872,0.0,0.0,0.0044247104247104,0.013084942084942,0.0021100386100386,0.0575559845559845,0.0391254826254826
2014-09-06 16:00:00,0.8076918714555765,0.0816181474480151,0.0409962192816635,0.0,0.0,0.0065217391304347,0.013054820415879,0.002,0.0697221172022684,0.0743705103969754
2014-09-06 17:00:00,0.380109640831758,0.122930056710775,0.0411077504725897,0.0,0.0,0.0053931947069943,0.0130378071833648,0.0020037807183364,0.0,0.0705406427221172
2014-09-06 18:00:00,0.5452363977485928,0.0666941838649155,0.0564202626641651,0.0,0.0,0.0488105065666041,0.0130656660412757,0.0020112570356472,0.0490600375234521,0.0041482176360225
2014-09-06 19:00:00,0.3797916666666667,0.0658935185185185,0.0467384259259259,0.0,0.0,0.098787037037037,0.022636574074074,0.0022037037037037,0.0,0.0006782407407407
2014-09-06 20:00:00,0.5160712074303405,0.0926996904024767,0.050640866873065,0.0,0.0,0.0895201238390092,0.0337585139318885,0.0021424148606811,0.1113374613003096,0.0025913312693498
2014-09-06 21:00:00,0.5509015873015872,0.0972825396825396,0.0493269841269841,0.0,0.0,0.0879714285714285,0.045831746031746,0.0023301587301587,0.1231714285714285,0.0029904761904761
2014-09-06 22:00:00,0.4439848484848485,0.1080909090909091,0.041560606060606,0.0,0.0,0.0849242424242424,0.0495984848484848,0.0022916666666666,0.0,0.002465909090909
2014-09-06 23:00:00,0.459,0.138,0.0,0.0,0.0,0.081,0.061,0.002,0.0,0.001
2014-09-07 00:00:00,0.459,0.138,0.0,0.0,0.0,0.081,0.061,0.002,0.0,0.001
2014-09-07 01:00:00,0.459,0.138,0.0,0.0,0.0,0.081,0.061,0.002,0.0,0.001
2014-09-07 02:00:00,0.459,0.138,0.0,0.0,0.0,0.081,0.061,0.002,0.0,0.001
2014-09-07 03:00:00,0.459,0.138,0.0,0.0,0.0,0.081,0.061,0.002,0.0,0.001
2014-09-07 04:00:00,0.459,0.138,0.0,0.0,0.0,0.081,0.061,0.002,0.0,0.001
2014-09-07 05:00:00,0.459,0.138,0.0,0.0,0.0,0.081,0.061,0.002,0.0,0.001
2014-09-07 06:00:00,0.459,0.138,0.0,0.0,0.0,0.081,0.061,0.002,0.0,0.001
2014-09-07 07:00:00,0.459,0.138,0.0,0.0,0.0,0.081,0.061,0.002,0.0,0.001
2014-09-07 08:00:00,0.459,0.138,0.0,0.0,0.0,0.081,0.061,0.002,0.0,0.001
2014-09-07 09:00:00,0.459,0.138,0.0,0.0,0.0,0.081,0.061,0.002,0.0,0.001
2014-09-07 10:00:00,0.459,0.138,0.0,0.0,0.0,0.081,0.061,0.002,0.0,0.001
2014-09-07 11:00:00,0.459,0.138,0.0,0.0,0.0,0.081,0.061,0.002,0.0,0.001
2014-09-07 12:00:00,0.949849246231156,0.0680452261306532,0.0229497487437185,0.0,0.0,0.0166331658291457,0.0143517587939698,0.0024974874371859,0.0,0.0008894472361809
2014-09-07 13:00:00,0.1338367346938775,0.0,0.0818367346938775,0.0,0.0,0.0044285714285714,0.012938775510204,0.0023673469387755,0.0,0.0006122448979591
2014-09-07 14:00:00,,,,,,,,,,
2014-09-07 15:00:00,,,,,,,,,,
2014-09-07 16:00:00,,,,,,,,,,
2014-09-07 17:00:00,0.3243283582089552,0.1069626865671641,0.050865671641791,0.0,0.0,0.0928432835820895,0.0130522388059701,0.0020373134328358,0.0,0.0005074626865671
2014-09-07 18:00:00,0.227894495412844,0.0422568807339449,0.04125,0.0,0.0,0.0725298165137614,0.0130573394495412,0.0020183486238532,0.0,0.0004495412844036
2014-09-07 19:00:00,0.3561617933723197,0.0983703703703703,0.035906432748538,0.0,0.0,0.0840409356725146,0.0130760233918128,0.0021871345029239,0.0,0.0006549707602339
2014-09-07 20:00:00,0.3790620300751879,0.0924172932330827,0.0335488721804511,0.0,0.0,0.0909605263157894,0.013031954887218,0.0022330827067669,0.0,0.0006616541353383
2014-09-07 21:00:00,0.4340302419354838,0.0758548387096774,0.0302540322580645,0.0,0.0,0.0153084677419354,0.0446612903225806,0.0022883064516129,0.0786612903225806,0.0006875
2014-09-07 22:00:00,0.2086924493554328,0.0597992633517495,0.0276758747697974,0.0,0.0,0.0082725598526703,0.0127255985267034,0.0024677716390423,0.0,0.0007955801104972
2014-09-07 23:00:00,0.1616888888888889,0.0498222222222222,0.0391755555555555,0.0,0.0,0.00396,0.0083155555555555,0.0023444444444444,0.0,0.0007288888888888
2014-09-08 00:00:00,0.1669377593360995,0.0535892116182572,0.0331161825726141,0.0,0.0,0.0039419087136929,0.0071991701244813,0.0025850622406639,0.0,0.0008796680497925
2014-09-08 01:00:00,0.1788907849829351,0.0651194539249146,0.0302627986348122,0.0,0.0,0.0039624573378839,0.0076348122866894,0.0026245733788395,0.0,0.0009010238907849
2014-09-08 02:00:00,0.1938111888111888,0.0795804195804195,0.0236678321678321,0.0,0.0,0.0039790209790209,0.0075664335664335,0.0027517482517482,0.0,0.0008426573426573
2014-09-08 03:00:00,0.17311227154047,0.0584099216710182,0.0213289817232375,0.0,0.0,0.0039869451697127,0.0101018276762402,0.0028459530026109,0.0,0.0009164490861618
2014-09-08 04:00:00,0.1896517055655296,0.0712369838420107,0.0288150807899461,0.0,0.0,0.0039730700179533,0.0087037701974865,0.0026032315978456,0.0,0.0008312387791741
2014-09-08 05:00:00,0.6011597633136094,0.0673885601577909,0.0289664694280078,0.0,0.0,0.0039546351084812,0.0099053254437869,0.0021143984220907,0.0,0.000585798816568
2014-09-08 06:00:00,0.7057259528130672,0.0658294010889292,0.0304809437386569,0.0,0.2510852994555353,0.009529945553539,0.0083956442831215,0.0021433756805807,0.2102885662431942,0.0006261343012704
2014-09-08 07:00:00,0.4280592255125285,0.068132118451025,0.0235375854214123,0.0,0.0671753986332574,0.0165968109339407,0.0082164009111617,0.0020296127562642,0.053637813211845,0.0005626423690205
2014-09-08 08:00:00,0.163304854368932,0.0570038834951456,0.0259902912621359,0.0,0.0,0.0060116504854368,0.0127126213592233,0.002031067961165,0.0,0.0005223300970873
2014-09-08 09:00:00,0.15959375,0.05677734375,0.026763671875,0.0,0.0,0.003015625,0.012400390625,0.002064453125,0.0,0.000642578125
2014-09-08 10:00:00,0.1375390243902439,0.0257365853658536,0.0395097560975609,0.0,0.0,0.0030121951219512,0.0128731707317073,0.0020926829268292,0.0,0.0006
2014-09-08 11:00:00,0.1697757009345794,0.0657644859813084,0.0305644859813084,0.0,0.0,0.003033644859813,0.0126822429906542,0.0021214953271028,0.0,0.0006485981308411
2014-09-08 12:00:00,0.1820923913043478,0.0839003623188405,0.0203659420289855,0.0,0.0,0.0030235507246376,0.0122065217391304,0.0021557971014492,0.0,0.0006666666666666
2014-09-08 13:00:00,0.185389199255121,0.0867970204841713,0.0206685288640595,0.0,0.0,0.0030130353817504,0.0129813780260707,0.0022439478584729,0.0,0.0007672253258845
2014-09-08 14:00:00,0.7703798165137615,0.0812807339449541,0.0278256880733944,0.0,0.0,0.0219559633027522,0.0129541284403669,0.0022055045871559,0.0923871559633027,0.0006770642201834
2014-09-08 15:00:00,1.098116541353383,0.0598928571428571,0.0264661654135338,0.0,0.0,0.0589680451127819,0.0129266917293233,0.0021466165413533,0.0,0.0006578947368421
2014-09-08 16:00:00,1.1970403225806452,0.0677822580645161,0.0319919354838709,0.0,0.0,0.0730322580645161,0.0130766129032258,0.1671754032258064,0.0,0.0005544354838709
2014-09-08 17:00:00,0.673677966101695,0.0844990583804143,0.0401826741996233,0.0,0.0,0.0571073446327683,0.0130451977401129,0.0124256120527306,0.0,0.0005856873822975
2014-09-08 18:00:00,0.3966601178781925,0.0991964636542239,0.0379528487229862,0.0,0.000188605108055,0.0673084479371316,0.0160923379174852,0.0020294695481335,0.1027878192534381,0.001950884086444
2014-09-08 19:00:00,0.3577826923076923,0.0867038461538461,0.0298057692307692,0.0,0.0,0.0802846153846153,0.056026923076923,0.0021480769230769,0.0,0.0006230769230769
2014-09-08 20:00:00,0.3844971098265896,0.0536184971098265,0.0326396917148362,0.0,0.0,0.0677456647398843,0.0545452793834296,0.0020789980732177,0.0,0.0006319845857418
2014-09-08 21:00:00,0.3454603773584905,0.0545396226415094,0.0366943396226415,0.0,0.0,0.0605603773584905,0.0143867924528301,0.0021811320754716,0.0502169811320754,0.000677358490566
2014-09-08 22:00:00,0.2054567901234567,0.0595061728395061,0.0313641975308641,0.0,0.0,0.0043827160493827,0.014133744855967,0.0025102880658436,0.0,0.0007880658436213
2014-09-08 23:00:00,0.1939159836065573,0.0798196721311475,0.0315860655737704,0.0,0.0,0.0041905737704918,0.0113729508196721,0.0023463114754098,0.0,0.0007663934426229
2014-09-09 00:00:00,0.1970020242914979,0.0826497975708502,0.0304878542510121,0.0,0.0,0.0043522267206477,0.0080202429149797,0.0024716599190283,0.0,0.0008076923076923
2014-09-09 01:00:00,0.1893109756097561,0.0759654471544715,0.029180894308943,0.0,0.0,0.0041260162601626,0.0068130081300813,0.0023922764227642,0.0,0.0008252032520325
2014-09-09 02:00:00,0.1891822033898305,0.074875,0.0208771186440677,0.0,0.0,0.0043368644067796,0.0075254237288135,0.0025889830508474,0.0,0.0008474576271186
2014-09-09 03:00:00,0.166621978021978,0.058810989010989,0.021043956043956,0.0,0.0,0.0062813186813186,0.0067450549450549,0.0026307692307692,0.0,0.0008351648351648
2014-09-09 04:00:00,0.1675944798301486,0.0606072186836518,0.0254649681528662,0.0,0.0,0.0042951167728237,0.0071273885350318,0.0023694267515923,0.0,0.0008131634819532
2014-09-09 05:00:00,0.1685418410041841,0.0567092050209205,0.0345690376569037,0.0,0.0,0.0043514644351464,0.0070481171548117,0.002286610878661,0.0,0.000705020920502
2014-09-09 06:00:00,0.6513586206896551,0.0520568965517241,0.034153448275862,0.0,0.2449275862068965,0.0052051724137931,0.0061913793103448,0.002151724137931,0.1463051724137931,0.0007224137931034
2014-09-09 07:00:00,0.3260271646859083,0.0575857385398981,0.0290288624787775,0.0,0.0494957555178268,0.0180458404074702,0.0082563667232597,0.002132427843803,0.0,0.000667232597623
2014-09-09 08:00:00,0.1974006734006734,0.0694511784511784,0.0292895622895622,0.0,0.0,0.0169124579124579,0.0071161616161616,0.0021548821548821,0.0,0.0006313131313131
2014-09-09 09:00:00,0.1865283333333333,0.0713383333333333,0.030675,0.0,0.0,0.00633,0.0073566666666666,0.0021283333333333,0.0,0.0006383333333333
2014-09-09 10:00:00,0.2675594639865997,0.0751105527638191,0.0310418760469011,0.0,0.1061842546063651,0.0062964824120603,0.0071323283082077,0.0020351758793969,0.080107202680067,0.0005393634840871
2014-09-09 11:00:00,0.257889816360601,0.0824023372287145,0.0213188647746243,0.0,0.0,0.0144607679465776,0.0105976627712854,0.0020484140233722,0.0644040066777963,0.0005492487479131
2014-09-09 12:00:00,0.2494954792043399,0.0752893309222423,0.0172893309222423,0.0,0.0,0.0059927667269439,0.0124575045207956,0.0020578661844484,0.0643905967450271,0.0005388788426763
2014-09-09 13:00:00,0.1839777327935222,0.0632914979757085,0.0242186234817813,0.0,0.0,0.0136417004048583,0.0139008097165991,0.0020566801619433,0.0,0.0006214574898785
2014-09-09 14:00:00,0.256616,0.055494,0.031798,0.0,8e-06,0.015602,0.013254,0.00208,0.071516,0.000524
2014-09-09 15:00:00,1.1520681362725451,0.0896412825651302,0.0300941883767535,0.0,0.0,0.004192384769539,0.0114749498997996,0.0020180360721442,0.0,0.000438877755511
2014-09-09 16:00:00,1.30031906614786,0.1025661478599221,0.0334552529182879,0.0,0.0010428015564202,0.0200097276264591,0.0104922178988326,0.0020408560311284,0.1145311284046692,0.0005486381322957
2014-09-09 17:00:00,0.4058763102725367,0.0724381551362683,0.0406100628930817,0.0,0.0,0.0079287211740041,0.0094297693920335,0.0021949685534591,1.6771488469601677e-05,0.0006415094339622
2014-09-09 18:00:00,0.3566877551020408,0.0634204081632653,0.0466530612244898,0.0,0.0,0.0724795918367347,0.0117265306122449,0.0021142857142857,0.0735938775510204,0.0006326530612244
2014-09-09 19:00:00,0.4695711382113821,0.0719796747967479,0.0435325203252032,0.0,4.0650406504065046e-06,0.0555264227642276,0.0120142276422764,0.0165447154471544,0.0858455284552845,0.0006056910569105
2014-09-09 20:00:00,0.8651163265306122,0.0948591836734693,0.0375204081632653,0.0,0.2474448979591836,0.0366755102040816,0.0457,0.0021714285714285,0.0841836734693877,0.0063326530612244
2014-09-09 21:00:00,0.487614406779661,0.0917754237288135,0.0330699152542372,0.0,0.0397669491525423,0.0246525423728813,0.046853813559322,0.0022033898305084,0.0,0.00075
2014-09-09 22:00:00,0.1779936305732484,0.0705838641188959,0.0283269639065817,0.0,0.0,0.0039617834394904,0.0100127388535031,0.0022335456475583,0.0,0.0006985138004246
2014-09-09 23:00:00,0.169396017699115,0.0548761061946902,0.0309203539823008,0.0,0.0,0.003966814159292,0.0059557522123893,0.0022146017699115,0.0,0.0006769911504424
2014-09-10 00:00:00,0.1866204545454545,0.0581863636363636,0.0381295454545454,0.0,0.0,0.0039636363636363,0.0055613636363636,0.0023613636363636,0.0,0.0008
2014-09-10 01:00:00,0.1896855895196506,0.0688406113537117,0.0366375545851528,0.0,0.0,0.0039475982532751,0.0080829694323144,0.0025262008733624,0.0,0.0007903930131004
2014-09-10 02:00:00,0.1906415929203539,0.0776880530973451,0.0399159292035398,0.0,0.0,0.0039646017699115,0.0077699115044247,0.0024734513274336,0.0,0.0008008849557522
2014-09-10 03:00:00,0.1798631090487238,0.0733549883990719,0.0343201856148491,0.0,0.0,0.0039605568445475,0.0051716937354988,0.0025359628770301,0.0,0.0008399071925754
2014-09-10 04:00:00,0.192498901098901,0.0730087912087912,0.0301846153846153,0.0,0.0,0.0143054945054945,0.0082747252747252,0.0023670329670329,0.0,0.0007274725274725
2014-09-10 05:00:00,0.289896017699115,0.0710243362831858,0.0322057522123893,0.0,0.0,0.0246106194690265,0.0083008849557522,0.0021570796460176,0.085325221238938,0.0005884955752212
2014-09-10 06:00:00,0.3594434968017057,0.0651513859275053,0.0353454157782516,0.0,0.0,0.0247825159914712,0.0072494669509594,0.0021343283582089,0.1297803837953091,0.0006503198294243
2014-09-10 07:00:00,0.3869051546391752,0.0539134020618556,0.0313298969072164,0.0,0.0,0.0261092783505154,0.0130865979381443,0.0020515463917525,0.0,0.0005628865979381
2014-09-10 08:00:00,0.3662901878914405,0.0567828810020876,0.0384968684759916,0.0,0.0,0.0665782881002087,0.0123653444676409,0.0020521920668058,0.1316993736951983,0.0004551148225469
2014-09-10 09:00:00,0.249906914893617,0.0595851063829787,0.0519920212765957,0.0,0.0,0.0801356382978723,0.0106436170212765,0.0022047872340425,0.0,0.000627659574468
2014-09-10 10:00:00,0.2233689655172414,0.1004448275862069,0.0095103448275862,0.0,0.0,0.0267655172413793,0.0131206896551724,0.0020275862068965,0.0,0.0005482758620689
2014-09-10 11:00:00,0.2503212560386473,0.0765990338164251,0.0365072463768115,0.0,0.0,0.0162753623188405,0.0120096618357487,0.0021207729468599,0.0647922705314009,0.0006376811594202
2014-09-10 12:00:00,0.2233788235294117,0.1039129411764705,0.0210094117647058,0.0,0.0,0.0064305882352941,0.0129670588235294,0.0021364705882352,0.0,0.0006517647058823
2014-09-10 13:00:00,0.2174012738853503,0.0877983014861995,0.025380042462845,0.0,0.0,0.0128131634819532,0.0098917197452229,0.0021316348195329,0.0,0.0006008492569002
2014-09-10 14:00:00,0.1881719077568134,0.059817610062893,0.032125786163522,0.0,0.0,0.017314465408805,0.0078511530398322,0.0022662473794549,0.0,0.0007211740041928
2014-09-10 15:00:00,0.3615366876310272,0.0582976939203354,0.0264213836477987,0.0,0.0,0.017607966457023,0.0095052410901467,0.002083857442348,0.0,0.0005597484276729
2014-09-10 16:00:00,0.2957478070175438,0.1048552631578947,0.0249956140350877,0.0,0.0,0.0121315789473684,0.0065219298245614,0.0021162280701754,0.0,0.0005745614035087
2014-09-10 17:00:00,0.6046422924901186,0.0971482213438735,0.0292173913043478,0.0,0.0,0.0062094861660079,0.0058794466403162,0.2404505928853754,0.112792490118577,0.000498023715415
2014-09-10 18:00:00,0.2588464646464646,0.0620969696969696,0.0361656565656565,0.0,0.0,0.0045434343434343,0.0104828282828282,0.0124565656565656,0.0695616161616161,0.0004
2014-09-10 19:00:00,0.3795463917525773,0.0560453608247422,0.036501030927835,0.0,0.0,0.0169257731958762,0.0089092783505154,0.0020432989690721,0.0941257731958763,0.0004103092783505
2014-09-10 20:00:00,0.3792988047808764,0.0924521912350597,0.039707171314741,0.0,0.0,0.0702490039840637,0.0307171314741035,0.0021354581673306,0.0,0.000519920318725
2014-09-10 21:00:00,0.3213880308880308,0.0884266409266409,0.0333359073359073,0.0,0.0,0.0400984555984556,0.0247992277992278,0.002065637065637,0.0,0.0005366795366795
2014-09-10 22:00:00,0.2295228628230616,0.0762604373757455,0.0335805168986083,0.0,0.0010178926441351,0.006131212723658,0.0140695825049701,0.0020516898608349,0.0,0.0005825049701789
2014-09-10 23:00:00,0.1787929606625258,0.0593892339544513,0.0287867494824016,0.0,0.0,0.0039544513457556,0.0128343685300207,0.0020869565217391,0.0,0.0006480331262939
2014-09-11 00:00:00,0.1590061224489796,0.0530632653061224,0.0356551020408163,0.0,0.0,0.0039714285714285,0.0072836734693877,0.002304081632653,0.0,0.0007224489795918
2014-09-11 01:00:00,0.1456747572815534,0.0373349514563106,0.0345679611650485,0.0,0.0,0.0039830097087378,0.0079490291262135,0.0024951456310679,0.0,0.0007378640776699
2014-09-11 02:00:00,0.1895705765407554,0.0849045725646123,0.0281113320079522,0.0,0.0,0.003962226640159,0.0050556660039761,0.0027256461232604,0.0,0.0008151093439363
2014-09-11 03:00:00,0.2011271820448877,0.091935162094763,0.0219152119700748,0.0,0.0,0.0039800498753117,0.0072269326683291,0.0025461346633416,0.0,0.0008204488778054
2014-09-11 04:00:00,0.191517175572519,0.078,0.0339637404580152,0.0,0.0,0.0039675572519083,0.0091545801526717,0.0025076335877862,0.0,0.0006946564885496
2014-09-11 05:00:00,0.1932530364372469,0.0750910931174089,0.0280141700404858,0.0,0.0,0.0039615384615384,0.0055445344129554,0.0022631578947368,0.0,0.0006740890688259
2014-09-11 06:00:00,0.2969223659889094,0.0567024029574861,0.0345027726432532,0.0,0.0,0.0053345656192236,0.0081090573012939,0.0020961182994454,0.109362292051756,0.0005822550831792
2014-09-11 07:00:00,0.1836116700201207,0.060317907444668,0.0288993963782696,0.0,0.0,0.0160543259557344,0.0072917505030181,0.0020281690140845,0.0,0.0004567404426559
2014-09-11 08:00:00,1.7151450676982594,0.0552243713733075,0.0300793036750483,0.0,0.0,0.0046112185686653,0.0052533849129593,0.0020058027079303,0.0,0.0003462282398452
2014-09-11 09:00:00,0.1822436974789916,0.0670525210084033,0.0300756302521008,0.0,0.0001344537815126,0.0053676470588235,0.0104348739495798,0.002,0.0,0.0003718487394957
2014-09-11 10:00:00,0.3112854406130268,0.0706973180076628,0.031007662835249,0.0,0.0,0.0158390804597701,0.0158735632183908,0.0020038314176245,0.1223620689655172,0.0004310344827586
2014-09-11 11:00:00,0.2133734939759036,0.0761807228915662,0.0319497991967871,0.0,0.0,0.0164979919678714,0.0158835341365461,0.002008032128514,0.0,0.0004036144578313
2014-09-11 12:00:00,0.2584715447154472,0.0736476964769647,0.0257642276422764,0.0,0.0,0.006460704607046,0.0152520325203252,0.002010840108401,0.0674796747967479,0.0004552845528455
2014-09-11 13:00:00,0.3105546719681908,0.0837455268389662,0.0219602385685884,0.0,0.0,0.0157912524850894,0.0153339960238568,0.0020159045725646,0.0934294234592445,0.00048310139165
2014-09-11 14:00:00,0.2477357001972386,0.0578500986193293,0.0237317554240631,0.0,0.0,0.0159842209072978,0.0093195266272189,0.0020216962524654,0.0578323471400394,0.0005187376725838
2014-09-11 15:00:00,0.4383818984547461,0.059962472406181,0.032849889624724,0.0,0.0,0.0192008830022075,0.0092560706401766,0.0020441501103752,0.169364238410596,0.0005298013245033
2014-09-11 16:00:00,1.6454422222222225,0.0723977777777777,0.0365044444444444,0.0,0.0,0.0145133333333333,0.0091666666666666,0.0022066666666666,0.0329955555555555,0.0006444444444444
2014-09-11 17:00:00,0.4167629796839729,0.0950316027088036,0.0360135440180586,0.0,0.0,0.0060428893905191,0.0077584650112866,0.0022483069977426,0.0,0.0006185101580135
2014-09-11 18:00:00,0.2890268456375839,0.0910134228187919,0.0393131991051454,0.0,0.0,0.015234899328859,0.0119910514541387,0.0021767337807606,0.060572706935123,0.0004675615212527
2014-09-11 19:00:00,0.3431573033707865,0.0658134831460674,0.0335303370786516,0.0,0.0023011235955056,0.0256089887640449,0.038914606741573,0.0020516853932584,0.0,0.0004786516853932
2014-09-11 20:00:00,0.4343333333333333,0.0556436781609195,0.0384091954022988,0.0,0.0,0.0265425287356321,0.0407816091954022,0.0021310344827586,0.095135632183908,0.000903448275862
2014-09-11 21:00:00,0.7385582655826558,0.0826043360433604,0.021850948509485,0.0,0.0,0.1069024390243902,0.0243360433604336,0.0020894308943089,0.0,0.0006070460704607
2014-09-11 22:00:00,0.2717810945273631,0.0932636815920398,0.0285323383084577,0.0,0.0,0.0592611940298507,0.0157263681592039,0.0021442786069651,0.0,0.0006144278606965
2014-09-11 23:00:00,0.2073325301204819,0.0853710843373494,0.0322048192771084,0.0,0.0001542168674698,0.0066506024096385,0.0135156626506024,0.0022,0.0,0.0006602409638554
2014-09-12 00:00:00,0.1986297968397291,0.0763408577878103,0.0300496613995485,0.0,0.0,0.0044085778781038,0.0071196388261851,0.0023115124153498,0.0,0.0007516930022573
2014-09-12 01:00:00,0.1951502145922746,0.0740021459227467,0.0302918454935622,0.0,0.0013733905579399,0.003950643776824,0.0061287553648068,0.0024034334763948,0.0,0.0007746781115879
2014-09-12 02:00:00,0.1768635294117647,0.0614564705882352,0.0216447058823529,0.0,0.0,0.0039741176470588,0.0075976470588235,0.0023741176470588,0.0,0.0007788235294117
2014-09-12 03:00:00,0.1743286384976525,0.0607018779342723,0.0233732394366197,0.0,0.0,0.0043591549295774,0.0075469483568075,0.0024906103286384,0.0,0.0008262910798122
2014-09-12 04:00:00,0.1583127753303964,0.0514140969162995,0.0181409691629955,0.0,0.0,0.0039735682819383,0.0074515418502202,0.0021563876651982,0.0,0.0006718061674008
2014-09-12 05:00:00,0.1770923423423423,0.0587229729729729,0.0320045045045045,0.0,0.0,0.0039572072072072,0.0069346846846846,0.0021666666666666,0.0,0.0006351351351351
2014-09-12 06:00:00,0.3117064017660044,0.0512759381898454,0.0333907284768211,0.0,0.0,0.0051479028697571,0.0070397350993377,0.009,0.1349139072847682,0.0005408388520971
2014-09-12 07:00:00,0.2055615550755939,0.0660669546436285,0.027511879049676,0.0,0.0,0.0208315334773218,0.0076781857451403,0.0020367170626349,0.0,0.0004881209503239
2014-09-12 08:00:00,0.2202478070175438,0.0672938596491228,0.0392916666666666,0.0,0.0,0.0194627192982456,0.011734649122807,0.0020065789473684,0.0,0.0003640350877192
2014-09-12 09:00:00,0.2985429184549356,0.0665278969957081,0.0350064377682403,0.0,0.0,0.0156545064377682,0.0088454935622317,0.0020021459227467,0.0743605150214592,0.0003519313304721
2014-09-12 10:00:00,0.2194134831460674,0.0827842696629213,0.0288516853932584,0.0,0.0,0.0190404494382022,0.0105775280898876,0.0022831460674157,0.0,0.0007370786516853
2014-09-12 11:00:00,0.2231118279569892,0.0791892473118279,0.0160408602150537,0.0,0.0,0.0148150537634408,0.0099075268817204,0.0022838709677419,0.0,0.0007462365591397
2014-09-12 12:00:00,0.2945353773584905,0.0378915094339622,0.0441650943396226,0.0,0.0,0.0043018867924528,0.0093584905660377,0.0020943396226415,0.10975,0.0005990566037735
2014-09-12 13:00:00,0.2347746170678337,0.0599190371991247,0.0287242888402625,0.0,0.0,0.0162997811816192,0.0099080962800875,0.0021181619256017,0.0264376367614879,0.0007089715536105
2014-09-12 14:00:00,0.6062926829268293,0.061270509977827,0.0251729490022172,0.0,1.7738359201773837e-05,0.0194634146341463,0.0290199556541019,0.018150776053215,0.0,0.000640798226164
2014-09-12 15:00:00,0.8794782608695653,0.0647347826086956,0.0360326086956521,0.0,0.0,0.0193739130434782,0.0238130434782608,0.0021630434782608,0.0063891304347826,0.0006760869565217
2014-09-12 16:00:00,1.4527374179431072,0.105781181619256,0.0454157549234135,0.0,0.0,0.0210547045951859,0.0104091903719912,0.0022385120350109,0.0850393873085339,0.0007155361050328
2014-09-12 17:00:00,1.2184405286343614,0.0631541850220264,0.0408127753303964,0.0,0.0,0.0045616740088105,0.0121828193832599,0.0020682819383259,0.071601321585903,0.0004757709251101
2014-09-12 18:00:00,0.193,0.055332618025751,0.0334978540772532,0.0,0.0,0.0113369098712446,0.0129184549356223,0.0020214592274678,0.0189806866952789,0.0004248927038626
2014-09-12 19:00:00,0.2489364640883977,0.092024861878453,0.0232596685082872,0.0,0.0,0.0246740331491712,0.0126906077348066,0.0021325966850828,0.0,0.0006187845303867
2014-09-12 20:00:00,0.4867413441955193,0.1109613034623217,0.0273604887983706,0.0,0.0,0.0130020366598778,0.0484521384928716,0.0021588594704684,0.1404847250509165,0.0007454175152749
2014-09-12 21:00:00,0.343343220338983,0.0862860169491525,0.0303622881355932,0.0,0.0,0.0457012711864406,0.034207627118644,0.0022351694915254,0.0,0.0007033898305084
2014-09-12 22:00:00,0.2037494736842105,0.0659073684210526,0.0304652631578947,0.0,0.0,0.0084821052631578,0.0131957894736842,0.0024336842105263,0.0,0.0007957894736842
2014-09-12 23:00:00,0.1992429906542056,0.0708130841121495,0.0298971962616822,0.0,0.0,0.0039579439252336,0.0126308411214953,0.002626168224299,0.0,0.0008714953271028
2014-09-13 00:00:00,0.2034294871794872,0.0641730769230769,0.0291538461538461,0.0,0.0,0.0039700854700854,0.0074059829059829,0.0028141025641025,0.0,0.0014209401709401
2014-09-13 01:00:00,0.2276489795918367,0.0854918367346938,0.0252632653061224,0.0,0.0,0.0039653061224489,0.0072244897959183,0.0026265306122448,0.0,0.0008632653061224
2014-09-13 02:00:00,0.2221247113163972,0.078094688221709,0.0278498845265588,0.0,0.0,0.0039838337182448,0.0101593533487297,0.0026281755196304,0.0,0.0008337182448036
2014-09-13 03:00:00,0.1997320099255583,0.0794615384615384,0.0269478908188585,0.0,0.0,0.0039776674937965,0.0062332506203473,0.0025632754342431,0.0,0.0008238213399503
2014-09-13 04:00:00,0.1800885167464114,0.0719665071770335,0.0327033492822966,0.0,0.0,0.0039617224880382,0.0074258373205741,0.0025287081339712,0.0,0.0008253588516746
2014-09-13 05:00:00,0.3051339950372209,0.0626848635235731,0.0313523573200992,0.0,0.0,0.0039826302729528,0.0091240694789081,0.0022109181141439,0.1611811414392059,0.0006799007444168
2014-09-13 06:00:00,0.6702890995260664,0.056281990521327,0.0301350710900473,0.0,0.3477322274881516,0.0039383886255924,0.0124928909952606,0.0020758293838862,0.046324644549763,0.0005521327014218
2014-09-13 07:00:00,0.2183548387096774,0.0498341013824884,0.0299608294930875,0.0,0.0,0.0039769585253456,0.0334470046082949,0.0020806451612903,0.0,0.0005599078341013
2014-09-13 08:00:00,0.3083373205741627,0.1335502392344497,0.0334641148325358,0.0,0.0,0.0039712918660287,0.0177416267942583,0.0020741626794258,0.1043301435406698,0.0006052631578947
2014-09-13 09:00:00,0.3740075187969925,0.0862230576441102,0.0295288220551378,0.0,0.0,0.0039373433583959,0.0049724310776942,0.0027543859649122,0.0,0.0007619047619047
2014-09-13 10:00:00,0.2250195227765726,0.0,0.0360151843817787,0.0,0.0,0.0039587852494577,0.0152386117136659,0.0051995661605206,0.0,0.0005683297180043
2014-09-13 11:00:00,0.2170753768844221,0.0729723618090452,0.0412437185929648,0.0,0.0,0.0039698492462311,0.0164597989949748,0.0020678391959798,0.0,0.0006482412060301
2014-09-13 12:00:00,0.6753300733496332,0.0623422982885085,0.0327579462102689,0.0,0.3056772616136919,0.0039559902200489,0.0159584352078239,0.0021515892420537,0.0,0.0006210268948655
2014-09-13 13:00:00,0.2620691244239632,0.0599746543778801,0.0304193548387096,0.0,0.0362073732718894,0.0039700460829493,0.0159285714285714,0.0021774193548387,0.0,0.0007396313364055
2014-09-13 14:00:00,0.2066423529411764,0.0912117647058823,0.0287011764705882,0.0,0.0,0.0039694117647058,0.0116588235294117,0.00228,0.0,0.0006776470588235
2014-09-13 15:00:00,0.2248948598130841,0.1066985981308411,0.0292266355140186,0.0,0.0,0.0039602803738317,0.0082827102803738,0.0020887850467289,0.0,0.0005
2014-09-13 16:00:00,0.1965806451612903,0.0713041474654378,0.0310875576036866,0.0,0.0,0.0039585253456221,0.0081428571428571,0.0020806451612903,0.0,0.0004930875576036
2014-09-13 17:00:00,0.1673481152993348,0.0461086474501108,0.0301773835920177,0.0,0.0,0.0039667405764966,0.0062660753880266,0.0022217294900221,0.0,0.0006940133037694
2014-09-13 18:00:00,1.47764,0.0812023529411764,0.0307341176470588,0.0,3.294117647058824e-05,0.0039576470588235,0.0094188235294117,0.0371905882352941,0.0,0.0006964705882352
2014-09-13 19:00:00,1.6009900793650793,0.0868988095238095,0.0300813492063492,0.0,0.0,0.0172559523809523,0.0060456349206349,0.0022559523809523,0.0528055555555555,0.0006626984126984
2014-09-13 20:00:00,0.4170967741935484,0.07736866359447,0.0636705069124424,0.0,0.0,0.0231221198156682,0.0213133640552995,0.0021912442396313,0.0,0.0008801843317972
2014-09-13 21:00:00,0.2929552572706935,0.0734854586129754,0.0474362416107382,0.0,0.0,0.008738255033557,0.0198791946308724,0.0023489932885906,0.0,0.0006331096196868
2014-09-13 22:00:00,0.21925,0.0598318181818181,0.0437590909090909,0.0,0.0,0.0044045454545454,0.0079613636363636,0.0023386363636363,0.0,0.000740909090909
2014-09-13 23:00:00,0.1650425055928411,0.0577583892617449,0.0317606263982102,0.0,0.0,0.0043064876957494,0.0055458612975391,0.0027919463087248,0.0,0.0008702460850111
2014-09-14 00:00:00,0.1655977777777777,0.0579644444444444,0.03268,0.0,0.0,0.0042511111111111,0.0091555555555555,0.0025377777777777,0.0,0.0008888888888888
2014-09-14 01:00:00,0.1902781456953642,0.0754525386313465,0.0308962472406181,0.0,0.0001412803532008,0.0044834437086092,0.0066490066225165,0.0027196467991169,0.0,0.0008741721854304
2014-09-14 02:00:00,0.2025662921348314,0.0792157303370786,0.0303640449438202,0.0,0.0026247191011235,0.0045078651685393,0.0072988764044943,0.0027797752808988,0.0,0.0008808988764044
2014-09-14 03:00:00,0.1998050314465408,0.0775345911949685,0.0402830188679245,0.0,0.0,0.0045073375262054,0.007398322851153,0.0029245283018867,0.0,0.0009371069182389
2014-09-14 04:00:00,0.1936175824175824,0.078210989010989,0.0310703296703296,0.0,0.0,0.0044901098901098,0.0044461538461538,0.0028395604395604,0.0,0.0009186813186813
2014-09-14 05:00:00,0.1726206140350877,0.0647894736842105,0.0329122807017543,0.0,0.0269473684210526,0.0043486842105263,0.0087565789473684,0.0025219298245614,0.0,0.000828947368421
2014-09-14 06:00:00,0.2818553459119497,0.0557641509433962,0.03812893081761,0.0,0.0,0.0041729559748427,0.0063742138364779,0.0023867924528301,0.1050786163522012,0.0008238993710691
2014-09-14 07:00:00,0.4162905759162303,0.0400549738219895,0.0431230366492146,0.0,0.0,0.0042382198952879,0.0064659685863874,0.002089005235602,0.2955732984293194,0.0005706806282722
2014-09-14 08:00:00,0.2023341013824884,0.0550322580645161,0.0443341013824884,0.0,0.0,0.0122488479262672,0.0098294930875576,0.0023571428571428,0.0001175115207373,0.0007142857142857
2014-09-14 09:00:00,0.1990584112149532,0.0823457943925233,0.0439252336448598,0.0,0.0,0.0038130841121495,0.0078084112149532,0.00228738317757,0.0,0.0006892523364485
2014-09-14 10:00:00,0.1960278422273781,0.0866194895591647,0.0364825986078886,0.0,0.0,0.003767981438515,0.0078375870069605,0.0021206496519721,0.0,0.0006264501160092
2014-09-14 11:00:00,2.2363434782608698,0.0905630434782608,0.0324782608695652,0.0,0.0,0.0037782608695652,0.0055065217391304,0.0020673913043478,0.2182913043478261,0.0005673913043478
2014-09-14 12:00:00,1.2496179775280898,0.0614404494382022,0.0321640449438202,0.0,0.0,0.0114629213483146,0.0075752808988764,0.1037460674157303,0.0,0.0006988764044943
2014-09-14 13:00:00,0.3095140845070422,0.0639084507042253,0.0294436619718309,0.0,0.0,0.0058920187793427,0.0068591549295774,0.0323732394366197,0.0999154929577464,0.0008145539906103
2014-09-14 14:00:00,0.2251026252983293,0.0808329355608591,0.0425250596658711,0.0,0.0,0.0142840095465393,0.0068782816229116,0.0023031026252983,0.0,0.0006778042959427
2014-09-14 15:00:00,0.2145954545454545,0.0974340909090909,0.0413272727272727,0.0,0.0,0.0043,0.0076568181818181,0.0020590909090909,0.0,0.0005704545454545
2014-09-14 16:00:00,0.2216526548672566,0.0911393805309734,0.0381902654867256,0.0,0.0,0.0040929203539823,0.0075154867256637,0.0020221238938053,0.0,0.0005265486725663
2014-09-14 17:00:00,0.3268952164009112,0.0571526195899772,0.0337835990888382,0.0,0.0,0.0041093394077448,0.0153735763097949,0.0020182232346241,0.1359271070615034,0.0004783599088838
2014-09-14 18:00:00,0.3659959349593496,0.0538252032520325,0.0415386178861788,0.0,0.0,0.0056971544715447,0.0155447154471544,0.0020182926829268,0.182,0.000390243902439
2014-09-14 19:00:00,0.2957373068432671,0.0855165562913907,0.0449094922737306,0.0,0.0,0.0250110375275938,0.0157041942604856,0.0023311258278145,0.0,0.0006777041942604
2014-09-14 20:00:00,0.3443377777777778,0.0900466666666666,0.0426777777777777,0.0,0.0,0.0186311111111111,0.0108222222222222,0.0023022222222222,0.0796488888888889,0.0011222222222222
2014-09-14 21:00:00,0.3772881355932203,0.0871377118644067,0.0309851694915254,0.0,0.0,0.0562860169491525,0.0324618644067796,0.0022902542372881,0.0,0.000697033898305
2014-09-14 22:00:00,0.2170334821428571,0.0585446428571428,0.0285200892857142,0.0,0.0,0.0115580357142857,0.0133214285714285,0.0025223214285714,0.0,0.0008035714285714
2014-09-14 23:00:00,0.179876404494382,0.0536044943820224,0.0325280898876404,0.0,0.0,0.0071483146067415,0.0144786516853932,0.0028202247191011,0.0,0.0008808988764044
2014-09-15 00:00:00,0.1893378684807256,0.0614058956916099,0.038609977324263,0.0,0.0,0.0047074829931972,0.0138888888888888,0.0027619047619047,0.0,0.0008979591836734
2014-09-15 01:00:00,0.202810752688172,0.0885075268817204,0.0373913978494623,0.0,0.0,0.0039892473118279,0.0121139784946236,0.0027720430107526,0.0,0.0009182795698924
2014-09-15 02:00:00,0.196224537037037,0.0794583333333333,0.0328449074074074,0.0,0.0,0.0039791666666666,0.0065949074074074,0.002824074074074,0.0,0.0008726851851851
2014-09-15 03:00:00,0.2050135746606334,0.0790723981900452,0.0326764705882353,0.0,0.0,0.0044298642533936,0.0058574660633484,0.0028190045248868,0.0,0.0009230769230769
2014-09-15 04:00:00,0.1760979020979021,0.0580955710955711,0.0366620046620046,0.0,0.0,0.0039743589743589,0.0087039627039627,0.0026853146853146,0.0,0.0008531468531468
2014-09-15 05:00:00,0.2352887828162291,0.0535894988066825,0.0299212410501193,0.0,0.0,0.0039642004773269,0.0052267303102625,0.0020381861575178,0.0833436754176611,0.000563245823389
2014-09-15 06:00:00,0.3326020408163265,0.0526714285714285,0.0317591836734693,0.0,0.0,0.0093102040816326,0.0074632653061224,0.002038775510204,0.1138081632653061,0.0013244897959183
2014-09-15 07:00:00,0.2402494623655914,0.0850172043010752,0.0306903225806451,0.0,0.0,0.0250817204301075,0.0090021505376344,0.0020086021505376,0.0,0.0003849462365591
2014-09-15 08:00:00,0.2265679824561403,0.0851052631578947,0.0324035087719298,0.0,0.0,0.0282324561403508,0.0050263157894736,0.002109649122807,0.0,0.0006973684210526
2014-09-15 09:00:00,0.2166502057613168,0.083858024691358,0.0311604938271604,0.0,0.0,0.0277633744855967,0.0123847736625514,0.0022078189300411,0.0,0.000633744855967
2014-09-15 10:00:00,0.2002832980972516,0.0664862579281184,0.0431479915433403,0.0,0.0,0.0282727272727272,0.014029598308668,0.0021522198731501,0.0,0.0006786469344608
2014-09-15 11:00:00,0.1835844402277039,0.0570208728652751,0.0328519924098671,0.0,0.0,0.0198633776091081,0.0141574952561669,0.002246679316888,0.0,0.0007039848197343
2014-09-15 12:00:00,0.1726647173489278,0.0596315789473684,0.0299766081871345,0.0,0.0,0.0049415204678362,0.013588693957115,0.0024074074074074,0.0,0.0007855750487329
2014-09-15 13:00:00,0.2990487804878048,0.0921163227016885,0.0364971857410881,0.0,0.0,0.0098780487804878,0.012733583489681,0.0024277673545966,0.0905984990619137,0.0007448405253283
2014-09-15 14:00:00,0.4911190019193858,0.0962322456813819,0.030447216890595,0.0,0.0,0.0192437619961612,0.0118886756238003,0.0020191938579654,0.2524721689059501,0.0005009596928982
2014-09-15 15:00:00,1.056936660268714,0.0698445297504798,0.0274664107485604,0.0,0.0,0.0194625719769673,0.0114299424184261,0.0020076775431861,0.0,0.0003934740882917
2014-09-15 16:00:00,1.633825263157895,0.0610357894736842,0.042858947368421,0.0,0.0,0.0148294736842105,0.0121199999999999,0.0560042105263157,0.0,0.0005515789473684
2014-09-15 17:00:00,1.4210775510204083,0.068969387755102,0.0376591836734693,0.0,0.0,0.0042877551020408,0.0117571428571428,0.1234489795918367,0.164004081632653,0.000638775510204
2014-09-15 18:00:00,0.410888,0.098798,0.04865,0.0,0.0,0.004288,0.01053,0.002104,0.030314,0.00136
2014-09-15 19:00:00,0.3812604373757455,0.082182902584493,0.0450298210735586,0.0,0.0,0.0206779324055666,0.0316620278330019,0.0021789264413518,0.0,0.000844930417495
2014-09-15 20:00:00,0.41086,0.057476,0.041244,0.0,0.0,0.0144339999999999,0.041558,0.0020259999999999,0.065134,0.000368
2014-09-15 21:00:00,0.3898336755646817,0.0540595482546201,0.0506283367556468,0.0,0.0,0.077347022587269,0.0451375770020533,0.0020780287474332,0.0,0.000618069815195
2014-09-15 22:00:00,0.3191890243902439,0.0973292682926829,0.0329715447154471,0.0,0.0,0.0469085365853658,0.0074959349593495,0.002390243902439,0.0,0.0007987804878048
2014-09-15 23:00:00,0.2102678571428571,0.0929575892857142,0.0364352678571428,0.0,0.0,0.0039866071428571,0.014234375,0.0026138392857142,0.0,0.0008191964285714
2014-09-16 00:00:00,0.1859019189765458,0.0784051172707889,0.0332579957356076,0.0,0.0,0.0039701492537313,0.0058955223880597,0.0025565031982942,0.0,0.0008486140724946
2014-09-16 01:00:00,0.1728846918489065,0.060807157057654,0.0383081510934393,0.0,0.0,0.0039502982107355,0.0071332007952286,0.0025606361829025,0.0,0.0008469184890656
2014-09-16 02:00:00,0.1824892703862661,0.0578390557939914,0.0424034334763948,0.0,0.0,0.0039678111587982,0.0066309012875536,0.0024356223175965,0.0,0.0007832618025751
2014-09-16 03:00:00,0.1937678571428571,0.0803883928571428,0.0362991071428571,0.0,0.0,0.0039642857142857,0.0054553571428571,0.0024017857142857,0.0,0.0007901785714285
2014-09-16 04:00:00,0.1896986301369863,0.0853698630136986,0.0348972602739726,0.0,0.0,0.0039771689497716,0.0052465753424657,0.0022168949771689,0.0,0.0007146118721461
2014-09-16 05:00:00,0.2063785557986871,0.0883150984682713,0.035199124726477,0.0,0.0,0.0039540481400437,0.0062669584245076,0.0023588621444201,0.0,0.0007549234135667
2014-09-16 06:00:00,0.3973076923076923,0.0597609147609147,0.0382016632016632,0.0,0.0,0.0072785862785862,0.0072765072765072,0.002066528066528,0.2419688149688149,0.0005862785862785
2014-09-16 07:00:00,0.1874433399602385,0.0577176938369781,0.0309721669980119,0.0,0.0,0.0195984095427435,0.0061053677932405,0.0020715705765407,0.0,0.0005626242544731
2014-09-16 08:00:00,0.2086480331262939,0.0621345755693581,0.0272463768115942,0.0,0.0,0.0182919254658385,0.0073747412008281,0.0020020703933747,0.0,0.000463768115942
2014-09-16 09:00:00,0.3250668151447661,0.0908195991091314,0.0281425389755011,0.0,0.0,0.0190734966592427,0.0063897550111358,0.0020289532293986,0.0723719376391982,0.0005412026726057
2014-09-16 10:00:00,0.2512162162162162,0.0894842342342342,0.034322072072072,0.0,0.0,0.0179842342342342,0.0070225225225225,0.0020225225225225,0.0,0.0004166666666666
2014-09-16 11:00:00,0.2215022123893805,0.0753053097345132,0.0310597345132743,0.0,0.0,0.0182964601769911,0.0063097345132743,0.0020840707964601,0.0,0.0004092920353982
2014-09-16 12:00:00,0.2600021551724137,0.0597241379310344,0.0331400862068965,0.0,0.0,0.0185840517241379,0.0076637931034482,0.0052974137931034,0.0582629310344827,0.0006228448275862
2014-09-16 13:00:00,0.5602980972515856,0.0524207188160676,0.0317103594080338,0.0,0.2556849894291755,0.0182367864693446,0.0060232558139534,0.0021247357293868,0.0,0.0007167019027484
2014-09-16 14:00:00,0.4203034934497817,0.1014235807860262,0.0309781659388646,0.0,0.0551026200873362,0.0187314410480349,0.006504366812227,0.0021200873362445,0.0,0.0006375545851528
2014-09-16 15:00:00,1.277575371549894,0.0974798301486199,0.0442908704883227,0.0,0.0,0.0191783439490445,0.007728237791932,0.0020445859872611,0.0752484076433121,0.0005350318471337
2014-09-16 16:00:00,1.1808923766816144,0.0594753363228699,0.0424170403587443,0.0,0.0,0.01604932735426,0.0067085201793721,0.0020964125560538,0.0862578475336322,0.0017959641255605
2014-09-16 17:00:00,0.3450333333333333,0.0564755555555555,0.0442022222222222,0.0,0.0,0.0116466666666666,0.0078222222222222,0.0021177777777777,0.0856733333333333,0.0006
2014-09-16 18:00:00,0.3529745762711864,0.1040063559322033,0.0437330508474576,0.0,0.0,0.0820338983050847,0.0060042372881355,0.0020296610169491,0.0372796610169491,0.0004152542372881
2014-09-16 19:00:00,0.3671428571428571,0.0931653061224489,0.0316448979591836,0.0,0.0,0.0772877551020408,0.014238775510204,0.0021530612244897,0.0,0.0005632653061224
2014-09-16 20:00:00,0.5724796573875803,0.0563940042826552,0.0275674518201284,0.0,0.036543897216274,0.0903468950749464,0.0282077087794432,0.0020235546038543,0.0693554603854389,0.0038244111349036
2014-09-16 21:00:00,0.2992224576271187,0.0620127118644067,0.0334237288135593,0.0,0.0,0.0265593220338983,0.0165741525423728,0.0022266949152542,0.0,0.0011186440677966
2014-09-16 22:00:00,0.284122965641953,0.091249547920434,0.0310397830018083,0.0,0.0,0.0039566003616636,0.0058951175406871,0.0022911392405063,0.0,0.0007016274864376
2014-09-16 23:00:00,0.2129428076256499,0.0962045060658578,0.0277556325823223,0.0,0.0,0.0039462738301559,0.0084696707105719,0.00242287694974,0.0,0.0007435008665511
2014-09-17 00:00:00,0.1904562937062937,0.0721853146853146,0.0262185314685314,0.0,0.0,0.0039720279720279,0.0076118881118881,0.0026013986013986,0.0,0.001020979020979
2014-09-17 01:00:00,0.1772299651567944,0.0571567944250871,0.0257317073170731,0.0,0.0,0.0039634146341463,0.0073850174216027,0.0023327526132404,0.0,0.000773519163763
2014-09-17 02:00:00,0.1735989208633093,0.0616115107913669,0.0239982014388489,0.0,0.0,0.0039640287769784,0.0060449640287769,0.0023974820143884,0.0,0.0007697841726618
2014-09-17 03:00:00,0.2001632124352331,0.0917927461139896,0.023261658031088,0.0,0.0,0.0039766839378238,0.0067098445595854,0.0024844559585492,0.0013264248704663,0.0008108808290155
2014-09-17 04:00:00,0.1966301020408163,0.0926045918367347,0.0333954081632653,0.0,0.0,0.0039489795918367,0.0073316326530612,0.0022448979591836,0.0,0.0006122448979591
2014-09-17 05:00:00,0.174266846361186,0.0706954177897574,0.0313423180592991,0.0,0.0,0.0039622641509433,0.0069407008086253,0.0022425876010781,0.0,0.0007169811320754
2014-09-17 06:00:00,0.3209821826280623,0.058271714922049,0.0407305122494432,0.0,0.0,0.0039398663697104,0.0062494432071269,0.0020267260579064,0.1424922048997772,0.0004721603563474
2014-09-17 07:00:00,0.78387714987715,0.0562751842751842,0.0339017199017199,0.0,0.3277297297297297,0.0206830466830466,0.0065479115479115,0.002012285012285,0.044997542997543,0.0004103194103194
2014-09-17 08:00:00,0.28219,0.0923,0.0283675,0.0,0.021165,0.0238225,0.0076175,0.002025,0.0,0.0004525
2014-09-17 09:00:00,0.2955665024630541,0.0918817733990147,0.0311083743842364,0.0,0.0,0.0285788177339901,0.0070788177339901,0.0020197044334975,0.0503300492610837,0.0005320197044334
2014-09-17 10:00:00,0.2997338129496403,0.076357314148681,0.0305563549160671,0.0,0.0,0.0287026378896882,0.0054052757793764,0.0020215827338129,0.070357314148681,0.0004652278177458
2014-09-17 11:00:00,0.194074592074592,0.0569440559440559,0.0289254079254079,0.0,0.0,0.0144475524475524,0.0072797202797202,0.002037296037296,0.0,0.0004941724941724
2014-09-17 12:00:00,0.7064309523809523,0.0547071428571428,0.0390738095238095,0.0,0.3075714285714285,0.0748190476190476,0.006595238095238,0.0020214285714285,0.0,0.0004428571428571
2014-09-17 13:00:00,1.6199489559164733,0.0961600928074245,0.0294825986078886,0.0,0.0341972157772621,0.0786821345707656,0.0069025522041763,0.0020208816705336,0.0299187935034802,0.0004315545243619
2014-09-17 14:00:00,0.282285046728972,0.1040747663551401,0.0272406542056074,0.0,0.0,0.0717032710280373,0.0095584112149532,0.0020817757009345,0.0,0.0005303738317757
2014-09-17 15:00:00,0.2548944444444444,0.0580805555555555,0.0257555555555555,0.0,0.0,0.0762472222222222,0.0125527777777777,0.0020111111111111,0.0,0.0004666666666666
2014-09-17 16:00:00,0.5278920187793428,0.0620774647887323,0.0497981220657276,0.0,0.0,0.0875492957746478,0.0067347417840375,0.1411807511737089,0.1103098591549295,0.0004953051643192
2014-09-17 17:00:00,0.2923120393120393,0.1165700245700245,0.041066339066339,0.0,0.0008427518427518,0.0589140049140049,0.0077346437346437,0.002056511056511,0.0,0.0005159705159705
2014-09-17 18:00:00,0.62030900243309,0.0888029197080292,0.0469878345498783,0.0,0.0,0.0617591240875912,0.0073917274939172,0.0020024330900243,0.0788880778588807,0.0011313868613138
2014-09-17 19:00:00,0.3224545454545454,0.059014799154334,0.0340443974630021,0.0,0.0,0.081536997885835,0.0069809725158562,0.0020972515856236,0.0,0.0028329809725158
2014-09-17 20:00:00,0.4384861111111111,0.0966828703703703,0.0322592592592592,0.0,0.0,0.0789166666666666,0.0141180555555555,0.002261574074074,0.0856851851851851,0.000699074074074
2014-09-17 21:00:00,0.3881579961464354,0.1180616570327553,0.0333603082851637,0.0,4.046242774566474e-05,0.0652350674373795,0.0145472061657032,0.0134547206165703,0.0,0.0007398843930635
2014-09-17 22:00:00,0.2507694174757282,0.0619126213592233,0.0281043689320388,0.0,0.0,0.0164368932038834,0.0076844660194174,0.0023179611650485,0.0,0.0006771844660194
2014-09-17 23:00:00,0.1784556074766355,0.068161214953271,0.0322266355140186,0.0,0.0,0.0039696261682242,0.0065934579439252,0.0023130841121495,0.0,0.0007546728971962
2014-09-18 00:00:00,0.2182512315270936,0.1136699507389162,0.030115763546798,0.0,0.0,0.0039655172413793,0.0082118226600985,0.0023152709359605,0.0,0.000783251231527
2014-09-18 01:00:00,0.1857344110854503,0.0774087759815242,0.0290646651270207,0.0,0.0,0.003960739030023,0.0085981524249422,0.0025219399538106,0.0,0.0008198614318706
2014-09-18 02:00:00,0.1795180722891566,0.063412048192771,0.0246168674698795,0.0,0.0,0.0039686746987951,0.0074506024096385,0.0024481927710843,0.0,0.0008
2014-09-18 03:00:00,0.1925195121951219,0.0771195121951219,0.0246634146341463,0.0,0.0,0.003960975609756,0.0066439024390243,0.0025682926829268,0.0,0.0008170731707317
2014-09-18 04:00:00,0.2154738095238095,0.1057095238095238,0.0314428571428571,0.0,0.0,0.0039714285714285,0.0073142857142857,0.0022357142857142,0.0,0.0007238095238095
2014-09-18 05:00:00,0.19257793764988,0.0851846522781774,0.0296115107913669,0.0,0.0,0.0039616306954436,0.0072494004796163,0.0021175059952038,0.0,0.0006187050359712
2014-09-18 06:00:00,0.3895605700712589,0.0607482185273159,0.0377695961995249,0.0,0.0,0.0082684085510688,0.008729216152019,0.0020332541567695,0.1803254156769596,0.0005700712589073
2014-09-18 07:00:00,0.2235067567567567,0.0630472972972973,0.0319932432432432,0.0,0.0,0.0291373873873873,0.0066936936936936,0.002027027027027,0.0051891891891891,0.0004662162162162
2014-09-18 08:00:00,0.2464087591240876,0.1061338199513381,0.0319756690997566,0.0,0.0,0.0301386861313868,0.0063333333333333,0.0021411192214111,0.0,0.0004695863746958
2014-09-18 09:00:00,0.2666363636363636,0.0987990430622009,0.0327775119617224,0.0,0.0,0.0296674641148325,0.0070191387559808,0.0023660287081339,0.0432990430622009,0.000700956937799
2014-09-18 10:00:00,0.1914671532846715,0.0663868613138686,0.0274452554744525,0.0,0.0,0.0294428223844282,0.0078953771289537,0.0023381995133819,0.0,0.0007299270072992
2014-09-18 11:00:00,0.1810849056603773,0.0601745283018868,0.0311155660377358,0.0,0.0,0.0118254716981132,0.0069127358490566,0.0023584905660377,0.0,0.0007735849056603
2014-09-18 12:00:00,0.3125817307692308,0.0966177884615384,0.030576923076923,0.0,0.0,0.0143076923076923,0.0069927884615384,0.002045673076923,0.0916346153846153,0.0005168269230769
2014-09-18 13:00:00,0.2393934010152284,0.1049314720812182,0.0350736040609137,0.0,0.0,0.0200025380710659,0.0070203045685279,0.0020609137055837,0.0,0.0005101522842639
2014-09-18 14:00:00,0.6821703703703704,0.0611901234567901,0.0456913580246913,0.0,0.0,0.0207629629629629,0.0086592592592592,0.0020197530864197,0.0,0.0004839506172839
2014-09-18 15:00:00,0.9887898383371824,0.0804457274826789,0.0372332563510392,0.0,0.0,0.017852193995381,0.0121270207852193,0.0020115473441108,0.0,0.0004087759815242
2014-09-18 16:00:00,0.9608623188405796,0.1201618357487922,0.0331642512077294,0.0,0.0,0.012487922705314,0.0101111111111111,0.0020024154589371,0.0,0.000415458937198
2014-09-18 17:00:00,0.285121761658031,0.066300518134715,0.0473626943005181,0.0,1.813471502590673e-05,0.0153264248704663,0.007261658031088,0.0314145077720207,0.0,0.0004533678756476
2014-09-18 18:00:00,1.0072641509433962,0.0859198113207547,0.031441037735849,0.0,0.0,0.0815283018867924,0.0078231132075471,0.002004716981132,0.0827641509433962,0.0003608490566037
2014-09-18 19:00:00,0.7138688118811881,0.1123019801980198,0.0266782178217821,0.0,0.0,0.0793514851485148,0.0062301980198019,0.0020049504950495,0.0,0.0003465346534653
2014-09-18 20:00:00,0.4074392523364485,0.056572429906542,0.0279275700934579,0.0,0.0,0.0767429906542056,0.0078084112149532,0.0021378504672897,0.0772383177570093,0.0006588785046728
2014-09-18 21:00:00,0.3254224343675417,0.0550501193317422,0.0284916467780429,0.0,0.0,0.0674057279236276,0.0163054892601431,0.0024295942720763,0.0,0.0008210023866348
2014-09-18 22:00:00,0.2277962962962963,0.1051759259259259,0.0320162037037037,0.0,0.0,0.0039259259259259,0.0098657407407407,0.0023680555555555,0.0,0.0006805555555555
2014-09-18 23:00:00,0.2045544794188862,0.0982227602905569,0.036230024213075,0.0,0.0,0.0039467312348668,0.0078232445520581,0.0026222760290556,0.0,0.0007941888619854
2014-09-19 00:00:00,0.1637048780487805,0.0587975609756097,0.0299560975609756,0.0,0.0,0.0039731707317073,0.0066829268292682,0.002590243902439,0.0,0.0007780487804878
2014-09-19 01:00:00,0.1911875,0.06737,0.031915,0.0,0.0,0.00396,0.0084225,0.0024275,0.0,0.0007199999999999
2014-09-19 02:00:00,0.2179462915601023,0.1018670076726342,0.0289053708439897,0.0,0.0,0.0039462915601023,0.0094296675191815,0.0025780051150895,5.370843989769821e-05,0.0008312020460358
2014-09-19 03:00:00,0.1971061007957559,0.0910159151193634,0.0302758620689655,0.0,0.0,0.0039257294429708,0.0090079575596816,0.0025437665782493,0.0,0.0008381962864721
2014-09-19 04:00:00,0.1604046391752577,0.0549561855670103,0.03125,0.0,0.0,0.0039458762886597,0.0115463917525773,0.0024536082474226,0.0,0.0008247422680412
2014-09-19 05:00:00,0.1699453681710213,0.0521448931116389,0.0315249406175772,0.0,0.0,0.0039881235154394,0.0095083135391923,0.0022565320665083,0.0,0.0006650831353919
2014-09-19 06:00:00,0.4080059760956175,0.0913286852589641,0.0419820717131474,0.0,0.0,0.0089760956175298,0.0079661354581673,0.0020179282868525,0.1505517928286852,0.0005278884462151
2014-09-19 07:00:00,0.26429173693086,0.0961028667790893,0.0353996627318718,0.0,0.0,0.029831365935919,0.0055885328836424,0.0020016863406408,0.0,0.0003878583473861
2014-09-19 08:00:00,0.2050479452054794,0.0617773972602739,0.0419195205479452,0.0,0.0,0.0275856164383561,0.0064246575342465,0.0020239726027397,0.0,0.0003681506849315
2014-09-19 09:00:00,0.212234188034188,0.0580273504273504,0.0413623931623931,0.0,0.0,0.0262888888888888,0.0067367521367521,0.0021606837606837,0.0109264957264957,0.0006034188034188
2014-09-19 10:00:00,0.2798843537414966,0.0724795918367347,0.0350544217687074,0.0,0.0,0.0264931972789115,0.0065442176870748,0.0020833333333333,0.0607006802721088,0.0006003401360544
2014-09-19 11:00:00,0.2238591304347826,0.0982521739130434,0.0336260869565217,0.0,0.0,0.0268817391304347,0.0060260869565217,0.0022139130434782,0.0,0.0007304347826086
2014-09-19 12:00:00,0.2036806282722513,0.0849912739965096,0.0318376963350785,0.0,0.0,0.0042966841186736,0.0074677137870855,0.0022111692844677,0.0,0.0006247818499127
2014-09-19 13:00:00,0.553229020979021,0.0594440559440559,0.0336171328671328,0.0,0.0,0.0118618881118881,0.0065437062937062,0.0020437062937062,0.1087430069930069,0.0005874125874125
2014-09-19 14:00:00,0.1823321799307958,0.0569982698961937,0.033977508650519,0.0,0.0,0.0189377162629757,0.0064031141868512,0.0021003460207612,0.0,0.000576124567474
2014-09-19 15:00:00,1.3793705583756346,0.1012013536379018,0.0299593908629441,0.0,0.0,0.0196142131979695,0.0100575296108291,0.0020406091370558,0.2367918781725888,0.0004483925549915
2014-09-19 16:00:00,1.2841535836177476,0.0952986348122866,0.0372679180887372,0.0,0.0,0.0093839590443686,0.0075034129692832,0.0020802047781569,0.0608378839590443,0.0005972696245733
2014-09-19 17:00:00,0.3402542662116041,0.0587662116040955,0.0434488054607508,0.0,0.0,0.0086348122866894,0.0064010238907849,0.0021757679180887,0.0663617747440273,0.0006433447098976
2014-09-19 18:00:00,0.2123624161073825,0.0589261744966442,0.0370805369127516,0.0,0.0,0.0283036912751677,0.0076996644295302,0.0021711409395973,0.0,0.0006208053691275
2014-09-19 19:00:00,0.2597495826377295,0.1006577629382303,0.0335292153589315,0.0,0.0,0.0153956594323873,0.0055075125208681,0.0024223706176961,0.0,0.0007712854757929
2014-09-19 20:00:00,0.4193079526226734,0.0953434856175973,0.0296548223350253,0.0,0.0,0.0151116751269035,0.025648054145516,0.0022927241962774,0.0,0.0009373942470389
2014-09-19 21:00:00,0.4085830508474576,0.0575593220338983,0.0298440677966101,0.0,0.0002508474576271,0.0578559322033898,0.0197101694915254,0.0021254237288135,0.1002237288135593,0.0005610169491525
2014-09-19 22:00:00,0.8425482695810566,0.0513005464480874,0.0311730418943533,0.0,0.4412932604735883,0.0317213114754098,0.0072185792349726,0.0023096539162112,0.0,0.0007522768670309
2014-09-19 23:00:00,0.3045907335907336,0.1004034749034749,0.0317683397683397,0.0,0.0318436293436293,0.0267683397683397,0.0078146718146718,0.0022953667953667,0.0,0.0007509652509652
2014-09-20 00:00:00,0.230532,0.098338,0.0277579999999999,0.0,0.0,0.020808,0.005854,0.0022519999999999,0.0,0.0007059999999999
2014-09-20 01:00:00,0.1883855140186916,0.0672359813084112,0.02928738317757,0.0,0.0,0.0192663551401869,0.0079369158878504,0.0023247663551401,0.0,0.0007710280373831
2014-09-20 02:00:00,0.1804691943127962,0.057367298578199,0.0324905213270142,0.0,0.0,0.0156540284360189,0.0066350710900473,0.002542654028436,0.0,0.000824644549763
2014-09-20 03:00:00,0.1915813953488372,0.067922480620155,0.0300775193798449,0.0,0.0,0.0064754521963824,0.0068372093023255,0.0026020671834625,0.0,0.0008656330749354
2014-09-20 04:00:00,0.2114502369668246,0.094431279620853,0.0287156398104265,0.0,0.0,0.0039644549763033,0.0064786729857819,0.0024857819905213,0.0,0.0007962085308056
2014-09-20 05:00:00,0.1951435768261964,0.0909899244332493,0.0316801007556675,0.0,0.0,0.0042090680100755,0.006904282115869,0.0021360201511335,0.0,0.0006297229219143
2014-09-20 06:00:00,0.1666477541371158,0.0618959810874704,0.028047281323877,0.0,0.0,0.0040732860520094,0.0075295508274231,0.0021063829787234,0.0,0.000612293144208
2014-09-20 07:00:00,1.2098470588235293,0.0574847058823529,0.0394470588235294,0.0,0.3406870588235294,0.0039411764705882,0.0061482352941176,0.0020588235294117,0.2210305882352941,0.0005247058823529
2014-09-20 08:00:00,2.0153985507246377,0.0780990338164251,0.0498816425120772,0.0,0.0359855072463768,0.0117125603864734,0.0076787439613526,0.0020048309178743,0.1245483091787439,0.0004565217391304
2014-09-20 09:00:00,0.314969387755102,0.0908647959183673,0.034688775510204,0.0,2.806122448979592e-05,0.0039923469387755,0.0078826530612244,0.0092142857142857,0.0,0.0004770408163265
2014-09-20 10:00:00,0.2924595238095238,0.0856952380952381,0.0256119047619047,0.0,0.0,0.0039880952380952,0.0068119047619047,0.0020428571428571,0.0,0.000595238095238
2014-09-20 11:00:00,1.4173413461538462,0.0624615384615384,0.0301514423076923,0.0,0.0,0.0040072115384615,0.0062475961538461,0.0020721153846153,0.0,0.000545673076923
2014-09-20 12:00:00,1.3258402777777778,0.0571921296296296,0.0288935185185185,0.0,0.0,0.0039976851851851,0.0074629629629629,0.0022407407407407,0.0956666666666666,0.0007337962962962
2014-09-20 13:00:00,0.9080047058823528,0.0948094117647058,0.0303317647058823,0.0,0.0,0.0039811764705882,0.0076541176470588,0.0022447058823529,0.0,0.0006517647058823
2014-09-20 14:00:00,1.179663594470046,0.1014239631336405,0.0404101382488479,0.0,0.0,0.0039884792626728,0.0072511520737327,0.0021059907834101,0.0,0.0006612903225806
2014-09-20 15:00:00,0.623526582278481,0.0687367088607595,0.0370025316455696,0.0,0.0,0.0093316455696202,0.0071240506329113,0.0021822784810126,0.0,0.0007164556962025
2014-09-20 16:00:00,0.1784523809523809,0.0576880952380952,0.0313904761904761,0.0,0.0,0.00395,0.0072928571428571,0.0020238095238095,0.0,0.0005380952380952
2014-09-20 17:00:00,0.2051342592592592,0.0849074074074074,0.0321041666666666,0.0,0.0,0.0039467592592592,0.008787037037037,0.0020856481481481,0.0,0.0004583333333333
2014-09-20 18:00:00,0.2862355658198614,0.0929653579676674,0.0278498845265588,0.0,0.0,0.0039445727482678,0.0069953810623556,0.0020623556581986,0.0,0.0005219399538106
2014-09-20 19:00:00,1.5309119638826183,0.078451467268623,0.0386117381489842,0.0,0.0,0.0176749435665914,0.0073837471783295,0.002099322799097,0.1456613995485327,0.0005553047404063
2014-09-20 20:00:00,0.3330844748858447,0.062134703196347,0.0325022831050228,0.0,0.0,0.0527146118721461,0.0168835616438356,0.0022351598173515,0.0,0.000917808219178
2014-09-20 21:00:00,0.3899015151515151,0.0603712121212121,0.0325580808080808,0.0,0.0,0.0471717171717171,0.0320555555555555,0.0024015151515151,0.0,0.0007297979797979
2014-09-20 22:00:00,0.2302405660377358,0.0646014150943396,0.0377311320754717,0.0,0.0,0.0053066037735849,0.0092830188679245,0.0023042452830188,0.0,0.0007476415094339
2014-09-20 23:00:00,0.2048397129186603,0.0873062200956937,0.0350478468899521,0.0,0.0,0.0039760765550239,0.0073803827751196,0.0026315789473684,0.0,0.0008660287081339
2014-09-21 00:00:00,0.2070317848410758,0.0856088019559902,0.034643031784841,0.0,0.0,0.0039853300733496,0.0076136919315403,0.0027848410757946,0.0,0.0008997555012224
2014-09-21 01:00:00,0.1911379310344827,0.0750666666666666,0.024271264367816,0.0,0.0,0.0039793103448275,0.0071609195402298,0.0026850574712643,0.0,0.000871264367816
2014-09-21 02:00:00,0.1683024390243902,0.0608634146341463,0.0160048780487804,0.0,0.0,0.0039731707317073,0.0084048780487804,0.0027682926829268,0.0,0.0009268292682926
2014-09-21 03:00:00,0.1615543766578249,0.054551724137931,0.0205092838196286,0.0,0.0,0.003973474801061,0.0078169761273209,0.0027931034482758,0.0,0.0009098143236074
2014-09-21 04:00:00,0.1678704663212435,0.0523341968911917,0.0298497409326424,0.0,0.0,0.0039766839378238,0.0079792746113989,0.0027668393782383,0.0,0.0009093264248704
2014-09-21 05:00:00,0.1878741092636579,0.0590688836104513,0.034667458432304,0.0,0.0,0.0039714964370546,0.0084560570071258,0.0026793349168646,0.0,0.0008812351543942
2014-09-21 06:00:00,0.2218582089552238,0.0713333333333333,0.0323134328358208,0.0,0.0,0.0138482587064676,0.0079975124378109,0.0025895522388059,0.0351467661691542,0.0008532338308457
2014-09-21 07:00:00,0.4103387850467289,0.0708785046728971,0.0294906542056074,0.0,0.0,0.0960327102803738,0.0067009345794392,0.0020584112149532,0.1560303738317757,0.0006028037383177
2014-09-21 08:00:00,0.1842107728337236,0.0659953161592506,0.0268688524590163,0.0,2.810304449648712e-05,0.0052529274004683,0.0071053864168618,0.0021451990632318,0.0,0.0006135831381733
2014-09-21 09:00:00,0.1899529702970297,0.070759900990099,0.0299282178217821,0.0,0.0,0.0039950495049504,0.0070717821782178,0.0020866336633663,0.0,0.0006163366336633
2014-09-21 10:00:00,0.1960352112676056,0.0750328638497652,0.0312417840375586,0.0,0.0,0.0039953051643192,0.0064014084507042,0.002150234741784,0.0,0.0006619718309859
2014-09-21 11:00:00,0.3264020100502512,0.0688115577889447,0.0283919597989949,0.0,0.0,0.0039949748743718,0.0054698492462311,0.0022462311557788,0.1575979899497487,0.0007035175879396
2014-09-21 12:00:00,0.171984962406015,0.0554937343358395,0.0293884711779448,0.0,0.0,0.004,0.0083458646616541,0.0023734335839599,0.0,0.000781954887218
2014-09-21 13:00:00,0.1676287878787878,0.055550505050505,0.0291868686868686,0.0,0.0,0.0039848484848484,0.0071464646464646,0.0025126262626262,0.0,0.0007828282828282
2014-09-21 14:00:00,0.1773012345679012,0.0724222222222222,0.0237111111111111,0.0,0.0,0.003995061728395,0.0079481481481481,0.0025481481481481,0.0,0.0008049382716049
2014-09-21 15:00:00,0.1870392670157068,0.0859764397905759,0.0204947643979057,0.0,0.0,0.0039895287958115,0.0052643979057591,0.0025732984293193,0.0,0.0008324607329842
2014-09-21 16:00:00,0.1835623529411764,0.0830541176470588,0.0248235294117647,0.0,0.0,0.0039858823529411,0.0076164705882352,0.0023082352941176,0.0,0.000715294117647
2014-09-21 17:00:00,0.1805674418604651,0.0772883720930232,0.0304837209302325,0.0,0.0,0.0039860465116279,0.0061767441860465,0.0022023255813953,0.0,0.0006953488372093
2014-09-21 18:00:00,0.4433516483516483,0.0550461538461538,0.0328263736263736,0.0,9.890109890109888e-05,0.0082593406593406,0.0074747252747252,0.1341494505494505,0.1295142857142857,0.0006043956043956
2014-09-21 19:00:00,0.6035189309576838,0.0569621380846325,0.0501893095768374,0.0,5.34521158129176e-05,0.0337483296213808,0.0067817371937639,0.2127238307349666,0.118316258351893,0.0006703786191536
2014-09-21 20:00:00,0.3590966469428008,0.0463293885601577,0.0392938856015779,0.0,0.0,0.1169408284023668,0.0070473372781065,0.0021084812623274,0.0,0.0009467455621301
2014-09-21 21:00:00,0.2790251716247139,0.0753295194508009,0.0377459954233409,0.0,0.0,0.0486361556064073,0.0060320366132723,0.0024302059496567,0.0,0.000766590389016
2014-09-21 22:00:00,0.1802493887530562,0.0700220048899755,0.0320488997555012,0.0,0.0,0.0039706601466992,0.0075012224938875,0.0026063569682151,0.0,0.0008533007334963
2014-09-21 23:00:00,0.1803784461152882,0.0707218045112782,0.0267142857142857,0.0,0.0,0.0039423558897243,0.0056516290726817,0.0026666666666666,0.0,0.0008796992481203
2014-09-22 00:00:00,0.1869084158415841,0.0701336633663366,0.0289975247524752,0.0,0.0,0.0039777227722772,0.0075841584158415,0.0026559405940594,0.0,0.0008910891089108
2014-09-22 01:00:00,0.1816984126984127,0.0647460317460317,0.0260680272108843,0.0,0.0,0.0039659863945578,0.0070204081632653,0.0026870748299319,0.0,0.0008730158730158
2014-09-22 02:00:00,0.1803783783783784,0.0608873873873873,0.0268063063063063,0.0,0.0,0.0039729729729729,0.0072297297297297,0.0027635135135135,0.0,0.0008986486486486
2014-09-22 03:00:00,0.1740094339622641,0.0562099056603773,0.025375,0.0,0.0,0.0039858490566037,0.0061226415094339,0.0027712264150943,0.0,0.0008726415094339
2014-09-22 04:00:00,0.1718312342569269,0.0562241813602015,0.0225843828715365,0.0,0.0,0.0039622166246851,0.007065491183879,0.0024937027707808,0.0,0.000793450881612
2014-09-22 05:00:00,0.1605012224938875,0.0500709046454767,0.018760391198044,0.0,0.0,0.0039559902200489,0.0079535452322738,0.0022909535452322,0.0,0.0007652811735941
2014-09-22 06:00:00,0.3632884160756501,0.0513144208037825,0.0345531914893617,0.0,0.0,0.0441394799054373,0.0062033096926713,0.0021489361702127,0.1363356973995272,0.0007068557919621
2014-09-22 07:00:00,0.2376611909650924,0.0436878850102669,0.0283613963039014,0.0,0.0,0.0888008213552361,0.007700205338809,0.0021067761806981,0.0,0.0006776180698151
2014-09-22 08:00:00,0.2424181818181818,0.0524863636363636,0.0239204545454545,0.0,0.0,0.091625,0.0066863636363636,0.0020772727272727,0.0,0.0005954545454545
2014-09-22 09:00:00,0.2233598014888337,0.0529627791563275,0.0294615384615384,0.0,0.0,0.0739205955334987,0.0068213399503722,0.0020446650124069,0.0,0.0005831265508684
2014-09-22 10:00:00,0.3279849462365591,0.0624666666666666,0.0324193548387096,0.0,0.0,0.0704860215053763,0.007305376344086,0.0020516129032258,0.1014881720430107,0.0005677419354838
2014-09-22 11:00:00,0.2477990654205607,0.0618341121495327,0.0294696261682242,0.0,0.0,0.0931635514018691,0.0063831775700934,0.0020443925233644,0.0,0.0006121495327102
2014-09-22 12:00:00,0.482292343387471,0.0741577726218097,0.0247401392111368,0.0,0.0,0.0727030162412993,0.0077331786542923,0.0020208816705336,0.1583387470997679,0.0005290023201856
2014-09-22 13:00:00,0.233537558685446,0.0702676056338028,0.0289507042253521,0.0,0.0,0.0719295774647887,0.0075962441314553,0.002056338028169,0.0,0.0005657276995305
2014-09-22 14:00:00,0.2346243902439024,0.0772487804878048,0.0245731707317073,0.0,0.0,0.0682975609756097,0.0073585365853658,0.0020975609756097,0.0,0.0006243902439024
2014-09-22 15:00:00,0.591723880597015,0.0784502487562189,0.0141592039800995,0.0,0.0,0.0802462686567164,0.0079626865671641,0.0020174129353233,0.2923557213930348,0.0005
2014-09-22 16:00:00,1.6869747126436785,0.0644298850574712,0.0261655172413793,0.0,0.0,0.054335632183908,0.0077287356321839,0.0020183908045977,0.0,0.0005931034482758
2014-09-22 17:00:00,0.4253770883054892,0.0546396181384248,0.0327565632458233,0.0,0.0,0.0582410501193317,0.0072195704057279,0.0022195704057279,0.0850310262529833,0.0007183770883054
2014-09-22 18:00:00,0.354474945533769,0.049437908496732,0.0323703703703703,0.0,0.0,0.067078431372549,0.0067668845315904,0.002037037037037,0.0,0.0004945533769063
2014-09-22 19:00:00,0.3914567307692307,0.063920673076923,0.02934375,0.0,0.0,0.0776201923076923,0.0110336538461538,0.0020649038461538,0.0641442307692307,0.0005288461538461
2014-09-22 20:00:00,0.3570422535211268,0.0779084507042253,0.0241666666666666,0.0,0.0,0.0683661971830986,0.0261408450704225,0.0023286384976525,0.0,0.0007746478873239
2014-09-22 21:00:00,0.3644156378600823,0.074335390946502,0.0298518518518518,0.0,0.0,0.0857407407407407,0.019679012345679,0.0023436213991769,0.0,0.0007592592592592
2014-09-22 22:00:00,0.2156342592592592,0.0744976851851852,0.0197222222222222,0.0,0.0,0.0040949074074074,0.0068958333333333,0.0024143518518518,0.0,0.0007546296296296
2014-09-22 23:00:00,0.1967444933920705,0.0716057268722466,0.0256740088105726,0.0,0.0,0.0039515418502202,0.007033039647577,0.0024977973568281,0.0,0.0008105726872246
2014-09-23 00:00:00,0.1716513994910941,0.0665572519083969,0.0293333333333333,0.0,0.0,0.003972010178117,0.0058193384223918,0.0027099236641221,0.0,0.0008956743002544
2014-09-23 01:00:00,0.1672826603325415,0.0559643705463182,0.0291995249406175,0.0,0.0,0.0039786223277909,0.0071733966745843,0.0027244655581947,0.0,0.0012209026128266
2014-09-23 02:00:00,0.2017777777777777,0.0570578703703703,0.0341388888888888,0.0,0.0,0.0039791666666666,0.0063935185185185,0.0027777777777777,0.0,0.0009166666666666
2014-09-23 03:00:00,0.1947169811320754,0.0562429245283018,0.020693396226415,0.0,0.0,0.0053985849056603,0.0069339622641509,0.0027853773584905,0.0,0.000875
2014-09-23 04:00:00,0.1749408740359897,0.0515295629820051,0.0112236503856041,0.0,0.0,0.0054267352185089,0.0079537275064267,0.0024807197943444,0.0,0.0008329048843187
2014-09-23 05:00:00,0.1801985815602836,0.055709219858156,0.0350709219858156,0.0,0.0,0.0039432624113475,0.0065886524822695,0.0022931442080378,0.0,0.0007659574468085
2014-09-23 06:00:00,0.3525522682445759,0.0536844181459566,0.0412366863905325,0.0,0.0,0.003956607495069,0.007404339250493,0.0020670611439842,0.2038422090729783,0.0005581854043392
2014-09-23 07:00:00,0.2083385214007782,0.0670155642023346,0.0291556420233463,0.0,0.0,0.0154007782101167,0.0068579766536964,0.0020252918287937,0.0,0.0004961089494163
2014-09-23 08:00:00,0.1954799154334038,0.0685200845665962,0.0236596194503171,0.0,0.0,0.0079154334038054,0.0072896405919661,0.0020190274841437,0.0,0.0004291754756871
2014-09-23 09:00:00,0.2798852772466539,0.062661567877629,0.0107323135755258,0.0,0.0,0.0310917782026768,0.0075755258126195,0.002038240917782,0.0785506692160611,0.0005086042065009
2014-09-23 10:00:00,0.268813596491228,0.0630394736842105,0.0294868421052631,0.0,0.0,0.0248815789473684,0.0074013157894736,0.0020372807017543,0.0323574561403508,0.0004736842105263
2014-09-23 11:00:00,0.238578947368421,0.0699624060150376,0.0292882205513784,0.0,0.0,0.034390977443609,0.0077919799498746,0.0020225563909774,0.0,0.0004360902255639
2014-09-23 12:00:00,0.2491520190023753,0.0768479809976247,0.0280926365795724,0.0,0.0,0.0040190023752969,0.0057695961995249,0.0020498812351543,0.0445748218527315,0.0005819477434679
2014-09-23 13:00:00,0.236614953271028,0.0649887850467289,0.0315327102803738,0.0,0.0,0.0324392523364486,0.007429906542056,0.0021084112149532,0.0,0.0006411214953271
2014-09-23 14:00:00,0.2289692028985507,0.0590416666666666,0.0209329710144927,0.0,0.0,0.0404710144927536,0.0064673913043478,0.0020978260869565,0.0,0.0006141304347826
2014-09-23 15:00:00,1.1755252918287935,0.0553754863813229,0.0339941634241245,0.0,0.0,0.0402256809338521,0.0084630350194552,0.0020272373540856,0.1031673151750972,0.0004961089494163
2014-09-23 16:00:00,0.6264201877934272,0.0660774647887324,0.0287136150234741,0.0,0.0,0.0267957746478873,0.0071854460093896,0.0020586854460093,0.1238427230046948,0.0016103286384976
2014-09-23 17:00:00,0.2735375854214123,0.0853280182232346,0.0372984054669703,0.0,0.0,0.0080364464692482,0.0070888382687927,0.0475854214123006,0.0,0.0024692482915717
2014-09-23 18:00:00,0.3863289760348584,0.0801220043572984,0.0350065359477124,0.0,0.0,0.0485468409586056,0.0063464052287581,0.0020174291938997,0.0832047930283224,0.0003420479302832
2014-09-23 19:00:00,0.399255369928401,0.0793054892601432,0.0309116945107398,0.0,0.0,0.0634367541766109,0.0137422434367541,0.0020071599045346,0.0762601431980906,0.0004797136038186
2014-09-23 20:00:00,0.3458302325581395,0.0620023255813953,0.0309744186046511,0.0,0.0,0.0234093023255813,0.0255348837209302,0.0022906976744186,0.0,0.0024860465116279
2014-09-23 21:00:00,0.4446649616368286,0.0576470588235294,0.0295063938618925,0.0,2.0460358056265983e-05,0.0069795396419437,0.0359795396419437,0.0068567774936061,0.0533785166240409,0.0006649616368286
2014-09-23 22:00:00,0.2236995305164319,0.0586197183098591,0.034,0.0,2.3474178403755868e-06,0.0152793427230046,0.0114671361502347,0.0025234741784037,0.0,0.0008286384976525
2014-09-23 23:00:00,0.1878356807511736,0.1093802816901408,0.0320962441314554,0.0,0.0,0.0068215962441314,0.0089812206572769,0.0026431924882629,0.0,0.0008521126760563
2014-09-24 00:00:00,0.2005899280575539,0.1330167865707434,0.0314676258992805,0.0,0.0,0.0068896882494004,0.0097386091127098,0.0026810551558753,0.0,0.0008872901678657
2014-09-24 01:00:00,0.1955853658536585,0.148,0.0319667405764966,0.0,0.0,0.006840354767184,0.0100975609756097,0.0027583148558758,0.0,0.0008625277161862
2014-09-24 02:00:00,0.1898449438202247,0.1400179775280899,0.0334337078651685,0.0,0.0,0.0068044943820224,0.0104112359550561,0.0026696629213483,0.0,0.0008651685393258
2014-09-24 03:00:00,0.1830196078431372,0.0,0.0343921568627451,0.0,0.0,0.0068700980392156,0.0079093137254901,0.0025024509803921,0.0,0.000828431372549
2014-09-24 04:00:00,0.1676327014218009,0.125388625592417,0.0331824644549763,0.0,0.0,0.0068578199052132,0.0084691943127962,0.0023649289099526,0.0,0.0010450236966824
2014-09-24 05:00:00,0.176876923076923,0.0435098901098901,0.035621978021978,0.0,0.0,0.0068241758241758,0.007454945054945,0.0023010989010989,0.0,0.0009098901098901
2014-09-24 06:00:00,0.3676066790352504,0.0443209647495361,0.0311317254174397,0.0,0.0,0.0068571428571428,0.0088144712430426,0.0020705009276437,0.1846994434137291,0.0005640074211502
2014-09-24 07:00:00,0.2756145251396648,0.0523668528864059,0.0315716945996275,0.0,0.0,0.0241005586592178,0.0072979515828677,0.0020297951582867,0.0607225325884543,0.0004953445065176
2014-09-24 08:00:00,0.2527959183673469,0.0739591836734693,0.0341725417439703,0.0,0.0,0.0425881261595547,0.0078682745825602,0.0020166975881261,0.0,0.0004322820037105
2014-09-24 09:00:00,0.2544751773049645,0.0700620567375886,0.0341489361702127,0.0,0.0,0.0426400709219858,0.0065691489361702,0.0020035460992907,0.0,0.0004308510638297
2014-09-24 10:00:00,0.3499915397631133,0.0723519458544839,0.0341793570219966,0.0,0.0,0.0406920473773265,0.0083773265651438,0.0020169204737732,0.1154890016920473,0.0003688663282571
2014-09-24 11:00:00,0.7079010067114094,0.0764060402684563,0.0319412751677852,0.0,0.3928120805369127,0.0155402684563758,0.0071879194630872,0.0020134228187919,0.0,0.0004496644295302
2014-09-24 12:00:00,0.2923246977547496,0.0676718480138169,0.0280172711571675,0.0,0.0100725388601036,0.0314507772020725,0.0079343696027633,0.0022193436960276,0.0465198618307426,0.0006943005181347
2014-09-24 13:00:00,0.2299361233480176,0.0541850220264317,0.0180286343612334,0.0,0.0,0.0396960352422907,0.0066079295154185,0.0022180616740088,0.0,0.0006762114537444
2014-09-24 14:00:00,0.2771968680089485,0.0604608501118568,0.0185279642058165,0.0,0.0,0.0178568232662192,0.0073154362416107,0.002234899328859,0.0939082774049217,0.0006442953020134
2014-09-24 15:00:00,0.2736577181208053,0.0570984340044742,0.0366040268456375,0.0,0.0,0.0168232662192393,0.0089977628635346,0.0020939597315436,0.0598545861297539,0.0006174496644295
2014-09-24 16:00:00,0.9479154013015184,0.078704989154013,0.0334902386117136,0.0,0.0,0.0321344902386117,0.0087765726681128,0.0020607375271149,0.0384446854663774,0.0005488069414316
2014-09-24 17:00:00,0.198825221238938,0.0777477876106194,0.0299955752212389,0.0,0.0,0.0040287610619469,0.006966814159292,0.0020907079646017,0.0001991150442477,0.0006991150442477
2014-09-24 18:00:00,0.2921881838074398,0.0750175054704595,0.0337002188183807,0.0,8.096280087527352e-05,0.0323172866520787,0.0079628008752735,0.0020809628008752,0.0513369803063457,0.0005032822757111
2014-09-24 19:00:00,0.3152505353319058,0.0754132762312633,0.0261584582441113,0.0,0.0,0.1117152034261241,0.008085653104925,0.0023211991434689,0.0,0.0007323340471092
2014-09-24 20:00:00,0.3682879120879121,0.0595120879120879,0.0383142857142857,0.0,0.0,0.0990879120879121,0.0092571428571428,0.0022923076923076,0.0531054945054945,0.001221978021978
2014-09-24 21:00:00,0.3476339113680154,0.0542851637764932,0.0285202312138728,0.0,5.780346820809248e-06,0.0705857418111753,0.042757225433526,0.0023583815028901,0.0,0.000805394990366
2014-09-24 22:00:00,0.2882354166666666,0.0588333333333333,0.0223354166666666,0.0,0.0,0.0637770833333333,0.01311875,0.0023645833333333,0.0,0.00075
2014-09-24 23:00:00,0.1656412037037037,0.0573634259259259,0.0267106481481481,0.0,0.0,0.0039976851851851,0.0134189814814814,0.0022731481481481,0.0,0.0007569444444444
2014-09-25 00:00:00,0.1615340659340659,0.0585274725274725,0.0174615384615384,0.0,0.0,0.0039934065934065,0.0050087912087912,0.002454945054945,0.0,0.0008505494505494
2014-09-25 01:00:00,0.1737995337995338,0.0678671328671328,0.0157645687645687,0.0,0.0,0.0039953379953379,0.0069720279720279,0.0025990675990675,0.0,0.0008018648018648
2014-09-25 02:00:00,0.1735809312638581,0.0646917960088691,0.0224878048780487,0.0,0.0,0.004,0.008640798226164,0.0026341463414634,0.0,0.000860310421286
2014-09-25 03:00:00,0.1812368421052631,0.0658114035087719,0.0275219298245614,0.0,0.0,0.0040043859649122,0.0054758771929824,0.0025899122807017,0.0,0.0008508771929824
2014-09-25 04:00:00,0.1885340425531914,0.0663723404255319,0.0295510638297872,0.0,0.0,0.004,0.008731914893617,0.0023127659574468,0.0,0.0007829787234042
2014-09-25 05:00:00,0.1803922902494331,0.0659977324263038,0.0302721088435374,0.0,0.0,0.0039977324263038,0.0052925170068027,0.002079365079365,0.0,0.0006439909297052
2014-09-25 06:00:00,0.3700525252525252,0.0651232323232323,0.0235212121212121,0.0,0.0,0.004030303030303,0.0075353535353535,0.0020666666666666,0.1829939393939394,0.000610101010101
2014-09-25 07:00:00,0.2855584415584415,0.0738849721706864,0.0242319109461966,0.0,0.0,0.0279536178107606,0.0113599257884972,0.0021298701298701,0.0549183673469387,0.0004972170686456
2014-09-25 08:00:00,0.2311092783505154,0.0514639175257732,0.0156886597938144,0.0,2.061855670103093e-06,0.0518185567010309,0.0123134020618556,0.0081298969072164,0.0,0.0005587628865979
2014-09-25 09:00:00,0.2375725490196078,0.0607843137254901,0.0279313725490196,0.0,0.0,0.0515235294117647,0.0126156862745098,0.0020666666666666,0.0,0.000578431372549
2014-09-25 10:00:00,0.3348413654618474,0.0573875502008032,0.0279176706827309,0.0,0.0,0.0430180722891566,0.0106827309236947,0.0020140562248995,0.1163012048192771,0.0005441767068273
2014-09-25 11:00:00,0.2017889344262295,0.0552131147540983,0.0294918032786885,0.0,0.0,0.018686475409836,0.0123258196721311,0.0020553278688524,0.0,0.0005040983606557
2014-09-25 12:00:00,0.3062637130801687,0.0555928270042194,0.0288523206751054,0.0,0.0,0.0040400843881856,0.0124725738396624,0.0111371308016877,0.1127447257383966,0.0006540084388185
2014-09-25 13:00:00,0.3142443064182195,0.078343685300207,0.0317101449275362,0.0,0.0,0.0297681159420289,0.0081884057971014,0.0020931677018633,0.0924389233954451,0.0005921325051759
2014-09-25 14:00:00,0.4475572815533981,0.0827844660194174,0.0244912621359223,0.0,0.0082970873786407,0.0413087378640776,0.0087417475728155,0.0020252427184466,0.0843203883495145,0.0005067961165048
2014-09-25 15:00:00,1.7378117154811716,0.0816150627615062,0.0260983263598326,0.0,0.0,0.0408326359832636,0.0104456066945606,0.0020062761506276,0.0,0.0003389121338912
2014-09-25 16:00:00,1.6488354978354978,0.074,0.0348246753246753,0.0,6.493506493506494e-06,0.0313225108225108,0.0095,0.0447489177489177,0.0,0.0003852813852813
2014-09-25 17:00:00,0.7703932346723044,0.0571310782241014,0.0352262156448202,0.0,0.0,0.0050042283298097,0.0130422832980972,0.002,0.1096532769556025,0.0007061310782241
2014-09-25 18:00:00,0.3243515151515151,0.0539878787878787,0.0345434343434343,0.0,0.0,0.0403757575757575,0.0378585858585858,0.002010101010101,0.0,0.0003515151515151
2014-09-25 19:00:00,0.4077237687366167,0.0626916488222698,0.0368436830835117,0.0,0.0,0.0458072805139186,0.0265995717344753,0.0021970021413276,0.0,0.037695931477516
2014-09-25 20:00:00,0.3809326732673267,0.083239603960396,0.0379623762376237,0.0,0.0,0.0266415841584158,0.0477544554455445,0.0020653465346534,0.0,0.0111049504950495
2014-09-25 21:00:00,0.4193081632653061,0.0792306122448979,0.0478918367346938,0.0,0.0,0.0520489795918367,0.0367265306122449,0.0021571428571428,0.0916306122448979,0.000634693877551
2014-09-25 22:00:00,0.2392670565302144,0.0769707602339181,0.0361423001949317,0.0,0.0,0.0230896686159844,0.0131286549707602,0.0024970760233918,0.0,0.0007641325536062
2014-09-25 23:00:00,0.156943231441048,0.0619126637554585,0.0310305676855895,0.0,0.0,0.0042751091703056,0.0130851528384279,0.0023820960698689,0.0,0.0007794759825327
2014-09-26 00:00:00,0.1400278372591006,0.0581134903640256,0.0282077087794432,0.0,0.0,0.0039871520342612,0.0130877944325481,0.0022119914346895,0.0,0.0007173447537473
2014-09-26 01:00:00,0.145436974789916,0.0581428571428571,0.0311806722689075,0.0,0.0,0.0039936974789915,0.0131113445378151,0.0022289915966386,0.0,0.0007310924369747
2014-09-26 02:00:00,0.1636236323851203,0.0724901531728665,0.0307396061269146,0.0,0.0,0.0039978118161925,0.0131137855579868,0.0023326039387308,0.0,0.0007461706783369
2014-09-26 03:00:00,0.1729955752212389,0.0817455752212389,0.030858407079646,0.0,0.0,0.0039955752212389,0.0130907079646017,0.0022787610619469,0.0,0.0007190265486725
2014-09-26 04:00:00,0.1670085836909871,0.0835257510729613,0.0307660944206008,0.0,0.0,0.0039978540772532,0.0094120171673819,0.0022124463519313,0.0,0.0007553648068669
2014-09-26 05:00:00,0.154232967032967,0.0717406593406593,0.0366813186813186,0.0,0.0,0.0039934065934065,0.008276923076923,0.0022593406593406,0.0,0.0007362637362637
2014-09-26 06:00:00,1.8856201232032848,0.0568049281314168,0.0306878850102669,0.0,0.2209876796714579,0.0551724845995893,0.0090492813141683,0.0020225872689938,0.1531581108829569,0.0005133470225872
2014-09-26 07:00:00,0.439810650887574,0.0587593688362919,0.0371794871794871,0.0,0.0826587771203155,0.1045207100591715,0.0044595660749506,0.0020355029585798,0.0,0.0005660749506903
2014-09-26 08:00:00,0.2450670995670995,0.0538095238095238,0.031525974025974,0.0,0.0,0.1097380952380952,0.0076839826839826,0.0020064935064935,0.0,0.0005064935064935
2014-09-26 09:00:00,0.4595761589403974,0.0786600441501103,0.0285849889624724,0.0,0.1692935982339956,0.0764724061810154,0.0078896247240618,0.0020353200883002,0.0714657836644591,0.0004900662251655
2014-09-26 10:00:00,0.6664967032967033,0.0804043956043956,0.0302351648351648,0.0,0.4208945054945055,0.0602043956043956,0.0078417582417582,0.0020021978021978,0.0,0.0003538461538461
2014-09-26 11:00:00,0.3257569892473118,0.0896129032258064,0.0307010752688172,0.0,0.0,0.0763311827956989,0.013105376344086,0.0321397849462365,0.0670193548387096,0.0004387096774193
2014-09-26 12:00:00,0.2735787321063395,0.0649877300613497,0.0319059304703476,0.0,0.0,0.0714478527607362,0.013443762781186,0.0020368098159509,0.0594458077709611,0.0004969325153374
2014-09-26 13:00:00,0.8361487279843444,0.0579823874755381,0.0373091976516634,0.0,0.5063131115459882,0.0539197651663405,0.0146908023483365,0.002050880626223,0.1095127201565557,0.0005009784735812
2014-09-26 14:00:00,0.4292289156626506,0.0561987951807228,0.0323273092369477,0.0,0.2397550200803213,0.0427289156626506,0.0136907630522088,0.0020582329317269,0.0,0.0006064257028112
2014-09-26 15:00:00,1.3698053278688525,0.0908196721311475,0.0419938524590163,0.0,0.0806741803278688,0.0566229508196721,0.0140102459016393,0.0020184426229508,0.1141106557377049,0.0004180327868852
2014-09-26 16:00:00,1.3806501035196688,0.0944016563146998,0.046391304347826,0.0,0.0,0.0547846790890269,0.0143416149068322,0.0198612836438923,0.0,0.0004948240165631
2014-09-26 17:00:00,2.6341984585741813,0.0797707129094412,0.0489633911368015,0.0,1.1560693641618496e-05,0.0228227360308285,0.0151714836223506,0.0409460500963391,0.1657822736030828,0.000626204238921
2014-09-26 18:00:00,0.6837255319148936,0.0637,0.0483255319148936,0.0,0.0,0.0040127659574468,0.0154212765957446,0.0020170212765957,0.0438510638297872,0.0004021276595744
2014-09-26 19:00:00,0.6250311203319502,0.0590228215767634,0.0452406639004149,0.0,0.0,0.0040954356846473,0.0155414937759336,0.0020975103734439,0.0,0.0006576763485477
2014-09-26 20:00:00,0.3107773195876289,0.0639443298969072,0.0425567010309278,0.0,0.0,0.0040309278350515,0.0154350515463917,0.0023422680412371,0.0,0.0007092783505154
2014-09-26 21:00:00,0.2556283524904215,0.0865996168582375,0.0450785440613026,0.0,0.0,0.0040363984674329,0.0146340996168582,0.0023180076628352,0.0,0.001243295019157
2014-09-26 22:00:00,0.1972222222222222,0.0754926624737945,0.0412327044025157,0.0,0.0,0.0040146750524109,0.0130817610062893,0.002167714884696,0.0,0.0006876310272536
2014-09-26 23:00:00,0.1792236842105263,0.0721842105263158,0.0382785087719298,0.0,0.0,0.0040197368421052,0.0131425438596491,0.0020986842105263,0.0,0.0006293859649122
2014-09-27 00:00:00,0.1840544747081712,0.0710194552529182,0.0399280155642023,0.0,0.0,0.0040408560311284,0.0131284046692607,0.0021712062256809,0.0,0.0006867704280155
2014-09-27 01:00:00,0.1742373225152129,0.0637221095334685,0.0323326572008113,0.0,0.0,0.0040385395537525,0.0134097363083164,0.0026186612576064,0.0,0.0008336713995943
2014-09-27 02:00:00,0.1644020618556701,0.0552164948453608,0.0299938144329896,0.0,0.0,0.0040474226804123,0.0131505154639175,0.0028061855670103,0.0,0.0009072164948453
2014-09-27 03:00:00,0.160324074074074,0.0534074074074074,0.0255625,0.0,0.0,0.0040439814814814,0.0101296296296296,0.0028379629629629,0.0,0.0009004629629629
2014-09-27 04:00:00,0.169060606060606,0.0568679653679653,0.0254415584415584,0.0,0.0,0.0041926406926406,0.0077099567099567,0.002556277056277,0.0,0.0008333333333333
2014-09-27 05:00:00,0.5989299781181618,0.0534638949671772,0.029199124726477,0.0,0.0,0.004234135667396,0.0071400437636761,0.0023347921225382,0.0,0.0007746170678336
2014-09-27 06:00:00,0.498282982791587,0.047378585086042,0.0363059273422562,0.0,0.0,0.0040458891013384,0.0068585086042065,0.0020917782026768,0.2690611854684512,0.0350707456978967
2014-09-27 07:00:00,1.9735217391304347,0.0621391304347826,0.0450043478260869,0.0,0.0,0.004045652173913,0.0072739130434782,0.0020499999999999,0.3493608695652174,0.0
2014-09-27 08:00:00,1.224304255319149,0.0673212765957446,0.0268702127659574,0.0,0.0,0.0040212765957446,0.0082723404255319,0.0021595744680851,0.0,0.0
2014-09-27 09:00:00,1.0982805139186296,0.0669057815845824,0.0225674518201284,0.0,0.0,0.0040428265524625,0.0065032119914346,0.0021755888650963,0.0,0.0
2014-09-27 10:00:00,1.4166780821917808,0.0689337899543379,0.0223333333333333,0.0,0.0,0.0040981735159817,0.0150228310502283,0.0022100456621004,0.3351689497716895,0.0
2014-09-27 11:00:00,0.4012016985138004,0.0712144373673036,0.0362165605095541,0.0,0.0,0.0040297239915074,0.0287791932059447,0.0024309978768577,0.1541507430997876,0.0
2014-09-27 12:00:00,0.1704094827586207,0.0770991379310344,0.0244116379310344,0.0,0.0,0.0040064655172413,0.0082780172413793,0.0022068965517241,0.0,0.0
2014-09-27 13:00:00,0.2724314115308151,0.0742703777335984,0.0314274353876739,0.0,0.0,0.0040119284294234,0.0097375745526838,0.0695705765407554,0.0,0.0
2014-09-27 14:00:00,0.1608634064080944,0.0586762225969645,0.0311315345699831,0.0,0.0,0.0040134907251264,0.0100860033726812,0.0022951096121416,0.0,0.0
2014-09-27 15:00:00,0.6573202479338843,0.061840909090909,0.0285371900826446,0.0,0.0002128099173553,0.0040020661157024,0.0143161157024793,0.0723037190082644,0.0,0.0
2014-09-27 16:00:00,1.0298950892857142,0.0542098214285714,0.040046875,0.0,1.5625e-05,0.004,0.0212857142857142,0.0270089285714285,0.0,0.0
2014-09-27 17:00:00,1.3044495726495726,0.0820666666666666,0.068442735042735,0.0,3.247863247863248e-05,0.0042068376068376,0.0366752136752136,0.0123726495726495,0.0,0.0002820512820512
2014-09-27 18:00:00,0.6283128491620111,0.0841024208566108,0.0456610800744879,0.0,0.0,0.0040335195530726,0.0160856610800744,0.0020577281191806,0.0769459962756052,0.0006201117318435
2014-09-27 19:00:00,0.3478277404921699,0.0770447427293064,0.0474675615212527,0.0,0.0,0.0040290827740492,0.0252013422818791,0.002248322147651,0.0401700223713646,0.0007225950782997
2014-09-27 20:00:00,0.3326737288135593,0.0710211864406779,0.0423622881355932,0.0,0.0,0.0042669491525423,0.0392161016949152,0.0020021186440677,0.0,0.0006991525423728
2014-09-27 21:00:00,0.2316547368421052,0.0541621052631579,0.0445747368421052,0.0,0.0,0.0040378947368421,0.0067031578947368,0.0021810526315789,0.0,0.0006505263157894
2014-09-27 22:00:00,0.1678520084566596,0.0570401691331923,0.0301733615221987,0.0,0.0,0.0040359408033826,0.0092854122621564,0.0023657505285412,0.0,0.0007484143763213
2014-09-27 23:00:00,0.1696799116997792,0.0527637969094922,0.0291964679911699,0.0,0.0,0.0040353200883002,0.0091456953642384,0.0024260485651214,0.0,0.0008013245033112
2014-09-28 00:00:00,0.203519587628866,0.0817546391752577,0.0335175257731958,0.0,0.0,0.0040164948453608,0.0085628865979381,0.0023113402061855,0.0,0.0007422680412371
2014-09-28 01:00:00,0.1985526315789473,0.0830404858299595,0.0382206477732793,0.0,0.0,0.0041700404858299,0.0083218623481781,0.0023987854251012,0.0,0.0008097165991902
2014-09-28 02:00:00,0.1871530398322851,0.0807631027253668,0.0359098532494759,0.0,0.0,0.0040230607966457,0.0100188679245283,0.002524109014675,0.0,0.0008134171907756
2014-09-28 03:00:00,0.1864934497816593,0.0728799126637554,0.0331069868995633,0.0,0.0,0.0042205240174672,0.0082227074235807,0.0026812227074235,0.0,0.0008449781659388
2014-09-28 04:00:00,0.180532751091703,0.0564323144104803,0.037150655021834,0.0,0.0,0.0043013100436681,0.0089497816593886,0.0025633187772925,0.0,0.0009213973799126
2014-09-28 05:00:00,0.194230277185501,0.0560170575692963,0.0355778251599147,0.0,0.0,0.0040341151385927,0.0081876332622601,0.0022260127931769,0.0,0.0007185501066098
2014-09-28 06:00:00,0.2133713692946058,0.0517966804979253,0.0318153526970954,0.0,0.0,0.0041680497925311,0.0068755186721991,0.0023443983402489,0.0413236514522821,0.0007925311203319
2014-09-28 07:00:00,0.9310292134831462,0.0790516853932584,0.0342404494382022,0.0,0.0,0.0040606741573033,0.0072808988764044,0.0020606741573033,0.1787977528089887,0.0006044943820224
2014-09-28 08:00:00,0.6798278008298755,0.0772863070539419,0.0313547717842323,0.0,0.0,0.0033236514522821,0.0098547717842323,0.0020352697095435,0.0662551867219917,0.000460580912863
2014-09-28 09:00:00,0.9667895878524946,0.0811778741865509,0.0251279826464208,0.0,0.0,0.0032754880694143,0.0099262472885032,0.002058568329718,0.0,0.0004902386117136
2014-09-28 10:00:00,0.8664148936170212,0.0819914893617021,0.0277574468085106,0.0,0.0,0.0032553191489361,0.0087297872340425,0.002063829787234,0.0,0.0005808510638297
2014-09-28 11:00:00,0.6906522727272727,0.0610431818181818,0.0270818181818181,0.0,0.0,0.0032363636363636,0.008265909090909,0.0021363636363636,0.0,0.0006090909090909
2014-09-28 12:00:00,0.1543304347826087,0.0556065217391304,0.0292978260869565,0.0,0.0,0.005195652173913,0.0101673913043478,0.0022217391304347,0.0,0.0006673913043478
2014-09-28 13:00:00,0.2630485651214128,0.0757218543046357,0.0316335540838852,0.0,0.0,0.0427814569536423,0.0125143487858719,0.0023995584988962,0.0599735099337748,0.0007064017660044
2014-09-28 14:00:00,0.2254870259481038,0.1115409181636726,0.0310938123752495,0.0,0.0,0.0127764471057884,0.0128562874251497,0.0024051896207584,0.0,0.0007604790419161
2014-09-28 15:00:00,0.3186761710794297,0.0741955193482688,0.039254582484725,0.0,0.0,0.0417556008146639,0.0130794297352342,0.0023075356415478,0.1233584521384928,0.0007393075356415
2014-09-28 16:00:00,0.2346909090909091,0.0600060606060606,0.0322282828282828,0.0,0.0,0.0751595959595959,0.0129272727272727,0.0021515151515151,0.0,0.0006363636363636
2014-09-28 17:00:00,0.431838775510204,0.079169387755102,0.0373755102040816,0.0,0.0,0.0633469387755102,0.0126163265306122,0.0020775510204081,0.188238775510204,0.0005326530612244
2014-09-28 18:00:00,0.4050433070866142,0.101003937007874,0.0332086614173228,0.0,0.0,0.0947165354330708,0.0129507874015748,0.002003937007874,0.0,0.0003602362204724
2014-09-28 19:00:00,0.3723809523809524,0.0745734989648033,0.0312463768115942,0.0,0.0,0.0820931677018633,0.0130579710144927,0.0021242236024844,0.0,0.0005548654244306
2014-09-28 20:00:00,0.4421482965931864,0.0581643286573146,0.032815631262525,0.0,0.0,0.0906693386773547,0.0130901803607214,0.0022104208416833,0.1096673346693386,0.0008296593186372
2014-09-28 21:00:00,0.2532727272727272,0.0612282828282828,0.0277171717171717,0.0,0.0,0.0678848484848484,0.0131151515151515,0.0022080808080808,0.0,0.0006545454545454
2014-09-28 22:00:00,0.1948475991649269,0.0961022964509394,0.0277014613778705,0.0,0.0,0.0039874739039665,0.0130709812108559,0.0020772442588726,0.0,0.0005553235908141
2014-09-28 23:00:00,0.2024202247191011,0.0919595505617977,0.0308,0.0,0.0,0.0039640449438202,0.0131191011235955,0.0024831460674157,0.0,0.0008449438202247
2014-09-29 00:00:00,0.1895313131313131,0.0760222222222222,0.0318666666666666,0.0,0.0,0.0039777777777777,0.0131494949494949,0.0027191919191919,0.0,0.0008727272727272
2014-09-29 01:00:00,0.1707157894736842,0.0592315789473684,0.0284147368421052,0.0,0.0,0.0039684210526315,0.0131010526315789,0.0026294736842105,0.0,0.0008357894736842
2014-09-29 02:00:00,0.1543734693877551,0.0556061224489795,0.0232816326530612,0.0,0.0,0.0039734693877551,0.0131306122448979,0.0026775510204081,0.0,0.0008285714285714
2014-09-29 03:00:00,0.2051304347826087,0.0697826086956521,0.0818913043478261,0.0,0.0,0.004,0.013141304347826,0.0027608695652173,0.0,0.0007608695652173
2014-09-29 04:00:00,0.1767929759704251,0.0897227356746765,0.0227301293900184,0.0,0.0,0.003988909426987,0.0130887245841035,0.0024085027726432,0.0,0.000807763401109
2014-09-29 05:00:00,0.1745509761388286,0.0854533622559652,0.0212125813449023,0.0,0.0,0.0039913232104121,0.0130976138828633,0.0021648590021691,0.0,0.0005466377440347
2014-09-29 06:00:00,0.314704641350211,0.0577426160337552,0.0399177215189873,0.0,0.0,0.0039789029535864,0.0129978902953586,0.0020506329113924,0.1341624472573839,0.0005759493670886
2014-09-29 07:00:00,0.2368835341365462,0.0579538152610441,0.0311164658634538,0.0,0.0,0.0393152610441767,0.013082329317269,0.0020401606425702,0.0,0.0003895582329317
2014-09-29 08:00:00,0.1937263157894737,0.0593115789473684,0.0271178947368421,0.0,0.0,0.0034,0.0130715789473684,0.0022021052631578,0.0,0.0006694736842105
2014-09-29 09:00:00,0.2122673913043478,0.0887826086956521,0.0247804347826086,0.0,0.0,0.0033043478260869,0.0130891304347826,0.0021586956521739,0.0,0.0006652173913043
2014-09-29 10:00:00,0.2144346978557505,0.0965263157894736,0.0299454191033138,0.0,0.0,0.0032962962962962,0.0131111111111111,0.0020467836257309,0.0,0.0004834307992202
2014-09-29 11:00:00,0.2505483091787439,0.0782657004830918,0.0303502415458937,0.0,0.0,0.0064202898550724,0.0130700483091787,0.0021787439613526,0.0573743961352656,0.0005990338164251
2014-09-29 12:00:00,0.2377489795918367,0.0551979591836734,0.0304265306122448,0.0,0.0,0.0811510204081632,0.0130938775510204,0.0023714285714285,0.0,0.000734693877551
2014-09-29 13:00:00,0.4233223140495868,0.0571652892561983,0.030198347107438,0.0,0.0,0.0693161157024793,0.0130640495867768,0.0021012396694214,0.2031177685950413,0.0005392561983471
2014-09-29 14:00:00,0.7853486055776893,0.1208864541832669,0.0329402390438247,0.0,0.0,0.0536713147410358,0.013105577689243,0.0020258964143426,0.0,0.0004741035856573
2014-09-29 15:00:00,1.0898,0.0862183486238532,0.0274348623853211,0.0,0.0,0.0549688073394495,0.0130642201834862,0.0020220183486238,0.0,0.0004348623853211
2014-09-29 16:00:00,1.030325581395349,0.0544249471458773,0.0395517970401691,0.0,0.0,0.0614926004228329,0.0224735729386892,0.0020253699788583,0.0,0.0004101479915433
2014-09-29 17:00:00,1.917132075471698,0.1010471698113207,0.0480075471698113,0.0,0.0,0.0531188679245283,0.013054716981132,0.0020490566037735,0.1422641509433962,0.0005188679245283
2014-09-29 18:00:00,0.5523696098562628,0.103917864476386,0.0393511293634496,0.0,0.0,0.0704989733059548,0.0130246406570841,0.0020205338809034,0.1724086242299794,0.0003470225872689
2014-09-29 19:00:00,0.3777365010799136,0.0640518358531317,0.0292764578833693,0.0,0.0,0.0978876889848812,0.0130475161987041,0.0021468682505399,0.0,0.0006630669546436
2014-09-29 20:00:00,0.3702016806722689,0.0639012605042016,0.0352142857142857,0.0,0.0,0.0736680672268907,0.0296995798319327,0.0023781512605042,0.0506869747899159,0.0049453781512605
2014-09-29 21:00:00,0.3321142857142857,0.1099653061224489,0.0415061224489795,0.0,0.0,0.0407163265306122,0.0293836734693877,0.0023653061224489,0.0,0.000734693877551
2014-09-29 22:00:00,0.261168085106383,0.0859212765957446,0.0382404255319148,0.0,0.0,0.0074617021276595,0.0130595744680851,0.0020574468085106,0.0,0.0004851063829787
2014-09-29 23:00:00,0.1816170634920635,0.0590039682539682,0.0293730158730158,0.0,0.0,0.0059722222222222,0.0130535714285714,0.0021091269841269,0.0,0.0006011904761904
2014-09-30 00:00:00,0.1571502242152466,0.0620358744394618,0.0265650224215246,0.0,0.0,0.0036726457399103,0.0127466367713004,0.0022668161434977,0.0,0.000719730941704
2014-09-30 01:00:00,0.1966116910229645,0.0973319415448851,0.0295887265135699,0.0,0.0,0.0035031315240083,0.0087286012526096,0.0024530271398747,0.0,0.0008100208768267
2014-09-30 02:00:00,0.1976214442013129,0.0912603938730853,0.0289496717724288,0.0,0.0,0.0035667396061269,0.0124485776805251,0.0026017505470459,0.0,0.000851203501094
2014-09-30 03:00:00,0.1743983050847457,0.0654978813559322,0.0306165254237288,0.0,0.0,0.0039364406779661,0.0105,0.0026016949152542,0.0,0.0008347457627118
2014-09-30 04:00:00,0.1606905737704917,0.0583299180327868,0.0322991803278688,0.0,0.0,0.0035266393442622,0.0099897540983606,0.0024446721311475,0.0,0.0011700819672131
2014-09-30 05:00:00,0.8213787575150301,0.0517835671342685,0.0315350701402805,0.0,0.0,0.0033867735470941,0.0109519038076152,0.0020781563126252,0.1297635270541082,0.0005511022044088
2014-09-30 06:00:00,0.7138754578754579,0.0779358974358974,0.0304139194139194,0.0,0.3792271062271062,0.0154157509157509,0.0062985347985347,0.0020494505494505,0.0956208791208791,0.0005054945054945
2014-09-30 07:00:00,0.2989144602851324,0.0825824847250509,0.0276415478615071,0.0,0.0260733197556008,0.0266741344195519,0.007478615071283,0.0020427698574338,0.0,0.0004704684317718
2014-09-30 08:00:00,0.2192594810379241,0.0819161676646706,0.0286586826347305,0.0,0.0,0.0267485029940119,0.0085568862275449,0.0020239520958083,7.984031936127744e-06,0.0005089820359281
2014-09-30 09:00:00,0.3493645418326693,0.0622569721115537,0.0277270916334661,0.0,0.0,0.0671354581673306,0.0130796812749003,0.0020239043824701,0.0997171314741035,0.0005737051792828
2014-09-30 10:00:00,0.2151864077669903,0.0538485436893203,0.0297902912621359,0.0,0.0,0.0372271844660194,0.0130854368932038,0.0020058252427184,0.0,0.0005029126213592
2014-09-30 11:00:00,0.2587749077490775,0.0524557195571955,0.0286309963099631,0.0,0.0,0.0162785977859778,0.0130332103321033,0.0020239852398523,0.086780442804428,0.0005313653136531
2014-09-30 12:00:00,0.6191610738255033,0.091236577181208,0.0306258389261744,0.0,0.2554765100671141,0.0081895973154362,0.0130721476510067,0.0020436241610738,0.0997147651006711,0.0005033557046979
2014-09-30 13:00:00,0.5629533333333334,0.0970166666666666,0.02628,0.0,0.2319533333333333,0.0421133333333333,0.0130433333333333,0.0020466666666666,0.0,0.0005133333333333
2014-09-30 14:00:00,0.5585831932773109,0.0722873949579832,0.0212050420168067,0.0,0.1535394957983193,0.0409428571428571,0.0130773109243697,0.0020218487394957,0.0,0.0004941176470588
2014-09-30 15:00:00,1.0811226890756302,0.05650756302521,0.0274218487394957,0.0,0.0,0.0424067226890756,0.0130672268907563,0.0020470588235294,0.0,0.0004957983193277
2014-09-30 16:00:00,0.8735202558635394,0.0756737739872068,0.0261599147121535,0.0,0.0,0.0288272921108742,0.0130682302771855,0.0020405117270788,0.0,0.0004413646055437
2014-09-30 17:00:00,0.3770783898305084,0.0972118644067796,0.0452055084745762,0.0,8.47457627118644e-06,0.0040148305084745,0.0130529661016949,0.023207627118644,0.0,0.0004830508474576
2014-09-30 18:00:00,0.3577034632034632,0.0820995670995671,0.0389632034632034,0.0,0.0,0.0206255411255411,0.01304329004329,0.0020108225108225,0.0874653679653679,0.0032402597402597
2014-09-30 19:00:00,0.2958974358974359,0.0574423076923076,0.0301111111111111,0.0,0.0,0.0468226495726495,0.013025641025641,0.0021367521367521,0.0,0.0080042735042735
2014-09-30 20:00:00,0.3187708779443255,0.0549464668094218,0.0263447537473233,0.0,0.0,0.0130770877944325,0.0440406852248394,0.0021798715203426,0.0,0.008017130620985
2014-09-30 21:00:00,0.6955094339622641,0.0847484276729559,0.028712788259958,0.0,0.3615324947589098,0.0624297693920335,0.0367735849056603,0.0021153039832285,0.0,0.002125786163522
2014-09-30 22:00:00,0.7062079646017699,0.0538650442477876,0.0293141592920354,0.0,0.3922300884955752,0.0788672566371681,0.025108407079646,0.002146017699115,0.0,0.0005973451327433
2014-09-30 23:00:00,0.2897955555555555,0.0935311111111111,0.0242533333333333,0.0,0.0240355555555555,0.0341333333333333,0.0131711111111111,0.0022444444444444,0.0,0.0006711111111111
2014-10-01 00:00:00,0.1735298013245033,0.0713134657836644,0.0266953642384105,0.0,0.0,0.0069426048565121,0.0132008830022075,0.002532008830022,0.0,0.0008256070640176
2014-10-01 01:00:00,0.1628270509977827,0.0566164079822616,0.0225232815964523,0.0,0.0,0.0039933481152993,0.0131818181818181,0.0026496674057649,0.0,0.000840354767184
2014-10-01 02:00:00,0.1781920529801324,0.060448123620309,0.0295761589403973,0.0,0.0,0.0039823399558498,0.0131147902869757,0.0026247240618101,0.0,0.0008565121412803
2014-10-01 03:00:00,0.2055439814814815,0.0971527777777777,0.0325648148148148,0.0,0.0,0.0039884259259259,0.0097060185185185,0.0026412037037037,0.0,0.0008657407407407
2014-10-01 04:00:00,0.2062680412371134,0.1053737113402061,0.0364329896907216,0.0,0.0,0.0039948453608247,0.0046855670103092,0.0025953608247422,0.0,0.000840206185567
2014-10-01 05:00:00,0.1712771618625277,0.0673237250554323,0.0312217294900221,0.0,0.0,0.0039933481152993,0.0066496674057649,0.0024168514412416,0.0,0.0007849223946784
2014-10-01 06:00:00,0.1584004424778761,0.0547721238938053,0.031362831858407,0.0,0.0,0.0039535398230088,0.0098938053097345,0.0020486725663716,0.0,0.0005066371681415
2014-10-01 07:00:00,0.313671111111111,0.0538866666666666,0.0321888888888888,0.0,0.0,0.0039777777777777,0.0057977777777777,0.0020311111111111,0.1855422222222222,0.0004266666666666
2014-10-01 08:00:00,0.2364819004524886,0.0784547511312217,0.0353959276018099,0.0,0.0,0.0246221719457013,0.0071583710407239,0.0020045248868778,0.0293280542986425,0.000420814479638
2014-10-01 09:00:00,0.217362831858407,0.0809446902654867,0.0280862831858407,0.0,0.0,0.0187676991150442,0.0091747787610619,0.0020619469026548,0.0,0.0004977876106194
2014-10-01 10:00:00,0.2702416851441241,0.0824079822616408,0.0329844789356984,0.0,0.0,0.0136740576496674,0.0081263858093126,0.0021330376940133,0.0535188470066518,0.0006297117516629
2014-10-01 11:00:00,0.2010929203539823,0.0680530973451327,0.0220088495575221,0.0,0.0,0.0167522123893805,0.011362831858407,0.0021283185840707,0.0,0.0006526548672566
2014-10-01 12:00:00,0.5814597701149425,0.0569402298850574,0.027287356321839,0.0,0.0,0.0253747126436781,0.0127379310344827,0.2265103448275862,0.1904896551724137,0.0007057471264367
2014-10-01 13:00:00,0.1994865470852018,0.0541681614349775,0.0252062780269058,0.0,0.0,0.0040852017937219,0.0130941704035874,0.0272107623318385,0.0,0.0007130044843049
2014-10-01 14:00:00,0.3100590909090909,0.0939227272727272,0.0220727272727272,0.0,0.0,0.0395204545454545,0.0130795454545454,0.0020477272727272,0.0812613636363636,0.0005818181818181
2014-10-01 15:00:00,1.2443258426966293,0.0965505617977528,0.0228494382022471,0.0,0.0,0.0430426966292134,0.0120449438202247,0.0020808988764044,0.0,0.0005258426966292
2014-10-01 16:00:00,0.3248149779735683,0.0736167400881057,0.0313810572687224,0.0,0.0,0.040795154185022,0.0115154185022026,0.0020837004405286,0.0916409691629955,0.000601321585903
2014-10-01 17:00:00,0.2973151927437641,0.0577460317460317,0.0397891156462585,0.0,0.0,0.0418684807256235,0.0081428571428571,0.002047619047619,0.0,0.0005351473922902
2014-10-01 18:00:00,0.2541733333333333,0.0618155555555555,0.0342822222222222,0.0,0.0,0.0588066666666666,0.0130711111111111,0.00206,0.0537733333333333,0.00056
2014-10-01 19:00:00,0.2308561946902654,0.0931482300884955,0.0328407079646017,0.0,0.0,0.0538119469026548,0.0130619469026548,0.0020132743362831,0.0,0.0003672566371681
2014-10-01 20:00:00,0.4554524886877828,0.0971221719457013,0.0291764705882352,0.0,0.0,0.056420814479638,0.0130904977375565,0.0719773755656108,0.1328800904977375,0.000628959276018
2014-10-01 21:00:00,0.3604083885209713,0.0649116997792494,0.0355584988962472,0.0,0.0,0.0411236203090507,0.030326710816777,0.0451766004415011,0.0391479028697571,0.0006313465783664
2014-10-01 22:00:00,0.3286164079822616,0.0542128603104212,0.0294390243902439,0.0,0.0,0.0194589800443458,0.0442195121951219,0.0021152993348115,0.0455698447893569,0.0006363636363636
2014-10-01 23:00:00,0.2005336322869955,0.0544282511210762,0.028201793721973,0.0,0.0,0.0188408071748878,0.0130852017937219,0.0022309417040358,0.0,0.0007219730941704
2014-10-02 00:00:00,0.1785580357142857,0.084953125,0.0284709821428571,0.0,0.0,0.0039888392857142,0.0130714285714285,0.0024508928571428,0.0,0.00078125
2014-10-02 01:00:00,0.1848561946902654,0.082646017699115,0.0291946902654867,0.0,0.0,0.0039955752212389,0.0081946902654867,0.002504424778761,0.0,0.001362831858407
2014-10-02 02:00:00,0.1886474501108647,0.0811419068736142,0.0294323725055432,0.0,0.0,0.003980044345898,0.0076452328159645,0.0026186252771618,0.0,0.0008381374722838
2014-10-02 03:00:00,0.1793318584070796,0.0672964601769911,0.0294159292035398,0.0,0.0,0.0039823008849557,0.0071858407079646,0.0027123893805309,0.0,0.0009048672566371
2014-10-02 04:00:00,0.1653370288248337,0.0566274944567627,0.0295742793791574,0.0,0.0,0.0039889135254988,0.007640798226164,0.002780487804878,0.0,0.000880266075388
2014-10-02 05:00:00,0.15888,0.059115294117647,0.0226305882352941,0.0,0.0,0.0039858823529411,0.0069929411764705,0.0024329411764705,0.0,0.0008188235294117
2014-10-02 06:00:00,0.1496784922394678,0.0538181818181818,0.0237427937915742,0.0,0.0,0.0039822616407982,0.0075099778270509,0.0021796008869179,0.0,0.0006851441241685
2014-10-02 07:00:00,0.2360860927152318,0.0730684326710816,0.0252273730684326,0.0,0.0,0.0039845474613686,0.0078233995584988,0.0020242825607064,0.0930573951434878,0.0005827814569536
2014-10-02 08:00:00,0.6263827433628318,0.0749800884955752,0.0282610619469026,0.0,0.2245464601769911,0.0302057522123893,0.0065929203539823,0.0020088495575221,0.083396017699115,0.0004225663716814
2014-10-02 09:00:00,0.3493266666666667,0.0742822222222222,0.0203911111111111,0.0,0.0629222222222222,0.0445,0.0081444444444444,0.0020133333333333,0.0,0.0004533333333333
2014-10-02 10:00:00,0.23576,0.0759733333333333,0.0261155555555555,0.0,0.0,0.0422133333333333,0.0119933333333333,0.0020133333333333,0.0,0.0004799999999999
2014-10-02 11:00:00,0.3080533333333333,0.0719777777777777,0.0298822222222222,0.0,0.0,0.0412999999999999,0.0136066666666666,0.0020155555555555,0.0847311111111111,0.0004422222222222
2014-10-02 12:00:00,0.2164304635761589,0.0556997792494481,0.0294657836644591,0.0,0.0,0.0424326710816777,0.0130684326710816,0.0020154525386313,0.0,0.0003995584988962
2014-10-02 13:00:00,0.4199866666666667,0.0711311111111111,0.0361555555555555,0.0,0.0,0.0416177777777777,0.0130822222222222,0.00202,0.1137955555555555,0.0004533333333333
2014-10-02 14:00:00,1.0026858407079646,0.1041039823008849,0.0343783185840708,0.0,0.3025398230088496,0.0419225663716814,0.0130508849557522,0.002004424778761,0.0769778761061946,0.0003982300884955
2014-10-02 15:00:00,1.2282300884955752,0.1035685840707964,0.0376681415929203,0.0,0.025287610619469,0.0419004424778761,0.0130840707964601,0.0020176991150442,0.0,0.0004911504424778
2014-10-02 16:00:00,0.9767639198218264,0.065826280623608,0.0337037861915367,0.0,0.0,0.0268351893095768,0.0130801781737193,0.0020200445434298,0.0,0.0004521158129175
2014-10-02 17:00:00,0.9144478935698448,0.0631374722838137,0.0357383592017738,0.0,0.0,0.0154434589800443,0.0128780487804878,0.0020487804878048,0.0,0.0005299334811529
2014-10-02 18:00:00,0.8244488888888889,0.08318,0.0389555555555555,0.0,0.0,0.0163866666666666,0.0118711111111111,0.00204,0.0855355555555555,0.0004666666666666
2014-10-02 19:00:00,0.3122583518930957,0.1341380846325167,0.0318574610244988,0.0,0.0,0.0184298440979955,0.0119153674832962,0.0180467706013363,0.0,0.0005968819599109
2014-10-02 20:00:00,0.2383977777777777,0.0687822222222222,0.0288488888888888,0.0,0.0,0.01306,0.0116266666666666,0.0020444444444444,0.0,0.0004955555555555
2014-10-02 21:00:00,0.3338020618556701,0.0777298969072165,0.0239257731958762,0.0,0.0,0.044321649484536,0.0105711340206185,0.0022,0.0814742268041237,0.0006494845360824
2014-10-02 22:00:00,0.4509098532494758,0.1101278825995807,0.0283291404612159,0.0,0.0,0.0951991614255765,0.029083857442348,0.0022138364779874,0.0624046121593291,0.000754716981132
2014-10-02 23:00:00,0.2409508928571428,0.0933147321428571,0.0273950892857142,0.0,0.0,0.0136205357142857,0.010078125,0.0024665178571428,0.0,0.0008035714285714
2014-10-03 00:00:00,0.1683119469026548,0.0669712389380531,0.0283473451327433,0.0,0.0,0.0039911504424778,0.0122323008849557,0.0023451327433628,0.0,0.00075
2014-10-03 01:00:00,0.1629780701754386,0.0664429824561403,0.0285263157894736,0.0,0.0,0.0039934210526315,0.0076973684210526,0.0022894736842105,0.0,0.0007543859649122
2014-10-03 02:00:00,0.1645875831485587,0.0683059866962306,0.0298691796008869,0.0,0.0,0.0039933481152993,0.0071175166297117,0.0024412416851441,0.0,0.0008115299334811
2014-10-03 03:00:00,0.1873672566371681,0.0914115044247787,0.0325265486725663,0.0,0.0,0.0039977876106194,0.0064955752212389,0.0026703539823008,0.0,0.0008672566371681
2014-10-03 04:00:00,0.18904203539823,0.0902057522123893,0.0322389380530973,0.0,0.0,0.0039933628318584,0.0064977876106194,0.0026106194690265,0.0,0.0008694690265486
2014-10-03 05:00:00,0.1853288888888888,0.0914177777777777,0.0195444444444444,0.0,0.0,0.0039977777777777,0.0078155555555555,0.0021933333333333,0.0,0.0006888888888888
2014-10-03 06:00:00,0.1618945054945055,0.064465934065934,0.0199648351648351,0.0,0.0,0.004,0.0062505494505494,0.0021186813186813,0.0,0.0005494505494505
2014-10-03 07:00:00,0.8880377777777778,0.0647177777777777,0.0392022222222222,0.0,0.0,0.0039933333333333,0.0083622222222222,0.0020355555555555,0.1478866666666666,0.0005066666666666
2014-10-03 08:00:00,0.2519818594104308,0.0645419501133787,0.0212108843537414,0.0,0.0,0.0375691609977324,0.0072925170068027,0.0020090702947845,0.0265532879818594,0.000469387755102
2014-10-03 09:00:00,0.240740576496674,0.0666053215077605,0.0258558758314855,0.0,0.0,0.0410376940133037,0.007270509977827,0.0020110864745011,0.0,0.0004124168514412
2014-10-03 10:00:00,0.2620640176600441,0.0826777041942604,0.0286158940397351,0.0,0.0,0.0422980132450331,0.0066203090507726,0.002008830022075,0.0,0.0004128035320088
2014-10-03 11:00:00,0.3364146341463415,0.0910354767184035,0.0296297117516629,0.0,0.0,0.041170731707317,0.0076762749445676,0.0020110864745011,0.0845166297117516,0.0004589800443458
2014-10-03 12:00:00,0.8297086092715232,0.0902339955849889,0.0357041942604856,0.0,0.0,0.019962472406181,0.0065099337748344,0.0020154525386313,0.1283730684326711,0.0004613686534216
2014-10-03 13:00:00,0.2192809734513274,0.0655973451327433,0.0334115044247787,0.0,0.0,0.0118738938053097,0.0087345132743362,0.002075221238938,0.0195685840707964,0.0006393805309734
2014-10-03 14:00:00,0.3532273730684326,0.0655055187637969,0.0324061810154525,0.0,0.0,0.0415474613686534,0.0116887417218543,0.0020397350993377,0.0,0.0005408388520971
2014-10-03 15:00:00,0.5027671840354767,0.0862971175166297,0.0331463414634146,0.0,0.0,0.0397117516629711,0.0128492239467849,0.002170731707317,0.0,0.0006541019955654
2014-10-03 16:00:00,2.8278893805309737,0.1175066371681416,0.0274933628318584,0.0,0.0,0.0045973451327433,0.0302654867256637,0.0020995575221238,0.0,0.0005199115044247
2014-10-03 17:00:00,1.0143170731707318,0.0648337028824833,0.0444368070953436,0.0,0.0,0.0046740576496674,0.0190643015521064,0.0021019955654101,0.0,0.000580931263858
2014-10-03 18:00:00,0.3847035398230088,0.0608561946902654,0.0508362831858407,0.0,0.0,0.0419800884955752,0.0217234513274336,0.0020685840707964,0.0855066371681416,0.0005221238938053
2014-10-03 19:00:00,0.4470044444444445,0.0987911111111111,0.0356,0.0,0.0,0.0604844444444444,0.0226133333333333,0.0020088888888888,0.0,0.0003088888888888
2014-10-03 20:00:00,0.3867511111111111,0.1037066666666666,0.0279733333333333,0.0,0.0,0.0669488888888888,0.0154355555555555,0.0021422222222222,0.0004266666666666,0.0006044444444444
2014-10-03 21:00:00,0.50146,0.0635711111111111,0.0310955555555555,0.0,0.0,0.0809688888888888,0.0347866666666666,0.0022488888888888,0.0992355555555555,0.0006555555555555
2014-10-03 22:00:00,0.7336948775055678,0.0594075723830735,0.0295835189309576,0.0,0.2614988864142539,0.0479398663697104,0.0155501113585746,0.002184855233853,0.05713140311804,0.0006659242761692
2014-10-03 23:00:00,0.4061466666666666,0.0737355555555555,0.0316933333333333,0.0,0.0635777777777777,0.0039955555555555,0.0112177777777777,0.0024088888888888,0.0,0.0007755555555555
2014-10-04 00:00:00,0.2328681318681318,0.0932087912087912,0.036687912087912,0.0,0.0,0.0039934065934065,0.0089120879120879,0.0023406593406593,0.0,0.0007934065934065
2014-10-04 01:00:00,0.2324632516703786,0.0934721603563474,0.0413942093541202,0.0,0.0,0.004,0.0105612472160356,0.0023763919821826,0.0,0.0007750556792873
2014-10-04 02:00:00,0.1954878048780488,0.0658026607538802,0.029450110864745,0.0,0.0,0.0039955654101995,0.0098359201773835,0.0025254988913525,0.0,0.0008181818181818
2014-10-04 03:00:00,0.1844911504424778,0.0609535398230088,0.0273008849557522,0.0,0.0,0.004,0.0101703539823008,0.0026283185840707,0.0,0.0008561946902654
2014-10-04 04:00:00,0.1851718061674009,0.0577114537444933,0.0287202643171806,0.0,0.0,0.0039911894273127,0.0116938325991189,0.0027511013215859,0.0,0.0008656387665198
2014-10-04 05:00:00,0.22080353200883,0.0875430463576159,0.0292980132450331,0.0,0.0,0.004,0.0096666666666666,0.0025209713024282,0.0,0.00080353200883
2014-10-04 06:00:00,0.23846,0.0897488888888888,0.0300733333333333,0.0,0.0,0.005,0.0104533333333333,0.0022444444444444,0.0,0.0006755555555555
2014-10-04 07:00:00,0.2682084257206208,0.0869756097560975,0.0320088691796008,0.0,0.0,0.0040110864745011,0.0108758314855875,0.0023370288248337,0.0,0.0007694013303769
2014-10-04 08:00:00,0.4672422222222222,0.0597466666666666,0.0338866666666666,0.0,0.0,0.0111799999999999,0.0105911111111111,0.00212,0.2383244444444444,0.0006022222222222
2014-10-04 09:00:00,0.3813133333333333,0.0574044444444444,0.0344644444444444,0.0,0.0,0.0826044444444444,0.0351466666666666,0.0020355555555555,0.0581711111111111,0.0005244444444444
2014-10-04 10:00:00,0.3048185941043084,0.0556349206349206,0.0355124716553287,0.0,0.0,0.0734399092970521,0.0357755102040816,0.0020657596371882,0.0,0.0005374149659863
2014-10-04 11:00:00,0.8763222222222222,0.0752711111111111,0.0360466666666666,0.0,0.0,0.0531888888888888,0.0172866666666666,0.06986,0.1252844444444444,0.0005888888888888
2014-10-04 12:00:00,1.3528084632516704,0.0763207126948775,0.0375211581291759,0.0,0.0,0.0619777282850779,0.0099955456570155,0.0022271714922048,0.1129732739420935,0.0006926503340757
2014-10-04 13:00:00,1.3060886917960088,0.0744368070953436,0.0319135254988913,0.0,0.0055099778270509,0.063640798226164,0.01080044345898,0.0021241685144124,0.0442860310421286,0.0006452328159645
2014-10-04 14:00:00,1.3573557046979865,0.0741901565995525,0.0338523489932885,0.0,0.0,0.0902617449664429,0.0125458612975391,0.0021364653243847,0.0,0.000662192393736
2014-10-04 15:00:00,1.3181689497716895,0.0,0.0555616438356164,0.0,0.0,0.0591917808219178,0.0116849315068493,0.0021324200913242,0.0,0.0005114155251141
2014-10-04 16:00:00,2.218,0.0,0.0,0.0,0.0,0.051,0.02,0.002,0.0,0.0
2014-10-04 17:00:00,1.5030444444444444,0.0503972222222222,0.0316861111111111,0.0,0.0,0.0533,0.0205333333333333,0.0020083333333333,0.1692666666666666,0.0003638888888888
2014-10-04 18:00:00,0.655230403800475,0.0551971496437054,0.0328218527315914,0.0,0.0,0.0551781472684085,0.0213206650831353,0.0020332541567695,0.0,0.000562945368171
2014-10-04 19:00:00,0.6349905213270142,0.0531824644549763,0.0530189573459715,0.0,0.0,0.0546824644549763,0.0182843601895734,0.0020308056872037,0.0701018957345971,0.0005236966824644
2014-10-04 20:00:00,0.9024642857142856,0.0665047619047619,0.0457595238095238,0.0,0.3559238095238095,0.0696523809523809,0.0228238095238095,0.0022023809523809,0.086297619047619,0.0064119047619047
2014-10-04 21:00:00,0.4663552941176471,0.0653435294117647,0.0306541176470588,0.0,0.0188094117647058,0.0133576470588235,0.0267788235294117,0.0022141176470588,0.0,0.0376282352941176
2014-10-04 22:00:00,0.3101123595505617,0.0656876404494382,0.0291168539325842,0.0,0.0,0.0132539325842696,0.0213325842696629,0.0022044943820224,0.0,0.0010224719101123
2014-10-04 23:00:00,0.2434823788546255,0.0643039647577092,0.0337753303964757,0.0,0.0,0.0039977973568281,0.0105176211453744,0.0025,0.0,0.0010308370044052
2014-10-05 00:00:00,0.1812819383259911,0.0629405286343612,0.0402709251101321,0.0,0.0,0.0039933920704845,0.0112885462555066,0.0025154185022026,0.0,0.0010264317180616
2014-10-05 01:00:00,0.1851651982378854,0.0620198237885462,0.0377224669603524,0.0,0.0,0.0039955947136563,0.0113722466960352,0.002726872246696,0.0,0.0010374449339207
2014-10-05 02:00:00,0.19122,0.0603888888888888,0.0359977777777777,0.0,0.0,0.0039977777777777,0.0129955555555555,0.0028022222222222,0.0,0.0010377777777777
2014-10-05 03:00:00,0.1967111111111111,0.0583511111111111,0.0338911111111111,0.0,0.0,0.0039977777777777,0.0123622222222222,0.0029288888888888,0.0,0.0010444444444444
2014-10-05 04:00:00,0.1960931263858093,0.058960088691796,0.0317383592017738,0.0,0.0,0.0039977827050997,0.0136940133037694,0.0028159645232815,0.0,0.0010332594235033
2014-10-05 05:00:00,0.1681143617021276,0.0373510638297872,0.0198989361702127,0.0,0.0,0.004,0.0118191489361702,0.0027712765957446,0.0,0.0010797872340425
2014-10-05 06:00:00,0.1879273127753304,0.0520264317180616,0.0272026431718061,0.0,0.0,0.0039977973568281,0.0118942731277533,0.0022775330396475,0.0,0.0010418502202643
2014-10-05 07:00:00,0.1853155555555555,0.0503044444444444,0.0249044444444444,0.0,0.0,0.0040177777777777,0.0123488888888888,0.00214,0.0,0.0010222222222222
2014-10-05 08:00:00,0.6035309734513274,0.04925,0.0291681415929203,0.0,0.0,0.0040110619469026,0.0108030973451327,0.0021194690265486,0.1794778761061946,0.0010287610619469
2014-10-05 09:00:00,0.6971692307692308,0.0515868131868131,0.0277560439560439,0.0,0.0,0.0040043956043956,0.0110945054945054,0.0023604395604395,0.0393384615384615,0.001021978021978
2014-10-05 10:00:00,0.5235022222222223,0.0519288888888888,0.0227111111111111,0.0,0.0,0.0039977777777777,0.0112444444444444,0.0021066666666666,0.0,0.00104
2014-10-05 11:00:00,0.5064088888888889,0.0513088888888888,0.0367666666666666,0.0,0.0,0.0039933333333333,0.0114244444444444,0.0021466666666666,0.0,0.0010244444444444
2014-10-05 12:00:00,1.497510067114094,0.0542706935123042,0.036,0.0,0.0003959731543624,0.0085145413870246,0.0112259507829977,0.1333780760626398,0.0,0.0010268456375838
2014-10-05 13:00:00,0.9727219730941704,0.0553991031390134,0.0283991031390134,0.0,0.0003834080717488,0.006591928251121,0.0115358744394618,0.1261928251121076,0.1144596412556053,0.0010179372197309
2014-10-05 14:00:00,0.2673532008830022,0.0547726269315673,0.0341258278145695,0.0,2.4282560706401765e-05,0.0040419426048565,0.013774834437086,0.0150331125827814,0.0798211920529801,0.0010220750551876
2014-10-05 15:00:00,0.1959776785714286,0.0632410714285714,0.0305111607142857,0.0,0.0,0.0080714285714285,0.0162946428571428,0.0024665178571428,0.0,0.0010357142857142
2014-10-05 16:00:00,0.1999244444444444,0.06988,0.0282711111111111,0.0,0.0,0.00494,0.0105844444444444,0.0020511111111111,0.0,0.0010222222222222
2014-10-05 17:00:00,0.2335698447893569,0.0683215077605321,0.0310975609756097,0.0,0.0,0.0045986696230598,0.0116873614190687,0.0020842572062084,0.0393924611973392,0.0010155210643015
2014-10-05 18:00:00,0.2279402654867256,0.0681570796460177,0.0319026548672566,0.0,0.0,0.0042057522123893,0.0124867256637168,0.0020309734513274,0.0,0.0010243362831858
2014-10-05 19:00:00,0.2784855875831485,0.067940133037694,0.0320820399113082,0.0,0.0,0.004,0.012210643015521,0.0020953436807095,0.0,0.0001884700665188
2014-10-05 20:00:00,1.517793333333333,0.0675733333333333,0.0292266666666666,0.0,6.666666666666667e-05,0.004,0.0154133333333333,0.0060599999999999,0.0,0.0008666666666666
2014-10-05 21:00:00,0.4303504464285714,0.06640625,0.0292700892857142,0.0,0.0,0.0094754464285714,0.0128638392857142,0.0024352678571428,0.1172745535714285,0.002875
2014-10-05 22:00:00,0.2808366445916115,0.0645960264900662,0.0286401766004415,0.0,0.0,0.0063509933774834,0.0179933774834437,0.0021788079470198,0.0,0.0009757174392935
2014-10-05 23:00:00,0.1787560975609756,0.0555986696230598,0.0216541019955654,0.0,0.0,0.0039955654101995,0.0194124168514412,0.0024988913525498,0.0,0.0009933481152993
2014-10-06 00:00:00,0.1751818181818182,0.0546585365853658,0.0254523281596452,0.0,0.0,0.0039844789356984,0.0167361419068736,0.0027915742793791,0.0,0.0009977827050997
2014-10-06 01:00:00,0.1767836644591611,0.0540176600441501,0.0329889624724061,0.0,0.0,0.0039889624724061,0.0101368653421633,0.0027637969094922,0.0,0.0009955849889624
2014-10-06 02:00:00,0.1711681415929203,0.0520884955752212,0.0335022123893805,0.0,0.0,0.0039845132743362,0.0111504424778761,0.0028340707964601,0.0,0.0009911504424778
2014-10-06 03:00:00,0.1709845132743362,0.0533473451327433,0.0356504424778761,0.0,0.0,0.0039845132743362,0.012608407079646,0.0028738938053097,0.0045309734513274,0.0009933628318584
2014-10-06 04:00:00,0.1703451327433628,0.0537477876106194,0.0239535398230088,0.0,0.0,0.0039933628318584,0.0096017699115044,0.0029269911504424,0.0,0.0009955752212389
2014-10-06 05:00:00,0.1782984409799554,0.0572873051224944,0.0115946547884187,0.0,0.0,0.0039933184855233,0.0132093541202672,0.0024454342984409,0.0,0.0009866369710467
2014-10-06 06:00:00,0.2026092715231788,0.063569536423841,0.0328807947019867,0.0,0.0,0.0039823399558498,0.0163686534216335,0.0024061810154525,0.0,0.001
2014-10-06 07:00:00,0.3516984478935698,0.063310421286031,0.0345898004434589,0.0,0.0,0.0039911308203991,0.0169844789356984,0.0021064301552106,0.1189334811529933,0.0009911308203991
2014-10-06 08:00:00,0.3144967032967032,0.0610791208791208,0.0331406593406593,0.0,0.0,0.0302593406593406,0.0099472527472527,0.0020087912087912,0.0380791208791208,0.0009582417582417
2014-10-06 09:00:00,0.2507290748898678,0.062226872246696,0.0352092511013215,0.0,0.0,0.0348325991189427,0.0097533039647577,0.0021960352422907,0.0,0.0009911894273127
2014-10-06 10:00:00,0.3222522123893805,0.0624048672566371,0.0242721238938053,0.0,0.0,0.0209181415929203,0.0105663716814159,0.0022831858407079,0.105575221238938,0.0009911504424778
2014-10-06 11:00:00,0.2477677725118483,0.0672440758293838,0.0119075829383886,0.0,0.0,0.020127962085308,0.010627962085308,0.002170616113744,0.0354170616113744,0.0009952606635071
2014-10-06 12:00:00,0.3259403973509933,0.0633973509933774,0.0326754966887417,0.0,0.0,0.0422538631346578,0.01360706401766,0.0022737306843267,0.0669161147902869,0.0009867549668874
2014-10-06 13:00:00,0.320396017699115,0.0631415929203539,0.0320685840707964,0.0,0.0,0.0047721238938053,0.0351305309734513,0.0022433628318584,0.076466814159292,0.0009933628318584
2014-10-06 14:00:00,0.501215859030837,0.0571321585903083,0.0357070484581497,0.0,0.0,0.1219515418502202,0.0362665198237885,0.0021916299559471,0.144453744493392,0.0009955947136563
2014-10-06 15:00:00,0.279682119205298,0.0535629139072847,0.03441059602649,0.0,0.0,0.0823421633554084,0.0180794701986754,0.0023509933774834,0.0,0.0009889624724061
2014-10-06 16:00:00,0.6911818181818181,0.05160088691796,0.0151152993348115,0.0,0.0,0.0732128603104212,0.0180310421286031,0.0022372505543237,0.0,0.0009822616407982
2014-10-06 17:00:00,1.3426225165562915,0.0520154525386313,0.0265298013245033,0.0,2.207505518763797e-06,0.0599779249448123,0.0180132450331125,0.024083885209713,0.0,0.0009933774834437
2014-10-06 18:00:00,1.1606541019955654,0.05460088691796,0.033640798226164,0.0,0.0,0.0581042128603104,0.0181042128603104,0.1147782705099778,0.0,0.0009866962305986
2014-10-06 19:00:00,0.5140643015521065,0.0734944567627494,0.0375011086474501,0.0,0.0001330376940133,0.056450110864745,0.0183215077605321,0.1042660753880266,0.0,0.0009889135254988
2014-10-06 20:00:00,0.61490022172949,0.0680576496674057,0.0449423503325942,0.0,0.0,0.06890022172949,0.0410886917960088,0.002350332594235,0.1585565410199556,0.0009889135254988
2014-10-06 21:00:00,0.4607782705099778,0.0672993348115299,0.0369889135254988,0.0,0.0,0.0665942350332594,0.0514168514412416,0.0022660753880266,0.0,0.002130820399113
2014-10-06 22:00:00,0.4141982182628062,0.0675033407572383,0.0314944320712694,0.0,0.0,0.0662895322939866,0.0543184855233853,0.0021759465478841,0.0,0.0009755011135857
2014-10-06 23:00:00,0.2036563192904656,0.0672350332594235,0.0325321507760532,0.0,0.0,0.0149290465631929,0.0181640798226164,0.0025454545454545,0.0,0.0009933481152993
2014-10-07 00:00:00,0.179358407079646,0.0666305309734513,0.0298495575221238,0.0,0.0,0.0040066371681415,0.0183119469026548,0.0028517699115044,0.0,0.0009845132743362
2014-10-07 01:00:00,0.1789955849889624,0.0646203090507726,0.0311125827814569,0.0,0.0,0.0040022075055187,0.0181920529801324,0.0027549668874172,0.0,0.0009955849889624
2014-10-07 02:00:00,0.1721419068736142,0.0547538802660753,0.0356452328159645,0.0,0.0,0.004,0.0181219512195121,0.0027915742793791,0.0,0.001
2014-10-07 03:00:00,0.1718296460176991,0.0517278761061946,0.036504424778761,0.0,0.0,0.0040022123893805,0.0181747787610619,0.0024955752212389,0.0,0.0009911504424778
2014-10-07 04:00:00,0.168092715231788,0.0501346578366445,0.0271788079470198,0.0,0.0,0.0040044150110375,0.0181479028697571,0.0024746136865342,0.0,0.0009911699779249
2014-10-07 05:00:00,0.1722676991150442,0.0500553097345132,0.0277234513274336,0.0,0.0,0.004,0.018221238938053,0.0025597345132743,0.0,0.0009955752212389
2014-10-07 06:00:00,0.1653384955752212,0.0502079646017699,0.0175553097345132,0.0,0.0,0.0040022123893805,0.0183982300884955,0.0020730088495575,0.0,0.0009955752212389
2014-10-07 07:00:00,0.4017388392857143,0.0620022321428571,0.0321607142857142,0.0,0.0,0.0087075892857142,0.0183169642857142,0.0020535714285714,0.1700691964285714,0.0009888392857142
2014-10-07 08:00:00,0.3049223744292237,0.0619018264840182,0.0212922374429223,0.0,0.0,0.0225205479452054,0.0181232876712328,0.0026324200913242,0.0,0.049283105022831
2014-10-07 09:00:00,0.4088248337028825,0.0644146341463414,0.0268669623059866,0.0,0.0,0.026880266075388,0.0180687361419068,0.0020354767184035,0.0,0.0009889135254988
2014-10-07 10:00:00,0.3499471365638766,0.0616762114537444,0.0278876651982378,0.0,0.0,0.0475022026431718,0.018090308370044,0.0020638766519823,0.0772907488986784,0.0009823788546255
2014-10-07 11:00:00,0.2742749445676274,0.062430155210643,0.0297849223946784,0.0,2.4390243902439022e-05,0.0523835920177383,0.0180487804878048,0.0082172949002217,0.0,0.000980044345898
2014-10-07 12:00:00,0.4051241685144124,0.0616784922394678,0.0303259423503325,0.0,0.0,0.0518935698447893,0.0182926829268292,0.0020288248337028,0.1432239467849224,0.000980044345898
2014-10-07 13:00:00,0.4613493449781659,0.0601353711790393,0.0339912663755458,0.0,8.733624454148471e-05,0.0322554585152838,0.0181724890829694,0.0578100436681222,0.1595414847161572,0.0009847161572052
2014-10-07 14:00:00,0.384690949227373,0.0614039735099337,0.0130264900662251,0.0,0.0,0.047849889624724,0.0180220750551876,0.0020220750551876,0.0,0.0009977924944812
2014-10-07 15:00:00,0.2373711111111111,0.0606266666666666,0.0182844444444444,0.0,0.0,0.0416666666666666,0.0180644444444444,0.0020333333333333,0.0,0.0009888888888888
2014-10-07 16:00:00,0.1980132450331125,0.0529911699779249,0.0298388520971302,0.0,0.0,0.0108852097130242,0.018046357615894,0.0020220750551876,0.0,0.0009735099337748
2014-10-07 17:00:00,0.8353082039911308,0.0520399113082039,0.0324124168514412,0.0,0.0,0.0355033259423503,0.0204634146341463,0.0020798226164079,0.1501396895787139,0.0009955654101995
2014-10-07 18:00:00,1.057632743362832,0.0561172566371681,0.0261880530973451,0.0,3.761061946902655e-05,0.0107146017699115,0.0180553097345132,0.0268672566371681,0.0586017699115044,0.0009867256637168
2014-10-07 19:00:00,0.4009734513274336,0.0526061946902654,0.0313915929203539,0.0,0.0,0.0172455752212389,0.0407787610619469,0.0023451327433628,0.065037610619469,0.0015309734513274
2014-10-07 20:00:00,0.475589010989011,0.0503076923076923,0.0354373626373626,0.0,0.0,0.0452923076923076,0.018065934065934,0.0022571428571428,0.1310989010989011,0.0431076923076923
2014-10-07 21:00:00,0.4171681415929203,0.0494181415929203,0.0266747787610619,0.0,0.0,0.0646415929203539,0.0180508849557522,0.0021415929203539,0.0394247787610619,0.0318163716814159
2014-10-07 22:00:00,0.3398687782805429,0.052841628959276,0.0275158371040724,0.0,0.0,0.0136923076923076,0.0180904977375565,0.0024276018099547,0.0001493212669683,0.0008303167420814
2014-10-07 23:00:00,0.2015253863134657,0.0591346578366445,0.0226556291390728,0.0,0.0,0.0039911699779249,0.0180750551876379,0.0025827814569536,0.0,0.0
2014-10-08 00:00:00,0.1730618101545253,0.0589779249448123,0.0185651214128035,0.0,0.0,0.0039911699779249,0.0139580573951434,0.0025827814569536,0.0,0.0
2014-10-08 01:00:00,0.1775837104072398,0.0591425339366515,0.0180294117647058,0.0,0.0,0.003997737556561,0.0121108597285067,0.0025429864253393,0.0,0.0
2014-10-08 02:00:00,0.1859227373068432,0.0581766004415011,0.0282980132450331,0.0,0.0,0.0039955849889624,0.0118763796909492,0.0025209713024282,0.0,0.0
2014-10-08 03:00:00,0.196682119205298,0.0584459161147902,0.0287019867549668,0.0,0.0,0.0039911699779249,0.0128830022075055,0.0027086092715231,0.0,0.0
2014-10-08 04:00:00,0.2474190687361419,0.0576075388026607,0.0301441241685144,0.0,0.0,0.0039955654101995,0.0097583148558758,0.0026917960088691,0.0,0.0
2014-10-08 05:00:00,0.1664459161147903,0.0566269315673289,0.0143841059602649,0.0,0.0,0.0039889624724061,0.0107019867549668,0.0026136865342163,0.0,0.0
2014-10-08 06:00:00,0.1660465631929046,0.05570066518847,0.0160421286031042,0.0,0.0,0.0039866962305986,0.0125232815964523,0.0021973392461197,0.0,0.0
2014-10-08 07:00:00,0.3723878923766816,0.0549013452914798,0.0315784753363228,0.0,0.0,0.0039843049327354,0.0126367713004484,0.0020448430493273,0.1709551569506726,0.0
2014-10-08 08:00:00,0.3874318181818182,0.0559772727272727,0.0296022727272727,0.0,0.0,0.0252227272727272,0.0117045454545454,0.0386272727272727,0.1521386363636363,0.0
2014-10-08 09:00:00,0.236545871559633,0.0557018348623853,0.0288646788990825,0.0,0.0,0.0359724770642201,0.0114977064220183,0.0022316513761467,0.0,0.0
2014-10-08 10:00:00,0.2396801909307876,0.055763723150358,0.0128973747016706,0.0,0.0,0.0040668257756563,0.0098782816229116,0.004871121718377,0.058090692124105,0.0
2014-10-08 11:00:00,0.1877466367713004,0.049677130044843,0.0186883408071748,0.0,0.0,0.0233878923766816,0.0114058295964125,0.0025403587443946,0.0,0.0
2014-10-08 12:00:00,0.1933024830699774,0.0510383747178329,0.031,0.0,0.0,0.0259751693002257,0.0118939051918735,0.0023498871331828,0.0,0.0
2014-10-08 13:00:00,0.1739213483146067,0.0519303370786516,0.0312876404494382,0.0,0.0,0.0041460674157303,0.0122247191011235,0.0020696629213483,0.0,0.0
2014-10-08 14:00:00,1.0198243243243243,0.0509189189189189,0.0198896396396396,0.0,0.0,0.0189076576576576,0.0083738738738738,0.0020855855855855,0.0861824324324324,0.0
2014-10-08 15:00:00,0.6638494382022472,0.0559415730337078,0.0098651685393258,0.0,0.3063932584269663,0.0384606741573033,0.0105370786516853,0.0246921348314606,0.0677011235955056,0.0
2014-10-08 16:00:00,1.4201133333333331,0.0674511111111111,0.0335466666666666,0.0,0.0849333333333333,0.0382444444444444,0.0105666666666666,0.0082177777777777,0.0,0.0
2014-10-08 17:00:00,2.337250554323725,0.0672682926829268,0.046920177383592,0.0,5.321507760532151e-05,0.0292039911308203,0.0176873614190687,0.2512771618625277,0.0045410199556541,0.0
2014-10-08 18:00:00,0.4893525498891353,0.0670133037694013,0.0342483370288248,0.0,0.0,0.0075764966740576,0.0166474501108647,0.0020997782705099,0.0975631929046563,0.0
2014-10-08 19:00:00,0.4055476718403548,0.0649223946784922,0.0329667405764966,0.0,0.0,0.0450620842572062,0.0155011086474501,0.0020110864745011,0.0,0.0
2014-10-08 20:00:00,0.3299622222222222,0.06408,0.0362711111111111,0.0,0.0,0.0401222222222222,0.0166577777777777,0.0022111111111111,0.0001422222222222,0.0
2014-10-08 21:00:00,0.5233946784922394,0.0631485587583148,0.033350332594235,0.0,0.0,0.0386097560975609,0.0442838137472283,0.0022350332594235,0.0852195121951219,0.0
2014-10-08 22:00:00,0.655625,0.0631696428571428,0.0336450892857142,0.0,0.0,0.0450691964285714,0.05221875,0.002375,0.0611383928571428,6.696428571428572e-05
2014-10-08 23:00:00,0.2254174107142857,0.0562745535714285,0.0213370535714285,0.0,0.0,0.007859375,0.0188571428571428,0.0026674107142857,0.0,0.0
2014-10-09 00:00:00,0.1721929046563192,0.0513880266075388,0.0160820399113082,0.0,0.0,0.0040354767184035,0.018110864745011,0.0027560975609756,0.0,0.0
2014-10-09 01:00:00,0.1707066666666666,0.0501822222222222,0.01736,0.0,0.0,0.004,0.0112911111111111,0.0027755555555555,0.0,0.0
2014-10-09 02:00:00,0.1761946902654867,0.0509092920353982,0.0314623893805309,0.0,0.0,0.0039977876106194,0.011683628318584,0.0027566371681415,0.0,0.0
2014-10-09 03:00:00,0.1695452538631346,0.0505673289183222,0.0301015452538631,0.0,0.0,0.004,0.0115055187637969,0.0029072847682119,0.0,0.0
2014-10-09 04:00:00,0.1704812362030905,0.0541479028697571,0.0288454746136865,0.0,0.0,0.0040022075055187,0.0104724061810154,0.0028543046357615,0.0,0.0
2014-10-09 05:00:00,0.1722986725663716,0.0608207964601769,0.0206615044247787,0.0,0.0,0.0039977876106194,0.0110796460176991,0.0026526548672566,0.0,0.0
2014-10-09 06:00:00,0.1695209713024282,0.0621015452538631,0.0088940397350993,0.0,0.0,0.0039955849889624,0.0099028697571743,0.0020949227373068,0.0,0.0
2014-10-09 07:00:00,0.4837177777777777,0.0597822222222222,0.0304133333333333,0.0,3.3333333333333335e-05,0.0040199999999999,0.0110266666666666,0.0332022222222222,0.2116177777777777,0.0122222222222222
2014-10-09 08:00:00,0.35348322147651,0.0604451901565995,0.0289261744966442,0.0,2.013422818791946e-05,0.034648769574944,0.0122304250559284,0.018248322147651,0.0,0.0
2014-10-09 09:00:00,0.2567222222222222,0.0593777777777777,0.0309222222222222,0.0,0.0,0.0414533333333333,0.0139244444444444,0.0020266666666666,0.0,0.0
2014-10-09 10:00:00,0.3252555555555555,0.0622622222222222,0.0295911111111111,0.0,0.0,0.01758,0.01338,0.0020288888888888,0.09092,0.0
2014-10-09 11:00:00,0.2347743362831858,0.063716814159292,0.0216880530973451,0.0,0.0,0.0305022123893805,0.0137057522123893,0.0020088495575221,0.0,0.0
2014-10-09 12:00:00,0.2170993377483443,0.0631898454746136,0.0292626931567328,0.0,0.0,0.0154591611479028,0.0126247240618101,0.0023068432671081,0.0,0.0
2014-10-09 13:00:00,0.4342295805739514,0.0504503311258278,0.0207152317880794,0.0,0.0,0.0040993377483443,0.0181147902869757,0.0022008830022075,0.2637019867549668,0.0
2014-10-09 14:00:00,0.4083973509933775,0.0511611479028697,0.0258697571743929,0.0,5.518763796909492e-05,0.0404679911699779,0.0180816777041942,0.0250066225165562,0.0,0.0
2014-10-09 15:00:00,0.2270753880266075,0.0514124168514412,0.0206186252771618,0.0,0.0,0.0339157427937915,0.0180842572062084,0.0021086474501108,0.0,0.0
2014-10-09 16:00:00,1.2684922394678493,0.0496075388026607,0.0300066518847006,0.0,0.0,0.0246651884700665,0.0180554323725055,0.0020864745011086,0.0,0.0
2014-10-09 17:00:00,1.9199513274336284,0.0609823008849557,0.0394778761061946,0.0,0.0027146017699115,0.0412123893805309,0.0297146017699115,0.0184867256637168,0.2423318584070796,0.0
2014-10-09 18:00:00,1.1213576158940397,0.0680198675496688,0.0380110375275938,0.0,0.0,0.0096644591611479,0.0183664459161147,0.0020220750551876,0.0,0.0
2014-10-09 19:00:00,0.3802014388489209,0.0663956834532374,0.0317458033573141,0.0,0.0,0.0040383693045563,0.0315659472422062,0.0021486810551558,0.0651294964028777,0.0
2014-10-09 20:00:00,0.308244019138756,0.0649186602870813,0.0254904306220095,0.0,0.0,0.0189282296650717,0.0434665071770334,0.0020765550239234,0.0,0.0
2014-10-09 21:00:00,0.3298830548926014,0.0637589498806682,0.0423484486873508,0.0,0.0,0.0419713603818615,0.0180429594272076,0.0023842482100238,0.0213484486873508,0.0022577565632458
2014-10-09 22:00:00,0.3454156769596199,0.0636033254156769,0.0406128266033254,0.0,0.0,0.0086152019002375,0.0180475059382422,0.0022399049881235,0.0628598574821852,0.0002470308788598
2014-10-09 23:00:00,0.1917022222222222,0.0637088888888888,0.0381644444444444,0.0,0.0,0.004,0.0186311111111111,0.0026466666666666,0.0,0.0
2014-10-10 00:00:00,0.1930975609756097,0.0641396895787139,0.0319933481152993,0.0,2.660753880266076e-05,0.004,0.0141773835920177,0.0026474501108647,0.0,0.0
2014-10-10 01:00:00,0.1789514348785872,0.0547262693156732,0.0282781456953642,0.0,0.0,0.0040022075055187,0.0089558498896247,0.0027328918322295,0.0,0.0
2014-10-10 02:00:00,0.1728854625550661,0.0518678414096916,0.0245044052863436,0.0,0.0002114537444933,0.0040044052863436,0.0132180616740088,0.0027731277533039,0.0,0.0
2014-10-10 03:00:00,0.1730726872246696,0.0508348017621145,0.0276718061674008,0.0,0.0,0.004,0.014431718061674,0.0028480176211453,0.0,0.0
2014-10-10 04:00:00,0.1757654867256637,0.0523230088495575,0.0380862831858407,0.0,0.2290176991150442,0.004,0.0116438053097345,0.0028473451327433,0.0,0.0
2014-10-10 05:00:00,0.1682295805739514,0.0519094922737306,0.0375739514348785,0.0,0.0,0.0040044150110375,0.0084260485651214,0.0026048565121412,0.0,0.0
2014-10-10 06:00:00,0.1768933333333333,0.0505044444444444,0.0287022222222222,0.0,0.0,0.0039977777777777,0.0119844444444444,0.00216,0.0,0.0
2014-10-10 07:00:00,0.4500132450331126,0.0561611479028697,0.0290772626931567,0.0,0.0,0.0040286975717439,0.0156843267108167,0.0020375275938189,0.1657262693156732,0.0331611479028697
2014-10-10 08:00:00,0.2477826086956522,0.0584279176201373,0.0168672768878718,0.0,0.0,0.0318718535469107,0.0159061784897025,0.0020389016018306,0.0,0.0
2014-10-10 09:00:00,0.2427845804988662,0.0610136054421768,0.0179795918367346,0.0,0.0,0.0402018140589569,0.0151496598639455,0.0020612244897959,0.0,0.0
2014-10-10 10:00:00,0.32217225950783,0.0594630872483221,0.0271633109619686,0.0,0.0,0.0332997762863534,0.0180738255033557,0.0021431767337807,0.0870581655480984,0.0
2014-10-10 11:00:00,0.2467683741648107,0.0612850779510022,0.0342761692650334,0.0,0.0,0.0310467706013363,0.0180668151447661,0.0020890868596881,0.0,0.0
2014-10-10 12:00:00,0.5153644444444444,0.0639355555555555,0.02726,0.0,0.2438955555555555,0.02354,0.0180866666666666,0.0023533333333333,0.0,0.0
2014-10-10 13:00:00,0.6942278761061946,0.073825221238938,0.0416858407079646,0.0,0.1481769911504425,0.0040641592920353,0.0180730088495575,0.0024513274336283,0.1469336283185841,0.0
2014-10-10 14:00:00,0.9024666666666668,0.0727422222222222,0.0320266666666666,0.0,0.0204222222222222,0.0238577777777777,0.0180666666666666,0.0024155555555555,0.0742999999999999,0.0
2014-10-10 15:00:00,0.4072300884955752,0.0733185840707964,0.0360154867256637,0.0,0.0,0.0424092920353982,0.0180508849557522,0.0020398230088495,0.1166703539823008,0.0
2014-10-10 16:00:00,0.2656305309734513,0.0611769911504424,0.0296902654867256,0.0,0.0,0.0418694690265486,0.0178915929203539,0.0020287610619469,0.0,0.0
2014-10-10 17:00:00,1.9747964601769912,0.0657699115044247,0.0352942477876106,0.0,0.0,0.0333539823008849,0.0298871681415929,0.0020022123893805,0.0,0.0
2014-10-10 18:00:00,2.289582781456954,0.0606136865342163,0.0270375275938189,0.0,0.0,0.0133532008830022,0.0165474613686534,0.0020662251655629,0.0,0.0
2014-10-10 19:00:00,0.2812682926829268,0.0595609756097561,0.029350332594235,0.0,0.0,0.013350332594235,0.0182660753880266,0.0020376940133037,0.0,0.0
2014-10-10 20:00:00,0.421218262806236,0.0622449888641425,0.0417839643652561,0.0,0.0,0.013316258351893,0.0373474387527839,0.0023608017817371,0.0872583518930957,0.0
2014-10-10 21:00:00,0.3217139689578713,0.0590465631929046,0.0308514412416851,0.0,0.0,0.0132793791574279,0.0337228381374722,0.0021951219512195,0.0,0.0
2014-10-10 22:00:00,0.5508644444444444,0.0683822222222222,0.0272244444444444,0.0,0.0,0.0691244444444444,0.0428933333333333,0.0023822222222222,0.0,0.0029266666666666
2014-10-10 23:00:00,0.2467947019867549,0.0697527593818984,0.0249205298013245,0.0,0.0,0.0086203090507726,0.0180441501103752,0.0026423841059602,0.0,0.0
2014-10-11 00:00:00,0.1890333333333333,0.0687911111111111,0.0227044444444444,0.0,0.0,0.0039955555555555,0.0180444444444444,0.00272,0.0,0.0
2014-10-11 01:00:00,0.1910905077262693,0.0679050772626931,0.0249558498896247,0.0,0.0,0.0039977924944812,0.0180662251655629,0.0027439293598234,0.0,0.0
2014-10-11 02:00:00,0.2005,0.0668444444444444,0.0366111111111111,0.0,0.0,0.0039977777777777,0.0180666666666666,0.0027755555555555,0.0,0.0
2014-10-11 03:00:00,0.2056659242761692,0.0649532293986637,0.03584855233853,0.0,0.0,0.0039977728285077,0.0180801781737193,0.0025367483296213,0.0,0.0
2014-10-11 04:00:00,0.1908957871396895,0.0643392461197339,0.0263436807095343,0.0,0.0,0.0039955654101995,0.0180376940133037,0.0022971175166297,0.0,0.0
2014-10-11 05:00:00,0.1844577777777777,0.0627488888888889,0.0233555555555555,0.0,0.0,0.004,0.0180777777777777,0.0022155555555555,0.0,0.0
2014-10-11 06:00:00,0.1696866666666666,0.06038,0.0131555555555555,0.0,0.0,0.004,0.0180688888888888,0.0020488888888888,0.0,0.0
2014-10-11 07:00:00,0.3073199105145414,0.0588814317673378,0.0228344519015659,0.0,0.0,0.0040134228187919,0.0180715883668903,0.0021409395973154,0.1160425055928411,0.0
2014-10-11 08:00:00,1.327240088105727,0.058226872246696,0.0301189427312775,0.0,0.0,0.0044867841409691,0.0180748898678414,0.0020198237885462,0.2350550660792951,0.0
2014-10-11 09:00:00,0.2415688888888889,0.0550066666666666,0.0374111111111111,0.0,0.0,0.0131244444444444,0.0180755555555555,0.0021533333333333,0.02918,0.0
2014-10-11 10:00:00,0.1689933481152993,0.0518847006651884,0.0286873614190687,0.0,0.0,0.0040266075388026,0.0180620842572062,0.0020332594235033,0.0,0.0
2014-10-11 11:00:00,0.8837427937915743,0.0531596452328159,0.0342993348115299,0.0,0.4552616407982262,0.0040177383592017,0.0180620842572062,0.0367339246119733,0.1098447893569844,0.0
2014-10-11 12:00:00,0.3388672566371681,0.0526172566371681,0.0400774336283185,0.0,1.1061946902654867e-05,0.0135730088495575,0.0279933628318584,0.0325862831858407,0.1016106194690265,0.0
2014-10-11 13:00:00,0.2854079822616408,0.0529534368070953,0.0345166297117516,0.0,0.0,0.0270620842572062,0.0220332594235033,0.0020953436807095,0.0720997782705099,0.0
2014-10-11 14:00:00,0.2174459161147903,0.0532097130242825,0.0234790286975717,0.0,0.0,0.0414878587196468,0.0220618101545253,0.0022958057395143,0.0,0.0
2014-10-11 15:00:00,1.033777041942605,0.055728476821192,0.0138830022075055,0.0,0.0,0.0103863134657836,0.0219955849889624,0.002242825607064,0.0,0.0
2014-10-11 16:00:00,1.079119733924612,0.0661685144124168,0.0408713968957871,0.0,0.0,0.0085166297117516,0.0543015521064301,0.0022084257206208,0.0731729490022173,0.0
2014-10-11 17:00:00,1.1964513274336284,0.0651880530973451,0.038429203539823,0.0,0.0,0.044825221238938,0.0636592920353982,0.0020530973451327,0.0,0.0
2014-10-11 18:00:00,1.643130242825607,0.0715474613686534,0.0309183222958057,0.0,0.0045739514348785,0.0173399558498896,0.0426423841059602,0.0020640176600441,0.0,0.0
2014-10-11 19:00:00,1.312355408388521,0.0688167770419426,0.0336313465783664,0.0,0.0007571743929359,0.0040529801324503,0.0306423841059602,0.0116865342163355,0.1369713024282561,0.0
2014-10-11 20:00:00,0.4683907284768212,0.0664282560706401,0.0348543046357615,0.0,0.0,0.020728476821192,0.0304834437086092,0.0021523178807947,0.0,0.0283465783664459
2014-10-11 21:00:00,0.5999558498896247,0.0640353200883002,0.0298741721854304,0.0,0.0,0.0133377483443708,0.0557549668874172,0.0020110375275938,0.064887417218543,0.0471412803532008
2014-10-11 22:00:00,0.4321150442477876,0.0635685840707964,0.0270730088495575,0.0,0.0,0.0558340707964601,0.0583053097345132,0.0020685840707964,0.0,0.0171393805309734
2014-10-11 23:00:00,0.2917627494456762,0.0630155210643015,0.022580931263858,0.0,0.0,0.0199933481152993,0.0212971175166297,0.0024878048780487,0.0,0.0027915742793791
2014-10-12 00:00:00,0.1796923076923076,0.0591912087912087,0.0185802197802197,0.0,0.0,0.004,0.0180505494505494,0.0026593406593406,0.0,0.0
2014-10-12 01:00:00,0.1810862831858407,0.0581283185840708,0.0330442477876106,0.0,0.0,0.0039955752212389,0.017971238938053,0.0027234513274336,0.0,0.0
2014-10-12 02:00:00,0.1740374449339207,0.0534977973568281,0.0336035242290748,0.0,0.0,0.0039977973568281,0.017863436123348,0.0028149779735682,0.0,0.0
2014-10-12 03:00:00,0.1821084337349397,0.0564361445783132,0.0288867469879518,0.0,0.0,0.004,0.0175614457831325,0.0027975903614457,0.0,0.0
2014-10-12 04:00:00,0.1856511111111111,0.0510822222222222,0.0294933333333333,0.0,0.0,0.0039977777777777,0.0179555555555555,0.0029222222222222,0.0,0.0
2014-10-12 05:00:00,0.1728093126385809,0.0504678492239467,0.0140221729490022,0.0,0.0,0.0039977827050997,0.018,0.0028758314855875,0.0,0.0
2014-10-12 06:00:00,0.1738129175946547,0.049467706013363,0.0236146993318485,0.0,0.0,0.0039933184855233,0.016316258351893,0.0025501113585746,0.0,0.0
2014-10-12 07:00:00,0.1735088495575221,0.0491969026548672,0.0330597345132743,0.0,0.0,0.0040243362831858,0.0176592920353982,0.0022057522123893,0.0,0.0
2014-10-12 08:00:00,0.8530110864745011,0.0486917960088691,0.0332882483370288,0.0,0.0,0.0040155210643015,0.0169689578713968,0.0020376940133037,0.1874079822616408,0.0
2014-10-12 09:00:00,1.5045033557046978,0.0482102908277404,0.0322013422818791,0.0,8.7248322147651e-05,0.0096062639821029,0.0179149888143176,0.0373042505592841,0.1488456375838926,0.0
2014-10-12 10:00:00,0.2050133928571428,0.0490334821428571,0.0168973214285714,0.0,0.0,0.0064955357142857,0.0180669642857142,0.002375,0.0400915178571428,0.0
2014-10-12 11:00:00,0.1700977777777777,0.0483888888888888,0.0153733333333333,0.0,0.0,0.004,0.0181244444444444,0.00242,0.0,0.0
2014-10-12 12:00:00,0.9085066964285714,0.0514508928571428,0.031953125,0.0,0.0,0.0039955357142857,0.0180870535714285,0.0025892857142857,0.0,0.0
2014-10-12 13:00:00,0.4130601336302895,0.0516926503340757,0.035674832962138,0.0,0.0,0.004,0.0176236080178173,0.00256570155902,0.0,0.0
2014-10-12 14:00:00,0.4998719646799117,0.0557130242825607,0.031335540838852,0.0,0.0,0.0039911699779249,0.0156578366445916,0.0026291390728476,0.2606313465783664,0.0
2014-10-12 15:00:00,0.2470969162995594,0.0607753303964757,0.0358105726872246,0.0,0.0,0.0612290748898678,0.0158700440528634,0.0020550660792951,0.0,0.0
2014-10-12 16:00:00,0.266150442477876,0.0609712389380531,0.0349800884955752,0.0,0.0,0.0788053097345132,0.0215287610619469,0.0020243362831858,0.0,0.0
2014-10-12 17:00:00,1.3833893805309736,0.0615265486725663,0.0299977876106194,0.0,0.0,0.0789446902654867,0.0180353982300884,0.0020641592920353,0.0,0.0
2014-10-12 18:00:00,0.5527028824833703,0.0611330376940133,0.0284235033259423,0.0,0.0,0.0803968957871396,0.0180820399113082,0.0020110864745011,0.1855077605321507,0.0
2014-10-12 19:00:00,0.489728285077951,0.0612293986636971,0.0448730512249443,0.0,0.0,0.0637817371937639,0.0180289532293986,0.0020668151447661,0.1010155902004454,0.0
2014-10-12 20:00:00,0.3591371681415929,0.0605884955752212,0.0350641592920354,0.0,0.0,0.0703384955752212,0.0180331858407079,0.0020530973451327,0.0,0.0
2014-10-12 21:00:00,0.6126615044247787,0.0612964601769911,0.0344889380530973,0.0,0.0,0.102933628318584,0.0180398230088495,0.0021238938053097,0.0916769911504424,0.0
2014-10-12 22:00:00,0.3116924778761061,0.0605995575221239,0.0302699115044247,0.0,0.0,0.0263849557522123,0.0180641592920354,0.0021946902654867,0.0,0.0009623893805309
2014-10-12 23:00:00,0.1847417218543046,0.0611456953642384,0.028,0.0,0.0,0.0039977924944812,0.0180816777041942,0.0025077262693156,0.0,0.0
2014-10-13 00:00:00,0.1793082039911308,0.0613237250554323,0.0303569844789356,0.0,0.0,0.004,0.0191197339246119,0.0026740576496674,0.0,0.0
2014-10-13 01:00:00,0.1727711111111111,0.0543844444444444,0.0321511111111111,0.0,0.0,0.0040088888888888,0.0180711111111111,0.0025711111111111,0.0,0.0
2014-10-13 02:00:00,0.17336,0.05136,0.0366311111111111,0.0,0.0,0.004,0.0180555555555555,0.0025577777777777,0.0,0.0
2014-10-13 03:00:00,0.1739046563192904,0.0513281596452328,0.0374190687361419,0.0,0.0,0.0039977827050997,0.0180997782705099,0.0026895787139689,0.0,0.0
2014-10-13 04:00:00,0.1771130820399113,0.0502017738359201,0.0319556541019955,0.0,0.0,0.0039955654101995,0.0180776053215077,0.0028070953436807,0.0,0.0
2014-10-13 05:00:00,0.1713924611973392,0.0535232815964523,0.0239268292682926,0.0,0.0,0.004,0.0180687361419068,0.0026252771618625,0.0,0.0
2014-10-13 06:00:00,0.1742345132743362,0.0498030973451327,0.0164800884955752,0.0,0.0,0.0039955752212389,0.0180730088495575,0.0021438053097345,0.0,0.0
2014-10-13 07:00:00,0.5363407572383073,0.0625567928730512,0.0266859688195991,0.0,2.4498886414253896e-05,0.004022271714922,0.018109131403118,0.0768285077951002,0.2038841870824053,0.0
2014-10-13 08:00:00,0.297719646799117,0.0614238410596026,0.0390618101545253,0.0,0.0,0.0163818984547461,0.0180684326710816,0.0020176600441501,0.0259646799116997,0.0
2014-10-13 09:00:00,0.2384057971014492,0.0573022774327122,0.0448240165631469,0.0,0.0,0.0208819875776397,0.0179979296066252,0.0020082815734989,0.0,0.0
2014-10-13 10:00:00,0.2381920289855072,0.0196847826086956,0.0680978260869565,0.0,0.0,0.0407083333333333,0.0179909420289855,0.0020072463768115,0.0,0.0
2014-10-13 11:00:00,0.3601632270168856,0.0615891181988743,0.0156941838649155,0.0,0.0,0.0522795497185741,0.0179343339587242,0.0020018761726078,0.0766566604127579,0.0
2014-10-13 12:00:00,0.3454390243902439,0.0629587242026266,0.0132682926829268,0.0,0.0,0.0528105065666041,0.017921200750469,0.0020037523452157,0.0709380863039399,0.0
2014-10-13 13:00:00,0.4517420560747663,0.0625364485981308,0.0308317757009345,0.0,0.0003476635514018,0.0397439252336448,0.0173700934579439,0.0259420560747663,0.1678093457943925,0.0
2014-10-13 14:00:00,0.3070692883895131,0.0608670411985018,0.0403932584269662,0.0,0.0,0.0517771535580524,0.0176760299625468,0.0020205992509363,0.027250936329588,0.0
2014-10-13 15:00:00,0.3606123595505618,0.0523258426966292,0.038565543071161,0.0,0.0,0.0521310861423221,0.0176872659176029,0.002065543071161,0.0500187265917603,0.0
2014-10-13 16:00:00,0.3528579439252337,0.0575700934579439,0.0235065420560747,0.0,0.0,0.0199177570093457,0.0175289719626168,0.0020056074766355,0.0479943925233644,0.0
2014-10-13 17:00:00,1.2467579143389198,0.0570540037243947,0.0253370577281191,0.0,0.0008566108007448,0.0040037243947858,0.0180614525139664,0.0020037243947858,0.0,0.0
2014-10-13 18:00:00,0.5345214152700187,0.0572495344506517,0.0377318435754189,0.0,0.0,0.0217579143389199,0.0180595903165735,0.002,0.0741862197392923,0.0
2014-10-13 19:00:00,0.7614858757062146,0.056834274952919,0.0257570621468926,0.0,0.0,0.0843107344632768,0.0180696798493408,0.0020037664783427,0.0431280602636534,0.0
2014-10-13 20:00:00,0.5270359168241966,0.058984877126654,0.0278695652173913,0.0,0.0,0.095234404536862,0.0180756143667296,0.0020604914933837,0.0993024574669187,0.0328620037807183
2014-10-13 21:00:00,0.5227565543071161,0.0678576779026217,0.0254794007490636,0.0,0.0001142322097378,0.0872734082397003,0.0299475655430711,0.0732996254681647,0.0500468164794007,0.0035430711610486
2014-10-13 22:00:00,0.518031954887218,0.0684774436090225,0.0370601503759398,0.0,0.0,0.014078947368421,0.0561221804511278,0.0023402255639097,0.0,0.0
2014-10-13 23:00:00,0.2437250470809793,0.068015065913371,0.0268662900188323,0.0,0.0,0.005713747645951,0.0180960451977401,0.0023634651600753,0.0,0.0
2014-10-14 00:00:00,0.1914981273408239,0.0688988764044944,0.0277940074906367,0.0,0.0,0.004,0.0180711610486891,0.0026573033707865,0.0,0.0
2014-10-14 01:00:00,0.1788139097744361,0.0686936090225563,0.0105112781954887,0.0,0.0,0.0039981203007518,0.0171372180451127,0.0025112781954887,0.0,0.0
2014-10-14 02:00:00,0.1975,0.0686447368421052,0.0190451127819548,0.0,0.0,0.0039924812030075,0.0150206766917293,0.0024868421052631,0.0,0.0003270676691729
2014-10-14 03:00:00,0.2066175373134328,0.0686361940298507,0.0285242537313432,0.0,0.0,0.0040018656716417,0.016740671641791,0.0025914179104477,0.0,0.0
2014-10-14 04:00:00,0.2184570895522388,0.0666175373134328,0.029570895522388,0.0,0.0,0.0039981343283582,0.016330223880597,0.0025746268656716,0.0,0.0
2014-10-14 05:00:00,0.2209046728971962,0.0594897196261682,0.0294056074766355,0.0,0.0,0.0039962616822429,0.017226168224299,0.0023364485981308,0.0,0.0
2014-10-14 06:00:00,0.1951033834586466,0.0567800751879699,0.0073872180451127,0.0,0.0,0.0039981203007518,0.0176917293233082,0.0022105263157894,0.0,0.0
2014-10-14 07:00:00,0.6999570093457944,0.0535065420560747,0.0227457943925233,0.0,0.0,0.004011214953271,0.0175476635514018,0.0020205607476635,0.159611214953271,0.0
2014-10-14 08:00:00,0.3506071428571428,0.0521860902255639,0.0305432330827067,0.0,0.0,0.0172575187969924,0.0167443609022556,0.0020093984962406,0.1161203007518797,0.0
2014-10-14 09:00:00,0.8190677966101695,0.051578154425612,0.0321563088512241,0.0,0.3429905838041431,0.0497363465160075,0.0168549905838041,0.002,0.0,0.0
2014-10-14 10:00:00,0.3710093457943925,0.0522411214953271,0.0316803738317757,0.0,0.0235009345794392,0.0490766355140186,0.017218691588785,0.0020897196261682,0.1061644859813084,0.0
2014-10-14 11:00:00,0.2688520599250936,0.0526104868913857,0.0042041198501872,0.0,0.0,0.0503988764044943,0.017816479400749,0.0022134831460674,0.0,0.0
2014-10-14 12:00:00,0.2616947565543071,0.0600617977528089,0.0312340823970037,0.0,0.0,0.051005617977528,0.0181217228464419,0.0022415730337078,0.0,0.0
2014-10-14 13:00:00,0.466330223880597,0.0629589552238805,0.0322014925373134,0.0,0.0,0.0251753731343283,0.0181231343283582,0.0022537313432835,0.1828451492537313,0.0
2014-10-14 14:00:00,0.2691117318435754,0.0662271880819366,0.0233463687150837,0.0,0.0,0.0486685288640595,0.0183370577281191,0.0022513966480446,0.0425418994413407,0.0
2014-10-14 15:00:00,0.339921200750469,0.0658799249530956,0.0098555347091932,0.0,0.0,0.0310806754221388,0.0180731707317073,0.0020450281425891,0.0,0.0
2014-10-14 16:00:00,1.1868052434456928,0.0652097378277153,0.0276610486891385,0.0,1.310861423220974e-05,0.0214775280898876,0.0180767790262172,0.0021235955056179,0.0,0.0
2014-10-14 17:00:00,1.677328947368421,0.0650488721804511,0.0304548872180451,0.0,7.894736842105263e-05,0.082203007518797,0.0181015037593984,0.0020563909774436,0.2623496240601504,0.0
2014-10-14 18:00:00,0.6946116322701689,0.0637279549718574,0.03006191369606,0.0,0.0,0.0792908067542214,0.0520337711069418,0.0020037523452157,0.0,0.0
2014-10-14 19:00:00,0.9540470809792844,0.0620282485875706,0.0352203389830508,0.0,0.0,0.0926026365348399,0.0567457627118644,0.0020338983050847,0.0882523540489642,0.0
2014-10-14 20:00:00,0.491888679245283,0.0498603773584905,0.0355396226415094,0.0,0.0,0.0836792452830188,0.0566169811320754,0.002188679245283,0.1011301886792452,0.0
2014-10-14 21:00:00,0.4742689393939394,0.0508030303030303,0.0270227272727272,0.0,0.00025,0.0678636363636363,0.0626685606060606,0.0737140151515151,0.0,0.0
2014-10-14 22:00:00,0.2873115671641791,0.0501026119402985,0.0282332089552238,0.0,1.1194029850746268e-05,0.0328843283582089,0.0332686567164179,0.0024347014925373,0.0,0.0
2014-10-14 23:00:00,0.1698820224719101,0.0517677902621722,0.0270861423220973,0.0,0.0,0.004,0.0180711610486891,0.0025168539325842,0.0,0.0
2014-10-15 00:00:00,0.1713208255159474,0.0581932457786116,0.017686679174484,0.0,0.0,0.0039962476547842,0.0180600375234521,0.002701688555347,0.0,0.0
2014-10-15 01:00:00,0.1832097378277153,0.0643202247191011,0.0178108614232209,0.0,0.0,0.004,0.0181179775280898,0.0024850187265917,0.0,0.0
2014-10-15 02:00:00,0.1944711359404096,0.064780260707635,0.0296648044692737,0.0,0.0,0.0039962756052141,0.018072625698324,0.0023184357541899,0.0,0.0
2014-10-15 03:00:00,0.1960986964618249,0.0647150837988826,0.0301433891992551,0.0,0.0,0.0039962756052141,0.0180949720670391,0.0025959031657355,0.0,0.0
2014-10-15 04:00:00,0.188449168207024,0.0649149722735674,0.0299112754158964,0.0,0.0,0.0039944547134935,0.0180443622920517,0.0268373382624768,0.0,0.0
2014-10-15 05:00:00,0.1741872659176029,0.0653052434456928,0.015376404494382,0.0,0.0,0.004,0.0180842696629213,0.0024232209737827,3.745318352059925e-06,0.0
2014-10-15 06:00:00,0.1728171641791044,0.0666753731343283,0.0148973880597014,0.0,0.0,0.0039944029850746,0.0180652985074626,0.0021212686567164,0.0,0.0
2014-10-15 07:00:00,0.4203521657250471,0.0569077212806026,0.0313785310734463,0.0,0.0,0.0081054613935969,0.0180772128060263,0.0020941619585687,0.1566967984934086,0.046653483992467
2014-10-15 08:00:00,0.3089239543726236,0.0516558935361216,0.0287908745247148,0.0,0.0,0.0389847908745247,0.0180703422053231,0.0021045627376425,0.0903212927756654,0.0
2014-10-15 09:00:00,0.225390977443609,0.0525432330827067,0.0299454887218045,0.0,0.0,0.0523233082706766,0.0180902255639097,0.0020733082706766,0.0,0.0
2014-10-15 10:00:00,0.3010528301886792,0.0516132075471698,0.0180981132075471,0.0,0.0,0.0500735849056603,0.0180754716981132,0.0021132075471698,0.0902150943396226,0.0
2014-10-15 11:00:00,0.2731878557874763,0.0504440227703984,0.0121461100569259,0.0,0.0,0.0404952561669829,0.0180853889943074,0.0020512333965844,0.0557324478178368,0.0
2014-10-15 12:00:00,0.32362278978389,0.0558899803536345,0.0293831041257367,0.0,0.0,0.0266994106090373,0.0180609037328094,0.0020785854616895,0.1120923379174852,0.0
2014-10-15 13:00:00,0.2484606741573033,0.0684812734082397,0.0302265917602996,0.0,0.0,0.0423632958801498,0.0180430711610486,0.0020767790262172,0.0110543071161048,0.0
2014-10-15 14:00:00,0.3422626641651032,0.0683714821763602,0.0311876172607879,0.0,0.0,0.0459305816135084,0.0179906191369606,0.0021031894934333,0.0841632270168855,0.0
2014-10-15 15:00:00,1.0806536312849162,0.0695065176908752,0.0157094972067039,0.0,0.0,0.0519534450651769,0.0180167597765363,0.1334934823091247,0.0440744878957169,0.0
2014-10-15 16:00:00,1.2845272045028144,0.0694971857410881,0.0206848030018761,0.0,0.0,0.054842401500938,0.018076923076923,0.0020168855534709,0.0,0.0
2014-10-15 17:00:00,1.6269774436090227,0.0684718045112782,0.0321522556390977,0.0,0.0,0.0344041353383458,0.018063909774436,0.002,0.1405,0.0
2014-10-15 18:00:00,1.0124427767354598,0.0580600375234521,0.0277148217636022,0.0,0.0,0.0160525328330206,0.0180412757973733,0.1458386491557223,0.0653245778611632,0.0
2014-10-15 19:00:00,0.5910756143667297,0.0529073724007561,0.0282495274102079,0.0,0.0,0.0704593572778828,0.0349168241965973,0.0020510396975425,0.1058714555765595,0.0009035916824196
2014-10-15 20:00:00,0.4203055028462998,0.0524459203036053,0.0321612903225806,0.0,0.0,0.0959905123339658,0.0257096774193548,0.0022182163187855,0.0,0.0015445920303605
2014-10-15 21:00:00,0.4759488636363636,0.0501609848484848,0.0381818181818181,0.0,0.0,0.1120113636363636,0.0633371212121212,0.0023958333333333,0.0,0.0008219696969696
2014-10-15 22:00:00,0.3981268939393939,0.0648484848484848,0.0305890151515151,0.0,0.0,0.0401003787878787,0.0422367424242424,0.0213181818181818,0.0,0.0012556818181818
2014-10-15 23:00:00,0.2206018867924528,0.0697924528301886,0.0402207547169811,0.0,0.0,0.004,0.0180716981132075,0.002543396226415,0.0,0.0008226415094339
2014-10-16 00:00:00,0.1958796992481203,0.0700206766917293,0.0270733082706766,0.0,0.0,0.0039981203007518,0.0180733082706766,0.0025225563909774,0.0,0.0008778195488721
2014-10-16 01:00:00,0.194691011235955,0.068878277153558,0.0286722846441947,0.0,0.0,0.0039981273408239,0.0180786516853932,0.0023314606741573,0.0,0.00075468164794
2014-10-16 02:00:00,0.1830393258426966,0.0693576779026217,0.0144737827715355,0.0,0.0,0.004,0.0180430711610486,0.0021554307116104,0.0,0.0007340823970037
2014-10-16 03:00:00,0.1720842696629213,0.0626685393258427,0.0151329588014981,0.0,0.0,0.0039756554307116,0.0180543071161048,0.0024625468164794,0.0,0.0008314606741573
2014-10-16 04:00:00,0.1686066790352504,0.0527847866419295,0.030430426716141,0.0,0.0,0.0042059369202226,0.018064935064935,0.0024415584415584,0.0,0.0008664192949907
2014-10-16 05:00:00,0.166875939849624,0.0514530075187969,0.029781954887218,0.0,0.0,0.0039981203007518,0.018063909774436,0.0021917293233082,0.0,0.0007142857142857
2014-10-16 06:00:00,0.1695018796992481,0.0511954887218045,0.0326447368421052,0.0,0.0,0.0039981203007518,0.0180582706766917,0.0020244360902255,0.0,0.0004981203007518
2014-10-16 07:00:00,0.5057909604519775,0.0567551789077212,0.0228210922787194,0.0,5.83804143126177e-05,0.0040131826741996,0.0180659133709981,0.0344369114877589,0.2632165725047081,0.0006610169491525
2014-10-16 08:00:00,0.2643867924528302,0.0674962264150943,0.0206075471698113,0.0,4.150943396226415e-05,0.0258056603773584,0.018054716981132,0.0154,2.4528301886792453e-05,0.0005754716981132
2014-10-16 09:00:00,0.2316139359698681,0.0677344632768361,0.0230677966101694,0.0,0.0,0.0133408662900188,0.0180866290018832,0.0020150659133709,0.0,0.0004030131826741
2014-10-16 10:00:00,0.3479018867924528,0.0689283018867924,0.031677358490566,0.0,0.0,0.0364301886792452,0.0180603773584905,0.0020169811320754,0.0717528301886792,0.0005
2014-10-16 11:00:00,0.2934642857142857,0.0699285714285714,0.0309360902255639,0.0,1.8796992481203007e-05,0.0467537593984962,0.0180751879699248,0.0106334586466165,0.0,0.0005187969924812
2014-10-16 12:00:00,0.2334590476190476,0.0641219047619047,0.0053409523809523,0.0,0.0,0.0334742857142857,0.0180704761904761,0.0020209523809523,0.0,0.0005866666666666
2014-10-16 13:00:00,0.3657687969924812,0.0508552631578947,0.0269887218045112,0.0,0.0,0.0761672932330827,0.0180770676691729,0.0020507518796992,0.0887800751879699,0.0006334586466165
2014-10-16 14:00:00,1.22530131826742,0.0528022598870056,0.0324293785310734,0.0,0.3874124293785311,0.1032146892655367,0.0180357815442561,0.0020564971751412,0.0725612052730696,0.0005951035781544
2014-10-16 15:00:00,0.7735940409683426,0.0524804469273743,0.027877094972067,0.0,0.0,0.0971992551210428,0.0180391061452513,0.0020986964618249,6.33147113594041e-05,0.0006294227188081
2014-10-16 16:00:00,1.155727954971857,0.0686116322701688,0.0309568480300187,0.0,0.0,0.0924183864915572,0.0180450281425891,0.0020168855534709,0.0,0.0005365853658536
2014-10-16 17:00:00,1.4912093457943925,0.0727383177570093,0.0262728971962616,0.0,6.728971962616822e-05,0.093822429906542,0.018033644859813,0.0132523364485981,0.1605345794392523,0.0005345794392523
2014-10-16 18:00:00,2.8129699812382736,0.0716585365853658,0.0346904315196998,0.0,6.378986866791745e-05,0.083187617260788,0.0180393996247654,0.0020112570356472,0.0968818011257035,0.0003789868667917
2014-10-16 19:00:00,0.4797059925093633,0.0724644194756554,0.0259307116104868,0.0,0.0,0.0713108614232209,0.0208333333333333,0.0020898876404494,0.0,0.0006797752808988
2014-10-16 20:00:00,0.5563190298507462,0.0711940298507462,0.0298712686567164,0.0,0.0,0.0898805970149253,0.0195279850746268,0.0020466417910447,0.0,0.0005690298507462
2014-10-16 21:00:00,0.4434116541353383,0.0537838345864661,0.019813909774436,0.0,0.0,0.0700845864661654,0.0509003759398496,0.0022838345864661,0.0,0.0007255639097744
2014-10-16 22:00:00,0.4302377358490566,0.0526150943396226,0.0374188679245283,0.0,0.0,0.0147245283018867,0.040666037735849,0.0022358490566037,0.0783132075471698,0.0007679245283018
2014-10-16 23:00:00,0.2015215759849906,0.0510694183864915,0.0314352720450281,0.0,0.0,0.0039981238273921,0.0180431519699812,0.0023508442776735,0.0,0.0007823639774859
2014-10-17 00:00:00,0.1908523364485981,0.0570859813084112,0.0299364485981308,0.0,0.0,0.004,0.0180542056074766,0.0026018691588785,0.0,0.0009028037383177
2014-10-17 01:00:00,0.186316479400749,0.0719513108614232,0.0273651685393258,0.0,0.0,0.0039943820224719,0.0180280898876404,0.0025543071161048,0.0,0.0008520599250936
2014-10-17 02:00:00,0.1839380863039399,0.0724690431519699,0.0230994371482176,0.0,0.0,0.004,0.0180750469043151,0.0027298311444652,0.0,0.000874296435272
2014-10-17 03:00:00,0.1837846441947565,0.0723333333333333,0.0210730337078651,0.0,0.0,0.004,0.0180543071161048,0.0027883895131086,0.0,0.0009007490636704
2014-10-17 04:00:00,0.1810915887850467,0.0714766355140187,0.0203869158878504,0.0,0.0,0.0039962616822429,0.0180785046728971,0.0026429906542056,0.0,0.0008691588785046
2014-10-17 05:00:00,0.1719347014925373,0.0559179104477612,0.0285895522388059,0.0,0.0,0.004,0.0180466417910447,0.0023376865671641,0.0,0.000776119402985
2014-10-17 06:00:00,0.169975791433892,0.0519236499068901,0.0290837988826815,0.0,0.0,0.004,0.0180837988826815,0.0022104283054003,0.0,0.0007411545623836
2014-10-17 07:00:00,0.3352330827067669,0.048937969924812,0.0297631578947368,0.0,0.0,0.0040131578947368,0.0180413533834586,0.0020112781954887,0.1389492481203007,0.0004924812030075
2014-10-17 08:00:00,0.6022900763358778,0.0506450381679389,0.0411679389312977,0.0,0.2534580152671756,0.0159312977099236,0.0180591603053435,0.0366603053435114,0.0336755725190839,0.0003969465648854
2014-10-17 09:00:00,0.476252808988764,0.0668539325842696,0.0349344569288389,0.0,0.07425468164794,0.0409007490636704,0.0180599250936329,0.002001872659176,0.0,0.000380149812734
2014-10-17 10:00:00,0.3639495327102803,0.0695476635514018,0.0283813084112149,0.0,0.0,0.0420485981308411,0.0180429906542056,0.0024897196261682,0.1084616822429906,0.0004728971962616
2014-10-17 11:00:00,0.2500992509363295,0.0698333333333333,0.0185205992509363,0.0,0.0,0.0418295880149812,0.018065543071161,0.0020187265917602,0.0,0.0004588014981273
2014-10-17 12:00:00,0.3821936090225564,0.0725977443609022,0.0252838345864661,0.0,0.0,0.0425864661654135,0.0180545112781954,0.0654887218045112,0.060625939849624,0.0005
2014-10-17 13:00:00,0.8978496240601505,0.0821597744360902,0.0346015037593984,0.0,0.2977030075187969,0.0155225563909774,0.0180526315789473,0.025172932330827,0.2447537593984962,0.0004981203007518
2014-10-17 14:00:00,0.3543308411214953,0.0592859813084112,0.0186429906542056,0.0,0.048833644859813,0.0323364485981308,0.0180542056074766,0.0020523364485981,0.0,0.000607476635514
2014-10-17 15:00:00,0.2753470149253731,0.0577555970149253,0.0200764925373134,0.0,0.0002985074626865,0.0440242537313432,0.0346977611940298,0.0021884328358208,0.0,0.000695895522388
2014-10-17 16:00:00,1.3124756554307115,0.057563670411985,0.0350468164794007,0.0,0.0,0.0432209737827715,0.0200187265917602,0.0752827715355805,0.0718333333333333,0.0007022471910112
2014-10-17 17:00:00,1.311565543071161,0.0815205992509363,0.0352977528089887,0.0,0.0,0.0420786516853932,0.0192584269662921,0.0020749063670411,0.0748052434456928,0.0005861423220973
2014-10-17 18:00:00,0.912872420262664,0.0829493433395872,0.0323001876172607,0.0,0.0,0.0401013133208255,0.0192851782363977,0.0020075046904315,0.0544727954971857,0.0004071294559099
2014-10-17 19:00:00,0.3840487804878049,0.0803470919324577,0.0312926829268292,0.0,0.0,0.1170750469043152,0.0192532833020637,0.0020093808630393,0.0060037523452157,0.0003846153846153
2014-10-17 20:00:00,0.4959867674858223,0.0743799621928166,0.0270189035916824,0.0,0.0,0.137413988657845,0.0192173913043478,0.0020586011342155,0.0927240075614366,0.0005141776937618
2014-10-17 21:00:00,0.4432504708097928,0.0595367231638418,0.0343088512241054,0.0,0.0,0.1030527306967984,0.020367231638418,0.0023408662900188,0.0511525423728813,0.0007627118644067
2014-10-17 22:00:00,0.3637690839694656,0.0588320610687022,0.0229599236641221,0.0,0.0,0.1087557251908397,0.0180248091603053,0.0021812977099236,0.0,0.0006870229007633
2014-10-17 23:00:00,0.2430922787193973,0.0554406779661016,0.0312580037664783,0.0,0.0,0.0100056497175141,0.0180489642184557,0.0023860640301318,0.0,0.0007928436911487
2014-10-18 00:00:00,0.2078120300751879,0.0749830827067669,0.0264078947368421,0.0,0.0,0.0040620300751879,0.0180507518796992,0.0024492481203007,0.0,0.0008214285714285
2014-10-18 01:00:00,0.2142063789868667,0.0799324577861163,0.0286378986866791,0.0,0.0,0.0039981238273921,0.0180412757973733,0.0023283302063789,0.0,0.0007636022514071
2014-10-18 02:00:00,0.2133501872659176,0.0798408239700374,0.0298014981273408,0.0,0.0,0.0039943820224719,0.0180486891385767,0.0025617977528089,0.0,0.0008483146067415
2014-10-18 03:00:00,0.2143721804511278,0.0785770676691729,0.0300131578947368,0.0,0.0,0.004,0.0180432330827067,0.0028026315789473,0.0,0.0009116541353383
2014-10-18 04:00:00,0.1621217228464419,0.0563501872659176,0.0213277153558052,0.0,0.0,0.004,0.0180561797752809,0.0027865168539325,0.0,0.0009082397003745
2014-10-18 05:00:00,0.1718217636022514,0.0528405253283302,0.0163189493433395,0.0,0.0,0.004,0.0180450281425891,0.0026060037523452,0.0,0.0008442776735459
2014-10-18 06:00:00,0.1896779026217228,0.0564157303370786,0.0235262172284644,0.0,0.0,0.004,0.0180393258426966,0.0020786516853932,6.741573033707865e-05,0.0006235955056179
2014-10-18 07:00:00,0.3384342105263158,0.0810357142857143,0.0303045112781954,0.0,0.0,0.0040187969924812,0.0180263157894736,0.0022142857142857,0.0992387218045112,0.0007105263157894
2014-10-18 08:00:00,0.5491011235955057,0.0802940074906367,0.0326760299625468,0.0,0.0,0.0122247191011235,0.0180561797752809,0.0021835205992509,0.274874531835206,0.000689138576779
2014-10-18 09:00:00,0.8003277153558053,0.0840973782771535,0.0502996254681647,0.0,0.2795262172284644,0.0625393258426966,0.0180430711610486,0.0020767790262172,0.1079700374531835,0.0005749063670411
2014-10-18 10:00:00,0.4032067669172932,0.0640300751879699,0.0453157894736842,0.0,0.0581522556390977,0.0559022556390977,0.0180488721804511,0.0020921052631578,0.0,0.0006447368421052
2014-10-18 11:00:00,0.2671196261682242,0.0560411214953271,0.0349495327102803,0.0,0.0,0.0549850467289719,0.01803738317757,0.0021682242990654,0.0,0.0310056074766355
2014-10-18 12:00:00,0.8498308270676691,0.0565432330827067,0.0319454887218045,0.0,0.0,0.0561654135338345,0.0180394736842105,0.002187969924812,0.0,0.0007048872180451
2014-10-18 13:00:00,0.5339679849340866,0.0754482109227872,0.0295951035781544,0.0,0.0,0.0905743879472693,0.0180395480225988,0.0022674199623352,0.1134406779661016,0.0007156308851224
2014-10-18 14:00:00,0.5718421052631579,0.087546992481203,0.0298007518796992,0.0,0.0,0.0625582706766917,0.0180263157894736,0.0021203007518796,0.0659285714285714,0.0006334586466165
2014-10-18 15:00:00,0.864060263653484,0.0883728813559322,0.041231638418079,0.0,3.2015065913371e-05,0.0571431261770244,0.0180451977401129,0.0157344632768361,0.0,0.0006949152542372
2014-10-18 16:00:00,1.0153698113207548,0.0651849056603773,0.0349132075471698,0.0,0.0,0.0679094339622641,0.0180358490566037,0.0020283018867924,0.0,0.0005490566037735
2014-10-18 17:00:00,1.3530113421550096,0.0559206049149338,0.0529470699432892,0.0,0.0,0.0978525519848771,0.0180245746691871,0.0020170132325141,0.0,0.0004177693761814
2014-10-18 18:00:00,0.6438617424242424,0.0558541666666666,0.0562348484848484,0.0,0.0004848484848484,0.0604431818181818,0.0179962121212121,0.0020227272727272,0.0,0.0004450757575757
2014-10-18 19:00:00,0.5218796992481204,0.0854755639097744,0.050640977443609,0.0,0.0,0.0614191729323308,0.0372744360902255,0.0020676691729323,0.1224078947368421,0.0005902255639097
2014-10-18 20:00:00,0.4250284629981024,0.1205996204933586,0.0314478178368121,0.0,0.0,0.0564952561669829,0.059662239089184,0.0021081593927893,0.0,0.0006261859582542
2014-10-18 21:00:00,0.3994971644612476,0.0718865784499054,0.0381852551984877,0.0,8.128544423440453e-05,0.0551663516068052,0.0533724007561436,0.0159017013232514,0.0,0.0007334593572778
2014-10-18 22:00:00,1.6872637571157496,0.0644573055028463,0.0449411764705882,0.0,0.0,0.1060512333965844,0.0221081593927893,0.0021404174573055,0.0,0.0006641366223908
2014-10-18 23:00:00,0.2801396226415094,0.0773849056603773,0.0339188679245283,0.0,0.0,0.034177358490566,0.0180320754716981,0.0023735849056603,0.0,0.0007716981132075
2014-10-19 00:00:00,0.2408283582089552,0.1026772388059701,0.0307462686567164,0.0,0.0,0.0039981343283582,0.0180447761194029,0.0026268656716417,0.0,0.0008787313432835
2014-12-01 00:00:00,0.1768209523809523,0.0574514285714285,0.0340457142857142,0.0,0.0,0.0039942857142857,0.0058895238095238,0.0026514285714285,0.0,0.0015847619047619
2014-12-01 01:00:00,0.1661070745697896,0.0565277246653919,0.020378585086042,0.0,0.0,0.004,0.0065468451242829,0.0025927342256214,0.0,0.0008661567877629
2014-12-01 02:00:00,0.1641973180076628,0.0570900383141762,0.0169597701149425,0.0,0.0,0.0039942528735632,0.0063908045977011,0.0027739463601532,0.0,0.0009214559386973
2014-12-01 03:00:00,0.178167619047619,0.057247619047619,0.0334685714285714,0.0,0.0,0.0039980952380952,0.0070266666666666,0.00276,0.0,0.0008666666666666
2014-12-01 04:00:00,0.1838432122370936,0.0559885277246653,0.0334760994263862,0.0,0.0,0.004,0.0071013384321223,0.0027877629063097,0.0,0.0008852772466539
2014-12-01 05:00:00,0.1839389312977099,0.0553129770992366,0.038912213740458,0.0,0.0,0.004,0.0078969465648854,0.0024446564885496,0.0,0.0007919847328244
2014-12-01 06:00:00,0.2057758620689655,0.0551609195402298,0.012507662835249,0.0,0.0,0.0039942528735632,0.0074789272030651,0.0020977011494252,0.0,0.0006455938697318
2014-12-01 07:00:00,0.7283580952380951,0.054175238095238,0.0243142857142857,0.0,0.0,0.0151466666666666,0.0074933333333333,0.0477847619047619,0.1767695238095238,0.0004133333333333
2014-12-01 08:00:00,0.318192748091603,0.0456125954198473,0.0326583969465648,0.0,0.0,0.0471889312977099,0.0066011450381679,0.0020038167938931,0.0,0.0003969465648854
2014-12-01 09:00:00,0.2660665399239544,0.0433631178707224,0.0338631178707224,0.0,0.0,0.0481539923954372,0.0063840304182509,0.0021102661596958,0.0,0.0005703422053231
2014-12-01 10:00:00,0.3451864406779661,0.0418097928436911,0.035045197740113,0.0,0.0,0.0479679849340866,0.0061073446327683,0.0020847457627118,0.1039604519774011,0.0006101694915254
2014-12-01 11:00:00,0.2358247619047619,0.0415047619047619,0.0316209523809523,0.0,0.0,0.0484438095238095,0.0073961904761904,0.0020114285714285,0.0055333333333333,0.0005714285714285
2014-12-01 12:00:00,0.2996458333333333,0.0437840909090909,0.0134715909090909,0.0,0.0,0.1158579545454545,0.0072007575757575,0.002028409090909,0.0,0.0005965909090909
2014-12-01 13:00:00,0.2923580952380952,0.0546209523809523,0.0311371428571428,0.0,0.0,0.0903466666666666,0.0071142857142857,0.0020647619047619,0.0,0.0005657142857142
2014-12-01 14:00:00,0.4058702290076336,0.0546202290076335,0.0347748091603053,0.0,0.0,0.0812690839694656,0.0062652671755725,0.0020801526717557,0.1292442748091603,0.0006603053435114
2014-12-01 15:00:00,1.5046896551724138,0.0544904214559386,0.0390862068965517,0.0,0.6141647509578544,0.1243850574712643,0.0068601532567049,0.002051724137931,0.2761015325670498,0.000551724137931
2014-12-01 16:00:00,0.8557794676806084,0.0539125475285171,0.0233422053231939,0.0,0.0,0.1153973384030418,0.0062509505703422,0.0020171102661596,0.1382471482889734,0.0004714828897338
2014-12-01 17:00:00,1.7767376425855514,0.0531349809885931,0.0318669201520912,0.0,0.0013307984790874,0.0934239543726235,0.0063555133079847,0.0020133079847908,0.0575304182509505,0.0004467680608365
2014-12-01 18:00:00,1.61239846743295,0.0527911877394636,0.027139846743295,0.0,0.0,0.0640191570881226,0.0070306513409961,0.002,0.0,0.0003965517241379
2014-12-01 19:00:00,1.0313561904761903,0.0526780952380952,0.04556,0.0,0.0,0.0741085714285714,0.0133447619047619,0.0020704761904761,0.1743809523809524,0.0005961904761904
2014-12-01 20:00:00,0.3919330783938814,0.0528604206500956,0.0314072657743785,0.0,0.0,0.1046558317399617,0.0153040152963671,0.0021242829827915,0.0,0.003548757170172
2014-12-01 21:00:00,0.5197333333333334,0.047895238095238,0.0256342857142857,0.0,0.0,0.0724780952380952,0.0170666666666666,0.0020247619047619,0.0785942857142857,0.0063809523809523
2014-12-01 22:00:00,0.3749386973180076,0.0430977011494252,0.0292835249042145,0.0,0.0,0.0785038314176245,0.037411877394636,0.0021245210727969,0.0,0.0005862068965517
2014-12-01 23:00:00,0.2496003787878787,0.0410549242424242,0.0313011363636363,0.0,0.0,0.0296117424242424,0.0110643939393939,0.0025852272727272,0.0,0.000810606060606
2014-12-02 00:00:00,0.1545700757575757,0.0429015151515151,0.0333920454545454,0.0,0.0,0.004,0.0149924242424242,0.0026666666666666,0.0,0.0008598484848484
2014-12-02 01:00:00,0.1549770114942529,0.040471264367816,0.0258352490421455,0.0,0.0,0.004,0.0151436781609195,0.0027164750957854,0.0,0.0009080459770114
2014-12-02 02:00:00,0.166383877159309,0.0501650671785028,0.0377811900191938,0.0,0.0,0.004,0.0147965451055662,0.0026487523992322,0.0,0.0010115163147792
2014-12-02 03:00:00,0.1654512428298279,0.0528049713193116,0.0232447418738049,0.0,0.0,0.0040019120458891,0.0119560229445506,0.0027514340344168,0.0,0.0012753346080305
2014-12-02 04:00:00,0.1590133843212237,0.052793499043977,0.0149120458891013,0.0,0.0,0.0040038240917782,0.0108107074569789,0.0026500956022944,0.0,0.0009139579349904
2014-12-02 05:00:00,0.1730285171102661,0.0525931558935361,0.0303859315589353,0.0,0.0,0.0039980988593155,0.0086920152091254,0.002338403041825,0.0,0.0007851711026615
2014-12-02 06:00:00,0.199172744721689,0.0520940499040307,0.0275451055662188,0.0,0.0,0.0040019193857965,0.0084856046065259,0.0022744721689059,0.0,0.0007831094049904
2014-12-02 07:00:00,0.5671130268199234,0.0515842911877394,0.0274137931034482,0.0,0.0,0.0109578544061302,0.0090689655172413,0.0475804597701149,0.1756570881226053,0.000427203065134
2014-12-02 08:00:00,0.3635992366412213,0.0512022900763358,0.0310458015267175,0.0,0.0,0.0316908396946564,0.0088053435114503,0.0020839694656488,0.072030534351145,0.0004522900763358
2014-12-02 09:00:00,0.2579193857965451,0.0508368522072936,0.0270652591170825,0.0,0.0,0.0487946257197696,0.0081132437619961,0.0020921305182341,0.0,0.0006468330134357
2014-12-02 10:00:00,0.243504743833017,0.0514307400379506,0.0238330170777988,0.0,0.0,0.0457381404174573,0.0083605313092979,0.0021043643263757,0.0,0.0006774193548387
2014-12-02 11:00:00,0.3247096774193548,0.0485028462998102,0.0177874762808349,0.0,0.0,0.0483377609108159,0.0085445920303605,0.0021328273244781,0.110796963946869,0.0006888045540796
2014-12-02 12:00:00,0.2177552182163187,0.0410246679316888,0.0178254269449715,0.0,0.0,0.0399582542694497,0.0087305502846299,0.0022732447817836,0.0,0.0007666034155597
2014-12-02 13:00:00,0.3957175572519084,0.0403759541984732,0.0303473282442748,0.0,8.396946564885496e-05,0.0120381679389312,0.0086507633587786,0.0698206106870229,0.136706106870229,0.0005190839694656
2014-12-02 14:00:00,0.8094011406844106,0.0405152091254752,0.0285114068441064,0.0,0.3757775665399239,0.0393593155893536,0.0096368821292775,0.0020038022813688,0.0,0.0004372623574144
2014-12-02 15:00:00,0.2551196911196911,0.0391679536679536,0.0325598455598455,0.0,0.0267471042471042,0.0433050193050193,0.0082972972972972,0.002007722007722,0.0,0.0004749034749034
2014-12-02 16:00:00,0.4120057471264368,0.0398409961685823,0.0306934865900383,0.0,0.0,0.0493812260536398,0.008375478927203,0.0020038314176245,0.0888735632183908,0.0004233716475095
2014-12-02 17:00:00,0.991522988505747,0.0486091954022988,0.0273180076628352,0.0,0.0002471264367816,0.0492068965517241,0.0083601532567049,0.152103448275862,0.1607835249042145,0.0003984674329501
2014-12-02 18:00:00,0.6819732313575525,0.0480841300191204,0.0317954110898661,0.0,9.751434034416826e-05,0.0139980879541108,0.0087590822179732,0.1320936902485659,0.1290267686424474,0.0006214149139579
2014-12-02 19:00:00,0.4558568702290076,0.0474217557251908,0.036412213740458,0.0,0.0063740458015267,0.0216507633587786,0.0088854961832061,0.0020458015267175,0.0115,0.0006087786259541
2014-12-02 20:00:00,0.3990611854684512,0.0463384321223709,0.02851051625239,0.0,0.0,0.0188107074569789,0.0089732313575525,0.002038240917782,0.0,0.0005755258126195
2014-12-02 21:00:00,2.467492337164751,0.0466053639846743,0.0272068965517241,0.0,0.0,0.0131762452107279,0.0360287356321839,0.0021168582375478,0.0,0.0005881226053639
2014-12-02 22:00:00,0.4111669865642994,0.046746641074856,0.0198214971209213,0.0,0.0001228406909788,0.0166852207293666,0.0210019193857965,0.0021420345489443,0.0414299424184261,0.0015796545105566
2014-12-02 23:00:00,0.2152203065134099,0.0453218390804597,0.0211685823754789,0.0,0.0,0.0040268199233716,0.0149904214559386,0.0025172413793103,0.0,0.0008218390804597
2014-12-03 00:00:00,0.174007662835249,0.0464789272030651,0.0207068965517241,0.0,0.0,0.0291590038314176,0.014323754789272,0.0025747126436781,0.0,0.0008467432950191
2014-12-03 01:00:00,0.173287619047619,0.0461371428571428,0.0296495238095238,0.0,0.0,0.0200742857142857,0.0063695238095238,0.0025009523809523,0.0,0.0011504761904761
2014-12-03 02:00:00,0.1567915869980879,0.0455621414913957,0.0300420650095602,0.0,0.0,0.0039942638623326,0.0073479923518164,0.0026214149139579,0.0,0.000887189292543
2014-12-03 03:00:00,0.1635613026819923,0.0452643678160919,0.0301973180076628,0.0,0.0,0.0039961685823754,0.0083505747126436,0.0027720306513409,0.0,0.0008850574712643
2014-12-03 04:00:00,0.1725258126195028,0.0449024856596558,0.0307017208413001,0.0,0.0,0.0039923518164435,0.007,0.0027131931166347,0.0,0.0008986615678776
2014-12-03 05:00:00,0.1583865384615384,0.0429711538461538,0.0136326923076923,0.0,0.0,0.004,0.0076557692307692,0.0023711538461538,0.0,0.0008480769230769
2014-12-03 06:00:00,0.1683557692307692,0.0343923076923076,0.0173230769230769,0.0,0.0,0.0039942307692307,0.0070788461538461,0.0022673076923076,0.0,0.000775
2014-12-03 07:00:00,0.3464789272030651,0.0356245210727969,0.0301513409961685,0.0,0.0,0.0074367816091954,0.0067681992337164,0.0020134099616858,0.0475536398467432,0.0005363984674329
2014-12-03 08:00:00,1.155596153846154,0.0328326923076923,0.0288596153846153,0.0,0.360601923076923,0.0199653846153846,0.007351923076923,0.0386346153846153,0.1959134615384615,0.0004038461538461
2014-12-03 09:00:00,0.6162848948374762,0.0315736137667304,0.0268432122370936,0.0,0.2470286806883365,0.046906309751434,0.0065353728489483,0.0020019120458891,0.0,0.0004588910133843
2014-12-03 10:00:00,0.8125057034220532,0.0442718631178707,0.0286673003802281,0.0,0.229254752851711,0.046509505703422,0.0073631178707224,0.0020361216730038,0.0668326996197718,0.0005760456273764
2014-12-03 11:00:00,0.2151281070745697,0.0437954110898661,0.0294608030592734,0.0,0.0,0.0388661567877629,0.0084378585086042,0.0020229445506692,0.0,0.0006003824091778
2014-12-03 12:00:00,0.2902759924385633,0.0450359168241965,0.0184574669187145,0.0,0.0001323251417769,0.0092249527410207,0.0121474480151228,0.0240245746691871,0.1012570888468809,0.0007107750472589
2014-12-03 13:00:00,1.2454263862332695,0.0457686424474187,0.0229923518164435,0.0,0.0,0.0047686424474187,0.0096252390057361,0.0021242829827915,0.1139674952198852,0.0006902485659655
2014-12-03 14:00:00,1.810750957854406,0.045683908045977,0.021875478927203,1.5679195402298851,0.0,0.0390881226053639,0.0075536398467432,0.0020344827586206,0.0,0.0005708812260536
2014-12-03 15:00:00,1.273911877394636,0.0530229885057471,0.0319157088122605,1.0346379310344829,0.0,0.0458888888888888,0.0090555555555555,0.0020229885057471,0.0,0.0005421455938697
2014-12-03 16:00:00,0.2623352490421456,0.0502260536398467,0.0333180076628352,0.0,0.0,0.0493716475095785,0.0096666666666666,0.0020019157088122,0.0,0.0004406130268199
2014-12-03 17:00:00,0.3566295585412668,0.0481996161228406,0.0351612284069097,0.0,0.0,0.0452821497120921,0.010214971209213,0.0020095969289827,0.0,0.0004952015355086
2014-12-03 18:00:00,0.5923288461538462,0.0481038461538461,0.0305288461538461,0.0,0.0002384615384615,0.0139596153846153,0.0101730769230769,0.1138134615384615,0.0,0.0005634615384615
2014-12-03 19:00:00,0.5335335892514396,0.0460518234165067,0.0323051823416506,0.0,0.0,0.0538445297504798,0.0104760076775431,0.0020403071017274,0.0860633397312859,0.000556621880998
2014-12-03 20:00:00,0.4715086372360844,0.0450287907869481,0.0309750479846449,0.0,0.0,0.0237082533589251,0.0077984644913627,0.0020921305182341,0.0671266794625719,0.0006948176583493
2014-12-03 21:00:00,0.5115142314990512,0.0448330170777988,0.0217343453510436,0.0,0.0,0.0155996204933586,0.0426546489563567,0.0020246679316888,0.0,0.0005180265654648
2014-12-03 22:00:00,0.4783173996175908,0.0442695984703632,0.0173269598470363,0.0,0.0,0.0156692160611854,0.0255564053537284,0.0021357552581261,0.1263938814531549,0.0008145315487571
2014-12-03 23:00:00,0.1547104761904761,0.0361047619047619,0.0218742857142857,0.0,0.0,0.0039828571428571,0.015615238095238,0.0024438095238095,0.0001523809523809,0.0008323809523809
2014-12-04 00:00:00,0.1492943396226415,0.0344207547169811,0.0314641509433962,0.0,0.0,0.0039905660377358,0.0158943396226415,0.0026,0.000377358490566,0.0008698113207547
2014-12-04 01:00:00,0.1489774011299435,0.0334369114877589,0.0323333333333333,0.0,0.0,0.0039755178907721,0.0109472693032015,0.0021412429378531,6.026365348399247e-05,0.0007175141242937
2014-12-04 02:00:00,0.1478411214953271,0.0329794392523364,0.0314672897196261,0.0,0.0,0.0039813084112149,0.0065925233644859,0.0021626168224299,1.1214953271028036e-05,0.0007158878504672
2014-12-04 03:00:00,0.1499792843691148,0.0432598870056497,0.0088003766478342,0.0,0.0,0.003984934086629,0.0075404896421845,0.002216572504708,0.0,0.0011977401129943
2014-12-04 04:00:00,0.1689323308270676,0.0447142857142857,0.0248984962406015,0.0,0.0,0.0039887218045112,0.0069360902255639,0.0024060150375939,0.0,0.0008853383458646
2014-12-04 05:00:00,0.1690075046904315,0.044358348968105,0.0330112570356472,0.0,0.0,0.0039662288930581,0.0061500938086303,0.0021463414634146,0.0,0.0007523452157598
2014-12-04 06:00:00,0.1857869158878504,0.0451177570093457,0.025803738317757,0.0,0.0,0.0039775700934579,0.0088504672897196,0.0022280373831775,0.0,0.0007775700934579
2014-12-04 07:00:00,0.468351606805293,0.0445652173913043,0.0160926275992438,0.0,0.0,0.0113610586011342,0.0072362948960302,0.0499584120982986,0.125882797731569,0.0067882797731569
2014-12-04 08:00:00,0.2898796992481203,0.0449097744360902,0.0205958646616541,0.0,0.0,0.0256353383458646,0.0066522556390977,0.0020300751879699,0.055296992481203,0.0031522556390977
2014-12-04 09:00:00,0.1977406015037593,0.0453101503759398,0.0299736842105263,0.0,0.0,0.0434868421052631,0.0088552631578947,0.0020187969924812,0.0,0.0005751879699248
2014-12-04 10:00:00,0.2104800759013282,0.0446015180265654,0.0306451612903225,0.0,0.0,0.0482011385199241,0.0065199240986717,0.0020227703984819,0.0,0.0005540796963946
2014-12-04 11:00:00,0.2899829222011385,0.045954459203036,0.0287836812144212,0.0,0.0,0.0484402277039848,0.0056944971537001,0.0020151802656546,0.0777571157495256,0.0005407969639468
2014-12-04 12:00:00,0.1816330798479087,0.0455931558935361,0.0052927756653992,0.0,0.0,0.038615969581749,0.006551330798479,0.0020228136882129,0.0,0.0005456273764258
2014-12-04 13:00:00,0.1560719696969696,0.0391742424242424,0.0287537878787878,0.0,0.0,0.0139469696969696,0.0081174242424242,0.002028409090909,0.0,0.0005795454545454
2014-12-04 14:00:00,0.3765132575757575,0.0347253787878787,0.0325757575757575,0.0,0.0,0.0325416666666666,0.0119696969696969,0.0020265151515151,0.2092140151515151,0.0005359848484848
2014-12-04 15:00:00,0.3621439393939393,0.0460643939393939,0.0319109848484848,0.0,0.0,0.0483977272727272,0.0156799242424242,0.0020094696969696,0.0,0.0004621212121212
2014-12-04 16:00:00,1.6890377358490567,0.0397641509433962,0.0085075471698113,0.0,0.0,0.0506056603773584,0.014866037735849,0.0020037735849056,0.0,0.0003320754716981
2014-12-04 17:00:00,1.8152830188679243,0.037354716981132,0.0216188679245283,0.0,8.113207547169811e-05,0.0330433962264151,0.0158415094339622,0.106443396226415,0.0817301886792453,0.0004415094339622
2014-12-04 18:00:00,0.5155226415094339,0.046366037735849,0.0399471698113207,0.0,0.0,0.0139603773584905,0.0151924528301886,0.0020452830188679,0.1161716981132075,0.0005943396226415
2014-12-04 19:00:00,0.4288920454545454,0.0465738636363636,0.0240227272727272,0.0,0.0,0.0921515151515151,0.015028409090909,0.0288901515151515,3.787878787878788e-06,0.0005833333333333
2014-12-04 20:00:00,0.4011593090211132,0.0465854126679462,0.0317428023032629,0.0,0.0,0.1004952015355086,0.0153704414587332,0.0128138195777351,0.0,0.0005662188099808
2014-12-04 21:00:00,0.4779161676646706,0.0469021956087824,0.0350099800399201,0.0,0.0,0.0643093812375249,0.037564870259481,0.0021816367265469,0.0,0.0006946107784431
2014-12-04 22:00:00,0.4340958083832335,0.0463213572854291,0.0288003992015968,0.0,0.0,0.0737704590818363,0.0447784431137724,0.0020758483033932,0.0707365269461077,0.00062874251497
2014-12-04 23:00:00,0.3187826086956521,0.0475576559546313,0.0283894139886578,0.0,0.0,0.0603894139886578,0.0190264650283553,0.0024555765595463,0.0,0.0007731568998109
2014-12-05 00:00:00,0.1872751423149905,0.0477779886148007,0.0292751423149905,0.0,0.0,0.007370018975332,0.0070872865275142,0.0024876660341555,0.0,0.0008690702087286
2014-12-05 01:00:00,0.1722699619771863,0.0468155893536121,0.0294866920152091,0.0,0.0,0.0041520912547528,0.0067243346007604,0.0023631178707224,0.0,0.0008498098859315
2014-12-05 02:00:00,0.1603526011560693,0.0477938342967244,0.0185915221579961,0.0,0.0,0.0039980732177263,0.0076396917148362,0.0026127167630057,0.0,0.0008458574181117
2014-12-05 03:00:00,0.1540321969696969,0.0472215909090909,0.0141458333333333,0.0,0.0,0.0039924242424242,0.007465909090909,0.0026590909090909,0.0,0.0009109848484848
2014-12-05 04:00:00,0.1519847908745247,0.0385608365019011,0.0307148288973384,0.0,0.0,0.0039980988593155,0.0065570342205323,0.0025342205323193,0.0,0.0008821292775665
2014-12-05 05:00:00,0.1483163841807909,0.0310527306967984,0.0307721280602636,0.0,0.0,0.0039887005649717,0.0081337099811676,0.0021713747645951,0.0,0.0007212806026365
2014-12-05 06:00:00,0.1939548872180451,0.0302913533834586,0.0247894736842105,0.0,0.0,0.004,0.0079417293233082,0.0022650375939849,0.0,0.0014830827067669
2014-12-05 07:00:00,0.6010936329588016,0.0380280898876404,0.022878277153558,0.0,3.745318352059925e-06,0.0048895131086142,0.0063595505617977,0.0469531835205992,0.201125468164794,0.0080786516853932
2014-12-05 08:00:00,0.3213408662900188,0.0458210922787193,0.0102862523540489,0.0,0.0,0.032924670433145,0.0068455743879472,0.0020131826741996,0.0,0.0040433145009416
2014-12-05 09:00:00,0.2684421252371916,0.0454060721062618,0.0308785578747628,0.0,0.0,0.0479373814041745,0.0133453510436432,0.0020113851992409,0.0,0.0003908918406072
2014-12-05 10:00:00,0.2416023166023166,0.0467142857142857,0.0304594594594594,0.0,0.0,0.0487104247104247,0.0132316602316602,0.0020328185328185,0.0,0.000565637065637
2014-12-05 11:00:00,0.3103830188679245,0.0463396226415094,0.0303792452830188,0.0,0.0,0.0422396226415094,0.0083264150943396,0.0020339622641509,0.0827792452830188,0.0005924528301886
2014-12-05 12:00:00,0.2128922495274102,0.0460264650283553,0.0130113421550094,0.0,0.0,0.0388449905482041,0.0076313799621928,0.002047258979206,0.0,0.0006049149338374
2014-12-05 13:00:00,0.2177609489051095,0.0419671532846715,0.0173813868613138,0.0,0.0,0.0398193430656934,0.0090602189781021,0.0021514598540145,0.0,0.0007700729927007
2014-12-05 14:00:00,0.1924488636363636,0.0493522727272727,0.0357329545454545,0.0,0.0,0.0081117424242424,0.0105397727272727,0.0021155303030303,0.0,0.0006912878787878
2014-12-05 15:00:00,2.018730038022813,0.0499790874524714,0.0304011406844106,0.0,0.0,0.018574144486692,0.009648288973384,0.0021007604562737,0.1838802281368821,0.0006064638783269
2014-12-05 16:00:00,1.62388122605364,0.049287356321839,0.0293601532567049,0.0,0.2641819923371647,0.0227126436781609,0.0077739463601532,0.0673026819923371,0.0,0.0004501915708812
2014-12-05 17:00:00,4.125049523809524,0.049647619047619,0.0352095238095238,0.0,0.1655295238095238,0.0132228571428571,0.0105638095238095,0.002,0.1336895238095238,0.0003771428571428
2014-12-05 18:00:00,0.5538441064638784,0.0487813688212927,0.0349695817490494,0.0,3.231939163498099e-05,0.0116216730038022,0.0108973384030418,0.0736197718631178,0.0,0.0003574144486692
2014-12-05 19:00:00,1.958235741444867,0.0469486692015209,0.0301197718631178,1.3648060836501903,0.0,0.0040988593155893,0.0113022813688212,0.0020133079847908,0.0600779467680608,0.000328897338403
2014-12-05 20:00:00,0.3391942857142857,0.0492361904761904,0.0331695238095238,0.0,0.0,0.0040514285714285,0.0238609523809523,0.0020571428571428,0.0,0.0005504761904761
2014-12-05 21:00:00,0.5031428571428571,0.0467009523809523,0.03152,0.0,0.0,0.0040628571428571,0.0289638095238095,0.0021923809523809,0.1054209523809523,0.0006495238095238
2014-12-05 22:00:00,0.3386053130929791,0.0464231499051233,0.0313415559772296,0.0,0.0,0.004134724857685,0.0120721062618595,0.0023776091081593,0.0,0.0007893738140417
2014-12-05 23:00:00,0.2662662835249042,0.0452509578544061,0.0251494252873563,0.0,0.0,0.0040536398467432,0.0120689655172413,0.002455938697318,0.0463639846743295,0.0007969348659003
2014-12-06 00:00:00,0.176875478927203,0.0443295019157088,0.0218793103448275,0.0,0.0,0.0040747126436781,0.0142892720306513,0.0024463601532567,0.0,0.0008084291187739
2014-12-06 01:00:00,0.1624564393939394,0.0437878787878787,0.0274412878787878,0.0,0.0,0.004123106060606,0.0078257575757575,0.0023882575757575,0.0,0.0007670454545454
2014-12-06 02:00:00,0.1582480916030534,0.0428568702290076,0.0393282442748091,0.0,0.0,0.0040667938931297,0.0089484732824427,0.0026297709923664,0.0,0.0008778625954198
2014-12-06 03:00:00,0.1639199999999999,0.0440171428571428,0.0365428571428571,0.0,0.0,0.0041847619047619,0.0085904761904761,0.002647619047619,0.0,0.0009390476190476
2014-12-06 04:00:00,0.1499866156787763,0.04268068833652,0.0061414913957934,0.0,0.0,0.0040879541108986,0.006868068833652,0.0028030592734225,0.0,0.0009158699808795
2014-12-06 05:00:00,0.1613555133079847,0.0402813688212927,0.0284410646387832,0.0,0.0,0.0042756653992395,0.01037072243346,0.0026844106463878,0.0,0.0009011406844106
2014-12-06 06:00:00,0.1933816793893129,0.0400877862595419,0.0309446564885496,0.0,0.0,0.0042786259541984,0.0066125954198473,0.0025038167938931,0.0,0.0008530534351145
2014-12-06 07:00:00,0.6370650095602295,0.0381720841300191,0.034963671128107,0.0,0.0,0.004057361376673,0.0086978967495219,0.0020286806883365,0.3295717017208413,0.0005697896749521
2014-12-06 08:00:00,1.1670323809523808,0.0377085714285714,0.0174819047619047,0.0,9.523809523809525e-06,0.0041123809523809,0.0078971428571428,0.0526171428571428,0.1752857142857142,0.0006228571428571
2014-12-06 09:00:00,0.7796022944550669,0.0413900573613766,0.0273862332695984,0.0,0.0,0.0040535372848948,0.0070458891013384,0.0020439770554493,0.2048087954110898,0.0004760994263862
2014-12-06 10:00:00,0.2489273422562141,0.0423307839388145,0.0385353728489483,0.0,0.0,0.0040152963671128,0.0127151051625239,0.0020305927342256,0.0056864244741873,0.0005640535372848
2014-12-06 11:00:00,0.2786685714285714,0.0425180952380952,0.0409219047619047,0.0,0.0,0.00452,0.0160799999999999,0.0023390476190476,0.0856780952380952,0.0007809523809523
2014-12-06 12:00:00,0.5386465028355387,0.0430037807183364,0.0210340264650283,0.0,0.0,0.004461247637051,0.0378336483931947,0.0023818525519848,0.2591115311909263,0.0007750472589792
2014-12-06 13:00:00,0.3288253358925144,0.0432399232245681,0.0192879078694817,0.0,6.525911708253359e-05,0.0041746641074856,0.0340940499040307,0.0133128598848368,0.1002802303262955,0.0007428023032629
2014-12-06 14:00:00,0.4349847036328872,0.0432256214149139,0.0320439770554493,0.0,0.0,0.0040133843212237,0.0159388145315487,0.0021395793499043,0.0,0.0007246653919694
2014-12-06 15:00:00,1.6989180952380951,0.0421980952380952,0.0342038095238095,0.0,0.0,0.057927619047619,0.0126419047619047,0.0020133333333333,0.0,0.0004514285714285
2014-12-06 16:00:00,2.1168346007604564,0.0431787072243346,0.0354429657794676,0.0,2.8517110266159696e-05,0.0040019011406844,0.0116939163498098,0.1375380228136882,0.102819391634981,0.0003003802281368
2014-12-06 17:00:00,2.3072982791587,0.0451414913957935,0.0329292543021032,0.0,5.353728489483748e-05,0.0084282982791587,0.010699808795411,0.0073422562141491,0.0507820267686424,0.0002313575525812
2014-12-06 18:00:00,2.613742307692308,0.0438,0.0287692307692307,0.0,0.0070923076923076,0.0078596153846153,0.0122403846153846,0.3164711538461539,0.1220615384615384,0.0004134615384615
2014-12-06 19:00:00,0.8486099426386233,0.0443097514340344,0.0347055449330783,0.0,0.0003193116634799,0.0040420650095602,0.0156902485659655,0.1738030592734225,0.0,0.0005869980879541
2014-12-06 20:00:00,0.5074168260038241,0.0442715105162523,0.0311548757170172,0.0,0.0,0.0040229445506692,0.0155965583173996,0.0021242829827915,0.1685487571701721,0.0006137667304015
2014-12-06 21:00:00,0.3486084452975048,0.044978886756238,0.0348253358925143,0.0,2.8790786948176583e-05,0.0042552783109404,0.0097581573896353,0.0102418426103646,0.0,0.0005489443378119
2014-12-06 22:00:00,0.3907843511450382,0.0449446564885496,0.0313606870229007,0.0,0.0,0.0041507633587786,0.0230648854961832,0.0022194656488549,0.0856125954198473,0.0006870229007633
2014-12-06 23:00:00,0.2545961538461538,0.039726923076923,0.0354730769230769,0.0,0.0,0.0041192307692307,0.010176923076923,0.0024788461538461,0.0,0.000826923076923
2014-12-07 00:00:00,0.1521858237547892,0.0350574712643678,0.0333563218390804,0.0,0.0,0.0042126436781609,0.0082394636015325,0.0026724137931034,0.0,0.000831417624521
2014-12-07 01:00:00,0.1604455066921606,0.0347514340344168,0.0361357552581261,0.0,0.0,0.0040458891013384,0.0081950286806883,0.0025430210325047,0.0,0.0008699808795411
2014-12-07 02:00:00,0.1613378119001919,0.0361324376199616,0.0278464491362763,0.0,0.0,0.0041996161228406,0.007936660268714,0.002493282149712,0.0,0.0008080614203454
2014-12-07 03:00:00,0.1708349328214971,0.0462591170825335,0.0153147792706333,0.0,0.0,0.0040614203454894,0.0080959692898272,0.0023704414587332,0.0,0.00078886756238
2014-12-07 04:00:00,0.1859348659003831,0.0478850574712643,0.030735632183908,0.0,0.0,0.0040613026819923,0.0087950191570881,0.0025708812260536,0.0,0.000875478927203
2014-12-07 05:00:00,0.1842103250478011,0.0489043977055449,0.0393996175908221,0.0,0.0,0.004265774378585,0.0086940726577437,0.0025793499043977,0.0,0.0008604206500956
2014-12-07 06:00:00,0.3002318007662835,0.0495536398467433,0.0255842911877394,0.0,0.0,0.0042068965517241,0.0077222222222222,0.0022950191570881,0.0857452107279693,0.0007835249042145
2014-12-07 07:00:00,0.43,0.0497542857142857,0.0160971428571428,0.0,0.0,0.0040590476190476,0.0075009523809523,0.0020495238095238,0.0568761904761904,0.00056
2014-12-07 08:00:00,0.5623866666666667,0.0497847619047619,0.0308419047619047,0.0,3.0476190476190475e-05,0.0040495238095238,0.0074171428571428,0.06848,0.1505257142857143,0.0005447619047619
2014-12-07 09:00:00,0.3028874045801527,0.0491469465648854,0.0358645038167938,0.0,0.0,0.0040076335877862,0.007324427480916,0.0020858778625954,0.1073492366412213,0.0005973282442748
2014-12-07 10:00:00,0.9952088122605364,0.0494137931034482,0.0365134099616858,0.0,0.0,0.0037835249042145,0.0058180076628352,0.0020938697318007,0.0340574712643678,0.0006360153256704
2014-12-07 11:00:00,0.243167619047619,0.0487085714285714,0.030847619047619,0.0,0.0,0.0032590476190476,0.0071561904761904,0.0020342857142857,0.0428209523809523,0.0005180952380952
2014-12-07 12:00:00,1.0678960302457468,0.0469981096408317,0.0297334593572778,0.0,0.0,0.0032495274102079,0.00951606805293,0.0020151228733459,0.0002419659735349,0.0004366729678638
2014-12-07 13:00:00,0.8998495238095238,0.0422628571428571,0.0381142857142857,0.0,0.0,0.0103047619047619,0.007495238095238,0.0335771428571428,0.1338933333333333,0.0004990476190476
2014-12-07 14:00:00,0.3884942965779467,0.0382091254752851,0.0322167300380228,0.0,2.091254752851711e-05,0.0375532319391634,0.0088992395437262,0.0439695817490494,0.1373060836501901,0.0006330798479087
2014-12-07 15:00:00,0.247393536121673,0.0357129277566539,0.0305969581749049,0.0,0.0,0.0686615969581749,0.0088098859315589,0.0021920152091254,0.0,0.0007148288973384
2014-12-07 16:00:00,0.4023352380952381,0.0340704761904761,0.034007619047619,0.0,0.0,0.0227561904761904,0.00784,0.0020133333333333,0.0791333333333333,0.0003714285714285
2014-12-07 17:00:00,1.1068,0.0397788461538461,0.0317384615384615,0.0,0.000151923076923,0.0137211538461538,0.0079923076923076,0.0099942307692307,0.0,0.0002057692307692
2014-12-07 18:00:00,0.8494222648752399,0.0456487523992322,0.0246660268714011,0.0,0.0,0.0135527831094049,0.0096026871401151,0.0020115163147792,0.2264913627639155,0.0003646833013435
2014-12-07 19:00:00,0.4523846153846154,0.0455711538461538,0.0261673076923076,0.0,0.0,0.0159115384615384,0.0123653846153846,0.0020115384615384,0.0,0.0004557692307692
2014-12-07 20:00:00,1.6698432122370936,0.0448355640535372,0.0321529636711281,0.0,0.0,0.0226673040152963,0.0138546845124282,0.0020669216061185,0.0,0.0005372848948374
2014-12-07 21:00:00,1.0941068702290075,0.0450019083969465,0.0338015267175572,0.0,0.0,0.0194751908396946,0.0139770992366412,0.0020820610687022,0.0,0.0007538167938931
2014-12-07 22:00:00,0.4037619047619047,0.0443790476190476,0.03728,0.0,0.0,0.0088857142857142,0.0125904761904761,0.0021542857142857,0.1189961904761904,0.0006628571428571
2014-12-07 23:00:00,0.1572367424242424,0.0447708333333333,0.0175890151515151,0.0,0.0,0.0039943181818181,0.0131893939393939,0.0024469696969696,0.0,0.0008295454545454
2014-12-08 00:00:00,0.1511138996138996,0.0447413127413127,0.0181389961389961,0.0,0.0,0.0039942084942084,0.0090868725868725,0.002503861003861,0.0,0.0008590733590733
2014-12-08 01:00:00,0.1625602294455067,0.0441261950286806,0.04068068833652,0.0,0.0,0.0039961759082217,0.0072160611854684,0.0023613766730401,0.0,0.0008030592734225
2014-12-08 02:00:00,0.1694083969465649,0.0450381679389313,0.0352309160305343,0.0,0.0,0.0039923664122137,0.0073473282442748,0.0023931297709923,0.0,0.0008416030534351
2014-12-08 03:00:00,0.135868320610687,0.0334637404580152,0.0103282442748091,0.0,0.0,0.0039942748091603,0.0084293893129771,0.0026698473282442,0.0,0.0009274809160305
2014-12-08 04:00:00,0.1407011494252873,0.0314789272030651,0.0293390804597701,0.0,0.0,0.004,0.0076168582375478,0.0027088122605363,0.0,0.0009099616858237
2014-12-08 05:00:00,0.1408893129770992,0.0307652671755725,0.0311259541984732,0.0,0.0,0.0039980916030534,0.0071641221374045,0.0025954198473282,0.0,0.0008816793893129
2014-12-08 06:00:00,0.1573187022900763,0.0362251908396946,0.0,0.0,0.0,0.0039885496183206,0.0075553435114503,0.0020553435114503,0.0,0.0006736641221374
2014-12-08 07:00:00,1.098207619047619,0.0431980952380952,0.0298590476190476,0.0,2.666666666666667e-05,0.0071733333333333,0.0071828571428571,0.0501580952380952,0.0416990476190476,0.0004514285714285
2014-12-08 08:00:00,0.4073778625954198,0.042942748091603,0.0338148854961832,0.0,0.0,0.0250973282442748,0.0070190839694656,0.002,0.1155362595419847,0.0003606870229007
2014-12-08 09:00:00,0.3472084130019121,0.0429694072657743,0.0390076481835564,0.0,0.0,0.005095602294455,0.0071567877629063,0.0020095602294455,0.0,0.0005124282982791
2014-12-08 10:00:00,0.2741542857142857,0.0429733333333333,0.0110971428571428,0.0,0.0,0.0033333333333333,0.0109180952380952,0.0021104761904761,0.0,0.0006838095238095
2014-12-08 11:00:00,0.1895485714285714,0.0433695238095238,0.017895238095238,0.0,0.0,0.0033238095238095,0.0087028571428571,0.0021580952380952,0.0,0.0007257142857142
2014-12-08 12:00:00,0.2970554493307839,0.0435372848948374,0.0302676864244741,0.0,0.0,0.0032906309751434,0.009095602294455,0.0021013384321223,0.0,0.000755258126195
2014-12-08 13:00:00,0.7719315589353611,0.0438441064638783,0.0307129277566539,0.0,0.0001216730038022,0.0033098859315589,0.0097585551330798,0.0322357414448669,0.0,0.0007281368821292
2014-12-08 14:00:00,0.4096287878787878,0.0441950757575757,0.0200719696969696,0.0,0.0,0.0033314393939393,0.0099090909090909,0.0021477272727272,0.0081969696969696,0.000780303030303
2014-12-08 15:00:00,0.331753320683112,0.0364971537001897,0.0238102466793168,0.0,0.0002182163187855,0.014381404174573,0.0107153700189753,0.0020967741935483,0.0901935483870967,0.0006565464895635
2014-12-08 16:00:00,2.022902485659656,0.0302428298279158,0.0230325047801147,0.0,0.4179827915869981,0.0257992351816443,0.011378585086042,0.002,0.1885640535372849,0.0021204588910133
2014-12-08 17:00:00,1.7624552380952383,0.02952,0.0310933333333333,0.0,0.0509142857142857,0.0211733333333333,0.0115961904761904,0.0154438095238095,0.154447619047619,0.0003828571428571
2014-12-08 18:00:00,0.6885297504798464,0.035067178502879,0.0295239923224568,0.0,1.1516314779270632e-05,0.0139001919385796,0.0111554702495201,0.0554817658349328,0.1015950095969289,0.0005431861804222
2014-12-08 19:00:00,0.5131702127659574,0.0417852998065764,0.0275841392649903,0.0,0.0,0.0225860735009671,0.0116441005802707,0.0020116054158607,0.0784893617021276,0.0004777562862669
2014-12-08 20:00:00,0.4365614366729679,0.0420567107750472,0.0314045368620037,0.0,0.0,0.0317164461247637,0.0120926275992438,0.0020718336483931,0.0,0.0006068052930056
2014-12-08 21:00:00,0.493936660268714,0.0426333973128598,0.0309481765834932,0.0,0.0,0.0271439539347408,0.0434740882917466,0.0020998080614203,0.0680268714011516,0.0019097888675623
2014-12-08 22:00:00,1.0294465648854962,0.0430877862595419,0.0307347328244274,0.0,0.5116698473282443,0.0667309160305343,0.0341145038167938,0.0020229007633587,0.042192748091603,0.0003969465648854
2014-12-08 23:00:00,0.2371366223908918,0.0415313092979127,0.0352182163187855,0.0,0.0,0.0134535104364326,0.0123795066413662,0.0022941176470588,0.0,0.0006812144212523
2014-12-09 00:00:00,0.16172,0.0417028571428571,0.0258666666666666,0.0,0.0,0.004007619047619,0.0123580952380952,0.00244,0.0,0.0007123809523809
2014-12-09 01:00:00,0.1490171428571428,0.0420304761904761,0.0175504761904761,0.0,0.0,0.0039961904761904,0.0127733333333333,0.0024895238095238,0.0,0.0007904761904761
2014-12-09 02:00:00,0.1432756653992395,0.0411140684410646,0.0110722433460076,0.0,0.0,0.0039923954372623,0.0129372623574144,0.0023079847908745,0.0,0.0006825095057034
2014-12-09 03:00:00,0.1516148007590133,0.0413282732447817,0.028258064516129,0.0,0.0,0.0039924098671726,0.0131612903225806,0.0021024667931688,0.0,0.0006129032258064
2014-12-09 04:00:00,0.1406011450381679,0.0313435114503816,0.0295763358778625,0.0,0.0,0.0039904580152671,0.0132290076335877,0.0021660305343511,0.0,0.0006603053435114
2014-12-09 05:00:00,0.1378218390804597,0.0278448275862068,0.0322164750957854,0.0,0.0,0.0039942528735632,0.0132318007662835,0.0022528735632183,0.0,0.0007203065134099
2014-12-09 06:00:00,0.1584091778202677,0.0252810707456978,0.0111663479923518,0.0,0.0,0.0039904397705544,0.0131128107074569,0.0020248565965583,0.0,0.0005200764818355
2014-12-09 07:00:00,0.5937958015267176,0.0381202290076335,0.0220419847328244,0.0,1.9083969465648854e-06,0.0146679389312977,0.0131679389312977,0.047604961832061,0.2584751908396946,0.0003778625954198
2014-12-09 08:00:00,0.3644372623574144,0.0416311787072243,0.0348155893536121,0.0,0.0,0.0181520912547528,0.0126844106463878,0.002,0.0595247148288973,0.000264258555133
2014-12-09 09:00:00,0.2601939163498099,0.0405988593155893,0.0270285171102661,0.0,0.0,0.0137756653992395,0.0114733840304182,0.002,0.0,0.0002281368821292
2014-12-09 10:00:00,0.3331564885496183,0.0421087786259542,0.0280877862595419,0.0,0.0,0.0164942748091603,0.0106221374045801,0.0020286259541984,0.1280057251908397,0.000456106870229
2014-12-09 11:00:00,0.203735922330097,0.0437009708737864,0.0264058252427184,0.0,0.0,0.0272951456310679,0.0110854368932038,0.0020368932038834,0.0,0.000578640776699
2014-12-09 12:00:00,0.4027290076335878,0.0423740458015267,0.0311603053435114,0.0,0.0,0.0290553435114503,0.0122442748091603,0.0803225190839694,0.0732977099236641,0.0005381679389312
2014-12-09 13:00:00,0.2440399239543726,0.0437832699619771,0.0208992395437262,0.0,0.0,0.0139904942965779,0.0137756653992395,0.0020399239543726,0.0336730038022813,0.0005969581749049
2014-12-09 14:00:00,0.300179584120983,0.0429810964083175,0.0205727788279773,0.0,0.0,0.0262381852551984,0.0137183364839319,0.0020699432892249,0.0893270321361058,0.0006521739130434
2014-12-09 15:00:00,0.552453154875717,0.0438814531548757,0.0235869980879541,0.0,9.177820267686424e-05,0.0530114722753346,0.0128967495219885,0.0020420650095602,0.1887017208413001,0.0005334608030592
2014-12-09 16:00:00,1.0409753787878788,0.0414488636363636,0.0277405303030303,0.0,0.0,0.0494337121212121,0.0125662878787878,0.0020018939393939,0.0,0.0003446969696969
2014-12-09 17:00:00,1.3482504780114724,0.0346347992351816,0.0280152963671128,0.0,0.0,0.0455544933078393,0.0137648183556405,0.0020019120458891,0.2016214149139579,0.0003728489483747
2014-12-09 18:00:00,0.5172432950191571,0.0350747126436781,0.027683908045977,0.0,6.130268199233716e-05,0.0139655172413793,0.0139655172413793,0.0451091954022988,0.0,0.0006111111111111
2014-12-09 19:00:00,0.5495496183206107,0.0347423664122137,0.0346965648854961,0.0,0.0,0.0599980916030534,0.0150362595419847,0.0020458015267175,0.1409942748091603,0.0005190839694656
2014-12-09 20:00:00,0.4953711538461538,0.0413192307692307,0.0274346153846153,0.0,0.0,0.1171942307692307,0.0108115384615384,0.0020596153846153,0.0624634615384615,0.0031634615384615
2014-12-09 21:00:00,0.468192748091603,0.0497652671755725,0.0231812977099236,0.0,0.0,0.0863358778625954,0.0361240458015267,0.0020648854961832,0.0,0.0021679389312977
2014-12-09 22:00:00,0.3998936605316973,0.0517300613496932,0.0200920245398773,0.0,0.0,0.0742331288343558,0.0276646216768916,0.0021983640081799,0.0111656441717791,0.0011002044989775
2014-12-09 23:00:00,0.1955788461538461,0.0514673076923076,0.0185096153846153,0.0,0.0,0.0068076923076923,0.0099826923076923,0.0022653846153846,0.0,0.0010480769230769
2014-12-10 00:00:00,0.1601520912547528,0.0511863117870722,0.0228650190114068,0.0,0.0,0.0039980988593155,0.0110494296577946,0.0023536121673003,0.0,0.0007699619771863
2014-12-10 01:00:00,0.1636374045801526,0.0515973282442748,0.0292614503816793,0.0,0.0,0.0039942748091603,0.0135133587786259,0.0024198473282442,0.0,0.0007938931297709
2014-12-10 02:00:00,0.165685009487666,0.0501518026565464,0.0290151802656546,0.0,0.0,0.0039962049335863,0.0089013282732447,0.0024724857685009,0.0,0.0008785578747628
2014-12-10 03:00:00,0.1706812977099236,0.0490706106870229,0.0294656488549618,0.0,0.0,0.0039942748091603,0.0086603053435114,0.0026068702290076,0.0,0.0008950381679389
2014-12-10 04:00:00,0.1730994263862332,0.0487304015296367,0.0284646271510516,0.0,0.0,0.0039980879541108,0.0070611854684512,0.0024875717017208,0.0,0.0008336520076481
2014-12-10 05:00:00,0.1525409523809524,0.0435714285714285,0.017007619047619,0.0,0.0,0.0039961904761904,0.0087295238095238,0.002287619047619,0.0,0.0007447619047619
2014-12-10 06:00:00,0.2867538167938931,0.0351564885496183,0.0185801526717557,0.0,0.0,0.0039942748091603,0.0085019083969465,0.0021145038167938,0.1069904580152671,0.0039370229007633
2014-12-10 07:00:00,0.4361816443594646,0.032925430210325,0.0297151051625239,0.0,0.0,0.0105028680688336,0.0082198852772466,0.0449196940726577,0.0944894837476099,0.0080076481835564
2014-12-10 08:00:00,0.2812944550669216,0.0327476099426386,0.0340172084130019,0.0,0.0,0.0312332695984703,0.0077227533460803,0.0020325047801147,0.0112638623326959,0.0034187380497131
2014-12-10 09:00:00,0.3227005758157389,0.043831094049904,0.0267907869481765,0.0,0.0,0.0490575815738963,0.0089539347408829,0.0020095969289827,0.1050825335892514,0.0004798464491362
2014-12-10 10:00:00,0.2228666666666666,0.0455866666666666,0.0316342857142857,0.0,0.0,0.0404895238095238,0.0117523809523809,0.0020247619047619,0.0,0.000575238095238
2014-12-10 11:00:00,0.2733977055449331,0.0464244741873805,0.0276175908221797,0.0,0.0,0.0396003824091778,0.008321223709369,0.0020439770554493,0.0563135755258126,0.0006271510516252
2014-12-10 12:00:00,1.008273946360153,0.0486072796934865,0.028727969348659,0.5753486590038315,0.0001532567049808,0.0258371647509578,0.008955938697318,0.0729808429118773,0.1205478927203065,0.0005402298850574
2014-12-10 13:00:00,1.2858361904761906,0.0486247619047619,0.0283295238095238,0.0,0.79652,0.0351980952380952,0.0050114285714285,0.0020114285714285,0.1264609523809523,0.0004628571428571
2014-12-10 14:00:00,0.7812704761904762,0.0472685714285714,0.0146514285714285,0.0,0.3861619047619047,0.0448228571428571,0.007575238095238,0.0020019047619047,0.0778419047619047,0.0004361904761904
2014-12-10 15:00:00,0.2123040152963671,0.0479369024856596,0.014038240917782,0.0,0.0,0.0484894837476099,0.0100057361376673,0.0020172084130019,0.0,0.0003919694072657
2014-12-10 16:00:00,1.2024103053435116,0.047486641221374,0.029118320610687,0.7482595419847328,0.0,0.0471164122137404,0.0051812977099236,0.0020057251908396,0.0,0.0003912213740458
2014-12-10 17:00:00,3.0152996183206104,0.051574427480916,0.0276507633587786,1.7998797709923664,0.0,0.0397881679389312,0.0073874045801526,0.0020057251908396,0.0783358778625954,0.0003473282442748
2014-12-10 18:00:00,1.7419484732824428,0.0432080152671755,0.0304255725190839,1.3293874045801526,0.0,0.0139255725190839,0.0079675572519083,0.0020400763358778,0.0,0.0004904580152671
2014-12-10 19:00:00,0.2437586206896551,0.0398812260536398,0.0318793103448275,0.0,0.0,0.013647509578544,0.0076360153256704,0.0020210727969348,0.0,0.0005038314176245
2014-12-10 20:00:00,0.2029616858237548,0.0399904214559386,0.0259061302681992,0.0,0.0,0.0132777777777777,0.0087183908045977,0.0020842911877394,0.0,0.0005727969348659
2014-12-10 21:00:00,0.5500727969348659,0.0339770114942528,0.0355057471264367,0.0,0.0,0.0371704980842911,0.0297816091954023,0.0021532567049808,0.1197107279693486,0.0005842911877394
2014-12-10 22:00:00,0.4212944550669216,0.0456730401529636,0.0256520076481835,0.0,0.0,0.0527782026768642,0.0272791586998087,0.0021089866156787,0.0,0.0009349904397705
2014-12-10 23:00:00,0.1776019047619047,0.0481866666666666,0.0205733333333333,0.0,0.0,0.0039942857142857,0.0083523809523809,0.0023180952380952,0.0,0.0007809523809523
2014-12-11 00:00:00,0.1558468809073724,0.0485576559546313,0.0158638941398865,0.0,0.0,0.0039943289224952,0.0067844990548204,0.002586011342155,0.0,0.0011871455576559
2014-12-11 01:00:00,0.1548693181818181,0.0485492424242424,0.0199337121212121,0.0,0.0,0.0039924242424242,0.0074640151515151,0.0024602272727272,0.0,0.0008200757575757
2014-12-11 02:00:00,0.1631174242424242,0.0482121212121212,0.0291723484848484,0.0,0.0,0.004,0.0077329545454545,0.0025189393939393,0.0,0.0008484848484848
2014-12-11 03:00:00,0.1717022900763359,0.0483358778625954,0.0296965648854961,0.0,0.0,0.0040019083969465,0.0066832061068702,0.0026145038167938,0.0,0.0008950381679389
2014-12-11 04:00:00,0.1747319391634981,0.0473079847908745,0.0297205323193916,0.0,0.0,0.0039961977186311,0.0090437262357414,0.0026368821292775,0.0,0.00087072243346
2014-12-11 05:00:00,0.1582395437262357,0.0480266159695817,0.0140779467680608,0.0,0.0,0.0039980988593155,0.0057756653992395,0.00237072243346,0.0,0.0008250950570342
2014-12-11 06:00:00,0.1793973384030418,0.0433422053231939,0.0160475285171102,0.0,0.0,0.0039923954372623,0.008722433460076,0.0021292775665399,0.0,0.0006615969581749
2014-12-11 07:00:00,0.2721219047619048,0.0324895238095238,0.028407619047619,0.0,0.0,0.0068361904761904,0.0065142857142857,0.0020057142857142,0.0378571428571428,0.0027561904761904
2014-12-11 08:00:00,0.3906299810246679,0.0315597722960151,0.0275351043643263,0.0,0.0,0.024258064516129,0.006819734345351,0.002,0.1681726755218216,0.0025142314990512
2014-12-11 09:00:00,0.188986641221374,0.0319236641221374,0.0268912213740458,0.0,0.0036641221374045,0.0483835877862595,0.0083053435114503,0.002,0.0,0.0003568702290076
2014-12-11 10:00:00,0.3404545454545454,0.0479924242424242,0.0280530303030303,0.0,0.0,0.1030227272727272,0.0064469696969696,0.0020018939393939,0.0931401515151515,0.0004261363636363
2014-12-11 11:00:00,0.3027243346007605,0.046115969581749,0.0160437262357414,0.0,0.0,0.115722433460076,0.0067110266159695,0.0020114068441064,0.0223859315589353,0.0004695817490494
2014-12-11 12:00:00,0.3410740037950664,0.0463074003795066,0.012853889943074,0.0,0.0,0.0944592030360531,0.008516129032258,0.0020056925996204,0.0655920303605313,0.0004667931688804
2014-12-11 13:00:00,0.3098764258555133,0.0473669201520912,0.0297376425855513,0.0,0.0,0.0639923954372623,0.0064942965779467,0.002009505703422,0.0669239543726235,0.0005038022813688
2014-12-11 14:00:00,1.4584160305343512,0.0465515267175572,0.0302767175572519,0.0,0.0,0.0616965648854961,0.0072423664122137,0.0020038167938931,0.1211564885496183,0.0004847328244274
2014-12-11 15:00:00,1.3405904761904763,0.0465809523809523,0.0279219047619047,0.0,0.0,0.1064647619047619,0.0086380952380952,0.0020114285714285,0.0,0.0004628571428571
2014-12-11 16:00:00,0.3614685714285714,0.0466704761904761,0.0203923809523809,0.0,0.0,0.1320952380952381,0.0056819047619047,0.0020171428571428,0.0,0.0005333333333333
2014-12-11 17:00:00,0.7061865384615384,0.0474942307692307,0.0147211538461538,0.0,0.0,0.1205346153846153,0.0091673076923076,0.0128826923076923,0.2864711538461538,0.0004826923076923
2014-12-11 18:00:00,1.0824373795761075,0.047412331406551,0.0312485549132947,0.0,0.0001657032755298,0.128140655105973,0.0065202312138728,0.1536416184971098,0.0,0.0003391136801541
2014-12-11 19:00:00,0.4298711538461538,0.0349557692307692,0.0252557692307692,0.0,0.0,0.1201096153846153,0.0073384615384615,0.0020038461538461,0.077675,0.0004615384615384
2014-12-11 20:00:00,0.2742100192678227,0.0341425818882466,0.0276242774566474,0.0,0.0,0.0961753371868978,0.0085587668593448,0.0021464354527938,0.0,0.0007052023121387
2014-12-11 21:00:00,0.4506300578034682,0.0338728323699421,0.0330558766859344,0.0,0.0,0.0699421965317919,0.0314373795761079,0.0020655105973025,0.0428420038535645,0.0005028901734104
2014-12-11 22:00:00,0.492967803030303,0.0423371212121212,0.0273503787878787,0.0,0.0,0.0936969696969697,0.0296041666666666,0.0021041666666666,0.0990719696969697,0.0006022727272727
2014-12-11 23:00:00,0.3316328871892925,0.0489751434034416,0.0301032504780114,0.0,0.0,0.0489942638623326,0.0125143403441682,0.0024034416826003,0.0,0.0007973231357552
2014-12-12 00:00:00,0.1738371212121212,0.0495757575757575,0.0311287878787878,0.0,0.0,0.0041420454545454,0.0073484848484848,0.0023352272727272,0.0,0.0008049242424242
2014-12-12 01:00:00,0.159487619047619,0.0509561904761904,0.0267104761904761,0.0,0.0,0.0039847619047619,0.0075885714285714,0.0022323809523809,0.0,0.0007580952380952
2014-12-12 02:00:00,0.1517533206831119,0.0514383301707779,0.0076489563567362,0.0,0.0,0.003977229601518,0.0078387096774193,0.0024326375711574,0.0,0.0008406072106261
2014-12-12 03:00:00,0.1607836812144212,0.0520037950664136,0.0301802656546489,0.0,0.0,0.0039867172675521,0.0058292220113851,0.0025920303605313,0.0,0.0008804554079696
2014-12-12 04:00:00,0.1736825095057034,0.0520950570342205,0.0330608365019011,0.0,0.0,0.0039828897338403,0.0062908745247148,0.0023859315589353,0.0,0.0008003802281368
2014-12-12 05:00:00,0.1717205323193916,0.0509391634980988,0.0216007604562737,0.0,0.0,0.0039790874524714,0.0082661596958174,0.0020456273764258,0.0,0.0005912547528517
2014-12-12 06:00:00,0.1697112810707456,0.0357036328871892,0.0109694072657743,0.0,0.0,0.0039885277246653,0.0066481835564053,0.0022007648183556,0.0,0.0006520076481835
2014-12-12 07:00:00,0.495139846743295,0.033007662835249,0.0313065134099616,0.0,0.0,0.0120708812260536,0.0072126436781609,0.0455402298850574,0.1606628352490421,0.0003984674329501
2014-12-12 08:00:00,0.2958954372623574,0.0314733840304182,0.0272205323193916,0.0,0.0,0.0184296577946768,0.0076425855513307,0.0020019011406844,0.0597433460076045,0.0002775665399239
2014-12-12 09:00:00,0.2481953578336557,0.0492263056092843,0.0295493230174081,0.0,0.0,0.0321818181818181,0.0072088974854932,0.0021315280464216,0.0,0.0006557059961315
2014-12-12 10:00:00,0.3583230174081238,0.0507253384912959,0.0302147001934235,0.0,0.0,0.048485493230174,0.0055106382978723,0.002090909090909,0.1085377176015473,0.0006576402321083
2014-12-12 11:00:00,0.2437234042553191,0.0488955512572533,0.0219090909090909,0.0,0.0,0.0481895551257253,0.0066170212765957,0.0021044487427466,0.0,0.0006963249516441
2014-12-12 12:00:00,0.349972972972973,0.0488687258687258,0.0171544401544401,0.0,0.0,0.0418861003861003,0.0085482625482625,0.0021505791505791,0.1372567567567567,0.0007104247104247
2014-12-12 13:00:00,0.3015686274509804,0.0473470588235294,0.0207647058823529,0.0,0.0,0.0361235294117647,0.006735294117647,0.0020058823529411,0.0746176470588235,0.0005058823529411
2014-12-12 14:00:00,0.2762383720930232,0.0473585271317829,0.0313934108527131,0.0,0.0,0.0401782945736434,0.0066802325581395,0.0020232558139534,0.0395232558139534,0.0005290697674418
2014-12-12 15:00:00,0.4984332688588008,0.0462804642166344,0.0322998065764023,0.0,0.0,0.0483791102514506,0.0077446808510638,0.0020444874274661,0.09021083172147,0.0005203094777562
2014-12-12 16:00:00,0.221530888030888,0.0338320463320463,0.0011602316602316,0.0,0.0,0.0483474903474903,0.0069266409266409,0.0020212355212355,0.0,0.0005366795366795
2014-12-12 17:00:00,0.3607980952380952,0.029375238095238,0.0325714285714285,0.0,0.0,0.0422895238095238,0.0069733333333333,0.0020171428571428,0.0715066666666666,0.000527619047619
2014-12-12 18:00:00,0.7440969581749048,0.0288403041825095,0.0325551330798479,0.0,2.091254752851711e-05,0.0139391634980988,0.0079296577946768,0.355754752851711,0.0112794676806083,0.0004695817490494
2014-12-12 19:00:00,0.4933652007648184,0.045282982791587,0.0346405353728489,0.0,0.0,0.0489426386233269,0.005717017208413,0.0150841300191204,0.0841663479923518,0.0005181644359464
2014-12-12 20:00:00,0.4369904580152671,0.04525,0.027398854961832,0.0,0.0,0.1277385496183206,0.0206412213740458,0.0020916030534351,0.0,0.0005763358778625
2014-12-12 21:00:00,0.4321330798479087,0.0439144486692015,0.0268650190114068,0.0,0.0,0.1059163498098859,0.0295817490494296,0.0020228136882129,0.0,0.0004904942965779
2014-12-12 22:00:00,0.5319846153846154,0.0441134615384615,0.0273999999999999,0.0,0.0,0.1109615384615384,0.0303346153846153,0.0021057692307692,0.0860365384615384,0.000675
2014-12-12 23:00:00,0.3996737451737451,0.0438243243243243,0.0269420849420849,0.0,0.0,0.1213281853281853,0.0291756756756756,0.0021389961389961,0.0,0.0006332046332046
2014-12-13 00:00:00,0.243208984375,0.043740234375,0.01407421875,0.0,0.0,0.08119140625,0.007517578125,0.002056640625,0.0,0.00062109375
2014-12-13 01:00:00,0.2225587668593449,0.0432080924855491,0.0167552986512524,0.0,0.0,0.0824894026974951,0.0079364161849711,0.0020462427745664,0.0,0.0006628131021194
2014-12-13 02:00:00,0.2200134357005758,0.0346890595009596,0.0317101727447216,0.0,0.0002456813819577,0.0814990403071017,0.0093147792706333,0.0021957773512476,0.0,0.0007600767754318
2014-12-13 03:00:00,0.1977335907335907,0.0266254826254826,0.0303648648648648,0.0,0.0,0.0809806949806949,0.0087258687258687,0.0023513513513513,0.0,0.0008243243243243
2014-12-13 04:00:00,0.1850885826771653,0.0253228346456692,0.028751968503937,0.0,0.0,0.0707244094488189,0.0099370078740157,0.0024980314960629,0.0,0.0008700787401574
2014-12-13 05:00:00,0.187080078125,0.043341796875,0.00356640625,0.0,0.0,0.06107421875,0.009375,0.00231640625,0.0,0.000818359375
2014-12-13 06:00:00,0.2295752895752895,0.0430405405405405,0.0298223938223938,0.0,0.0,0.0562972972972973,0.0086525096525096,0.002081081081081,0.0,0.0006718146718146
2014-12-13 07:00:00,0.267930966469428,0.0418362919132149,0.0291282051282051,0.0,0.0,0.0568244575936883,0.0109605522682445,0.0021005917159763,0.0,0.0007001972386587
2014-12-13 08:00:00,0.2485813492063492,0.0423849206349206,0.0293253968253968,0.0,0.0,0.0582936507936507,0.0095535714285714,0.0020515873015873,0.0,0.0006527777777777
2014-12-13 09:00:00,0.59220156555773,0.0408708414872798,0.0198825831702544,0.0,0.1392739726027397,0.0572407045009784,0.0089549902152641,0.0460958904109589,0.1786673189823875,0.0005694716242661
2014-12-13 10:00:00,1.3837705882352942,0.0410549019607843,0.019078431372549,0.0,0.5608274509803922,0.0615862745098039,0.0067411764705882,0.0020686274509803,0.0,0.0005254901960784
2014-12-13 11:00:00,0.3329221556886227,0.0420319361277445,0.0236626746506986,0.0,0.0260179640718562,0.003,0.0067804391217564,0.0021816367265469,0.1420159680638722,0.0006646706586826
2014-12-13 12:00:00,0.5519672801635992,0.0005910020449897,0.0319856850715746,0.0,0.1714907975460122,0.003,0.0294396728016359,0.0024867075664621,0.0,0.0007709611451942
2014-12-13 13:00:00,1.0302632911392404,0.0,0.0264632911392405,0.0,0.5098556962025317,0.003,0.0054455696202531,0.0021088607594936,0.0830126582278481,0.0006632911392405
2014-12-13 14:00:00,0.913279069767442,0.0321771019677996,0.0433184257602862,0.0,0.3657495527728086,0.0127441860465116,0.0005921288014311,0.0020393559928443,0.105695885509839,0.0002790697674418
2014-12-13 15:00:00,1.5811031128404671,0.0470272373540856,0.0343307392996109,0.0195194552529182,0.1411848249027237,0.0105369649805447,0.0136459143968871,0.0020194552529182,0.0515252918287937,0.0005466926070038
2014-12-13 16:00:00,3.813996031746032,0.0519742063492063,0.0146091269841269,2.0457301587301586,0.0,0.0742559523809523,0.0130079365079365,0.0020019841269841,0.0,0.0004404761904761
2014-12-13 17:00:00,2.7898277886497063,0.0529921722113502,0.0334872798434442,1.141215264187867,3.913894324853229e-06,0.0901506849315068,0.0131369863013698,0.0159432485322896,0.2436105675146771,0.0004970645792563
2014-12-13 18:00:00,0.4474097087378641,0.0450757281553398,0.0328155339805825,0.0039766990291262,3.300970873786408e-05,0.0758737864077669,0.0129145631067961,0.0102058252427184,0.0507766990291262,0.000535922330097
2014-12-13 19:00:00,0.487,0.0351961538461538,0.0280634615384615,0.0,0.0,0.0768173076923077,0.0114788461538461,0.0020480769230769,0.0997153846153846,0.0006057692307692
2014-12-13 20:00:00,0.3926853281853281,0.0322760617760617,0.0238262548262548,0.0,0.0,0.0666158301158301,0.0294498069498069,0.0020830115830115,0.0,0.0005830115830115
2014-12-13 21:00:00,0.3495184466019417,0.031231067961165,0.0229592233009708,0.0,0.0,0.0653436893203883,0.0474174757281553,0.0020116504854368,0.0,0.0004601941747572
2014-12-13 22:00:00,0.5856294820717132,0.0454561752988047,0.0272908366533864,0.0,0.0,0.0742470119521912,0.0456852589641434,0.0021155378486055,0.1471593625498007,0.0006254980079681
2014-12-13 23:00:00,0.3556627218934911,0.0445700197238658,0.0286153846153846,0.0,0.0,0.0586351084812623,0.0105384615384615,0.0023195266272189,0.0,0.0007988165680473
2014-12-14 00:00:00,0.2088817829457364,0.0446841085271317,0.0286821705426356,0.0,0.0005678294573643,0.0039883720930232,0.0126356589147286,0.0024302325581395,0.0,0.0008217054263565
2014-12-14 01:00:00,0.1668805394990366,0.0443699421965317,0.0296030828516377,0.0,0.0,0.0039922928709055,0.0131329479768786,0.002383429672447,0.0,0.000795761078998
2014-12-14 02:00:00,0.164095785440613,0.0450421455938697,0.0324482758620689,0.0,0.0,0.0039904214559386,0.0130095785440613,0.0024942528735632,0.0,0.0008716475095785
2014-12-14 03:00:00,0.1541497120921305,0.0447811900191938,0.0211996161228406,0.0,0.0,0.0039865642994241,0.0128675623800383,0.0025700575815738,0.0,0.0008464491362763
2014-12-14 04:00:00,0.1439748062015504,0.0441550387596899,0.0100852713178294,0.0,0.0,0.003984496124031,0.0130271317829457,0.0023527131782945,0.0,0.000813953488372
2014-12-14 05:00:00,0.1476602316602316,0.0382722007722007,0.0301389961389961,0.0,0.0,0.0039864864864864,0.0131389961389961,0.0022084942084942,0.0,0.0007934362934362
2014-12-14 06:00:00,0.1661776061776061,0.0284710424710424,0.0307818532818532,0.0,0.0,0.0039922779922779,0.0130791505791505,0.0020250965250965,0.0,0.0006100386100386
2014-12-14 07:00:00,0.1992222222222222,0.0274191033138401,0.0287699805068226,0.0,0.0,0.004,0.0128888888888888,0.0020214424951267,0.0,0.0005614035087719
2014-12-14 08:00:00,0.4530679611650485,0.0414990291262135,0.0176679611650485,0.0,0.0095650485436893,0.0039961165048543,0.0114233009708737,0.0485514563106796,0.1781087378640777,0.0005631067961165
2014-12-14 09:00:00,2.4891290944123314,0.0444682080924855,0.0302581888246628,0.0004007707129094,0.0267321772639691,0.0144296724470134,0.0111676300578034,0.0020597302504816,0.1049383429672447,0.0005703275529865
2014-12-14 10:00:00,0.1727078431372549,0.0455196078431372,0.0158470588235294,0.0,0.0,0.0045156862745098,0.0091039215686274,0.0020588235294117,0.0,0.0006019607843137
2014-12-14 11:00:00,0.3371210317460317,0.0448928571428571,0.0212380952380952,0.0,0.0,0.0045555555555555,0.008938492063492,0.0020119047619047,0.0,0.0004940476190476
2014-12-14 12:00:00,0.8760287907869482,0.047236084452975,0.0329078694817658,0.0,0.0,0.0039980806142034,0.0094357005758157,0.0020345489443378,0.069278310940499,0.0006046065259117
2014-12-14 13:00:00,1.1597807692307691,0.0480307692307692,0.0348153846153846,0.0,0.0,0.0039980769230769,0.0082884615384615,0.0020961538461538,0.0,0.0006461538461538
2014-12-14 14:00:00,1.0325673076923076,0.0506173076923076,0.0342826923076923,0.6984423076923078,0.0,0.0125615384615384,0.0093211538461538,0.0021192307692307,0.1083365384615384,0.0006788461538461
2014-12-14 15:00:00,0.4280174757281553,0.0384330097087378,0.0330640776699029,0.0,0.0,0.040831067961165,0.0105902912621359,0.0020582524271844,0.0687242718446601,0.0005941747572815
2014-12-14 16:00:00,0.5715306513409962,0.0351302681992337,0.036139846743295,0.0,0.0,0.0825938697318007,0.0111360153256704,0.0020134099616858,0.1394272030651341,0.0004597701149425
2014-12-14 17:00:00,0.5419883720930233,0.0326453488372093,0.0367887596899224,0.0,0.0,0.0649825581395349,0.0103701550387596,0.0020019379844961,0.0968565891472868,0.0003430232558139
2014-12-14 18:00:00,0.4068504854368932,0.0449747572815534,0.0295320388349514,0.0,0.0,0.0640932038834951,0.0088582524271844,0.0020038834951456,0.0,0.0004077669902912
2014-12-14 19:00:00,0.3744191033138401,0.0512163742690058,0.0276608187134502,0.0,0.0,0.0642884990253411,0.0082670565302144,0.0020058479532163,0.0,0.0003879142300194
2014-12-14 20:00:00,0.4691866404715127,0.0485933202357563,0.0299233791748526,0.0,0.0,0.065614931237721,0.0080078585461689,0.0020137524557956,0.1100137524557956,0.0003359528487229
2014-12-14 21:00:00,0.4696196078431373,0.0490647058823529,0.0368117647058823,0.0,0.0,0.0990372549019607,0.0148803921568627,0.0020039215686274,0.0,0.0002901960784313
2014-12-14 22:00:00,0.4935300970873786,0.0504699029126213,0.0252718446601941,0.0,0.0,0.123,0.0358990291262135,0.002031067961165,0.0,0.0006970873786407
2014-12-14 23:00:00,0.2848049713193116,0.0493824091778202,0.0294780114722753,0.0,0.0,0.049548757170172,0.0174034416826003,0.0022925430210325,0.0,0.0007456978967495
2014-12-15 00:00:00,0.1648645038167939,0.0494503816793893,0.0368473282442748,0.0,0.0,0.003986641221374,0.008442748091603,0.0021164122137404,0.0,0.0006450381679389
2014-12-15 01:00:00,0.1522045889101338,0.0355717017208412,0.0302409177820267,0.0,0.0,0.0039847036328871,0.0107456978967495,0.00217017208413,0.0,0.0007017208413001
2014-12-15 02:00:00,0.1529214559386973,0.0317049808429118,0.0373333333333333,0.0,0.0,0.0039865900383141,0.0097969348659003,0.0023448275862068,0.0,0.0008007662835249
2014-12-15 03:00:00,0.1416865384615384,0.0317846153846153,0.0163173076923076,0.0,0.0,0.0039826923076923,0.008876923076923,0.0025461538461538,0.0,0.0008538461538461
2014-12-15 04:00:00,0.1735297504798464,0.0492898272552783,0.0211132437619961,0.0,0.0,0.0039923224568138,0.0082303262955854,0.0026180422264875,0.0,0.0008445297504798
2014-12-15 05:00:00,0.1785640535372849,0.0486367112810707,0.0415946462715105,0.0,0.0,0.0039942638623326,0.0087992351816443,0.0022237093690248,0.0,0.0007533460803059
2014-12-15 06:00:00,0.18851051625239,0.0488279158699808,0.0265028680688336,0.0,0.0,0.0039923518164435,0.0098260038240917,0.0021261950286806,0.0,0.0006309751434034
2014-12-15 07:00:00,0.4758953488372093,0.046406976744186,0.0158953488372093,0.0,0.0,0.0099922480620155,0.0088197674418604,0.0455116279069767,0.1359496124031008,0.0004360465116279
2014-12-15 08:00:00,0.3770547945205479,0.0482270058708414,0.0225009784735812,0.0,0.0,0.023637964774951,0.0082191780821917,0.0024403131115459,0.0795283757338551,0.0006947162426614
2014-12-15 09:00:00,0.1718015414258188,0.0477225433526011,0.0241888246628131,0.0,0.0,0.0036589595375722,0.0084701348747591,0.0021271676300578,0.0,0.000655105973025
2014-12-15 10:00:00,0.2810329457364341,0.0457635658914728,0.0388527131782945,0.0,0.0,0.0032112403100775,0.0075562015503875,0.0021220930232558,0.074968992248062,0.0006434108527131
2014-12-15 11:00:00,0.2209103313840155,0.0312846003898635,0.0367582846003898,0.0,0.0,0.0032202729044834,0.0084775828460038,0.0022007797270955,0.0289844054580896,0.0007446393762183
2014-12-15 12:00:00,0.1799248554913294,0.0307649325626204,0.0162890173410404,0.0,0.0,0.0032350674373795,0.008888246628131,0.0023082851637764,0.0,0.0008015414258188
2014-12-15 13:00:00,0.3373582375478927,0.0370823754789272,0.0237816091954023,0.0,0.0,0.0032739463601532,0.0077586206896551,0.0023429118773946,0.1318180076628352,0.00077969348659
2014-12-15 14:00:00,0.2038647619047619,0.0491695238095238,0.028727619047619,0.0,0.0001219047619047,0.0032361904761904,0.0089219047619047,0.0023619047619047,0.0,0.0008323809523809
2014-12-15 15:00:00,0.7682106261859583,0.0484705882352941,0.029527514231499,0.0,0.0,0.0031821631878557,0.0085863377609108,0.0021631878557874,0.1499184060721062,0.000673624288425
2014-12-15 16:00:00,1.434281070745698,0.0481204588910133,0.0380975143403441,0.0,0.0,0.01,0.0079196940726577,0.0020726577437858,0.0,0.000585086042065
2014-12-15 17:00:00,1.5330912547528517,0.0485684410646387,0.0331197718631178,0.0,0.0,0.0386121673003802,0.0079524714828897,0.0020779467680608,0.0,0.0005988593155893
2014-12-15 18:00:00,0.7105296367112811,0.0477973231357552,0.0296959847036328,0.0,3.632887189292544e-05,0.0138011472275334,0.0077399617590822,0.0607686424474187,0.0,0.0003996175908221
2014-12-15 19:00:00,0.56533786407767,0.0469145631067961,0.0310854368932038,0.0,0.0,0.0207106796116504,0.0086679611650485,0.0020058252427184,0.138283495145631,0.0003805825242718
2014-12-15 20:00:00,0.3654684512428298,0.041868068833652,0.0295564053537284,0.0,0.0,0.0131434034416826,0.0106711281070745,0.0020267686424474,0.0,0.0003632887189292
2014-12-15 21:00:00,0.4368240917782027,0.0312065009560229,0.0309694072657743,0.0,0.0,0.0278565965583174,0.0131166347992351,0.0020401529636711,0.0,0.000491395793499
2014-12-15 22:00:00,0.464678776290631,0.0288585086042065,0.0357686424474187,0.0,0.0,0.0462562141491395,0.0420229445506692,0.0022294455066921,0.0682963671128107,0.0005869980879541
2014-12-15 23:00:00,0.2308546845124283,0.0381166347992351,0.0323632887189292,0.0,0.0,0.01351051625239,0.0131472275334608,0.0020879541108986,0.0,0.0005889101338432
2014-12-16 00:00:00,0.175812619502868,0.047019120458891,0.0290898661567877,0.0,0.0,0.003982791586998,0.0131453154875717,0.0021988527724665,0.0,0.0006921606118546
2014-12-16 01:00:00,0.1681245210727969,0.0461532567049808,0.0270574712643678,0.0,0.0,0.0039789272030651,0.0132088122605363,0.0023160919540229,0.0,0.0007758620689655
2014-12-16 02:00:00,0.1680817490494296,0.0457148288973384,0.0320779467680608,0.0,0.0,0.0039885931558935,0.013157794676806,0.0022832699619771,0.0,0.0007110266159695
2014-12-16 03:00:00,0.161530534351145,0.046604961832061,0.0239446564885496,0.0,0.0,0.003986641221374,0.0131641221374045,0.0021832061068702,0.0,0.0006965648854961
2014-12-16 04:00:00,0.17724,0.046815238095238,0.0395733333333333,0.0,0.0,0.0039904761904761,0.0099580952380952,0.0022857142857142,0.0,0.0007580952380952
2014-12-16 05:00:00,0.1791089866156787,0.0462485659655831,0.033397705544933,0.0,0.0,0.0039808795411089,0.0095564053537284,0.0022103250478011,0.0,0.0007724665391969
2014-12-16 06:00:00,0.1773104761904761,0.0376533333333333,0.0108038095238095,0.0,0.0,0.0039885714285714,0.0102590476190476,0.0020819047619047,0.0,0.0005904761904761
2014-12-16 07:00:00,0.4873650190114068,0.028157794676806,0.0306406844106463,0.0,0.0,0.0105874524714828,0.0080532319391634,0.0473954372623574,0.159861216730038,0.000574144486692
2014-12-16 08:00:00,0.2992865275142315,0.0258747628083491,0.0304440227703984,0.0,0.0,0.016550284629981,0.0088614800759013,0.0020208728652751,0.0555920303605313,0.000516129032258
2014-12-16 09:00:00,0.2514245283018868,0.0453716981132075,0.0327188679245283,0.0,5.660377358490565e-06,0.0410320754716981,0.0075452830188679,0.0073415094339622,0.0,0.0004962264150943
2014-12-16 10:00:00,0.3760209125475285,0.0458764258555133,0.0335057034220532,0.0,0.0,0.048180608365019,0.0081311787072243,0.0020133079847908,0.1216920152091254,0.0005076045627376
2014-12-16 11:00:00,0.3053664122137404,0.0456946564885496,0.025267175572519,0.0,0.0,0.0491450381679389,0.0084026717557251,0.0020419847328244,0.0556603053435114,0.0006125954198473
2014-12-16 12:00:00,0.5368481973434536,0.047370018975332,0.0202409867172675,0.0,0.0,0.0342201138519924,0.0131385199240986,0.0687817836812144,0.2237647058823529,0.0005825426944971
2014-12-16 13:00:00,0.3671115311909262,0.0472098298676748,0.0352930056710775,0.0,0.0,0.0303289224952741,0.0131493383742911,0.002054820415879,0.1514385633270321,0.0005879017013232
2014-12-16 14:00:00,0.3776952380952381,0.048847619047619,0.0402380952380952,0.0,0.0,0.0413314285714285,0.0131390476190476,0.002047619047619,0.0896,0.0005942857142857
2014-12-16 15:00:00,0.2944734848484848,0.0487329545454545,0.0100625,0.0,0.0,0.0527556818181818,0.0131893939393939,0.0020738636363636,0.0,0.0006079545454545
2014-12-16 16:00:00,0.3875496183206107,0.0483301526717557,0.0321812977099236,0.0,0.0,0.0537595419847328,0.0131755725190839,0.0020343511450381,0.0,0.00056106870229
2014-12-16 17:00:00,0.392208413001912,0.0482581261950286,0.0350879541108986,0.0,0.0,0.0357017208413001,0.0131720841300191,0.0020707456978967,0.0,0.000585086042065
2014-12-16 18:00:00,0.4323561904761904,0.0480590476190476,0.029135238095238,0.0,1.9047619047619047e-06,0.013975238095238,0.013255238095238,0.0803714285714285,0.0,0.0006742857142857
2014-12-16 19:00:00,0.9910154142581888,0.0477514450867052,0.0300712909441233,0.0,0.3770443159922929,0.0134547206165703,0.0472042389210019,0.0020057803468208,0.1447880539499036,0.0002967244701348
2014-12-16 20:00:00,0.3910504854368932,0.0451126213592233,0.0333553398058252,0.0,0.0477126213592233,0.0157378640776699,0.0479708737864077,0.0020446601941747,0.0,0.0004757281553398
2014-12-16 21:00:00,0.4550521235521235,0.0369555984555984,0.0339498069498069,0.0,0.0,0.0766756756756756,0.0527277992277992,0.0021274131274131,0.0,0.0006776061776061
2014-12-16 22:00:00,0.2941053639846743,0.0353218390804597,0.0291091954022988,0.0,0.0,0.014919540229885,0.0349444444444444,0.0020785440613026,0.0,0.0005670498084291
2014-12-16 23:00:00,0.1649750479846449,0.0338234165067178,0.0322610364683301,0.0,0.0,0.0039808061420345,0.0130748560460652,0.0021612284069097,0.0,0.0006391554702495
2014-12-17 00:00:00,0.1594865384615384,0.0478788461538461,0.0177596153846153,0.0,0.0,0.0039826923076923,0.0131596153846153,0.0021615384615384,0.0,0.000725
2014-12-17 01:00:00,0.1709179389312977,0.0497938931297709,0.0190954198473282,0.0,0.0,0.0039847328244274,0.0130935114503816,0.0020706106870229,0.0,0.0006450381679389
2014-12-17 02:00:00,0.1820172413793103,0.0500747126436781,0.0326455938697318,0.0,0.0,0.0039846743295019,0.0131532567049808,0.0022145593869731,0.0,0.0007337164750957
2014-12-17 03:00:00,0.1791011450381679,0.0515076335877862,0.0277996183206106,0.0,0.0,0.003986641221374,0.0131431297709923,0.0024637404580152,0.0,0.0008377862595419
2014-12-17 04:00:00,0.172706106870229,0.0524370229007633,0.0287442748091603,0.0,0.0,0.003986641221374,0.0129370229007633,0.0024694656488549,0.0,0.0008587786259541
2014-12-17 05:00:00,0.160095602294455,0.0526481835564053,0.012208413001912,0.0,0.0,0.0039904397705544,0.0131300191204588,0.0022523900573613,0.0,0.0007093690248565
2014-12-17 06:00:00,0.1921663479923518,0.0522925430210325,0.0168279158699808,0.0,0.0,0.0039808795411089,0.0131491395793499,0.0020420650095602,1.912045889101338e-06,0.0005889101338432
2014-12-17 07:00:00,0.4446221374045801,0.0358950381679389,0.0281641221374045,0.0,0.0,0.0086545801526717,0.0109656488549618,0.0020190839694656,0.1727385496183206,0.0004141221374045
2014-12-17 08:00:00,0.3177390476190476,0.0365333333333333,0.0327009523809523,0.0,5.7142857142857145e-06,0.0362552380952381,0.0090780952380952,0.0106971428571428,8.761904761904762e-05,0.0005142857142857
2014-12-17 09:00:00,0.3575113636363636,0.034873106060606,0.0280738636363636,0.0,0.0,0.0489299242424242,0.009467803030303,0.0020018939393939,0.1111060606060606,0.0004280303030303
2014-12-17 10:00:00,0.2885228136882129,0.0531596958174904,0.0313117870722433,0.0,0.0,0.0487452471482889,0.0127509505703422,0.0020152091254752,0.0277034220532319,0.0004619771863117
2014-12-17 11:00:00,0.2934429657794676,0.054222433460076,0.0401349809885931,0.0,0.0,0.0409315589353612,0.0075988593155893,0.0020874524714828,0.0610893536121673,0.0005969581749049
2014-12-17 12:00:00,0.3402723809523809,0.0558114285714285,0.0310495238095238,0.0,0.0,0.0275409523809523,0.0089657142857142,0.0022228571428571,0.1293485714285714,0.000735238095238
2014-12-17 13:00:00,0.2387041984732824,0.0552270992366412,0.0326106870229007,0.0,0.0,0.0050496183206106,0.0083416030534351,0.0377919847328244,0.0,0.0007290076335877
2014-12-17 14:00:00,0.3061504761904762,0.0569009523809523,0.0291428571428571,0.0,0.0,0.0173942857142857,0.0091085714285714,0.002167619047619,0.0752095238095238,0.0007009523809523
2014-12-17 15:00:00,0.6093568702290076,0.057074427480916,0.0131145038167938,0.0,0.0,0.044074427480916,0.008192748091603,0.0021564885496183,0.0,0.0006278625954198
2014-12-17 16:00:00,2.413610586011342,0.0425028355387523,0.024922495274102,0.0,0.0,0.0538884688090737,0.0099130434782608,0.002,0.0,0.0002230623818525
2014-12-17 17:00:00,0.520851711026616,0.0379087452471482,0.0358593155893536,0.0,0.0002528517110266,0.0145399239543726,0.0088688212927756,0.0468688212927756,0.1305152091254753,0.0002794676806083
2014-12-17 18:00:00,0.3528492366412213,0.0373339694656488,0.0328778625954198,0.0,0.0,0.0138301526717557,0.007679389312977,0.0020629770992366,0.0,0.0005553435114503
2014-12-17 19:00:00,0.4911778202676864,0.0528795411089866,0.0291051625239005,0.0,0.0,0.013151051625239,0.0069732313575525,0.0020325047801147,0.1519407265774378,0.0004512428298279
2014-12-17 20:00:00,0.2913492366412213,0.057280534351145,0.0298015267175572,0.0,0.0,0.0130820610687022,0.0072270992366412,0.0020534351145038,0.0,0.0005629770992366
2014-12-17 21:00:00,0.3008256704980843,0.0576877394636015,0.0300306513409961,0.0,0.0,0.0130459770114942,0.0101091954022988,0.0020708812260536,0.0,0.0004291187739463
2014-12-17 22:00:00,0.4912680608365019,0.0573574144486692,0.0320152091254752,0.0,0.0,0.0147604562737642,0.0219923954372623,0.002083650190114,0.0616596958174904,0.0007490494296577
2014-12-17 23:00:00,0.2244255725190839,0.0577519083969465,0.0298282442748091,0.0,0.0,0.008,0.0156526717557251,0.0024141221374045,0.0,0.0007996183206106
2014-12-18 00:00:00,0.1828874045801526,0.0583358778625954,0.029898854961832,0.0,0.0,0.0039961832061068,0.0150019083969465,0.0025400763358778,0.0,0.0008282442748091
2014-12-18 01:00:00,0.167551724137931,0.0418773946360153,0.0308160919540229,0.0,0.0,0.0039808429118773,0.011103448275862,0.0025172413793103,0.0,0.0008563218390804
2014-12-18 02:00:00,0.1590171428571428,0.0409428571428571,0.0228819047619047,0.0,0.0,0.0039923809523809,0.0094895238095238,0.0025466666666666,0.0,0.0008399999999999
2014-12-18 03:00:00,0.1536704761904762,0.0385161904761904,0.0189619047619047,0.0,0.0,0.0039923809523809,0.0073504761904761,0.0026495238095238,0.0,0.0008533333333333
2014-12-18 04:00:00,0.1813098859315589,0.0577167300380228,0.0233745247148288,0.0,0.0,0.0039866920152091,0.0054144486692015,0.0023193916349809,0.0,0.0007718631178707
2014-12-18 05:00:00,0.1855916030534351,0.0605553435114503,0.0257538167938931,0.0,0.0,0.0039904580152671,0.0082614503816793,0.0020534351145038,0.0,0.0005858778625954
2014-12-18 06:00:00,0.2101950286806883,0.0600516252390057,0.0280497131931166,0.0,0.0,0.0039808795411089,0.0074187380497131,0.0020803059273422,0.0,0.0005755258126195
2014-12-18 07:00:00,0.5703365200764818,0.0599426386233269,0.0270650095602294,0.0,0.0,0.0102523900573613,0.0051204588910133,0.0394130019120458,0.2012141491395793,0.0069177820267686
2014-12-18 08:00:00,0.4719503816793893,0.0609942748091603,0.0327118320610687,0.0,0.0398015267175572,0.0307900763358778,0.0082729007633587,0.0130648854961832,0.0224503816793893,0.0004790076335877
2014-12-18 09:00:00,0.311527619047619,0.0510533333333333,0.0306095238095238,0.0,0.0,0.0483485714285714,0.0100761904761904,0.0020323809523809,0.0500419047619047,0.0005104761904761
2014-12-18 10:00:00,0.1712709163346613,0.0207729083665338,0.0,0.0,0.0,0.0045099601593625,0.0078366533864541,0.0020876494023904,0.0,0.0005498007968127
2014-12-18 11:00:00,,,,,,,,,,
2014-12-18 12:00:00,,,,,,,,,,
2014-12-18 13:00:00,,,,,,,,,,
2014-12-18 14:00:00,,,,,,,,,,
2014-12-18 15:00:00,,,,,,,,,,
2014-12-18 16:00:00,,,,,,,,,,
2014-12-18 17:00:00,,,,,,,,,,
2014-12-18 18:00:00,,,,,,,,,,
2014-12-18 19:00:00,,,,,,,,,,
2014-12-18 20:00:00,,,,,,,,,,
2014-12-18 21:00:00,,,,,,,,,,
2014-12-18 22:00:00,,,,,,,,,,
2014-12-18 23:00:00,,,,,,,,,,
2014-12-19 00:00:00,,,,,,,,,,
2014-12-19 01:00:00,,,,,,,,,,
2014-12-19 02:00:00,,,,,,,,,,
2014-12-19 03:00:00,,,,,,,,,,
2014-12-19 04:00:00,,,,,,,,,,
2014-12-19 05:00:00,,,,,,,,,,
2014-12-19 06:00:00,,,,,,,,,,
2014-12-19 07:00:00,,,,,,,,,,
2014-12-19 08:00:00,,,,,,,,,,
2014-12-19 09:00:00,,,,,,,,,,
2014-12-19 10:00:00,0.5344846938775509,0.1388163265306122,0.0512091836734693,0.0,0.0,0.0118520408163265,0.0055561224489795,0.0021326530612244,0.1524132653061224,0.0006581632653061
2014-12-19 11:00:00,0.5348317399617591,0.040057361376673,0.0280325047801147,0.0,0.1130229445506692,0.0380879541108986,0.0056022944550669,0.0021529636711281,0.0,0.0006845124282982
2014-12-19 12:00:00,0.2610324427480916,0.0373225190839694,0.0189103053435114,0.0,0.0256374045801526,0.0308416030534351,0.008679389312977,0.0021812977099236,0.0,0.0007404580152671
2014-12-19 13:00:00,0.310541825095057,0.0366996197718631,0.0218764258555133,0.0,0.0,0.0045304182509505,0.0087015209125475,0.0020798479087452,0.1342984790874525,0.0006520912547528
2014-12-19 14:00:00,0.9600094696969698,0.0422291666666666,0.0251723484848484,0.0,0.0,0.0146477272727272,0.0056950757575757,0.0020530303030303,0.0923579545454545,0.0006041666666666
2014-12-19 15:00:00,0.2496539196940726,0.0517074569789674,0.0281185468451242,0.0,0.0,0.0439751434034416,0.0083957934990439,0.0020439770554493,0.0,0.0006214149139579
2014-12-19 16:00:00,0.425690114068441,0.050296577946768,0.0329258555133079,0.0,0.0,0.0488650190114068,0.0081368821292775,0.0020190114068441,0.0825285171102661,0.0011501901140684
2014-12-19 17:00:00,2.6469714285714288,0.0504304761904761,0.03132,0.0,0.0,0.0463333333333333,0.0068609523809523,0.0860647619047619,0.2788533333333333,0.0065009523809523
2014-12-19 18:00:00,0.5580838095238095,0.04956,0.035855238095238,0.0,0.0001161904761904,0.01368,0.009247619047619,0.1583295238095238,0.0055504761904761,0.0003923809523809
2014-12-19 19:00:00,0.5409828897338403,0.0496558935361216,0.0358155893536121,0.0,0.0,0.0138041825095057,0.0238517110266159,0.0020171102661596,0.1893992395437262,0.0004904942965779
2014-12-19 20:00:00,0.3493877159309021,0.05,0.024257197696737,0.0,0.0,0.0131074856046065,0.0415623800383877,0.0020940499040307,0.0,0.0005834932821497
2014-12-19 21:00:00,0.3785747126436781,0.0496149425287356,0.0279655172413793,0.0,0.0,0.0131666666666666,0.034683908045977,0.0021130268199233,0.1441685823754789,0.0006053639846743
2014-12-19 22:00:00,0.5218053435114504,0.0420477099236641,0.0330133587786259,0.0,0.0247633587786259,0.0141908396946564,0.0230496183206106,0.0020992366412213,0.0856889312977099,0.0005553435114503
2014-12-19 23:00:00,0.288412213740458,0.0354312977099236,0.0277347328244274,0.0,0.0131240458015267,0.0216335877862595,0.0078320610687022,0.0024809160305343,0.0,0.0007767175572519
2014-12-20 00:00:00,0.1564838095238095,0.0342171428571428,0.0283961904761904,0.0,0.0,0.0039866666666666,0.0138895238095238,0.0026247619047619,0.0,0.0008285714285714
2014-12-20 01:00:00,0.1520801526717557,0.0357290076335877,0.0291335877862595,0.0,0.0,0.003986641221374,0.0085935114503816,0.002604961832061,0.0,0.0008568702290076
2014-12-20 02:00:00,0.1632609523809523,0.0495504761904761,0.0289847619047619,0.0,0.0,0.0039828571428571,0.006087619047619,0.0026285714285714,0.0,0.0008819047619047
2014-12-20 03:00:00,0.1644180790960452,0.0510828625235404,0.0293804143126177,0.0,0.0,0.0039943502824858,0.0069585687382297,0.0027306967984934,0.0,0.0008832391713747
2014-12-20 04:00:00,0.1667855787476281,0.0494459203036053,0.029639468690702,0.0,0.0,0.0040075901328273,0.0083168880455407,0.0027609108159392,0.0,0.0009089184060721
2014-12-20 05:00:00,0.1612784090909091,0.0500871212121212,0.029685606060606,0.0,0.0,0.0039962121212121,0.0084640151515151,0.0025340909090909,0.0,0.0008674242424242
2014-12-20 06:00:00,0.1895466666666666,0.0491657142857142,0.017967619047619,0.0,0.0,0.0039771428571428,0.0085371428571428,0.00212,0.0,0.0010514285714285
2014-12-20 07:00:00,0.4331414913957935,0.0487380497131931,0.0175391969407265,0.0,0.018057361376673,0.0040038240917782,0.0071032504780114,0.0021166347992351,0.134661567877629,0.0016539196940726
2014-12-20 08:00:00,0.3157580952380952,0.0489333333333333,0.021415238095238,0.0,0.0,0.0039923809523809,0.0074590476190476,0.0020380952380952,0.072647619047619,0.008
2014-12-20 09:00:00,0.3240721062618595,0.0488766603415559,0.0388918406072106,0.0,0.0,0.0128918406072106,0.0064781783681214,0.0020341555977229,0.1204667931688804,0.0078045540796963
2014-12-20 10:00:00,0.1888764258555133,0.0370665399239543,0.0276520912547528,0.0,0.0,0.0095152091254752,0.0090323193916349,0.0020589353612167,0.0,0.0006653992395437
2014-12-20 11:00:00,0.1491695238095238,0.0366038095238095,0.0270304761904761,0.0,0.0,0.0044838095238095,0.0080685714285714,0.0021942857142857,0.0,0.0006971428571428
2014-12-20 12:00:00,0.1486533333333333,0.0354019047619047,0.028455238095238,0.0,0.0,0.004,0.0084533333333333,0.0022266666666666,0.0,0.0007333333333333
2014-12-20 13:00:00,0.4147151051625239,0.0397074569789674,0.0301759082217973,0.0,0.0127724665391969,0.0577265774378585,0.0091797323135755,0.0022887189292543,0.1976080305927342,0.0007629063097514
2014-12-20 14:00:00,0.467692748091603,0.0498835877862595,0.0374694656488549,0.0,0.0,0.1260095419847328,0.0081469465648854,0.0021202290076335,0.1541354961832061,0.0006354961832061
2014-12-20 15:00:00,0.915473282442748,0.0515954198473282,0.0398263358778626,0.0,0.0,0.1052461832061068,0.0077576335877862,0.0022156488549618,0.0914255725190839,0.0007328244274809
2014-12-20 16:00:00,1.6306863117870722,0.0493802281368821,0.0335570342205323,0.0,0.0,0.1057585551330798,0.0087680608365019,0.0020076045627376,0.0,0.0004467680608365
2014-12-20 17:00:00,2.125215909090909,0.048153409090909,0.0301723484848484,0.0,0.0,0.0812594696969697,0.0161003787878787,0.0493011363636363,0.1364507575757575,0.0003560606060606
2014-12-20 18:00:00,1.3316724137931035,0.0495785440613026,0.0341570881226053,0.0,0.0,0.0644080459770115,0.0234904214559386,0.0520574712643678,0.0,0.0004501915708812
2014-12-20 19:00:00,0.6949752851711026,0.0492984790874524,0.0429505703422053,0.0,0.0,0.0742946768060836,0.0304410646387832,0.0020133079847908,0.1105190114068441,0.000444866920152
2014-12-20 20:00:00,0.5532080152671756,0.0491908396946564,0.0379293893129771,0.0,0.0,0.0937919847328244,0.0249351145038167,0.0020534351145038,0.0336240458015267,0.0004923664122137
2014-12-20 21:00:00,0.505,0.0509904761904761,0.0274457142857142,0.0,0.0,0.0812190476190476,0.0131942857142857,0.0020647619047619,0.0839923809523809,0.0005828571428571
2014-12-20 22:00:00,0.3565496183206107,0.0513053435114503,0.0316469465648854,0.0,0.0,0.0230152671755725,0.0265515267175572,0.0021717557251908,0.0,0.0006660305343511
2014-12-20 23:00:00,0.2143733333333333,0.0493847619047619,0.0332933333333333,0.0,0.0,0.007775238095238,0.0093219047619047,0.002447619047619,0.0,0.0007580952380952
2014-12-21 00:00:00,0.1646515151515151,0.045780303030303,0.0325492424242424,0.0,0.0,0.0040056818181818,0.0110246212121212,0.0025776515151515,0.0,0.0007878787878787
2014-12-21 01:00:00,0.1666888045540797,0.0443453510436432,0.0347533206831119,0.0,0.0,0.0039791271347248,0.0102618595825426,0.0025844402277039,0.0,0.0008462998102466
2014-12-21 02:00:00,0.1592304761904762,0.040607619047619,0.02684,0.0,0.0,0.0039866666666666,0.0083695238095238,0.0026819047619047,0.0,0.0008780952380952
2014-12-21 03:00:00,0.1562106261859582,0.0400702087286527,0.026280834914611,0.0,0.0,0.0039905123339658,0.0106129032258064,0.0027476280834914,0.0,0.0009013282732447
2014-12-21 04:00:00,0.1500554493307839,0.0383040152963671,0.0197801147227533,0.0,0.0,0.0039904397705544,0.0089101338432122,0.0026577437858508,0.0,0.0008967495219885
2014-12-21 05:00:00,0.1594512428298279,0.0438202676864244,0.0179139579349904,0.0,0.0,0.0039789674952198,0.0102409177820267,0.0025984703632887,0.0,0.0008718929254302
2014-12-21 06:00:00,0.1957881679389313,0.0504904580152671,0.0222824427480916,0.0,0.0,0.0039809160305343,0.0085935114503816,0.0022633587786259,0.0,0.0054637404580152
2014-12-21 07:00:00,0.3497946768060836,0.0498593155893536,0.0280817490494296,0.0,0.0,0.0069315589353612,0.0101692015209125,0.0020209125475285,0.0943022813688213,0.0013555133079847
2014-12-21 08:00:00,1.236922178988327,0.050124513618677,0.0357626459143968,0.0,0.0,0.0138132295719844,0.0068832684824902,0.0536556420233463,0.0752334630350194,0.0005350194552529
2014-12-21 09:00:00,0.986087619047619,0.048815238095238,0.0357428571428571,0.0,0.0,0.0197904761904761,0.0101904761904761,0.002007619047619,0.1115828571428571,0.0004990476190476
2014-12-21 10:00:00,0.9558185255198488,0.050633270321361,0.0296937618147448,0.0,0.0,0.0043553875236294,0.0075103969754253,0.0020094517958412,0.0,0.0004196597353497
2014-12-21 11:00:00,0.9128838095238097,0.0505561904761904,0.0262438095238095,0.0,0.0,0.0044228571428571,0.0063504761904761,0.002,0.0,0.0002971428571428
2014-12-21 12:00:00,0.9708726235741444,0.0517395437262357,0.0324524714828897,0.0,0.0,0.0039885931558935,0.009041825095057,0.002041825095057,0.0,0.0003840304182509
2014-12-21 13:00:00,1.380899810964083,0.0530775047258979,0.0357296786389414,0.0,3.4026465028355385e-05,0.003992438563327,0.0072249527410207,0.0263969754253308,0.0,0.0007051039697542
2014-12-21 14:00:00,0.3597954110898661,0.0552600382409177,0.0536099426386233,0.0,0.0,0.0039980879541108,0.0082963671128107,0.0022868068833652,0.0,0.0007820267686424
2014-12-21 15:00:00,0.3688133333333333,0.0545542857142857,0.0495333333333333,0.0,3.0476190476190475e-05,0.0062114285714285,0.0076799999999999,0.0213180952380952,0.1487942857142857,0.0007085714285714
2014-12-21 16:00:00,0.2621295238095238,0.0491180952380952,0.0418666666666666,0.0,0.0,0.0044304761904761,0.0083695238095238,0.002055238095238,0.0508742857142857,0.0006247619047619
2014-12-21 17:00:00,0.2506168582375478,0.041603448275862,0.0344980842911877,0.0,0.0,0.00555938697318,0.0071532567049808,0.00205938697318,0.0,0.0006187739463601
2014-12-21 18:00:00,0.5387068965517242,0.040595785440613,0.0292586206896551,0.0,0.0,0.0151417624521072,0.0088160919540229,0.0020344827586206,0.1782318007662835,0.0004865900383141
2014-12-21 19:00:00,0.3870689655172414,0.039691570881226,0.0271743295019157,0.0,0.0,0.0186130268199233,0.0090785440613026,0.0020095785440613,0.0335019157088122,0.0003773946360153
2014-12-21 20:00:00,0.3212138728323699,0.0469421965317919,0.0277206165703275,0.0,0.0,0.0142061657032755,0.0092177263969171,0.002009633911368,0.0,0.0003699421965317
2014-12-21 21:00:00,0.4301297709923664,0.0549045801526717,0.0398187022900763,0.0,0.0,0.0131030534351145,0.0138396946564885,0.0020591603053435,0.0735343511450381,0.0005438931297709
2014-12-21 22:00:00,0.3436679389312977,0.0563301526717557,0.030942748091603,0.0,0.0,0.0299160305343511,0.0082576335877862,0.0020820610687022,0.0,0.0005629770992366
2014-12-21 23:00:00,0.2056216730038022,0.0571026615969581,0.0288745247148288,0.0,0.0,0.0234809885931558,0.0103098859315589,0.0024657794676806,0.0,0.0008155893536121
2014-12-22 00:00:00,0.1817900763358778,0.0581679389312977,0.0270782442748091,0.0,0.0,0.0140267175572519,0.0131660305343511,0.002530534351145,0.0,0.0008377862595419
2014-12-22 01:00:00,0.1693819577735124,0.0593800383877159,0.033193857965451,0.0,0.0,0.0039904030710172,0.0091497120921305,0.0025316698656429,0.0,0.0008483685220729
2014-12-22 02:00:00,0.1935306513409961,0.0592375478927203,0.0354655172413793,0.0,0.0,0.0039904214559386,0.008455938697318,0.0025172413793103,0.0,0.0012567049808429
2014-12-22 03:00:00,0.1911545801526717,0.0506641221374045,0.0324103053435114,0.0,0.0,0.0039770992366412,0.0095114503816793,0.0025992366412213,0.0,0.0008664122137404
2014-12-22 04:00:00,0.1838467432950191,0.0427030651340996,0.0323582375478927,0.0,0.0,0.0039865900383141,0.0100632183908046,0.0024444444444444,0.0,0.0008199233716475
2014-12-22 05:00:00,0.1878831417624521,0.0430191570881226,0.0317835249042145,0.0,0.0,0.0039770114942528,0.0089865900383141,0.0022183908045977,0.0,0.0007126436781609
2014-12-22 06:00:00,0.2069904397705545,0.0440516252390057,0.0186309751434034,0.0,0.0,0.0039674952198852,0.0099560229445506,0.0021185468451242,0.0,0.0006137667304015
2014-12-22 07:00:00,0.453736641221374,0.0598664122137404,0.0249103053435114,0.0,0.0,0.0099656488549618,0.0076698473282442,0.0020438931297709,0.128706106870229,0.0005515267175572
2014-12-22 08:00:00,0.4336354961832061,0.0594484732824427,0.0379351145038167,0.0,0.0,0.0379389312977099,0.0089809160305343,0.0020114503816793,0.0915095419847328,0.0004503816793893
2014-12-22 09:00:00,0.290502824858757,0.0617796610169491,0.0301450094161958,0.0,0.0,0.044653483992467,0.0082862523540489,0.0020056497175141,0.0661826741996233,0.0003559322033898
2014-12-22 10:00:00,0.3469454887218045,0.0595808270676691,0.0230695488721804,0.0,0.0,0.0479135338345864,0.0112067669172932,0.002,0.0811578947368421,0.0007725563909774
2014-12-22 11:00:00,0.2623024574669187,0.0604574669187145,0.0284291115311909,0.0,0.0,0.0500453686200378,0.013102079395085,0.0020037807183364,0.0,0.0006105860113421
2014-12-22 12:00:00,0.2282975517890772,0.061924670433145,0.0349811676082862,0.0,0.0,0.0488531073446327,0.0102975517890772,0.0020037664783427,0.0,0.0004331450094161
2014-12-22 13:00:00,0.2550187617260788,0.043358348968105,0.0343489681050656,0.0,0.0,0.0499174484052532,0.0091332082551594,0.0020562851782363,0.0557861163227016,0.0005816135084427
2014-12-22 14:00:00,0.949656015037594,0.043343984962406,0.0353890977443609,0.0,0.5546973684210526,0.031375939849624,0.0051334586466165,0.0020827067669172,0.1275112781954887,0.0006127819548872
2014-12-22 15:00:00,0.2688333333333333,0.0414007490636704,0.018314606741573,0.0,0.0220243445692883,0.0499831460674157,0.0090430711610486,0.0020917602996254,0.0,0.000631086142322
2014-12-22 16:00:00,0.2280662878787878,0.060217803030303,0.020875,0.0,0.0,0.0439109848484848,0.0069734848484848,0.0020075757575757,0.0,0.0004299242424242
2014-12-22 17:00:00,0.3807695238095238,0.0612209523809523,0.0397009523809523,0.0,1.9047619047619047e-06,0.0240361904761904,0.0067028571428571,0.0601295238095238,0.0,0.0004095238095238
2014-12-22 18:00:00,0.5723683206106871,0.0617480916030534,0.0335820610687022,0.0,1.1450381679389312e-05,0.0252328244274809,0.0090782442748091,0.0887690839694656,0.1176870229007633,0.0005820610687022
2014-12-22 19:00:00,0.3776539196940727,0.0620210325047801,0.0299464627151051,0.0,0.0,0.0405946462715105,0.0054474187380497,0.0020650095602294,0.0284493307839388,0.0005774378585086
2014-12-22 20:00:00,0.3524007633587786,0.0623778625954198,0.0309942748091603,0.0,0.0,0.0421774809160305,0.0105133587786259,0.0020725190839694,0.0,0.000604961832061
2014-12-22 21:00:00,2.213737044145873,0.055278310940499,0.0290767754318618,0.0,0.0,0.0130748560460652,0.0228963531669865,0.0021036468330134,0.0,0.0005220729366602
2014-12-22 22:00:00,0.4427950191570881,0.0433831417624521,0.0314386973180076,0.0,0.0,0.0476455938697318,0.0275919540229885,0.0021762452107279,0.0914750957854406,0.0013448275862068
2014-12-22 23:00:00,0.2379923954372623,0.0423422053231939,0.0294752851711026,0.0,0.0,0.0229885931558935,0.0057015209125475,0.0022490494296577,0.0,0.0007357414448669
2014-12-23 00:00:00,0.1625047619047619,0.0437428571428571,0.0333047619047619,0.0,0.0,0.003975238095238,0.0091638095238095,0.0021466666666666,0.0,0.0007047619047619
2014-12-23 01:00:00,0.1737022900763359,0.0613015267175572,0.0337347328244274,0.0,0.0,0.003973282442748,0.0052824427480916,0.0023187022900763,0.0,0.0007614503816793
2014-12-23 02:00:00,0.1712595419847328,0.061736641221374,0.0348416030534351,0.0,0.0,0.003986641221374,0.0087022900763358,0.0025820610687022,0.0,0.0008702290076335
2014-12-23 03:00:00,0.1656825095057034,0.0616825095057034,0.019393536121673,0.0,0.0,0.0039923954372623,0.0055494296577946,0.0026958174904942,0.0,0.0008916349809885
2014-12-23 04:00:00,0.1630723809523809,0.0608819047619047,0.0166057142857142,0.0,0.0,0.0039847619047619,0.0094190476190476,0.0028038095238095,0.0,0.0008780952380952
2014-12-23 05:00:00,0.1759770992366412,0.0612213740458015,0.0364961832061068,0.0,0.0,0.003986641221374,0.0054522900763358,0.0025152671755725,0.0,0.000824427480916
2014-12-23 06:00:00,0.2193447619047619,0.0596895238095238,0.0354685714285714,0.0,0.0,0.0039790476190476,0.0078438095238095,0.0020457142857142,0.0,0.0005561904761904
2014-12-23 07:00:00,0.4444277566539923,0.045115969581749,0.0239277566539923,0.0,0.0,0.0120076045627376,0.0053193916349809,0.0020266159695817,0.1529866920152091,0.0046634980988593
2014-12-23 08:00:00,1.0347352380952382,0.0452038095238095,0.0286704761904761,0.0,0.4166209523809523,0.0104723809523809,0.0091238095238095,0.002007619047619,0.1416361904761904,0.0079942857142857
2014-12-23 09:00:00,0.2394798464491362,0.0413512476007677,0.0280191938579654,0.0,0.0353474088291746,0.0040863723608445,0.0056103646833013,0.0020268714011516,0.0,0.0022667946257197
2014-12-23 10:00:00,0.1645162523900573,0.0467724665391969,0.0177131931166347,0.0,0.0,0.0039751434034416,0.0083766730401529,0.002057361376673,0.0,0.0005583173996175
2014-12-23 11:00:00,0.1897241379310345,0.0606245210727969,0.0327509578544061,0.0,0.0,0.0039846743295019,0.0065727969348659,0.0021340996168582,0.0,0.0006590038314176
2014-12-23 12:00:00,0.1856819923371647,0.0616168582375478,0.0261379310344827,0.0,0.0,0.0039770114942528,0.00855938697318,0.0022509578544061,0.0,0.0006609195402298
2014-12-23 13:00:00,0.1881026615969581,0.0618745247148288,0.0278840304182509,0.0,0.0,0.003977186311787,0.0063346007604562,0.0021768060836501,0.0,0.0006311787072243
2014-12-23 14:00:00,0.1864619771863118,0.061680608365019,0.0282034220532319,0.0,0.0,0.0039942965779467,0.007403041825095,0.0021634980988593,0.0,0.0006711026615969
2014-12-23 15:00:00,0.1778854961832061,0.0613492366412213,0.020648854961832,0.0,0.0,0.0039847328244274,0.0074217557251908,0.0021812977099236,0.0,0.0006316793893129
2014-12-23 16:00:00,0.1590801526717557,0.0530152671755725,0.0107767175572519,0.0,0.0,0.0039828244274809,0.006530534351145,0.0020095419847328,0.0,0.0003568702290076
2014-12-23 17:00:00,0.1876019047619047,0.0451542857142857,0.0259885714285714,0.0,0.0,0.0039619047619047,0.0074704761904761,0.0020019047619047,0.0,0.0003314285714285
2014-12-23 18:00:00,0.2681317365269461,0.1003712574850299,0.0,0.0,0.0,0.0039760479041916,0.0093892215568862,0.0020239520958083,0.0,0.0003053892215568
2014-12-23 19:00:00,0.1734799054373522,0.0171063829787234,0.0342316784869976,0.0,0.0,0.0039858156028368,0.0081749408983451,0.0020260047281323,0.0,0.00051536643026
2014-12-23 20:00:00,0.1750265654648956,0.0596641366223908,0.0284762808349146,0.0,0.0,0.0039905123339658,0.0049981024667931,0.002066413662239,0.0,0.0005711574952561
2014-12-23 21:00:00,0.1718342857142857,0.0596971428571428,0.0244609523809523,0.0,0.0,0.0039923809523809,0.0078038095238095,0.0021047619047619,0.0,0.0006171428571428
2014-12-23 22:00:00,0.1668908045977011,0.0602203065134099,0.0144233716475095,0.0,0.0,0.0039942528735632,0.0074310344827586,0.0023333333333333,0.0,0.0007509578544061
2014-12-23 23:00:00,0.3783632887189292,0.0599560229445506,0.0337074569789674,0.0,0.0,0.0086022944550669,0.0070707456978967,0.0024837476099426,0.0454894837476099,0.0016347992351816
2014-12-24 00:00:00,0.1974455066921606,0.0601166347992351,0.0232256214149139,0.0,0.0,0.003982791586998,0.0075946462715105,0.0022141491395793,0.0,0.0007112810707456
2014-12-24 01:00:00,0.1650247148288973,0.0583745247148288,0.0224125475285171,0.0,0.0,0.0039809885931558,0.0063992395437262,0.0023973384030418,0.0,0.0007908745247148
2014-12-24 02:00:00,0.1566259541984733,0.0443416030534351,0.0298511450381679,0.0,0.0,0.0039847328244274,0.0071583969465648,0.0027290076335877,0.0,0.0008797709923664
2014-12-24 03:00:00,0.1542137404580152,0.0413950381679389,0.030118320610687,0.0,0.0,0.0039942748091603,0.0085954198473282,0.0027290076335877,0.0,0.0008854961832061
2014-12-24 04:00:00,0.1530917782026768,0.0407973231357552,0.0297762906309751,0.0,0.0,0.003982791586998,0.0054263862332695,0.0024282982791587,0.0,0.0008202676864244
2014-12-24 05:00:00,0.1619141221374045,0.0518339694656488,0.0297748091603053,0.0,0.0,0.0039751908396946,0.0078015267175572,0.0021125954198473,0.0,0.0007404580152671
2014-12-24 06:00:00,0.1904971319311663,0.0555239005736137,0.0296539196940726,0.0,0.0,0.0039789674952198,0.0080688336520076,0.0020305927342256,0.0,0.0005908221797323
2014-12-24 07:00:00,0.2998152380952381,0.0544933333333333,0.0273085714285714,0.0,0.0,0.0068857142857142,0.0054647619047619,0.0020761904761904,0.0444704761904761,0.0008590476190476
2014-12-24 08:00:00,0.3351311787072243,0.0529372623574144,0.0226463878326996,0.0,0.0,0.0244790874524714,0.0086045627376425,0.0020456273764258,0.1192243346007604,0.0036406844106463
2014-12-24 09:00:00,0.291159922928709,0.0523603082851637,0.0252080924855491,0.0,0.0,0.0393487475915221,0.0079479768786127,0.0020154142581888,0.0678631984585741,0.0080019267822736
2014-12-24 10:00:00,0.3054057142857143,0.0516457142857142,0.0220914285714285,0.0,0.0,0.0462247619047619,0.0187619047619047,0.0020933333333333,0.0,0.0080171428571428
2014-12-24 11:00:00,0.3688645038167939,0.0513263358778625,0.0209885496183206,0.0,0.0,0.0411660305343511,0.0321030534351145,0.002118320610687,0.0391851145038167,0.008030534351145
2014-12-24 12:00:00,0.2912884250474383,0.0475370018975332,0.0249411764705882,0.0,0.0,0.0226053130929791,0.0325464895635673,0.0022296015180265,0.0,0.009358633776091
2014-12-24 13:00:00,0.228848948374761,0.0377686424474187,0.0295525812619502,0.0,0.0,0.004453154875717,0.0236214149139579,0.0020363288718929,0.0,0.0017093690248565
2014-12-24 14:00:00,0.287853889943074,0.0370872865275142,0.0298064516129032,0.0,0.0,0.0044743833017077,0.0218159392789373,0.0020512333965844,0.1067476280834914,0.0006185958254269
2014-12-24 15:00:00,0.3023688212927757,0.0395437262357414,0.0285874524714828,0.0,0.0,0.0228022813688212,0.0070494296577946,0.002041825095057,0.1011311787072243,0.0005171102661596
2014-12-24 16:00:00,0.4384174573055028,0.0433358633776091,0.0333833017077798,0.0,0.0,0.0285768500948766,0.0196982922201138,0.0020132827324478,0.0723681214421252,0.0004326375711574
2014-12-24 17:00:00,2.49299619047619,0.0528857142857142,0.0269428571428571,0.5662361904761904,0.2427561904761905,0.0136361904761904,0.0105314285714285,0.0232971428571428,0.0,0.0003219047619047
2014-12-24 18:00:00,2.048902298850575,0.0565574712643678,0.0335900383141762,0.0,0.1907203065134099,0.0133659003831417,0.0058371647509578,0.002,0.0969540229885057,0.0002528735632183
2014-12-24 19:00:00,1.019980988593156,0.0535912547528517,0.0292129277566539,0.5361730038022814,0.0,0.0129733840304182,0.0158250950570342,0.0285551330798479,0.0,0.0003231939163498
2014-12-24 20:00:00,0.4505614366729679,0.0551606805293005,0.0277637051039697,0.0,0.0,0.0130245746691871,0.0284139886578449,0.0020018903591682,0.0,0.0004234404536862
2014-12-24 21:00:00,0.5603561904761905,0.0530895238095238,0.0295828571428571,0.0,0.0,0.0343390476190476,0.0328647619047619,0.0020685714285714,0.1069219047619047,0.0006266666666666
2014-12-24 22:00:00,0.4325,0.0508946360153256,0.0287681992337164,0.0,0.0,0.0709540229885057,0.0293467432950191,0.0020881226053639,0.0,0.0006417624521072
2014-12-24 23:00:00,0.3840779467680608,0.0512148288973384,0.0295532319391635,0.0,0.0,0.0586045627376425,0.030403041825095,0.0024429657794676,0.0,0.0007984790874524
2014-12-25 00:00:00,0.2614666666666666,0.0503333333333333,0.0293428571428571,0.0,0.0,0.014727619047619,0.0086742857142857,0.0025561904761904,0.0,0.0008628571428571
2014-12-25 01:00:00,0.1624847328244275,0.0491297709923664,0.0320820610687022,0.0,0.0,0.0039923664122137,0.0071641221374045,0.0026698473282442,0.0,0.0008645038167938
2014-12-25 02:00:00,0.1599466666666666,0.049367619047619,0.0292457142857142,0.0,0.0,0.0039961904761904,0.0079809523809523,0.0027314285714285,0.0,0.0009047619047619
2014-12-25 03:00:00,0.1551752380952381,0.0486057142857142,0.0210228571428571,0.0,0.0,0.0039828571428571,0.0077542857142857,0.0027847619047619,0.0,0.0008895238095238
2014-12-25 04:00:00,0.15453889943074,0.0488918406072106,0.0198159392789373,0.0,0.0,0.0039829222011385,0.0071442125237191,0.0028785578747628,0.0,0.0009297912713472
2014-12-25 05:00:00,0.1536534090909091,0.0476666666666666,0.0197556818181818,0.0,0.0,0.0039848484848484,0.0063143939393939,0.0027878787878787,0.0,0.0009185606060606
2014-12-25 06:00:00,0.1878835877862595,0.0471851145038167,0.0300267175572519,0.0,0.0,0.0039942748091603,0.0075496183206106,0.0022080152671755,0.0,0.0007519083969465
2014-12-25 07:00:00,0.4727112810707457,0.0452619502868068,0.0306118546845124,0.0,0.0,0.004,0.0073040152963671,0.0021051625239005,0.1066061185468451,0.0006367112810707
2014-12-25 08:00:00,0.3451245210727969,0.0468084291187739,0.0278180076628352,0.0,0.0,0.0067624521072796,0.0075095785440613,0.0021724137931034,0.0,0.000691570881226
2014-12-25 09:00:00,1.3555820610687024,0.0459751908396946,0.0278034351145038,0.0,0.0,0.0069312977099236,0.0072442748091603,0.0450133587786259,0.3224713740458015,0.0005896946564885
2014-12-25 10:00:00,0.1888690702087286,0.0464440227703984,0.0343491461100569,0.0,0.0,0.0044686907020872,0.0070493358633776,0.0020759013282732,0.0,0.0005882352941176
2014-12-25 11:00:00,0.307222433460076,0.0460190114068441,0.0276197718631178,0.0,0.0,0.0041007604562737,0.0062129277566539,0.0020646387832699,0.0,0.0005646387832699
2014-12-25 12:00:00,2.158152380952381,0.0459485714285714,0.0381942857142857,0.0,0.0,0.0051638095238095,0.0073123809523809,0.0020323809523809,0.1598685714285714,0.0004895238095238
2014-12-25 13:00:00,1.7977786259541986,0.046912213740458,0.0231812977099236,0.0,0.0,0.0044370229007633,0.0169923664122137,0.0020515267175572,0.1799351145038168,0.000618320610687
2014-12-25 14:00:00,1.0360967741935485,0.0417988614800759,0.0300929791271347,0.0,0.0086527514231499,0.0043074003795066,0.0110056925996204,0.0156299810246679,0.0623662239089184,0.0005332068311195
2014-12-25 15:00:00,0.226819734345351,0.0356110056925996,0.032212523719165,0.0,0.0,0.0039962049335863,0.0257514231499051,0.0020455407969639,0.0,0.0005635673624288
2014-12-25 16:00:00,0.2942068965517241,0.0338697318007662,0.0324597701149425,0.0,0.0,0.0071379310344827,0.0106360153256704,0.002,0.0,0.0003716475095785
2014-12-25 17:00:00,0.3792780952380952,0.0331295238095238,0.0321961904761904,0.0,0.0,0.0137771428571428,0.009455238095238,0.002,0.0,0.0003619047619047
2014-12-25 18:00:00,0.4088804554079696,0.0398785578747628,0.0343017077798861,0.0,0.0,0.0137647058823529,0.0076185958254269,0.0020132827324478,0.0,0.0003984819734345
2014-12-25 19:00:00,0.4164675572519083,0.0461125954198473,0.044767175572519,0.0,0.0,0.0137748091603053,0.0189217557251908,0.0020267175572519,0.0,0.0005133587786259
2014-12-25 20:00:00,0.4419128787878788,0.0452670454545454,0.0398825757575757,0.0,0.0,0.0135340909090909,0.0105587121212121,0.0020397727272727,0.1390435606060606,0.0005170454545454
2014-12-25 21:00:00,0.2760076335877862,0.0456583969465648,0.0335954198473282,0.0,0.0,0.0131812977099236,0.0307633587786259,0.0020973282442748,0.0,0.0020400763358778
2014-12-25 22:00:00,0.4026030534351145,0.0456393129770992,0.0281564885496183,0.0,0.0,0.0132003816793893,0.028118320610687,0.002324427480916,0.0566221374045801,0.000736641221374
2014-12-25 23:00:00,0.2820629770992366,0.0474351145038167,0.0282633587786259,0.0,0.0,0.0150496183206106,0.0143091603053435,0.0024370229007633,0.0,0.0008263358778625
2014-12-26 00:00:00,0.1674713740458015,0.0450725190839694,0.0262290076335877,0.0,0.0,0.0039904580152671,0.0069465648854961,0.0026240458015267,0.0,0.0008797709923664
2014-12-26 01:00:00,0.1522879078694817,0.0449136276391554,0.0226928982725527,0.0,0.0,0.0039865642994241,0.0071477927063339,0.0026909788867562,0.0,0.0008483685220729
2014-12-26 02:00:00,0.1495038167938931,0.0441106870229007,0.018412213740458,0.0,0.0,0.0039885496183206,0.0068568702290076,0.0021335877862595,0.0,0.0006431297709923
2014-12-26 03:00:00,0.1566749049429658,0.0468517110266159,0.0380779467680608,0.0,0.0,0.0039885931558935,0.0061007604562737,0.0021673003802281,0.0,0.0007281368821292
2014-12-26 04:00:00,0.146208413001912,0.0361873804971319,0.0268087954110898,0.0,0.0,0.0039885277246653,0.0060822179732313,0.0021816443594646,0.0,0.0007418738049713
2014-12-26 05:00:00,0.1435760456273764,0.0321711026615969,0.0285190114068441,0.0,0.0,0.0039847908745247,0.0072832699619771,0.0021882129277566,0.0,0.0007110266159695
2014-12-26 06:00:00,0.1675370018975332,0.0296242884250474,0.0243168880455407,0.0,0.0,0.0039791271347248,0.0084800759013282,0.0020265654648956,0.0,0.0005863377609108
2014-12-26 07:00:00,0.2007984790874524,0.0355228136882129,0.0127072243346007,0.0,0.0,0.0039923954372623,0.0066615969581749,0.0020133079847908,0.0,0.0004828897338403
2014-12-26 08:00:00,0.4736221374045801,0.0430820610687022,0.0298759541984732,0.0,0.0,0.0039980916030534,0.0107213740458015,0.0020667938931297,0.1633568702290076,0.0005267175572519
2014-12-26 09:00:00,0.2844771863117871,0.0426920152091254,0.026051330798479,0.0,0.0,0.0240171102661596,0.0195589353612167,0.0020817490494296,0.0388973384030418,0.0005722433460076
2014-12-26 10:00:00,0.1930019047619047,0.0436704761904762,0.0431961904761904,0.0,0.0,0.0134323809523809,0.0083828571428571,0.0022114285714285,0.0,0.000735238095238
2014-12-26 11:00:00,0.1541923809523809,0.043455238095238,0.0285257142857142,0.0,0.0,0.0044990476190476,0.0062914285714285,0.00216,0.0,0.0007238095238095
2014-12-26 12:00:00,0.1537314285714285,0.0452038095238095,0.0118933333333333,0.0,0.0,0.0041980952380952,0.0075523809523809,0.0022038095238095,0.0,0.0007466666666666
2014-12-26 13:00:00,0.9836401515151516,0.0451742424242424,0.0310321969696969,0.0,0.0,0.0075,0.0075700757575757,0.0022310606060606,0.1544583333333333,0.0007102272727272
2014-12-26 14:00:00,0.3058712121212121,0.0453787878787878,0.0450625,0.0,0.0,0.0039943181818181,0.0075643939393939,0.0022045454545454,0.1213863636363636,0.0007329545454545
2014-12-26 15:00:00,0.1598697318007663,0.0463965517241379,0.0,0.0,0.0,0.0039942528735632,0.0076551724137931,0.0021570881226053,0.0,0.0007337164750957
2014-12-26 16:00:00,0.1678269961977186,0.0401444866920152,0.0306692015209125,0.0,0.0,0.0039961977186311,0.0081216730038022,0.0020760456273764,0.0,0.0006463878326996
2014-12-26 17:00:00,0.1998413001912046,0.0321204588910133,0.034378585086042,0.0,0.0,0.0039923518164435,0.0059770554493307,0.0020516252390057,0.0,0.0006462715105162
2014-12-26 18:00:00,0.210021113243762,0.0307082533589251,0.0032380038387715,0.0,0.0,0.0039980806142034,0.0083013435700575,0.0021650671785028,0.0,0.0007082533589251
2014-12-26 19:00:00,0.2236360153256704,0.035463601532567,0.0305670498084291,0.0,0.0,0.0039961685823754,0.0078256704980842,0.0023103448275862,0.0,0.0007605363984674
2014-12-26 20:00:00,0.357066413662239,0.0448576850094876,0.0335749525616698,0.0,0.0,0.0039962049335863,0.008977229601518,0.0022865275142314,0.096831119544592,0.0007628083491461
2014-12-26 21:00:00,0.2971537001897533,0.045223908918406,0.0217191650853889,0.0,0.0,0.0039981024667931,0.0315654648956356,0.0020531309297912,0.0,0.0005901328273244
2014-12-26 22:00:00,0.4501908396946564,0.0451793893129771,0.0124809160305343,0.0,0.0,0.0469580152671755,0.0334809160305343,0.0021641221374045,0.0681393129770992,0.0006984732824427
2014-12-26 23:00:00,0.3528814531548757,0.0448986615678776,0.0243326959847036,0.0,0.0,0.0669005736137667,0.0240822179732313,0.0024837476099426,0.0,0.0008546845124282
2014-12-27 00:00:00,0.1638346007604562,0.0450190114068441,0.0304258555133079,0.0,0.0,0.0039562737642585,0.0068669201520912,0.0025665399239543,0.0,0.0008593155893536
2014-12-27 01:00:00,0.1710403071017274,0.0431420345489443,0.030767754318618,0.0,0.0,0.0039635316698656,0.0065527831094049,0.0026180422264875,0.0,0.0008714011516314
2014-12-27 02:00:00,0.1561507633587786,0.0411412213740458,0.0131965648854961,0.0,0.0,0.0039637404580152,0.0067862595419847,0.0025324427480916,0.0,0.0008721374045801
2014-12-27 03:00:00,0.135819734345351,0.0246527514231499,0.0181555977229601,0.0,0.0,0.0039620493358633,0.0074876660341555,0.0025464895635673,0.0,0.0008994307400379
2014-12-27 04:00:00,0.1370988593155893,0.0229942965779467,0.0325114068441064,0.0,0.0,0.0039600760456273,0.0087243346007604,0.0026368821292775,0.0,0.0009106463878326
2014-12-27 05:00:00,0.1498733459357278,0.0408714555765595,0.0270302457466918,0.0,0.0,0.0039546313799621,0.007054820415879,0.0025009451795841,0.0,0.0009092627599243
2014-12-27 06:00:00,0.1627576335877862,0.0431832061068702,0.0061278625954198,0.0,0.0,0.0039694656488549,0.0064465648854961,0.0023587786259541,0.0,0.0008568702290076
2014-12-27 07:00:00,0.2261333333333333,0.0424704761904761,0.0313428571428571,0.0,0.0,0.0039542857142857,0.0082304761904761,0.0020628571428571,0.0,0.0005923809523809
2014-12-27 08:00:00,0.5824346153846154,0.0428173076923076,0.0281346153846153,0.0,0.0,0.0039653846153846,0.0085384615384615,0.0020173076923076,0.0,0.0005423076923076
2014-12-27 09:00:00,0.4977457305502846,0.0422903225806451,0.0257874762808349,0.0,0.0,0.0154611005692599,0.005943074003795,0.0504705882352941,0.1902485768500948,0.0005844402277039
2014-12-27 10:00:00,0.5106374045801527,0.0421526717557251,0.0111908396946564,0.0,0.0,0.0700820610687022,0.00706106870229,0.0020019083969465,0.0721851145038167,0.0004198473282442
2014-12-27 11:00:00,0.4008778625954198,0.0422022900763358,0.0212251908396946,0.0,0.0,0.0727022900763358,0.0082824427480916,0.0020019083969465,0.1005667938931297,0.0004828244274809
2014-12-27 12:00:00,0.2339580952380952,0.0260495238095238,0.030695238095238,0.0,0.0,0.0643923809523809,0.0065428571428571,0.0020323809523809,0.0450609523809523,0.0005828571428571
2014-12-27 13:00:00,0.4575179584120983,0.024102079395085,0.028281663516068,0.0,0.0,0.0593062381852552,0.0132438563327032,0.0020189035916824,0.2038884688090737,0.0005482041587901
2014-12-27 14:00:00,0.2468406072106262,0.035392789373814,0.0293453510436432,0.0,0.0,0.0552732447817836,0.0341821631878557,0.0020075901328273,0.0,0.0004592030360531
2014-12-27 15:00:00,0.2510587121212121,0.042685606060606,0.0296136363636363,0.0,0.0,0.0550662878787878,0.0316136363636363,0.0020132575757575,0.0,0.0005189393939393
2014-12-27 16:00:00,1.0549525616698292,0.0420721062618595,0.0186717267552182,0.0,0.0,0.0876166982922201,0.0092182163187855,0.0020113851992409,0.0023510436432637,0.0004648956356736
2014-12-27 17:00:00,2.0688967495219885,0.04217017208413,0.0331491395793499,0.0,0.0,0.0645086042065009,0.0188738049713193,0.002,0.2255066921606118,0.0003728489483747
2014-12-27 18:00:00,1.5437824427480915,0.0422824427480916,0.0381354961832061,0.0,0.0,0.0646812977099236,0.0165019083969465,0.0020057251908396,0.0,0.0004255725190839
2014-12-27 19:00:00,1.125088122605364,0.0423544061302682,0.0417337164750957,0.0,0.0,0.0645862068965517,0.0146666666666666,0.0020440613026819,0.1910804597701149,0.0005325670498084
2014-12-27 20:00:00,0.3724359464627151,0.0418776290630975,0.0307858508604206,0.0,0.0,0.0649541108986615,0.0284397705544933,0.0020860420650095,0.0,0.0006195028680688
2014-12-27 21:00:00,0.3984573055028463,0.0264174573055028,0.0225578747628083,0.0,0.0,0.0640929791271347,0.0275104364326375,0.0021081593927893,0.0,0.0005996204933586
2014-12-27 22:00:00,0.4058026819923371,0.0208122605363984,0.0306321839080459,0.0,0.0,0.0581704980842911,0.0079501915708812,0.0021360153256704,0.0,0.0015421455938697
2014-12-27 23:00:00,0.2259047619047618,0.0361619047619047,0.0284266666666666,0.0,0.0,0.0271314285714285,0.0076114285714285,0.0024666666666666,0.0,0.0007809523809523
2014-12-28 00:00:00,0.1820532319391635,0.0412927756653992,0.0234391634980988,0.0,0.0,0.0229106463878327,0.0066844106463878,0.0022376425855513,0.0,0.0007490494296577
2014-12-28 01:00:00,0.1637290076335878,0.0412938931297709,0.0270515267175572,0.0,0.0,0.0082709923664122,0.0070419847328244,0.0022538167938931,0.0,0.0007843511450381
2014-12-28 02:00:00,0.1685608365019011,0.0406615969581749,0.037680608365019,0.0,0.0,0.0039847908745247,0.005393536121673,0.0024695817490494,0.0,0.0008250950570342
2014-12-28 03:00:00,0.1690572519083969,0.0406030534351145,0.0432347328244274,0.0,0.0,0.0039885496183206,0.0073530534351145,0.002486641221374,0.0,0.0008797709923664
2014-12-28 04:00:00,0.1443092979127134,0.0403149905123339,0.0032296015180265,0.0,0.0,0.0039943074003795,0.0080588235294117,0.0025256166982922,0.0,0.000831119544592
2014-12-28 05:00:00,0.1490628571428571,0.03984,0.0259923809523809,0.0,0.0,0.0039847619047619,0.0081999999999999,0.0025238095238095,0.0,0.0008819047619047
2014-12-28 06:00:00,0.4084383301707779,0.022931688804554,0.028853889943074,0.0,0.0,0.0039924098671726,0.0071081593927893,0.0023643263757115,0.1760493358633776,0.0008330170777988
2014-12-28 07:00:00,1.801472380952381,0.0175771428571428,0.033127619047619,0.0,0.0,0.004007619047619,0.006727619047619,0.0021219047619047,0.0,0.00064
2014-12-28 08:00:00,0.9098778625954198,0.0391106870229007,0.0098282442748091,0.0,0.0,0.0130343511450381,0.0063625954198473,0.0020343511450381,0.0,0.0005896946564885
2014-12-28 09:00:00,0.4644195402298851,0.0382739463601532,0.0301187739463601,0.0,0.0,0.0039961685823754,0.0069463601532567,0.0452088122605364,0.1548371647509578,0.0004022988505747
2014-12-28 10:00:00,0.1734751908396946,0.037868320610687,0.0247958015267175,0.0,0.0,0.0039942748091603,0.0076736641221374,0.0020019083969465,0.0,0.0003530534351145
2014-12-28 11:00:00,0.1559904580152671,0.0385324427480916,0.0280343511450381,0.0,0.0,0.0039942748091603,0.0067041984732824,0.002,0.0,0.00031106870229
2014-12-28 12:00:00,0.1606292775665399,0.0382414448669201,0.033648288973384,0.0,0.0,0.0039923954372623,0.0062433460076045,0.0020019011406844,0.0,0.0004391634980988
2014-12-28 13:00:00,1.570422053231939,0.0385304182509505,0.0271958174904942,0.0,0.0,0.0039980988593155,0.0071768060836501,0.1041958174904943,0.1872604562737642,0.0004258555133079
2014-12-28 14:00:00,0.96252,0.0341409523809523,0.0305923809523809,0.0,0.0,0.0039942857142857,0.0075333333333333,0.1515371428571428,0.1099714285714285,0.0004190476190476
2014-12-28 15:00:00,0.26781106870229,0.0226698473282442,0.0285839694656488,0.0,0.0,0.004,0.0063053435114503,0.0020038167938931,0.0557996183206106,0.0004503816793893
2014-12-28 16:00:00,0.2681837121212121,0.0218314393939393,0.0191136363636363,0.0,0.0,0.0040018939393939,0.0064109848484848,0.0020056818181818,0.0493484848484848,0.0005094696969696
2014-12-28 17:00:00,0.3125885714285714,0.0384780952380952,0.0251161904761904,0.0,0.0,0.0039980952380952,0.0074323809523809,0.002,0.0220628571428571,0.0004380952380952
2014-12-28 18:00:00,0.5654580152671757,0.038574427480916,0.0267709923664122,0.0,0.0,0.0039942748091603,0.0070229007633587,0.0020286259541984,0.2114961832061068,0.0005954198473282
2014-12-28 19:00:00,0.3959521072796935,0.0384367816091954,0.0326321839080459,0.0,0.0,0.0172911877394636,0.0108045977011494,0.0020900383141762,0.0517911877394636,0.0006704980842911
2014-12-28 20:00:00,0.3251720841300191,0.0402944550669216,0.0344588910133843,0.0,0.0,0.0200439770554493,0.0395181644359464,0.0021873804971319,0.0,0.0007112810707456
2014-12-28 21:00:00,0.3649236641221374,0.0381278625954198,0.0296087786259541,0.0,0.0,0.0133091603053435,0.0078492366412213,0.002104961832061,0.0,0.0008816793893129
2014-12-28 22:00:00,0.4581946564885496,0.0382480916030534,0.0315687022900763,0.0,0.0,0.0150286259541984,0.0171374045801526,0.0022480916030534,0.0865286259541984,0.0007729007633587
2014-12-28 23:00:00,0.2025667938931298,0.0367690839694656,0.0152633587786259,0.0,0.0,0.0094312977099236,0.0166125954198473,0.0022919847328244,0.0,0.0007881679389312
2014-12-29 00:00:00,0.1344524714828897,0.0187528517110266,0.0142832699619771,0.0,0.0,0.0039942965779467,0.0162357414448669,0.0024467680608365,0.0,0.0008403041825095
2014-12-29 01:00:00,0.1450364683301343,0.0208771593090211,0.0281823416506717,0.0,0.0,0.0039865642994241,0.0162284069097888,0.0023339731285988,0.0,0.0008138195777351
2014-12-29 02:00:00,0.1535977011494252,0.0385114942528735,0.0299444444444444,0.0,0.0,0.0039942528735632,0.016603448275862,0.0026130268199233,0.0,0.0009137931034482
2014-12-29 03:00:00,0.1505733333333333,0.038175238095238,0.0333257142857142,0.0,0.0,0.0039904761904761,0.0165085714285714,0.0025790476190476,0.0,0.0009028571428571
2014-12-29 04:00:00,0.1435923809523809,0.0377923809523809,0.005567619047619,0.0,0.0,0.0039866666666666,0.0156647619047619,0.0026514285714285,0.0,0.0009142857142857
2014-12-29 05:00:00,0.1487186311787072,0.0375380228136882,0.0259087452471482,0.0,0.0,0.0039980988593155,0.0149733840304182,0.0025133079847908,0.0,0.0008916349809885
2014-12-29 06:00:00,0.1925763358778626,0.0377480916030534,0.0330553435114503,0.0,0.0,0.0039885496183206,0.0047919847328244,0.0021221374045801,0.0,0.0007404580152671
2014-12-29 07:00:00,0.2545228136882129,0.0377585551330798,0.0146539923954372,0.0,0.0,0.0071768060836501,0.0058155893536121,0.0020779467680608,0.0,0.0038460076045627
2014-12-29 08:00:00,0.4773605313092979,0.0296091081593927,0.0175977229601518,0.0,0.0,0.017831119544592,0.0074819734345351,0.0483396584440227,0.1583738140417457,0.0081176470588235
2014-12-29 09:00:00,0.3219561904761905,0.0162209523809523,0.0272019047619047,0.0,0.0,0.0494342857142857,0.0078171428571428,0.0020114285714285,0.0749714285714285,0.0080266666666666
2014-12-29 10:00:00,0.2710322580645161,0.0317931688804554,0.038358633776091,0.0,0.0,0.0447020872865275,0.0058766603415559,0.0020284629981024,0.0562846299810246,0.008089184060721
2014-12-29 11:00:00,0.1956072106261859,0.0444421252371916,0.0283643263757115,0.0,0.0,0.0400132827324478,0.004774193548387,0.0020493358633776,0.0,0.0010341555977229
2014-12-29 12:00:00,0.1525019083969465,0.0373339694656488,0.0153721374045801,0.0,0.0,0.0090267175572519,0.0047538167938931,0.0021698473282442,0.0,0.0007099236641221
2014-12-29 13:00:00,0.2985687022900763,0.0391316793893129,0.015267175572519,0.0,0.0,0.0274332061068702,0.0108377862595419,0.0022881679389312,0.131868320610687,0.0007690839694656
2014-12-29 14:00:00,0.2932914285714286,0.0392895238095238,0.0314209523809523,0.0,0.0,0.0403009523809523,0.0107809523809523,0.0022323809523809,0.06268,0.0007714285714285
2014-12-29 15:00:00,0.2662065009560229,0.0392237093690248,0.0283843212237093,0.0,0.0,0.0454646271510516,0.0099904397705544,0.0022772466539196,0.0,0.001585086042065
2014-12-29 16:00:00,0.4029621928166351,0.038867674858223,0.0207107750472589,0.0,0.0,0.0495595463137996,0.0186294896030245,0.0020340264650283,0.0,0.0020623818525519
2014-12-29 17:00:00,0.5476221374045801,0.0395858778625954,0.0313625954198473,0.0,0.0,0.0485152671755725,0.0355935114503816,0.0020038167938931,0.0613912213740458,0.0004007633587786
2014-12-29 18:00:00,0.5641511627906977,0.0290600775193798,0.0281821705426356,0.0,0.0,0.0200406976744186,0.0205058139534883,0.0778527131782945,0.0,0.007360465116279
2014-12-29 19:00:00,0.5350978043912176,0.0264091816367265,0.036251497005988,0.0,0.0,0.0137644710578842,0.0184131736526946,0.0020259481037924,0.1380738522954092,0.0014910179640718
2014-12-29 20:00:00,0.3700888888888889,0.0234161616161616,0.0322747474747474,0.0,0.0,0.0132565656565656,0.0406868686868686,0.0020363636363636,0.0,0.0039878787878787
2014-12-29 21:00:00,0.4304111969111969,0.0358706563706563,0.0249903474903474,0.0,0.0,0.0130945945945945,0.0429729729729729,0.0021003861003861,0.0,0.0428803088803088
2014-12-29 22:00:00,0.5317528301886792,0.0382339622641509,0.0245641509433962,0.0,0.0,0.0161509433962264,0.0341188679245283,0.002143396226415,0.0731867924528301,0.0422830188679245
2014-12-29 23:00:00,0.3347438330170778,0.0377362428842504,0.0275901328273244,0.0,0.0,0.0130910815939278,0.0163396584440227,0.0023776091081593,0.0,0.0231461100569259
2014-12-30 00:00:00,0.1716520912547528,0.0388859315589353,0.0339467680608365,0.0,0.0,0.0131216730038022,0.0161102661596958,0.0025247148288973,0.0,0.0010133079847908
2014-12-30 01:00:00,0.1731485714285714,0.0371295238095238,0.0366628571428571,0.0,0.0,0.009775238095238,0.0100990476190476,0.002487619047619,0.0,0.0010285714285714
2014-12-30 02:00:00,0.1666673040152963,0.0372485659655831,0.0274015296367112,0.0,0.0,0.0039866156787762,0.0060994263862332,0.0025869980879541,0.0,0.0010286806883365
2014-12-30 03:00:00,0.1632438095238095,0.0368095238095238,0.0181104761904761,0.0,0.0,0.0039904761904761,0.007815238095238,0.00268,0.0,0.0010495238095238
2014-12-30 04:00:00,0.1320152091254753,0.0157813688212927,0.0110228136882129,0.0,0.0,0.0039904942965779,0.0066273764258555,0.0026007604562737,0.0,0.0010342205323193
2014-12-30 05:00:00,0.1476389413988658,0.0214725897920604,0.0306465028355387,0.0,0.0,0.0039981096408317,0.0069829867674858,0.0024272211720226,0.0,0.0010264650283553
2014-12-30 06:00:00,0.1732328244274809,0.0359541984732824,0.0313396946564885,0.0,0.0,0.0039847328244274,0.0065667938931297,0.0020706106870229,0.0,0.0010248091603053
2014-12-30 07:00:00,1.2063320754716982,0.0363566037735849,0.0160018867924528,0.0,0.0,0.0039754716981132,0.0077679245283018,0.0466584905660377,0.1440547169811321,0.0010226415094339
2014-12-30 08:00:00,0.902931818181818,0.0353162878787878,0.0174886363636363,0.0,0.3918617424242424,0.009967803030303,0.0063276515151515,0.037905303030303,0.0546363636363636,0.0321060606060606
2014-12-30 09:00:00,0.4688098859315589,0.0350722433460076,0.0306273764258555,0.0,0.039403041825095,0.0392775665399239,0.0230247148288973,0.0149087452471482,0.0281064638783269,0.004444866920152
2014-12-30 10:00:00,1.110721590909091,0.0361079545454545,0.0260530303030303,0.6698125,0.0,0.0414640151515151,0.0099261363636363,0.0020511363636363,0.1443636363636363,0.0009867424242424
2014-12-30 11:00:00,2.295795411089866,0.0415564053537284,0.027491395793499,1.8853919694072656,0.0,0.090585086042065,0.005661567877629,0.0020172084130019,0.0390172084130019,0.0009923518164435
2014-12-30 12:00:00,1.234335863377609,0.0321081593927893,0.0287267552182163,0.7471631878557874,0.0,0.1140398481973434,0.0093149905123339,0.0021081593927893,0.1497685009487666,0.0009867172675521
2014-12-30 13:00:00,0.2529735849056603,0.0296735849056603,0.0287037735849056,0.0,0.0,0.057177358490566,0.0053849056603773,0.0021396226415094,0.0472698113207547,0.0009716981132075
2014-12-30 14:00:00,0.401446124763705,0.03117202268431,0.018937618147448,0.0,0.0,0.0622155009451795,0.0066181474480151,0.002094517958412,0.1963383742911153,0.000992438563327
2014-12-30 15:00:00,0.3060475285171102,0.0341121673003802,0.0314961977186311,0.0,0.0,0.1174961977186311,0.0074239543726235,0.0021140684410646,0.0002680608365019,0.0009923954372623
2014-12-30 16:00:00,0.4433167938931298,0.0410248091603053,0.0337194656488549,0.0,0.0,0.1113835877862595,0.006767175572519,0.0020019083969465,0.0,0.0009847328244274
2014-12-30 17:00:00,1.6530065359477124,0.0464466230936819,0.0307712418300653,0.0,0.0228692810457516,0.072958605664488,0.0076557734204793,0.002,0.0743943355119825,0.0009738562091503
2014-12-30 18:00:00,2.002686200378072,0.0402967863894139,0.0293497164461247,0.0,0.5765274102079395,0.0226729678638941,0.0084896030245746,0.002,0.0,0.0009829867674858
2014-12-30 19:00:00,0.6155700575815739,0.0401477927063339,0.0298829174664107,0.0,0.0,0.013619961612284,0.0085239923224568,0.0211554702495201,0.0,0.0009731285988483
2014-12-30 20:00:00,0.5481450381679389,0.0400133587786259,0.0326870229007633,0.0,0.0,0.013456106870229,0.007942748091603,0.0020190839694656,0.2286240458015267,0.0009770992366412
2014-12-30 21:00:00,0.3989942748091603,0.0404980916030534,0.0350381679389312,0.0,0.0,0.0130572519083969,0.0067919847328244,0.0020629770992366,0.0,0.0009847328244274
2014-12-30 22:00:00,0.5263619047619047,0.0415885714285714,0.0312,0.0,0.0,0.0131314285714285,0.015815238095238,0.00224,0.0691428571428571,0.0009809523809523
2014-12-30 23:00:00,0.3978585086042065,0.039944550669216,0.0322198852772466,0.0,0.0,0.0131281070745697,0.0326118546845124,0.0023824091778202,0.0,0.0009808795411089
2014-12-31 00:00:00,0.1883499043977055,0.0279980879541108,0.0217877629063097,0.0,0.0,0.0096118546845124,0.0161261950286806,0.0023365200764818,0.0,0.0009885277246653
2014-12-31 01:00:00,0.1386977186311787,0.0228669201520912,0.0170551330798479,0.0,0.0,0.003977186311787,0.0098174904942965,0.0023155893536121,0.0,0.0009942965779467
2014-12-31 02:00:00,0.1540568181818181,0.0306098484848484,0.0240776515151515,0.0,0.0,0.0039545454545454,0.0060568181818181,0.0025492424242424,0.0,0.0009924242424242
2014-12-31 03:00:00,0.164426944971537,0.0395483870967741,0.0284876660341555,0.0,0.0,0.0039715370018975,0.0063662239089184,0.0025692599620493,0.0,0.0009962049335863
2014-12-31 04:00:00,0.1622015209125475,0.0401007604562737,0.0294980988593155,0.0,0.0,0.0039733840304182,0.0091539923954372,0.0026330798479087,0.0,0.0009980988593155
2014-12-31 05:00:00,0.1543187855787476,0.0392144212523719,0.0322599620493358,0.0,0.0,0.003954459203036,0.0052314990512333,0.0023851992409867,0.0,0.0009981024667931
2014-12-31 06:00:00,0.1747112810707456,0.039321223709369,0.015378585086042,0.0,0.0,0.0039598470363288,0.0072715105162523,0.0020248565965583,0.0,0.0009904397705544
2014-12-31 07:00:00,0.2170936902485659,0.0385602294455066,0.0141720841300191,0.0,0.0,0.0042600382409177,0.0079598470363288,0.0020057361376673,0.0,0.0009885277246653
2014-12-31 08:00:00,0.2263060836501901,0.0395152091254752,0.0279486692015209,0.0,0.0,0.0165057034220532,0.0049296577946768,0.0020304182509505,0.0,0.0009828897338403
2014-12-31 09:00:00,0.4746660341555977,0.0224022770398481,0.0434554079696394,0.0,0.0,0.0115028462998102,0.0077647058823529,0.0502428842504743,0.17226944971537,0.0305920303605313
2014-12-31 10:00:00,0.3743200757575757,0.0231098484848484,0.0337443181818181,0.0,0.0,0.0112821969696969,0.0090719696969696,0.0020625,0.1063958333333333,0.0425965909090909
2014-12-31 11:00:00,0.2671374045801526,0.0359522900763358,0.031206106870229,0.0,0.0,0.0043625954198473,0.0051603053435114,0.00206106870229,0.0,0.0423091603053435
2014-12-31 12:00:00,0.2622452471482889,0.0425247148288973,0.032828897338403,0.0,0.0,0.0043764258555133,0.0076007604562737,0.0020532319391634,0.0,0.0321368821292775
2014-12-31 13:00:00,0.2935551330798479,0.0435570342205323,0.0239334600760456,0.0,0.0,0.0040190114068441,0.0091825095057034,0.0023973384030418,0.1069486692015209,0.0074733840304182
2014-12-31 14:00:00,0.7783793103448275,0.0439865900383141,0.0282145593869731,0.4354022988505747,0.0,0.0039789272030651,0.0078045977011494,0.0024137931034482,0.1569961685823754,0.0075287356321839
2014-12-31 15:00:00,0.541819391634981,0.0455380228136882,0.0253745247148288,0.3055722433460076,0.0,0.0039809885931558,0.0048574144486692,0.0020247148288973,0.0,0.0074467680608365
2014-12-31 16:00:00,0.4856022944550669,0.0454321223709369,0.025831739961759,0.0,0.0820803059273422,0.0228814531548757,0.004434034416826,0.0020019120458891,0.0,0.0074818355640535
2014-12-31 17:00:00,0.7163954372623574,0.0453136882129277,0.0401387832699619,0.0,0.0521692015209125,0.0283631178707224,0.0062433460076045,0.144638783269962,0.0441007604562737,0.0075152091254752
2014-12-31 18:00:00,0.5656309751434034,0.0442619502868068,0.0387858508604206,0.0,0.0,0.0136367112810707,0.0072676864244741,0.0020229445506692,0.1351816443594646,0.0074703632887189
2014-12-31 19:00:00,0.4312485659655831,0.0442676864244741,0.0290344168260038,0.0,0.0,0.0133804971319311,0.0325334608030592,0.0020325047801147,0.0364225621414914,0.0074646271510516
2014-12-31 20:00:00,0.3351128107074569,0.0438087954110898,0.0294206500956022,0.0,0.0,0.0130210325047801,0.0286558317399617,0.0020516252390057,0.0,0.0075162523900573
2014-12-31 21:00:00,1.3685229007633588,0.043767175572519,0.024973282442748,0.0,0.0,0.013074427480916,0.0307309160305343,0.0020839694656488,0.0,0.0075267175572519
2014-12-31 22:00:00,0.4860057361376673,0.0439541108986615,0.0201988527724665,0.0,0.0,0.0130898661567877,0.035925430210325,0.0021835564053537,0.0740917782026768,0.0074760994263862
2014-12-31 23:00:00,0.3047908745247148,0.0438802281368821,0.0242110266159695,0.0,0.0,0.0154201520912547,0.023287072243346,0.0024068441064638,0.0,0.007467680608365
2015-01-01 00:00:00,0.2140553435114504,0.0435496183206106,0.0335438931297709,0.0,0.0,0.004723282442748,0.0092309160305343,0.0024332061068702,0.0,0.0075
2015-01-01 01:00:00,0.1647347328244275,0.0443473282442748,0.0344446564885496,0.0,0.0,0.0039503816793893,0.0068568702290076,0.0022881679389312,0.0,0.0075400763358778
2015-01-01 02:00:00,0.1598942307692307,0.0365846153846153,0.0344211538461538,0.0,0.0,0.0039596153846153,0.0081653846153846,0.002451923076923,0.0,0.007475
2015-01-01 03:00:00,0.1605839694656488,0.0324885496183206,0.0301011450381679,0.0,0.0,0.0039751908396946,0.0074599236641221,0.002604961832061,0.0,0.0075286259541984
2015-01-01 04:00:00,0.1556628571428571,0.0311561904761904,0.0124114285714285,0.0,0.0,0.0039466666666666,0.0065238095238095,0.0026266666666666,0.0,0.0075314285714285
2015-01-01 05:00:00,0.1616882129277566,0.0325209125475285,0.020583650190114,0.0,0.0,0.003967680608365,0.0065038022813688,0.0026920152091254,0.0,0.0075247148288973
2015-01-01 06:00:00,0.3254838709677419,0.0443358633776091,0.0287400379506641,0.0,0.0,0.0039734345351043,0.0079278937381404,0.0025066413662239,0.0858235294117647,0.0075407969639468
2015-01-01 07:00:00,0.281247619047619,0.0454895238095238,0.0300666666666666,0.0,0.0,0.0039714285714285,0.0073657142857142,0.0023314285714285,0.0,0.0075066666666666
2015-01-01 08:00:00,0.2813263358778626,0.0455419847328244,0.0278664122137404,0.0,0.0001068702290076,0.0039637404580152,0.0073148854961832,0.0021698473282442,0.0,0.0075152671755725
2015-01-01 09:00:00,0.3861254752851711,0.0472376425855513,0.028615969581749,0.0,0.0,0.0097433460076045,0.0070855513307984,0.0476596958174904,0.1448631178707224,0.0074980988593155
2015-01-01 10:00:00,0.1942931034482758,0.0484885057471264,0.0213199233716475,0.0,0.0,0.0042394636015325,0.0067969348659003,0.0020727969348659,0.027455938697318,0.0075478927203065
2015-01-01 11:00:00,0.1716011450381679,0.0498702290076335,0.0167652671755725,0.0,0.0,0.0041526717557251,0.0071221374045801,0.0020267175572519,0.0,0.007530534351145
2015-01-01 12:00:00,0.1708835877862595,0.0499580152671755,0.0190839694656488,0.0,0.0,0.003986641221374,0.0064064885496183,0.0020057251908396,1.5267175572519083e-05,0.0075362595419847
2015-01-01 13:00:00,1.0758045977011494,0.0506628352490421,0.0298620689655172,0.0,0.0,0.0039942528735632,0.0071513409961685,0.0263639846743295,0.1084310344827586,0.0074846743295019
2015-01-01 14:00:00,0.2899292543021032,0.0505506692160611,0.0379407265774378,0.0,0.0,0.0075086042065009,0.0093996175908221,0.0020133843212237,0.0741854684512428,0.0075181644359464
2015-01-01 15:00:00,0.3497519083969466,0.0409580152671755,0.0357690839694656,0.0,0.0,0.0042404580152671,0.0339370229007633,0.0020114503816793,0.0515,0.0070209923664122
2015-01-01 16:00:00,0.3485638095238095,0.0391504761904761,0.0352342857142857,0.0,0.0,0.0041447619047619,0.0303599999999999,0.0020933333333333,0.0,0.0
2015-01-01 17:00:00,1.6357988505747123,0.0380459770114942,0.0297567049808429,0.0,0.0,0.0381111111111111,0.0163448275862069,0.002015325670498,0.0,0.0144406130268199
2015-01-01 18:00:00,0.8634836852207294,0.0443877159309021,0.0313953934740882,0.0,0.0,0.0160076775431861,0.0180748560460652,0.0218598848368522,0.0669385796545105,0.0185585412667946
2015-01-01 19:00:00,0.5375,0.0548908045977011,0.0466704980842911,0.0,0.0,0.0137145593869731,0.0290383141762452,0.0021149425287356,0.085183908045977,0.0366360153256705
2015-01-01 20:00:00,0.3915521235521235,0.0556544401544401,0.0387413127413127,0.0,0.0,0.0131679536679536,0.0289517374517374,0.0021930501930501,0.0,0.0422316602316602
2015-01-01 21:00:00,0.3607839388145316,0.0561682600382409,0.0326634799235181,0.0,0.0,0.0130669216061185,0.0282906309751434,0.002114722753346,0.0,0.0157284894837476
2015-01-01 22:00:00,0.4246118546845124,0.0557782026768642,0.0317476099426386,0.0,0.0,0.013057361376673,0.021397705544933,0.0020611854684512,0.0564474187380497,0.0010133843212237
2015-01-01 23:00:00,0.2825651340996168,0.0569406130268199,0.0321417624521072,0.0,0.0,0.0112490421455938,0.0102892720306513,0.0025172413793103,0.0,0.0010249042145593
2015-01-02 00:00:00,0.189264258555133,0.0575475285171102,0.0329695817490494,0.0,0.0,0.003944866920152,0.0091768060836501,0.0025855513307984,0.0,0.0010209125475285
2015-01-02 01:00:00,0.1699904580152671,0.0433893129770992,0.0302652671755725,0.0,0.0,0.0039694656488549,0.0094980916030534,0.002280534351145,0.0,0.0010152671755725
2015-01-02 02:00:00,0.1612596153846154,0.0391576923076923,0.0302057692307692,0.0,0.0,0.0039673076923076,0.0078076923076923,0.0025499999999999,0.0,0.0010249999999999
2015-01-02 03:00:00,0.1528355640535373,0.0394015296367112,0.0250879541108986,0.0,0.0,0.0039732313575525,0.0095391969407265,0.0026347992351816,0.0,0.0010152963671128
2015-01-02 04:00:00,0.1623580952380952,0.0468133333333333,0.0220095238095238,0.0,0.0,0.0039638095238095,0.0085390476190476,0.0028228571428571,0.0,0.0010457142857142
2015-01-02 05:00:00,0.1736883365200764,0.0523135755258126,0.0208202676864244,0.0,0.0,0.0039732313575525,0.0100019120458891,0.0027131931166347,0.0,0.0010344168260038
2015-01-02 06:00:00,0.2007099236641221,0.0513664122137404,0.0374045801526717,0.0,0.0,0.0039694656488549,0.0076965648854961,0.0023492366412213,0.0,0.0010324427480916
2015-01-02 07:00:00,0.3534370229007633,0.0485896946564885,0.0309541984732824,0.0,0.0,0.003942748091603,0.009280534351145,0.0020324427480916,0.0933874045801526,0.0010209923664122
2015-01-02 08:00:00,0.3701142857142857,0.0484361904761904,0.02984,0.0,0.0,0.0064171428571428,0.0066761904761904,0.0020571428571428,0.1036533333333333,0.0010342857142857
2015-01-02 09:00:00,0.2318833652007648,0.0470114722753346,0.0319694072657743,0.0,0.0,0.0379694072657743,0.008963671128107,0.0020019120458891,0.0,0.0010172084130019
2015-01-02 10:00:00,0.2220057142857142,0.0467923809523809,0.0174038095238095,0.0,0.0,0.0432361904761904,0.0071371428571428,0.002,0.0,0.001015238095238
2015-01-02 11:00:00,0.3975162523900574,0.0438413001912045,0.0239139579349904,0.0,0.0805181644359464,0.0368260038240917,0.0086481835564053,0.0020248565965583,0.0,0.001019120458891
2015-01-02 12:00:00,0.3411889312977099,0.0326583969465648,0.0271393129770992,0.0,0.0649618320610687,0.0228015267175572,0.0236221374045801,0.0020267175572519,0.0,0.0010133587786259
2015-01-02 13:00:00,0.2850912547528517,0.0329923954372623,0.0313859315589353,0.1216273764258555,0.0,0.0044049429657794,0.0074885931558935,0.0020247148288973,0.0,0.0010228136882129
2015-01-02 14:00:00,0.336447216890595,0.0336852207293666,0.0191573896353167,0.0,0.0001036468330134,0.0086717850287907,0.0071247600767754,0.0020633397312859,0.1933704414587332,0.0010211132437619
2015-01-02 15:00:00,0.4131826923076923,0.0483596153846153,0.0118461538461538,0.0,0.0402788461538461,0.0445615384615384,0.0184403846153846,0.0020134615384615,0.0629307692307692,0.0010173076923076
2015-01-02 16:00:00,0.3702428298279159,0.0485869980879541,0.0296978967495219,0.0,3.824091778202676e-06,0.0531453154875717,0.0310994263862332,0.0020152963671128,0.028151051625239,0.0010210325047801
2015-01-02 17:00:00,1.4592662835249042,0.0471896551724137,0.0374808429118773,0.0,0.0,0.0234386973180076,0.0076877394636015,0.1227471264367816,0.0,0.0010229885057471
2015-01-02 18:00:00,0.7464410058027079,0.0465822050290135,0.025963249516441,0.0,0.0,0.0137949709864603,0.0066266924564796,0.0673829787234042,0.0,0.0010193423597678
2015-01-02 19:00:00,0.5190097087378641,0.0462135922330097,0.0252718446601941,0.0,0.0,0.090304854368932,0.0126854368932038,0.0020252427184466,0.0,0.0010155339805825
2015-01-02 20:00:00,0.3987422480620155,0.0466763565891472,0.0158081395348837,0.0,0.0,0.075875968992248,0.022922480620155,0.0020562015503875,0.0,0.0010310077519379
2015-01-02 21:00:00,0.4600585480093676,0.0276604215456674,0.0219531615925058,0.0,0.0,0.0796674473067915,0.0253466042154566,0.0022084309133489,0.1120819672131147,0.0010257611241217
2015-01-02 22:00:00,0.335842803030303,0.0380321969696969,0.0226818181818181,0.0,0.0,0.0660871212121212,0.0247140151515151,0.0021003787878787,0.0,0.0010151515151515
2015-01-02 23:00:00,0.2508996212121212,0.0313465909090909,0.0279924242424242,0.0,0.0,0.0441875,0.0143446969696969,0.0025113636363636,0.0,0.0010340909090909
2015-01-03 00:00:00,0.1560588235294117,0.0321650853889943,0.0278444022770398,0.0,0.0,0.0039829222011385,0.0083168880455407,0.00234724857685,0.0,0.0010189753320683
2015-01-03 01:00:00,0.1584943396226415,0.0359679245283018,0.030143396226415,0.0,0.0,0.003966037735849,0.0064981132075471,0.0022,0.0,0.0010377358490566
2015-01-03 02:00:00,0.1613768939393939,0.0466363636363636,0.0287140151515151,0.0,0.0,0.0039867424242424,0.0095719696969696,0.0023560606060606,0.0,0.0010208333333333
2015-01-03 03:00:00,0.1618726235741444,0.046222433460076,0.0297034220532319,0.0,0.0,0.0039904942965779,0.0053555133079847,0.0026178707224334,0.0,0.0010304182509505
2015-01-03 04:00:00,0.1584347826086956,0.0467429111531191,0.0270132325141776,0.0,0.0,0.0039943289224952,0.0063156899810964,0.0028733459357277,0.0,0.0010453686200378
2015-01-03 05:00:00,0.1564375,0.0463712121212121,0.0116893939393939,0.0,0.0,0.0039848484848484,0.0092518939393939,0.0027537878787878,0.0,0.001060606060606
2015-01-03 06:00:00,0.1740872865275142,0.0463946869070208,0.0218557874762808,0.0,0.0,0.0039848197343453,0.005280834914611,0.0021916508538899,0.0,0.0010322580645161
2015-01-03 07:00:00,0.424421052631579,0.0463646616541353,0.0288364661654135,0.0,0.0,0.0039736842105263,0.0138533834586466,0.0020131578947368,0.1128157894736842,0.001031954887218
2015-01-03 08:00:00,0.4377283018867924,0.045188679245283,0.029477358490566,0.0,0.0,0.0105566037735849,0.0281981132075471,0.002066037735849,0.1215188679245283,0.0010301886792452
2015-01-03 09:00:00,0.4330907372400756,0.0454196597353497,0.0365141776937618,0.0,0.0,0.0045652173913043,0.0162703213610586,0.0274234404536862,0.2058544423440453,0.0020075614366729
2015-01-03 10:00:00,0.2271188679245283,0.0312509433962264,0.0245339622641509,0.0,0.0,0.0037283018867924,0.0368415094339622,0.0020735849056603,0.0,0.0035962264150943
2015-01-03 11:00:00,0.2142800751879699,0.0301315789473684,0.0124642857142857,0.0,0.0,0.0206278195488721,0.0100695488721804,0.0020451127819548,0.0,0.0034793233082706
2015-01-03 12:00:00,0.2013257575757575,0.0312045454545454,0.0216837121212121,0.0,0.0,0.0052462121212121,0.0086458333333333,0.0020719696969696,0.0,0.003435606060606
2015-01-03 13:00:00,0.3625447619047619,0.045767619047619,0.0322895238095238,0.0,0.0,0.0041238095238095,0.0155638095238095,0.00208,0.1756742857142857,0.001
2015-01-03 14:00:00,0.3188869731800766,0.0460919540229885,0.028787356321839,0.0,0.0,0.0108333333333333,0.0463218390804597,0.0022490421455938,0.0917911877394636,0.0010019157088122
2015-01-03 15:00:00,0.231550284629981,0.0464667931688804,0.0333225806451612,0.0,0.0,0.0134326375711574,0.0503282732447817,0.0021764705882352,0.0,0.0010018975332068
2015-01-03 16:00:00,0.2936881091617934,0.0446315789473684,0.0003664717348927,0.0,0.0,0.0044678362573099,0.0345477582846003,0.0020623781676413,0.064401559454191,0.001
2015-01-03 17:00:00,2.2398492366412217,0.0450381679389313,0.0297003816793893,0.0,0.0,0.0044026717557251,0.0299446564885496,0.002,0.0,0.001
2015-01-03 18:00:00,0.7955496183206107,0.0434599236641221,0.0277958015267175,0.0,0.0,0.0039980916030534,0.0170839694656488,0.2084026717557252,0.0617614503816793,0.001
2015-01-03 19:00:00,1.3575057251908398,0.0474942748091603,0.0268473282442748,0.6970267175572519,0.0858587786259542,0.0039942748091603,0.0208530534351145,0.0316717557251908,0.111267175572519,0.001
2015-01-03 20:00:00,0.3955489443378119,0.0448157389635316,0.0264145873320537,0.0,0.0512322456813819,0.0039961612284069,0.0336679462571977,0.0020959692898272,0.0,0.001
2015-01-03 21:00:00,0.3004484732824428,0.0341736641221374,0.0260248091603053,0.0,0.0,0.0039980916030534,0.0327900763358778,0.0022041984732824,0.0,0.0010019083969465
2015-01-03 22:00:00,0.3045028790786948,0.0305738963531669,0.029619961612284,0.0,0.0,0.004,0.0341880998080614,0.0021324376199616,0.0,0.0010019193857965
2015-01-03 23:00:00,0.3603938814531549,0.0297590822179732,0.0272848948374761,0.0,0.0,0.0067131931166347,0.0354894837476099,0.0023766730401529,0.0419694072657743,0.001
2015-01-04 00:00:00,0.1630190839694656,0.0341603053435114,0.0279179389312977,0.0,0.0,0.0040038167938931,0.016706106870229,0.0025152671755725,0.0,0.001
2015-01-04 01:00:00,0.1542624521072797,0.04205938697318,0.0288448275862068,0.0,0.0,0.0039904214559386,0.0118697318007662,0.0025747126436781,0.0,0.0010019157088122
2015-01-04 02:00:00,0.1517690839694656,0.0413950381679389,0.0200381679389313,0.0,0.0,0.0039942748091603,0.0078492366412213,0.0027519083969465,0.0,0.0010057251908396
2015-01-04 03:00:00,0.1489655831739962,0.041019120458891,0.0109216061185468,0.0,0.0,0.0039904397705544,0.0062638623326959,0.0027284894837476,0.0,0.0010114722753346
2015-01-04 04:00:00,0.1545123809523809,0.04056,0.028455238095238,0.0,0.0,0.0039942857142857,0.0063980952380952,0.0028019047619047,0.0,0.0010095238095238
2015-01-04 05:00:00,0.1642038095238095,0.0406266666666666,0.0308590476190476,0.0,0.0,0.0039866666666666,0.00708,0.0027409523809523,0.0,0.0010057142857142
2015-01-04 06:00:00,0.1967371428571428,0.0401238095238095,0.0310057142857142,0.0,0.0,0.0039885714285714,0.0081238095238095,0.0025371428571428,0.0,0.0010057142857142
2015-01-04 07:00:00,0.2048041825095057,0.0390798479087452,0.0090608365019011,0.0,0.0,0.0040019011406844,0.0078193916349809,0.002444866920152,0.0,0.0010057034220532
2015-01-04 08:00:00,0.1733721374045801,0.0236354961832061,0.0192824427480916,0.0,0.0,0.0039942748091603,0.0075477099236641,0.0022309160305343,0.0,0.001
2015-01-04 09:00:00,1.1485142314990513,0.0172201138519924,0.0285464895635673,0.0,0.0,0.0039696394686907,0.0069829222011385,0.052977229601518,0.2987798861480075,0.001
2015-01-04 10:00:00,0.1575371428571428,0.0363866666666666,0.0289809523809523,0.0,0.0,0.0080133333333333,0.0117828571428571,0.0021009523809523,7.238095238095238e-05,0.001
2015-01-04 11:00:00,0.1545763358778626,0.0385515267175572,0.0306564885496183,0.0,0.0,0.0041087786259541,0.0121832061068702,0.0020935114503816,0.0,0.0010019083969465
2015-01-04 12:00:00,0.1499486692015209,0.0388269961977186,0.0193460076045627,0.0,0.0,0.0041007604562737,0.006541825095057,0.0020285171102661,0.0,0.001
2015-01-04 13:00:00,0.5295980952380952,0.0390114285714285,0.0234457142857142,0.0,0.0,0.006447619047619,0.0075066666666666,0.0292819047619047,0.1696114285714285,0.001
2015-01-04 14:00:00,0.470087619047619,0.0407866666666666,0.0402819047619047,0.0,9.523809523809525e-06,0.0142057142857142,0.0074723809523809,0.1419409523809524,0.1022819047619047,0.0010019047619047
2015-01-04 15:00:00,0.287872380952381,0.0398057142857142,0.0201447619047619,0.0,0.0,0.0099028571428571,0.0207714285714285,0.0021638095238095,0.0,0.001
2015-01-04 16:00:00,0.4635812619502868,0.0401376673040152,0.0285831739961759,0.0,3.824091778202676e-06,0.0031491395793499,0.0095372848948374,0.0156577437858508,0.0950975143403441,0.001
2015-01-04 17:00:00,0.3528260038240918,0.0196290630975143,0.0339713193116634,0.0,0.0,0.0031128107074569,0.0072848948374761,0.0020038240917782,0.0,0.001
2015-01-04 18:00:00,0.4928809980806142,0.0206084452975047,0.0326986564299424,0.0,0.0,0.0030863723608445,0.0284145873320537,0.0020019193857965,0.0793128598848368,0.001
2015-01-04 19:00:00,0.4056403846153846,0.0401365384615384,0.0314384615384615,0.0,0.0,0.0031442307692307,0.0331903846153846,0.002001923076923,0.0,0.001
2015-01-04 20:00:00,0.39831106870229,0.0405057251908397,0.0322709923664122,0.0,0.0,0.0031354961832061,0.0633568702290076,0.0020782442748091,0.0,0.001
2015-01-04 21:00:00,0.4818560606060606,0.040028409090909,0.0090492424242424,0.0,0.0,0.0031875,0.0636060606060606,0.0022215909090909,0.0779621212121212,0.001
2015-01-04 22:00:00,0.4267509505703422,0.0414600760456273,0.0331292775665399,0.0,0.0,0.0031596958174904,0.0299809885931558,0.0021539923954372,0.0391520912547528,0.001
2015-01-04 23:00:00,0.2090515267175572,0.0408759541984732,0.0337194656488549,0.0,0.0,0.003192748091603,0.0167633587786259,0.0025114503816793,0.0,0.001
2015-01-05 00:00:00,0.1742190476190476,0.0419523809523809,0.0358857142857142,0.0,0.0,0.0031923809523809,0.0171923809523809,0.0025161904761904,0.0039009523809523,0.0010019047619047
2015-01-05 01:00:00,0.1523314285714285,0.0426514285714285,0.0079523809523809,0.0,0.0,0.0031847619047619,0.0080457142857142,0.0024571428571428,0.0,0.0010019047619047
2015-01-05 02:00:00,0.14532,0.0294323809523809,0.0314914285714285,0.0,0.0,0.0032114285714285,0.0074933333333333,0.0027314285714285,0.0,0.0010057142857142
2015-01-05 03:00:00,0.1421271347248577,0.025965844402277,0.0288652751423149,0.0,0.0,0.0032409867172675,0.0077362428842504,0.0027590132827324,1.8975332068311195e-06,0.0010018975332068
2015-01-05 04:00:00,0.1435629770992366,0.0297423664122137,0.0252003816793893,0.0,0.0,0.0032251908396946,0.0086851145038167,0.0026946564885496,0.0,0.0010038167938931
2015-01-05 05:00:00,0.155087619047619,0.0436133333333333,0.0074533333333333,0.0,0.0,0.0032361904761904,0.0078038095238095,0.0024666666666666,0.0,0.001007619047619
2015-01-05 06:00:00,0.1891977186311787,0.0427604562737642,0.0306121673003802,0.0,0.0,0.0031463878326996,0.0077794676806083,0.0021692015209125,0.0,0.001
2015-01-05 07:00:00,0.2441904761904762,0.0431219047619047,0.0284571428571428,0.0,0.0,0.0031657142857142,0.0083066666666666,0.0020190476190476,0.0,0.001
2015-01-05 08:00:00,0.3932761904761905,0.0434114285714285,0.0249219047619047,0.0,0.0,0.0032114285714285,0.0067466666666666,0.0020933333333333,0.1671904761904762,0.001
2015-01-05 09:00:00,0.1899047619047619,0.0440704761904761,0.01324,0.0,0.0,0.0031238095238095,0.0086533333333333,0.0020704761904761,0.0,0.0029466666666666
2015-01-05 10:00:00,0.2899558541266794,0.0457619961612284,0.0209846449136276,0.0,0.0,0.0031554702495201,0.0537178502879078,0.0021055662188099,0.0,0.0016468330134357
2015-01-05 11:00:00,0.365872380952381,0.0445447619047619,0.029,0.0,0.0,0.00316,0.0420342857142857,0.0020495238095238,0.0,0.001
2015-01-05 12:00:00,0.2586818181818182,0.0414867424242424,0.0281268939393939,0.0,0.0,0.0031382575757575,0.005,0.0020946969696969,0.079155303030303,0.001
2015-01-05 13:00:00,0.1529545454545454,0.0309280303030303,0.0305132575757575,0.0,0.0,0.0031666666666666,0.0089715909090909,0.0021723484848484,0.0,0.001
2015-01-05 14:00:00,0.1897102272727273,0.0308333333333333,0.0181969696969696,0.0,0.0,0.0602973484848484,0.008528409090909,0.0021837121212121,0.0,0.0010037878787878
2015-01-05 15:00:00,0.1927036328871892,0.0349292543021032,0.0126653919694072,0.0,0.0,0.0622562141491395,0.0068585086042065,0.0021434034416826,0.0,0.0010057361376673
2015-01-05 16:00:00,0.5475749525616699,0.046235294117647,0.0331157495256167,3.795066413662239e-05,0.0,0.0561442125237191,0.0095996204933586,0.0020208728652751,0.2588330170777988,0.001
2015-01-05 17:00:00,1.5007817836812145,0.0458500948766603,0.0286204933586337,0.0,0.0,0.0552713472485768,0.0080986717267552,0.002,0.0711290322580645,0.001
2015-01-05 18:00:00,0.7381070745697896,0.0470267686424474,0.0333804971319311,0.0,0.0,0.0551548757170172,0.0159598470363288,0.0103307839388145,0.0,0.0008891013384321
2015-01-05 19:00:00,0.5251631477927063,0.0476180422264875,0.0487523992322456,0.0,0.0,0.0640364683301343,0.0140153550863723,0.0020287907869481,0.0624529750479846,0.0005451055662188
2015-01-05 20:00:00,0.40468,0.0487047619047619,0.0296457142857142,0.0,0.0,0.0572914285714285,0.0506952380952381,0.0021695238095238,0.0,0.0007199999999999
2015-01-05 21:00:00,0.3727216890595009,0.0476276391554702,0.0235009596928982,0.0,0.0,0.0549942418426103,0.0180921305182341,0.0020556621880998,0.0,0.0005316698656429
2015-01-05 22:00:00,0.400320537428023,0.0481381957773512,0.028067178502879,0.0,0.0,0.0813013435700575,0.0140019193857965,0.0022591170825335,0.1031266794625719,0.0006545105566218
2015-01-05 23:00:00,0.2678349328214972,0.0482034548944337,0.0287754318618042,0.0,0.0,0.0145527831094049,0.0195335892514395,0.0025604606525911,0.0174184261036468,0.0008426103646833
2015-01-06 00:00:00,0.1719617590822179,0.0341816443594646,0.0318489483747609,0.0,0.0,0.0034263862332695,0.0194187380497131,0.0025353728489483,0.0,0.0008393881453154
2015-01-06 01:00:00,0.1875133587786259,0.0336221374045801,0.0373606870229007,0.0,0.0,0.0033759541984732,0.0187118320610687,0.0023625954198473,0.0,0.000780534351145
2015-01-06 02:00:00,0.1989101338432122,0.0349942638623326,0.0385391969407265,0.0,0.0,0.0033843212237093,0.0100726577437858,0.0025162523900573,0.0,0.0008546845124282
2015-01-06 03:00:00,0.1986226053639846,0.0438103448275862,0.0217107279693486,0.0,0.0,0.0034578544061302,0.0111187739463601,0.0026091954022988,0.0,0.0008486590038314
2015-01-06 04:00:00,0.1975009596928982,0.0495681381957773,0.0187735124760076,0.0,0.0,0.0033877159309021,0.010704414587332,0.0025009596928982,0.0,0.0008445297504798
2015-01-06 05:00:00,0.2006290630975143,0.0497820267686424,0.04017017208413,0.0,0.0,0.0033709369024856,0.0094091778202676,0.0022237093690248,0.0,0.0007724665391969
2015-01-06 06:00:00,0.2062675521821632,0.0503833017077798,0.0277305502846299,0.0,0.0,0.0033851992409867,0.0113889943074003,0.0022371916508538,0.0,0.0006793168880455
2015-01-06 07:00:00,0.4168547169811321,0.0496396226415094,0.0152641509433962,0.0,0.0,0.0032905660377358,0.009454716981132,0.0020075471698113,0.0923396226415094,0.0005245283018867
2015-01-06 08:00:00,0.387223282442748,0.0496564885496183,0.0256316793893129,0.0,0.0,0.0034064885496183,0.0113530534351145,0.0063034351145038,0.1001679389312977,0.000517175572519
2015-01-06 09:00:00,0.5258279158699809,0.0498891013384321,0.0222256214149139,0.0,0.092774378585086,0.0033250478011472,0.0086061185468451,0.0020210325047801,0.1066347992351816,0.0004302103250478
2015-01-06 10:00:00,0.2781231060606061,0.0468030303030303,0.0332272727272727,0.0,0.037905303030303,0.003340909090909,0.0172727272727272,0.0021212121212121,0.0,0.0006439393939393
2015-01-06 11:00:00,1.4012007648183555,0.0369005736137667,0.0275086042065009,1.2473613766730405,0.0,0.0032906309751434,0.0139005736137667,0.0020057361376673,0.0,0.0004130019120458
2015-01-06 12:00:00,0.5139540229885057,0.0369214559386973,0.0276877394636015,0.3193486590038314,0.0,0.0033007662835249,0.0176858237547892,0.0020344827586206,0.0,0.0005306513409961
2015-01-06 13:00:00,0.185648288973384,0.0353193916349809,0.0274980988593155,0.0,0.0,0.0033326996197718,0.0138060836501901,0.0020646387832699,0.0,0.0005399239543726
2015-01-06 14:00:00,0.1857567049808429,0.0483026819923371,0.010551724137931,0.0,0.0,0.0033295019157088,0.0170670498084291,0.0020249042145593,0.0,0.0005689655172413
2015-01-06 15:00:00,0.2113870967741935,0.0492011385199241,0.0205180265654648,0.0,0.0,0.0059715370018975,0.0098235294117647,0.0021081593927893,0.0,0.0006489563567362
2015-01-06 16:00:00,3.862367112810708,0.0483250478011472,0.0337208413001912,0.0,0.0,0.0912944550669216,0.0098355640535372,0.002,0.0,0.0002695984703632
2015-01-06 17:00:00,1.9307281368821287,0.0479144486692015,0.0314258555133079,0.0,0.0006140684410646,0.0787053231939163,0.0126311787072243,0.2864201520912547,0.107041825095057,0.0001673003802281
2015-01-06 18:00:00,1.3436832061068704,0.0473396946564885,0.019148854961832,0.0,9.16030534351145e-05,0.0676946564885496,0.0108912213740458,0.1316965648854961,0.0,0.0002385496183206
2015-01-06 19:00:00,0.6858065134099617,0.046015325670498,0.0330555555555555,0.0,9.578544061302682e-06,0.0604923371647509,0.0407758620689655,0.0359521072796934,0.1345019157088122,0.0004099616858237
2015-01-06 20:00:00,0.3360114503816793,0.0456030534351145,0.0178740458015267,0.0,0.0,0.0060381679389312,0.0527423664122137,0.0021011450381679,0.0,0.0006259541984732
2015-01-06 21:00:00,0.3296295585412668,0.0427715930902111,0.0171842610364683,0.0,0.0,0.0060537428023032,0.0455259117082533,0.0022802303262955,0.0,0.0007140115163147
2015-01-06 22:00:00,0.3868266666666666,0.0299428571428571,0.0291333333333333,0.0,0.0,0.006047619047619,0.0112361904761904,0.0021123809523809,0.0845657142857142,0.0006285714285714
2015-01-06 23:00:00,0.1729809160305343,0.0304541984732824,0.0350400763358778,0.0,0.0,0.0060572519083969,0.0135667938931297,0.0022385496183206,0.0,0.0006717557251908
2015-01-07 00:00:00,0.1531009523809523,0.0338761904761904,0.0267580952380952,0.0,0.0,0.0061009523809523,0.0074171428571428,0.002047619047619,0.0,0.0005866666666666
2015-01-07 01:00:00,0.1624486692015209,0.0451368821292775,0.0285950570342205,0.0,0.0,0.0060342205323193,0.0066235741444866,0.002074144486692,0.0,0.0005988593155893
2015-01-07 02:00:00,0.1585954198473282,0.0455267175572519,0.0211412213740458,0.0,0.0,0.0060267175572519,0.0075133587786259,0.002148854961832,0.0,0.000692748091603
2015-01-07 03:00:00,0.1548072519083969,0.045267175572519,0.0111068702290076,0.0,0.0,0.0060419847328244,0.0076946564885496,0.0021812977099236,0.0,0.0006908396946564
2015-01-07 04:00:00,0.1575361216730038,0.0456730038022813,0.0267756653992395,0.0,0.0,0.006041825095057,0.0055950570342205,0.0022110266159695,0.0,0.0007528517110266
2015-01-07 05:00:00,0.167530534351145,0.0460229007633587,0.0306278625954198,0.0,0.0,0.0060667938931297,0.0072652671755725,0.0024446564885496,0.0,0.0008492366412213
2015-01-07 06:00:00,0.1992685714285714,0.044855238095238,0.0301371428571428,0.0,0.0,0.0060704761904761,0.0072533333333333,0.0021028571428571,0.0,0.0007161904761904
2015-01-07 07:00:00,0.3561431297709923,0.0443320610687022,0.0184637404580152,0.0,0.0,0.0061507633587786,0.0072347328244274,0.00206106870229,0.0891908396946564,0.0005400763358778
2015-01-07 08:00:00,0.3697161904761905,0.0342590476190476,0.0254247619047619,0.0,0.0,0.0061771428571428,0.0066895238095238,0.0159409523809523,0.1157028571428571,0.0005123809523809
2015-01-07 09:00:00,0.2854163498098859,0.0279106463878327,0.0223669201520912,0.0,0.0,0.006115969581749,0.007180608365019,0.0020456273764258,0.0731273764258555,0.0005209125475285
2015-01-07 10:00:00,0.1909388379204893,0.0520886850152905,0.0125015290519877,0.0,0.0,0.0061223241590214,0.0048899082568807,0.0022110091743119,0.0,0.0007125382262996
2015-01-07 11:00:00,0.3052777777777777,0.029191570881226,0.0279329501915708,0.0,0.0,0.0061091954022988,0.0145862068965517,0.0022126436781609,0.1209099616858237,0.0007337164750957
2015-01-07 12:00:00,0.1953040152963671,0.0470669216061185,0.0290439770554493,0.0,0.0,0.0061873804971319,0.0142026768642447,0.0022007648183556,0.0,0.0006749521988527
2015-01-07 13:00:00,0.1926723809523809,0.0463638095238095,0.0299219047619047,0.0,0.0,0.0061942857142857,0.0072704761904761,0.0022933333333333,0.0,0.0007771428571428
2015-01-07 14:00:00,0.3154342857142856,0.0479657142857142,0.0127333333333333,0.0,0.0,0.006135238095238,0.0077866666666666,0.0021866666666666,0.1024571428571428,0.0007447619047619
2015-01-07 15:00:00,0.3074971428571428,0.0484380952380952,0.0169066666666666,0.0,0.0,0.0061161904761904,0.0048228571428571,0.0022228571428571,0.0916228571428571,0.0007257142857142
2015-01-07 16:00:00,0.2032838095238095,0.0476152380952381,0.0284209523809523,0.0,0.0,0.0060914285714285,0.0095695238095238,0.0020342857142857,0.0,0.0003599999999999
2015-01-07 17:00:00,1.806329979879276,0.0458853118712273,0.0289798792756539,0.0,0.0,0.0060925553319919,0.0058249496981891,0.132579476861167,0.0,0.0003018108651911
2015-01-07 18:00:00,0.4902376425855513,0.0494961977186311,0.0385019011406844,0.0,0.0,0.0061330798479087,0.0076844106463878,0.0020114068441064,0.0715323193916349,0.0003897338403041
2015-01-07 19:00:00,2.381509541984733,0.0504408396946564,0.0316469465648854,0.0,0.0,0.006074427480916,0.0057977099236641,0.0020038167938931,0.0,0.000368320610687
2015-01-07 20:00:00,0.2870652591170825,0.0423358925143953,0.0309884836852207,0.0,0.0,0.0061113243761996,0.0074587332053742,0.0021132437619961,0.0,0.0016391554702495
2015-01-07 21:00:00,0.2710998080614203,0.0378694817658349,0.0295815738963531,0.0,0.0,0.0061190019193857,0.0059654510556621,0.0020345489443378,0.0,0.0036506717850287
2015-01-07 22:00:00,0.2555300970873786,0.0374019417475728,0.0221300970873786,0.0,0.0,0.0060757281553398,0.0083339805825242,0.0023203883495145,0.0467320388349514,0.0007650485436893
2015-01-07 23:00:00,0.1693417475728155,0.0378077669902912,0.019726213592233,0.0,0.0,0.0061533980582524,0.0052776699029126,0.0025961165048543,0.0,0.0008660194174757
2015-01-08 00:00:00,0.1799111969111969,0.0522799227799227,0.0217084942084942,0.0,0.0,0.0061332046332046,0.0083706563706563,0.0023706563706563,0.0,0.0007200772200772
2015-01-08 01:00:00,0.1864200385356454,0.0525183044315992,0.0323892100192678,0.0,0.0,0.0060443159922928,0.0053699421965317,0.0021926782273603,0.0,0.0006955684007707
2015-01-08 02:00:00,0.1850653846153846,0.053351923076923,0.0303346153846153,0.0,0.0,0.0060692307692307,0.0088826923076923,0.0023846153846153,0.0004384615384615,0.0008365384615384
2015-01-08 03:00:00,0.1770134099616858,0.0526168582375478,0.0305651340996168,0.0,0.0,0.0060708812260536,0.0059674329501915,0.0026168582375478,0.0,0.0008524904214559
2015-01-08 04:00:00,0.1677779922779922,0.0530289575289575,0.0250945945945945,0.0,0.0,0.006081081081081,0.0087548262548262,0.002523166023166,0.0,0.0008610038610038
2015-01-08 05:00:00,0.1602447817836812,0.0526034155597722,0.0104174573055028,0.0,3.795066413662239e-06,0.0060607210626185,0.0055939278937381,0.0022884250474383,0.0,0.00080834914611
2015-01-08 06:00:00,0.1938304761904762,0.0513828571428571,0.026087619047619,0.0,0.0,0.0060685714285714,0.008855238095238,0.00212,0.0,0.0006780952380952
2015-01-08 07:00:00,0.4015276190476191,0.0373047619047619,0.0287923809523809,0.0,1.5238095238095238e-05,0.0061009523809523,0.0056723809523809,0.0020514285714285,0.0844552380952381,0.0024323809523809
2015-01-08 08:00:00,0.2514810606060605,0.0338219696969697,0.0273219696969696,0.0,0.0,0.0061098484848484,0.0086590909090909,0.0020359848484848,0.0,0.0010037878787878
2015-01-08 09:00:00,0.5181358490566038,0.0332924528301886,0.0269509433962264,0.0,6.226415094339622e-05,0.0060603773584905,0.0048415094339622,0.0447528301886792,0.1453339622641509,0.0004566037735849
2015-01-08 10:00:00,0.2051657142857142,0.048,0.0274457142857142,0.0,0.0,0.00604,0.0083390476190476,0.0021104761904761,0.0,0.0006019047619047
2015-01-08 11:00:00,0.1963745247148289,0.0490817490494296,0.0280228136882129,0.0,0.0292015209125475,0.0060342205323193,0.0071311787072243,0.002041825095057,0.0,0.0004866920152091
2015-01-08 12:00:00,0.1857709923664122,0.0503625954198473,0.0231374045801526,0.0,0.0,0.0060267175572519,0.007074427480916,0.0021125954198473,0.0012900763358778,0.0006660305343511
2015-01-08 13:00:00,0.1794866920152091,0.0493650190114068,0.0183745247148288,0.0,0.0,0.0060456273764258,0.0077433460076045,0.0021121673003802,0.0,0.0005361216730038
2015-01-08 14:00:00,0.4396264150943396,0.0501528301886792,0.0161622641509433,0.0,0.0794113207547169,0.0060490566037735,0.0051603773584905,0.0021169811320754,0.0785735849056603,0.000677358490566
2015-01-08 15:00:00,0.738392789373814,0.0492144212523719,0.0279696394686907,0.0,0.0155521821631878,0.0060569259962049,0.0082371916508538,0.002100569259962,0.0,0.0005882352941176
2015-01-08 16:00:00,1.449906844106464,0.0482832699619771,0.0288517110266159,0.0,0.0,0.0060608365019011,0.0052718631178707,0.0020019011406844,0.0,0.0004106463878326
2015-01-08 17:00:00,1.265145038167939,0.041854961832061,0.0287919847328244,0.0,0.0,0.0060515267175572,0.0077748091603053,0.060618320610687,0.0003740458015267,0.0003454198473282
2015-01-08 18:00:00,0.438453154875717,0.0352715105162523,0.0315277246653919,0.0,0.0,0.0060478011472275,0.0061873804971319,0.0020133843212237,0.159961759082218,0.0004493307839388
2015-01-08 19:00:00,2.589213740458016,0.0450267175572519,0.0286660305343511,0.0,0.0,0.0846011450381679,0.0072423664122137,0.0020019083969465,0.0,0.00031106870229
2015-01-08 20:00:00,0.3621778202676864,0.043774378585086,0.0331453154875717,0.0,0.0,0.0672925430210325,0.0064741873804971,0.0020688336520076,0.0,0.0005506692160611
2015-01-08 21:00:00,0.3394083969465649,0.0415076335877862,0.0335839694656488,0.0,0.0,0.0573854961832061,0.0056106870229007,0.0021679389312977,0.0,0.0006431297709923
2015-01-08 22:00:00,0.4617686424474188,0.0431300191204588,0.0344263862332695,0.0,0.0,0.0453747609942638,0.0087571701720841,0.0022581261950286,0.07817017208413,0.0007017208413001
2015-01-08 23:00:00,0.2934465648854962,0.0495782442748091,0.0317461832061068,0.0,0.0,0.0060935114503816,0.0048854961832061,0.002530534351145,0.0,0.0008015267175572
2015-01-09 00:00:00,0.2024554079696394,0.0505920303605313,0.0196166982922201,0.0,0.0,0.0060929791271347,0.0076489563567362,0.0021309297912713,0.0,0.0006603415559772
2015-01-09 01:00:00,0.1777298850574712,0.0501992337164751,0.0168831417624521,0.0,0.0,0.00605938697318,0.0066321839080459,0.0025,3.065134099616858e-05,0.0008199233716475
2015-01-09 02:00:00,0.1866704761904762,0.0508209523809523,0.026607619047619,0.0,0.0,0.006047619047619,0.0064190476190476,0.002535238095238,0.0,0.0008399999999999
2015-01-09 03:00:00,0.1962019047619047,0.0515257142857142,0.0293466666666666,0.0,0.0,0.0060685714285714,0.0082419047619047,0.0027047619047619,0.0,0.0008647619047619
2015-01-09 04:00:00,0.1867471482889734,0.050657794676806,0.0293098859315589,0.0,0.0,0.0060437262357414,0.0056140684410646,0.0021977186311787,0.0,0.0006996197718631
2015-01-09 05:00:00,0.1779310344827586,0.0511819923371647,0.0254214559386973,0.0,0.0,0.0060440613026819,0.0071130268199233,0.0020574712643678,0.0,0.0006111111111111
2015-01-09 06:00:00,0.2000978886756238,0.0514798464491362,0.0141880998080614,0.0,0.0,0.0060422264875239,0.0077946257197696,0.0022072936660268,0.0,0.0007236084452975
2015-01-09 07:00:00,0.4049713740458016,0.0524599236641221,0.0227748091603053,0.0,0.0,0.0060954198473282,0.0076125954198473,0.0020057251908396,0.0940438931297709,0.0003969465648854
2015-01-09 08:00:00,0.2561393129770992,0.0518492366412213,0.0263645038167938,0.0,0.0,0.0060877862595419,0.0077519083969465,0.002,0.0,0.0003435114503816
2015-01-09 09:00:00,0.4283371428571428,0.0439961904761904,0.0376819047619047,0.0,0.0019504761904761,0.0060247619047619,0.0063142857142857,0.0020038095238095,0.0547771428571428,0.0004266666666666
2015-01-09 10:00:00,0.1991157495256167,0.0390512333965844,0.0269753320683111,0.0,0.0,0.0060436432637571,0.0071593927893738,0.0021309297912713,0.0,0.0006166982922201
2015-01-09 11:00:00,0.1940264650283553,0.0384026465028355,0.028461247637051,0.0,0.0,0.0060359168241965,0.0074196597353497,0.0021247637051039,0.0,0.0006843100189035
2015-01-09 12:00:00,0.1664866920152091,0.0373593155893536,0.0224657794676806,0.0,0.0,0.0060950570342205,0.0060266159695817,0.0021558935361216,0.0,0.0006711026615969
2015-01-09 13:00:00,0.1792652671755725,0.0518187022900763,0.0102786259541984,0.0,0.0,0.0060954198473282,0.0074007633587786,0.0022137404580152,0.0,0.0006984732824427
2015-01-09 14:00:00,0.2878607843137255,0.0540529411764705,0.0282960784313725,0.0,0.0,0.0060470588235294,0.0086294117647058,0.0021333333333333,0.1115333333333333,0.0006725490196078
2015-01-09 15:00:00,0.9915578093306288,0.0547322515212981,0.0285050709939148,0.0,0.0,0.0060385395537525,0.0474787018255578,0.0020973630831643,0.013419878296146,0.0005578093306288
2015-01-09 16:00:00,1.553960227272727,0.0569488636363636,0.029717803030303,0.0,0.0,0.0157386363636363,0.0129734848484848,0.0020189393939393,0.0703162878787878,0.0004375
2015-01-09 17:00:00,0.9658444022770398,0.0594819734345351,0.0347628083491461,0.0,7.210626185958255e-05,0.0522390891840607,0.0111043643263757,0.0901157495256167,0.0,0.0004098671726755
2015-01-09 18:00:00,0.596455938697318,0.0613352490421455,0.0334329501915708,0.0,0.0,0.0504329501915708,0.0348639846743295,0.0020478927203065,0.1465268199233716,0.0005268199233716
2015-01-09 19:00:00,0.3729120458891014,0.0510611854684512,0.0287036328871892,0.0,0.0,0.0257399617590822,0.044774378585086,0.0020592734225621,0.0,0.0005124282982791
2015-01-09 20:00:00,0.3445163147792706,0.0421669865642994,0.0299424184261036,0.0,0.0,0.0353301343570057,0.0447332053742802,0.0022418426103646,0.0,0.000725527831094
2015-01-09 21:00:00,0.3252848948374761,0.0405583173996175,0.0300669216061185,0.0,0.0,0.0159713193116634,0.0428891013384321,0.0020611854684512,0.0,0.000548757170172
2015-01-09 22:00:00,0.42516,0.0536990476190476,0.0336704761904761,0.0,3.428571428571429e-05,0.0160266666666666,0.0438761904761904,0.0138704761904761,0.1069238095238095,0.0006666666666666
2015-01-09 23:00:00,0.3704152380952381,0.0628,0.0310323809523809,0.0,0.0,0.0173657142857142,0.0319619047619047,0.0023314285714285,0.0451371428571428,0.0006685714285714
2015-01-10 00:00:00,0.210561669829222,0.0632865275142315,0.0332504743833017,0.0,0.0,0.0067988614800759,0.0144990512333965,0.0023548387096774,0.0,0.0007324478178368
2015-01-10 01:00:00,0.1998011363636363,0.0634204545454545,0.037748106060606,0.0,0.0,0.0068049242424242,0.0119696969696969,0.0022632575757575,0.0,0.0007234848484848
2015-01-10 02:00:00,0.1976946564885496,0.0640267175572519,0.0321507633587786,0.0,0.0,0.0067767175572519,0.0137213740458015,0.0025801526717557,0.0,0.0008454198473282
2015-01-10 03:00:00,0.1762196969696969,0.0509299242424242,0.0173768939393939,0.0,0.0,0.0068257575757575,0.0176401515151515,0.0026780303030303,0.0,0.0008825757575757
2015-01-10 04:00:00,0.1664495238095238,0.043855238095238,0.022295238095238,0.0,0.0,0.0068361904761904,0.0185523809523809,0.0026419047619047,0.0,0.0008685714285714
2015-01-10 05:00:00,0.1715142857142857,0.0430171428571428,0.0378514285714285,0.0,0.0,0.0068,0.0188609523809523,0.0025657142857142,0.0,0.0008495238095238
2015-01-10 06:00:00,0.2002087286527514,0.0546869070208728,0.0370227703984819,0.0,0.0,0.0067779886148007,0.0187153700189753,0.0022637571157495,0.0,0.0007039848197343
2015-01-10 07:00:00,0.3427457305502846,0.0647647058823529,0.0187647058823529,0.0,0.0,0.0128785578747628,0.0122485768500948,0.0023358633776091,0.0790986717267552,0.0007096774193548
2015-01-10 08:00:00,1.4111374045801526,0.0633721374045801,0.0347538167938931,0.0,0.0,0.1030667938931297,0.0093015267175572,0.0021717557251908,0.2296736641221374,0.0006507633587786
2015-01-10 09:00:00,0.4512414448669202,0.0590285171102661,0.0379885931558935,0.0,0.0,0.10393536121673,0.0093498098859315,0.0020532319391634,0.1592281368821292,0.0005171102661596
2015-01-10 10:00:00,0.6178292220113852,0.0562941176470588,0.0232789373814041,0.0,0.1285294117647059,0.1243851992409867,0.007796963946869,0.0020683111954459,0.0,0.0005559772296015
2015-01-10 11:00:00,0.3009146110056926,0.0497760910815939,0.0217400379506641,0.0,0.0196641366223908,0.1049962049335863,0.0071138519924098,0.002201138519924,0.0,0.0006869070208728
2015-01-10 12:00:00,0.835687619047619,0.0383733333333333,0.0231638095238095,0.0,0.0002419047619047,0.084575238095238,0.0430190476190476,0.0159504761904761,0.0,0.0007733333333333
2015-01-10 13:00:00,0.4444266666666667,0.0366457142857142,0.0390304761904761,0.0,0.0,0.0688419047619047,0.0169238095238095,0.0024857142857142,0.0,0.000815238095238
2015-01-10 14:00:00,1.7213377862595418,0.0353320610687022,0.0253454198473282,0.0,0.0,0.0727041984732824,0.0130935114503816,0.0026354961832061,0.0,0.0008587786259541
2015-01-10 15:00:00,0.539676245210728,0.0509386973180076,0.028911877394636,0.0,0.0,0.0643295019157088,0.0145900383141762,0.0025651340996168,0.0,0.0008218390804597
2015-01-10 16:00:00,0.296038240917782,0.0506099426386233,0.0165583173996175,0.0,0.0,0.0596577437858508,0.0171720841300191,0.0020669216061185,0.0,0.0005640535372848
2015-01-10 17:00:00,0.2948384615384615,0.0493038461538461,0.0174596153846153,0.0,0.0,0.0602326923076923,0.0352634615384615,0.0020057692307692,0.0,0.0003596153846153
2015-01-10 18:00:00,0.4272226487523992,0.0489213051823416,0.0371765834932821,0.0,0.0,0.0641055662188099,0.06268330134357,0.0020633397312859,0.0,0.000489443378119
2015-01-10 19:00:00,0.4477057692307692,0.0488730769230769,0.0353211538461538,0.0,0.0,0.1099865384615384,0.0380230769230769,0.0020480769230769,0.0,0.000501923076923
2015-01-10 20:00:00,0.4743802281368821,0.0477338403041825,0.0241254752851711,0.0,0.0,0.094828897338403,0.0245437262357414,0.0020133079847908,0.0825342205323193,0.0003536121673003
2015-01-10 21:00:00,0.3507801147227533,0.0476500956022944,0.012265774378585,0.0,0.0,0.0681586998087954,0.0374933078393881,0.0020611854684512,0.0,0.005963671128107
2015-01-10 22:00:00,0.4305086042065009,0.0434588910133843,0.0337437858508604,0.0,0.0,0.0689866156787762,0.0386252390057361,0.0022772466539196,0.0,0.0006940726577437
2015-01-10 23:00:00,0.3675009560229445,0.0316558317399617,0.0304646271510516,0.0,0.0,0.0565124282982791,0.0243193116634799,0.0025430210325047,0.0,0.0007782026768642
2015-01-11 00:00:00,0.1774656488549618,0.031206106870229,0.0355248091603053,0.0,0.0,0.0039809160305343,0.0151354961832061,0.0024713740458015,0.0,0.0007881679389312
2015-01-11 01:00:00,0.1560421455938697,0.0355363984674329,0.0288352490421455,0.0,0.0,0.0039885057471264,0.0120574712643678,0.0025536398467432,0.0,0.0008563218390804
2015-01-11 02:00:00,0.1541485714285714,0.0486571428571428,0.0164342857142857,0.0,0.0,0.003975238095238,0.0118819047619047,0.0026057142857142,0.0,0.0008533333333333
2015-01-11 03:00:00,0.162509505703422,0.0467338403041825,0.0123688212927756,0.0,0.0,0.0039866920152091,0.0146140684410646,0.0027661596958174,0.0,0.0012338403041825
2015-01-11 04:00:00,0.1771161904761904,0.0460114285714285,0.03012,0.0,0.0,0.0039923809523809,0.0145180952380952,0.0026342857142857,0.0,0.0008666666666666
2015-01-11 05:00:00,0.1830266159695817,0.0462775665399239,0.0307889733840304,0.0,0.0,0.0039828897338403,0.0127699619771863,0.0023878326996197,0.0,0.0008479087452471
2015-01-11 06:00:00,0.2027148288973384,0.0455399239543726,0.0299714828897338,0.0,0.0,0.0039790874524714,0.0100532319391634,0.0021102661596958,0.0,0.0006140684410646
2015-01-11 07:00:00,0.2120647619047619,0.0453104761904761,0.00972,0.0,0.0,0.0040133333333333,0.0117295238095238,0.0020761904761904,0.0,0.00064
2015-01-11 08:00:00,0.2384280303030303,0.0451780303030303,0.017655303030303,0.0,0.0,0.0290530303030303,0.0106893939393939,0.0020852272727272,0.0,0.0005662878787878
2015-01-11 09:00:00,0.5713219696969698,0.0362291666666666,0.0360814393939393,0.0,0.0,0.078,0.0096818181818181,0.0021969696969696,0.2379412878787878,0.0007272727272727
2015-01-11 10:00:00,0.1907414448669201,0.0303136882129277,0.0254543726235741,0.0,0.0,0.0169372623574144,0.012074144486692,0.0021596958174904,0.0,0.0006768060836501
2015-01-11 11:00:00,0.1532609523809524,0.0305180952380952,0.0264514285714285,0.0,0.0,0.0043238095238095,0.0093180952380952,0.0020647619047619,0.0,0.0006057142857142
2015-01-11 12:00:00,1.307778409090909,0.0421799242424242,0.0277916666666666,0.0,0.0,0.0063560606060606,0.0086666666666666,0.0020435606060606,0.2052386363636363,0.0005
2015-01-11 13:00:00,0.9042998102466792,0.0501840607210626,0.0317798861480075,0.0,0.0001688804554079,0.0082998102466793,0.0096831119544592,0.0882068311195445,0.0,0.0007134724857685
2015-01-11 14:00:00,0.3391870229007633,0.0478015267175572,0.028162213740458,0.0,0.0001335877862595,0.0082729007633587,0.0121106870229007,0.0363969465648855,0.1156393129770992,0.0007270992366412
2015-01-11 15:00:00,0.26104,0.0495542857142857,0.0342019047619047,0.0,0.0,0.0934514285714285,0.0162590476190476,0.002127619047619,0.0,0.0006190476190476
2015-01-11 16:00:00,0.2599731800766283,0.0492298850574712,0.0371858237547892,0.0,0.0,0.0868716475095785,0.0111666666666666,0.0020134099616858,0.0,0.0004348659003831
2015-01-11 17:00:00,1.1421166347992353,0.048774378585086,0.0337533460803059,0.607642447418738,0.0,0.0779024856596558,0.0294493307839388,0.0020057361376673,0.0609158699808795,0.0004378585086042
2015-01-11 18:00:00,0.4855755258126195,0.0512428298279158,0.0341606118546845,0.0,0.0,0.0658527724665391,0.047378585086042,0.0020650095602294,0.0276673040152963,0.0005984703632887
2015-01-11 19:00:00,0.496201923076923,0.0501923076923076,0.0288788461538461,0.0,0.0,0.064076923076923,0.0472903846153846,0.0020480769230769,0.0912730769230769,0.000525
2015-01-11 20:00:00,0.6668711538461539,0.0509980769230769,0.0306999999999999,0.0,0.0,0.0652173076923077,0.0589576923076923,0.002076923076923,0.1408307692307692,0.0005846153846153
2015-01-11 21:00:00,0.4359043977055449,0.0463441682600382,0.0314053537284894,0.0,0.0,0.0641300191204589,0.0470114722753346,0.0022523900573613,0.0,0.0006864244741873
2015-01-11 22:00:00,0.3643275862068966,0.0353965517241379,0.0269425287356321,0.0,0.0,0.0694846743295019,0.0292816091954023,0.0022394636015325,5.747126436781609e-06,0.0006858237547892
2015-01-11 23:00:00,0.1951969407265774,0.037604206500956,0.0245831739961759,0.0,0.0,0.0070994263862332,0.016359464627151,0.0025812619502868,0.0,0.0013269598470363
2015-01-12 00:00:00,0.1849261363636363,0.0355549242424242,0.0219242424242424,0.0,0.0,0.0039791666666666,0.0136401515151515,0.0024621212121212,0.0,0.0008276515151515
2015-01-12 01:00:00,0.1941726755218216,0.0459677419354838,0.0234212523719165,0.0,0.0,0.0039867172675521,0.009853889943074,0.0023984819734345,0.0,0.0008140417457305
2015-01-12 02:00:00,0.2023226415094339,0.0501716981132075,0.0315849056603773,0.0,0.0,0.0039830188679245,0.0104754716981132,0.0026245283018867,0.0,0.0008622641509433
2015-01-12 03:00:00,0.2055057251908396,0.0518587786259542,0.0378530534351145,0.0,0.0,0.0039828244274809,0.0134312977099236,0.0025648854961832,0.0,0.0008568702290076
2015-01-12 04:00:00,0.1971909262759924,0.0524952741020793,0.0358223062381852,0.0,0.0,0.0039867674858223,0.0155500945179584,0.002633270321361,0.0,0.0008506616257088
2015-01-12 05:00:00,0.1819011406844106,0.0524828897338403,0.0115589353612167,0.0,0.0,0.0039866920152091,0.01287072243346,0.0025019011406844,0.0,0.0008688212927756
2015-01-12 06:00:00,0.3162708333333333,0.0520208333333333,0.0293787878787878,0.0,0.0,0.0039810606060606,0.0110075757575757,0.0022196969696969,0.0,0.0007424242424242
2015-01-12 07:00:00,0.4694810606060606,0.0531458333333333,0.0345568181818181,0.0,0.0,0.0039867424242424,0.01075,0.0020132575757575,0.1365056818181818,0.0004545454545454
2015-01-12 08:00:00,0.6334990512333966,0.0526242884250474,0.0316318785578747,0.0,0.1589165085388994,0.0229848197343453,0.0106565464895635,0.0020151802656546,0.043639468690702,0.0004497153700189
2015-01-12 09:00:00,0.1685094696969697,0.036935606060606,0.0341666666666666,0.0,0.0139753787878787,0.0101496212121212,0.0121306818181818,0.0020132575757575,0.0,0.0005037878787878
2015-01-12 10:00:00,0.1527248576850094,0.0368519924098671,0.0273187855787476,0.0,0.0,0.0031081593927893,0.0104440227703984,0.0020284629981024,0.0,0.0004497153700189
2015-01-12 11:00:00,0.1504631379962192,0.0350491493383742,0.0170775047258979,0.0,0.0,0.0031209829867674,0.0104291115311909,0.0020264650283553,0.0,0.0004971644612476
2015-01-12 12:00:00,0.1781496212121212,0.0528844696969696,0.0277727272727272,0.0,0.0,0.0031401515151515,0.0106666666666666,0.0020265151515151,0.0,0.0004943181818181
2015-01-12 13:00:00,0.1805301886792452,0.0555566037735849,0.0366226415094339,0.0,0.0,0.0031528301886792,0.0084509433962264,0.0020207547169811,0.0,0.0004962264150943
2015-01-12 14:00:00,0.1691368821292775,0.0558098859315589,0.0427300380228136,0.0,0.0,0.0031653992395437,0.0108688212927756,0.0020152091254752,0.0,0.0004866920152091
2015-01-12 15:00:00,0.2028221797323135,0.0554072657743785,0.0080210325047801,0.0,0.0,0.0031185468451242,0.0166022944550669,0.0020592734225621,0.0,0.0005066921606118
2015-01-12 16:00:00,1.04984,0.05472,0.0292323809523809,0.0,0.0,0.0231257142857142,0.0125942857142857,0.002007619047619,0.1145961904761904,0.0003466666666666
2015-01-12 17:00:00,1.5337648183556405,0.0540152963671128,0.0338164435946462,0.0,0.0,0.0030783938814531,0.0114608030592734,0.0020114722753346,0.0248546845124283,0.0003326959847036
2015-01-12 18:00:00,1.7158530534351146,0.0448606870229007,0.0289465648854961,0.0,3.625954198473282e-05,0.0031240458015267,0.0112614503816793,0.0234751908396946,0.0874370229007633,0.0002938931297709
2015-01-12 19:00:00,0.7891641221374045,0.0352729007633587,0.0324847328244274,0.0,0.0,0.0031145038167938,0.0164198473282442,0.00206106870229,0.0842328244274809,0.0005553435114503
2015-01-12 20:00:00,0.2706468330134357,0.0352648752399232,0.030831094049904,0.0,0.0,0.0030921305182341,0.0134241842610364,0.0020095969289827,0.0,0.0004088291746641
2015-01-12 21:00:00,0.257683908045977,0.0435095785440613,0.0311417624521072,0.0,0.0,0.0031206896551724,0.0166015325670498,0.0020363984674329,0.0,0.0014061302681992
2015-01-12 22:00:00,0.4203688212927757,0.0517300380228136,0.0333117870722433,0.0,0.0,0.0031368821292775,0.0116711026615969,0.0020798479087452,0.0498954372623574,0.0005893536121673
2015-01-12 23:00:00,0.2121844106463878,0.0534581749049429,0.0304163498098859,0.0,0.0,0.0031520912547528,0.0110171102661596,0.0024467680608365,0.0,0.0007794676806083
2015-01-13 00:00:00,0.1860950570342205,0.0532243346007604,0.0308365019011406,0.0,0.0,0.0031653992395437,0.0165,0.0024429657794676,0.0,0.0008155893536121
2015-01-13 01:00:00,0.1821444866920152,0.0533346007604562,0.0340931558935361,0.0,0.0,0.0031673003802281,0.0117490494296577,0.002393536121673,0.0,0.000787072243346
2015-01-13 02:00:00,0.1823645038167939,0.053473282442748,0.0345954198473282,0.0,0.0,0.0031984732824427,0.0129351145038167,0.0025801526717557,0.0,0.0008568702290076
2015-01-13 03:00:00,0.1784600760456273,0.0502889733840304,0.0257091254752851,0.0,0.0,0.0032129277566539,0.0142509505703422,0.0024885931558935,0.0,0.0008498098859315
2015-01-13 04:00:00,0.1565768500948766,0.0369487666034155,0.0177893738140417,0.0,0.0,0.0031859582542694,0.0151043643263757,0.0024573055028463,0.0,0.0008292220113851
2015-01-13 05:00:00,0.1530973282442748,0.0345362595419847,0.0282824427480916,0.0,0.0,0.0031679389312977,0.0132480916030534,0.0022022900763358,0.0,0.0006984732824427
2015-01-13 06:00:00,0.1693897338403042,0.0357509505703422,0.038222433460076,0.0,0.0,0.0031996197718631,0.0111273764258555,0.0022110266159695,0.0,0.0007433460076045
2015-01-13 07:00:00,0.2608631178707224,0.0515912547528517,0.0308326996197718,0.0,0.0,0.0031825095057034,0.0115874524714828,0.002,0.0,0.0003726235741444
2015-01-13 08:00:00,0.4786679316888045,0.0509715370018975,0.0253984819734345,0.0,0.0,0.0031764705882352,0.0121878557874762,0.0020132827324478,0.2110322580645161,0.0004686907020872
2015-01-13 09:00:00,0.3923771428571428,0.0503904761904761,0.0227238095238095,0.0,0.000935238095238,0.003095238095238,0.0116209523809523,0.002015238095238,0.03872,0.0004819047619047
2015-01-13 10:00:00,1.1733180952380953,0.0501828571428571,0.0173009523809523,0.0,0.0027923809523809,0.0031466666666666,0.0111657142857142,0.0020228571428571,0.072687619047619,0.00056
2015-01-13 11:00:00,2.204553231939164,0.0499904942965779,0.0346216730038022,0.0,0.6052148288973384,0.0031102661596958,0.0112205323193916,0.0020228136882129,0.0,0.0004904942965779
2015-01-13 12:00:00,0.4398631178707224,0.0511558935361216,0.0432908745247148,0.0,0.018157794676806,0.0031235741444866,0.011,0.0020228136882129,0.2188174904942965,0.0005646387832699
2015-01-13 13:00:00,0.2538049242424242,0.039340909090909,0.022498106060606,0.0,0.0,0.0031439393939393,0.0119090909090909,0.0020094696969696,7.575757575757576e-06,0.0004564393939393
2015-01-13 14:00:00,0.3013809523809524,0.0308933333333333,0.021007619047619,3.0476190476190475e-05,0.0,0.0252571428571428,0.0112628571428571,0.0020019047619047,0.06668,0.0004704761904761
2015-01-13 15:00:00,0.3414225621414913,0.0306864244741873,0.0283919694072657,0.0,0.0,0.095944550669216,0.0113499043977055,0.0020497131931166,0.0586864244741873,0.0005544933078393
2015-01-13 16:00:00,0.9071644359464628,0.047434034416826,0.0276309751434034,0.0,0.0,0.0686673040152963,0.0110210325047801,0.0685831739961759,0.0,0.0003957934990439
2015-01-13 17:00:00,1.4504780952380951,0.0485085714285714,0.0350171428571428,0.0,0.0,0.0574838095238095,0.0110228571428571,0.0020038095238095,0.1627885714285714,0.0003542857142857
2015-01-13 18:00:00,0.7312290076335878,0.0481870229007633,0.0303931297709923,0.0,0.0001278625954198,0.0570877862595419,0.0548511450381679,0.0389236641221374,0.1101354961832061,0.0003167938931297
2015-01-13 19:00:00,0.3983678861788618,0.0473556910569105,0.0332215447154471,0.001040650406504,0.0,0.0566361788617886,0.0529186991869918,0.0020020325203252,0.0,0.0003373983739837
2015-01-13 20:00:00,0.332880694143167,0.0471887201735357,0.0324880694143167,0.0,0.0,0.0581691973969631,0.0435574837310195,0.0020824295010845,0.0,0.0005683297180043
2015-01-13 21:00:00,0.3843422680412371,0.0471649484536082,0.0306082474226804,0.0,5.77319587628866e-05,0.057301030927835,0.0189422680412371,0.0400556701030927,0.0,0.0005298969072164
2015-01-13 22:00:00,0.3731492842535787,0.0404069529652351,0.0338609406952965,0.0,0.0,0.0353783231083844,0.012,0.0022678936605316,0.0,0.0007280163599182
2015-01-13 23:00:00,0.2130857699805068,0.0279668615984405,0.0327875243664717,0.0,0.0,0.0031656920077972,0.0081091617933723,0.0023762183235867,0.0,0.0007641325536062
2015-01-14 00:00:00,0.1770820610687023,0.0257251908396946,0.0362156488549618,0.0,0.0,0.003162213740458,0.0164656488549618,0.0023816793893129,0.0,0.0007958015267175
2015-01-14 01:00:00,0.1605152671755725,0.0447862595419847,0.0245076335877862,0.0,0.0,0.0032003816793893,0.0121526717557251,0.0023969465648854,0.0,0.0008091603053435
2015-01-14 02:00:00,0.1587485714285714,0.0449504761904761,0.0163561904761904,0.0,0.0,0.0032457142857142,0.0110095238095238,0.002527619047619,0.0,0.0008780952380952
2015-01-14 03:00:00,0.1784629981024668,0.0456717267552182,0.0365977229601518,0.0,0.0,0.0032409867172675,0.0142258064516129,0.0026337760910815,0.0,0.0008728652751423
2015-01-14 04:00:00,0.177467680608365,0.0452243346007604,0.044180608365019,0.0,0.0,0.0032129277566539,0.015509505703422,0.0024847908745247,0.0,0.0008669201520912
2015-01-14 05:00:00,0.1520725190839694,0.0449255725190839,0.0008034351145038,0.0,0.0,0.0031946564885496,0.0135648854961832,0.0020782442748091,0.0,0.0006832061068702
2015-01-14 06:00:00,0.1878148854961832,0.0449408396946564,0.0429141221374045,0.0,0.0,0.0031889312977099,0.0133225190839694,0.0021870229007633,0.0,0.0007767175572519
2015-01-14 07:00:00,0.4817404580152671,0.0326354961832061,0.0331297709923664,0.0,7.442748091603053e-05,0.0069923664122137,0.0121564885496183,0.0477347328244274,0.1523339694656488,0.0061125954198473
2015-01-14 08:00:00,0.3203833017077799,0.0229848197343453,0.021134724857685,0.0,0.0,0.0221992409867172,0.0120341555977229,0.0020075901328273,0.0615787476280834,0.0036337760910815
2015-01-14 09:00:00,0.1779923954372623,0.0310361216730038,0.0213422053231939,0.0,0.0,0.0229429657794676,0.0120228136882129,0.002,0.0,0.0003878326996197
2015-01-14 10:00:00,0.2812767175572519,0.0427557251908397,0.0414446564885496,3.816793893129771e-06,0.0,0.0420209923664122,0.0122729007633587,0.0020076335877862,0.083267175572519,0.0004637404580152
2015-01-14 11:00:00,0.2041374045801526,0.0424580152671755,0.0114790076335877,0.0,0.0,0.0426889312977099,0.0122767175572519,0.0020057251908396,0.0,0.0005534351145038
2015-01-14 12:00:00,0.3293619047619048,0.0434857142857142,0.0248380952380952,0.0,0.0,0.0419923809523809,0.0109638095238095,0.0020095238095238,0.08304,0.00052
2015-01-14 13:00:00,0.2897667304015296,0.0436902485659655,0.0339024856596558,0.0,0.0,0.0426653919694072,0.0097858508604206,0.0020114722753346,0.0280267686424474,0.0004627151051625
2015-01-14 14:00:00,0.2166628787878788,0.0442386363636363,0.0303030303030303,0.0,0.0,0.041310606060606,0.0108863636363636,0.0020094696969696,0.0,0.0004905303030303
2015-01-14 15:00:00,0.3863662239089184,0.0423301707779886,0.0072106261859582,0.0,0.0,0.0464857685009487,0.0516166982922201,0.0020094876660341,0.082650853889943,0.0004971537001897
2015-01-14 16:00:00,0.3028952380952381,0.0264457142857142,0.0356228571428571,0.0,0.0,0.0508838095238095,0.0109847619047619,0.0020019047619047,0.0,0.0003866666666666
2015-01-14 17:00:00,2.074969581749049,0.0259334600760456,0.0335475285171102,0.0,3.802281368821293e-05,0.0498498098859315,0.0122984790874524,0.2458650190114068,0.086712927756654,0.0002908745247148
2015-01-14 18:00:00,0.9602533081285444,0.0398620037807183,0.0314725897920604,0.0,0.0003005671077504,0.0146389413988657,0.0111342155009451,0.1365122873345935,0.0598393194706994,0.0003742911153119
2015-01-14 19:00:00,0.4293671128107074,0.0458413001912045,0.031282982791587,0.0,0.0,0.1014149139579349,0.0157189292543021,0.0020095602294455,0.0,0.0004569789674952
2015-01-14 20:00:00,0.3746666666666667,0.0470038095238095,0.0226609523809523,0.0,0.0,0.0934723809523809,0.0188171428571428,0.0021123809523809,0.0,0.0006666666666666
2015-01-14 21:00:00,0.4843129770992366,0.0485973282442748,0.0249064885496183,0.0,0.0,0.0658396946564885,0.0446393129770992,0.0020229007633587,0.0724274809160305,0.000517175572519
2015-01-14 22:00:00,0.394930056710775,0.0502514177693761,0.0199962192816635,0.0,0.0,0.0736616257088846,0.0311625708884688,0.0021039697542533,0.0,0.000742911153119
2015-01-14 23:00:00,0.2030931558935361,0.0514543726235741,0.0302015209125475,0.0,0.0,0.0341197718631178,0.0104239543726235,0.0023916349809885,0.0,0.0007908745247148
2015-01-15 00:00:00,0.1631541353383458,0.048063909774436,0.0329868421052631,0.0,0.0,0.0039304511278195,0.0119887218045112,0.0022725563909774,0.0,0.0007255639097744
2015-01-15 01:00:00,0.1606742424242424,0.0341912878787878,0.0342064393939393,0.0,0.0,0.003935606060606,0.0156098484848484,0.0022689393939393,0.0,0.0007973484848484
2015-01-15 02:00:00,0.1503745247148289,0.0314258555133079,0.0229011406844106,0.0,0.0,0.0039467680608365,0.0110532319391634,0.0024619771863117,0.0,0.0008403041825095
2015-01-15 03:00:00,0.1639732824427481,0.0450362595419847,0.0106984732824427,0.0,0.0,0.0039694656488549,0.014206106870229,0.0024942748091603,0.0,0.0008301526717557
2015-01-15 04:00:00,0.1926072106261859,0.0534629981024667,0.0353074003795066,0.0,0.0077722960151802,0.0039620493358633,0.0157912713472485,0.0026280834914611,0.0,0.0008652751423149
2015-01-15 05:00:00,0.1807466666666666,0.0526380952380952,0.033167619047619,0.0,0.0,0.0039180952380952,0.0129028571428571,0.0022990476190476,0.0,0.0007942857142857
2015-01-15 06:00:00,0.198,0.0514231499051233,0.0303130929791271,0.0,0.0,0.0039563567362428,0.0111385199240986,0.0022087286527514,0.0,0.0006565464895635
2015-01-15 07:00:00,0.5874528301886793,0.0517358490566037,0.0147943396226415,0.0,3.773584905660377e-06,0.0106377358490566,0.0110301886792452,0.049677358490566,0.2243716981132075,0.0004377358490566
2015-01-15 08:00:00,0.3478669201520912,0.0503041825095057,0.0253897338403041,0.0,0.0,0.0181653992395437,0.0111444866920152,0.0020038022813688,0.1153783269961977,0.0004011406844106
2015-01-15 09:00:00,0.1910793950850661,0.0429470699432892,0.0224914933837429,0.0,0.0,0.0259413988657845,0.0118034026465028,0.0020018903591682,0.0,0.00034404536862
2015-01-15 10:00:00,0.2703530534351145,0.0389656488549618,0.0287633587786259,0.0,0.0,0.0224694656488549,0.0113664122137404,0.0020038167938931,0.0665877862595419,0.0003854961832061
2015-01-15 11:00:00,0.265469465648855,0.0386755725190839,0.0290267175572519,0.0,0.0,0.0228263358778626,0.01106106870229,0.0020057251908396,0.0728511450381679,0.0004198473282442
2015-01-15 12:00:00,0.1878636363636363,0.0391609848484848,0.0290037878787878,0.0,0.0,0.0148503787878787,0.0110416666666666,0.0020037878787878,0.0,0.000467803030303
2015-01-15 13:00:00,0.487706106870229,0.0478187022900763,0.0326603053435114,0.2510229007633588,0.0,0.0043129770992366,0.0110725190839694,0.0020057251908396,0.0667977099236641,0.0004198473282442
2015-01-15 14:00:00,0.6982061068702291,0.0595381679389313,0.0297767175572519,0.3762118320610687,0.0,0.0107938931297709,0.0113759541984732,0.0020076335877862,0.1486221374045801,0.0004637404580152
2015-01-15 15:00:00,0.3617001897533207,0.057707779886148,0.0207950664136622,0.0,0.0038861480075901,0.020673624288425,0.0123111954459203,0.0020075901328273,0.0,0.000493358633776
2015-01-15 16:00:00,0.2615820610687023,0.0556259541984732,0.0110935114503816,0.0,0.0,0.0261164122137404,0.0111679389312977,0.0020076335877862,0.0,0.0004083969465648
2015-01-15 17:00:00,0.5550888468809073,0.0545633270321361,0.0315330812854442,0.0,0.062453686200378,0.0263553875236294,0.0124650283553875,0.0020075614366729,0.2085538752362948,0.0003799621928166
2015-01-15 18:00:00,0.8618891013384322,0.0541051625239005,0.0374493307839388,0.0,6.500956022944552e-05,0.0221625239005736,0.0121778202676864,0.3381950286806883,0.1454608030592734,0.0006577437858508
2015-01-15 19:00:00,0.4147277882797732,0.0524858223062381,0.0319489603024574,0.0,0.0,0.0246502835538752,0.0157391304347826,0.0020264650283553,0.0386427221172022,0.0004669187145557
2015-01-15 20:00:00,2.046278937381404,0.0510322580645161,0.0332258064516129,0.0,0.0,0.0425483870967741,0.0158899430740037,0.0020113851992409,0.0,0.0004098671726755
2015-01-15 21:00:00,0.4441835564053537,0.0490210325047801,0.032095602294455,0.0,0.0,0.0131051625239005,0.0459426386233269,0.0021988527724665,0.0,0.00068068833652
2015-01-15 22:00:00,0.634672380952381,0.0496857142857142,0.0264438095238095,0.0,0.1035161904761904,0.0131980952380952,0.0424190476190476,0.0024190476190476,0.0677961904761904,0.0035866666666666
2015-01-15 23:00:00,0.3328279158699809,0.0479273422562141,0.0193154875717017,0.0,0.0494130019120458,0.0067476099426386,0.0190325047801147,0.002434034416826,0.000642447418738,0.0008164435946462
2015-01-16 00:00:00,0.1606793168880455,0.0369013282732447,0.0224003795066413,0.0,0.0,0.0039449715370018,0.0189487666034155,0.0022068311195445,0.0,0.0007210626185958
2015-01-16 01:00:00,0.1645760456273764,0.0375057034220532,0.0374163498098859,0.0,0.0,0.0039201520912547,0.0154980988593155,0.0020760456273764,0.0,0.0006653992395437
2015-01-16 02:00:00,0.1527183364839319,0.0335916824196597,0.0282287334593572,0.0,0.0,0.0039508506616257,0.0121606805293005,0.0021455576559546,0.0,0.0007145557655954
2015-01-16 03:00:00,0.14843536121673,0.0370969581749049,0.0156863117870722,0.0,0.0,0.0039600760456273,0.009657794676806,0.0022699619771863,0.0,0.0007813688212927
2015-01-16 04:00:00,0.1658707224334601,0.0475076045627376,0.0141730038022813,0.0,0.0,0.0039733840304182,0.0119581749049429,0.0024847908745247,0.0,0.0008517110266159
2015-01-16 05:00:00,0.1750782442748091,0.048473282442748,0.0308816793893129,0.0,0.0,0.0039541984732824,0.0090286259541984,0.0021908396946564,0.0,0.0007423664122137
2015-01-16 06:00:00,0.1794562737642585,0.046648288973384,0.0338155893536121,0.0,0.0,0.0039600760456273,0.0085665399239543,0.0023593155893536,0.0,0.0007832699619771
2015-01-16 07:00:00,1.0220248091603057,0.0462996183206106,0.0168435114503816,0.0,3.0534351145038166e-05,0.0054694656488549,0.0092385496183206,0.0020190839694656,0.1320706106870229,0.0004828244274809
2015-01-16 08:00:00,0.4051442125237191,0.0459829222011385,0.0275104364326375,0.0,0.0,0.0285142314990512,0.0092751423149905,0.0020132827324478,0.1219487666034155,0.000415559772296
2015-01-16 09:00:00,0.2444828897338403,0.0461254752851711,0.0208802281368821,0.0,0.0,0.0491197718631178,0.0087338403041825,0.0020076045627376,0.0,0.0003992395437262
2015-01-16 10:00:00,0.3058983050847457,0.0449340866290018,0.0271299435028248,0.0,0.0005423728813559,0.0431902071563088,0.008532956685499,0.0020301318267419,0.0713917137476459,0.0005386064030131
2015-01-16 11:00:00,0.3591704545454545,0.0283825757575757,0.0293030303030303,0.0,0.0,0.0393958333333333,0.011123106060606,0.0020890151515151,8.333333333333333e-05,0.0006003787878787
2015-01-16 12:00:00,0.2994830188679245,0.0271603773584905,0.027477358490566,0.0,2.264150943396226e-05,0.0396188679245283,0.0110132075471698,0.0079188679245283,0.0766433962264151,0.0005735849056603
2015-01-16 13:00:00,0.2374573055028463,0.0369089184060721,0.0092922201138519,0.0,5.313092979127135e-05,0.0151499051233396,0.0118178368121442,0.0074497153700189,0.0399639468690702,0.0006053130929791
2015-01-16 14:00:00,0.292215909090909,0.0461723484848484,0.0276382575757575,0.0,0.0,0.0151003787878787,0.0110056818181818,0.0020757575757575,0.0840757575757575,0.0006950757575757
2015-01-16 15:00:00,0.3906490566037736,0.0455698113207547,0.0316622641509434,0.0,0.0,0.0460358490566037,0.0112622641509433,0.002043396226415,0.0,0.0005264150943396
2015-01-16 16:00:00,0.3919243856332703,0.0447977315689981,0.0201663516068052,0.0,0.0,0.0509810964083175,0.0109735349716446,0.002,0.0379187145557656,0.0003497164461247
2015-01-16 17:00:00,2.085929791271348,0.0450132827324478,0.0265920303605313,0.0,0.0,0.0387438330170777,0.0112865275142314,0.002,0.4757115749525616,0.0003263757115749
2015-01-16 18:00:00,0.5888914285714286,0.0442590476190476,0.0471980952380952,0.0,0.0,0.0137771428571428,0.011015238095238,0.002,0.0,0.0004628571428571
2015-01-16 19:00:00,0.4513518164435947,0.0442294455066921,0.035529636711281,0.0,0.0,0.0291070745697896,0.0159598470363288,0.0020095602294455,0.0833862332695984,0.0004971319311663
2015-01-16 20:00:00,0.3282264875239923,0.0277773512476007,0.030468330134357,0.0,0.0,0.0364548944337811,0.0190287907869481,0.0020998080614203,0.0,0.0006698656429942
2015-01-16 21:00:00,0.3886692015209125,0.022328897338403,0.0292661596958174,0.0,0.0,0.0131520912547528,0.0405076045627376,0.0021330798479087,0.0,0.0006235741444866
2015-01-16 22:00:00,0.5165266159695817,0.0394410646387832,0.0323079847908745,0.0,0.0,0.0100019011406844,0.011148288973384,0.0020798479087452,0.0938250950570342,0.0020855513307984
2015-01-16 23:00:00,0.1863542857142857,0.0436190476190476,0.0268533333333333,0.0,0.0,0.004007619047619,0.0111257142857142,0.0024019047619047,0.0,0.0008361904761904
2015-01-17 00:00:00,0.1654117647058823,0.0429089184060721,0.0294098671726755,0.0,0.0,0.004,0.0142144212523719,0.0023282732447817,0.0,0.0007950664136622
2015-01-17 01:00:00,0.1649583333333333,0.0423977272727272,0.0303049242424242,0.0,0.0,0.0039810606060606,0.0096439393939393,0.0023503787878787,0.0,0.0008181818181818
2015-01-17 02:00:00,0.1618690702087286,0.0427931688804554,0.0262618595825426,0.0,0.0,0.0039829222011385,0.0113908918406072,0.0024971537001897,0.0,0.0008500948766603
2015-01-17 03:00:00,0.158958174904943,0.0423174904942965,0.0151730038022813,0.0,0.0,0.0039866920152091,0.0146692015209125,0.0020931558935361,0.0,0.0006673003802281
2015-01-17 04:00:00,0.1442380952380952,0.0275599999999999,0.0200838095238095,0.0,0.0,0.0039809523809523,0.0153485714285714,0.0021809523809523,0.0,0.0007504761904761
2015-01-17 05:00:00,0.1442438563327032,0.0190907372400756,0.0315122873345935,0.0,0.0,0.0039867674858223,0.017805293005671,0.0021209829867674,0.0,0.0007410207939508
2015-01-17 06:00:00,0.4579022988505747,0.0379770114942528,0.0349291187739463,0.0,4.022988505747127e-05,0.0039885057471264,0.0144904214559386,0.0486954022988505,0.1993007662835249,0.0008065134099616
2015-01-17 07:00:00,0.2594914285714286,0.0425333333333333,0.0251123809523809,0.0,0.0,0.0039980952380952,0.0170761904761904,0.0022266666666666,0.0,0.0007714285714285
2015-01-17 08:00:00,0.5035992366412213,0.0419580152671755,0.0162996183206106,0.0,0.0,0.0039923664122137,0.0249389312977099,0.0021832061068702,0.0804351145038168,0.000692748091603
2015-01-17 09:00:00,0.2128914285714285,0.0429542857142857,0.0154685714285714,0.0,0.0,0.0039904761904761,0.0105180952380952,0.002335238095238,0.0,0.000767619047619
2015-01-17 10:00:00,0.2402514285714285,0.0431066666666666,0.0302647619047619,0.0,0.0271904761904761,0.0039885714285714,0.007855238095238,0.0022304761904761,0.0,0.0007504761904761
2015-01-17 11:00:00,0.4652713472485768,0.0433396584440227,0.034066413662239,0.0,0.1091366223908918,0.0039810246679316,0.0082258064516129,0.0022599620493358,0.0,0.0007893738140417
2015-01-17 12:00:00,0.2239064885496183,0.0314198473282442,0.0320057251908397,0.0,0.0,0.0039847328244274,0.029648854961832,0.0021583969465648,0.0,0.0007118320610687
2015-01-17 13:00:00,0.247131931166348,0.0259866156787762,0.0241529636711281,0.0,0.0001529636711281,0.0039751434034416,0.0375525812619502,0.0458489483747609,0.0,0.0006959847036328
2015-01-17 14:00:00,0.2169694656488549,0.0309408396946564,0.00831106870229,0.0,7.633587786259542e-05,0.0039790076335877,0.0311545801526717,0.0105248091603053,0.0,0.0006450381679389
2015-01-17 15:00:00,1.8144007633587784,0.0435877862595419,0.0297347328244274,0.8671927480916031,0.0004274809160305,0.0039675572519083,0.030206106870229,0.1548664122137404,0.0,0.0005954198473282
2015-01-17 16:00:00,1.577864761904762,0.0467523809523809,0.0273561904761904,0.0347542857142857,0.0004019047619047,0.0039619047619047,0.0508438095238095,0.082575238095238,0.0,0.0004038095238095
2015-01-17 17:00:00,1.4959619771863115,0.0451273764258555,0.0381083650190114,0.0,1.3307984790874524e-05,0.0039619771863117,0.0563916349809885,0.0151558935361216,7.604562737642585e-06,0.0003079847908745
2015-01-17 18:00:00,1.3754389312977098,0.0458931297709923,0.0321240458015267,0.0,0.0,0.0360896946564885,0.0298874045801526,0.0020076335877862,0.0820687022900763,0.0003721374045801
2015-01-17 19:00:00,1.2464130019120458,0.0453996175908221,0.0286290630975143,0.0,0.0,0.0695219885277246,0.0159426386233269,0.0780860420650095,0.0,0.000472275334608
2015-01-17 20:00:00,0.927570057581574,0.0452456813819577,0.0357216890595009,0.0,0.0,0.0921804222648752,0.0100690978886756,0.0020844529750479,0.0681477927063339,0.0005930902111324
2015-01-17 21:00:00,0.5737180952380952,0.0437371428571428,0.0344361904761904,0.0,0.0,0.0584704761904761,0.0584380952380952,0.0021257142857142,0.0686038095238095,0.0033923809523809
2015-01-17 22:00:00,1.3293173076923075,0.0460807692307692,0.0346211538461538,0.0,0.0,0.0550230769230769,0.0440076923076923,0.0022576923076923,0.0,0.0007653846153846
2015-01-17 23:00:00,0.3520019193857965,0.0310921305182341,0.0298963531669865,0.0,0.0006909788867562,0.040619961612284,0.0260115163147792,0.0023512476007677,0.0,0.0007696737044145
2015-01-18 00:00:00,0.1778950381679389,0.0304980916030534,0.0269942748091603,0.0,0.0,0.0039484732824427,0.0144618320610687,0.0023072519083969,0.0,0.0007996183206106
2015-03-02 00:00:00,2.285,0.0,0.0,0.0,0.0,0.005,0.051,0.002,0.0,0.0
2015-03-02 01:00:00,2.285,0.0,0.0,0.0,0.0,0.005,0.051,0.002,0.0,0.0
2015-03-02 02:00:00,2.285,0.0,0.0,0.0,0.0,0.005,0.051,0.002,0.0,0.0
2015-03-02 03:00:00,2.285,0.0,0.0,0.0,0.0,0.005,0.051,0.002,0.0,0.0
2015-03-02 04:00:00,2.285,0.0,0.0,0.0,0.0,0.005,0.051,0.002,0.0,0.0
2015-03-02 05:00:00,2.285,0.0,0.0,0.0,0.0,0.005,0.051,0.002,0.0,0.0
2015-03-02 06:00:00,2.285,0.0,0.0,0.0,0.0,0.005,0.051,0.002,0.0,0.0
2015-03-02 07:00:00,2.285,0.0,0.0,0.0,0.0,0.005,0.051,0.002,0.0,0.0
2015-03-02 08:00:00,2.285,0.0,0.0,0.0,0.0,0.005,0.051,0.002,0.0,0.0
2015-03-02 09:00:00,2.285,0.0,0.0,0.0,0.0,0.005,0.051,0.002,0.0,0.0
2015-03-02 10:00:00,2.285,0.0,0.0,0.0,0.0,0.005,0.051,0.002,0.0,0.0
2015-03-02 11:00:00,2.285,0.0,0.0,0.0,0.0,0.005,0.051,0.002,0.0,0.0
2015-03-02 12:00:00,2.285,0.0,0.0,0.0,0.0,0.005,0.051,0.002,0.0,0.0
2015-03-02 13:00:00,2.285,0.0,0.0,0.0,0.0,0.005,0.051,0.002,0.0,0.0
2015-03-02 14:00:00,2.285,0.0,0.0,0.0,0.0,0.005,0.051,0.002,0.0,0.0
2015-03-02 15:00:00,2.285,0.0,0.0,0.0,0.0,0.005,0.051,0.002,0.0,0.0
2015-03-02 16:00:00,2.285,0.0,0.0,0.0,0.0,0.005,0.051,0.002,0.0,0.0
2015-03-02 17:00:00,2.285,0.0,0.0,0.0,0.0,0.005,0.051,0.002,0.0,0.0
2015-03-02 18:00:00,2.285,0.0,0.0,0.0,0.0,0.005,0.051,0.002,0.0,0.0
2015-03-02 19:00:00,2.285,0.0,0.0,0.0,0.0,0.005,0.051,0.002,0.0,0.0
2015-03-02 20:00:00,2.285,0.0,0.0,0.0,0.0,0.005,0.051,0.002,0.0,0.0
2015-03-02 21:00:00,2.285,0.0,0.0,0.0,0.0,0.005,0.051,0.002,0.0,0.0
2015-03-02 22:00:00,2.285,0.0,0.0,0.0,0.0,0.005,0.051,0.002,0.0,0.0
2015-03-02 23:00:00,2.285,0.0,0.0,0.0,0.0,0.005,0.051,0.002,0.0,0.0
2015-03-03 00:00:00,2.285,0.0,0.0,0.0,0.0,0.005,0.051,0.002,0.0,0.0
2015-03-03 01:00:00,2.285,0.0,0.0,0.0,0.0,0.005,0.051,0.002,0.0,0.0
2015-03-03 02:00:00,2.285,0.0,0.0,0.0,0.0,0.005,0.051,0.002,0.0,0.0
2015-03-03 03:00:00,2.285,0.0,0.0,0.0,0.0,0.005,0.051,0.002,0.0,0.0
2015-03-03 04:00:00,2.285,0.0,0.0,0.0,0.0,0.005,0.051,0.002,0.0,0.0
2015-03-03 05:00:00,2.285,0.0,0.0,0.0,0.0,0.005,0.051,0.002,0.0,0.0
2015-03-03 06:00:00,2.285,0.0,0.0,0.0,0.0,0.005,0.051,0.002,0.0,0.0
2015-03-03 07:00:00,2.285,0.0,0.0,0.0,0.0,0.005,0.051,0.002,0.0,0.0
2015-03-03 08:00:00,2.285,0.0,0.0,0.0,0.0,0.005,0.051,0.002,0.0,0.0
2015-03-03 09:00:00,2.285,0.0,0.0,0.0,0.0,0.005,0.051,0.002,0.0,0.0
2015-03-03 10:00:00,2.285,0.0,0.0,0.0,0.0,0.005,0.051,0.002,0.0,0.0
2015-03-03 11:00:00,2.285,0.0,0.0,0.0,0.0,0.005,0.051,0.002,0.0,0.0
2015-03-03 12:00:00,2.285,0.0,0.0,0.0,0.0,0.005,0.051,0.002,0.0,0.0
2015-03-03 13:00:00,2.285,0.0,0.0,0.0,0.0,0.005,0.051,0.002,0.0,0.0
2015-03-03 14:00:00,2.285,0.0,0.0,0.0,0.0,0.005,0.051,0.002,0.0,0.0
2015-03-03 15:00:00,2.285,0.0,0.0,0.0,0.0,0.005,0.051,0.002,0.0,0.0
2015-03-03 16:00:00,2.285,0.0,0.0,0.0,0.0,0.005,0.051,0.002,0.0,0.0
2015-03-03 17:00:00,2.285,0.0,0.0,0.0,0.0,0.005,0.051,0.002,0.0,0.0
2015-03-03 18:00:00,2.285,0.0,0.0,0.0,0.0,0.005,0.051,0.002,0.0,0.0
2015-03-03 19:00:00,2.285,0.0,0.0,0.0,0.0,0.005,0.051,0.002,0.0,0.0
2015-03-03 20:00:00,2.285,0.0,0.0,0.0,0.0,0.005,0.051,0.002,0.0,0.0
2015-03-03 21:00:00,2.285,0.0,0.0,0.0,0.0,0.005,0.051,0.002,0.0,0.0
2015-03-03 22:00:00,2.285,0.0,0.0,0.0,0.0,0.005,0.051,0.002,0.0,0.0
2015-03-03 23:00:00,2.285,0.0,0.0,0.0,0.0,0.005,0.051,0.002,0.0,0.0
2015-03-04 00:00:00,2.285,0.0,0.0,0.0,0.0,0.005,0.051,0.002,0.0,0.0
2015-03-04 01:00:00,2.285,0.0,0.0,0.0,0.0,0.005,0.051,0.002,0.0,0.0
2015-03-04 02:00:00,2.285,0.0,0.0,0.0,0.0,0.005,0.051,0.002,0.0,0.0
2015-03-04 03:00:00,2.285,0.0,0.0,0.0,0.0,0.005,0.051,0.002,0.0,0.0
2015-03-04 04:00:00,2.285,0.0,0.0,0.0,0.0,0.005,0.051,0.002,0.0,0.0
2015-03-04 05:00:00,2.285,0.0,0.0,0.0,0.0,0.005,0.051,0.002,0.0,0.0
2015-03-04 06:00:00,2.285,0.0,0.0,0.0,0.0,0.005,0.051,0.002,0.0,0.0
2015-03-04 07:00:00,2.285,0.0,0.0,0.0,0.0,0.005,0.051,0.002,0.0,0.0
2015-03-04 08:00:00,2.285,0.0,0.0,0.0,0.0,0.005,0.051,0.002,0.0,0.0
2015-03-04 09:00:00,2.285,0.0,0.0,0.0,0.0,0.005,0.051,0.002,0.0,0.0
2015-03-04 10:00:00,2.285,0.0,0.0,0.0,0.0,0.005,0.051,0.002,0.0,0.0
2015-03-04 11:00:00,2.285,0.0,0.0,0.0,0.0,0.005,0.051,0.002,0.0,0.0
2015-03-04 12:00:00,2.285,0.0,0.0,0.0,0.0,0.005,0.051,0.002,0.0,0.0
2015-03-04 13:00:00,2.285,0.0,0.0,0.0,0.0,0.005,0.051,0.002,0.0,0.0
2015-03-04 14:00:00,0.7479278937381404,0.0129829222011385,0.030404174573055,0.0,0.0,0.0314098671726755,0.02153889943074,0.0020493358633776,0.0,0.0
2015-03-04 15:00:00,0.2179980806142034,0.0482591170825335,0.0055700575815738,0.0,0.0,0.0411861804222648,0.0109961612284069,0.0020364683301343,0.0010978886756238,0.0
2015-03-04 16:00:00,1.9149812382739213,0.0474127579737335,0.0253452157598499,0.0,0.0,0.0400750469043151,0.0111482176360225,0.0020131332082551,0.0153696060037523,0.0
2015-03-04 17:00:00,0.2873932584269663,0.0467116104868913,0.0329681647940074,0.0,0.0,0.0457677902621722,0.0122902621722846,0.002003745318352,0.0,0.0
2015-03-04 18:00:00,0.562594746716698,0.0471200750469043,0.0325084427767354,0.0,0.0,0.0143827392120075,0.0110863039399624,0.1009662288930581,0.1822926829268292,0.0
2015-03-04 19:00:00,0.2579906015037594,0.0472161654135338,0.0230751879699248,0.0,0.0,0.0176654135338345,0.0161766917293233,0.0020714285714285,0.0001203007518796,0.0
2015-03-04 20:00:00,0.2397207547169811,0.0450849056603773,0.0125037735849056,0.0,0.0,0.0235490566037735,0.0116471698113207,0.0020150943396226,0.0,0.0
2015-03-04 21:00:00,0.3391029962546816,0.028563670411985,0.03562734082397,0.0,0.0,0.0131498127340823,0.0478689138576779,0.0021385767790262,0.0,0.0
2015-03-04 22:00:00,0.4288834586466165,0.0260902255639097,0.0347894736842105,0.0,0.0,0.0131484962406015,0.0475827067669172,0.0020714285714285,0.0388684210526315,0.0
2015-03-04 23:00:00,0.2383801498127341,0.0372340823970037,0.0336872659176029,0.0,0.0,0.0099456928838951,0.0134962546816479,0.0022827715355805,0.0,8.426966292134831e-05
2015-03-05 00:00:00,0.1569720149253731,0.0435932835820895,0.0144794776119402,0.0,0.0,0.0039869402985074,0.0137630597014925,0.0021641791044776,0.0,0.0
2015-03-05 01:00:00,0.1596666666666666,0.0432696629213483,0.0188220973782771,0.0,0.0,0.0039775280898876,0.0112247191011235,0.002065543071161,0.0,0.0
2015-03-05 02:00:00,0.1694851301115241,0.0440315985130111,0.0285297397769516,0.0,2.973977695167286e-05,0.003992565055762,0.0109795539033457,0.0022657992565055,0.0,0.0002955390334572
2015-03-05 03:00:00,0.2026629422718808,0.0440986964618249,0.0301135940409683,0.0,0.0,0.0039888268156424,0.0152569832402234,0.002437616387337,0.0,0.0
2015-03-05 04:00:00,0.190012987012987,0.0439499072356215,0.0232560296846011,0.0,0.0,0.0039925788497217,0.0154508348794063,0.0024545454545454,0.0,0.0
2015-03-05 05:00:00,0.1747463235294117,0.0420367647058823,0.0077922794117647,0.0,0.0,0.0039889705882352,0.0114430147058823,0.0021636029411764,0.0,0.0
2015-03-05 06:00:00,0.2115009310986964,0.0370931098696461,0.0322364990689013,0.0,0.0,0.0039906890130353,0.0111378026070763,0.0021731843575418,0.0,0.0
2015-03-05 07:00:00,0.8093487940630798,0.0253840445269016,0.0300352504638218,0.0,0.0,0.0039962894248608,0.0111465677179962,0.0020092764378478,0.2577050092764378,0.0
2015-03-05 08:00:00,0.2178299445471349,0.024358595194085,0.032543438077634,0.0,0.0,0.0170351201478743,0.0111552680221811,0.0020295748613678,0.0479944547134935,0.0
2015-03-05 09:00:00,0.2191473880597015,0.0415858208955223,0.0123152985074626,0.0,0.0,0.0370186567164179,0.0109738805970149,0.0020167910447761,0.0,0.0
2015-03-05 10:00:00,0.339638418079096,0.0429661016949152,0.0187627118644067,0.0,0.0,0.047728813559322,0.0117212806026365,0.0020225988700564,0.1124595103578154,0.0
2015-03-05 11:00:00,0.2104296296296296,0.021074074074074,0.0141901234567901,0.0,0.0,0.0506049382716049,0.0109358024691358,0.0020345679012345,0.0,0.0
2015-03-05 12:00:00,0.2401098484848485,0.0445321969696969,0.0290890151515151,0.0,0.0,0.0481098484848484,0.0109848484848484,0.0021685606060606,0.0,0.0
2015-03-05 13:00:00,0.3082232645403377,0.0468705440900562,0.0328911819887429,0.0,0.0,0.0046022514071294,0.0109981238273921,0.0021819887429643,0.1202795497185741,0.0
2015-03-05 14:00:00,0.1756759776536313,0.0474208566108007,0.0173482309124767,0.0,0.0,0.004608938547486,0.0111564245810055,0.0020204841713221,0.0,0.0
2015-03-05 15:00:00,1.038888888888889,0.0476648148148148,0.0240018518518518,0.0,0.6473185185185185,0.0332203703703703,0.0122481481481481,0.0020185185185185,0.115287037037037,0.0
2015-03-05 16:00:00,0.3323588785046729,0.0459158878504672,0.0452205607476635,0.0,0.0288785046728971,0.0439121495327102,0.0109869158878504,0.002,2.242990654205607e-05,0.0
2015-03-05 17:00:00,0.9599014869888476,0.0338289962825278,0.022360594795539,0.0,0.0,0.0395,0.0109851301115241,0.0696524163568773,0.0385836431226765,0.0
2015-03-05 18:00:00,0.5551942857142856,0.0343942857142857,0.019607619047619,0.0,0.0,0.0143219047619047,0.0112609523809523,0.0176171428571428,0.1124342857142857,0.0
2015-03-05 19:00:00,0.346842803030303,0.0305340909090909,0.0247026515151515,0.0,0.0,0.0523806818181818,0.0155965909090909,0.0020265151515151,0.0,0.0
2015-03-05 20:00:00,0.3979510357815442,0.0456553672316384,0.0360998116760828,0.0,0.0,0.0526610169491525,0.0260885122410546,0.0020772128060263,0.0,0.0
2015-03-05 21:00:00,0.3565408921933085,0.0479442379182156,0.0322174721189591,0.0,0.0,0.0137695167286245,0.0475,0.0021617100371747,0.0,0.0001059479553903
2015-03-05 22:00:00,0.349886827458256,0.0488200371057513,0.0277124304267161,0.0,0.0,0.0132374768089053,0.0431743970315398,0.0022671614100185,0.0,0.0
2015-03-05 23:00:00,0.2544878957169459,0.0489478584729981,0.0112271880819366,0.0,0.0,0.0056312849162011,0.0113035381750465,0.002389199255121,0.0,0.0
2015-03-06 00:00:00,0.1681189591078067,0.047724907063197,0.0280520446096654,0.0,0.0,0.0039851301115241,0.0164981412639405,0.0023475836431226,0.0,0.0
2015-03-06 01:00:00,0.1729609665427509,0.0488457249070632,0.0301765799256505,0.0,0.0,0.0039832713754646,0.0116301115241635,0.0023252788104089,0.0,0.0
2015-03-06 02:00:00,0.1804786641929499,0.0484897959183673,0.0306975881261595,0.0,0.0,0.0039758812615955,0.0111391465677179,0.0025306122448979,0.0,0.0
2015-03-06 03:00:00,0.1634720149253731,0.0462555970149253,0.0068022388059701,0.0,0.0,0.003990671641791,0.0163339552238806,0.0025597014925373,0.0,0.0
2015-03-06 04:00:00,0.152609756097561,0.0322983114446529,0.0244690431519699,0.0,0.0,0.0039774859287054,0.0164784240150093,0.002452157598499,0.0,0.0
2015-03-06 05:00:00,0.1498796296296296,0.0332611111111111,0.0313481481481481,0.0,0.0,0.0039833333333333,0.011474074074074,0.0021148148148148,0.0,0.0
2015-03-06 06:00:00,0.2720203327171904,0.032898336414048,0.0289334565619223,0.0,0.0,0.0039778188539741,0.0111201478743068,0.0021940850277264,0.0780258780036968,0.0
2015-03-06 07:00:00,0.4683115671641791,0.0479925373134328,0.0267220149253731,0.0,0.0,0.0039794776119402,0.0114123134328358,0.046410447761194,0.1694272388059701,0.0
2015-03-06 08:00:00,0.2886895910780669,0.0476654275092936,0.0205631970260223,0.0,0.0,0.0280613382899628,0.0121040892193308,0.0020130111524163,0.0038066914498141,0.0
2015-03-06 09:00:00,0.2332416356877323,0.0478736059479553,0.0273234200743494,0.0,0.0,0.0420594795539033,0.0111561338289962,0.0020111524163568,0.0,0.0
2015-03-06 10:00:00,0.2150148423005566,0.0491428571428571,0.0321335807050092,0.0,0.0,0.042938775510204,0.0109424860853432,0.0020463821892393,0.0,0.0
2015-03-06 11:00:00,0.2027597042513863,0.0501404805914972,0.0396081330868761,0.0,0.0,0.0222088724584103,0.0111016635859519,0.0020314232902033,0.0,0.0
2015-03-06 12:00:00,0.2119440298507462,0.050945895522388,0.0220988805970149,0.0,0.0,0.0439291044776119,0.0110988805970149,0.0021548507462686,0.0,0.0
2015-03-06 13:00:00,0.3586779026217229,0.0520280898876404,0.0186985018726591,0.0,0.0,0.0400505617977528,0.0122846441947565,0.0022659176029962,0.1639981273408239,0.0
2015-03-06 14:00:00,0.2552865168539326,0.0421835205992509,0.0365093632958801,0.0,0.0,0.0329044943820224,0.0110093632958801,0.0024213483146067,0.0574981273408239,0.0
2015-03-06 15:00:00,1.2464288389513107,0.0372808988764044,0.0315243445692883,0.0,0.0,0.0427827715355805,0.0114456928838951,0.0021741573033707,0.0941685393258427,0.0
2015-03-06 16:00:00,1.3514736842105262,0.0364154135338345,0.0335338345864661,0.0,0.0,0.0147838345864661,0.0111090225563909,0.0020131578947368,0.0,0.0
2015-03-06 17:00:00,2.573643527204503,0.0442589118198874,0.0296097560975609,0.0,0.0,0.02865478424015,0.011,0.0020469043151969,0.0,0.0
2015-03-06 18:00:00,0.3020413533834586,0.053937969924812,0.0134323308270676,0.0,0.0,0.0059774436090225,0.0111278195488721,0.0021052631578947,0.0,0.0
2015-03-06 19:00:00,0.2355047080979284,0.0526666666666666,0.0255913370998116,0.0,0.0,0.0043596986817325,0.016804143126177,0.0020244821092278,0.0,0.0
2015-03-06 20:00:00,0.2433977485928705,0.0525253283302063,0.0348030018761726,0.0,0.0,0.0041106941838649,0.012108818011257,0.0021482176360225,0.0,0.0
2015-03-06 21:00:00,0.3599925373134328,0.0522891791044776,0.031660447761194,0.0,0.0,0.0039925373134328,0.0450485074626865,0.0021399253731343,0.0,0.0
2015-03-06 22:00:00,0.2985176252319109,0.0517977736549165,0.032038961038961,0.0,0.0,0.0094749536178107,0.0291447124304267,0.0022133580705009,0.0,0.0009090909090909
2015-03-06 23:00:00,0.1781495327102803,0.0517420560747663,0.0329514018691588,0.0,0.0,0.0039869158878504,0.0109831775700934,0.0022766355140186,0.0,0.0
2015-03-07 00:00:00,0.167187265917603,0.036067415730337,0.0228314606741573,0.0,0.0,0.0039831460674157,0.0151423220973782,0.0023895131086142,0.0,0.0
2015-03-07 01:00:00,0.1485083798882681,0.0357486033519553,0.0139124767225325,0.0,0.0,0.0039776536312849,0.0125735567970204,0.0023314711359404,0.0,0.0
2015-03-07 02:00:00,0.159877094972067,0.033756052141527,0.026877094972067,0.0,0.0,0.0039795158286778,0.0110986964618249,0.0025623836126629,0.0,0.0
2015-03-07 03:00:00,0.1697638376383763,0.0519686346863468,0.0302195571955719,0.0,0.0,0.0039760147601476,0.0160110701107011,0.0025332103321033,0.0,0.0
2015-03-07 04:00:00,0.1655429104477611,0.0541138059701492,0.0310858208955223,0.0,0.0,0.003981343283582,0.0162574626865671,0.0026921641791044,0.0,0.0
2015-03-07 05:00:00,0.1599146567717996,0.0520593692022263,0.0108293135435992,0.0,0.0001187384044526,0.0039870129870129,0.0162133580705009,0.0025157699443413,0.0,0.0
2015-03-07 06:00:00,0.1664604051565377,0.052134438305709,0.0213756906077348,0.0,0.0,0.0039871086556169,0.019268876611418,0.0020773480662983,0.0,0.0
2015-03-07 07:00:00,0.3738899253731343,0.0537350746268656,0.0303451492537313,0.0,0.0,0.006990671641791,0.0204925373134328,0.0022350746268656,0.1973544776119403,0.0
2015-03-07 08:00:00,2.6382951127819547,0.0507744360902255,0.0432443609022556,0.0,0.0,0.0070996240601503,0.0918063909774436,0.0021127819548872,0.1823383458646616,0.0
2015-03-07 09:00:00,0.8180223048327138,0.0455724907063197,0.0308791821561338,0.0,0.3853252788104089,0.0125557620817843,0.0578661710037174,0.0020483271375464,0.0280074349442379,0.0
2015-03-07 10:00:00,0.3074475655430712,0.0402340823970037,0.0164232209737827,0.0,0.0458857677902621,0.0044456928838951,0.0722041198501872,0.0021591760299625,0.0,0.0
2015-03-07 11:00:00,0.1913136882129277,0.0369505703422053,0.0232452471482889,0.0,5.1330798479087454e-05,0.0043574144486692,0.0374201520912547,0.0102091254752851,0.0,0.0
2015-03-07 12:00:00,2.2691760299625465,0.0402153558052434,0.0298913857677902,0.0,0.5914925093632959,0.0039962546816479,0.0200131086142322,0.0020749063670411,0.2643707865168539,0.0
2015-03-07 13:00:00,2.306184210526316,0.0559962406015037,0.0357368421052631,0.8073834586466165,0.033266917293233,0.0039924812030075,0.0198928571428571,0.0021428571428571,0.0,0.0
2015-03-07 14:00:00,1.395154135338346,0.0630526315789473,0.0335375939849624,0.0,0.0,0.003984962406015,0.0161052631578947,0.0021823308270676,0.0625244360902255,0.0
2015-03-07 15:00:00,0.8361566037735849,0.0634641509433962,0.0328169811320754,0.0,0.0,0.004,0.0112245283018867,0.0023283018867924,0.0,0.0
2015-03-07 16:00:00,0.2670746268656716,0.0615634328358209,0.0391735074626865,0.0,0.0,0.0152873134328358,0.0448246268656716,0.0020820895522388,0.0,0.0
2015-03-07 17:00:00,0.2303757009345794,0.0620205607476635,0.0309252336448598,0.0,0.0,0.0044242990654205,0.0423738317757009,0.0021028037383177,0.0,0.0
2015-03-07 18:00:00,0.8644915887850467,0.0559869158878504,0.0289028037383177,0.0,2.242990654205607e-05,0.0042728971962616,0.0338710280373831,0.0181233644859813,0.0,0.0
2015-03-07 19:00:00,0.3774812030075188,0.0413045112781954,0.0204323308270676,0.0,0.0,0.004,0.047437969924812,0.0022048872180451,0.1020563909774436,0.0
2015-03-07 20:00:00,0.2752003745318352,0.0392415730337078,0.0230692883895131,0.0,0.0,0.0039981273408239,0.0475599250936329,0.0020805243445692,1.8726591760299623e-05,0.0
2015-03-07 21:00:00,0.4002236842105263,0.041563909774436,0.0351390977443609,0.0,0.0,0.0039943609022556,0.0479868421052631,0.0020845864661654,0.0496033834586466,0.0
2015-03-07 22:00:00,0.3052715105162523,0.0561185468451242,0.0345372848948374,0.0,0.0,0.0082294455066921,0.0299980879541108,0.0021166347992351,0.0,0.0001548757170172
2015-03-07 23:00:00,0.1913527204502814,0.057607879924953,0.0349043151969981,0.0,0.0,0.0039812382739212,0.0118986866791744,0.0024878048780487,0.0,0.0001257035647279
2015-03-08 00:00:00,0.1684,0.0565383177570093,0.024433644859813,0.0,0.0,0.0039775700934579,0.0140897196261682,0.0023214953271028,0.0,0.0
2015-03-08 01:00:00,0.159076923076923,0.0560562851782364,0.0122476547842401,0.0,0.0,0.0039849906191369,0.011217636022514,0.0024727954971857,0.0,0.0
2015-03-08 02:00:00,0.1662705223880597,0.0558451492537313,0.0343134328358208,0.0,0.0,0.0039738805970149,0.0120037313432835,0.0024645522388059,0.0,0.0
2015-03-08 03:00:00,0.1778367729831144,0.050264540337711,0.0394146341463414,0.0,0.0,0.0039793621013133,0.0167054409005628,0.0026153846153846,0.0,0.0
2015-03-08 04:00:00,0.1624888475836431,0.0377007434944237,0.017496282527881,0.0,0.0,0.0039851301115241,0.0162081784386617,0.0027602230483271,0.0,0.0
2015-03-08 05:00:00,0.149524074074074,0.0352722222222222,0.0105833333333333,0.0,0.0,0.0039851851851851,0.0114833333333333,0.0025407407407407,0.0,0.0
2015-03-08 06:00:00,0.1625148698884758,0.0388122676579925,0.0307063197026022,0.0,0.0,0.003992565055762,0.0112620817843866,0.0024628252788104,0.0,0.0
2015-03-08 07:00:00,0.3486988847583643,0.0540799256505576,0.0296895910780669,0.0,0.0,0.0040130111524163,0.0110055762081784,0.0023866171003717,0.1131449814126394,0.0
2015-03-08 08:00:00,1.1967467652495378,0.0533733826247689,0.0282088724584103,0.0,0.0,0.003992606284658,0.0480203327171903,0.002090573012939,0.1531940850277264,0.0
2015-03-08 09:00:00,1.2328342541436463,0.0543867403314917,0.0312872928176795,0.0,0.0,0.0060828729281767,0.0190441988950276,0.002171270718232,0.1774014732965009,0.0
2015-03-08 10:00:00,0.7214953617810761,0.0563858998144712,0.0219461966604823,0.0,0.0,0.0082096474953617,0.019064935064935,0.0020630797773654,0.0,0.0
2015-03-08 11:00:00,0.6943197026022304,0.0574200743494423,0.0367973977695167,0.0,0.0,0.0044368029739776,0.0189591078066914,0.0021040892193308,0.0,0.0
2015-03-08 12:00:00,1.7526166666666665,0.05645,0.0352277777777777,0.0,0.0,0.0079074074074074,0.0133018518518518,0.0665462962962962,0.1056296296296296,0.0
2015-03-08 13:00:00,0.9665613382899628,0.0383011152416356,0.0331003717472118,0.0,1.1152416356877324e-05,0.0039869888475836,0.0111802973977695,0.0622639405204461,0.1058661710037174,0.0
2015-03-08 14:00:00,0.2910876865671641,0.0397369402985074,0.0299328358208955,0.0,0.0,0.003990671641791,0.0110223880597014,0.0020764925373134,0.0210559701492537,0.0
2015-03-08 15:00:00,0.4948239700374532,0.0375112359550561,0.0257303370786516,0.0,0.0,0.0227359550561797,0.011005617977528,0.0021816479400749,0.0,0.0
2015-03-08 16:00:00,0.2116990654205607,0.0570093457943925,0.0369719626168224,0.0,0.0,0.0123102803738317,0.0135644859813084,0.0020579439252336,0.0,0.0
2015-03-08 17:00:00,0.2774475655430711,0.0558614232209737,0.0407134831460674,0.0,0.0,0.0040205992509363,0.0178520599250936,0.0020187265917602,0.0,0.0
2015-03-08 18:00:00,0.6056138059701492,0.0541212686567164,0.0314402985074626,0.0,0.0,0.0210410447761194,0.0442070895522388,0.0020111940298507,0.2628003731343283,0.0
2015-03-08 19:00:00,0.3460055865921788,0.0526182495344506,0.0325549348230912,0.0,0.0,0.0138119180633147,0.033340782122905,0.0020260707635009,0.0001229050279329,0.0
2015-03-08 20:00:00,0.3373646616541353,0.0523364661654135,0.0308796992481203,0.0,0.0,0.0159454887218045,0.0383120300751879,0.002031954887218,0.0,0.0
2015-03-08 21:00:00,0.3989067164179104,0.0497294776119403,0.0308097014925373,0.0,0.0,0.0130522388059701,0.0473097014925373,0.0021361940298507,0.0,0.0
2015-03-08 22:00:00,0.3258563432835821,0.0375037313432835,0.029231343283582,0.0,0.0,0.0115037313432835,0.0176548507462686,0.0023805970149253,0.0,0.0001735074626865
2015-03-08 23:00:00,0.1646865671641791,0.031651119402985,0.0230074626865671,0.0,0.0,0.0039440298507462,0.0123022388059701,0.0021324626865671,0.0,0.0
2015-03-09 00:00:00,0.159145251396648,0.0290130353817504,0.0169608938547486,0.0,0.0,0.0039385474860335,0.0146797020484171,0.0023370577281191,0.0,0.0
2015-03-09 01:00:00,0.1811644859813084,0.0477196261682243,0.0404467289719626,0.0,0.0,0.0039514018691588,0.011003738317757,0.0025663551401869,0.0,0.0
2015-03-09 02:00:00,0.1903550185873606,0.046996282527881,0.0415408921933085,0.0,0.0,0.0039572490706319,0.0126078066914498,0.0023401486988847,0.0,0.0003884758364312
2015-03-09 03:00:00,0.1602611940298507,0.045901119402985,0.0141716417910447,0.0,0.0,0.0039440298507462,0.0167630597014925,0.0023675373134328,0.0,0.0
2015-03-09 04:00:00,0.1654962546816479,0.0458014981273408,0.0294644194756554,0.0,0.0,0.0039494382022471,0.0161610486891385,0.0024756554307116,0.0,0.0
2015-03-09 05:00:00,0.1775233644859813,0.0451457943925233,0.0302953271028037,0.0,0.0,0.0039532710280373,0.011411214953271,0.0022766355140186,0.0,0.0
2015-03-09 06:00:00,0.1890429104477612,0.0447518656716417,0.0088675373134328,0.0,0.0,0.0039533582089552,0.0111529850746268,0.002106343283582,0.0,0.0
2015-03-09 07:00:00,0.4885139664804469,0.040217877094972,0.0446126629422718,0.0,0.0019385474860335,0.0378677839851024,0.0115400372439478,0.0467523277467411,0.2080279329608938,0.0
2015-03-09 08:00:00,0.2750206378986867,0.0258442776735459,0.0236641651031894,0.0,0.0,0.0214127579737335,0.011936210131332,0.0020112570356472,0.0714277673545966,0.0
2015-03-09 09:00:00,0.1903264540337711,0.0281951219512195,0.0255628517823639,0.0,0.0,0.0391651031894934,0.0116998123827392,0.0020919324577861,0.0,0.0
2015-03-09 10:00:00,0.2053314711359404,0.0415698324022346,0.0386256983240223,0.0,0.0,0.0423594040968342,0.0113761638733705,0.0022085661080074,0.0,0.0
2015-03-09 11:00:00,0.2775176908752328,0.0461713221601489,0.0318789571694599,0.0,0.0,0.0444189944134078,0.0110204841713221,0.0021191806331471,0.0843612662942271,0.0
2015-03-09 12:00:00,0.1981457943925233,0.0492,0.0100934579439252,0.0,0.0,0.0427626168224299,0.0110018691588785,0.0021009345794392,0.0,0.0
2015-03-09 13:00:00,0.1861895910780669,0.04985687732342,0.0437026022304832,0.0,0.0,0.0045185873605947,0.0111970260223048,0.002042750929368,0.0,0.0
2015-03-09 14:00:00,0.3327350746268657,0.050981343283582,0.0138768656716417,0.0,0.0,0.0142201492537313,0.0111716417910447,0.0020615671641791,0.1613432835820895,0.0
2015-03-09 15:00:00,0.2941044776119403,0.0515391791044776,0.0184160447761194,0.0,0.0,0.0569514925373134,0.0177798507462686,0.0020466417910447,0.0,0.0
2015-03-09 16:00:00,1.2212490706319703,0.0517657992565055,0.0332825278810408,0.0,0.0,0.0567881040892193,0.0118271375464684,0.002042750929368,0.0018698884758364,0.0
2015-03-09 17:00:00,1.0311396648044693,0.035389199255121,0.034046554934823,0.0,0.0,0.056290502793296,0.0112551210428305,0.0020093109869646,0.0440856610800744,0.0
2015-03-09 18:00:00,0.5615992647058823,0.0368933823529411,0.0259797794117647,0.0,0.0,0.0145110294117647,0.0111691176470588,0.1185018382352941,0.0,0.0
2015-03-09 19:00:00,0.4480518518518518,0.0351481481481481,0.0228314814814814,0.0,0.0,0.0138648148148148,0.0215592592592592,0.0020111111111111,0.0706703703703703,0.0
2015-03-09 20:00:00,2.0611378026070764,0.0525139664804469,0.0413594040968342,0.0,9.124767225325884e-05,0.0131843575418994,0.109828677839851,0.0229757914338919,0.0,0.0002141527001862
2015-03-09 21:00:00,2.1977379182156134,0.0530185873605947,0.0379646840148698,0.0,0.0,0.0131561338289962,0.110992565055762,0.0020260223048327,0.0,0.0
2015-03-09 22:00:00,0.3680772058823529,0.0527297794117647,0.0335,0.0,0.0,0.0133051470588235,0.1094705882352941,0.0024522058823529,0.0,0.0002738970588235
2015-03-09 23:00:00,0.2450613382899628,0.0517100371747211,0.0283624535315985,0.0,0.0,0.0177472118959107,0.0307081784386617,0.0023531598513011,0.0,0.0
2015-03-10 00:00:00,0.1649107806691449,0.0514739776951672,0.0235018587360594,0.0,0.0,0.0039814126394052,0.0140408921933085,0.0027156133828996,0.0,0.0
2015-03-10 01:00:00,0.1628691588785046,0.0500560747663551,0.027211214953271,0.0,0.0,0.0039887850467289,0.0118018691588785,0.0025962616822429,0.0,0.0
2015-03-10 02:00:00,0.1562910447761194,0.0363805970149253,0.0324757462686567,0.0,0.0,0.0039869402985074,0.0135447761194029,0.0021996268656716,0.0,0.0
2015-03-10 03:00:00,0.1538849721706864,0.0302448979591836,0.0330482374768089,0.0,0.0,0.0039870129870129,0.0166400742115027,0.0026994434137291,0.0,0.0
2015-03-10 04:00:00,0.1546829268292683,0.0318630393996247,0.0330318949343339,0.0,0.0,0.0039793621013133,0.0155666041275797,0.0024277673545966,0.0,0.0
2015-03-10 05:00:00,0.1598731343283582,0.0478171641791044,0.0238936567164179,0.0,0.0,0.0039888059701492,0.0111567164179104,0.0023619402985074,0.0,0.0
2015-03-10 06:00:00,0.2878205607476635,0.0475570093457943,0.0101439252336448,0.0,0.0,0.0039831775700934,0.0108785046728971,0.0022728971962616,0.0630317757009345,0.0
2015-03-10 07:00:00,0.5555074074074074,0.04635,0.0394185185185185,0.0,0.0,0.0040129629629629,0.012587037037037,0.0493574074074074,0.2801444444444444,0.0
2015-03-10 08:00:00,0.3477309833024118,0.046456400742115,0.0235324675324675,0.0,0.0511243042671614,0.0263320964749536,0.0102374768089053,0.0020018552875695,0.0,0.0
2015-03-10 09:00:00,0.4666901669758813,0.0459833024118738,0.0274656771799628,0.0,0.0811725417439703,0.0413914656771799,0.0092615955473098,0.0125584415584415,0.0,0.0
2015-03-10 10:00:00,0.363659217877095,0.0475567970204841,0.0301918063314711,0.0,0.0,0.0407132216014897,0.0074096834264432,0.0022011173184357,0.1551508379888268,0.0
2015-03-10 11:00:00,0.2339589552238806,0.0420317164179104,0.0302014925373134,0.0,0.0,0.0437070895522388,0.0095130597014925,0.0022294776119402,0.0,0.0
2015-03-10 12:00:00,0.3241364485981308,0.0348728971962616,0.0309084112149532,0.0,0.0,0.0460542056074766,0.0104504672897196,0.0023121495327102,0.1078056074766355,0.0
2015-03-10 13:00:00,0.3892584269662921,0.0345711610486891,0.036252808988764,0.0,0.0,0.0069943820224719,0.0115617977528089,0.0023520599250936,0.0698895131086142,0.0
2015-03-10 14:00:00,0.2213039399624765,0.0388517823639774,0.0099737335834896,0.0,0.0,0.0045290806754221,0.0111932457786116,0.0022157598499061,0.0450844277673546,0.0
2015-03-10 15:00:00,0.2559252336448598,0.0521457943925233,0.0226093457943925,0.0,0.0,0.0438542056074766,0.011014953271028,0.002218691588785,0.0284859813084112,0.0
2015-03-10 16:00:00,0.2985602968460111,0.0524582560296846,0.0306567717996289,0.0,0.0,0.0449053803339517,0.0111335807050092,0.0020204081632653,0.0663228200371057,0.0
2015-03-10 17:00:00,1.302459813084112,0.0524205607476635,0.031411214953271,0.0,0.0,0.0383065420560747,0.011022429906542,0.002022429906542,0.0271383177570093,0.0
2015-03-10 18:00:00,0.9473539325842696,0.0522883895131086,0.0334812734082397,0.0,0.0,0.0044250936329588,0.0133913857677902,0.0020112359550561,0.2127153558052434,0.0
2015-03-10 19:00:00,0.5305630885122411,0.0513954802259887,0.0323653483992467,0.0,0.0,0.0275819209039548,0.016728813559322,0.0020470809792843,0.116758945386064,0.0
2015-03-10 20:00:00,0.4583085501858736,0.0492546468401487,0.0333475836431226,0.0,0.0,0.0245055762081784,0.0312973977695167,0.0022007434944237,0.0,0.0
2015-03-10 21:00:00,0.4169682835820895,0.0489981343283582,0.0333171641791044,0.0,0.0,0.0129925373134328,0.0369123134328358,0.0021343283582089,0.0,0.0017835820895522
2015-03-10 22:00:00,0.3149457943925233,0.0414504672897196,0.0257962616822429,0.0,0.0,0.01303738317757,0.047233644859813,0.0022,0.0,0.0
2015-03-10 23:00:00,0.3035121495327103,0.0338018691588785,0.0201495327102803,0.0,0.0,0.013011214953271,0.0419177570093457,0.0021233644859813,0.0,0.0
2015-03-11 00:00:00,0.1810260223048327,0.0312769516728624,0.0204237918215613,0.0,0.0,0.0042583643122676,0.0167936802973977,0.0020055762081784,0.0,0.000360594795539
2015-03-11 01:00:00,0.1930018691588785,0.0367271028037383,0.0358448598130841,0.0,0.0,0.0039925233644859,0.0117214953271028,0.002011214953271,0.0,0.0
2015-03-11 02:00:00,0.1927750929368029,0.0464144981412639,0.0364721189591078,0.0,0.0,0.0039869888475836,0.0118438661710037,0.0020576208178438,0.0,0.0
2015-03-11 03:00:00,0.1910073937153419,0.0461885397412199,0.0292920517560073,0.0,0.0,0.0039944547134935,0.0156099815157116,0.0021238447319778,0.0,0.0
2015-03-11 04:00:00,0.1824040590405904,0.0464538745387453,0.0113819188191881,0.0,0.0,0.0039852398523985,0.0149372693726937,0.0020977859778597,0.0,0.0
2015-03-11 05:00:00,0.195024208566108,0.045243947858473,0.0390986964618249,0.0,0.0,0.0039906890130353,0.0125512104283054,0.0022122905027932,0.0,0.0
2015-03-11 06:00:00,0.2111722222222222,0.0452814814814814,0.0298259259259259,0.0,0.0,0.0039833333333333,0.0115629629629629,0.0020611111111111,0.0,0.0
2015-03-11 07:00:00,0.5286289424860853,0.0446827458256029,0.0239907235621521,0.0,0.0,0.0040278293135435,0.0110148423005565,0.0020055658627087,0.2779666048237477,0.0
2015-03-11 08:00:00,0.2884494382022471,0.0393670411985018,0.0184962546816479,0.0,0.0,0.0187116104868913,0.0115430711610486,0.0020149812734082,0.0494606741573033,0.0
2015-03-11 09:00:00,0.1871582867783985,0.0277113594040968,0.0293780260707635,0.0,0.0,0.0135400372439478,0.012048417132216,0.0020409683426443,0.0,0.0
2015-03-11 10:00:00,0.344810408921933,0.0284126394052044,0.038635687732342,0.0,0.0,0.0462732342007434,0.0120594795539033,0.0022118959107806,0.0951672862453531,0.0
2015-03-11 11:00:00,0.2773992606284658,0.0444731977818853,0.0377689463955637,0.0,0.0,0.0472957486136783,0.0125988909426987,0.0020554528650646,0.0388632162661737,0.0
2015-03-11 12:00:00,0.3321117318435754,0.0496480446927374,0.0105418994413407,0.0,0.0,0.0416145251396648,0.0113612662942271,0.002046554934823,0.0602998137802607,0.0
2015-03-11 13:00:00,0.4239757462686567,0.0516100746268656,0.0294664179104477,0.0,0.0,0.0253339552238805,0.0110055970149253,0.0020298507462686,0.2132220149253731,0.0
2015-03-11 14:00:00,0.2360905660377358,0.0522735849056603,0.0380830188679245,0.0,0.0,0.0464245283018867,0.0110037735849056,0.0020056603773584,0.0,0.0
2015-03-11 15:00:00,0.2057323420074349,0.0538828996282527,0.0195762081784386,0.0,0.0,0.0388327137546468,0.011131970260223,0.0020185873605947,0.0,0.0
2015-03-11 16:00:00,0.866920664206642,0.05430073800738,0.0097398523985239,0.0,0.0003413284132841,0.0046273062730627,0.0110110701107011,0.1810369003690037,0.0829095940959409,0.0
2015-03-11 17:00:00,0.7218104089219332,0.0549144981412639,0.0312657992565055,0.0,0.0,0.048814126394052,0.0128308550185873,0.0021115241635687,0.0,0.0
2015-03-11 18:00:00,1.0758164794007492,0.045316479400749,0.0360524344569288,0.0,0.0,0.0131441947565543,0.0126591760299625,0.0103988764044943,0.104003745318352,0.0
2015-03-11 19:00:00,0.4565078125,0.038841796875,0.03072265625,0.0,0.0,0.03848828125,0.0166796875,0.0526328125,0.098765625,0.0
2015-03-11 20:00:00,0.333754716981132,0.0367400419287211,0.0367861635220125,0.0,0.0,0.0226666666666666,0.0371614255765199,0.0020356394129979,0.0374947589098532,0.0
2015-03-11 21:00:00,0.2963940677966101,0.0436737288135593,0.0347372881355932,0.0,0.0,0.0225741525423728,0.0264936440677966,0.0021377118644067,0.0,0.0002563559322033
2015-03-11 22:00:00,0.214725,0.0538020833333333,0.0239375,0.0,0.0,0.0057916666666666,0.0132520833333333,0.0021958333333333,0.0,0.0001020833333333
2015-03-11 23:00:00,0.1787084148727984,0.053358121330724,0.0176105675146771,0.0,0.0,0.0039647749510763,0.0112152641878669,0.0024677103718199,0.0,0.0
2015-03-12 00:00:00,0.1717126865671641,0.0558824626865671,0.0291996268656716,0.0,0.0,0.0039570895522388,0.0110055970149253,0.002615671641791,0.0,0.0
2015-03-12 01:00:00,0.1836921641791044,0.0543376865671641,0.0365186567164179,0.0,0.0,0.0039682835820895,0.0111343283582089,0.0024738805970149,0.0,0.0
2015-03-12 02:00:00,0.1843959484346224,0.0545174953959484,0.0338802946593001,0.0,0.0,0.0039373848987108,0.0117697974217311,0.0024567219152854,0.0,0.0002357274401473
2015-03-12 03:00:00,0.1624384328358208,0.0568451492537313,0.0052929104477611,0.0,0.0,0.003945895522388,0.0151585820895522,0.0021940298507462,0.0,0.0
2015-03-12 04:00:00,0.2546504672897196,0.041418691588785,0.0409925233644859,0.0,0.0,0.0039439252336448,0.0155214953271028,0.0025514018691588,0.0914785046728972,0.0
2015-03-12 05:00:00,0.1673668528864059,0.0376499068901303,0.03456052141527,0.0,0.0,0.0039199255121042,0.0098696461824953,0.0023910614525139,0.0,0.0
2015-03-12 06:00:00,0.1707233644859813,0.0342635514018691,0.0059233644859813,0.0,0.0,0.0039457943925233,0.0097289719626168,0.0024971962616822,0.0,0.0
2015-03-12 07:00:00,3.264022429906542,0.0495252336448598,0.0305140186915887,0.0,5.607476635514018e-06,0.0039121495327102,0.0105794392523364,0.0464766355140186,0.2432130841121495,0.0
2015-03-12 08:00:00,0.3540111317254174,0.0538274582560296,0.0349573283858998,0.0,0.0,0.009356215213358,0.0125027829313543,0.002077922077922,0.0548664192949907,0.0
2015-03-12 09:00:00,0.2252425373134328,0.0540746268656716,0.034240671641791,0.0,0.0,0.0187108208955223,0.0108246268656716,0.0021007462686567,0.0,0.0
2015-03-12 10:00:00,0.3127806691449814,0.0559442379182156,0.0185687732342007,0.0,0.0,0.0173828996282527,0.0080278810408921,0.0020687732342007,0.1044981412639405,0.0
2015-03-12 11:00:00,0.2530299625468165,0.0567303370786516,0.0213539325842696,0.0,0.0,0.01775468164794,0.0080112359550561,0.0020337078651685,0.0276816479400749,0.0
2015-03-12 12:00:00,0.235810861423221,0.0584531835205992,0.0332172284644194,0.0,0.0,0.0375955056179775,0.0078932584269662,0.0020374531835205,0.0,0.0
2015-03-12 13:00:00,0.9926093457943924,0.0491831775700934,0.0397906542056074,0.0,0.5798635514018692,0.0044728971962616,0.010807476635514,0.0181570093457943,0.1120953271028037,0.0
2015-03-12 14:00:00,0.3496685714285714,0.040375238095238,0.0103085714285714,0.0,0.0359523809523809,0.018727619047619,0.011007619047619,0.0020647619047619,0.0849180952380952,0.0
2015-03-12 15:00:00,0.4094492481203007,0.0389172932330827,0.0231597744360902,0.0,0.0,0.02446992481203,0.0131240601503759,0.0020432330827067,0.2040507518796992,0.0
2015-03-12 16:00:00,0.2846647834274953,0.0553088512241054,0.0297156308851224,0.0,0.0,0.0355386064030131,0.0113747645951035,0.0020094161958568,0.0,0.0
2015-03-12 17:00:00,1.9987184466019416,0.0626582524271844,0.0313922330097087,0.5601029126213593,0.0008660194174757,0.0530252427184466,0.0111300970873786,0.2248893203883495,0.1354038834951456,0.0
2015-03-12 18:00:00,0.9551594202898552,0.0670931677018633,0.0328405797101449,0.0,0.0,0.0254699792960662,0.0110103519668737,0.0223291925465838,0.0740020703933747,0.0
2015-03-12 19:00:00,0.5298828451882844,0.0639142259414226,0.0265606694560669,0.0,0.0,0.0132405857740585,0.0349267782426778,0.0020167364016736,0.1016820083682008,0.0
2015-03-12 20:00:00,0.3316534446764092,0.062089770354906,0.0235344467640918,0.0,0.0,0.0131816283924843,0.0118914405010438,0.0021356993736951,0.0,0.0
2015-03-12 21:00:00,0.3184758909853249,0.0606540880503144,0.0263333333333333,0.0,0.0,0.0131635220125786,0.0459853249475891,0.0022997903563941,0.0,0.0017672955974842
2015-03-12 22:00:00,0.316558091286307,0.0448962655601659,0.0341763485477178,0.0,0.0,0.0200560165975103,0.0324315352697095,0.0023132780082987,0.0,0.0
2015-03-12 23:00:00,0.2027134268537074,0.0437795591182364,0.0368697394789579,0.0,0.0,0.0040320641282565,0.0134328657314629,0.0023406813627254,0.0,0.000254509018036
2015-03-13 00:00:00,0.187356215213358,0.0403320964749536,0.035925788497217,0.0,0.0,0.0039740259740259,0.0146530612244897,0.0023729128014842,0.0,0.0
2015-03-13 01:00:00,0.1824188191881919,0.0462988929889298,0.0245036900369003,0.0,0.0,0.0039852398523985,0.0110036900369003,0.0023321033210332,0.0,0.0
2015-03-13 02:00:00,0.1978905380333951,0.0571966604823747,0.0151539888682745,0.0,0.0,0.0039795918367346,0.0118849721706864,0.0025528756957328,0.0,0.0
2015-03-13 03:00:00,0.222437616387337,0.0567020484171322,0.0357504655493482,0.0,0.0,0.0039906890130353,0.017048417132216,0.0025214152700186,0.0,0.0
2015-03-13 04:00:00,0.2028828996282528,0.0558289962825278,0.039539033457249,0.0,0.0,0.0039907063197026,0.0120836431226765,0.0027081784386617,0.0,0.0
2015-03-13 05:00:00,0.2647448789571694,0.0545307262569832,0.0164394785847299,0.0,0.0,0.0039869646182495,0.007877094972067,0.0024096834264432,0.1073817504655493,0.0
2015-03-13 06:00:00,0.2976011235955056,0.0561217228464419,0.0244213483146067,0.0,0.0,0.0039868913857677,0.0077284644194756,0.0021198501872659,0.0844456928838951,0.0
2015-03-13 07:00:00,0.4926778398510242,0.0538696461824953,0.0331657355679702,0.0,0.0,0.003973929236499,0.0075158286778398,0.0020558659217877,0.2170446927374301,0.0
2015-03-13 08:00:00,0.2504438202247191,0.0375374531835206,0.0327022471910112,0.0,0.0,0.027250936329588,0.0090561797752809,0.002005617977528,0.0,0.0
2015-03-13 09:00:00,0.3600148975791434,0.0358789571694599,0.0348454376163873,0.0,0.0,0.0811880819366853,0.0099795158286778,0.0020986964618249,0.0950931098696461,0.0
2015-03-13 10:00:00,0.3518417132216014,0.0348454376163873,0.0356797020484171,0.0,0.0,0.1236238361266294,0.0089515828677839,0.0023054003724394,0.0448957169459962,0.0
2015-03-13 11:00:00,0.3567663551401869,0.0501906542056074,0.0145028037383177,0.0,0.0,0.0970317757009345,0.0089719626168224,0.0023084112149532,0.0849252336448598,0.0
2015-03-13 12:00:00,0.3372803738317757,0.0536971962616822,0.0229626168224299,0.0,0.0,0.1089906542056074,0.0095775700934579,0.0022504672897196,0.0388168224299065,0.0
2015-03-13 13:00:00,0.3543935969868173,0.0545386064030131,0.0390357815442561,0.0,0.0,0.0658832391713747,0.010337099811676,0.0021374764595103,0.0844783427495291,0.0
2015-03-13 14:00:00,0.3386616257088847,0.0552930056710775,0.0387674858223062,0.0,0.0,0.0738563327032136,0.0123156899810964,0.0021739130434782,0.0592136105860113,0.0
2015-03-13 15:00:00,0.2752771535580524,0.0567265917602996,0.0152172284644194,0.0,0.0,0.1125187265917602,0.0116816479400749,0.0021797752808988,0.0,0.0
2015-03-13 16:00:00,0.4014615384615384,0.055825,0.0240980769230769,0.0,0.0,0.1079961538461538,0.0115346153846153,0.0020442307692307,0.1285884615384615,0.0
2015-03-13 17:00:00,1.4925577689243028,0.0482390438247012,0.0376334661354581,0.0,0.0,0.0760378486055776,0.0118984063745019,0.002011952191235,0.197711155378486,0.0
2015-03-13 18:00:00,0.4163698347107438,0.0367169421487603,0.0408822314049586,0.0,0.0,0.0831528925619834,0.0117438016528925,0.0020413223140495,0.1079814049586776,0.0
2015-03-13 19:00:00,2.299060291060292,0.0361434511434511,0.0381413721413721,0.0,0.0,0.0627941787941787,0.0381538461538461,0.002051975051975,0.0923222453222453,0.0
2015-03-13 20:00:00,0.4538033126293996,0.0423623188405797,0.031527950310559,0.0,0.0,0.0579461697722567,0.0473768115942029,0.0021635610766045,0.0931946169772256,0.0
2015-03-13 21:00:00,0.4611787941787942,0.0528274428274428,0.028064449064449,0.0,0.0,0.0562702702702702,0.0473555093555093,0.0022931392931392,0.0989251559251559,0.0
2015-03-13 22:00:00,0.3142417355371901,0.0520537190082644,0.0228595041322314,0.0,0.0,0.0686404958677685,0.0253739669421487,0.002293388429752,0.0,0.0002541322314049
2015-03-13 23:00:00,0.1648934426229508,0.0514180327868852,0.0267971311475409,0.0,0.0335737704918032,0.0039815573770491,0.0110020491803278,0.0024159836065573,0.0,0.0
2015-03-14 00:00:00,0.1700381679389313,0.0505229007633587,0.0336106870229007,0.0,0.0,0.0039847328244274,0.0110114503816793,0.0024885496183206,0.0,0.0
2015-03-14 01:00:00,0.1865251396648044,0.0495474860335195,0.0378119180633147,0.0,0.0,0.0039795158286778,0.0151880819366852,0.0023985102420856,0.0,0.0
2015-03-14 02:00:00,0.1776598130841121,0.0488691588785046,0.0251009345794392,0.0,0.0,0.0039906542056074,0.013403738317757,0.0025028037383177,0.0,0.0
2015-03-14 03:00:00,0.152317843866171,0.040310408921933,0.0130501858736059,0.0,0.0,0.0039907063197026,0.0157026022304832,0.0026654275092936,0.0,0.0
2015-03-14 04:00:00,0.1557504690431519,0.031780487804878,0.0397148217636022,0.0,0.0,0.0039812382739212,0.0189136960600375,0.0026960600375234,0.0,0.0
2015-03-14 05:00:00,0.1540988805970149,0.0300111940298507,0.0315410447761194,0.0,0.0,0.0039869402985074,0.0183507462686567,0.0025895522388059,0.0,0.0
2015-03-14 06:00:00,0.3792769516728624,0.0447918215613382,0.0104888475836431,0.0,0.0,0.0039758364312267,0.0185724907063197,0.0023680297397769,0.1988810408921933,0.0
2015-03-14 07:00:00,0.2663476635514019,0.0476635514018691,0.0290317757009345,0.0,0.0,0.0039906542056074,0.0444728971962616,0.0020317757009345,0.0,0.0
2015-03-14 08:00:00,0.6372337662337663,0.048886827458256,0.0370241187384044,0.0,0.0,0.0062597402597402,0.0751873840445269,0.0020667903525046,0.3323803339517625,0.0
2015-03-14 09:00:00,0.508175572519084,0.0482919847328244,0.0350706106870229,0.0,0.1063187022900763,0.0105534351145038,0.0195458015267175,0.0020458015267175,0.0,0.0
2015-03-14 10:00:00,0.1788660194174757,0.0488640776699029,0.0147145631067961,0.0,0.022631067961165,0.0044679611650485,0.0095922330097087,0.0020485436893203,0.0,0.0
2015-03-14 11:00:00,0.2617834645669291,0.0512224409448818,0.024507874015748,0.0,0.0,0.0043602362204724,0.0090629921259842,0.0020531496062992,0.0828267716535433,0.0
2015-03-14 12:00:00,0.2798057692307692,0.0505923076923076,0.0463942307692307,0.0,0.0,0.0039980769230769,0.0691076923076923,0.0021807692307692,0.0349846153846153,0.0
2015-03-14 13:00:00,0.3760759013282732,0.0421442125237191,0.0173434535104364,0.0,0.0,0.0121518026565464,0.0343434535104364,0.0023605313092979,0.135404174573055,0.0
2015-03-14 14:00:00,0.5354357005758158,0.0344568138195777,0.0219251439539347,0.0,0.0,0.005151631477927,0.0513262955854126,0.079662188099808,0.1264971209213052,0.0
2015-03-14 15:00:00,0.564440643863179,0.0382756539235412,0.0374044265593561,0.0,0.0,0.0141891348088531,0.0851408450704225,0.0635291750503018,0.0972112676056338,0.0
2015-03-14 16:00:00,2.227014344262295,0.0393360655737704,0.0391844262295082,0.0,0.0,0.0288073770491803,0.0711209016393442,0.0020840163934426,0.0,0.0
2015-03-14 17:00:00,0.2383134020618556,0.0487072164948453,0.0133030927835051,0.0,0.0,0.0070865979381443,0.0662701030927835,0.0020597938144329,0.0,0.0
2015-03-14 18:00:00,0.5290524109014675,0.0498658280922431,0.0366855345911949,0.0,0.0,0.0071404612159329,0.0592452830188679,0.0020272536687631,0.1407190775681341,0.0
2015-03-14 19:00:00,0.3858898128898129,0.0483160083160083,0.0377650727650727,0.0,0.0,0.0068586278586278,0.01202079002079,0.002054054054054,0.1025405405405405,0.0
2015-03-14 20:00:00,0.2466263048016701,0.0487453027139874,0.0351586638830897,0.0,0.0,0.0068789144050104,0.0119979123173277,0.0020647181628392,0.0,0.0
2015-03-14 21:00:00,0.4241763485477178,0.0488858921161825,0.0353464730290456,0.0,0.0,0.0120082987551867,0.0274273858921161,0.0021431535269709,0.099713692946058,0.0
2015-03-14 22:00:00,0.4222766393442623,0.0486946721311475,0.0301209016393442,0.0,0.0,0.0160430327868852,0.0387254098360655,0.0022930327868852,0.0379487704918032,0.0003381147540983
2015-03-14 23:00:00,0.188193482688391,0.0485865580448065,0.0268350305498981,0.0,0.0,0.0080529531568228,0.0109368635437881,0.0025580448065173,0.0,0.0004114052953156
2015-03-15 00:00:00,0.1674480151228733,0.0404102079395085,0.0224990548204158,0.0,0.0,0.0039905482041587,0.0127826086956521,0.0023497164461247,0.0,0.0
2015-03-15 01:00:00,0.1355943925233645,0.0320579439252336,0.0274579439252336,0.0,0.0,0.0039794392523364,0.0106747663551401,0.0021046728971962,0.0,0.0
2015-03-15 02:00:00,0.1222401500938086,0.0299324577861163,0.0373151969981238,0.0,0.0,0.0039849906191369,0.0104465290806754,0.002155722326454,0.0,0.0
2015-03-15 03:00:00,0.1792490636704119,0.0438352059925093,0.0385505617977528,0.0,0.0,0.0039812734082397,0.0131685393258426,0.0024625468164794,0.0,0.0
2015-03-15 04:00:00,0.1602841121495327,0.048229906542056,0.0174710280373831,0.0,0.0,0.0039869158878504,0.0150953271028037,0.0025514018691588,0.0,0.0
2015-03-15 05:00:00,0.2183191094619666,0.0488645640074211,0.022291280148423,0.0,0.0,0.0039888682745825,0.0127272727272727,0.0026233766233766,0.0,0.0
2015-03-15 06:00:00,0.23,0.048018691588785,0.0417102803738317,0.0,0.0,0.0039813084112149,0.0099906542056074,0.0025271028037383,0.0,0.0
2015-03-15 07:00:00,1.5369831775700935,0.0488691588785046,0.0146448598130841,0.0,0.0,0.0039831775700934,0.010229906542056,0.002211214953271,0.0,0.0
2015-03-15 08:00:00,2.9548432835820897,0.0488003731343283,0.0136828358208955,0.0,0.0001940298507462,0.0040037313432835,0.009875,0.0669888059701492,0.2516660447761194,0.0
2015-03-15 09:00:00,2.3427875939849625,0.047703007518797,0.0375432330827067,0.0,0.0,0.0112706766917293,0.0097406015037593,0.0020018796992481,0.1042274436090225,0.0
2015-03-15 10:00:00,0.4969255533199195,0.0365553319919517,0.03517907444668,0.0,0.0,0.0059919517102615,0.0100281690140845,0.0020422535211267,0.0,0.0
2015-03-15 11:00:00,0.1534311023622047,0.0327913385826771,0.0381240157480314,0.0,0.0,0.0043956692913385,0.0111141732283464,0.002007874015748,0.0,0.0
2015-03-15 12:00:00,0.7961111111111111,0.0323151515151515,0.0131151515151515,0.0,0.0,0.0041171717171717,0.0111111111111111,0.0020727272727272,0.0,0.0
2015-03-15 13:00:00,1.2660593047034765,0.0501860940695296,0.023441717791411,0.0,0.0,0.0039979550102249,0.0104764826175869,0.0020245398773006,0.0,0.0
2015-03-15 14:00:00,0.5250838445807771,0.0498588957055214,0.0371104294478527,0.0,0.0001390593047034,0.0039979550102249,0.0100449897750511,0.0160388548057259,0.1504253578732106,0.0
2015-03-15 15:00:00,0.2150327198364008,0.0506952965235173,0.0381922290388548,0.0,0.0,0.0125316973415132,0.0094621676891615,0.0020511247443762,0.0,0.0
2015-03-15 16:00:00,0.3264300411522634,0.0512448559670781,0.03209670781893,0.0,0.0,0.0057551440329218,0.0116995884773662,0.0020473251028806,0.1465946502057613,0.0
2015-03-15 17:00:00,0.3505845511482254,0.0515260960334029,0.0078079331941544,0.0,0.0,0.0044613778705636,0.0114133611691022,0.0020438413361169,0.1565699373695198,0.0
2015-03-15 18:00:00,0.4576380753138075,0.0502510460251046,0.0371087866108786,0.0,6.903765690376569e-05,0.004112970711297,0.0099476987447698,0.0194435146443514,0.111581589958159,0.0
2015-03-15 19:00:00,0.3638468085106383,0.039495744680851,0.0356234042553191,0.0,0.0,0.0178085106382978,0.0303340425531914,0.0020297872340425,0.0,0.0
2015-03-15 20:00:00,0.4103991323210412,0.0303839479392624,0.0299219088937093,0.0,0.0,0.0514295010845987,0.0630715835140997,0.0020629067245119,0.0,0.0
2015-03-15 21:00:00,0.3842196162046908,0.0293091684434968,0.0334136460554371,0.0,6.823027718550106e-05,0.0160255863539445,0.0531705756929637,0.0021172707889125,0.0,0.0015522388059701
2015-03-15 22:00:00,0.5329563409563409,0.0487006237006237,0.0335758835758835,0.0,0.0,0.0181933471933471,0.0472993762993763,0.0021476091476091,0.1486299376299376,0.0
2015-03-15 23:00:00,0.198945564516129,0.049086693548387,0.020453629032258,0.0,0.0,0.0102016129032258,0.0101572580645161,0.0024334677419354,0.0,0.0
2015-03-16 00:00:00,0.164657355679702,0.0495400372439478,0.0177076350093109,0.0,0.0,0.0068007448789571,0.0141359404096834,0.0026033519553072,0.0,0.0
2015-03-16 01:00:00,0.1704250936329588,0.049192883895131,0.0350767790262172,0.0,0.0038352059925093,0.0067977528089887,0.0101610486891385,0.002380149812734,0.0,0.0
2015-03-16 02:00:00,0.1831809701492537,0.0492369402985074,0.0405130597014925,0.0,0.0,0.0067910447761194,0.0099720149253731,0.0023358208955223,0.0,0.0
2015-03-16 03:00:00,0.1713061224489795,0.0496437847866419,0.0184063079777365,0.0,0.0,0.0068014842300556,0.0131094619666048,0.0025102040816326,0.0,0.0
2015-03-16 04:00:00,0.150996282527881,0.0353828996282527,0.0219386617100371,0.0,0.0001189591078066,0.006810408921933,0.0140297397769516,0.0026152416356877,0.0,0.0
2015-03-16 05:00:00,0.1512546125461254,0.0308726937269372,0.0411162361623616,0.0,0.0,0.0068136531365313,0.0122029520295202,0.0021697416974169,0.0,0.0
2015-03-16 06:00:00,0.300160447761194,0.0319720149253731,0.009160447761194,0.0,0.0,0.0067873134328358,0.0099421641791044,0.0020727611940298,0.1218526119402985,0.0
2015-03-16 07:00:00,0.5501719626168223,0.0488654205607476,0.0227943925233644,0.0,0.0001214953271028,0.005026168224299,0.0093757009345794,0.0765663551401869,0.2101121495327102,0.0
2015-03-16 08:00:00,0.284712962962963,0.0485814814814814,0.0311611111111111,0.0,0.0,0.0186722222222222,0.0101203703703703,0.0020037037037037,0.0,0.0
2015-03-16 09:00:00,0.1985944444444444,0.0498018518518518,0.0350351851851851,0.0,0.0,0.0031759259259259,0.0091203703703703,0.0020722222222222,0.0,0.0
2015-03-16 10:00:00,0.2833234200743494,0.0506040892193308,0.0164349442379182,0.0,0.0,0.0031505576208178,0.0103884758364312,0.0021821561338289,0.0686226765799256,0.0
2015-03-16 11:00:00,0.1810260223048327,0.050674721189591,0.0184312267657992,0.0,0.0,0.0031245353159851,0.0101933085501858,0.0021858736059479,0.0,0.0
2015-03-16 12:00:00,0.5144202626641651,0.0500243902439024,0.033076923076923,0.0,0.0,0.0031444652908067,0.0077861163227016,0.0021294559099437,0.0,0.0
2015-03-16 13:00:00,0.4340603773584905,0.0322264150943396,0.0326679245283018,0.0,0.0,0.0031075471698113,0.009254716981132,0.0021301886792452,0.0799924528301886,0.0
2015-03-16 14:00:00,0.2927105263157895,0.032016917293233,0.0055582706766917,0.0,0.0,0.0031165413533834,0.0070751879699248,0.0020093984962406,0.1098515037593984,0.0
2015-03-16 15:00:00,0.2016108007448789,0.0408081936685288,0.0275810055865921,0.0,0.0,0.0031284916201117,0.0145232774674115,0.0020111731843575,0.0,0.0
2015-03-16 16:00:00,0.3067561475409835,0.0413094262295082,0.0270266393442622,0.0,0.0,0.0031352459016393,0.0104692622950819,0.0020368852459016,0.0968135245901639,0.0
2015-03-16 17:00:00,0.9609241803278687,0.0520245901639344,0.0315696721311475,0.0,0.0,0.0062520491803278,0.0452295081967213,0.109375,0.0921741803278688,0.0
2015-03-16 18:00:00,0.7629731404958678,0.0526404958677685,0.0330268595041322,0.0,0.0,0.0179276859504132,0.0314235537190082,0.1584504132231405,0.0,0.0
2015-03-16 19:00:00,0.4989504132231405,0.0515,0.0421033057851239,0.0,0.0,0.0132685950413223,0.0189276859504132,0.0020247933884297,0.1395351239669421,0.0
2015-03-16 20:00:00,0.4342757894736842,0.0503642105263157,0.0379978947368421,0.0,0.0,0.0131957894736842,0.0189557894736842,0.0020863157894736,0.0554,0.0
2015-03-16 21:00:00,0.3823467230443974,0.0478245243128964,0.0287568710359408,0.0,0.0,0.0131035940803382,0.018137420718816,0.0021183932346723,0.0,0.0
2015-03-16 22:00:00,0.4156440329218107,0.0299444444444444,0.0293971193415637,0.0,0.0,0.0161893004115226,0.0281604938271604,0.0021604938271604,0.0867860082304526,0.0002654320987654
2015-03-16 23:00:00,0.16383984375,0.02749609375,0.0244296875,0.0,0.0,0.00501953125,0.011150390625,0.0025546875,0.0,0.0
2015-03-17 00:00:00,0.1779626865671641,0.0464253731343283,0.0270447761194029,0.0,0.0,0.0039216417910447,0.0147332089552238,0.0023880597014925,0.0,0.0
2015-03-17 01:00:00,0.1807565055762081,0.0503308550185873,0.0367174721189591,0.0,0.0,0.0039256505576208,0.0098475836431226,0.0023717472118959,0.0,0.0
2015-03-17 02:00:00,0.1773234750462107,0.049358595194085,0.0318798521256931,0.0,0.0,0.0039390018484288,0.011362292051756,0.0026617375231053,0.0,0.0
2015-03-17 03:00:00,0.1708218923933209,0.0495398886827458,0.034582560296846,0.0,0.0,0.0039480519480519,0.0119907235621521,0.0026363636363636,0.0,0.0
2015-03-17 04:00:00,0.1760631970260223,0.0484256505576208,0.0071208178438661,0.0,0.0,0.0039721189591078,0.0129609665427509,0.0026858736059479,0.0,0.0
2015-03-17 05:00:00,0.1700355140186916,0.0478747663551401,0.0349009345794392,0.0,0.0,0.0039495327102803,0.0120785046728971,0.0023121495327102,0.0,0.0
2015-03-17 06:00:00,0.3550444444444444,0.030524074074074,0.029787037037037,0.0,0.0,0.0207648148148148,0.0094074074074074,0.0021425925925925,0.1555333333333333,0.0
2015-03-17 07:00:00,0.5503494423791822,0.0267434944237918,0.0340762081784386,0.0,0.0,0.0280762081784386,0.0101802973977695,0.0852156133828996,0.226135687732342,0.0
2015-03-17 08:00:00,0.3199794392523364,0.0382878504672897,0.015826168224299,0.0,0.0,0.0489102803738317,0.0089121495327102,0.0485626168224299,0.0,0.0
2015-03-17 09:00:00,0.3432779850746268,0.0479029850746268,0.0244645522388059,0.0,0.0,0.0509123134328358,0.0096417910447761,0.0021175373134328,0.1009141791044776,0.0
2015-03-17 10:00:00,0.7831399253731344,0.0480298507462686,0.0396548507462686,0.0,0.4095746268656716,0.045151119402985,0.0080055970149253,0.0021194029850746,0.084115671641791,0.0
2015-03-17 11:00:00,0.5810261194029851,0.0495783582089552,0.0254720149253731,0.0,0.0695018656716418,0.039776119402985,0.009070895522388,0.0021529850746268,0.1135223880597015,0.0
2015-03-17 12:00:00,0.3507485928705441,0.050390243902439,0.0212889305816135,0.0,0.0,0.0300656660412757,0.007859287054409,0.0021988742964352,0.1562926829268292,0.0
2015-03-17 13:00:00,0.2929080675422139,0.0510881801125703,0.0237973733583489,0.0,0.0,0.0045947467166979,0.0123302063789868,0.00206191369606,0.111108818011257,0.0
2015-03-17 14:00:00,0.2922467532467532,0.0493376623376623,0.038747680890538,0.0,0.0,0.0356326530612244,0.0119907235621521,0.0021187384044526,0.0719183673469387,0.0
2015-03-17 15:00:00,1.4258256029684602,0.0336233766233766,0.037,0.0,0.0,0.0417532467532467,0.0121150278293135,0.0021020408163265,0.0837309833024118,0.0
2015-03-17 16:00:00,1.3535519848771267,0.0342911153119092,0.0024744801512287,0.0,0.0,0.0491077504725897,0.0119962192816635,0.0020642722117202,0.0731455576559546,0.0
2015-03-17 17:00:00,2.066696252465483,0.040422090729783,0.0435956607495069,0.0,0.0,0.0260473372781065,0.0374063116370808,0.0020019723865877,0.0,0.0
2015-03-17 18:00:00,1.7725266821345709,0.0522157772621809,0.0343480278422273,0.0,0.0,0.0340626450116009,0.0347587006960556,0.0020255220417633,0.0884431554524362,0.0
2015-03-17 19:00:00,0.5016244019138756,0.0507822966507177,0.0332464114832535,0.0,0.0,0.01388995215311,0.0250645933014354,0.0020406698564593,0.1806866028708134,0.0
2015-03-17 20:00:00,0.40840589569161,0.0494058956916099,0.0282721088435374,0.0,0.0,0.0250884353741496,0.0188956916099773,0.0020408163265306,0.0,0.0
2015-03-17 21:00:00,0.3392135306553911,0.048522198731501,0.0288435517970401,0.0,0.0,0.0224524312896405,0.0162663847780126,0.0020993657505285,0.0,0.0007610993657505
2015-03-17 22:00:00,0.4305520833333333,0.04786875,0.0353854166666666,0.0,0.0,0.0227083333333333,0.01100625,0.0021520833333333,0.09251875,0.0
2015-03-17 23:00:00,0.187554,0.044494,0.0237199999999999,0.0,0.0,0.006614,0.011108,0.002284,0.0,0.0
2015-03-18 00:00:00,0.1526540642722117,0.0273950850661625,0.0338223062381852,0.0,0.0,0.003930056710775,0.0166578449905482,0.0020869565217391,0.0,0.0
2015-03-18 01:00:00,0.1467798861480076,0.0258500948766603,0.0350208728652751,0.0,0.0,0.0039335863377609,0.0118292220113852,0.0020569259962049,0.0,0.0
2015-03-18 02:00:00,0.1579433962264151,0.045054716981132,0.0363471698113207,0.0,0.0,0.0039603773584905,0.0110867924528301,0.0022754716981132,0.0,0.0
2015-03-18 03:00:00,0.1612153558052434,0.0468670411985018,0.0349101123595505,0.0,0.0,0.0039588014981273,0.0136011235955056,0.002376404494382,0.0,0.0
2015-03-18 04:00:00,0.1575399239543726,0.0464410646387832,0.0132053231939163,0.0,0.0,0.0039562737642585,0.0153326996197718,0.0025,0.0,0.0
2015-03-18 05:00:00,0.1611463414634146,0.0458761726078799,0.0311876172607879,0.0,0.0,0.0039455909943714,0.0133058161350844,0.0022664165103189,0.0,0.0
2015-03-18 06:00:00,0.2169359698681732,0.0443465160075329,0.0425461393596986,0.0,0.0,0.0039491525423728,0.0132391713747645,0.0020960451977401,0.0,0.0
2015-03-18 07:00:00,0.6181188679245283,0.0440150943396226,0.0217528301886792,0.0,3.018867924528302e-05,0.0039566037735849,0.0122528301886792,0.0421528301886792,0.3210962264150943,0.0
2015-03-18 08:00:00,0.2877097378277153,0.0277378277153558,0.0164250936329588,0.0,0.0,0.0130299625468164,0.012067415730337,0.002005617977528,0.0766591760299625,0.0
2015-03-18 09:00:00,0.2104592592592592,0.0226222222222222,0.0348277777777777,0.0,0.0,0.0328888888888888,0.0119962962962962,0.0020074074074074,0.0,0.0
2015-03-18 10:00:00,0.3983314711359404,0.0380502793296089,0.03856052141527,0.0,0.0,0.0502513966480446,0.0119962756052141,0.0020353817504655,0.1045474860335195,0.0
2015-03-18 11:00:00,0.3536059479553903,0.0472434944237918,0.019131970260223,0.0,0.0,0.0428085501858736,0.012449814126394,0.002042750929368,0.0780687732342007,0.0
2015-03-18 12:00:00,0.2407323420074349,0.0479442379182156,0.0230501858736059,0.0,0.0,0.0368531598513011,0.0111765799256505,0.0020817843866171,0.0,0.0
2015-03-18 13:00:00,0.2140074349442379,0.0498736059479553,0.0430334572490706,0.0,0.0145130111524163,0.0044776951672862,0.0111821561338289,0.0020576208178438,0.0,0.0
2015-03-18 14:00:00,0.4724738805970149,0.0505634328358209,0.0048003731343283,0.0,0.0,0.0264141791044776,0.0110914179104477,0.0020279850746268,0.2571044776119403,0.0
2015-03-18 15:00:00,0.2615457943925233,0.0510392523364486,0.0426672897196261,0.0,0.0,0.0421289719626168,0.0110841121495327,0.0020616822429906,0.0242990654205607,0.0
2015-03-18 16:00:00,1.3428819047619047,0.0515790476190476,0.0266247619047619,0.0,0.0,0.0454057142857142,0.01096,0.002,0.0,0.0
2015-03-18 17:00:00,1.05587624750499,0.0365169660678642,0.0133732534930139,0.0,0.0,0.0391177644710578,0.0122814371257485,0.002,0.0,0.0
2015-03-18 18:00:00,0.9046332665330662,0.0327174348697394,0.0351563126252505,0.0,0.000130260521042,0.0138356713426853,0.0110721442885771,0.0302044088176352,0.2155831663326653,0.0
2015-03-18 19:00:00,0.4794037267080745,0.0327101449275362,0.0331407867494824,0.0,0.0,0.0165942028985507,0.0318405797101449,0.1089503105590062,0.0372049689440993,0.0
2015-03-18 20:00:00,0.3339814814814815,0.0502469135802469,0.0292654320987654,0.0,0.0,0.0227695473251028,0.0473888888888888,0.0021275720164609,0.0,0.0
2015-03-18 21:00:00,0.3057020833333334,0.05149375,0.0137708333333333,0.0,0.0,0.0133041666666666,0.0472458333333333,0.0021895833333333,0.0,0.0
2015-03-18 22:00:00,0.3968099173553719,0.0500888429752066,0.031547520661157,0.0,0.0,0.0130867768595041,0.0315392561983471,0.0023347107438016,0.105349173553719,0.0
2015-03-18 23:00:00,0.1898403846153846,0.0502557692307692,0.036426923076923,0.0,0.0,0.0039846153846153,0.0148384615384615,0.0024673076923076,0.0,0.0
2015-03-19 00:00:00,0.1851726078799249,0.0489568480300187,0.038686679174484,0.0,0.0001801125703564,0.0039943714821763,0.0106697936210131,0.0026153846153846,0.0,0.0
2015-03-19 01:00:00,0.1575578358208955,0.0479347014925373,0.0083264925373134,0.0,0.0,0.0039869402985074,0.0098451492537313,0.0026585820895522,0.0,0.0
2015-03-19 02:00:00,0.154191094619666,0.0402152133580704,0.033291280148423,0.0,0.0,0.0039777365491651,0.0103283858998144,0.0024025974025974,0.0,0.0
2015-03-19 03:00:00,0.1608526119402985,0.0299235074626865,0.0444421641791044,0.0,0.0,0.003981343283582,0.012990671641791,0.0023638059701492,0.0,0.0
2015-03-19 04:00:00,0.1427746741154562,0.0280316573556797,1.8621973929236496e-06,0.0,0.0,0.0039813780260707,0.0150707635009311,0.0026163873370577,0.0,0.0
2015-03-19 05:00:00,0.176463687150838,0.0452085661080074,0.0442048417132216,0.0,0.0066741154562383,0.0039851024208566,0.012584729981378,0.0022942271880819,0.0,0.0
2015-03-19 06:00:00,0.2987907407407407,0.0476388888888888,0.0160333333333333,0.0,0.0,0.0039851851851851,0.0105703703703703,0.0022314814814814,0.1068314814814814,0.0
2015-03-19 07:00:00,0.6974710280373831,0.0493439252336448,0.0149570093457943,0.0,1.1214953271028036e-05,0.0039738317757009,0.0089663551401869,0.1147644859813084,0.3383700934579439,0.0
2015-03-19 08:00:00,0.3005479704797048,0.0471273062730627,0.0297177121771217,0.0,0.0,0.0216070110701107,0.0090369003690036,0.0020018450184501,0.0111531365313653,0.0
2015-03-19 09:00:00,0.190899814471243,0.0488831168831168,0.0317588126159554,0.0,0.0,0.0202560296846011,0.0079406307977736,0.0021057513914656,0.0,0.0
2015-03-19 10:00:00,0.2240766355140187,0.0491457943925233,0.0,0.0,3.738317757009346e-06,0.0201981308411214,0.0096747663551401,0.0022429906542056,0.0591588785046729,0.0
2015-03-19 11:00:00,0.2353602251407129,0.0489906191369606,0.0329849906191369,0.0,0.0,0.0338667917448405,0.0090750469043151,0.0020581613508442,0.0458011257035647,0.0
2015-03-19 12:00:00,0.2509587242026266,0.0488067542213883,0.0346829268292682,0.0,0.0,0.0434859287054409,0.0099174484052532,0.0020506566604127,7.5046904315197e-06,0.0
2015-03-19 13:00:00,0.6641484230055659,0.035660482374768,0.0001298701298701,0.0,0.0,0.0241929499072356,0.0097569573283859,0.0021354359925788,0.1704285714285714,0.0
2015-03-19 14:00:00,0.19868156424581,0.0373277467411545,0.0344711359404096,0.0,0.0,0.0431117318435754,0.0086834264432029,0.0020912476722532,0.0,0.0
2015-03-19 15:00:00,0.9654906716417913,0.0330951492537313,0.0271809701492537,0.0,0.0,0.0428824626865671,0.009820895522388,0.0020391791044776,0.1441361940298507,0.0
2015-03-19 16:00:00,1.3275570342205325,0.0459334600760456,0.0108802281368821,0.0,0.0,0.0318346007604562,0.0093403041825095,0.0020038022813688,0.0,0.0
2015-03-19 17:00:00,1.5592874015748033,0.0514665354330708,0.0338700787401574,0.0,0.0,0.0235905511811023,0.0094055118110236,0.002009842519685,0.3343543307086614,0.0
2015-03-19 18:00:00,0.5308509316770186,0.0502298136645962,0.0354037267080745,0.0,0.0,0.0138654244306418,0.0100414078674948,0.0020414078674948,0.0859668737060041,0.0
2015-03-19 19:00:00,0.4638649789029536,0.0503670886075949,0.034886075949367,0.0,0.0054008438818565,0.0206223628691983,0.017386075949367,0.002084388185654,0.0673565400843881,0.0
2015-03-19 20:00:00,0.4118371607515657,0.0500688935281837,0.0300354906054279,0.0,0.0,0.021321503131524,0.0362359081419624,0.0022212943632567,0.0,0.0
2015-03-19 21:00:00,0.4123,0.0501645833333333,0.0187937499999999,0.0,0.0,0.0133395833333333,0.0367916666666666,0.0023166666666666,0.0,0.0031520833333333
2015-03-19 22:00:00,0.4635145833333333,0.0492645833333333,0.0187624999999999,0.0,0.0,0.0257375,0.0364895833333333,0.0022791666666666,0.1163958333333333,0.0
2015-03-19 23:00:00,0.1698924302788844,0.0340199203187251,0.0365139442231075,0.0,0.0,0.0048486055776892,0.0083685258964143,0.0024960159362549,0.0,0.0
2015-03-20 00:00:00,0.152484555984556,0.0309111969111969,0.02803861003861,0.0,0.0,0.0039864864864864,0.0107432432432432,0.0023011583011583,0.0,0.0
2015-03-20 01:00:00,0.1517360594795539,0.0359516728624535,0.0293289962825278,0.0,0.0,0.0039851301115241,0.0085706319702602,0.0021691449814126,0.0,0.0
2015-03-20 02:00:00,0.1559813084112149,0.0478728971962616,0.0043233644859813,0.0,0.0,0.0039850467289719,0.0093869158878504,0.0023364485981308,0.0,0.0
2015-03-20 03:00:00,0.1808534322820037,0.0479239332096474,0.0323933209647495,0.0,0.0,0.0039795918367346,0.0111205936920222,0.0025231910946196,0.0,0.0
2015-03-20 04:00:00,0.1816642066420664,0.0477730627306273,0.0335516605166051,0.0,0.0,0.003990774907749,0.0114446494464944,0.0026291512915129,0.0,0.0
2015-03-20 05:00:00,0.1589060773480663,0.0483977900552486,0.0102099447513812,0.0,0.0,0.0039963167587476,0.0104622467771639,0.0023793738489871,0.0,0.0
2015-03-20 06:00:00,0.3773698884758364,0.047539033457249,0.0238977695167286,0.0,0.0,0.0039795539033457,0.0080446096654275,0.0021728624535315,0.1732007434944238,0.0
2015-03-20 07:00:00,0.5187759259259259,0.0452,0.0334314814814814,0.0,0.0,0.0039611111111111,0.0080944444444444,0.0020111111111111,0.2940222222222222,0.0
2015-03-20 08:00:00,0.3025844155844155,0.0309443413729128,0.0397031539888682,0.0,0.0,0.0120111317254174,0.0083469387755102,0.0020408163265306,0.0274712430426716,0.0
2015-03-20 09:00:00,0.2114514925373134,0.0268470149253731,0.013070895522388,0.0,0.0,0.0423507462686567,0.0068507462686567,0.0020205223880597,0.0,0.0
2015-03-20 10:00:00,0.2336328413284133,0.0401328413284132,0.0184944649446494,0.0,0.0,0.0426328413284132,0.0087269372693726,0.0021881918819188,0.0,0.0
2015-03-20 11:00:00,0.3077884972170686,0.0496400742115027,0.0356660482374768,0.0,0.0,0.0321539888682745,0.0111669758812615,0.0022282003710575,0.0897124304267161,0.0
2015-03-20 12:00:00,2.25380073800738,0.0510110701107011,0.0196254612546125,0.0,0.0,0.0333450184501845,0.0109963099630996,0.0022250922509225,0.0,0.0
2015-03-20 13:00:00,0.1644388888888888,0.0535981481481481,0.0147074074074074,0.0,0.0,0.0045611111111111,0.0110944444444444,0.0023407407407407,0.0,0.0
2015-03-20 14:00:00,1.1122992565055765,0.0554219330855018,0.0341598513011152,0.0,0.0,0.0269591078066914,0.0121877323420074,0.0022602230483271,0.1016635687732342,0.0
2015-03-20 15:00:00,0.2231645101663585,0.0567467652495378,0.0158927911275415,0.0,0.0,0.0428687615526802,0.012079482439926,0.0022476894639556,0.0,0.0
2015-03-20 16:00:00,0.2709313543599257,0.0496827458256029,0.018482374768089,0.0,0.0001038961038961,0.0420853432282003,0.0120111317254174,0.0051632653061224,0.0,0.0
2015-03-20 17:00:00,0.3652843866171004,0.0376226765799256,0.0316152416356877,0.0,0.0,0.0299981412639405,0.0114237918215613,0.0020669144981412,0.1100241635687732,0.0
2015-03-20 18:00:00,0.2870503731343283,0.0371641791044776,0.0395130597014925,0.0,5.597014925373134e-06,0.006901119402985,0.0110391791044776,0.0020111940298507,5.970149253731344e-05,0.0
2015-03-20 19:00:00,3.785033707865169,0.0444494382022471,0.0353988764044943,0.0,0.0,0.0136629213483146,0.0166029962546816,0.0020149812734082,0.0,0.0
2015-03-20 20:00:00,0.3795202312138728,0.0551387283236994,0.0368323699421965,0.0,0.0,0.0131021194605009,0.0136801541425818,0.0021830443159922,0.069635838150289,0.0
2015-03-20 21:00:00,0.3875634615384615,0.0539692307692307,0.0198346153846153,0.0,0.0,0.0130634615384615,0.0472846153846153,0.0020961538461538,0.0,0.0002711538461538
2015-03-20 22:00:00,0.3696628571428571,0.0542990476190476,0.0182285714285714,0.0,0.0,0.01308,0.0460342857142857,0.0021580952380952,0.0397657142857142,0.0
2015-03-20 23:00:00,0.2160093632958801,0.0539082397003745,0.0342958801498127,0.0,0.0,0.0140486891385767,0.0110561797752809,0.0022790262172284,0.0,0.0
2015-03-21 00:00:00,0.1765167910447761,0.0536324626865671,0.0377294776119402,0.0,0.0,0.0039608208955223,0.0128190298507462,0.002625,0.0,0.0
2015-03-21 01:00:00,0.1708513011152416,0.0362955390334572,0.0308308550185873,0.0,0.0,0.0038996282527881,0.0146579925650557,0.0025706319702602,0.0,0.0
2015-03-21 02:00:00,0.1504569288389513,0.0321198501872659,0.0096086142322097,0.0,0.0,0.0039325842696629,0.0112677902621722,0.0025449438202247,0.0,0.0
2015-03-21 03:00:00,0.1736921641791045,0.0380559701492537,0.0412201492537313,0.0,0.0,0.0039440298507462,0.012070895522388,0.0026082089552238,0.0,0.0
2015-03-21 04:00:00,0.1679925233644859,0.0518728971962616,0.0350579439252336,0.0,0.0,0.0039158878504672,0.0138093457943925,0.0026560747663551,0.0,0.0
2015-03-21 05:00:00,0.1623836126629423,0.0511005586592178,0.0059422718808193,0.0,0.0,0.0039385474860335,0.0167150837988826,0.0024096834264432,0.0,0.0
2015-03-21 06:00:00,0.1795065420560747,0.0511626168224299,0.0324504672897196,0.0,0.0,0.0039102803738317,0.0179850467289719,0.0021831775700934,0.0,0.0
2015-03-21 07:00:00,0.493396261682243,0.0513252336448598,0.031003738317757,0.0,0.0,0.0039476635514018,0.0699869158878504,0.0022841121495327,0.1702485981308411,0.0
2015-03-21 08:00:00,0.3622532588454376,0.0501545623836126,0.0228398510242085,0.0,0.0,0.0039273743016759,0.0642197392923649,0.0020744878957169,0.0580707635009311,0.0
2015-03-21 09:00:00,1.082361266294227,0.0349348230912476,0.0258882681564245,0.0,0.5518361266294227,0.0039031657355679,0.011729981378026,0.0020446927374301,0.232877094972067,0.0
2015-03-21 10:00:00,0.1769102803738317,0.0300523364485981,0.0213065420560747,0.0,0.0087476635514018,0.0039271028037383,0.0087121495327102,0.0021925233644859,0.0,0.0
2015-03-21 11:00:00,0.7322583643122677,0.0366524163568773,0.0366895910780669,0.0,0.2018494423791821,0.0039144981412639,0.0095446096654275,0.002089219330855,0.0,0.0
2015-03-21 12:00:00,0.4914514925373134,0.0518768656716417,0.0470167910447761,0.0,0.0568600746268656,0.0039179104477611,0.013035447761194,0.0023022388059701,0.1497220149253731,0.0
2015-03-21 13:00:00,1.869843866171004,0.0528475836431226,0.0310985130111524,0.881581784386617,0.0,0.0039126394052044,0.0121988847583643,0.0231059479553903,0.1822881040892193,0.0
2015-03-21 14:00:00,1.947239776951673,0.0580501858736059,0.0453271375464684,0.1526951672862453,0.0,0.0038996282527881,0.0120297397769516,0.0021672862453531,0.0165185873605948,0.0
2015-03-21 15:00:00,1.5872137546468403,0.0574330855018587,0.0345241635687732,0.0,0.0,0.0174702602230483,0.067496282527881,0.0023624535315985,0.081903345724907,0.0
2015-03-21 16:00:00,1.3494089219330856,0.0550669144981412,0.0389144981412639,0.0,0.0,0.0151375464684014,0.0215148698884758,0.0020706319702602,0.1037342007434944,0.0
2015-03-21 17:00:00,1.3000241187384045,0.0437087198515769,0.0323246753246753,0.0,0.003799628942486,0.004430426716141,0.0774471243042671,0.0020278293135435,0.2091929499072356,0.0
2015-03-21 18:00:00,0.489,0.0333794392523364,0.0388915887850467,0.0,0.0,0.0043906542056074,0.0785663551401869,0.0020560747663551,9.532710280373832e-05,0.0
2015-03-21 19:00:00,0.4901196261682243,0.0301383177570093,0.0449102803738317,0.0,0.0,0.0039962616822429,0.0632317757009345,0.0020018691588785,0.0991570093457944,0.0
2015-03-21 20:00:00,0.5054805194805195,0.0525844155844155,0.0369536178107606,0.0,0.0,0.0039962894248608,0.072799628942486,0.0026029684601113,0.0827458256029684,0.0
2015-03-21 21:00:00,0.5251691729323309,0.0522180451127819,0.0340977443609022,0.0,0.0009624060150375,0.0076823308270676,0.0506146616541353,0.0024943609022556,0.0612443609022556,0.0002593984962406
2015-03-21 22:00:00,0.2089235181644359,0.0517323135755258,0.0301032504780114,0.0,0.0,0.0059732313575525,0.0118183556405353,0.002227533460803,0.0,0.0
2015-03-21 23:00:00,0.1735074906367041,0.0527883895131086,0.0323295880149812,0.0,0.0,0.0039737827715355,0.0102415730337078,0.0024325842696629,0.0,0.0
2015-03-22 00:00:00,0.1808992537313433,0.0521138059701492,0.0286343283582089,0.0,0.0,0.003981343283582,0.0116399253731343,0.0024832089552238,0.0,0.0
2015-03-22 01:00:00,0.1697063197026022,0.0456245353159851,0.024224907063197,0.0,0.0,0.0039758364312267,0.0094107806691449,0.0027453531598513,0.0,0.0
2015-03-22 02:00:00,0.1475666666666666,0.031574074074074,0.0225833333333333,0.0,0.0,0.0039759259259259,0.0090703703703703,0.0060722222222222,0.0,0.0
2015-03-22 03:00:00,0.1603899253731343,0.0299160447761194,0.033445895522388,0.0,0.0,0.0039757462686567,0.013356343283582,0.0024272388059701,0.0,0.0
2015-03-22 04:00:00,0.1640222634508348,0.047430426716141,0.0426141001855287,0.0,0.0,0.0039851576994434,0.0140742115027829,0.0025510204081632,0.0,0.0
2015-03-22 05:00:00,0.1570112570356472,0.0511894934333958,0.0167767354596622,0.0,0.0,0.0039906191369606,0.0102607879924953,0.0028611632270168,0.0,0.0
2015-03-22 06:00:00,0.158496282527881,0.0505334572490706,0.0212397769516728,0.0,0.0,0.0039795539033457,0.0094293680297397,0.0021579925650557,0.0,0.0
2015-03-22 07:00:00,1.2371585820895523,0.0494309701492537,0.0398805970149253,0.0,0.0,0.0039832089552238,0.0097593283582089,0.0020335820895522,0.2225466417910447,0.0
2015-03-22 08:00:00,0.2061736111111111,0.0,0.0005555555555555,0.0,0.0,0.0040277777777777,0.0085277777777777,0.0165625,0.0,0.0
2015-03-22 09:00:00,,,,,,,,,,
2015-03-22 10:00:00,,,,,,,,,,
2015-03-22 11:00:00,,,,,,,,,,
2015-03-22 12:00:00,,,,,,,,,,
2015-03-22 13:00:00,,,,,,,,,,
2015-03-22 14:00:00,,,,,,,,,,
2015-03-22 15:00:00,,,,,,,,,,
2015-03-22 16:00:00,,,,,,,,,,
2015-03-22 17:00:00,,,,,,,,,,
2015-03-22 18:00:00,,,,,,,,,,
2015-03-22 19:00:00,,,,,,,,,,
2015-03-22 20:00:00,,,,,,,,,,
2015-03-22 21:00:00,,,,,,,,,,
2015-03-22 22:00:00,,,,,,,,,,
2015-03-22 23:00:00,,,,,,,,,,
2015-03-23 00:00:00,,,,,,,,,,
2015-03-23 01:00:00,,,,,,,,,,
2015-03-23 02:00:00,,,,,,,,,,
2015-03-23 03:00:00,,,,,,,,,,
2015-03-23 04:00:00,,,,,,,,,,
2015-03-23 05:00:00,,,,,,,,,,
2015-03-23 06:00:00,,,,,,,,,,
2015-03-23 07:00:00,,,,,,,,,,
2015-03-23 08:00:00,,,,,,,,,,
2015-03-23 09:00:00,,,,,,,,,,
2015-03-23 10:00:00,,,,,,,,,,
2015-03-23 11:00:00,,,,,,,,,,
2015-03-23 12:00:00,,,,,,,,,,
2015-03-23 13:00:00,,,,,,,,,,
2015-03-23 14:00:00,,,,,,,,,,
2015-03-23 15:00:00,,,,,,,,,,
2015-03-23 16:00:00,,,,,,,,,,
2015-03-23 17:00:00,,,,,,,,,,
2015-03-23 18:00:00,,,,,,,,,,
2015-03-23 19:00:00,,,,,,,,,,
2015-03-23 20:00:00,,,,,,,,,,
2015-03-23 21:00:00,,,,,,,,,,
2015-03-23 22:00:00,,,,,,,,,,
2015-03-23 23:00:00,,,,,,,,,,
2015-03-24 00:00:00,,,,,,,,,,
2015-03-24 01:00:00,,,,,,,,,,
2015-03-24 02:00:00,,,,,,,,,,
2015-03-24 03:00:00,,,,,,,,,,
2015-03-24 04:00:00,,,,,,,,,,
2015-03-24 05:00:00,,,,,,,,,,
2015-03-24 06:00:00,,,,,,,,,,
2015-03-24 07:00:00,,,,,,,,,,
2015-03-24 08:00:00,,,,,,,,,,
2015-03-24 09:00:00,,,,,,,,,,
2015-03-24 10:00:00,,,,,,,,,,
2015-03-24 11:00:00,,,,,,,,,,
2015-03-24 12:00:00,,,,,,,,,,
2015-03-24 13:00:00,,,,,,,,,,
2015-03-24 14:00:00,,,,,,,,,,
2015-03-24 15:00:00,3.130844311377245,0.0302574850299401,0.0705149700598802,0.0,3.5928143712574846e-05,0.0405928143712574,0.0119700598802395,0.0019970059880239,0.0,0.0
2015-03-24 16:00:00,0.3727657992565056,0.0350037174721189,0.0053215613382899,0.0,0.0,0.0357063197026022,0.0120353159851301,0.0020130111524163,0.1099442379182156,0.0
2015-03-24 17:00:00,0.5756753731343283,0.0542388059701492,0.0346809701492537,0.0,0.0,0.0140559701492537,0.0117947761194029,0.0020690298507462,0.0,0.0068078358208955
2015-03-24 18:00:00,0.9077692307692308,0.0540731707317073,0.0381050656660412,0.0,0.0002307692307692,0.0044821763602251,0.0113208255159474,0.0652251407129455,0.1887148217636022,0.0068105065666041
2015-03-24 19:00:00,0.3798154425612052,0.052593220338983,0.031,0.0,0.0,0.0078738229755178,0.045291902071563,0.0020056497175141,0.0115743879472693,0.0068832391713747
2015-03-24 20:00:00,0.3713817504655494,0.0512364990689013,0.0278342644320297,0.0,0.0004767225325884,0.0131135940409683,0.0126312849162011,0.0021378026070763,0.0,0.0069329608938547
2015-03-24 21:00:00,0.4043097014925373,0.0513768656716417,0.0316809701492537,0.0,0.0,0.0130932835820895,0.0579888059701492,0.0020559701492537,0.0,0.0027164179104477
2015-03-24 22:00:00,0.3935009345794393,0.0335495327102803,0.0320822429906542,0.0,0.0,0.0149831775700934,0.0643383177570093,0.0020803738317757,0.0608934579439252,0.0
2015-03-24 23:00:00,0.1536654205607476,0.0266878504672897,0.0330448598130841,0.0,0.0,0.0039813084112149,0.0175345794392523,0.0025626168224299,0.0,0.0
2015-03-25 00:00:00,0.1599421641791044,0.0400597014925373,0.0372388059701492,0.0,0.0,0.0039720149253731,0.0177425373134328,0.0026044776119402,0.0,0.0
2015-03-25 01:00:00,0.1560112570356472,0.0484183864915572,0.0217448405253283,0.0,0.0,0.0039812382739212,0.0115290806754221,0.0024540337711069,0.0,0.0
2015-03-25 02:00:00,0.1563595505617977,0.0470786516853932,0.017065543071161,0.0,0.0,0.0073333333333333,0.0109531835205992,0.0026348314606741,0.0,0.0
2015-03-25 03:00:00,0.1793102803738317,0.0468616822429906,0.0405663551401869,0.0,0.0,0.0041588785046728,0.015411214953271,0.0025028037383177,0.0,0.0
2015-03-25 04:00:00,0.1707755102040816,0.0466586270871985,0.0243654916512059,0.0,0.0,0.0039814471243042,0.0153654916512059,0.002178107606679,0.0,0.0
2015-03-25 05:00:00,0.1503936567164179,0.0424309701492537,0.0192238805970149,0.0,0.0,0.003981343283582,0.0117481343283582,0.0021940298507462,0.0,0.0
2015-03-25 06:00:00,0.1845299625468164,0.021940074906367,0.036314606741573,0.0,0.0,0.0039831460674157,0.0132921348314606,0.0020823970037453,0.0,0.0
2015-03-25 07:00:00,2.3946691449814126,0.0268624535315985,0.0295055762081784,0.0,0.0,0.0050446096654275,0.0095724907063197,0.0020167286245353,0.3069739776951672,0.0
2015-03-25 08:00:00,0.2913499079189687,0.0452062615101289,0.0143756906077348,0.0,0.0,0.0216151012891344,0.0093333333333333,0.0020018416206261,0.0,0.0
2015-03-25 09:00:00,0.2704672897196262,0.0471850467289719,0.0235289719626168,0.0,0.0019140186915887,0.0299476635514018,0.0094130841121495,0.002011214953271,0.0,0.0
2015-03-25 10:00:00,0.2977696629213483,0.0482621722846441,0.0348558052434456,0.0,0.0,0.0409026217228464,0.0089456928838951,0.0020074906367041,0.0,0.0
2015-03-25 11:00:00,0.5895187265917603,0.0498277153558052,0.0386797752808988,0.0,0.0,0.0395168539325842,0.0134625468164794,0.0021404494382022,0.3071779026217228,0.0
2015-03-25 12:00:00,0.2535289719626168,0.0520654205607476,0.0019831775700934,0.0,0.0,0.0413196261682242,0.0111626168224299,0.0023028037383177,0.0,0.0
2015-03-25 13:00:00,0.1652411873840445,0.0451743970315398,0.0413024118738404,0.0,0.0056994434137291,0.007925788497217,0.0110111317254174,0.00252133580705,0.0,0.0
2015-03-25 14:00:00,0.1971308411214953,0.0324859813084112,0.0307140186915887,0.0,0.0005981308411214,0.0041308411214953,0.0112990654205607,0.0022560747663551,0.0330654205607476,0.0
2015-03-25 15:00:00,0.2922481343283582,0.0317350746268656,0.0135634328358208,0.0,0.0,0.0385279850746268,0.0661380597014925,0.0020167910447761,0.0553917910447761,0.0
2015-03-25 16:00:00,0.2773234750462107,0.0506155268022181,0.0308465804066543,0.0,0.0,0.0416931608133086,0.092800369685767,0.0023142329020332,0.0,0.0
2015-03-25 17:00:00,0.974540590405904,0.0544981549815498,0.0317232472324723,0.0,0.0,0.0188671586715867,0.0691531365313653,0.0020885608856088,0.0,0.0
2015-03-25 18:00:00,0.6369404096834265,0.0535549348230912,0.0339124767225325,0.0,0.0,0.0044171322160148,0.0189571694599627,0.0020446927374301,0.0420391061452513,0.0067094972067039
2015-03-25 19:00:00,0.4429289719626168,0.0525981308411215,0.0336878504672897,0.0,0.0,0.0086560747663551,0.018214953271028,0.002,0.1137532710280374,0.0069514018691588
2015-03-25 20:00:00,0.3790929368029739,0.05235687732342,0.0204368029739776,0.0,0.0,0.0282472118959107,0.0152732342007434,0.002131970260223,0.0,0.0069832713754646
2015-03-25 21:00:00,0.4181936090225564,0.0431109022556391,0.0166315789473684,0.0,0.0034887218045112,0.0131353383458646,0.0752800751879699,0.0021203007518796,0.0,0.0030657894736842
2015-03-25 22:00:00,0.4278011257035647,0.0290450281425891,0.0359774859287054,0.0,0.0012607879924953,0.0124258911819887,0.0387992495309568,0.0021069418386491,0.1476472795497185,0.0
2015-03-25 23:00:00,0.1551588785046729,0.0314018691588785,0.037629906542056,0.0,0.0,0.0039383177570093,0.0166317757009345,0.0022616822429906,0.0,0.0
2015-03-26 00:00:00,0.1629774859287054,0.0515647279549718,0.0267317073170731,0.0,0.0,0.0039399624765478,0.0114953095684803,0.002249530956848,0.0,0.0
2015-03-26 01:00:00,0.1564438202247191,0.0514681647940074,0.0124007490636704,0.0,0.0,0.0039232209737827,0.0108670411985018,0.0021966292134831,0.0,0.0
2015-03-26 02:00:00,0.1788432835820895,0.0516343283582089,0.038535447761194,0.0,0.0,0.0039514925373134,0.0084365671641791,0.0026361940298507,0.0,0.0
2015-03-26 03:00:00,0.1838202247191011,0.0517134831460674,0.0319438202247191,0.0,0.0,0.0039569288389513,0.012814606741573,0.0025318352059925,0.0,0.0
2015-03-26 04:00:00,0.1603383177570093,0.0501682242990654,0.0106485981308411,0.0,0.0,0.0039644859813084,0.0131121495327102,0.0022859813084112,0.0,0.0
2015-03-26 05:00:00,0.1471555555555555,0.027687037037037,0.0448166666666666,0.0,0.0,0.0039648148148148,0.009137037037037,0.0024259259259259,0.0,0.0
2015-03-26 06:00:00,0.3067583025830258,0.0250664206642066,0.0021328413284132,0.0,0.0,0.0039630996309963,0.0075498154981549,0.0023210332103321,0.143739852398524,0.0
2015-03-26 07:00:00,0.4358845437616387,0.0497467411545623,0.0364581005586592,0.0,0.0,0.0060614525139664,0.0060335195530726,0.0021117318435754,0.1142811918063314,0.0
2015-03-26 08:00:00,0.350108,0.054446,0.038612,0.0,0.0,0.035074,0.007244,0.002038,0.0,0.0
2015-03-26 09:00:00,0.2234168514412416,0.0613148558758314,0.0350399113082039,0.0,0.0,0.0432838137472283,0.0097427937915742,0.0020487804878048,0.0,0.0
2015-03-26 10:00:00,0.2108239436619718,0.0610281690140845,0.0075774647887323,0.0,0.0,0.046762910798122,0.0136009389671361,0.0020305164319248,0.0,0.0
2015-03-26 11:00:00,,,,,,,,,,
2015-03-26 12:00:00,,,,,,,,,,
2015-03-26 13:00:00,,,,,,,,,,
2015-03-26 14:00:00,,,,,,,,,,
2015-03-26 15:00:00,0.174881081081081,0.0,0.0696918918918918,0.0,0.0,0.0442756756756756,0.0110054054054054,0.0020864864864864,0.0,0.0
2015-03-26 16:00:00,0.2108661710037175,0.0554237918215613,0.019585501858736,0.0,0.0,0.0427453531598513,0.0131189591078066,0.0020780669144981,0.0,0.0
2015-03-26 17:00:00,0.4404194756554307,0.0549007490636704,0.0435543071161048,0.0,0.0,0.0352808988764044,0.0120168539325842,0.0020280898876404,0.1777640449438202,0.0
2015-03-26 18:00:00,0.3742960893854749,0.0547318435754189,0.0327877094972067,0.0,4.46927374301676e-05,0.0040446927374301,0.0121899441340782,0.0178454376163873,0.1036666666666666,0.0
2015-03-26 19:00:00,0.323954802259887,0.0481167608286252,0.0199171374764595,0.0,0.0019284369114877,0.0090772128060263,0.0164293785310734,0.0020508474576271,0.0111864406779661,0.0
2015-03-26 20:00:00,0.363011214953271,0.030029906542056,0.0198467289719626,0.0,0.0031850467289719,0.0368018691588785,0.0393682242990654,0.002033644859813,0.0,0.0
2015-03-26 21:00:00,0.4004440298507463,0.0274570895522388,0.0244869402985074,0.0,0.0,0.015231343283582,0.067606343283582,0.0020932835820895,0.0,0.0007985074626865
2015-03-26 22:00:00,0.4659475655430711,0.0513239700374531,0.0358089887640449,0.0,0.0,0.0158632958801498,0.0576666666666666,0.0023988764044943,0.0748333333333333,0.0
2015-03-26 23:00:00,0.1791355932203389,0.048683615819209,0.032668549905838,0.0,0.0,0.0072015065913371,0.0110395480225988,0.0020056497175141,0.0,0.0
2015-03-27 00:00:00,0.176187617260788,0.0503996247654784,0.0334484052532833,0.0,0.0,0.0039756097560975,0.0154934333958724,0.0021575984990619,0.0,0.0
2015-03-27 01:00:00,0.1665805243445693,0.0500318352059925,0.0284812734082397,0.0,0.0,0.0039812734082397,0.0117284644194756,0.0020580524344569,0.0,0.0
2015-03-27 02:00:00,0.1556710526315789,0.0501766917293233,0.0113233082706766,0.0,0.0,0.0039906015037593,0.0134022556390977,0.0021973684210526,0.0,0.0
2015-03-27 03:00:00,0.1525999999999999,0.0353869158878504,0.0344560747663551,0.0,0.0,0.0039850467289719,0.0159271028037383,0.0028691588785046,0.0,0.0
2015-03-27 04:00:00,0.1462160148975791,0.0241396648044692,0.0447467411545623,0.0,0.0,0.0039757914338919,0.0163985102420856,0.0028994413407821,0.0,0.0
2015-03-27 05:00:00,0.1405642458100558,0.0356387337057728,0.004804469273743,0.0,0.0,0.0039795158286778,0.0118230912476722,0.0022290502793296,0.0,0.0
2015-03-27 06:00:00,2.4421214953271027,0.0473607476635514,0.0361644859813084,0.0,0.0,0.0039906542056074,0.0110056074766355,0.0022411214953271,0.1192859813084112,0.0
2015-03-27 07:00:00,0.4450670391061452,0.0469385474860335,0.0400949720670391,0.0,0.0,0.0040037243947858,0.0109906890130353,0.0020279329608938,0.1942905027932961,0.0
2015-03-27 08:00:00,0.9098864059590316,0.0476163873370577,0.0146163873370577,0.0,0.4166722532588454,0.0200949720670391,0.0125437616387337,0.0020037243947858,0.0241601489757914,0.0
2015-03-27 09:00:00,0.3201873840445269,0.0477643784786641,0.0171799628942486,0.0,0.0319814471243042,0.0418701298701298,0.0112003710575139,0.0020055658627087,0.0,0.0
2015-03-27 10:00:00,0.3715479704797048,0.050490774907749,0.0360129151291512,0.0,0.0,0.0414852398523985,0.0108339483394833,0.0020036900369003,0.0836918819188192,0.0
2015-03-27 11:00:00,0.2312207792207792,0.042647495361781,0.0321298701298701,0.0,0.0,0.0412690166975881,0.0112541743970315,0.0020575139146567,0.0,0.0
2015-03-27 12:00:00,0.1970018552875695,0.032660482374768,0.0223506493506493,0.0,0.0,0.0408571428571428,0.011012987012987,0.0020055658627087,0.0,0.0
2015-03-27 13:00:00,0.1648074074074074,0.0330259259259259,0.0181518518518518,0.0,0.0,0.0103148148148148,0.0111222222222222,0.0020259259259259,0.0,0.0
2015-03-27 14:00:00,0.2597177121771217,0.0513653136531365,0.0420774907749077,0.0,0.0,0.0048985239852398,0.0127841328413284,0.0020129151291512,0.0933247232472324,0.0
2015-03-27 15:00:00,0.9051966604823748,0.0555677179962894,0.0208812615955473,0.0,0.0,0.0421354359925788,0.01130426716141,0.0020797773654916,0.205660482374768,0.0
2015-03-27 16:00:00,1.0398882681564243,0.0556945996275605,0.0220428305400372,0.0,0.0,0.0415232774674115,0.0110931098696461,0.002022346368715,0.0,0.0
2015-03-27 17:00:00,1.0146466165413537,0.0563101503759398,0.032734962406015,0.0,0.0,0.0425075187969924,0.0566522556390977,0.0020526315789473,0.0,0.0
2015-03-27 18:00:00,0.5741067415730337,0.0561535580524344,0.0353895131086142,0.0,6.554307116104868e-05,0.0062958801498127,0.0190131086142322,0.0460187265917602,0.083192883895131,0.0
2015-03-27 19:00:00,2.7025936329588016,0.0558352059925093,0.0315992509363295,0.0,0.0,0.0122228464419475,0.0190224719101123,0.002001872659176,0.0646966292134831,0.0
2015-03-27 20:00:00,0.3118217636022514,0.0420712945590994,0.0319587242026266,0.0,0.0,0.0284108818011257,0.020311444652908,0.0020281425891181,0.0,0.0
2015-03-27 21:00:00,0.4828361904761905,0.0347238095238095,0.0322495238095238,0.0,0.0,0.0131085714285714,0.0753390476190476,0.0022190476190476,0.0911580952380952,0.0
2015-03-27 22:00:00,0.3480018796992481,0.0320413533834586,0.033843984962406,0.0,0.0,0.0148157894736842,0.0657631578947368,0.0021484962406015,0.0,0.0
2015-03-27 23:00:00,0.1801380597014925,0.0533694029850746,0.0312667910447761,0.0,0.0,0.0105317164179104,0.011115671641791,0.0023973880597014,0.0,0.0
2015-03-28 00:00:00,0.165376404494382,0.053067415730337,0.0194794007490636,0.0,0.0,0.006631086142322,0.0144456928838951,0.0027228464419475,0.0,0.0
2015-03-28 01:00:00,0.1632788104089219,0.0538698884758364,0.0173401486988847,0.0,0.0,0.0065817843866171,0.0133736059479553,0.0024888475836431,0.0,0.0
2015-03-28 02:00:00,0.1718724202626641,0.0539193245778611,0.0357898686679174,0.0,0.0,0.0066153846153846,0.0093452157598499,0.002545966228893,0.0,0.0
2015-03-28 03:00:00,0.1895597014925373,0.0542201492537313,0.043106343283582,0.0,0.0,0.0065932835820895,0.0134738805970149,0.0026399253731343,0.0,0.0
2015-03-28 04:00:00,0.1802859813084112,0.048814953271028,0.0229009345794392,0.0,0.0,0.006614953271028,0.0136953271028037,0.0026093457943925,0.0,0.0
2015-03-28 05:00:00,0.1550037313432836,0.0335597014925373,0.0164664179104477,0.0,0.0,0.0067369402985074,0.0164794776119402,0.0025690298507462,0.0,0.0
2015-03-28 06:00:00,0.316087037037037,0.0327555555555555,0.0286407407407407,0.0,0.0,0.0067851851851851,0.0154722222222222,0.0021407407407407,0.1601129629629629,0.0
2015-03-28 07:00:00,0.3007401869158879,0.051426168224299,0.0387364485981308,0.0,0.0,0.0067925233644859,0.0523626168224299,0.0023551401869158,0.0,0.0
2015-03-28 08:00:00,0.4479441340782123,0.057461824953445,0.0262495344506517,0.0,0.0,0.0067690875232774,0.0341880819366852,0.0022569832402234,0.1774227188081936,0.0
2015-03-28 09:00:00,0.3073921200750469,0.0571500938086304,0.0270900562851782,0.0,0.0,0.0067242026266416,0.012983114446529,0.0020018761726078,0.1047129455909943,0.0
2015-03-28 10:00:00,0.2916610486891385,0.0594569288389513,0.0165411985018726,0.0,0.0,0.0200355805243445,0.0125374531835205,0.00212734082397,0.100687265917603,0.0
2015-03-28 11:00:00,0.2021007462686567,0.0610783582089552,0.0286212686567164,0.0,0.0,0.0142555970149253,0.025535447761194,0.0021492537313432,0.0,0.0
2015-03-28 12:00:00,0.2223420560747663,0.0561401869158878,0.033029906542056,0.0,0.0037084112149532,0.0129383177570093,0.0275943925233644,0.0023962616822429,0.0,0.0
2015-03-28 13:00:00,0.8997373358348968,0.039249530956848,0.0361969981238273,0.0,0.4089774859287055,0.0071425891181988,0.0380206378986866,0.0020450281425891,0.1297729831144465,0.0
2015-03-28 14:00:00,0.2629720670391061,0.0393780260707635,0.0334506517690875,0.0,0.0138379888268156,0.0070986964618249,0.0150409683426443,0.0021322160148975,0.0677318435754189,0.0
2015-03-28 15:00:00,0.1738897196261682,0.0625570093457943,0.0141214953271028,0.0,0.0,0.0068953271028037,0.0088429906542056,0.0022317757009345,0.0,0.0
2015-03-28 16:00:00,1.0913382899628252,0.071271375464684,0.0270167286245353,0.0,0.0,0.0085130111524163,0.0086263940520446,0.0020762081784386,0.1101208178438661,0.0
2015-03-28 17:00:00,1.3663271028037385,0.0694971962616822,0.0340841121495327,0.0,0.0076560747663551,0.0207401869158878,0.0096747663551401,0.0020205607476635,0.1321476635514018,0.0
2015-03-28 18:00:00,2.40971320754717,0.0679981132075471,0.0416396226415094,0.0,0.0,0.0205490566037735,0.0116396226415094,0.0020528301886792,0.0,0.0
2015-03-28 19:00:00,1.6456660377358492,0.0478962264150943,0.0453377358490566,0.0,0.0,0.041854716981132,0.0248716981132075,0.1025037735849056,0.1302924528301886,0.0
2015-03-28 20:00:00,0.7516116322701689,0.0412551594746716,0.0255816135084427,0.0,0.0,0.0996697936210131,0.0611726078799249,0.0020018761726078,0.0548686679174484,0.0
2015-03-28 21:00:00,0.8930727611940298,0.0423414179104477,0.041820895522388,0.0,0.0,0.0734291044776119,0.103570895522388,0.002035447761194,0.0,0.0
2015-03-28 22:00:00,0.6846803738317757,0.0645626168224299,0.0485831775700934,0.0,0.0,0.0744317757009345,0.0530953271028037,0.0022672897196261,0.0,0.0
2015-03-28 23:00:00,0.2072378277153558,0.0642097378277153,0.0275692883895131,0.0,0.0,0.0039719101123595,0.0134044943820224,0.0021441947565543,0.0,0.0
2015-03-29 00:00:00,0.1691296992481203,0.0629417293233082,0.018266917293233,0.0,0.0,0.0039793233082706,0.0113477443609022,0.0021954887218045,0.0,0.0
2015-03-29 01:00:00,,,,,,,,,,
2015-03-29 02:00:00,0.1748327067669172,0.0617875939849624,0.0397462406015037,0.0,0.0,0.0039718045112781,0.0112180451127819,0.0022443609022556,0.0,0.0
2015-03-29 03:00:00,0.1806456400742115,0.0501985157699443,0.0384044526901669,0.0,0.0,0.0039814471243042,0.0143376623376623,0.0026382189239332,0.0,0.0
2015-03-29 04:00:00,0.1610578358208955,0.0365820895522388,0.0180335820895522,0.0,0.0,0.0039794776119402,0.0112164179104477,0.0027891791044776,0.0,0.0
2015-03-29 05:00:00,0.1635215759849906,0.0366529080675422,0.0186454033771106,0.0,0.0,0.0039849906191369,0.0087711069418386,0.0025347091932457,0.0,0.0
2015-03-29 06:00:00,0.3249814126394052,0.0601115241635687,0.0358382899628252,0.0,0.0,0.0039832713754646,0.0075260223048327,0.0020650557620817,0.1325817843866171,0.0
2015-03-29 07:00:00,0.3073970315398887,0.0594601113172541,0.0360241187384044,0.0,0.0,0.0039833024118738,0.0123747680890538,0.002025974025974,0.0886400742115027,0.0
2015-03-29 08:00:00,0.8824213483146067,0.0594925093632958,0.0201104868913857,0.0,0.0,0.0039775280898876,0.0071666666666666,0.0020131086142322,0.1047003745318352,0.0
2015-03-29 09:00:00,0.3175858208955224,0.060231343283582,0.0356343283582089,0.0,0.0,0.0079365671641791,0.0069514925373134,0.0021399253731343,0.0894626865671641,0.0
2015-03-29 10:00:00,1.336966355140187,0.0461121495327102,0.0274691588785046,0.0,0.0,0.0070822429906542,0.007833644859813,0.0021607476635514,0.0,0.0
2015-03-29 11:00:00,0.9386003752345216,0.0349399624765478,0.0243189493433395,0.0,7.5046904315197e-06,0.0039981238273921,0.011452157598499,0.0021575984990619,0.0,0.0
2015-03-29 12:00:00,1.1830542056074766,0.0451271028037383,0.0380411214953271,0.0,0.0,0.0039626168224299,0.0118616822429906,0.0021850467289719,0.0,0.0
2015-03-29 13:00:00,0.4004097744360902,0.0649812030075188,0.032296992481203,0.0,0.0,0.0039755639097744,0.0123947368421052,0.0022706766917293,0.0,0.0
2015-03-29 14:00:00,0.2880577281191806,0.065022346368715,0.0397318435754189,0.0,0.0,0.0041266294227188,0.0120186219739292,0.0020391061452513,0.0936945996275605,0.0
2015-03-29 15:00:00,0.1971943925233645,0.0627401869158878,0.0359158878504672,0.0,0.0,0.0107271028037383,0.0115626168224299,0.0021364485981308,0.0,0.0005981308411214
2015-03-29 16:00:00,0.1975384615384615,0.0504033771106941,0.0373489681050656,0.0,0.0,0.0174634146341463,0.0110018761726078,0.0020243902439024,0.0,0.0056979362101313
2015-03-29 17:00:00,0.4002255639097744,0.0339003759398496,0.0329830827067669,0.0,0.0185413533834586,0.0076691729323308,0.0135620300751879,0.0022462406015037,0.0398120300751879,0.0
2015-03-29 18:00:00,1.1716924528301886,0.0373358490566037,0.0321641509433962,0.0,0.0446150943396226,0.0040169811320754,0.0111,0.0022735849056603,0.1585735849056603,0.0
2015-03-29 19:00:00,1.364876893939394,0.0588787878787878,0.0220454545454545,0.0,0.0,0.0040681818181818,0.01375,0.0020757575757575,0.0,0.0
2015-03-29 20:00:00,0.6770075901328273,0.0582713472485768,0.0273149905123339,0.0,0.0,0.0039829222011385,0.0147343453510436,0.0020531309297912,0.0953320683111954,0.0
2015-03-29 21:00:00,0.4050583804143126,0.0567306967984934,0.0358173258003766,0.0,0.0,0.0039736346516007,0.0692090395480226,0.0020037664783427,0.0,0.0006930320150659
2015-03-29 22:00:00,0.4562756052141526,0.0554487895716946,0.0344804469273743,0.0,0.0,0.0101750465549348,0.0229795158286778,0.0020912476722532,0.1302774674115456,0.0
2015-03-29 23:00:00,0.1888457249070632,0.0375334572490706,0.0337620817843866,0.0,0.0,0.0039219330855018,0.0129609665427509,0.0024089219330855,0.0,0.0
2015-03-30 00:00:00,0.1740224719101123,0.0294737827715355,0.0333689138576779,0.0,0.0,0.0039194756554307,0.0109943820224719,0.0023895131086142,0.0,0.0
2015-03-30 01:00:00,0.1755334572490706,0.0445724907063197,0.0197397769516728,0.0,0.0,0.0039349442379182,0.0110873605947955,0.002131970260223,0.0,0.0
2015-03-30 02:00:00,0.1656307977736549,0.0543246753246753,0.016660482374768,0.0,0.0,0.0039350649350649,0.0107829313543599,0.002178107606679,0.0,0.0
2015-03-30 03:00:00,0.175214953271028,0.0541401869158878,0.0334747663551401,0.0,0.0,0.0039214953271028,0.0107738317757009,0.0022971962616822,0.0,0.0
2015-03-30 04:00:00,0.1803576779026217,0.0528576779026217,0.0337621722846442,0.0,0.0,0.0039269662921348,0.0177322097378277,0.0026516853932584,0.0,0.0
2015-03-30 05:00:00,0.1821096654275093,0.0517026022304832,0.0330446096654275,0.0,0.0,0.0039368029739776,0.0104907063197026,0.002492565055762,0.0,0.0
2015-03-30 06:00:00,0.1860411214953271,0.0334990654205607,0.0172392523364485,0.0,0.0,0.0039121495327102,0.0106710280373831,0.0020691588785046,0.0,0.0
2015-03-30 07:00:00,0.3665833333333333,0.0251148148148148,0.0255333333333333,0.0,0.0,0.0039,0.0096444444444444,0.0020592592592592,0.1431574074074074,0.0
2015-03-30 08:00:00,0.4140093808630394,0.0432701688555347,0.0273883677298311,0.0,0.0,0.0105328330206378,0.072030018761726,0.0020093808630393,0.1403039399624765,0.0
2015-03-30 09:00:00,0.2759474671669794,0.0503921200750469,0.0273883677298311,0.0,0.0,0.0217467166979362,0.0707692307692307,0.0020356472795497,0.0,0.0
2015-03-30 10:00:00,0.3343482309124767,0.0517374301675977,0.0313538175046554,0.0,0.0,0.0401005586592178,0.0131713221601489,0.0020986964618249,0.0990931098696461,0.0
2015-03-30 11:00:00,0.2976266416510318,0.0522307692307692,0.0315703564727955,0.0,0.0,0.0413470919324577,0.0156322701688555,0.0020562851782363,0.0,0.0
2015-03-30 12:00:00,0.3127686567164179,0.0543787313432835,0.0315970149253731,0.0,0.0,0.0419514925373134,0.0128880597014925,0.0020541044776119,0.0,0.0
2015-03-30 13:00:00,0.3649196261682242,0.042222429906542,0.0166785046728971,0.0,0.0038280373831775,0.0221214953271028,0.0110598130841121,0.0021700934579439,0.1255439252336448,0.0
2015-03-30 14:00:00,0.2221059479553903,0.0350148698884758,0.0165223048327137,0.0,0.0,0.0428996282527881,0.0110260223048327,0.0021449814126394,0.0,0.0
2015-03-30 15:00:00,0.5045298507462687,0.0410055970149253,0.0319981343283582,0.0,0.0,0.0426119402985074,0.0554328358208955,0.0021847014925373,0.1111940298507462,0.0
2015-03-30 16:00:00,1.4773929236499068,0.0578957169459962,0.0383538175046554,0.0,0.0,0.042901303538175,0.0127635009310986,0.0020912476722532,0.0,0.0167616387337057
2015-03-30 17:00:00,1.2969664804469274,0.0587635009310986,0.0336778398510242,0.0,0.0,0.0336424581005586,0.0111899441340782,0.0025698324022346,0.0,0.0297486033519553
2015-03-30 18:00:00,1.1259068901303535,0.0588305400372439,0.030292364990689,0.0,0.0,0.004072625698324,0.011169459962756,0.0021247672253258,0.0,0.0118361266294227
2015-03-30 19:00:00,0.425312030075188,0.0584285714285714,0.0387706766917293,0.0,0.0,0.0053890977443609,0.0164041353383458,0.0020413533834586,0.1402218045112782,0.0002142857142857
2015-03-30 20:00:00,0.3147056603773585,0.0468924528301886,0.0303924528301886,0.0,3.773584905660377e-05,0.0132622641509433,0.0117943396226415,0.0020528301886792,0.0,0.0
2015-03-30 21:00:00,0.3707271028037383,0.0343775700934579,0.0217289719626168,0.0,0.0,0.0132598130841121,0.0489775700934579,0.0024841121495327,0.0,0.0025626168224299
2015-03-30 22:00:00,0.4097831775700934,0.0391831775700934,0.0328953271028037,0.0,0.0,0.0131551401869158,0.057629906542056,0.0021084112149532,0.0891308411214953,0.0025102803738317
2015-03-30 23:00:00,0.2563761638733705,0.0620651769087523,0.0317765363128491,0.0,0.0,0.012266294227188,0.0117932960893854,0.0024562383612662,0.0,0.0
2015-03-31 00:00:00,0.2049831775700934,0.0629084112149532,0.0379009345794392,0.0,0.0,0.0039775700934579,0.012422429906542,0.003,0.0,0.0
2015-03-31 01:00:00,0.1990543071161048,0.0628932584269662,0.036316479400749,0.0,0.0,0.0039700374531835,0.010750936329588,0.0023108614232209,0.0,0.0
2015-03-31 02:00:00,0.1937172284644194,0.0611760299625468,0.0331741573033707,0.0,0.0,0.0039719101123595,0.0103595505617977,0.0020168539325842,0.0,0.0
2015-03-31 03:00:00,0.1612801484230055,0.0359703153988868,0.0156512059369202,0.0,0.0,0.0039740259740259,0.0156326530612244,0.0021743970315398,0.0,0.0
2015-03-31 04:00:00,0.2073217821782178,0.0651534653465346,0.0648514851485148,0.0,0.0,0.0039752475247524,0.0155247524752475,0.0022079207920792,0.0,0.0
2015-03-31 05:00:00,,,,,,,,,,
2015-03-31 06:00:00,,,,,,,,,,
2015-03-31 07:00:00,,,,,,,,,,
2015-03-31 08:00:00,,,,,,,,,,
2015-03-31 09:00:00,,,,,,,,,,
2015-03-31 10:00:00,,,,,,,,,,
2015-03-31 11:00:00,,,,,,,,,,
2015-03-31 12:00:00,,,,,,,,,,
2015-03-31 13:00:00,,,,,,,,,,
2015-03-31 14:00:00,,,,,,,,,,
2015-03-31 15:00:00,,,,,,,,,,
2015-03-31 16:00:00,,,,,,,,,,
2015-03-31 17:00:00,,,,,,,,,,
2015-03-31 18:00:00,,,,,,,,,,
2015-03-31 19:00:00,,,,,,,,,,
2015-03-31 20:00:00,,,,,,,,,,
2015-03-31 21:00:00,,,,,,,,,,
2015-03-31 22:00:00,,,,,,,,,,
2015-03-31 23:00:00,,,,,,,,,,
2015-04-01 00:00:00,,,,,,,,,,
2015-04-01 01:00:00,,,,,,,,,,
2015-04-01 02:00:00,,,,,,,,,,
2015-04-01 03:00:00,,,,,,,,,,
2015-04-01 04:00:00,,,,,,,,,,
2015-04-01 05:00:00,,,,,,,,,,
2015-04-01 06:00:00,,,,,,,,,,
2015-04-01 07:00:00,,,,,,,,,,
2015-04-01 08:00:00,,,,,,,,,,
2015-04-01 09:00:00,,,,,,,,,,
2015-04-01 10:00:00,,,,,,,,,,
2015-04-01 11:00:00,,,,,,,,,,
2015-04-01 12:00:00,,,,,,,,,,
2015-04-01 13:00:00,,,,,,,,,,
2015-04-01 14:00:00,,,,,,,,,,
2015-04-01 15:00:00,,,,,,,,,,
2015-04-01 16:00:00,3.139259259259259,0.0988703703703703,0.0025925925925925,1.1850864197530864,0.0083518518518518,0.0424567901234567,0.0109506172839506,0.002,0.0,0.0
2015-04-01 17:00:00,2.357915254237288,0.0362474576271186,0.0376677966101694,0.0,0.4359491525423729,0.0040881355932203,0.0110305084745762,0.0878542372881355,0.0801118644067796,0.0
2015-04-01 18:00:00,0.5507854785478549,0.0343927392739273,0.0324521452145214,0.0,0.0259636963696369,0.0524356435643564,0.013092409240924,0.0904191419141914,0.1103168316831683,0.0
2015-04-01 19:00:00,0.2975746753246753,0.0429383116883116,0.0338766233766233,0.0,0.0,0.1024935064935064,0.0177597402597402,0.0022240259740259,0.0,0.0
2015-04-01 20:00:00,0.3750590163934426,0.055,0.0364786885245901,0.0,3.278688524590164e-06,0.0667573770491803,0.0716983606557377,0.0020459016393442,0.0,0.0
2015-04-01 21:00:00,0.4936688311688311,0.0553668831168831,0.0324805194805194,0.0,0.0,0.0682597402597402,0.0724740259740259,0.0021363636363636,0.0704415584415584,0.0
2015-04-01 22:00:00,0.8814690553745929,0.0555895765472312,0.0293908794788273,0.0,0.447514657980456,0.0441237785016286,0.0202214983713355,0.0021628664495114,0.0339381107491856,0.0
2015-04-01 23:00:00,0.2051498371335504,0.0558175895765472,0.0217328990228013,0.0,0.0,0.0046905537459283,0.0122736156351791,0.0024527687296416,0.0,0.0
2015-04-02 00:00:00,0.1682768729641693,0.0551661237785016,0.0218631921824104,0.0,0.0,0.0039706840390879,0.0074983713355048,0.0023517915309446,0.0,0.0
2015-04-02 01:00:00,0.1541428571428571,0.0334285714285714,0.034590909090909,0.0,0.0,0.0039805194805194,0.0074740259740259,0.0021623376623376,0.0,0.0
2015-04-02 02:00:00,0.1516590909090909,0.0316396103896103,0.0372142857142857,0.0,0.0,0.0039675324675324,0.0064902597402597,0.0020551948051948,0.0,0.0
2015-04-02 03:00:00,0.1633921568627451,0.0464836601307189,0.0293823529411764,0.0,0.0,0.0039836601307189,0.0088856209150326,0.0021307189542483,0.0,0.0
2015-04-02 04:00:00,0.1652117263843648,0.0532671009771986,0.0091302931596091,0.0,0.0,0.0039771986970684,0.0114136807817589,0.0022540716612377,0.0,0.0
2015-04-02 05:00:00,0.1759805825242718,0.0515987055016181,0.0289223300970873,0.0,0.0004142394822006,0.0039708737864077,0.0097216828478964,0.0020453074433656,0.0,0.0
2015-04-02 06:00:00,0.2142096774193548,0.052074193548387,0.0301838709677419,0.0,0.0,0.0039677419354838,0.0079870967741935,0.002174193548387,0.0,0.0
2015-04-02 07:00:00,0.5061993464052288,0.0506928104575163,0.0338300653594771,0.0033464052287581,0.0,0.0039771241830065,0.0381699346405228,0.0020653594771241,0.2175849673202614,0.0
2015-04-02 08:00:00,0.3129223300970873,0.0469870550161812,0.0305113268608414,0.0,0.0,0.0139288025889967,0.0255501618122977,0.0020679611650485,0.0864304207119741,0.0
2015-04-02 09:00:00,0.2565695792880259,0.0319514563106796,0.0245436893203883,0.0,0.0,0.0317022653721682,0.0115501618122977,0.0038996763754045,0.0,0.0
2015-04-02 10:00:00,0.2844052287581699,0.030375816993464,0.019437908496732,0.0,0.0,0.0409607843137254,0.0186241830065359,0.0021111111111111,0.0,0.0
2015-04-02 11:00:00,0.45225,0.0480292207792207,0.0268474025974026,0.0,0.0,0.0357305194805194,0.0862922077922078,0.0021136363636363,0.1068506493506493,0.0
2015-04-02 12:00:00,0.4201465798045602,0.0546319218241042,0.0370260586319218,0.0,0.0,0.0300032573289902,0.0851400651465798,0.002172638436482,0.1046840390879478,0.0
2015-04-02 13:00:00,0.3125374592833876,0.0548729641693811,0.036628664495114,0.0,0.0,0.0044625407166123,0.0876384364820846,0.0020846905537459,0.0,0.0
2015-04-02 14:00:00,1.1097028753993612,0.055479233226837,0.0308338658146964,0.0001533546325878,0.0,0.0312811501597444,0.0402811501597444,0.0020670926517571,0.0951916932907348,0.0
2015-04-02 15:00:00,0.2301704918032786,0.0642163934426229,0.0172196721311475,0.0,0.0,0.0415016393442622,0.0144852459016393,0.002167213114754,0.0,0.0
2015-04-02 16:00:00,0.7669178885630498,0.0659560117302052,0.0187712609970674,0.0,0.3801231671554252,0.0417038123167155,0.0121319648093841,0.0020821114369501,0.0,0.0
2015-04-02 17:00:00,3.2711348314606745,0.0468895131086142,0.0353333333333333,0.0,0.0528314606741573,0.0349925093632958,0.0144157303370786,0.0102846441947565,0.0,0.0
2015-04-02 18:00:00,0.6569497206703911,0.0432849162011173,0.032804469273743,0.0,2.60707635009311e-05,0.0146350093109869,0.0118119180633147,0.0634785847299813,0.1740800744878957,0.0
2015-04-02 19:00:00,0.213410447761194,0.0395858208955223,0.0310410447761194,0.0,0.0,0.0060223880597014,0.0195652985074626,0.0020541044776119,0.0281548507462686,0.0
2015-04-02 20:00:00,0.3784906015037594,0.0552857142857142,0.0331090225563909,0.0,0.0001203007518796,0.0039981203007518,0.0725770676691729,0.0022988721804511,0.0729060150375939,0.0
2015-04-02 21:00:00,0.3712873134328358,0.058606343283582,0.0322947761194029,0.0,0.0,0.0039981343283582,0.0736529850746268,0.0022574626865671,0.0453264925373134,0.0004869402985074
2015-04-02 22:00:00,0.4716873822975518,0.0581619585687382,0.0342241054613936,0.0,0.0,0.0039981167608286,0.0731167608286252,0.002322033898305,0.103427495291902,0.0
2015-04-02 23:00:00,0.2415700934579439,0.0584018691588785,0.0335476635514018,0.0,0.0,0.0146448598130841,0.0160130841121495,0.0025121495327102,0.0,0.0
2015-04-03 00:00:00,0.1954793233082706,0.0581221804511278,0.0327744360902255,0.0,0.0657142857142857,0.0039680451127819,0.0158590225563909,0.0022763157894736,0.0,0.0
2015-04-03 01:00:00,0.1349664948453608,0.0131417525773195,0.0099278350515463,0.0,0.010721649484536,0.0039742268041237,0.0077963917525773,0.0020644329896907,0.0,0.0
2015-04-03 02:00:00,,,,,,,,,,
2015-04-03 03:00:00,,,,,,,,,,
2015-04-03 04:00:00,,,,,,,,,,
2015-04-03 05:00:00,,,,,,,,,,
2015-04-03 06:00:00,,,,,,,,,,
2015-04-03 07:00:00,,,,,,,,,,
2015-04-03 08:00:00,,,,,,,,,,
2015-04-03 09:00:00,,,,,,,,,,
2015-04-03 10:00:00,,,,,,,,,,
2015-04-03 11:00:00,,,,,,,,,,
2015-04-03 12:00:00,,,,,,,,,,
2015-04-03 13:00:00,,,,,,,,,,
2015-04-03 14:00:00,,,,,,,,,,
2015-04-03 15:00:00,,,,,,,,,,
2015-04-03 16:00:00,,,,,,,,,,
2015-04-03 17:00:00,,,,,,,,,,
2015-04-03 18:00:00,,,,,,,,,,
2015-04-03 19:00:00,,,,,,,,,,
2015-04-03 20:00:00,,,,,,,,,,
2015-04-03 21:00:00,,,,,,,,,,
2015-04-03 22:00:00,,,,,,,,,,
2015-04-03 23:00:00,,,,,,,,,,
2015-04-04 00:00:00,,,,,,,,,,
2015-04-04 01:00:00,,,,,,,,,,
2015-04-04 02:00:00,,,,,,,,,,
2015-04-04 03:00:00,,,,,,,,,,
2015-04-04 04:00:00,,,,,,,,,,
2015-04-04 05:00:00,,,,,,,,,,
2015-04-04 06:00:00,,,,,,,,,,
2015-04-04 07:00:00,,,,,,,,,,
2015-04-04 08:00:00,,,,,,,,,,
2015-04-04 09:00:00,,,,,,,,,,
2015-04-04 10:00:00,,,,,,,,,,
2015-04-04 11:00:00,,,,,,,,,,
2015-04-04 12:00:00,,,,,,,,,,
2015-04-04 13:00:00,,,,,,,,,,
2015-04-04 14:00:00,,,,,,,,,,
2015-04-04 15:00:00,,,,,,,,,,
2015-04-04 16:00:00,,,,,,,,,,
2015-04-04 17:00:00,,,,,,,,,,
2015-04-04 18:00:00,,,,,,,,,,
2015-04-04 19:00:00,,,,,,,,,,
2015-04-04 20:00:00,,,,,,,,,,
2015-04-04 21:00:00,,,,,,,,,,
2015-04-04 22:00:00,,,,,,,,,,
2015-04-04 23:00:00,,,,,,,,,,
2015-04-05 00:00:00,,,,,,,,,,
